pass,round,backend,scenario,metric,n,p50_ns,p99_ns,p999_ns,max_ns,allocations,allocated_bytes
time,0,absl_btree,rolling_4,price_query,20000,48,100,155,30468,0,0
time,0,absl_btree,rolling_4,near_range8,20000,68,148,218,33404,0,0
time,0,absl_btree,rolling_4,index_submit,20000,144,314,490,50357,0,0
time,0,absl_btree,rolling_4,index_ack,20000,136,353,742,47783,0,0
time,0,absl_btree,rolling_4,cross_page_submit_subset,314,144,232,328,430,0,0
time,0,absl_btree,outliers_4,price_query,20000,47,68,116,28539,0,0
time,0,absl_btree,outliers_4,near_range8,20000,66,110,301,41519,0,0
time,0,absl_btree,outliers_4,index_submit,20000,137,224,408,78782,0,0
time,0,absl_btree,outliers_4,index_ack,20000,128,245,483,41843,0,0
time,0,absl_btree,outliers_4,cross_page_submit_subset,314,137,233,288,5024,0,0
time,0,absl_btree,outliers_4,far_query,20000,51,68,123,31013,0,0
time,0,absl_btree,boundary_4,price_query,20000,47,79,153,32974,0,0
time,0,absl_btree,boundary_4,near_range8,20000,70,195,505,34740,0,0
time,0,absl_btree,boundary_4,index_submit,20000,145,266,395,36061,0,0
time,0,absl_btree,boundary_4,index_ack,20000,180,350,584,77499,0,0
time,0,absl_btree,boundary_4,cross_page_submit_subset,5000,140,237,350,4790,0,0
time,0,absl_btree,jump_4,price_query,20000,47,66,140,89392,0,0
time,0,absl_btree,jump_4,near_range8,20000,65,193,494,40433,0,0
time,0,absl_btree,jump_4,index_submit,20000,142,232,426,48490,0,0
time,0,absl_btree,jump_4,index_ack,20000,143,295,493,34796,0,0
time,0,absl_btree,jump_4,cross_page_submit_subset,3746,166,243,451,30253,0,0
time,0,absl_btree,jump_4,jump_submit_subset,2496,186,248,444,30253,0,0
time,0,absl_btree,rolling_32,price_query,20000,52,88,156,35746,0,0
time,0,absl_btree,rolling_32,near_range8,20000,102,203,543,44638,0,0
time,0,absl_btree,rolling_32,index_submit,20000,149,299,492,39685,0,0
time,0,absl_btree,rolling_32,index_ack,20000,125,305,769,53776,0,0
time,0,absl_btree,rolling_32,cross_page_submit_subset,305,151,264,349,352,0,0
time,0,absl_btree,outliers_32,price_query,20000,51,84,138,33731,0,0
time,0,absl_btree,outliers_32,near_range8,20000,101,216,550,45367,0,0
time,0,absl_btree,outliers_32,index_submit,20000,143,301,482,56922,0,0
time,0,absl_btree,outliers_32,index_ack,20000,123,297,500,36882,0,0
time,0,absl_btree,outliers_32,cross_page_submit_subset,305,142,266,302,303,0,0
time,0,absl_btree,outliers_32,far_query,20000,59,85,153,34334,0,0
time,0,absl_btree,boundary_32,price_query,20000,47,97,202,92796,0,0
time,0,absl_btree,boundary_32,near_range8,20000,85,255,566,37426,0,0
time,0,absl_btree,boundary_32,index_submit,20000,150,564,957,36200,0,0
time,0,absl_btree,boundary_32,index_ack,20000,193,612,1221,55933,0,0
time,0,absl_btree,boundary_32,cross_page_submit_subset,625,147,417,557,594,0,0
time,0,absl_btree,jump_32,price_query,20000,51,106,184,37238,0,0
time,0,absl_btree,jump_32,near_range8,20000,98,214,482,49083,0,0
time,0,absl_btree,jump_32,index_submit,20000,150,417,983,44809,0,0
time,0,absl_btree,jump_32,index_ack,20000,126,482,886,97063,0,0
time,0,absl_btree,jump_32,cross_page_submit_subset,2652,224,591,1526,30321,0,0
time,0,absl_btree,jump_32,jump_submit_subset,2496,227,602,1526,30321,0,0
time,0,absl_btree,rolling_128,price_query,20000,56,103,204,61240,0,0
time,0,absl_btree,rolling_128,near_range8,20000,95,207,510,35145,0,0
time,0,absl_btree,rolling_128,index_submit,20000,152,390,1142,41175,0,0
time,0,absl_btree,rolling_128,index_ack,20000,120,426,1171,45369,0,0
time,0,absl_btree,rolling_128,cross_page_submit_subset,312,149,369,484,674,0,0
time,0,absl_btree,outliers_128,price_query,20000,57,98,144,31124,0,0
time,0,absl_btree,outliers_128,near_range8,20000,103,190,394,32936,0,0
time,0,absl_btree,outliers_128,index_submit,20000,160,318,610,40092,0,0
time,0,absl_btree,outliers_128,index_ack,20000,124,281,976,92346,0,0
time,0,absl_btree,outliers_128,cross_page_submit_subset,312,159,289,374,510,0,0
time,0,absl_btree,outliers_128,far_query,20000,67,97,176,37583,0,0
time,0,absl_btree,boundary_128,price_query,20000,56,116,206,8871,0,0
time,0,absl_btree,boundary_128,near_range8,20000,98,235,565,31342,0,0
time,0,absl_btree,boundary_128,index_submit,20000,161,424,920,50481,0,0
time,0,absl_btree,boundary_128,index_ack,20000,220,544,1812,92415,0,0
time,0,absl_btree,boundary_128,cross_page_submit_subset,313,162,350,510,652,0,0
time,0,absl_btree,jump_128,price_query,20000,60,109,207,31101,0,0
time,0,absl_btree,jump_128,near_range8,20000,104,204,426,48641,0,0
time,0,absl_btree,jump_128,index_submit,20000,168,433,1025,38015,0,0
time,0,absl_btree,jump_128,index_ack,20000,127,508,897,28036,0,0
time,0,absl_btree,jump_128,cross_page_submit_subset,2704,269,700,1281,30474,0,0
time,0,absl_btree,jump_128,jump_submit_subset,2432,273,711,1281,30474,0,0
time,0,absl_btree,4096books_4near_2far,price_query,20000,268,952,1733,43864,0,0
time,0,absl_btree,new_book_growth,index_insert,20000,437,6071,34355,386621,0,0
time,0,absl_btree,new_book_growth,every64_subset,313,5822,43620,113605,144650,0,0
time,0,absl_btree,cancel_rehang_4near,index_cancel,20000,95,155,292,34779,0,0
time,0,absl_btree,cancel_rehang_4near,index_new,20000,184,344,626,35304,0,0
time,0,absl_btree,cancel_rehang_4near,index_accepted,20000,133,305,626,51169,0,0
time,0,absl_btree,cancel_rehang_4near,index_canceled,20000,197,308,601,85316,0,0
time,0,absl_btree,prototype_rolling_4_2far,price_query,20000,50,97,163,40542,0,0
time,0,absl_btree,prototype_rolling_4_2far,intent_to_command,20000,179,409,808,58403,0,0
time,0,absl_btree,prototype_rolling_4_2far,intent_queued,20000,52,200,490,18151,0,0
time,0,absl_btree,prototype_rolling_4_2far,replace_report,20000,276,588,5759,73052,0,0
time,0,absl_btree,prototype_rolling_4_2far,ready_to_command,20000,269,541,1509,56598,0,0
time,0,absl_btree,prototype_jump_4_2far,price_query,20000,50,71,147,30289,0,0
time,0,absl_btree,prototype_jump_4_2far,intent_to_command,20000,179,357,660,41246,0,0
time,0,absl_btree,prototype_jump_4_2far,intent_queued,20000,51,198,474,10908,0,0
time,0,absl_btree,prototype_jump_4_2far,replace_report,20000,274,512,2685,71325,0,0
time,0,absl_btree,prototype_jump_4_2far,ready_to_command,20000,268,466,1186,58429,0,0
time,0,absl_btree,prototype_rolling_32_2far,price_query,20000,57,106,195,28952,0,0
time,0,absl_btree,prototype_rolling_32_2far,intent_to_command,20000,181,393,683,30624,0,0
time,0,absl_btree,prototype_rolling_32_2far,intent_queued,20000,51,196,500,95440,0,0
time,0,absl_btree,prototype_rolling_32_2far,replace_report,20000,174,506,835,50943,0,0
time,0,absl_btree,prototype_rolling_32_2far,ready_to_command,20000,222,496,944,58856,0,0
time,0,absl_btree,prototype_jump_32_2far,price_query,20000,60,133,218,40431,0,0
time,0,absl_btree,prototype_jump_32_2far,intent_to_command,20000,183,435,716,30278,0,0
time,0,absl_btree,prototype_jump_32_2far,intent_queued,20000,52,195,516,30394,0,0
time,0,absl_btree,prototype_jump_32_2far,replace_report,20000,178,563,1026,93752,0,0
time,0,absl_btree,prototype_jump_32_2far,ready_to_command,20000,227,562,1236,115741,0,0
time,0,pool_pages,rolling_4,price_query,20000,49,97,216,32833,0,0
time,0,pool_pages,rolling_4,near_range8,20000,73,209,460,30515,0,0
time,0,pool_pages,rolling_4,index_submit,20000,141,339,760,52673,0,0
time,0,pool_pages,rolling_4,index_ack,20000,133,322,665,33279,0,0
time,0,pool_pages,rolling_4,cross_page_submit_subset,314,146,853,1109,52673,0,0
time,0,pool_pages,rolling_4,page_creation_subset,78,381,878,878,1109,0,0
time,0,pool_pages,outliers_4,price_query,20000,50,103,143,454,0,0
time,0,pool_pages,outliers_4,near_range8,20000,77,216,497,35144,0,0
time,0,pool_pages,outliers_4,index_submit,20000,145,347,813,44509,0,0
time,0,pool_pages,outliers_4,index_ack,20000,135,341,578,42969,0,0
time,0,pool_pages,outliers_4,cross_page_submit_subset,314,150,813,1100,1155,0,0
time,0,pool_pages,outliers_4,page_creation_subset,78,382,1100,1100,1155,0,0
time,0,pool_pages,outliers_4,far_query,20000,54,110,154,5645,0,0
time,0,pool_pages,boundary_4,price_query,20000,46,77,121,31570,0,0
time,0,pool_pages,boundary_4,near_range8,20000,79,223,563,64113,0,0
time,0,pool_pages,boundary_4,index_submit,20000,134,266,482,54225,0,0
time,0,pool_pages,boundary_4,index_ack,20000,154,326,530,65360,0,0
time,0,pool_pages,boundary_4,cross_page_submit_subset,5000,130,252,446,9032,0,0
time,0,pool_pages,jump_4,price_query,20000,49,143,193,30279,0,0
time,0,pool_pages,jump_4,near_range8,20000,73,225,484,41186,0,0
time,0,pool_pages,jump_4,index_submit,20000,140,480,794,34029,0,0
time,0,pool_pages,jump_4,index_ack,20000,139,527,745,44454,0,0
time,0,pool_pages,jump_4,cross_page_submit_subset,3746,166,696,997,1300,0,0
time,0,pool_pages,jump_4,page_creation_subset,1248,267,765,1125,1300,0,0
time,0,pool_pages,jump_4,jump_submit_subset,2496,227,730,1024,1300,0,0
time,0,pool_pages,rolling_32,price_query,20000,49,100,139,41757,0,0
time,0,pool_pages,rolling_32,near_range8,20000,96,243,424,36241,0,0
time,0,pool_pages,rolling_32,index_submit,20000,135,365,780,28917,0,0
time,0,pool_pages,rolling_32,index_ack,20000,124,359,836,69140,0,0
time,0,pool_pages,rolling_32,cross_page_submit_subset,305,142,802,867,1169,0,0
time,0,pool_pages,rolling_32,page_creation_subset,10,736,867,867,1169,0,0
time,0,pool_pages,outliers_32,price_query,20000,50,57,88,28458,0,0
time,0,pool_pages,outliers_32,near_range8,20000,96,151,316,34250,0,0
time,0,pool_pages,outliers_32,index_submit,20000,136,174,378,59883,0,0
time,0,pool_pages,outliers_32,index_ack,20000,125,173,342,51416,0,0
time,0,pool_pages,outliers_32,cross_page_submit_subset,305,143,583,1149,1967,0,0
time,0,pool_pages,outliers_32,page_creation_subset,10,560,1149,1149,1967,0,0
time,0,pool_pages,outliers_32,far_query,20000,54,60,101,27970,0,0
time,0,pool_pages,boundary_32,price_query,20000,50,64,96,9803,0,0
time,0,pool_pages,boundary_32,near_range8,20000,103,213,385,32443,0,0
time,0,pool_pages,boundary_32,index_submit,20000,136,244,465,32705,0,0
time,0,pool_pages,boundary_32,index_ack,20000,139,290,636,70713,0,0
time,0,pool_pages,boundary_32,cross_page_submit_subset,625,135,227,269,283,0,0
time,0,pool_pages,jump_32,price_query,20000,49,65,114,46321,0,0
time,0,pool_pages,jump_32,near_range8,20000,96,214,503,27751,0,0
time,0,pool_pages,jump_32,index_submit,20000,136,398,1233,33999,0,0
time,0,pool_pages,jump_32,index_ack,20000,125,442,768,64855,0,0
time,0,pool_pages,jump_32,cross_page_submit_subset,2652,166,563,1802,27448,0,0
time,0,pool_pages,jump_32,page_creation_subset,156,286,1694,1802,1824,0,0
time,0,pool_pages,jump_32,jump_submit_subset,2496,166,577,1802,27448,0,0
time,0,pool_pages,rolling_128,price_query,20000,50,123,168,29702,0,0
time,0,pool_pages,rolling_128,near_range8,20000,96,250,486,4780,0,0
time,0,pool_pages,rolling_128,index_submit,20000,137,329,649,46256,0,0
time,0,pool_pages,rolling_128,index_ack,20000,126,310,609,47190,0,0
time,0,pool_pages,rolling_128,cross_page_submit_subset,312,149,386,2823,3216,0,0
time,0,pool_pages,rolling_128,page_creation_subset,3,2823,2823,2823,3216,0,0
time,0,pool_pages,outliers_128,price_query,20000,50,66,140,72978,0,0
time,0,pool_pages,outliers_128,near_range8,20000,97,205,438,7803,0,0
time,0,pool_pages,outliers_128,index_submit,20000,137,303,680,36494,0,0
time,0,pool_pages,outliers_128,index_ack,20000,125,290,662,51951,0,0
time,0,pool_pages,outliers_128,cross_page_submit_subset,312,145,442,1435,3726,0,0
time,0,pool_pages,outliers_128,page_creation_subset,3,1435,1435,1435,3726,0,0
time,0,pool_pages,outliers_128,far_query,20000,55,63,157,32870,0,0
time,0,pool_pages,boundary_128,price_query,20000,50,63,109,56666,0,0
time,0,pool_pages,boundary_128,near_range8,20000,103,194,320,43713,0,0
time,0,pool_pages,boundary_128,index_submit,20000,136,271,674,34166,0,0
time,0,pool_pages,boundary_128,index_ack,20000,141,300,628,33252,0,0
time,0,pool_pages,boundary_128,cross_page_submit_subset,313,137,240,389,961,0,0
time,0,pool_pages,jump_128,price_query,20000,49,66,96,34659,0,0
time,0,pool_pages,jump_128,near_range8,20000,96,217,521,42154,0,0
time,0,pool_pages,jump_128,index_submit,20000,136,307,1103,44237,0,0
time,0,pool_pages,jump_128,index_ack,20000,126,322,724,31685,0,0
time,0,pool_pages,jump_128,cross_page_submit_subset,2704,168,660,1296,2479,0,0
time,0,pool_pages,jump_128,page_creation_subset,77,425,1296,1296,1371,0,0
time,0,pool_pages,jump_128,jump_submit_subset,2432,169,562,1296,2479,0,0
time,0,pool_pages,4096books_4near_2far,price_query,20000,621,1560,7430,46605,0,0
time,0,pool_pages,new_book_growth,index_insert,20000,658,19167,84543,873962,0,0
time,0,pool_pages,new_book_growth,page_block_growth_subset,313,19747,109409,162593,545402,0,0
time,0,pool_pages,new_book_growth,every64_subset,313,19747,109409,162593,545402,0,0
time,0,pool_pages,cancel_rehang_4near,index_cancel,20000,83,131,265,77592,0,0
time,0,pool_pages,cancel_rehang_4near,index_new,20000,193,438,880,37524,0,0
time,0,pool_pages,cancel_rehang_4near,index_accepted,20000,120,268,544,60727,0,0
time,0,pool_pages,cancel_rehang_4near,index_canceled,20000,149,264,1017,63950,0,0
time,0,pool_pages,prototype_rolling_4_2far,price_query,20000,58,103,169,619,0,0
time,0,pool_pages,prototype_rolling_4_2far,intent_to_command,20000,168,400,738,36284,0,0
time,0,pool_pages,prototype_rolling_4_2far,intent_queued,20000,50,209,551,93109,0,0
time,0,pool_pages,prototype_rolling_4_2far,replace_report,20000,203,463,1185,66944,0,0
time,0,pool_pages,prototype_rolling_4_2far,ready_to_command,20000,229,516,1235,82159,0,0
time,0,pool_pages,prototype_jump_4_2far,price_query,20000,59,131,276,84534,0,0
time,0,pool_pages,prototype_jump_4_2far,intent_to_command,20000,174,538,1112,745419,0,0
time,0,pool_pages,prototype_jump_4_2far,intent_queued,20000,51,216,514,42648,0,0
time,0,pool_pages,prototype_jump_4_2far,replace_report,20000,208,537,1160,54950,0,0
time,0,pool_pages,prototype_jump_4_2far,ready_to_command,20000,233,557,1226,58344,0,0
time,0,pool_pages,prototype_rolling_32_2far,price_query,20000,59,120,193,31452,0,0
time,0,pool_pages,prototype_rolling_32_2far,intent_to_command,20000,172,418,677,31542,0,0
time,0,pool_pages,prototype_rolling_32_2far,intent_queued,20000,51,200,497,43066,0,0
time,0,pool_pages,prototype_rolling_32_2far,replace_report,20000,169,408,945,34767,0,0
time,0,pool_pages,prototype_rolling_32_2far,ready_to_command,20000,209,490,974,40018,0,0
time,0,pool_pages,prototype_jump_32_2far,price_query,20000,59,138,332,34807,0,0
time,0,pool_pages,prototype_jump_32_2far,intent_to_command,20000,172,468,904,56929,0,0
time,0,pool_pages,prototype_jump_32_2far,intent_queued,20000,51,202,516,46809,0,0
time,0,pool_pages,prototype_jump_32_2far,replace_report,20000,171,467,826,64571,0,0
time,0,pool_pages,prototype_jump_32_2far,ready_to_command,20000,213,521,894,74077,0,0
time,0,sorted_deque,rolling_4,price_query,20000,48,63,98,34048,0,0
time,0,sorted_deque,rolling_4,near_range8,20000,54,74,119,8769,0,0
time,0,sorted_deque,rolling_4,index_submit,20000,137,204,447,42365,0,0
time,0,sorted_deque,rolling_4,index_ack,20000,122,173,334,55682,0,0
time,0,sorted_deque,rolling_4,cross_page_submit_subset,314,137,210,316,334,0,0
time,0,sorted_deque,outliers_4,price_query,20000,33,129,138,9195,0,0
time,0,sorted_deque,outliers_4,near_range8,20000,34,168,189,19598,0,0
time,0,sorted_deque,outliers_4,index_submit,20000,80,353,526,29998,0,0
time,0,sorted_deque,outliers_4,index_ack,20000,77,338,446,65311,0,0
time,0,sorted_deque,outliers_4,cross_page_submit_subset,314,79,353,448,485,0,0
time,0,sorted_deque,outliers_4,far_query,20000,32,128,140,3640,0,0
time,0,sorted_deque,boundary_4,price_query,20000,33,36,59,19731,0,0
time,0,sorted_deque,boundary_4,near_range8,20000,34,40,59,242,0,0
time,0,sorted_deque,boundary_4,index_submit,20000,75,166,280,545805,0,0
time,0,sorted_deque,boundary_4,index_ack,20000,93,121,283,30478,0,0
time,0,sorted_deque,boundary_4,cross_page_submit_subset,5000,73,220,536,17881,0,0
time,0,sorted_deque,jump_4,price_query,20000,33,52,74,25423,0,0
time,0,sorted_deque,jump_4,near_range8,20000,34,60,92,29620,0,0
time,0,sorted_deque,jump_4,index_submit,20000,82,189,329,28309,0,0
time,0,sorted_deque,jump_4,index_ack,20000,80,182,285,17960,0,0
time,0,sorted_deque,jump_4,cross_page_submit_subset,3746,98,209,294,19298,0,0
time,0,sorted_deque,jump_4,jump_submit_subset,2496,103,214,270,19298,0,0
time,0,sorted_deque,rolling_32,price_query,20000,34,61,88,24788,0,0
time,0,sorted_deque,rolling_32,near_range8,20000,43,78,133,46650,0,0
time,0,sorted_deque,rolling_32,index_submit,20000,74,185,424,18136,0,0
time,0,sorted_deque,rolling_32,index_ack,20000,61,156,273,28539,0,0
time,0,sorted_deque,rolling_32,cross_page_submit_subset,305,73,188,242,271,0,0
time,0,sorted_deque,outliers_32,price_query,20000,34,60,91,22925,0,0
time,0,sorted_deque,outliers_32,near_range8,20000,42,76,117,29966,0,0
time,0,sorted_deque,outliers_32,index_submit,20000,74,219,455,47828,0,0
time,0,sorted_deque,outliers_32,index_ack,20000,61,161,293,41872,0,0
time,0,sorted_deque,outliers_32,cross_page_submit_subset,305,75,158,200,215,0,0
time,0,sorted_deque,outliers_32,far_query,20000,33,55,154,21385,0,0
time,0,sorted_deque,boundary_32,price_query,20000,43,73,173,5337,0,0
time,0,sorted_deque,boundary_32,near_range8,20000,63,98,241,34907,0,0
time,0,sorted_deque,boundary_32,index_submit,20000,125,238,1011,38143,0,0
time,0,sorted_deque,boundary_32,index_ack,20000,122,262,1049,51439,0,0
time,0,sorted_deque,boundary_32,cross_page_submit_subset,625,127,201,398,1011,0,0
time,0,sorted_deque,jump_32,price_query,20000,54,90,161,7063,0,0
time,0,sorted_deque,jump_32,near_range8,20000,80,112,208,34912,0,0
time,0,sorted_deque,jump_32,index_submit,20000,152,326,487,72706,0,0
time,0,sorted_deque,jump_32,index_ack,20000,130,289,414,35452,0,0
time,0,sorted_deque,jump_32,cross_page_submit_subset,2652,209,435,577,29572,0,0
time,0,sorted_deque,jump_32,jump_submit_subset,2496,214,449,577,29572,0,0
time,0,sorted_deque,rolling_128,price_query,20000,59,100,132,30589,0,0
time,0,sorted_deque,rolling_128,near_range8,20000,83,96,153,58690,0,0
time,0,sorted_deque,rolling_128,index_submit,20000,160,211,318,29180,0,0
time,0,sorted_deque,rolling_128,index_ack,20000,130,186,300,62786,0,0
time,0,sorted_deque,rolling_128,cross_page_submit_subset,312,160,291,531,27275,0,0
time,0,sorted_deque,outliers_128,price_query,20000,55,95,161,33609,0,0
time,0,sorted_deque,outliers_128,near_range8,20000,77,95,220,39474,0,0
time,0,sorted_deque,outliers_128,index_submit,20000,151,284,545,36547,0,0
time,0,sorted_deque,outliers_128,index_ack,20000,122,244,362,31772,0,0
time,0,sorted_deque,outliers_128,cross_page_submit_subset,312,153,289,333,339,0,0
time,0,sorted_deque,outliers_128,far_query,20000,54,83,188,51346,0,0
time,0,sorted_deque,boundary_128,price_query,20000,60,116,198,32106,0,0
time,0,sorted_deque,boundary_128,near_range8,20000,83,148,254,56149,0,0
time,0,sorted_deque,boundary_128,index_submit,20000,162,346,661,39157,0,0
time,0,sorted_deque,boundary_128,index_ack,20000,159,366,594,50414,0,0
time,0,sorted_deque,boundary_128,cross_page_submit_subset,313,178,336,405,487,0,0
time,0,sorted_deque,jump_128,price_query,20000,57,104,161,30540,0,0
time,0,sorted_deque,jump_128,near_range8,20000,81,126,187,30052,0,0
time,0,sorted_deque,jump_128,index_submit,20000,153,505,756,30910,0,0
time,0,sorted_deque,jump_128,index_ack,20000,126,411,661,30326,0,0
time,0,sorted_deque,jump_128,cross_page_submit_subset,2704,209,667,1353,4106,0,0
time,0,sorted_deque,jump_128,jump_submit_subset,2432,216,679,1353,4106,0,0
time,0,sorted_deque,4096books_4near_2far,price_query,20000,333,1027,1767,53674,0,0
time,0,sorted_deque,new_book_growth,index_insert,20000,470,5532,31363,831212,0,0
time,0,sorted_deque,new_book_growth,every64_subset,313,5600,12201,43130,56309,0,0
time,0,sorted_deque,cancel_rehang_4near,index_cancel,20000,97,133,250,5313,0,0
time,0,sorted_deque,cancel_rehang_4near,index_new,20000,174,313,609,45613,0,0
time,0,sorted_deque,cancel_rehang_4near,index_accepted,20000,127,271,593,46301,0,0
time,0,sorted_deque,cancel_rehang_4near,index_canceled,20000,137,180,311,70675,0,0
time,0,sorted_deque,prototype_rolling_4_2far,price_query,20000,57,80,134,38732,0,0
time,0,sorted_deque,prototype_rolling_4_2far,intent_to_command,20000,181,331,623,50304,0,0
time,0,sorted_deque,prototype_rolling_4_2far,intent_queued,20000,52,158,388,75867,0,0
time,0,sorted_deque,prototype_rolling_4_2far,replace_report,20000,209,361,735,33884,0,0
time,0,sorted_deque,prototype_rolling_4_2far,ready_to_command,20000,271,433,776,38594,0,0
time,0,sorted_deque,prototype_jump_4_2far,price_query,20000,57,75,143,44080,0,0
time,0,sorted_deque,prototype_jump_4_2far,intent_to_command,20000,187,388,718,27882,0,0
time,0,sorted_deque,prototype_jump_4_2far,intent_queued,20000,52,207,489,35466,0,0
time,0,sorted_deque,prototype_jump_4_2far,replace_report,20000,218,425,1046,33487,0,0
time,0,sorted_deque,prototype_jump_4_2far,ready_to_command,20000,288,484,932,45181,0,0
time,0,sorted_deque,prototype_rolling_32_2far,price_query,20000,59,83,140,28633,0,0
time,0,sorted_deque,prototype_rolling_32_2far,intent_to_command,20000,189,369,752,36829,0,0
time,0,sorted_deque,prototype_rolling_32_2far,intent_queued,20000,53,214,537,39756,0,0
time,0,sorted_deque,prototype_rolling_32_2far,replace_report,20000,183,382,720,45698,0,0
time,0,sorted_deque,prototype_rolling_32_2far,ready_to_command,20000,228,454,1205,30823,0,0
time,0,sorted_deque,prototype_jump_32_2far,price_query,20000,60,100,144,33674,0,0
time,0,sorted_deque,prototype_jump_32_2far,intent_to_command,20000,192,405,730,44764,0,0
time,0,sorted_deque,prototype_jump_32_2far,intent_queued,20000,53,224,522,24448,0,0
time,0,sorted_deque,prototype_jump_32_2far,replace_report,20000,186,415,712,30363,0,0
time,0,sorted_deque,prototype_jump_32_2far,ready_to_command,20000,232,506,865,42424,0,0
time,0,sorted_deque_soa,rolling_4,price_query,20000,54,66,125,28652,0,0
time,0,sorted_deque_soa,rolling_4,near_range8,20000,60,75,140,42699,0,0
time,0,sorted_deque_soa,rolling_4,index_submit,20000,156,236,425,31103,0,0
time,0,sorted_deque_soa,rolling_4,index_ack,20000,142,193,253,41478,0,0
time,0,sorted_deque_soa,rolling_4,cross_page_submit_subset,314,157,237,243,5896,0,0
time,0,sorted_deque_soa,outliers_4,price_query,20000,56,71,127,32289,0,0
time,0,sorted_deque_soa,outliers_4,near_range8,20000,63,78,147,42323,0,0
time,0,sorted_deque_soa,outliers_4,index_submit,20000,161,277,413,45516,0,0
time,0,sorted_deque_soa,outliers_4,index_ack,20000,144,207,276,32765,0,0
time,0,sorted_deque_soa,outliers_4,cross_page_submit_subset,314,160,276,351,387,0,0
time,0,sorted_deque_soa,outliers_4,far_query,20000,55,152,433,6015,0,0
time,0,sorted_deque_soa,boundary_4,price_query,20000,54,66,133,29795,0,0
time,0,sorted_deque_soa,boundary_4,near_range8,20000,62,76,127,26638,0,0
time,0,sorted_deque_soa,boundary_4,index_submit,20000,155,209,310,42174,0,0
time,0,sorted_deque_soa,boundary_4,index_ack,20000,172,212,323,75724,0,0
time,0,sorted_deque_soa,boundary_4,cross_page_submit_subset,5000,152,180,245,27102,0,0
time,0,sorted_deque_soa,jump_4,price_query,20000,54,68,108,51659,0,0
time,0,sorted_deque_soa,jump_4,near_range8,20000,60,77,113,28031,0,0
time,0,sorted_deque_soa,jump_4,index_submit,20000,160,249,352,28048,0,0
time,0,sorted_deque_soa,jump_4,index_ack,20000,150,228,274,35588,0,0
time,0,sorted_deque_soa,jump_4,cross_page_submit_subset,3746,197,272,543,25984,0,0
time,0,sorted_deque_soa,jump_4,jump_submit_subset,2496,210,283,543,25984,0,0
time,0,sorted_deque_soa,rolling_32,price_query,20000,81,97,147,42268,0,0
time,0,sorted_deque_soa,rolling_32,near_range8,20000,107,126,182,25105,0,0
time,0,sorted_deque_soa,rolling_32,index_submit,20000,179,303,473,74713,0,0
time,0,sorted_deque_soa,rolling_32,index_ack,20000,127,214,260,186004,0,0
time,0,sorted_deque_soa,rolling_32,cross_page_submit_subset,305,179,289,394,1105,0,0
time,0,sorted_deque_soa,outliers_32,price_query,20000,83,100,160,5064,0,0
time,0,sorted_deque_soa,outliers_32,near_range8,20000,111,127,182,43708,0,0
time,0,sorted_deque_soa,outliers_32,index_submit,20000,184,377,532,27738,0,0
time,0,sorted_deque_soa,outliers_32,index_ack,20000,127,229,298,40604,0,0
time,0,sorted_deque_soa,outliers_32,cross_page_submit_subset,305,184,383,410,436,0,0
time,0,sorted_deque_soa,outliers_32,far_query,20000,82,109,322,26533,0,0
time,0,sorted_deque_soa,boundary_32,price_query,20000,81,96,122,30756,0,0
time,0,sorted_deque_soa,boundary_32,near_range8,20000,108,124,175,27610,0,0
time,0,sorted_deque_soa,boundary_32,index_submit,20000,178,299,359,39213,0,0
time,0,sorted_deque_soa,boundary_32,index_ack,20000,195,264,339,41108,0,0
time,0,sorted_deque_soa,boundary_32,cross_page_submit_subset,625,180,209,239,359,0,0
time,0,sorted_deque_soa,jump_32,price_query,20000,77,130,244,7020,0,0
time,0,sorted_deque_soa,jump_32,near_range8,20000,101,154,261,61862,0,0
time,0,sorted_deque_soa,jump_32,index_submit,20000,173,497,820,46177,0,0
time,0,sorted_deque_soa,jump_32,index_ack,20000,124,403,671,52772,0,0
time,0,sorted_deque_soa,jump_32,cross_page_submit_subset,2652,349,579,1200,32143,0,0
time,0,sorted_deque_soa,jump_32,jump_submit_subset,2496,355,583,1200,32143,0,0
time,0,sorted_deque_soa,rolling_128,price_query,20000,57,104,199,52121,0,0
time,0,sorted_deque_soa,rolling_128,near_range8,20000,76,130,224,32313,0,0
time,0,sorted_deque_soa,rolling_128,index_submit,20000,167,324,560,44641,0,0
time,0,sorted_deque_soa,rolling_128,index_ack,20000,124,239,338,45303,0,0
time,0,sorted_deque_soa,rolling_128,cross_page_submit_subset,312,168,303,372,32971,0,0
time,0,sorted_deque_soa,outliers_128,price_query,20000,55,103,150,894,0,0
time,0,sorted_deque_soa,outliers_128,near_range8,20000,78,119,208,50788,0,0
time,0,sorted_deque_soa,outliers_128,index_submit,20000,154,306,711,38676,0,0
time,0,sorted_deque_soa,outliers_128,index_ack,20000,124,257,492,54969,0,0
time,0,sorted_deque_soa,outliers_128,cross_page_submit_subset,312,154,276,390,452,0,0
time,0,sorted_deque_soa,outliers_128,far_query,20000,57,121,325,74315,0,0
time,0,sorted_deque_soa,boundary_128,price_query,20000,68,112,183,22570,0,0
time,0,sorted_deque_soa,boundary_128,near_range8,20000,79,97,182,50145,0,0
time,0,sorted_deque_soa,boundary_128,index_submit,20000,166,240,921,40561,0,0
time,0,sorted_deque_soa,boundary_128,index_ack,20000,168,280,423,40758,0,0
time,0,sorted_deque_soa,boundary_128,cross_page_submit_subset,313,176,238,462,477,0,0
time,0,sorted_deque_soa,jump_128,price_query,20000,62,131,228,31172,0,0
time,0,sorted_deque_soa,jump_128,near_range8,20000,79,160,250,28690,0,0
time,0,sorted_deque_soa,jump_128,index_submit,20000,173,650,1100,64336,0,0
time,0,sorted_deque_soa,jump_128,index_ack,20000,128,608,1039,76687,0,0
time,0,sorted_deque_soa,jump_128,cross_page_submit_subset,2704,212,858,2088,64336,0,0
time,0,sorted_deque_soa,jump_128,jump_submit_subset,2432,222,864,1819,5010,0,0
time,0,sorted_deque_soa,4096books_4near_2far,price_query,20000,406,1273,6446,80867,0,0
time,0,sorted_deque_soa,new_book_growth,index_insert,20000,512,5781,32797,1665796,0,0
time,0,sorted_deque_soa,new_book_growth,every64_subset,313,5840,12261,42651,81636,0,0
time,0,sorted_deque_soa,cancel_rehang_4near,index_cancel,20000,96,127,238,35188,0,0
time,0,sorted_deque_soa,cancel_rehang_4near,index_new,20000,177,324,562,72797,0,0
time,0,sorted_deque_soa,cancel_rehang_4near,index_accepted,20000,126,286,606,35416,0,0
time,0,sorted_deque_soa,cancel_rehang_4near,index_canceled,20000,136,186,368,47089,0,0
time,0,sorted_deque_soa,prototype_rolling_4_2far,price_query,20000,56,125,198,30743,0,0
time,0,sorted_deque_soa,prototype_rolling_4_2far,intent_to_command,20000,184,431,678,37121,0,0
time,0,sorted_deque_soa,prototype_rolling_4_2far,intent_queued,20000,51,199,472,30775,0,0
time,0,sorted_deque_soa,prototype_rolling_4_2far,replace_report,20000,218,466,807,53361,0,0
time,0,sorted_deque_soa,prototype_rolling_4_2far,ready_to_command,20000,290,543,1134,77845,0,0
time,0,sorted_deque_soa,prototype_jump_4_2far,price_query,20000,59,75,136,28711,0,0
time,0,sorted_deque_soa,prototype_jump_4_2far,intent_to_command,20000,193,377,791,35238,0,0
time,0,sorted_deque_soa,prototype_jump_4_2far,intent_queued,20000,53,213,534,28923,0,0
time,0,sorted_deque_soa,prototype_jump_4_2far,replace_report,20000,231,437,1226,72388,0,0
time,0,sorted_deque_soa,prototype_jump_4_2far,ready_to_command,20000,305,503,1438,56845,0,0
time,0,sorted_deque_soa,prototype_rolling_32_2far,price_query,20000,86,106,164,33343,0,0
time,0,sorted_deque_soa,prototype_rolling_32_2far,intent_to_command,20000,215,404,845,73300,0,0
time,0,sorted_deque_soa,prototype_rolling_32_2far,intent_queued,20000,53,204,522,28483,0,0
time,0,sorted_deque_soa,prototype_rolling_32_2far,replace_report,20000,186,404,770,54671,0,0
time,0,sorted_deque_soa,prototype_rolling_32_2far,ready_to_command,20000,252,481,4955,53904,0,0
time,0,sorted_deque_soa,prototype_jump_32_2far,price_query,20000,81,214,321,87339,0,0
time,0,sorted_deque_soa,prototype_jump_32_2far,intent_to_command,20000,203,495,836,32993,0,0
time,0,sorted_deque_soa,prototype_jump_32_2far,intent_queued,20000,51,195,466,40586,0,0
time,0,sorted_deque_soa,prototype_jump_32_2far,replace_report,20000,179,478,1159,55253,0,0
time,0,sorted_deque_soa,prototype_jump_32_2far,ready_to_command,20000,245,638,1282,72928,0,0
time,0,linear_prices,rolling_4,price_query,20000,44,68,118,654,0,0
time,0,linear_prices,rolling_4,near_range8,20000,90,163,278,59370,0,0
time,0,linear_prices,rolling_4,index_submit,20000,130,223,370,31118,0,0
time,0,linear_prices,rolling_4,index_ack,20000,131,229,495,56052,0,0
time,0,linear_prices,rolling_4,cross_page_submit_subset,314,130,177,313,323,0,0
time,0,linear_prices,outliers_4,price_query,20000,45,76,156,7774,0,0
time,0,linear_prices,outliers_4,near_range8,20000,100,182,389,33228,0,0
time,0,linear_prices,outliers_4,index_submit,20000,132,290,607,39375,0,0
time,0,linear_prices,outliers_4,index_ack,20000,138,280,624,53807,0,0
time,0,linear_prices,outliers_4,cross_page_submit_subset,314,133,495,586,604,0,0
time,0,linear_prices,outliers_4,far_query,20000,48,129,340,80015,0,0
time,0,linear_prices,boundary_4,price_query,20000,44,64,166,3909,0,0
time,0,linear_prices,boundary_4,near_range8,20000,108,155,310,54141,0,0
time,0,linear_prices,boundary_4,index_submit,20000,132,208,440,62584,0,0
time,0,linear_prices,boundary_4,index_ack,20000,156,223,445,35378,0,0
time,0,linear_prices,boundary_4,cross_page_submit_subset,5000,128,194,492,62584,0,0
time,0,linear_prices,jump_4,price_query,20000,45,61,118,42525,0,0
time,0,linear_prices,jump_4,near_range8,20000,93,152,332,33067,0,0
time,0,linear_prices,jump_4,index_submit,20000,133,181,379,30181,0,0
time,0,linear_prices,jump_4,index_ack,20000,141,202,362,49597,0,0
time,0,linear_prices,jump_4,cross_page_submit_subset,3746,146,190,356,24665,0,0
time,0,linear_prices,jump_4,jump_submit_subset,2496,151,195,356,24665,0,0
time,0,linear_prices,rolling_32,price_query,20000,57,92,207,36371,0,0
time,0,linear_prices,rolling_32,near_range8,20000,653,1022,6456,45529,0,0
time,0,linear_prices,rolling_32,index_submit,20000,147,240,500,40957,0,0
time,0,linear_prices,rolling_32,index_ack,20000,126,298,494,67418,0,0
time,0,linear_prices,rolling_32,cross_page_submit_subset,305,138,211,217,218,0,0
time,0,linear_prices,outliers_32,price_query,20000,57,93,188,26379,0,0
time,0,linear_prices,outliers_32,near_range8,20000,673,1181,6643,63136,0,0
time,0,linear_prices,outliers_32,index_submit,20000,151,269,570,45443,0,0
time,0,linear_prices,outliers_32,index_ack,20000,129,310,385,22353,0,0
time,0,linear_prices,outliers_32,cross_page_submit_subset,305,145,217,238,318,0,0
time,0,linear_prices,outliers_32,far_query,20000,81,107,224,33329,0,0
time,0,linear_prices,boundary_32,price_query,20000,53,89,245,31216,0,0
time,0,linear_prices,boundary_32,near_range8,20000,650,984,6320,56696,0,0
time,0,linear_prices,boundary_32,index_submit,20000,150,317,1176,67897,0,0
time,0,linear_prices,boundary_32,index_ack,20000,152,332,717,51608,0,0
time,0,linear_prices,boundary_32,cross_page_submit_subset,625,144,258,332,420,0,0
time,0,linear_prices,jump_32,price_query,20000,55,112,237,42375,0,0
time,0,linear_prices,jump_32,near_range8,20000,624,1346,6582,62288,0,0
time,0,linear_prices,jump_32,index_submit,20000,144,345,659,28509,0,0
time,0,linear_prices,jump_32,index_ack,20000,125,365,939,57352,0,0
time,0,linear_prices,jump_32,cross_page_submit_subset,2652,207,518,787,6590,0,0
time,0,linear_prices,jump_32,jump_submit_subset,2496,209,520,775,6590,0,0
time,0,linear_prices,rolling_128,price_query,20000,90,163,398,26571,0,0
time,0,linear_prices,rolling_128,near_range8,20000,2350,4163,36150,86121,0,0
time,0,linear_prices,rolling_128,index_submit,20000,183,403,1177,55746,0,0
time,0,linear_prices,rolling_128,index_ack,20000,126,384,835,41838,0,0
time,0,linear_prices,rolling_128,cross_page_submit_subset,312,164,423,510,611,0,0
time,0,linear_prices,outliers_128,price_query,20000,94,177,365,23723,0,0
time,0,linear_prices,outliers_128,near_range8,20000,2447,5598,37725,63615,0,0
time,0,linear_prices,outliers_128,index_submit,20000,187,386,1244,32870,0,0
time,0,linear_prices,outliers_128,index_ack,20000,129,311,950,38596,0,0
time,0,linear_prices,outliers_128,cross_page_submit_subset,312,169,371,595,6700,0,0
time,0,linear_prices,outliers_128,far_query,20000,194,299,1083,35697,0,0
time,0,linear_prices,boundary_128,price_query,20000,91,166,389,46155,0,0
time,0,linear_prices,boundary_128,near_range8,20000,2367,5189,35913,88163,0,0
time,0,linear_prices,boundary_128,index_submit,20000,182,405,1187,45491,0,0
time,0,linear_prices,boundary_128,index_ack,20000,171,443,770,40594,0,0
time,0,linear_prices,boundary_128,cross_page_submit_subset,313,163,377,587,1296,0,0
time,0,linear_prices,jump_128,price_query,20000,94,219,503,30933,0,0
time,0,linear_prices,jump_128,near_range8,20000,2255,5351,32999,106425,0,0
time,0,linear_prices,jump_128,index_submit,20000,179,491,1399,34764,0,0
time,0,linear_prices,jump_128,index_ack,20000,127,751,1497,63287,0,0
time,0,linear_prices,jump_128,cross_page_submit_subset,2704,390,952,5261,34764,0,0
time,0,linear_prices,jump_128,jump_submit_subset,2432,400,960,5261,34764,0,0
time,0,linear_prices,4096books_4near_2far,price_query,20000,310,973,1928,74900,0,0
time,0,linear_prices,new_book_growth,index_insert,20000,341,5075,8120,582131,0,0
time,0,linear_prices,new_book_growth,every64_subset,313,5185,11644,41870,50450,0,0
time,0,linear_prices,cancel_rehang_4near,index_cancel,20000,93,165,260,44186,0,0
time,0,linear_prices,cancel_rehang_4near,index_new,20000,143,281,427,49193,0,0
time,0,linear_prices,cancel_rehang_4near,index_accepted,20000,123,269,489,70725,0,0
time,0,linear_prices,cancel_rehang_4near,index_canceled,20000,130,225,336,25825,0,0
time,0,linear_prices,prototype_rolling_4_2far,price_query,20000,56,83,142,29461,0,0
time,0,linear_prices,prototype_rolling_4_2far,intent_to_command,20000,167,338,710,44211,0,0
time,0,linear_prices,prototype_rolling_4_2far,intent_queued,20000,51,179,419,24878,0,0
time,0,linear_prices,prototype_rolling_4_2far,replace_report,20000,204,382,1133,38400,0,0
time,0,linear_prices,prototype_rolling_4_2far,ready_to_command,20000,221,394,701,50757,0,0
time,0,linear_prices,prototype_jump_4_2far,price_query,20000,55,76,132,29432,0,0
time,0,linear_prices,prototype_jump_4_2far,intent_to_command,20000,168,328,654,40537,0,0
time,0,linear_prices,prototype_jump_4_2far,intent_queued,20000,51,173,426,27784,0,0
time,0,linear_prices,prototype_jump_4_2far,replace_report,20000,206,370,688,43281,0,0
time,0,linear_prices,prototype_jump_4_2far,ready_to_command,20000,222,380,759,39811,0,0
time,0,linear_prices,prototype_rolling_32_2far,price_query,20000,61,176,231,7150,0,0
time,0,linear_prices,prototype_rolling_32_2far,intent_to_command,20000,174,472,660,50158,0,0
time,0,linear_prices,prototype_rolling_32_2far,intent_queued,20000,51,180,482,53377,0,0
time,0,linear_prices,prototype_rolling_32_2far,replace_report,20000,172,498,923,74369,0,0
time,0,linear_prices,prototype_rolling_32_2far,ready_to_command,20000,217,582,1014,32467,0,0
time,0,linear_prices,prototype_jump_32_2far,price_query,20000,61,113,186,25780,0,0
time,0,linear_prices,prototype_jump_32_2far,intent_to_command,20000,177,374,718,44692,0,0
time,0,linear_prices,prototype_jump_32_2far,intent_queued,20000,52,193,480,6439,0,0
time,0,linear_prices,prototype_jump_32_2far,replace_report,20000,176,466,1108,67332,0,0
time,0,linear_prices,prototype_jump_32_2far,ready_to_command,20000,223,448,790,39760,0,0
time,0,adaptive,rolling_4,price_query,20000,52,87,185,38719,0,0
time,0,adaptive,rolling_4,near_range8,20000,70,202,445,30852,0,0
time,0,adaptive,rolling_4,index_submit,20000,147,346,839,58311,0,0
time,0,adaptive,rolling_4,index_ack,20000,140,231,473,45847,0,0
time,0,adaptive,rolling_4,cross_page_submit_subset,314,146,349,363,369,0,0
time,0,adaptive,outliers_4,price_query,20000,38,107,180,19225,0,0
time,0,adaptive,outliers_4,near_range8,20000,46,183,365,61925,0,0
time,0,adaptive,outliers_4,index_submit,20000,119,344,488,157270,0,0
time,0,adaptive,outliers_4,index_ack,20000,104,355,510,29418,0,0
time,0,adaptive,outliers_4,cross_page_submit_subset,314,116,340,444,470,0,0
time,0,adaptive,outliers_4,far_query,20000,39,112,211,35012,0,0
time,0,adaptive,boundary_4,price_query,20000,34,58,92,25563,0,0
time,0,adaptive,boundary_4,near_range8,20000,40,111,258,21140,0,0
time,0,adaptive,boundary_4,index_submit,20000,70,179,294,43253,0,0
time,0,adaptive,boundary_4,index_ack,20000,92,190,302,25329,0,0
time,0,adaptive,boundary_4,cross_page_submit_subset,5000,71,227,528,43253,0,0
time,0,adaptive,jump_4,price_query,20000,34,50,76,43128,0,0
time,0,adaptive,jump_4,near_range8,20000,38,116,328,42082,0,0
time,0,adaptive,jump_4,index_submit,20000,78,216,546,106042,0,0
time,0,adaptive,jump_4,index_ack,20000,76,181,307,61199,0,0
time,0,adaptive,jump_4,cross_page_submit_subset,3746,94,227,546,3983,0,0
time,0,adaptive,jump_4,jump_submit_subset,2496,97,196,353,1258,0,0
time,0,adaptive,rolling_32,price_query,20000,35,59,91,28647,0,0
time,0,adaptive,rolling_32,near_range8,20000,52,144,365,24162,0,0
time,0,adaptive,rolling_32,index_submit,20000,71,212,492,94215,0,0
time,0,adaptive,rolling_32,index_ack,20000,62,170,506,36556,0,0
time,0,adaptive,rolling_32,cross_page_submit_subset,305,72,162,225,94215,0,0
time,0,adaptive,outliers_32,price_query,20000,35,56,85,24252,0,0
time,0,adaptive,outliers_32,near_range8,20000,51,94,193,34630,0,0
time,0,adaptive,outliers_32,index_submit,20000,70,215,378,20753,0,0
time,0,adaptive,outliers_32,index_ack,20000,61,133,244,627,0,0
time,0,adaptive,outliers_32,cross_page_submit_subset,305,70,233,276,301,0,0
time,0,adaptive,outliers_32,far_query,20000,35,53,78,50816,0,0
time,0,adaptive,boundary_32,price_query,20000,35,60,90,24841,0,0
time,0,adaptive,boundary_32,near_range8,20000,51,122,206,29586,0,0
time,0,adaptive,boundary_32,index_submit,20000,71,180,317,25782,0,0
time,0,adaptive,boundary_32,index_ack,20000,96,178,296,221795,0,0
time,0,adaptive,boundary_32,cross_page_submit_subset,625,73,155,187,246,0,0
time,0,adaptive,jump_32,price_query,20000,36,72,117,23670,0,0
time,0,adaptive,jump_32,near_range8,20000,52,151,305,24863,0,0
time,0,adaptive,jump_32,index_submit,20000,74,219,364,21294,0,0
time,0,adaptive,jump_32,index_ack,20000,64,209,351,128696,0,0
time,0,adaptive,jump_32,cross_page_submit_subset,2652,110,280,1127,5570,0,0
time,0,adaptive,jump_32,jump_submit_subset,2496,113,284,1127,5570,0,0
time,0,adaptive,rolling_128,price_query,20000,40,96,190,45371,0,0
time,0,adaptive,rolling_128,near_range8,20000,56,195,343,19990,0,0
time,0,adaptive,rolling_128,index_submit,20000,96,304,650,252984,0,0
time,0,adaptive,rolling_128,index_ack,20000,70,268,412,36447,0,0
time,0,adaptive,rolling_128,cross_page_submit_subset,312,97,318,387,425,0,0
time,0,adaptive,outliers_128,price_query,20000,38,75,109,33116,0,0
time,0,adaptive,outliers_128,near_range8,20000,53,104,211,164415,0,0
time,0,adaptive,outliers_128,index_submit,20000,88,217,668,259890,0,0
time,0,adaptive,outliers_128,index_ack,20000,67,158,330,129408,0,0
time,0,adaptive,outliers_128,cross_page_submit_subset,312,89,180,219,222,0,0
time,0,adaptive,outliers_128,far_query,20000,37,60,89,919,0,0
time,0,adaptive,boundary_128,price_query,20000,44,75,107,555069,0,0
time,0,adaptive,boundary_128,near_range8,20000,53,121,293,34407,0,0
time,0,adaptive,boundary_128,index_submit,20000,94,230,515,30438,0,0
time,0,adaptive,boundary_128,index_ack,20000,108,220,542,23558,0,0
time,0,adaptive,boundary_128,cross_page_submit_subset,313,109,176,222,3445,0,0
time,0,adaptive,jump_128,price_query,20000,43,90,161,386335,0,0
time,0,adaptive,jump_128,near_range8,20000,58,198,674,38733,0,0
time,0,adaptive,jump_128,index_submit,20000,108,379,1073,62698,0,0
time,0,adaptive,jump_128,index_ack,20000,84,334,581,28381,0,0
time,0,adaptive,jump_128,cross_page_submit_subset,2704,168,522,5257,62698,0,0
time,0,adaptive,jump_128,jump_submit_subset,2432,185,546,5257,62698,0,0
time,0,adaptive,4096books_4near_2far,price_query,20000,256,961,1627,163435,0,0
time,0,adaptive,new_book_growth,index_insert,20000,347,5081,11101,542734,0,0
time,0,adaptive,new_book_growth,every64_subset,313,5192,11101,35887,46433,0,0
time,0,adaptive,cancel_rehang_4near,index_cancel,20000,75,165,297,26185,0,0
time,0,adaptive,cancel_rehang_4near,index_new,20000,147,294,566,49477,0,0
time,0,adaptive,cancel_rehang_4near,index_accepted,20000,106,274,971,40470,0,0
time,0,adaptive,cancel_rehang_4near,index_canceled,20000,102,232,312,44269,0,0
time,0,adaptive,prototype_rolling_4_2far,price_query,20000,38,66,115,50580,0,0
time,0,adaptive,prototype_rolling_4_2far,intent_to_command,20000,85,245,1058,46721,0,0
time,0,adaptive,prototype_rolling_4_2far,intent_queued,20000,32,163,261,75232,0,0
time,0,adaptive,prototype_rolling_4_2far,replace_report,20000,100,306,1058,1069415,0,0
time,0,adaptive,prototype_rolling_4_2far,ready_to_command,20000,140,366,1186,46200,0,0
time,0,adaptive,prototype_jump_4_2far,price_query,20000,44,111,173,55332,0,0
time,0,adaptive,prototype_jump_4_2far,intent_to_command,20000,138,362,801,138849,0,0
time,0,adaptive,prototype_jump_4_2far,intent_queued,20000,38,195,495,32759,0,0
time,0,adaptive,prototype_jump_4_2far,replace_report,20000,160,411,1090,48155,0,0
time,0,adaptive,prototype_jump_4_2far,ready_to_command,20000,215,574,1734,54085,0,0
time,0,adaptive,prototype_rolling_32_2far,price_query,20000,57,87,206,31278,0,0
time,0,adaptive,prototype_rolling_32_2far,intent_to_command,20000,170,337,1124,582569,0,0
time,0,adaptive,prototype_rolling_32_2far,intent_queued,20000,45,200,513,252675,0,0
time,0,adaptive,prototype_rolling_32_2far,replace_report,20000,165,368,998,907646,0,0
time,0,adaptive,prototype_rolling_32_2far,ready_to_command,20000,206,422,1160,58099,0,0
time,0,adaptive,prototype_jump_32_2far,price_query,20000,61,86,122,33252,0,0
time,0,adaptive,prototype_jump_32_2far,intent_to_command,20000,177,336,631,49382,0,0
time,0,adaptive,prototype_jump_32_2far,intent_queued,20000,48,203,522,29999,0,0
time,0,adaptive,prototype_jump_32_2far,replace_report,20000,175,369,970,104369,0,0
time,0,adaptive,prototype_jump_32_2far,ready_to_command,20000,216,424,888,54803,0,0
time,0,window128,rolling_4,price_query,20000,52,69,215,49756,0,0
time,0,window128,rolling_4,near_range8,20000,70,193,409,31870,0,0
time,0,window128,rolling_4,index_submit,20000,149,236,544,47908,0,0
time,0,window128,rolling_4,index_ack,20000,133,188,299,42162,0,0
time,0,window128,rolling_4,cross_page_submit_subset,314,147,230,240,382,0,0
time,0,window128,outliers_4,price_query,20000,54,70,217,44711,0,0
time,0,window128,outliers_4,near_range8,20000,74,188,412,44153,0,0
time,0,window128,outliers_4,index_submit,20000,154,264,418,32167,0,0
time,0,window128,outliers_4,index_ack,20000,134,200,983,47457,0,0
time,0,window128,outliers_4,cross_page_submit_subset,314,153,260,291,430,0,0
time,0,window128,outliers_4,far_query,20000,52,69,217,5058,0,0
time,0,window128,boundary_4,price_query,20000,52,69,211,26241,0,0
time,0,window128,boundary_4,near_range8,20000,74,196,417,29854,0,0
time,0,window128,boundary_4,index_submit,20000,149,217,416,49496,0,0
time,0,window128,boundary_4,index_ack,20000,164,213,308,48899,0,0
time,0,window128,boundary_4,cross_page_submit_subset,5000,147,176,305,29185,0,0
time,0,window128,jump_4,price_query,20000,53,154,415,8371,0,0
time,0,window128,jump_4,near_range8,20000,71,180,452,27797,0,0
time,0,window128,jump_4,index_submit,20000,153,242,428,30571,0,0
time,0,window128,jump_4,index_ack,20000,140,223,288,44759,0,0
time,0,window128,jump_4,cross_page_submit_subset,3746,199,271,657,30571,0,0
time,0,window128,jump_4,jump_submit_subset,2496,212,278,593,30571,0,0
time,0,window128,rolling_32,price_query,20000,42,57,132,48411,0,0
time,0,window128,rolling_32,near_range8,20000,116,214,476,47910,0,0
time,0,window128,rolling_32,index_submit,20000,131,173,371,5621,0,0
time,0,window128,rolling_32,index_ack,20000,116,171,254,118592,0,0
time,0,window128,rolling_32,cross_page_submit_subset,305,131,167,176,180,0,0
time,0,window128,outliers_32,price_query,20000,42,58,146,5821,0,0
time,0,window128,outliers_32,near_range8,20000,120,230,511,36499,0,0
time,0,window128,outliers_32,index_submit,20000,135,179,397,31146,0,0
time,0,window128,outliers_32,index_ack,20000,118,173,261,50525,0,0
time,0,window128,outliers_32,cross_page_submit_subset,305,135,188,200,213,0,0
time,0,window128,outliers_32,far_query,20000,50,65,208,30425,0,0
time,0,window128,boundary_32,price_query,20000,42,58,178,31418,0,0
time,0,window128,boundary_32,near_range8,20000,116,204,427,43920,0,0
time,0,window128,boundary_32,index_submit,20000,132,173,242,41497,0,0
time,0,window128,boundary_32,index_ack,20000,131,198,302,44039,0,0
time,0,window128,boundary_32,cross_page_submit_subset,625,135,175,265,31797,0,0
time,0,window128,jump_32,price_query,20000,44,97,286,42772,0,0
time,0,window128,jump_32,near_range8,20000,116,206,509,46584,0,0
time,0,window128,jump_32,index_submit,20000,135,248,2151,48428,0,0
time,0,window128,jump_32,index_ack,20000,119,239,306,33091,0,0
time,0,window128,jump_32,cross_page_submit_subset,2652,201,280,528,4791,0,0
time,0,window128,jump_32,jump_submit_subset,2496,203,281,528,4791,0,0
time,0,window128,rolling_128,price_query,20000,43,74,197,36688,0,0
time,0,window128,rolling_128,near_range8,20000,112,246,488,45813,0,0
time,0,window128,rolling_128,index_submit,20000,134,185,997,52702,0,0
time,0,window128,rolling_128,index_ack,20000,118,180,299,75701,0,0
time,0,window128,rolling_128,cross_page_submit_subset,312,134,200,287,5963,0,0
time,0,window128,outliers_128,price_query,20000,44,76,155,6924,0,0
time,0,window128,outliers_128,near_range8,20000,115,243,566,51331,0,0
time,0,window128,outliers_128,index_submit,20000,140,198,354,44459,0,0
time,0,window128,outliers_128,index_ack,20000,120,207,358,5908,0,0
time,0,window128,outliers_128,cross_page_submit_subset,312,141,190,234,319,0,0
time,0,window128,outliers_128,far_query,20000,55,72,143,66513,0,0
time,0,window128,boundary_128,price_query,20000,43,70,159,953,0,0
time,0,window128,boundary_128,near_range8,20000,118,232,473,32303,0,0
time,0,window128,boundary_128,index_submit,20000,134,217,5055,47936,0,0
time,0,window128,boundary_128,index_ack,20000,129,211,317,31332,0,0
time,0,window128,boundary_128,cross_page_submit_subset,313,135,180,224,257,0,0
time,0,window128,jump_128,price_query,20000,52,109,221,25662,0,0
time,0,window128,jump_128,near_range8,20000,112,241,559,71443,0,0
time,0,window128,jump_128,index_submit,20000,145,384,6314,47948,0,0
time,0,window128,jump_128,index_ack,20000,120,345,494,48534,0,0
time,0,window128,jump_128,cross_page_submit_subset,2704,225,460,2586,31008,0,0
time,0,window128,jump_128,jump_submit_subset,2432,234,465,2586,31008,0,0
time,0,window128,4096books_4near_2far,price_query,20000,350,1045,6142,52175,0,0
time,0,window128,new_book_growth,index_insert,20000,476,6162,30150,836022,0,0
time,0,window128,new_book_growth,every64_subset,313,6287,17592,54644,57192,0,0
time,0,window128,cancel_rehang_4near,index_cancel,20000,97,115,193,48643,0,0
time,0,window128,cancel_rehang_4near,index_new,20000,196,232,470,32023,0,0
time,0,window128,cancel_rehang_4near,index_accepted,20000,128,253,580,49454,0,0
time,0,window128,cancel_rehang_4near,index_canceled,20000,141,166,352,98617,0,0
time,0,window128,prototype_rolling_4_2far,price_query,20000,62,76,170,29528,0,0
time,0,window128,prototype_rolling_4_2far,intent_to_command,20000,181,332,619,44746,0,0
time,0,window128,prototype_rolling_4_2far,intent_queued,20000,48,198,493,88090,0,0
time,0,window128,prototype_rolling_4_2far,replace_report,20000,219,385,1142,113348,0,0
time,0,window128,prototype_rolling_4_2far,ready_to_command,20000,296,459,1283,51469,0,0
time,0,window128,prototype_jump_4_2far,price_query,20000,62,77,139,31368,0,0
time,0,window128,prototype_jump_4_2far,intent_to_command,20000,182,334,680,48410,0,0
time,0,window128,prototype_jump_4_2far,intent_queued,20000,48,199,512,31590,0,0
time,0,window128,prototype_jump_4_2far,replace_report,20000,220,400,945,49534,0,0
time,0,window128,prototype_jump_4_2far,ready_to_command,20000,296,451,867,45220,0,0
time,0,window128,prototype_rolling_32_2far,price_query,20000,49,66,116,44222,0,0
time,0,window128,prototype_rolling_32_2far,intent_to_command,20000,167,313,610,30130,0,0
time,0,window128,prototype_rolling_32_2far,intent_queued,20000,48,190,454,44498,0,0
time,0,window128,prototype_rolling_32_2far,replace_report,20000,171,339,619,5778,0,0
time,0,window128,prototype_rolling_32_2far,ready_to_command,20000,204,351,682,43499,0,0
time,0,window128,prototype_jump_32_2far,price_query,20000,49,66,95,32217,0,0
time,0,window128,prototype_jump_32_2far,intent_to_command,20000,168,322,706,29752,0,0
time,0,window128,prototype_jump_32_2far,intent_queued,20000,48,194,427,30005,0,0
time,0,window128,prototype_jump_32_2far,replace_report,20000,173,349,688,68277,0,0
time,0,window128,prototype_jump_32_2far,ready_to_command,20000,206,448,2432,44078,0,0
time,1,pool_pages,rolling_4,price_query,20000,47,59,171,5674,0,0
time,1,pool_pages,rolling_4,near_range8,20000,72,170,401,29182,0,0
time,1,pool_pages,rolling_4,index_submit,20000,141,196,471,104135,0,0
time,1,pool_pages,rolling_4,index_ack,20000,132,192,409,40761,0,0
time,1,pool_pages,rolling_4,cross_page_submit_subset,314,145,666,977,1219,0,0
time,1,pool_pages,rolling_4,page_creation_subset,78,299,855,855,1219,0,0
time,1,pool_pages,outliers_4,price_query,20000,49,62,131,29052,0,0
time,1,pool_pages,outliers_4,near_range8,20000,74,180,370,41242,0,0
time,1,pool_pages,outliers_4,index_submit,20000,144,206,611,59559,0,0
time,1,pool_pages,outliers_4,index_ack,20000,134,203,436,27878,0,0
time,1,pool_pages,outliers_4,cross_page_submit_subset,314,151,774,1251,5452,0,0
time,1,pool_pages,outliers_4,page_creation_subset,78,323,785,785,1251,0,0
time,1,pool_pages,outliers_4,far_query,20000,52,67,167,30275,0,0
time,1,pool_pages,boundary_4,price_query,20000,48,61,181,30432,0,0
time,1,pool_pages,boundary_4,near_range8,20000,81,185,351,31626,0,0
time,1,pool_pages,boundary_4,index_submit,20000,140,186,274,27585,0,0
time,1,pool_pages,boundary_4,index_ack,20000,170,264,445,42946,0,0
time,1,pool_pages,boundary_4,cross_page_submit_subset,5000,137,165,212,27003,0,0
time,1,pool_pages,jump_4,price_query,20000,49,88,329,28408,0,0
time,1,pool_pages,jump_4,near_range8,20000,74,180,446,34715,0,0
time,1,pool_pages,jump_4,index_submit,20000,147,293,500,42817,0,0
time,1,pool_pages,jump_4,index_ack,20000,140,298,463,65119,0,0
time,1,pool_pages,jump_4,cross_page_submit_subset,3746,173,349,890,42587,0,0
time,1,pool_pages,jump_4,page_creation_subset,1248,273,504,959,42587,0,0
time,1,pool_pages,jump_4,jump_submit_subset,2496,197,401,954,42587,0,0
time,1,pool_pages,rolling_32,price_query,20000,45,59,144,933,0,0
time,1,pool_pages,rolling_32,near_range8,20000,91,201,503,44647,0,0
time,1,pool_pages,rolling_32,index_submit,20000,132,195,520,31105,0,0
time,1,pool_pages,rolling_32,index_ack,20000,115,185,350,31243,0,0
time,1,pool_pages,rolling_32,cross_page_submit_subset,305,147,757,1274,1437,0,0
time,1,pool_pages,rolling_32,page_creation_subset,10,749,1274,1274,1437,0,0
time,1,pool_pages,outliers_32,price_query,20000,49,62,200,33527,0,0
time,1,pool_pages,outliers_32,near_range8,20000,97,173,427,30145,0,0
time,1,pool_pages,outliers_32,index_submit,20000,139,190,564,48237,0,0
time,1,pool_pages,outliers_32,index_ack,20000,120,187,442,65177,0,0
time,1,pool_pages,outliers_32,cross_page_submit_subset,305,151,733,1575,1621,0,0
time,1,pool_pages,outliers_32,page_creation_subset,10,694,1575,1575,1621,0,0
time,1,pool_pages,outliers_32,far_query,20000,52,64,200,56919,0,0
time,1,pool_pages,boundary_32,price_query,20000,48,60,144,31365,0,0
time,1,pool_pages,boundary_32,near_range8,20000,100,200,388,42808,0,0
time,1,pool_pages,boundary_32,index_submit,20000,136,181,256,51896,0,0
time,1,pool_pages,boundary_32,index_ack,20000,137,247,412,30030,0,0
time,1,pool_pages,boundary_32,cross_page_submit_subset,625,140,171,174,174,0,0
time,1,pool_pages,jump_32,price_query,20000,48,64,186,30406,0,0
time,1,pool_pages,jump_32,near_range8,20000,94,188,309,32662,0,0
time,1,pool_pages,jump_32,index_submit,20000,137,228,453,46873,0,0
time,1,pool_pages,jump_32,index_ack,20000,122,243,437,45269,0,0
time,1,pool_pages,jump_32,cross_page_submit_subset,2652,168,338,543,34100,0,0
time,1,pool_pages,jump_32,page_creation_subset,156,286,463,543,557,0,0
time,1,pool_pages,jump_32,jump_submit_subset,2496,168,338,543,34100,0,0
time,1,pool_pages,rolling_128,price_query,20000,49,65,191,31691,0,0
time,1,pool_pages,rolling_128,near_range8,20000,95,199,478,37660,0,0
time,1,pool_pages,rolling_128,index_submit,20000,137,215,449,69524,0,0
time,1,pool_pages,rolling_128,index_ack,20000,122,188,355,34173,0,0
time,1,pool_pages,rolling_128,cross_page_submit_subset,312,150,301,2701,2935,0,0
time,1,pool_pages,rolling_128,page_creation_subset,3,2701,2701,2701,2935,0,0
time,1,pool_pages,outliers_128,price_query,20000,49,63,125,32079,0,0
time,1,pool_pages,outliers_128,near_range8,20000,98,196,385,33382,0,0
time,1,pool_pages,outliers_128,index_submit,20000,140,188,333,44233,0,0
time,1,pool_pages,outliers_128,index_ack,20000,118,184,311,31487,0,0
time,1,pool_pages,outliers_128,cross_page_submit_subset,312,153,256,2725,2751,0,0
time,1,pool_pages,outliers_128,page_creation_subset,3,2725,2725,2725,2751,0,0
time,1,pool_pages,outliers_128,far_query,20000,52,65,100,30242,0,0
time,1,pool_pages,boundary_128,price_query,20000,49,62,104,43574,0,0
time,1,pool_pages,boundary_128,near_range8,20000,100,192,411,31836,0,0
time,1,pool_pages,boundary_128,index_submit,20000,137,174,393,44355,0,0
time,1,pool_pages,boundary_128,index_ack,20000,138,216,449,125313,0,0
time,1,pool_pages,boundary_128,cross_page_submit_subset,313,142,188,250,992,0,0
time,1,pool_pages,jump_128,price_query,20000,47,63,110,23560,0,0
time,1,pool_pages,jump_128,near_range8,20000,93,202,442,57370,0,0
time,1,pool_pages,jump_128,index_submit,20000,136,217,880,52289,0,0
time,1,pool_pages,jump_128,index_ack,20000,121,243,694,47684,0,0
time,1,pool_pages,jump_128,cross_page_submit_subset,2704,168,480,1359,32184,0,0
time,1,pool_pages,jump_128,page_creation_subset,77,390,1359,1359,2618,0,0
time,1,pool_pages,jump_128,jump_submit_subset,2432,170,468,1359,32184,0,0
time,1,pool_pages,4096books_4near_2far,price_query,20000,552,1490,9702,102596,0,0
time,1,pool_pages,new_book_growth,index_insert,20000,429,17114,61089,610432,0,0
time,1,pool_pages,new_book_growth,page_block_growth_subset,313,17378,108780,228600,256086,0,0
time,1,pool_pages,new_book_growth,every64_subset,313,17378,108780,228600,256086,0,0
time,1,pool_pages,cancel_rehang_4near,index_cancel,20000,49,139,307,655102,0,0
time,1,pool_pages,cancel_rehang_4near,index_new,20000,151,363,1098,53634,0,0
time,1,pool_pages,cancel_rehang_4near,index_accepted,20000,73,291,703,27988,0,0
time,1,pool_pages,cancel_rehang_4near,index_canceled,20000,102,264,637,55068,0,0
time,1,pool_pages,prototype_rolling_4_2far,price_query,20000,37,80,168,43161,0,0
time,1,pool_pages,prototype_rolling_4_2far,intent_to_command,20000,88,329,713,74654,0,0
time,1,pool_pages,prototype_rolling_4_2far,intent_queued,20000,32,172,404,58560,0,0
time,1,pool_pages,prototype_rolling_4_2far,replace_report,20000,103,408,1101,315355,0,0
time,1,pool_pages,prototype_rolling_4_2far,ready_to_command,20000,122,435,1164,157235,0,0
time,1,pool_pages,prototype_jump_4_2far,price_query,20000,36,71,109,5186,0,0
time,1,pool_pages,prototype_jump_4_2far,intent_to_command,20000,86,305,626,72132,0,0
time,1,pool_pages,prototype_jump_4_2far,intent_queued,20000,32,123,246,25052,0,0
time,1,pool_pages,prototype_jump_4_2far,replace_report,20000,102,352,966,59658,0,0
time,1,pool_pages,prototype_jump_4_2far,ready_to_command,20000,116,356,788,26898,0,0
time,1,pool_pages,prototype_rolling_32_2far,price_query,20000,36,69,114,28033,0,0
time,1,pool_pages,prototype_rolling_32_2far,intent_to_command,20000,86,295,620,25412,0,0
time,1,pool_pages,prototype_rolling_32_2far,intent_queued,20000,32,139,470,45239,0,0
time,1,pool_pages,prototype_rolling_32_2far,replace_report,20000,83,298,952,28212,0,0
time,1,pool_pages,prototype_rolling_32_2far,ready_to_command,20000,102,331,1033,42438,0,0
time,1,pool_pages,prototype_jump_32_2far,price_query,20000,36,68,118,22316,0,0
time,1,pool_pages,prototype_jump_32_2far,intent_to_command,20000,86,285,618,69594,0,0
time,1,pool_pages,prototype_jump_32_2far,intent_queued,20000,32,97,214,16170,0,0
time,1,pool_pages,prototype_jump_32_2far,replace_report,20000,83,289,959,174688,0,0
time,1,pool_pages,prototype_jump_32_2far,ready_to_command,20000,103,294,819,222465,0,0
time,1,sorted_deque,rolling_4,price_query,20000,34,57,91,25668,0,0
time,1,sorted_deque,rolling_4,near_range8,20000,35,63,98,37831,0,0
time,1,sorted_deque,rolling_4,index_submit,20000,94,209,460,86183,0,0
time,1,sorted_deque,rolling_4,index_ack,20000,81,184,366,27671,0,0
time,1,sorted_deque,rolling_4,cross_page_submit_subset,314,94,200,213,214,0,0
time,1,sorted_deque,outliers_4,price_query,20000,34,55,89,901,0,0
time,1,sorted_deque,outliers_4,near_range8,20000,35,64,132,20645,0,0
time,1,sorted_deque,outliers_4,index_submit,20000,85,280,558,18589,0,0
time,1,sorted_deque,outliers_4,index_ack,20000,79,224,543,92530,0,0
time,1,sorted_deque,outliers_4,cross_page_submit_subset,314,87,224,281,318,0,0
time,1,sorted_deque,outliers_4,far_query,20000,33,76,245,58124,0,0
time,1,sorted_deque,boundary_4,price_query,20000,34,64,131,8742,0,0
time,1,sorted_deque,boundary_4,near_range8,20000,36,78,210,2121306,0,0
time,1,sorted_deque,boundary_4,index_submit,20000,84,219,943,170105,0,0
time,1,sorted_deque,boundary_4,index_ack,20000,100,222,1003,56906,0,0
time,1,sorted_deque,boundary_4,cross_page_submit_subset,5000,82,240,640,38230,0,0
time,1,sorted_deque,jump_4,price_query,20000,33,52,77,892,0,0
time,1,sorted_deque,jump_4,near_range8,20000,34,59,102,22905,0,0
time,1,sorted_deque,jump_4,index_submit,20000,82,219,553,46008,0,0
time,1,sorted_deque,jump_4,index_ack,20000,79,189,311,18629,0,0
time,1,sorted_deque,jump_4,cross_page_submit_subset,3746,97,225,289,19263,0,0
time,1,sorted_deque,jump_4,jump_submit_subset,2496,100,224,288,19263,0,0
time,1,sorted_deque,rolling_32,price_query,20000,33,53,74,95666,0,0
time,1,sorted_deque,rolling_32,near_range8,20000,43,68,89,4003,0,0
time,1,sorted_deque,rolling_32,index_submit,20000,73,205,375,135944,0,0
time,1,sorted_deque,rolling_32,index_ack,20000,60,119,232,20349,0,0
time,1,sorted_deque,rolling_32,cross_page_submit_subset,305,73,140,263,400,0,0
time,1,sorted_deque,outliers_32,price_query,20000,34,64,100,57408,0,0
time,1,sorted_deque,outliers_32,near_range8,20000,42,76,144,97766,0,0
time,1,sorted_deque,outliers_32,index_submit,20000,73,222,490,103253,0,0
time,1,sorted_deque,outliers_32,index_ack,20000,60,185,457,159190,0,0
time,1,sorted_deque,outliers_32,cross_page_submit_subset,305,73,231,277,535,0,0
time,1,sorted_deque,outliers_32,far_query,20000,33,63,185,13096,0,0
time,1,sorted_deque,boundary_32,price_query,20000,34,60,114,245043,0,0
time,1,sorted_deque,boundary_32,near_range8,20000,42,76,178,24987,0,0
time,1,sorted_deque,boundary_32,index_submit,20000,74,193,426,106573,0,0
time,1,sorted_deque,boundary_32,index_ack,20000,96,191,572,38137,0,0
time,1,sorted_deque,boundary_32,cross_page_submit_subset,625,85,186,262,319,0,0
time,1,sorted_deque,jump_32,price_query,20000,34,49,70,19936,0,0
time,1,sorted_deque,jump_32,near_range8,20000,43,56,76,32886,0,0
time,1,sorted_deque,jump_32,index_submit,20000,73,150,262,45064,0,0
time,1,sorted_deque,jump_32,index_ack,20000,60,139,269,3888,0,0
time,1,sorted_deque,jump_32,cross_page_submit_subset,2652,102,231,323,3581,0,0
time,1,sorted_deque,jump_32,jump_submit_subset,2496,104,231,323,3581,0,0
time,1,sorted_deque,rolling_128,price_query,20000,36,66,87,4142,0,0
time,1,sorted_deque,rolling_128,near_range8,20000,45,67,103,36161,0,0
time,1,sorted_deque,rolling_128,index_submit,20000,82,142,268,3797,0,0
time,1,sorted_deque,rolling_128,index_ack,20000,66,112,215,29421,0,0
time,1,sorted_deque,rolling_128,cross_page_submit_subset,312,85,137,148,150,0,0
time,1,sorted_deque,outliers_128,price_query,20000,37,70,100,24445,0,0
time,1,sorted_deque,outliers_128,near_range8,20000,44,84,116,31588,0,0
time,1,sorted_deque,outliers_128,index_submit,20000,85,231,464,27683,0,0
time,1,sorted_deque,outliers_128,index_ack,20000,66,165,259,25187,0,0
time,1,sorted_deque,outliers_128,cross_page_submit_subset,312,86,223,258,1261,0,0
time,1,sorted_deque,outliers_128,far_query,20000,36,60,99,4176,0,0
time,1,sorted_deque,boundary_128,price_query,20000,43,70,98,29875,0,0
time,1,sorted_deque,boundary_128,near_range8,20000,44,80,103,965,0,0
time,1,sorted_deque,boundary_128,index_submit,20000,91,188,503,18557,0,0
time,1,sorted_deque,boundary_128,index_ack,20000,103,208,277,18009,0,0
time,1,sorted_deque,boundary_128,cross_page_submit_subset,313,102,175,207,216,0,0
time,1,sorted_deque,jump_128,price_query,20000,48,90,901,19440,0,0
time,1,sorted_deque,jump_128,near_range8,20000,64,110,940,69965,0,0
time,1,sorted_deque,jump_128,index_submit,20000,130,433,1122,33077,0,0
time,1,sorted_deque,jump_128,index_ack,20000,102,398,1035,74692,0,0
time,1,sorted_deque,jump_128,cross_page_submit_subset,2704,186,559,1306,26161,0,0
time,1,sorted_deque,jump_128,jump_submit_subset,2432,201,562,1306,26161,0,0
time,1,sorted_deque,4096books_4near_2far,price_query,20000,233,863,1402,40135,0,0
time,1,sorted_deque,new_book_growth,index_insert,20000,297,4507,19824,655651,0,0
time,1,sorted_deque,new_book_growth,every64_subset,313,4608,12949,40615,58369,0,0
time,1,sorted_deque,cancel_rehang_4near,index_cancel,20000,48,112,245,24018,0,0
time,1,sorted_deque,cancel_rehang_4near,index_new,20000,88,184,442,19044,0,0
time,1,sorted_deque,cancel_rehang_4near,index_accepted,20000,68,238,536,37977,0,0
time,1,sorted_deque,cancel_rehang_4near,index_canceled,20000,68,156,324,28114,0,0
time,1,sorted_deque,prototype_rolling_4_2far,price_query,20000,36,57,89,19444,0,0
time,1,sorted_deque,prototype_rolling_4_2far,intent_to_command,20000,90,259,614,168738,0,0
time,1,sorted_deque,prototype_rolling_4_2far,intent_queued,20000,32,110,184,20368,0,0
time,1,sorted_deque,prototype_rolling_4_2far,replace_report,20000,101,278,596,23992,0,0
time,1,sorted_deque,prototype_rolling_4_2far,ready_to_command,20000,135,341,716,42334,0,0
time,1,sorted_deque,prototype_jump_4_2far,price_query,20000,36,62,93,373,0,0
time,1,sorted_deque,prototype_jump_4_2far,intent_to_command,20000,91,255,521,48709,0,0
time,1,sorted_deque,prototype_jump_4_2far,intent_queued,20000,32,108,230,25672,0,0
time,1,sorted_deque,prototype_jump_4_2far,replace_report,20000,101,291,610,1331042,0,0
time,1,sorted_deque,prototype_jump_4_2far,ready_to_command,20000,133,362,806,41881,0,0
time,1,sorted_deque,prototype_rolling_32_2far,price_query,20000,36,71,129,932,0,0
time,1,sorted_deque,prototype_rolling_32_2far,intent_to_command,20000,92,257,560,39927,0,0
time,1,sorted_deque,prototype_rolling_32_2far,intent_queued,20000,32,128,230,82149,0,0
time,1,sorted_deque,prototype_rolling_32_2far,replace_report,20000,81,282,737,928257,0,0
time,1,sorted_deque,prototype_rolling_32_2far,ready_to_command,20000,105,321,808,27892,0,0
time,1,sorted_deque,prototype_jump_32_2far,price_query,20000,36,72,132,29023,0,0
time,1,sorted_deque,prototype_jump_32_2far,intent_to_command,20000,91,252,381,159164,0,0
time,1,sorted_deque,prototype_jump_32_2far,intent_queued,20000,32,89,226,94558,0,0
time,1,sorted_deque,prototype_jump_32_2far,replace_report,20000,81,271,530,293926,0,0
time,1,sorted_deque,prototype_jump_32_2far,ready_to_command,20000,109,324,576,23222,0,0
time,1,sorted_deque_soa,rolling_4,price_query,20000,36,53,81,17026,0,0
time,1,sorted_deque_soa,rolling_4,near_range8,20000,38,61,93,25164,0,0
time,1,sorted_deque_soa,rolling_4,index_submit,20000,85,226,615,63771,0,0
time,1,sorted_deque_soa,rolling_4,index_ack,20000,82,187,363,57419,0,0
time,1,sorted_deque_soa,rolling_4,cross_page_submit_subset,314,84,174,202,1008,0,0
time,1,sorted_deque_soa,outliers_4,price_query,20000,37,53,74,4434,0,0
time,1,sorted_deque_soa,outliers_4,near_range8,20000,38,60,81,40922,0,0
time,1,sorted_deque_soa,outliers_4,index_submit,20000,85,257,449,24544,0,0
time,1,sorted_deque_soa,outliers_4,index_ack,20000,80,177,284,22069,0,0
time,1,sorted_deque_soa,outliers_4,cross_page_submit_subset,314,86,161,198,251,0,0
time,1,sorted_deque_soa,outliers_4,far_query,20000,37,53,178,166219,0,0
time,1,sorted_deque_soa,boundary_4,price_query,20000,37,73,155,54278,0,0
time,1,sorted_deque_soa,boundary_4,near_range8,20000,40,84,262,55001,0,0
time,1,sorted_deque_soa,boundary_4,index_submit,20000,90,224,15969,172130,0,0
time,1,sorted_deque_soa,boundary_4,index_ack,20000,103,238,26695,394773,0,0
time,1,sorted_deque_soa,boundary_4,cross_page_submit_subset,5000,95,247,587,106006,0,0
time,1,sorted_deque_soa,jump_4,price_query,20000,36,51,70,931,0,0
time,1,sorted_deque_soa,jump_4,near_range8,20000,38,57,90,5347,0,0
time,1,sorted_deque_soa,jump_4,index_submit,20000,85,206,424,132732,0,0
time,1,sorted_deque_soa,jump_4,index_ack,20000,82,189,316,103207,0,0
time,1,sorted_deque_soa,jump_4,cross_page_submit_subset,3746,102,224,505,18874,0,0
time,1,sorted_deque_soa,jump_4,jump_submit_subset,2496,106,212,505,1086,0,0
time,1,sorted_deque_soa,rolling_32,price_query,20000,49,83,173,23700,0,0
time,1,sorted_deque_soa,rolling_32,near_range8,20000,56,111,222,48682,0,0
time,1,sorted_deque_soa,rolling_32,index_submit,20000,95,247,486,116499,0,0
time,1,sorted_deque_soa,rolling_32,index_ack,20000,63,212,297,38863,0,0
time,1,sorted_deque_soa,rolling_32,cross_page_submit_subset,305,96,269,329,560,0,0
time,1,sorted_deque_soa,outliers_32,price_query,20000,58,106,218,57075,0,0
time,1,sorted_deque_soa,outliers_32,near_range8,20000,75,141,294,41529,0,0
time,1,sorted_deque_soa,outliers_32,index_submit,20000,130,322,774,90953,0,0
time,1,sorted_deque_soa,outliers_32,index_ack,20000,91,204,480,219940,0,0
time,1,sorted_deque_soa,outliers_32,cross_page_submit_subset,305,133,282,661,682,0,0
time,1,sorted_deque_soa,outliers_32,far_query,20000,60,153,466,6686,0,0
time,1,sorted_deque_soa,boundary_32,price_query,20000,61,137,212,36737,0,0
time,1,sorted_deque_soa,boundary_32,near_range8,20000,79,169,954,79551,0,0
time,1,sorted_deque_soa,boundary_32,index_submit,20000,135,264,1017,54486,0,0
time,1,sorted_deque_soa,boundary_32,index_ack,20000,153,306,1076,35565,0,0
time,1,sorted_deque_soa,boundary_32,cross_page_submit_subset,625,139,244,1021,29599,0,0
time,1,sorted_deque_soa,jump_32,price_query,20000,65,133,201,50538,0,0
time,1,sorted_deque_soa,jump_32,near_range8,20000,83,162,242,36171,0,0
time,1,sorted_deque_soa,jump_32,index_submit,20000,142,431,1034,77192,0,0
time,1,sorted_deque_soa,jump_32,index_ack,20000,101,336,598,81088,0,0
time,1,sorted_deque_soa,jump_32,cross_page_submit_subset,2652,292,553,2054,77192,0,0
time,1,sorted_deque_soa,jump_32,jump_submit_subset,2496,296,561,2054,77192,0,0
time,1,sorted_deque_soa,rolling_128,price_query,20000,43,84,137,76374,0,0
time,1,sorted_deque_soa,rolling_128,near_range8,20000,47,88,151,67594,0,0
time,1,sorted_deque_soa,rolling_128,index_submit,20000,123,231,1011,29917,0,0
time,1,sorted_deque_soa,rolling_128,index_ack,20000,86,189,323,56151,0,0
time,1,sorted_deque_soa,rolling_128,cross_page_submit_subset,312,122,201,302,331,0,0
time,1,sorted_deque_soa,outliers_128,price_query,20000,35,68,93,21885,0,0
time,1,sorted_deque_soa,outliers_128,near_range8,20000,43,76,104,4550,0,0
time,1,sorted_deque_soa,outliers_128,index_submit,20000,82,227,615,40350,0,0
time,1,sorted_deque_soa,outliers_128,index_ack,20000,68,154,301,26838,0,0
time,1,sorted_deque_soa,outliers_128,cross_page_submit_subset,312,85,216,283,21320,0,0
time,1,sorted_deque_soa,outliers_128,far_query,20000,36,59,193,29225,0,0
time,1,sorted_deque_soa,boundary_128,price_query,20000,44,95,130,52744,0,0
time,1,sorted_deque_soa,boundary_128,near_range8,20000,40,82,129,36494,0,0
time,1,sorted_deque_soa,boundary_128,index_submit,20000,98,219,543,327494,0,0
time,1,sorted_deque_soa,boundary_128,index_ack,20000,102,248,409,30232,0,0
time,1,sorted_deque_soa,boundary_128,cross_page_submit_subset,313,108,218,241,244,0,0
time,1,sorted_deque_soa,jump_128,price_query,20000,43,84,196,26976,0,0
time,1,sorted_deque_soa,jump_128,near_range8,20000,40,94,262,28634,0,0
time,1,sorted_deque_soa,jump_128,index_submit,20000,106,366,1008,250706,0,0
time,1,sorted_deque_soa,jump_128,index_ack,20000,68,372,692,134837,0,0
time,1,sorted_deque_soa,jump_128,cross_page_submit_subset,2704,144,484,3202,250706,0,0
time,1,sorted_deque_soa,jump_128,jump_submit_subset,2432,164,488,3202,250706,0,0
time,1,sorted_deque_soa,4096books_4near_2far,price_query,20000,482,1324,6950,846682,0,0
time,1,sorted_deque_soa,new_book_growth,index_insert,20000,379,5007,31841,1446335,0,0
time,1,sorted_deque_soa,new_book_growth,every64_subset,313,5112,12689,36313,94891,0,0
time,1,sorted_deque_soa,cancel_rehang_4near,index_cancel,20000,80,131,264,34626,0,0
time,1,sorted_deque_soa,cancel_rehang_4near,index_new,20000,148,298,1066,58633,0,0
time,1,sorted_deque_soa,cancel_rehang_4near,index_accepted,20000,107,294,995,61776,0,0
time,1,sorted_deque_soa,cancel_rehang_4near,index_canceled,20000,112,175,966,7373,0,0
time,1,sorted_deque_soa,prototype_rolling_4_2far,price_query,20000,51,71,132,55704,0,0
time,1,sorted_deque_soa,prototype_rolling_4_2far,intent_to_command,20000,166,357,724,35378,0,0
time,1,sorted_deque_soa,prototype_rolling_4_2far,intent_queued,20000,47,211,525,101147,0,0
time,1,sorted_deque_soa,prototype_rolling_4_2far,replace_report,20000,200,417,947,53333,0,0
time,1,sorted_deque_soa,prototype_rolling_4_2far,ready_to_command,20000,263,470,1190,35780,0,0
time,1,sorted_deque_soa,prototype_jump_4_2far,price_query,20000,46,71,129,32364,0,0
time,1,sorted_deque_soa,prototype_jump_4_2far,intent_to_command,20000,147,365,669,118869,0,0
time,1,sorted_deque_soa,prototype_jump_4_2far,intent_queued,20000,41,206,487,4698,0,0
time,1,sorted_deque_soa,prototype_jump_4_2far,replace_report,20000,175,407,1105,56756,0,0
time,1,sorted_deque_soa,prototype_jump_4_2far,ready_to_command,20000,225,467,1345,66070,0,0
time,1,sorted_deque_soa,prototype_rolling_32_2far,price_query,20000,49,74,158,27783,0,0
time,1,sorted_deque_soa,prototype_rolling_32_2far,intent_to_command,20000,104,243,473,27222,0,0
time,1,sorted_deque_soa,prototype_rolling_32_2far,intent_queued,20000,32,47,107,34318,0,0
time,1,sorted_deque_soa,prototype_rolling_32_2far,replace_report,20000,81,234,434,157289,0,0
time,1,sorted_deque_soa,prototype_rolling_32_2far,ready_to_command,20000,118,297,635,30780,0,0
time,1,sorted_deque_soa,prototype_jump_32_2far,price_query,20000,49,83,134,3731,0,0
time,1,sorted_deque_soa,prototype_jump_32_2far,intent_to_command,20000,105,249,474,38932,0,0
time,1,sorted_deque_soa,prototype_jump_32_2far,intent_queued,20000,32,52,176,38552,0,0
time,1,sorted_deque_soa,prototype_jump_32_2far,replace_report,20000,81,251,480,57336,0,0
time,1,sorted_deque_soa,prototype_jump_32_2far,ready_to_command,20000,117,368,663,79973,0,0
time,1,linear_prices,rolling_4,price_query,20000,27,44,70,41764,0,0
time,1,linear_prices,rolling_4,near_range8,20000,45,97,174,25485,0,0
time,1,linear_prices,rolling_4,index_submit,20000,63,175,345,5897,0,0
time,1,linear_prices,rolling_4,index_ack,20000,74,169,318,44065,0,0
time,1,linear_prices,rolling_4,cross_page_submit_subset,314,62,127,130,146,0,0
time,1,linear_prices,outliers_4,price_query,20000,28,45,69,6848,0,0
time,1,linear_prices,outliers_4,near_range8,20000,52,110,262,4170,0,0
time,1,linear_prices,outliers_4,index_submit,20000,62,190,357,67774,0,0
time,1,linear_prices,outliers_4,index_ack,20000,72,160,316,28939,0,0
time,1,linear_prices,outliers_4,cross_page_submit_subset,314,62,116,129,130,0,0
time,1,linear_prices,outliers_4,far_query,20000,28,49,127,4785,0,0
time,1,linear_prices,boundary_4,price_query,20000,28,45,81,41900,0,0
time,1,linear_prices,boundary_4,near_range8,20000,53,110,228,53464,0,0
time,1,linear_prices,boundary_4,index_submit,20000,63,151,369,89857,0,0
time,1,linear_prices,boundary_4,index_ack,20000,83,158,252,22584,0,0
time,1,linear_prices,boundary_4,cross_page_submit_subset,5000,62,206,523,4679,0,0
time,1,linear_prices,jump_4,price_query,20000,28,46,77,36198,0,0
time,1,linear_prices,jump_4,near_range8,20000,48,113,255,5685,0,0
time,1,linear_prices,jump_4,index_submit,20000,64,159,319,735446,0,0
time,1,linear_prices,jump_4,index_ack,20000,76,162,277,24197,0,0
time,1,linear_prices,jump_4,cross_page_submit_subset,3746,70,159,240,1441,0,0
time,1,linear_prices,jump_4,jump_submit_subset,2496,72,149,181,343,0,0
time,1,linear_prices,rolling_32,price_query,20000,38,72,106,19325,0,0
time,1,linear_prices,rolling_32,near_range8,20000,300,668,1563,121794,0,0
time,1,linear_prices,rolling_32,index_submit,20000,82,228,471,37490,0,0
time,1,linear_prices,rolling_32,index_ack,20000,61,226,350,22572,0,0
time,1,linear_prices,rolling_32,cross_page_submit_subset,305,75,194,252,552,0,0
time,1,linear_prices,outliers_32,price_query,20000,36,67,99,24981,0,0
time,1,linear_prices,outliers_32,near_range8,20000,308,644,1572,38153,0,0
time,1,linear_prices,outliers_32,index_submit,20000,83,220,660,65870,0,0
time,1,linear_prices,outliers_32,index_ack,20000,62,216,528,212953,0,0
time,1,linear_prices,outliers_32,cross_page_submit_subset,305,78,155,190,193,0,0
time,1,linear_prices,outliers_32,far_query,20000,41,77,120,19846,0,0
time,1,linear_prices,boundary_32,price_query,20000,34,70,111,4486,0,0
time,1,linear_prices,boundary_32,near_range8,20000,326,665,6748,480780,0,0
time,1,linear_prices,boundary_32,index_submit,20000,81,224,475,37947,0,0
time,1,linear_prices,boundary_32,index_ack,20000,94,242,445,58342,0,0
time,1,linear_prices,boundary_32,cross_page_submit_subset,625,71,156,182,187,0,0
time,1,linear_prices,jump_32,price_query,20000,45,85,214,5970,0,0
time,1,linear_prices,jump_32,near_range8,20000,430,818,5716,68314,0,0
time,1,linear_prices,jump_32,index_submit,20000,112,223,508,39326,0,0
time,1,linear_prices,jump_32,index_ack,20000,96,302,421,36436,0,0
time,1,linear_prices,jump_32,cross_page_submit_subset,2652,161,291,1128,39326,0,0
time,1,linear_prices,jump_32,jump_submit_subset,2496,164,302,1128,39326,0,0
time,1,linear_prices,rolling_128,price_query,20000,65,132,192,28915,0,0
time,1,linear_prices,rolling_128,near_range8,20000,1339,2430,33681,150122,0,0
time,1,linear_prices,rolling_128,index_submit,20000,118,266,644,29155,0,0
time,1,linear_prices,rolling_128,index_ack,20000,82,253,583,25175,0,0
time,1,linear_prices,rolling_128,cross_page_submit_subset,312,107,261,325,5772,0,0
time,1,linear_prices,outliers_128,price_query,20000,70,156,470,42519,0,0
time,1,linear_prices,outliers_128,near_range8,20000,1534,2843,47485,534509,0,0
time,1,linear_prices,outliers_128,index_submit,20000,142,385,995,504172,0,0
time,1,linear_prices,outliers_128,index_ack,20000,93,356,946,39976,0,0
time,1,linear_prices,outliers_128,cross_page_submit_subset,312,128,374,391,418,0,0
time,1,linear_prices,outliers_128,far_query,20000,113,254,848,25975,0,0
time,1,linear_prices,boundary_128,price_query,20000,62,135,259,85811,0,0
time,1,linear_prices,boundary_128,near_range8,20000,1237,2814,32422,380106,0,0
time,1,linear_prices,boundary_128,index_submit,20000,106,309,883,157876,0,0
time,1,linear_prices,boundary_128,index_ack,20000,119,364,958,59447,0,0
time,1,linear_prices,boundary_128,cross_page_submit_subset,313,94,309,620,1470,0,0
time,1,linear_prices,jump_128,price_query,20000,77,199,268,38451,0,0
time,1,linear_prices,jump_128,near_range8,20000,1719,2979,39251,137381,0,0
time,1,linear_prices,jump_128,index_submit,20000,155,459,879,34810,0,0
time,1,linear_prices,jump_128,index_ack,20000,105,697,1017,34384,0,0
time,1,linear_prices,jump_128,cross_page_submit_subset,2704,351,567,1335,34810,0,0
time,1,linear_prices,jump_128,jump_submit_subset,2432,361,585,1335,34810,0,0
time,1,linear_prices,4096books_4near_2far,price_query,20000,247,880,1414,60842,0,0
time,1,linear_prices,new_book_growth,index_insert,20000,226,4141,6820,329934,0,0
time,1,linear_prices,new_book_growth,every64_subset,313,4387,7492,40513,46016,0,0
time,1,linear_prices,cancel_rehang_4near,index_cancel,20000,50,129,227,998,0,0
time,1,linear_prices,cancel_rehang_4near,index_new,20000,86,180,538,28741,0,0
time,1,linear_prices,cancel_rehang_4near,index_accepted,20000,76,248,491,31821,0,0
time,1,linear_prices,cancel_rehang_4near,index_canceled,20000,72,175,305,4272,0,0
time,1,linear_prices,prototype_rolling_4_2far,price_query,20000,39,61,95,29885,0,0
time,1,linear_prices,prototype_rolling_4_2far,intent_to_command,20000,80,240,558,58992,0,0
time,1,linear_prices,prototype_rolling_4_2far,intent_queued,20000,32,104,213,21644,0,0
time,1,linear_prices,prototype_rolling_4_2far,replace_report,20000,99,281,582,30539,0,0
time,1,linear_prices,prototype_rolling_4_2far,ready_to_command,20000,103,290,1120,71175,0,0
time,1,linear_prices,prototype_jump_4_2far,price_query,20000,38,59,101,50051,0,0
time,1,linear_prices,prototype_jump_4_2far,intent_to_command,20000,79,222,564,46313,0,0
time,1,linear_prices,prototype_jump_4_2far,intent_queued,20000,32,66,207,26304,0,0
time,1,linear_prices,prototype_jump_4_2far,replace_report,20000,99,260,577,15292,0,0
time,1,linear_prices,prototype_jump_4_2far,ready_to_command,20000,102,265,530,31267,0,0
time,1,linear_prices,prototype_rolling_32_2far,price_query,20000,41,62,78,4019,0,0
time,1,linear_prices,prototype_rolling_32_2far,intent_to_command,20000,86,200,320,23278,0,0
time,1,linear_prices,prototype_rolling_32_2far,intent_queued,20000,32,48,171,27266,0,0
time,1,linear_prices,prototype_rolling_32_2far,replace_report,20000,79,233,345,25713,0,0
time,1,linear_prices,prototype_rolling_32_2far,ready_to_command,20000,112,233,376,44637,0,0
time,1,linear_prices,prototype_jump_32_2far,price_query,20000,47,87,159,34077,0,0
time,1,linear_prices,prototype_jump_32_2far,intent_to_command,20000,109,303,620,48598,0,0
time,1,linear_prices,prototype_jump_32_2far,intent_queued,20000,33,181,461,33500,0,0
time,1,linear_prices,prototype_jump_32_2far,replace_report,20000,131,384,722,69122,0,0
time,1,linear_prices,prototype_jump_32_2far,ready_to_command,20000,141,357,747,53190,0,0
time,1,adaptive,rolling_4,price_query,20000,34,59,108,30054,0,0
time,1,adaptive,rolling_4,near_range8,20000,40,130,302,45052,0,0
time,1,adaptive,rolling_4,index_submit,20000,94,226,446,37251,0,0
time,1,adaptive,rolling_4,index_ack,20000,81,188,391,21670,0,0
time,1,adaptive,rolling_4,cross_page_submit_subset,314,95,202,220,249,0,0
time,1,adaptive,outliers_4,price_query,20000,34,55,75,3496,0,0
time,1,adaptive,outliers_4,near_range8,20000,39,81,223,24916,0,0
time,1,adaptive,outliers_4,index_submit,20000,80,242,455,28022,0,0
time,1,adaptive,outliers_4,index_ack,20000,78,168,279,50696,0,0
time,1,adaptive,outliers_4,cross_page_submit_subset,314,79,189,233,250,0,0
time,1,adaptive,outliers_4,far_query,20000,34,63,139,415,0,0
time,1,adaptive,boundary_4,price_query,20000,34,55,88,28543,0,0
time,1,adaptive,boundary_4,near_range8,20000,40,117,271,27681,0,0
time,1,adaptive,boundary_4,index_submit,20000,75,204,300,54240,0,0
time,1,adaptive,boundary_4,index_ack,20000,95,193,311,44766,0,0
time,1,adaptive,boundary_4,cross_page_submit_subset,5000,74,234,384,39524,0,0
time,1,adaptive,jump_4,price_query,20000,39,75,129,5102,0,0
time,1,adaptive,jump_4,near_range8,20000,50,170,452,39997,0,0
time,1,adaptive,jump_4,index_submit,20000,117,266,1027,38321,0,0
time,1,adaptive,jump_4,index_ack,20000,107,251,1027,30521,0,0
time,1,adaptive,jump_4,cross_page_submit_subset,3746,125,304,1005,31447,0,0
time,1,adaptive,jump_4,jump_submit_subset,2496,151,309,552,1118,0,0
time,1,adaptive,rolling_32,price_query,20000,47,81,908,6854,0,0
time,1,adaptive,rolling_32,near_range8,20000,79,185,950,30048,0,0
time,1,adaptive,rolling_32,index_submit,20000,126,230,1035,69430,0,0
time,1,adaptive,rolling_32,index_ack,20000,107,207,1001,29185,0,0
time,1,adaptive,rolling_32,cross_page_submit_subset,305,125,230,365,1003,0,0
time,1,adaptive,outliers_32,price_query,20000,46,76,152,979,0,0
time,1,adaptive,outliers_32,near_range8,20000,77,172,949,3817,0,0
time,1,adaptive,outliers_32,index_submit,20000,126,289,1045,31942,0,0
time,1,adaptive,outliers_32,index_ack,20000,106,207,1032,71054,0,0
time,1,adaptive,outliers_32,cross_page_submit_subset,305,125,221,296,1240,0,0
time,1,adaptive,outliers_32,far_query,20000,48,74,153,5162,0,0
time,1,adaptive,boundary_32,price_query,20000,46,73,894,40545,0,0
time,1,adaptive,boundary_32,near_range8,20000,79,193,942,1060,0,0
time,1,adaptive,boundary_32,index_submit,20000,125,227,1045,55332,0,0
time,1,adaptive,boundary_32,index_ack,20000,132,218,1063,41284,0,0
time,1,adaptive,boundary_32,cross_page_submit_subset,625,132,207,1045,6031,0,0
time,1,adaptive,jump_32,price_query,20000,48,87,900,29190,0,0
time,1,adaptive,jump_32,near_range8,20000,82,210,990,73773,0,0
time,1,adaptive,jump_32,index_submit,20000,132,333,1079,57273,0,0
time,1,adaptive,jump_32,index_ack,20000,111,282,1050,41433,0,0
time,1,adaptive,jump_32,cross_page_submit_subset,2652,191,426,1147,57273,0,0
time,1,adaptive,jump_32,jump_submit_subset,2496,194,426,1147,57273,0,0
time,1,adaptive,rolling_128,price_query,20000,47,104,203,33933,0,0
time,1,adaptive,rolling_128,near_range8,20000,72,208,548,40760,0,0
time,1,adaptive,rolling_128,index_submit,20000,127,285,1011,35714,0,0
time,1,adaptive,rolling_128,index_ack,20000,96,215,574,49932,0,0
time,1,adaptive,rolling_128,cross_page_submit_subset,312,127,276,354,692,0,0
time,1,adaptive,outliers_128,price_query,20000,38,90,122,15284,0,0
time,1,adaptive,outliers_128,near_range8,20000,53,122,225,21460,0,0
time,1,adaptive,outliers_128,index_submit,20000,89,217,553,43912,0,0
time,1,adaptive,outliers_128,index_ack,20000,67,169,323,34481,0,0
time,1,adaptive,outliers_128,cross_page_submit_subset,312,89,194,244,283,0,0
time,1,adaptive,outliers_128,far_query,20000,37,64,83,216,0,0
time,1,adaptive,boundary_128,price_query,20000,50,97,128,34445,0,0
time,1,adaptive,boundary_128,near_range8,20000,57,147,237,47573,0,0
time,1,adaptive,boundary_128,index_submit,20000,111,232,328,39077,0,0
time,1,adaptive,boundary_128,index_ack,20000,123,260,369,44821,0,0
time,1,adaptive,boundary_128,cross_page_submit_subset,313,128,230,278,39077,0,0
time,1,adaptive,jump_128,price_query,20000,63,102,144,39293,0,0
time,1,adaptive,jump_128,near_range8,20000,95,194,282,5965,0,0
time,1,adaptive,jump_128,index_submit,20000,167,412,831,48298,0,0
time,1,adaptive,jump_128,index_ack,20000,122,336,469,33631,0,0
time,1,adaptive,jump_128,cross_page_submit_subset,2704,210,520,2920,36014,0,0
time,1,adaptive,jump_128,jump_submit_subset,2432,221,532,2920,36014,0,0
time,1,adaptive,4096books_4near_2far,price_query,20000,368,1046,1622,46623,0,0
time,1,adaptive,new_book_growth,index_insert,20000,274,4634,8960,680930,0,0
time,1,adaptive,new_book_growth,every64_subset,313,5038,12345,38008,40310,0,0
time,1,adaptive,cancel_rehang_4near,index_cancel,20000,49,102,237,997,0,0
time,1,adaptive,cancel_rehang_4near,index_new,20000,93,204,331,35237,0,0
time,1,adaptive,cancel_rehang_4near,index_accepted,20000,70,242,542,58823,0,0
time,1,adaptive,cancel_rehang_4near,index_canceled,20000,60,140,275,41387,0,0
time,1,adaptive,prototype_rolling_4_2far,price_query,20000,38,44,72,24752,0,0
time,1,adaptive,prototype_rolling_4_2far,intent_to_command,20000,87,160,252,32438,0,0
time,1,adaptive,prototype_rolling_4_2far,intent_queued,20000,32,41,52,24959,0,0
time,1,adaptive,prototype_rolling_4_2far,replace_report,20000,99,163,312,21706,0,0
time,1,adaptive,prototype_rolling_4_2far,ready_to_command,20000,138,212,374,29927,0,0
time,1,adaptive,prototype_jump_4_2far,price_query,20000,39,58,82,913,0,0
time,1,adaptive,prototype_jump_4_2far,intent_to_command,20000,86,201,318,49100,0,0
time,1,adaptive,prototype_jump_4_2far,intent_queued,20000,32,49,109,27128,0,0
time,1,adaptive,prototype_jump_4_2far,replace_report,20000,100,233,470,29687,0,0
time,1,adaptive,prototype_jump_4_2far,ready_to_command,20000,138,282,535,29625,0,0
time,1,adaptive,prototype_rolling_32_2far,price_query,20000,38,66,106,28856,0,0
time,1,adaptive,prototype_rolling_32_2far,intent_to_command,20000,88,225,335,28494,0,0
time,1,adaptive,prototype_rolling_32_2far,intent_queued,20000,32,53,191,31449,0,0
time,1,adaptive,prototype_rolling_32_2far,replace_report,20000,81,222,509,35494,0,0
time,1,adaptive,prototype_rolling_32_2far,ready_to_command,20000,101,272,469,31517,0,0
time,1,adaptive,prototype_jump_32_2far,price_query,20000,47,92,128,29708,0,0
time,1,adaptive,prototype_jump_32_2far,intent_to_command,20000,126,298,652,39595,0,0
time,1,adaptive,prototype_jump_32_2far,intent_queued,20000,35,175,370,47060,0,0
time,1,adaptive,prototype_jump_32_2far,replace_report,20000,127,324,583,32759,0,0
time,1,adaptive,prototype_jump_32_2far,ready_to_command,20000,164,425,658,44279,0,0
time,1,window128,rolling_4,price_query,20000,36,58,108,151839,0,0
time,1,window128,rolling_4,near_range8,20000,40,165,310,52696,0,0
time,1,window128,rolling_4,index_submit,20000,84,223,1053,32076,0,0
time,1,window128,rolling_4,index_ack,20000,78,209,379,28872,0,0
time,1,window128,rolling_4,cross_page_submit_subset,314,84,193,223,1098,0,0
time,1,window128,outliers_4,price_query,20000,41,98,205,110674,0,0
time,1,window128,outliers_4,near_range8,20000,49,202,526,191596,0,0
time,1,window128,outliers_4,index_submit,20000,121,352,1022,321108,0,0
time,1,window128,outliers_4,index_ack,20000,96,277,557,214190,0,0
time,1,window128,outliers_4,cross_page_submit_subset,314,116,272,351,321108,0,0
time,1,window128,outliers_4,far_query,20000,38,103,204,46797,0,0
time,1,window128,boundary_4,price_query,20000,37,70,142,238945,0,0
time,1,window128,boundary_4,near_range8,20000,41,152,380,58655,0,0
time,1,window128,boundary_4,index_submit,20000,91,237,520,476502,0,0
time,1,window128,boundary_4,index_ack,20000,97,240,432,30672,0,0
time,1,window128,boundary_4,cross_page_submit_subset,5000,79,266,1103,25349,0,0
time,1,window128,jump_4,price_query,20000,35,54,84,21323,0,0
time,1,window128,jump_4,near_range8,20000,38,108,265,17567,0,0
time,1,window128,jump_4,index_submit,20000,83,221,384,29580,0,0
time,1,window128,jump_4,index_ack,20000,78,181,307,75909,0,0
time,1,window128,jump_4,cross_page_submit_subset,3746,106,230,332,660,0,0
time,1,window128,jump_4,jump_submit_subset,2496,110,210,303,660,0,0
time,1,window128,rolling_32,price_query,20000,28,45,72,918,0,0
time,1,window128,rolling_32,near_range8,20000,60,153,423,23915,0,0
time,1,window128,rolling_32,index_submit,20000,70,207,318,160006,0,0
time,1,window128,rolling_32,index_ack,20000,61,176,338,21559,0,0
time,1,window128,rolling_32,cross_page_submit_subset,305,70,144,171,205,0,0
time,1,window128,outliers_32,price_query,20000,28,50,125,82051,0,0
time,1,window128,outliers_32,near_range8,20000,60,179,466,228429,0,0
time,1,window128,outliers_32,index_submit,20000,72,235,748,58674,0,0
time,1,window128,outliers_32,index_ack,20000,62,205,554,113950,0,0
time,1,window128,outliers_32,cross_page_submit_subset,305,72,248,297,353,0,0
time,1,window128,outliers_32,far_query,20000,35,55,193,733168,0,0
time,1,window128,boundary_32,price_query,20000,28,44,67,915,0,0
time,1,window128,boundary_32,near_range8,20000,60,144,337,41945,0,0
time,1,window128,boundary_32,index_submit,20000,70,217,393,46498,0,0
time,1,window128,boundary_32,index_ack,20000,86,178,300,39043,0,0
time,1,window128,boundary_32,cross_page_submit_subset,625,70,137,154,171,0,0
time,1,window128,jump_32,price_query,20000,40,110,882,6219,0,0
time,1,window128,jump_32,near_range8,20000,100,256,997,54073,0,0
time,1,window128,jump_32,index_submit,20000,122,303,2184,29069,0,0
time,1,window128,jump_32,index_ack,20000,108,244,1030,49358,0,0
time,1,window128,jump_32,cross_page_submit_subset,2652,179,353,1181,6529,0,0
time,1,window128,jump_32,jump_submit_subset,2496,181,361,1164,6529,0,0
time,1,window128,rolling_128,price_query,20000,40,73,121,917,0,0
time,1,window128,rolling_128,near_range8,20000,99,263,982,30221,0,0
time,1,window128,rolling_128,index_submit,20000,122,232,1070,32261,0,0
time,1,window128,rolling_128,index_ack,20000,107,237,1007,35661,0,0
time,1,window128,rolling_128,cross_page_submit_subset,312,120,221,333,1007,0,0
time,1,window128,outliers_128,price_query,20000,38,81,224,53740,0,0
time,1,window128,outliers_128,near_range8,20000,94,297,686,29110,0,0
time,1,window128,outliers_128,index_submit,20000,116,280,1278,59716,0,0
time,1,window128,outliers_128,index_ack,20000,99,261,747,55547,0,0
time,1,window128,outliers_128,cross_page_submit_subset,312,120,267,332,421,0,0
time,1,window128,outliers_128,far_query,20000,44,92,223,21696,0,0
time,1,window128,boundary_128,price_query,20000,38,67,190,963,0,0
time,1,window128,boundary_128,near_range8,20000,90,285,644,55446,0,0
time,1,window128,boundary_128,index_submit,20000,114,298,4670,81681,0,0
time,1,window128,boundary_128,index_ack,20000,122,208,377,31518,0,0
time,1,window128,boundary_128,cross_page_submit_subset,313,110,169,237,249,0,0
time,1,window128,jump_128,price_query,20000,46,156,341,142670,0,0
time,1,window128,jump_128,near_range8,20000,97,293,976,2562272,0,0
time,1,window128,jump_128,index_submit,20000,133,387,6094,2083259,0,0
time,1,window128,jump_128,index_ack,20000,107,334,990,30353,0,0
time,1,window128,jump_128,cross_page_submit_subset,2704,207,586,2187,2083259,0,0
time,1,window128,jump_128,jump_submit_subset,2432,215,637,2187,2083259,0,0
time,1,window128,4096books_4near_2far,price_query,20000,440,1307,23852,419126,0,0
time,1,window128,new_book_growth,index_insert,20000,458,6480,33585,1061357,0,0
time,1,window128,new_book_growth,every64_subset,313,6456,36866,70233,368084,0,0
time,1,window128,cancel_rehang_4near,index_cancel,20000,50,141,330,41282,0,0
time,1,window128,cancel_rehang_4near,index_new,20000,100,238,540,44628,0,0
time,1,window128,cancel_rehang_4near,index_accepted,20000,70,261,591,22299,0,0
time,1,window128,cancel_rehang_4near,index_canceled,20000,64,161,312,6528,0,0
time,1,window128,prototype_rolling_4_2far,price_query,20000,40,72,127,27685,0,0
time,1,window128,prototype_rolling_4_2far,intent_to_command,20000,96,324,924,34387,0,0
time,1,window128,prototype_rolling_4_2far,intent_queued,20000,33,175,384,39939,0,0
time,1,window128,prototype_rolling_4_2far,replace_report,20000,106,333,1082,33984,0,0
time,1,window128,prototype_rolling_4_2far,ready_to_command,20000,150,432,1064,22428,0,0
time,1,window128,prototype_jump_4_2far,price_query,20000,41,77,133,951,0,0
time,1,window128,prototype_jump_4_2far,intent_to_command,20000,126,325,1134,55072,0,0
time,1,window128,prototype_jump_4_2far,intent_queued,20000,34,188,494,21975,0,0
time,1,window128,prototype_jump_4_2far,replace_report,20000,140,370,1124,71721,0,0
time,1,window128,prototype_jump_4_2far,ready_to_command,20000,193,458,1305,68797,0,0
time,1,window128,prototype_rolling_32_2far,price_query,20000,32,65,148,926,0,0
time,1,window128,prototype_rolling_32_2far,intent_to_command,20000,93,325,708,69449,0,0
time,1,window128,prototype_rolling_32_2far,intent_queued,20000,33,161,416,23748,0,0
time,1,window128,prototype_rolling_32_2far,replace_report,20000,103,317,998,110487,0,0
time,1,window128,prototype_rolling_32_2far,ready_to_command,20000,119,359,1102,38461,0,0
time,1,window128,prototype_jump_32_2far,price_query,20000,35,70,223,13023,0,0
time,1,window128,prototype_jump_32_2far,intent_to_command,20000,123,355,1426,332148,0,0
time,1,window128,prototype_jump_32_2far,intent_queued,20000,35,196,524,158160,0,0
time,1,window128,prototype_jump_32_2far,replace_report,20000,120,394,2428,500990,0,0
time,1,window128,prototype_jump_32_2far,ready_to_command,20000,154,590,3613,173999,0,0
time,1,absl_btree,rolling_4,price_query,20000,28,55,99,26067,0,0
time,1,absl_btree,rolling_4,near_range8,20000,34,136,351,159097,0,0
time,1,absl_btree,rolling_4,index_submit,20000,86,202,453,32967,0,0
time,1,absl_btree,rolling_4,index_ack,20000,83,234,400,41410,0,0
time,1,absl_btree,rolling_4,cross_page_submit_subset,314,88,188,215,335,0,0
time,1,absl_btree,outliers_4,price_query,20000,28,56,86,6497,0,0
time,1,absl_btree,outliers_4,near_range8,20000,35,158,341,25735,0,0
time,1,absl_btree,outliers_4,index_submit,20000,89,262,580,22719,0,0
time,1,absl_btree,outliers_4,index_ack,20000,83,247,573,40969,0,0
time,1,absl_btree,outliers_4,cross_page_submit_subset,314,90,205,340,22719,0,0
time,1,absl_btree,outliers_4,far_query,20000,28,54,92,4224,0,0
time,1,absl_btree,boundary_4,price_query,20000,31,61,112,923,0,0
time,1,absl_btree,boundary_4,near_range8,20000,43,190,528,27403,0,0
time,1,absl_btree,boundary_4,index_submit,20000,106,214,1032,53841,0,0
time,1,absl_btree,boundary_4,index_ack,20000,127,309,1102,35106,0,0
time,1,absl_btree,boundary_4,cross_page_submit_subset,5000,98,222,984,49914,0,0
time,1,absl_btree,jump_4,price_query,20000,36,67,173,281604,0,0
time,1,absl_btree,jump_4,near_range8,20000,50,196,588,667042,0,0
time,1,absl_btree,jump_4,index_submit,20000,121,266,1021,85382,0,0
time,1,absl_btree,jump_4,index_ack,20000,119,324,996,253175,0,0
time,1,absl_btree,jump_4,cross_page_submit_subset,3746,136,283,1021,1261,0,0
time,1,absl_btree,jump_4,jump_submit_subset,2496,156,292,708,1150,0,0
time,1,absl_btree,rolling_32,price_query,20000,33,77,125,140036,0,0
time,1,absl_btree,rolling_32,near_range8,20000,58,136,293,75736,0,0
time,1,absl_btree,rolling_32,index_submit,20000,91,259,493,36865,0,0
time,1,absl_btree,rolling_32,index_ack,20000,66,272,539,19375,0,0
time,1,absl_btree,rolling_32,cross_page_submit_subset,305,87,219,285,1034,0,0
time,1,absl_btree,outliers_32,price_query,20000,31,61,97,69060,0,0
time,1,absl_btree,outliers_32,near_range8,20000,50,121,285,38290,0,0
time,1,absl_btree,outliers_32,index_submit,20000,80,245,530,69495,0,0
time,1,absl_btree,outliers_32,index_ack,20000,61,204,400,5384,0,0
time,1,absl_btree,outliers_32,cross_page_submit_subset,305,80,275,333,380,0,0
time,1,absl_btree,outliers_32,far_query,20000,33,69,293,24149,0,0
time,1,absl_btree,boundary_32,price_query,20000,31,60,108,23782,0,0
time,1,absl_btree,boundary_32,near_range8,20000,48,133,332,29606,0,0
time,1,absl_btree,boundary_32,index_submit,20000,73,223,383,34690,0,0
time,1,absl_btree,boundary_32,index_ack,20000,114,269,497,135278,0,0
time,1,absl_btree,boundary_32,cross_page_submit_subset,625,81,158,181,367,0,0
time,1,absl_btree,jump_32,price_query,20000,31,63,93,24187,0,0
time,1,absl_btree,jump_32,near_range8,20000,50,125,265,21224,0,0
time,1,absl_btree,jump_32,index_submit,20000,84,248,479,128028,0,0
time,1,absl_btree,jump_32,index_ack,20000,62,280,512,42144,0,0
time,1,absl_btree,jump_32,cross_page_submit_subset,2652,122,299,842,22100,0,0
time,1,absl_btree,jump_32,jump_submit_subset,2496,124,300,780,21313,0,0
time,1,absl_btree,rolling_128,price_query,20000,42,81,123,33514,0,0
time,1,absl_btree,rolling_128,near_range8,20000,67,201,474,35619,0,0
time,1,absl_btree,rolling_128,index_submit,20000,138,401,1095,98477,0,0
time,1,absl_btree,rolling_128,index_ack,20000,96,377,992,39860,0,0
time,1,absl_btree,rolling_128,cross_page_submit_subset,312,135,315,438,455,0,0
time,1,absl_btree,outliers_128,price_query,20000,38,85,120,54864,0,0
time,1,absl_btree,outliers_128,near_range8,20000,52,129,310,41425,0,0
time,1,absl_btree,outliers_128,index_submit,20000,100,251,803,37058,0,0
time,1,absl_btree,outliers_128,index_ack,20000,68,219,540,15448,0,0
time,1,absl_btree,outliers_128,cross_page_submit_subset,312,100,214,378,402,0,0
time,1,absl_btree,outliers_128,far_query,20000,39,80,205,5486,0,0
time,1,absl_btree,boundary_128,price_query,20000,35,70,123,132586,0,0
time,1,absl_btree,boundary_128,near_range8,20000,50,130,408,331115,0,0
time,1,absl_btree,boundary_128,index_submit,20000,89,236,507,236393,0,0
time,1,absl_btree,boundary_128,index_ack,20000,129,326,1156,25448,0,0
time,1,absl_btree,boundary_128,cross_page_submit_subset,313,92,179,331,4771,0,0
time,1,absl_btree,jump_128,price_query,20000,44,87,130,39037,0,0
time,1,absl_btree,jump_128,near_range8,20000,52,164,513,102331,0,0
time,1,absl_btree,jump_128,index_submit,20000,101,346,1282,461622,0,0
time,1,absl_btree,jump_128,index_ack,20000,69,435,977,193209,0,0
time,1,absl_btree,jump_128,cross_page_submit_subset,2704,170,650,1751,425054,0,0
time,1,absl_btree,jump_128,jump_submit_subset,2432,174,671,1751,425054,0,0
time,1,absl_btree,4096books_4near_2far,price_query,20000,278,1035,5592,122201,0,0
time,1,absl_btree,new_book_growth,index_insert,20000,427,5565,21111,673637,0,0
time,1,absl_btree,new_book_growth,every64_subset,313,5635,31737,40757,59774,0,0
time,1,absl_btree,cancel_rehang_4near,index_cancel,20000,54,129,247,30907,0,0
time,1,absl_btree,cancel_rehang_4near,index_new,20000,118,242,532,41290,0,0
time,1,absl_btree,cancel_rehang_4near,index_accepted,20000,91,280,581,56110,0,0
time,1,absl_btree,cancel_rehang_4near,index_canceled,20000,117,240,471,35255,0,0
time,1,absl_btree,prototype_rolling_4_2far,price_query,20000,30,48,82,448,0,0
time,1,absl_btree,prototype_rolling_4_2far,intent_to_command,20000,86,232,512,26500,0,0
time,1,absl_btree,prototype_rolling_4_2far,intent_queued,20000,32,53,168,4188,0,0
time,1,absl_btree,prototype_rolling_4_2far,replace_report,20000,134,284,541,20827,0,0
time,1,absl_btree,prototype_rolling_4_2far,ready_to_command,20000,124,273,527,17042,0,0
time,1,absl_btree,prototype_jump_4_2far,price_query,20000,32,67,111,26974,0,0
time,1,absl_btree,prototype_jump_4_2far,intent_to_command,20000,87,294,658,51539,0,0
time,1,absl_btree,prototype_jump_4_2far,intent_queued,20000,33,160,259,29782,0,0
time,1,absl_btree,prototype_jump_4_2far,replace_report,20000,135,406,1100,53445,0,0
time,1,absl_btree,prototype_jump_4_2far,ready_to_command,20000,128,384,1064,49322,0,0
time,1,absl_btree,prototype_rolling_32_2far,price_query,20000,51,89,180,26713,0,0
time,1,absl_btree,prototype_rolling_32_2far,intent_to_command,20000,152,391,743,54637,0,0
time,1,absl_btree,prototype_rolling_32_2far,intent_queued,20000,44,209,518,53679,0,0
time,1,absl_btree,prototype_rolling_32_2far,replace_report,20000,150,467,960,35191,0,0
time,1,absl_btree,prototype_rolling_32_2far,ready_to_command,20000,190,484,1078,29503,0,0
time,1,absl_btree,prototype_jump_32_2far,price_query,20000,55,91,152,24423,0,0
time,1,absl_btree,prototype_jump_32_2far,intent_to_command,20000,167,343,727,46908,0,0
time,1,absl_btree,prototype_jump_32_2far,intent_queued,20000,48,200,520,29117,0,0
time,1,absl_btree,prototype_jump_32_2far,replace_report,20000,164,507,1034,42401,0,0
time,1,absl_btree,prototype_jump_32_2far,ready_to_command,20000,209,458,802,50072,0,0
time,2,sorted_deque,rolling_4,price_query,20000,45,88,146,9389,0,0
time,2,sorted_deque,rolling_4,near_range8,20000,50,103,178,28268,0,0
time,2,sorted_deque,rolling_4,index_submit,20000,134,221,420,50452,0,0
time,2,sorted_deque,rolling_4,index_ack,20000,120,202,611,57454,0,0
time,2,sorted_deque,rolling_4,cross_page_submit_subset,314,133,211,277,1239,0,0
time,2,sorted_deque,outliers_4,price_query,20000,52,67,142,24549,0,0
time,2,sorted_deque,outliers_4,near_range8,20000,59,73,162,26733,0,0
time,2,sorted_deque,outliers_4,index_submit,20000,152,250,377,63125,0,0
time,2,sorted_deque,outliers_4,index_ack,20000,137,192,289,34321,0,0
time,2,sorted_deque,outliers_4,cross_page_submit_subset,314,151,238,242,254,0,0
time,2,sorted_deque,outliers_4,far_query,20000,52,93,215,24169,0,0
time,2,sorted_deque,boundary_4,price_query,20000,50,82,168,82734,0,0
time,2,sorted_deque,boundary_4,near_range8,20000,57,88,190,70450,0,0
time,2,sorted_deque,boundary_4,index_submit,20000,142,230,455,48843,0,0
time,2,sorted_deque,boundary_4,index_ack,20000,158,224,478,27488,0,0
time,2,sorted_deque,boundary_4,cross_page_submit_subset,5000,138,188,376,31698,0,0
time,2,sorted_deque,jump_4,price_query,20000,50,77,195,22735,0,0
time,2,sorted_deque,jump_4,near_range8,20000,56,76,196,4905,0,0
time,2,sorted_deque,jump_4,index_submit,20000,150,247,533,33405,0,0
time,2,sorted_deque,jump_4,index_ack,20000,145,222,644,43240,0,0
time,2,sorted_deque,jump_4,cross_page_submit_subset,3746,189,324,818,6684,0,0
time,2,sorted_deque,jump_4,jump_submit_subset,2496,201,338,1075,6684,0,0
time,2,sorted_deque,rolling_32,price_query,20000,52,77,154,23426,0,0
time,2,sorted_deque,rolling_32,near_range8,20000,76,90,231,24816,0,0
time,2,sorted_deque,rolling_32,index_submit,20000,146,200,356,40550,0,0
time,2,sorted_deque,rolling_32,index_ack,20000,123,181,271,25392,0,0
time,2,sorted_deque,rolling_32,cross_page_submit_subset,305,146,191,198,253,0,0
time,2,sorted_deque,outliers_32,price_query,20000,52,76,150,37123,0,0
time,2,sorted_deque,outliers_32,near_range8,20000,74,88,215,28183,0,0
time,2,sorted_deque,outliers_32,index_submit,20000,149,227,400,45349,0,0
time,2,sorted_deque,outliers_32,index_ack,20000,124,206,385,27708,0,0
time,2,sorted_deque,outliers_32,cross_page_submit_subset,305,149,224,356,434,0,0
time,2,sorted_deque,outliers_32,far_query,20000,52,69,178,602,0,0
time,2,sorted_deque,boundary_32,price_query,20000,52,74,155,22978,0,0
time,2,sorted_deque,boundary_32,near_range8,20000,77,98,230,69205,0,0
time,2,sorted_deque,boundary_32,index_submit,20000,146,211,309,25387,0,0
time,2,sorted_deque,boundary_32,index_ack,20000,156,218,338,24501,0,0
time,2,sorted_deque,boundary_32,cross_page_submit_subset,625,151,184,365,663,0,0
time,2,sorted_deque,jump_32,price_query,20000,52,76,155,45111,0,0
time,2,sorted_deque,jump_32,near_range8,20000,77,100,190,39567,0,0
time,2,sorted_deque,jump_32,index_submit,20000,148,260,401,40216,0,0
time,2,sorted_deque,jump_32,index_ack,20000,124,242,345,27005,0,0
time,2,sorted_deque,jump_32,cross_page_submit_subset,2652,198,342,714,40216,0,0
time,2,sorted_deque,jump_32,jump_submit_subset,2496,202,342,714,40216,0,0
time,2,sorted_deque,rolling_128,price_query,20000,55,94,178,24413,0,0
time,2,sorted_deque,rolling_128,near_range8,20000,78,93,192,32123,0,0
time,2,sorted_deque,rolling_128,index_submit,20000,150,208,373,44492,0,0
time,2,sorted_deque,rolling_128,index_ack,20000,122,178,281,66539,0,0
time,2,sorted_deque,rolling_128,cross_page_submit_subset,312,150,204,242,257,0,0
time,2,sorted_deque,outliers_128,price_query,20000,37,75,99,5476,0,0
time,2,sorted_deque,outliers_128,near_range8,20000,44,91,132,38938,0,0
time,2,sorted_deque,outliers_128,index_submit,20000,84,229,497,43913,0,0
time,2,sorted_deque,outliers_128,index_ack,20000,67,159,336,25294,0,0
time,2,sorted_deque,outliers_128,cross_page_submit_subset,312,83,161,216,227,0,0
time,2,sorted_deque,outliers_128,far_query,20000,36,81,241,28219,0,0
time,2,sorted_deque,boundary_128,price_query,20000,44,82,112,24001,0,0
time,2,sorted_deque,boundary_128,near_range8,20000,45,107,145,426,0,0
time,2,sorted_deque,boundary_128,index_submit,20000,93,201,420,6606,0,0
time,2,sorted_deque,boundary_128,index_ack,20000,106,237,340,40992,0,0
time,2,sorted_deque,boundary_128,cross_page_submit_subset,313,107,189,209,240,0,0
time,2,sorted_deque,jump_128,price_query,20000,56,97,188,46266,0,0
time,2,sorted_deque,jump_128,near_range8,20000,80,117,261,1109638,0,0
time,2,sorted_deque,jump_128,index_submit,20000,147,507,1156,1783050,0,0
time,2,sorted_deque,jump_128,index_ack,20000,123,470,1040,75564,0,0
time,2,sorted_deque,jump_128,cross_page_submit_subset,2704,199,644,3090,49181,0,0
time,2,sorted_deque,jump_128,jump_submit_subset,2432,210,653,3090,49181,0,0
time,2,sorted_deque,4096books_4near_2far,price_query,20000,377,1049,8116,182726,0,0
time,2,sorted_deque,new_book_growth,index_insert,20000,435,8808,36762,2591697,0,0
time,2,sorted_deque,new_book_growth,every64_subset,313,6942,20663,42347,52397,0,0
time,2,sorted_deque,cancel_rehang_4near,index_cancel,20000,79,108,190,32004,0,0
time,2,sorted_deque,cancel_rehang_4near,index_new,20000,143,195,570,50142,0,0
time,2,sorted_deque,cancel_rehang_4near,index_accepted,20000,105,244,525,46362,0,0
time,2,sorted_deque,cancel_rehang_4near,index_canceled,20000,111,149,225,27506,0,0
time,2,sorted_deque,prototype_rolling_4_2far,price_query,20000,50,106,121,6452,0,0
time,2,sorted_deque,prototype_rolling_4_2far,intent_to_command,20000,160,372,780,46305,0,0
time,2,sorted_deque,prototype_rolling_4_2far,intent_queued,20000,46,210,522,35297,0,0
time,2,sorted_deque,prototype_rolling_4_2far,replace_report,20000,187,412,1032,43611,0,0
time,2,sorted_deque,prototype_rolling_4_2far,ready_to_command,20000,242,477,1256,48341,0,0
time,2,sorted_deque,prototype_jump_4_2far,price_query,20000,49,104,124,80182,0,0
time,2,sorted_deque,prototype_jump_4_2far,intent_to_command,20000,155,353,678,36132,0,0
time,2,sorted_deque,prototype_jump_4_2far,intent_queued,20000,45,186,459,49990,0,0
time,2,sorted_deque,prototype_jump_4_2far,replace_report,20000,180,380,950,54111,0,0
time,2,sorted_deque,prototype_jump_4_2far,ready_to_command,20000,231,457,1043,48648,0,0
time,2,sorted_deque,prototype_rolling_32_2far,price_query,20000,51,84,120,6242,0,0
time,2,sorted_deque,prototype_rolling_32_2far,intent_to_command,20000,159,353,688,78161,0,0
time,2,sorted_deque,prototype_rolling_32_2far,intent_queued,20000,46,210,525,26973,0,0
time,2,sorted_deque,prototype_rolling_32_2far,replace_report,20000,152,363,832,49194,0,0
time,2,sorted_deque,prototype_rolling_32_2far,ready_to_command,20000,190,420,1157,71632,0,0
time,2,sorted_deque,prototype_jump_32_2far,price_query,20000,37,90,186,71169,0,0
time,2,sorted_deque,prototype_jump_32_2far,intent_to_command,20000,92,300,690,32655,0,0
time,2,sorted_deque,prototype_jump_32_2far,intent_queued,20000,33,163,255,6305,0,0
time,2,sorted_deque,prototype_jump_32_2far,replace_report,20000,84,318,686,39082,0,0
time,2,sorted_deque,prototype_jump_32_2far,ready_to_command,20000,117,380,673,86437,0,0
time,2,sorted_deque_soa,rolling_4,price_query,20000,36,55,88,44644,0,0
time,2,sorted_deque_soa,rolling_4,near_range8,20000,38,62,117,32720,0,0
time,2,sorted_deque_soa,rolling_4,index_submit,20000,90,221,668,26549,0,0
time,2,sorted_deque_soa,rolling_4,index_ack,20000,82,191,338,55867,0,0
time,2,sorted_deque_soa,rolling_4,cross_page_submit_subset,314,91,194,206,1001,0,0
time,2,sorted_deque_soa,outliers_4,price_query,20000,37,63,117,4271,0,0
time,2,sorted_deque_soa,outliers_4,near_range8,20000,39,71,137,525119,0,0
time,2,sorted_deque_soa,outliers_4,index_submit,20000,94,270,619,854061,0,0
time,2,sorted_deque_soa,outliers_4,index_ack,20000,83,212,497,74420,0,0
time,2,sorted_deque_soa,outliers_4,cross_page_submit_subset,314,95,217,290,332,0,0
time,2,sorted_deque_soa,outliers_4,far_query,20000,37,95,367,6186,0,0
time,2,sorted_deque_soa,boundary_4,price_query,20000,36,54,121,16528,0,0
time,2,sorted_deque_soa,boundary_4,near_range8,20000,39,63,124,29315,0,0
time,2,sorted_deque_soa,boundary_4,index_submit,20000,81,211,509,40589,0,0
time,2,sorted_deque_soa,boundary_4,index_ack,20000,101,246,521,31453,0,0
time,2,sorted_deque_soa,boundary_4,cross_page_submit_subset,5000,80,243,1017,40589,0,0
time,2,sorted_deque_soa,jump_4,price_query,20000,38,66,100,320874,0,0
time,2,sorted_deque_soa,jump_4,near_range8,20000,41,75,117,42462,0,0
time,2,sorted_deque_soa,jump_4,index_submit,20000,108,245,1014,31676,0,0
time,2,sorted_deque_soa,jump_4,index_ack,20000,100,212,1006,23607,0,0
time,2,sorted_deque_soa,jump_4,cross_page_submit_subset,3746,122,274,1013,31676,0,0
time,2,sorted_deque_soa,jump_4,jump_submit_subset,2496,133,276,1091,31676,0,0
time,2,sorted_deque_soa,rolling_32,price_query,20000,57,88,218,35526,0,0
time,2,sorted_deque_soa,rolling_32,near_range8,20000,73,117,207,63118,0,0
time,2,sorted_deque_soa,rolling_32,index_submit,20000,132,268,506,36173,0,0
time,2,sorted_deque_soa,rolling_32,index_ack,20000,93,197,292,30153,0,0
time,2,sorted_deque_soa,rolling_32,cross_page_submit_subset,305,133,268,316,385,0,0
time,2,sorted_deque_soa,outliers_32,price_query,20000,65,155,246,36649,0,0
time,2,sorted_deque_soa,outliers_32,near_range8,20000,84,192,300,39112,0,0
time,2,sorted_deque_soa,outliers_32,index_submit,20000,146,371,686,52985,0,0
time,2,sorted_deque_soa,outliers_32,index_ack,20000,101,228,399,36320,0,0
time,2,sorted_deque_soa,outliers_32,cross_page_submit_subset,305,147,370,602,664,0,0
time,2,sorted_deque_soa,outliers_32,far_query,20000,66,181,443,38630,0,0
time,2,sorted_deque_soa,boundary_32,price_query,20000,66,170,261,36294,0,0
time,2,sorted_deque_soa,boundary_32,near_range8,20000,85,210,324,38325,0,0
time,2,sorted_deque_soa,boundary_32,index_submit,20000,147,341,589,49122,0,0
time,2,sorted_deque_soa,boundary_32,index_ack,20000,159,333,664,74032,0,0
time,2,sorted_deque_soa,boundary_32,cross_page_submit_subset,625,151,326,414,590,0,0
time,2,sorted_deque_soa,jump_32,price_query,20000,57,148,235,47931,0,0
time,2,sorted_deque_soa,jump_32,near_range8,20000,70,179,257,35271,0,0
time,2,sorted_deque_soa,jump_32,index_submit,20000,133,425,632,37814,0,0
time,2,sorted_deque_soa,jump_32,index_ack,20000,94,346,532,34616,0,0
time,2,sorted_deque_soa,jump_32,cross_page_submit_subset,2652,232,571,5081,21907,0,0
time,2,sorted_deque_soa,jump_32,jump_submit_subset,2496,243,573,5081,21907,0,0
time,2,sorted_deque_soa,rolling_128,price_query,20000,36,66,87,23815,0,0
time,2,sorted_deque_soa,rolling_128,near_range8,20000,40,68,93,24812,0,0
time,2,sorted_deque_soa,rolling_128,index_submit,20000,99,197,387,21425,0,0
time,2,sorted_deque_soa,rolling_128,index_ack,20000,66,115,232,24027,0,0
time,2,sorted_deque_soa,rolling_128,cross_page_submit_subset,312,99,165,243,274,0,0
time,2,sorted_deque_soa,outliers_128,price_query,20000,35,64,87,23802,0,0
time,2,sorted_deque_soa,outliers_128,near_range8,20000,43,69,95,48707,0,0
time,2,sorted_deque_soa,outliers_128,index_submit,20000,81,220,385,22130,0,0
time,2,sorted_deque_soa,outliers_128,index_ack,20000,66,123,255,483222,0,0
time,2,sorted_deque_soa,outliers_128,cross_page_submit_subset,312,84,142,164,232,0,0
time,2,sorted_deque_soa,outliers_128,far_query,20000,36,52,141,4960,0,0
time,2,sorted_deque_soa,boundary_128,price_query,20000,44,77,94,23487,0,0
time,2,sorted_deque_soa,boundary_128,near_range8,20000,41,79,104,39499,0,0
time,2,sorted_deque_soa,boundary_128,index_submit,20000,100,219,489,23884,0,0
time,2,sorted_deque_soa,boundary_128,index_ack,20000,102,196,297,17890,0,0
time,2,sorted_deque_soa,boundary_128,cross_page_submit_subset,313,108,178,210,241,0,0
time,2,sorted_deque_soa,jump_128,price_query,20000,41,67,95,22421,0,0
time,2,sorted_deque_soa,jump_128,near_range8,20000,40,84,148,17453,0,0
time,2,sorted_deque_soa,jump_128,index_submit,20000,100,278,448,22921,0,0
time,2,sorted_deque_soa,jump_128,index_ack,20000,67,312,378,18383,0,0
time,2,sorted_deque_soa,jump_128,cross_page_submit_subset,2704,117,318,524,3316,0,0
time,2,sorted_deque_soa,jump_128,jump_submit_subset,2432,142,320,416,3316,0,0
time,2,sorted_deque_soa,4096books_4near_2far,price_query,20000,333,1049,5816,59743,0,0
time,2,sorted_deque_soa,new_book_growth,index_insert,20000,330,6125,29375,1427826,0,0
time,2,sorted_deque_soa,new_book_growth,every64_subset,313,6419,24584,74823,145175,0,0
time,2,sorted_deque_soa,cancel_rehang_4near,index_cancel,20000,50,143,942,28625,0,0
time,2,sorted_deque_soa,cancel_rehang_4near,index_new,20000,103,233,1024,47822,0,0
time,2,sorted_deque_soa,cancel_rehang_4near,index_accepted,20000,76,287,1004,26697,0,0
time,2,sorted_deque_soa,cancel_rehang_4near,index_canceled,20000,71,181,983,6858,0,0
time,2,sorted_deque_soa,prototype_rolling_4_2far,price_query,20000,40,56,88,21742,0,0
time,2,sorted_deque_soa,prototype_rolling_4_2far,intent_to_command,20000,94,212,350,29051,0,0
time,2,sorted_deque_soa,prototype_rolling_4_2far,intent_queued,20000,32,51,185,4029,0,0
time,2,sorted_deque_soa,prototype_rolling_4_2far,replace_report,20000,104,228,432,34263,0,0
time,2,sorted_deque_soa,prototype_rolling_4_2far,ready_to_command,20000,140,301,531,45909,0,0
time,2,sorted_deque_soa,prototype_jump_4_2far,price_query,20000,38,58,89,4245,0,0
time,2,sorted_deque_soa,prototype_jump_4_2far,intent_to_command,20000,93,241,454,262618,0,0
time,2,sorted_deque_soa,prototype_jump_4_2far,intent_queued,20000,32,54,194,57808,0,0
time,2,sorted_deque_soa,prototype_jump_4_2far,replace_report,20000,104,270,627,68169,0,0
time,2,sorted_deque_soa,prototype_jump_4_2far,ready_to_command,20000,143,333,636,39712,0,0
time,2,sorted_deque_soa,prototype_rolling_32_2far,price_query,20000,49,97,187,208462,0,0
time,2,sorted_deque_soa,prototype_rolling_32_2far,intent_to_command,20000,104,312,1099,1053916,0,0
time,2,sorted_deque_soa,prototype_rolling_32_2far,intent_queued,20000,32,112,191,25465,0,0
time,2,sorted_deque_soa,prototype_rolling_32_2far,replace_report,20000,81,304,560,229482,0,0
time,2,sorted_deque_soa,prototype_rolling_32_2far,ready_to_command,20000,117,400,1163,65346,0,0
time,2,sorted_deque_soa,prototype_jump_32_2far,price_query,20000,52,137,211,143834,0,0
time,2,sorted_deque_soa,prototype_jump_32_2far,intent_to_command,20000,132,365,1230,278732,0,0
time,2,sorted_deque_soa,prototype_jump_32_2far,intent_queued,20000,34,180,400,31280,0,0
time,2,sorted_deque_soa,prototype_jump_32_2far,replace_report,20000,119,375,1066,56222,0,0
time,2,sorted_deque_soa,prototype_jump_32_2far,ready_to_command,20000,182,510,1240,35469,0,0
time,2,linear_prices,rolling_4,price_query,20000,28,52,146,25580,0,0
time,2,linear_prices,rolling_4,near_range8,20000,51,118,242,46815,0,0
time,2,linear_prices,rolling_4,index_submit,20000,69,196,608,45990,0,0
time,2,linear_prices,rolling_4,index_ack,20000,79,200,381,29178,0,0
time,2,linear_prices,rolling_4,cross_page_submit_subset,314,67,147,165,174,0,0
time,2,linear_prices,outliers_4,price_query,20000,30,57,86,25536,0,0
time,2,linear_prices,outliers_4,near_range8,20000,66,139,322,55879,0,0
time,2,linear_prices,outliers_4,index_submit,20000,84,177,452,129060,0,0
time,2,linear_prices,outliers_4,index_ack,20000,87,182,303,29152,0,0
time,2,linear_prices,outliers_4,cross_page_submit_subset,314,84,150,163,164,0,0
time,2,linear_prices,outliers_4,far_query,20000,30,92,290,79577,0,0
time,2,linear_prices,boundary_4,price_query,20000,32,61,128,53452,0,0
time,2,linear_prices,boundary_4,near_range8,20000,72,133,930,119757,0,0
time,2,linear_prices,boundary_4,index_submit,20000,95,188,979,53469,0,0
time,2,linear_prices,boundary_4,index_ack,20000,112,200,550,41757,0,0
time,2,linear_prices,boundary_4,cross_page_submit_subset,5000,95,208,979,53469,0,0
time,2,linear_prices,jump_4,price_query,20000,29,51,84,46723,0,0
time,2,linear_prices,jump_4,near_range8,20000,58,127,270,49516,0,0
time,2,linear_prices,jump_4,index_submit,20000,80,171,490,29322,0,0
time,2,linear_prices,jump_4,index_ack,20000,90,190,587,30562,0,0
time,2,linear_prices,jump_4,cross_page_submit_subset,3746,84,172,304,1199,0,0
time,2,linear_prices,jump_4,jump_submit_subset,2496,87,163,235,1199,0,0
time,2,linear_prices,rolling_32,price_query,20000,39,71,104,49323,0,0
time,2,linear_prices,rolling_32,near_range8,20000,300,637,4049,123009,0,0
time,2,linear_prices,rolling_32,index_submit,20000,83,218,539,323319,0,0
time,2,linear_prices,rolling_32,index_ack,20000,61,215,459,47056,0,0
time,2,linear_prices,rolling_32,cross_page_submit_subset,305,75,183,997,5363,0,0
time,2,linear_prices,outliers_32,price_query,20000,43,79,151,278338,0,0
time,2,linear_prices,outliers_32,near_range8,20000,350,885,7034,75402,0,0
time,2,linear_prices,outliers_32,index_submit,20000,93,226,484,76714,0,0
time,2,linear_prices,outliers_32,index_ack,20000,67,274,557,46766,0,0
time,2,linear_prices,outliers_32,cross_page_submit_subset,305,95,193,248,259,0,0
time,2,linear_prices,outliers_32,far_query,20000,42,89,184,64995,0,0
time,2,linear_prices,boundary_32,price_query,20000,54,76,134,21953,0,0
time,2,linear_prices,boundary_32,near_range8,20000,650,737,6380,55104,0,0
time,2,linear_prices,boundary_32,index_submit,20000,147,205,317,50654,0,0
time,2,linear_prices,boundary_32,index_ack,20000,159,268,631,44901,0,0
time,2,linear_prices,boundary_32,cross_page_submit_subset,625,142,180,187,207,0,0
time,2,linear_prices,jump_32,price_query,20000,62,96,157,25775,0,0
time,2,linear_prices,jump_32,near_range8,20000,655,1064,20655,48196,0,0
time,2,linear_prices,jump_32,index_submit,20000,150,250,437,67689,0,0
time,2,linear_prices,jump_32,index_ack,20000,129,366,483,31417,0,0
time,2,linear_prices,jump_32,cross_page_submit_subset,2652,223,270,477,30052,0,0
time,2,linear_prices,jump_32,jump_submit_subset,2496,224,272,477,30052,0,0
time,2,linear_prices,rolling_128,price_query,20000,82,145,898,35411,0,0
time,2,linear_prices,rolling_128,near_range8,20000,2261,2909,37479,410094,0,0
time,2,linear_prices,rolling_128,index_submit,20000,170,386,1060,50124,0,0
time,2,linear_prices,rolling_128,index_ack,20000,122,355,783,40370,0,0
time,2,linear_prices,rolling_128,cross_page_submit_subset,312,157,319,377,475,0,0
time,2,linear_prices,outliers_128,price_query,20000,78,136,234,30251,0,0
time,2,linear_prices,outliers_128,near_range8,20000,2244,2541,35622,90231,0,0
time,2,linear_prices,outliers_128,index_submit,20000,160,331,890,123648,0,0
time,2,linear_prices,outliers_128,index_ack,20000,116,275,841,35596,0,0
time,2,linear_prices,outliers_128,cross_page_submit_subset,312,149,258,305,438,0,0
time,2,linear_prices,outliers_128,far_query,20000,176,200,400,36655,0,0
time,2,linear_prices,boundary_128,price_query,20000,77,131,229,54403,0,0
time,2,linear_prices,boundary_128,near_range8,20000,2240,2501,34622,88962,0,0
time,2,linear_prices,boundary_128,index_submit,20000,157,314,875,33623,0,0
time,2,linear_prices,boundary_128,index_ack,20000,143,350,655,53906,0,0
time,2,linear_prices,boundary_128,cross_page_submit_subset,313,152,205,243,278,0,0
time,2,linear_prices,jump_128,price_query,20000,83,194,301,37205,0,0
time,2,linear_prices,jump_128,near_range8,20000,2246,3375,35277,71311,0,0
time,2,linear_prices,jump_128,index_submit,20000,163,460,860,33723,0,0
time,2,linear_prices,jump_128,index_ack,20000,119,684,829,75210,0,0
time,2,linear_prices,jump_128,cross_page_submit_subset,2704,366,631,1199,31354,0,0
time,2,linear_prices,jump_128,jump_submit_subset,2432,375,645,1199,31354,0,0
time,2,linear_prices,4096books_4near_2far,price_query,20000,270,879,1563,48157,0,0
time,2,linear_prices,new_book_growth,index_insert,20000,336,4846,21173,1508396,0,0
time,2,linear_prices,new_book_growth,every64_subset,313,4999,39040,75515,113895,0,0
time,2,linear_prices,cancel_rehang_4near,index_cancel,20000,90,106,182,44434,0,0
time,2,linear_prices,cancel_rehang_4near,index_new,20000,140,168,403,48663,0,0
time,2,linear_prices,cancel_rehang_4near,index_accepted,20000,119,213,520,40838,0,0
time,2,linear_prices,cancel_rehang_4near,index_canceled,20000,128,149,286,48756,0,0
time,2,linear_prices,prototype_rolling_4_2far,price_query,20000,54,71,97,40372,0,0
time,2,linear_prices,prototype_rolling_4_2far,intent_to_command,20000,161,308,682,43498,0,0
time,2,linear_prices,prototype_rolling_4_2far,intent_queued,20000,47,188,444,32837,0,0
time,2,linear_prices,prototype_rolling_4_2far,replace_report,20000,197,350,737,45528,0,0
time,2,linear_prices,prototype_rolling_4_2far,ready_to_command,20000,212,348,699,103887,0,0
time,2,linear_prices,prototype_jump_4_2far,price_query,20000,55,74,109,8990,0,0
time,2,linear_prices,prototype_jump_4_2far,intent_to_command,20000,161,312,689,35898,0,0
time,2,linear_prices,prototype_jump_4_2far,intent_queued,20000,47,193,483,5941,0,0
time,2,linear_prices,prototype_jump_4_2far,replace_report,20000,197,369,892,48409,0,0
time,2,linear_prices,prototype_jump_4_2far,ready_to_command,20000,213,359,1060,71789,0,0
time,2,linear_prices,prototype_rolling_32_2far,price_query,20000,58,84,121,48606,0,0
time,2,linear_prices,prototype_rolling_32_2far,intent_to_command,20000,167,322,644,47153,0,0
time,2,linear_prices,prototype_rolling_32_2far,intent_queued,20000,48,200,476,48375,0,0
time,2,linear_prices,prototype_rolling_32_2far,replace_report,20000,166,413,1206,57010,0,0
time,2,linear_prices,prototype_rolling_32_2far,ready_to_command,20000,209,371,773,33422,0,0
time,2,linear_prices,prototype_jump_32_2far,price_query,20000,60,94,127,33078,0,0
time,2,linear_prices,prototype_jump_32_2far,intent_to_command,20000,169,320,627,75217,0,0
time,2,linear_prices,prototype_jump_32_2far,intent_queued,20000,48,196,500,30899,0,0
time,2,linear_prices,prototype_jump_32_2far,replace_report,20000,169,434,1236,47405,0,0
time,2,linear_prices,prototype_jump_32_2far,ready_to_command,20000,212,380,736,50907,0,0
time,2,adaptive,rolling_4,price_query,20000,49,61,186,35683,0,0
time,2,adaptive,rolling_4,near_range8,20000,66,194,475,43472,0,0
time,2,adaptive,rolling_4,index_submit,20000,143,222,350,39104,0,0
time,2,adaptive,rolling_4,index_ack,20000,131,177,272,50093,0,0
time,2,adaptive,rolling_4,cross_page_submit_subset,314,143,230,262,321,0,0
time,2,adaptive,outliers_4,price_query,20000,51,65,161,29154,0,0
time,2,adaptive,outliers_4,near_range8,20000,68,198,527,36487,0,0
time,2,adaptive,outliers_4,index_submit,20000,147,249,672,67840,0,0
time,2,adaptive,outliers_4,index_ack,20000,131,187,339,48496,0,0
time,2,adaptive,outliers_4,cross_page_submit_subset,314,146,244,268,284,0,0
time,2,adaptive,outliers_4,far_query,20000,52,65,193,33006,0,0
time,2,adaptive,boundary_4,price_query,20000,49,62,205,5908,0,0
time,2,adaptive,boundary_4,near_range8,20000,67,195,424,53536,0,0
time,2,adaptive,boundary_4,index_submit,20000,141,201,367,54290,0,0
time,2,adaptive,boundary_4,index_ack,20000,151,200,332,53950,0,0
time,2,adaptive,boundary_4,cross_page_submit_subset,5000,139,167,340,30964,0,0
time,2,adaptive,jump_4,price_query,20000,49,67,231,30216,0,0
time,2,adaptive,jump_4,near_range8,20000,66,188,413,29803,0,0
time,2,adaptive,jump_4,index_submit,20000,145,230,469,33786,0,0
time,2,adaptive,jump_4,index_ack,20000,136,209,303,71854,0,0
time,2,adaptive,jump_4,cross_page_submit_subset,3746,182,252,469,29865,0,0
time,2,adaptive,jump_4,jump_submit_subset,2496,194,256,308,1039,0,0
time,2,adaptive,rolling_32,price_query,20000,50,75,197,38695,0,0
time,2,adaptive,rolling_32,near_range8,20000,88,212,467,58297,0,0
time,2,adaptive,rolling_32,index_submit,20000,138,203,474,44311,0,0
time,2,adaptive,rolling_32,index_ack,20000,117,173,279,33544,0,0
time,2,adaptive,rolling_32,cross_page_submit_subset,305,138,194,225,230,0,0
time,2,adaptive,outliers_32,price_query,20000,51,76,157,902,0,0
time,2,adaptive,outliers_32,near_range8,20000,87,207,458,6147,0,0
time,2,adaptive,outliers_32,index_submit,20000,141,224,430,71676,0,0
time,2,adaptive,outliers_32,index_ack,20000,118,181,302,32647,0,0
time,2,adaptive,outliers_32,cross_page_submit_subset,305,140,229,267,380,0,0
time,2,adaptive,outliers_32,far_query,20000,53,65,201,48230,0,0
time,2,adaptive,boundary_32,price_query,20000,51,68,179,3809,0,0
time,2,adaptive,boundary_32,near_range8,20000,89,208,457,45661,0,0
time,2,adaptive,boundary_32,index_submit,20000,139,206,376,104606,0,0
time,2,adaptive,boundary_32,index_ack,20000,136,206,335,33481,0,0
time,2,adaptive,boundary_32,cross_page_submit_subset,625,143,172,191,244,0,0
time,2,adaptive,jump_32,price_query,20000,51,76,200,30083,0,0
time,2,adaptive,jump_32,near_range8,20000,88,209,495,51355,0,0
time,2,adaptive,jump_32,index_submit,20000,139,260,395,56550,0,0
time,2,adaptive,jump_32,index_ack,20000,118,232,411,51075,0,0
time,2,adaptive,jump_32,cross_page_submit_subset,2652,193,344,765,50444,0,0
time,2,adaptive,jump_32,jump_submit_subset,2496,196,346,597,50444,0,0
time,2,adaptive,rolling_128,price_query,20000,55,94,204,75067,0,0
time,2,adaptive,rolling_128,near_range8,20000,92,199,512,33783,0,0
time,2,adaptive,rolling_128,index_submit,20000,153,217,453,47184,0,0
time,2,adaptive,rolling_128,index_ack,20000,118,178,277,51607,0,0
time,2,adaptive,rolling_128,cross_page_submit_subset,312,153,218,247,272,0,0
time,2,adaptive,outliers_128,price_query,20000,55,90,158,32206,0,0
time,2,adaptive,outliers_128,near_range8,20000,91,202,348,28970,0,0
time,2,adaptive,outliers_128,index_submit,20000,154,215,719,53179,0,0
time,2,adaptive,outliers_128,index_ack,20000,118,173,297,50214,0,0
time,2,adaptive,outliers_128,cross_page_submit_subset,312,155,201,223,224,0,0
time,2,adaptive,outliers_128,far_query,20000,56,70,198,47658,0,0
time,2,adaptive,boundary_128,price_query,20000,58,94,198,62082,0,0
time,2,adaptive,boundary_128,near_range8,20000,93,215,494,31879,0,0
time,2,adaptive,boundary_128,index_submit,20000,159,226,990,34022,0,0
time,2,adaptive,boundary_128,index_ack,20000,147,261,371,33824,0,0
time,2,adaptive,boundary_128,cross_page_submit_subset,313,173,222,258,264,0,0
time,2,adaptive,jump_128,price_query,20000,56,96,212,30729,0,0
time,2,adaptive,jump_128,near_range8,20000,93,206,512,53295,0,0
time,2,adaptive,jump_128,index_submit,20000,157,383,916,55343,0,0
time,2,adaptive,jump_128,index_ack,20000,120,330,504,36578,0,0
time,2,adaptive,jump_128,cross_page_submit_subset,2704,204,504,2237,37137,0,0
time,2,adaptive,jump_128,jump_submit_subset,2432,212,529,2237,37137,0,0
time,2,adaptive,4096books_4near_2far,price_query,20000,391,1051,6584,61579,0,0
time,2,adaptive,new_book_growth,index_insert,20000,460,6836,35943,896895,0,0
time,2,adaptive,new_book_growth,every64_subset,313,6765,31632,57369,60525,0,0
time,2,adaptive,cancel_rehang_4near,index_cancel,20000,93,113,163,51176,0,0
time,2,adaptive,cancel_rehang_4near,index_new,20000,179,238,1036,34553,0,0
time,2,adaptive,cancel_rehang_4near,index_accepted,20000,122,280,586,53133,0,0
time,2,adaptive,cancel_rehang_4near,index_canceled,20000,127,153,281,49906,0,0
time,2,adaptive,prototype_rolling_4_2far,price_query,20000,60,75,141,30116,0,0
time,2,adaptive,prototype_rolling_4_2far,intent_to_command,20000,177,346,811,73436,0,0
time,2,adaptive,prototype_rolling_4_2far,intent_queued,20000,48,203,490,31992,0,0
time,2,adaptive,prototype_rolling_4_2far,replace_report,20000,207,387,982,53736,0,0
time,2,adaptive,prototype_rolling_4_2far,ready_to_command,20000,280,452,1090,53610,0,0
time,2,adaptive,prototype_jump_4_2far,price_query,20000,60,76,110,52260,0,0
time,2,adaptive,prototype_jump_4_2far,intent_to_command,20000,177,338,788,70351,0,0
time,2,adaptive,prototype_jump_4_2far,intent_queued,20000,48,201,474,6027,0,0
time,2,adaptive,prototype_jump_4_2far,replace_report,20000,207,395,857,33071,0,0
time,2,adaptive,prototype_jump_4_2far,ready_to_command,20000,280,443,868,73212,0,0
time,2,adaptive,prototype_rolling_32_2far,price_query,20000,60,87,156,25793,0,0
time,2,adaptive,prototype_rolling_32_2far,intent_to_command,20000,176,329,806,49121,0,0
time,2,adaptive,prototype_rolling_32_2far,intent_queued,20000,48,198,521,6832,0,0
time,2,adaptive,prototype_rolling_32_2far,replace_report,20000,171,358,1507,36073,0,0
time,2,adaptive,prototype_rolling_32_2far,ready_to_command,20000,212,413,1100,79689,0,0
time,2,adaptive,prototype_jump_32_2far,price_query,20000,60,92,139,6113,0,0
time,2,adaptive,prototype_jump_32_2far,intent_to_command,20000,176,339,4328,50114,0,0
time,2,adaptive,prototype_jump_32_2far,intent_queued,20000,48,203,490,48832,0,0
time,2,adaptive,prototype_jump_32_2far,replace_report,20000,173,395,4857,110399,0,0
time,2,adaptive,prototype_jump_32_2far,ready_to_command,20000,215,438,813,33005,0,0
time,2,window128,rolling_4,price_query,20000,52,66,203,30421,0,0
time,2,window128,rolling_4,near_range8,20000,70,188,456,31008,0,0
time,2,window128,rolling_4,index_submit,20000,149,232,508,57495,0,0
time,2,window128,rolling_4,index_ack,20000,132,188,287,48965,0,0
time,2,window128,rolling_4,cross_page_submit_subset,314,150,240,260,287,0,0
time,2,window128,outliers_4,price_query,20000,54,70,212,59760,0,0
time,2,window128,outliers_4,near_range8,20000,73,188,467,51926,0,0
time,2,window128,outliers_4,index_submit,20000,153,262,600,37037,0,0
time,2,window128,outliers_4,index_ack,20000,133,197,360,36242,0,0
time,2,window128,outliers_4,cross_page_submit_subset,314,152,257,268,286,0,0
time,2,window128,outliers_4,far_query,20000,52,66,198,63662,0,0
time,2,window128,boundary_4,price_query,20000,53,68,194,5388,0,0
time,2,window128,boundary_4,near_range8,20000,73,189,476,36536,0,0
time,2,window128,boundary_4,index_submit,20000,148,215,417,33235,0,0
time,2,window128,boundary_4,index_ack,20000,162,208,286,52539,0,0
time,2,window128,boundary_4,cross_page_submit_subset,5000,146,170,200,674,0,0
time,2,window128,jump_4,price_query,20000,53,162,342,5660,0,0
time,2,window128,jump_4,near_range8,20000,70,187,448,32352,0,0
time,2,window128,jump_4,index_submit,20000,150,246,459,152702,0,0
time,2,window128,jump_4,index_ack,20000,135,225,394,72624,0,0
time,2,window128,jump_4,cross_page_submit_subset,3746,190,270,369,579,0,0
time,2,window128,jump_4,jump_submit_subset,2496,208,282,382,579,0,0
time,2,window128,rolling_32,price_query,20000,30,52,114,6867,0,0
time,2,window128,rolling_32,near_range8,20000,62,171,423,23556,0,0
time,2,window128,rolling_32,index_submit,20000,87,207,493,38730,0,0
time,2,window128,rolling_32,index_ack,20000,79,176,376,50450,0,0
time,2,window128,rolling_32,cross_page_submit_subset,305,79,194,252,33368,0,0
time,2,window128,outliers_32,price_query,20000,28,45,74,888,0,0
time,2,window128,outliers_32,near_range8,20000,60,140,290,24250,0,0
time,2,window128,outliers_32,index_submit,20000,72,207,326,51981,0,0
time,2,window128,outliers_32,index_ack,20000,62,168,316,21704,0,0
time,2,window128,outliers_32,cross_page_submit_subset,305,72,246,258,1027,0,0
time,2,window128,outliers_32,far_query,20000,34,51,94,21199,0,0
time,2,window128,boundary_32,price_query,20000,28,93,153,181294,0,0
time,2,window128,boundary_32,near_range8,20000,60,265,462,21599,0,0
time,2,window128,boundary_32,index_submit,20000,70,333,542,45007,0,0
time,2,window128,boundary_32,index_ack,20000,86,363,724,347252,0,0
time,2,window128,boundary_32,cross_page_submit_subset,625,72,346,406,438,0,0
time,2,window128,jump_32,price_query,20000,29,54,86,74856,0,0
time,2,window128,jump_32,near_range8,20000,60,156,342,41945,0,0
time,2,window128,jump_32,index_submit,20000,71,241,1245,32057,0,0
time,2,window128,jump_32,index_ack,20000,62,170,278,54468,0,0
time,2,window128,jump_32,cross_page_submit_subset,2652,103,272,864,19770,0,0
time,2,window128,jump_32,jump_submit_subset,2496,104,276,864,19770,0,0
time,2,window128,rolling_128,price_query,20000,29,57,105,23038,0,0
time,2,window128,rolling_128,near_range8,20000,58,167,402,52892,0,0
time,2,window128,rolling_128,index_submit,20000,72,208,535,111393,0,0
time,2,window128,rolling_128,index_ack,20000,66,141,277,21099,0,0
time,2,window128,rolling_128,cross_page_submit_subset,312,73,147,171,181,0,0
time,2,window128,outliers_128,price_query,20000,28,52,80,41755,0,0
time,2,window128,outliers_128,near_range8,20000,57,128,272,56627,0,0
time,2,window128,outliers_128,index_submit,20000,74,189,473,23387,0,0
time,2,window128,outliers_128,index_ack,20000,66,125,279,22785,0,0
time,2,window128,outliers_128,cross_page_submit_subset,312,75,123,150,210,0,0
time,2,window128,outliers_128,far_query,20000,36,50,100,3182,0,0
time,2,window128,boundary_128,price_query,20000,29,51,73,298,0,0
time,2,window128,boundary_128,near_range8,20000,60,135,257,22057,0,0
time,2,window128,boundary_128,index_submit,20000,73,270,2995,20021,0,0
time,2,window128,boundary_128,index_ack,20000,88,171,332,158033,0,0
time,2,window128,boundary_128,cross_page_submit_subset,313,73,137,173,187,0,0
time,2,window128,jump_128,price_query,20000,36,82,230,23025,0,0
time,2,window128,jump_128,near_range8,20000,58,177,324,41087,0,0
time,2,window128,jump_128,index_submit,20000,83,259,3495,22960,0,0
time,2,window128,jump_128,index_ack,20000,67,251,395,83156,0,0
time,2,window128,jump_128,cross_page_submit_subset,2704,126,347,1224,22960,0,0
time,2,window128,jump_128,jump_submit_subset,2432,132,360,1224,22960,0,0
time,2,window128,4096books_4near_2far,price_query,20000,452,1232,27583,609850,0,0
time,2,window128,new_book_growth,index_insert,20000,459,8100,43241,1867031,0,0
time,2,window128,new_book_growth,every64_subset,313,8836,102211,298110,1867031,0,0
time,2,window128,cancel_rehang_4near,index_cancel,20000,72,135,372,55006,0,0
time,2,window128,cancel_rehang_4near,index_new,20000,143,291,1111,63758,0,0
time,2,window128,cancel_rehang_4near,index_accepted,20000,96,300,993,280656,0,0
time,2,window128,cancel_rehang_4near,index_canceled,20000,98,188,981,50328,0,0
time,2,window128,prototype_rolling_4_2far,price_query,20000,39,79,121,22894,0,0
time,2,window128,prototype_rolling_4_2far,intent_to_command,20000,95,306,685,41433,0,0
time,2,window128,prototype_rolling_4_2far,intent_queued,20000,32,125,254,26916,0,0
time,2,window128,prototype_rolling_4_2far,replace_report,20000,105,327,834,120882,0,0
time,2,window128,prototype_rolling_4_2far,ready_to_command,20000,144,418,1151,24283,0,0
time,2,window128,prototype_jump_4_2far,price_query,20000,38,84,134,26622,0,0
time,2,window128,prototype_jump_4_2far,intent_to_command,20000,110,359,1039,178058,0,0
time,2,window128,prototype_jump_4_2far,intent_queued,20000,33,200,508,56104,0,0
time,2,window128,prototype_jump_4_2far,replace_report,20000,121,392,1288,124074,0,0
time,2,window128,prototype_jump_4_2far,ready_to_command,20000,167,463,1652,266736,0,0
time,2,window128,prototype_rolling_32_2far,price_query,20000,31,50,84,740,0,0
time,2,window128,prototype_rolling_32_2far,intent_to_command,20000,88,245,446,24692,0,0
time,2,window128,prototype_rolling_32_2far,intent_queued,20000,32,52,213,26166,0,0
time,2,window128,prototype_rolling_32_2far,replace_report,20000,82,246,591,24455,0,0
time,2,window128,prototype_rolling_32_2far,ready_to_command,20000,98,273,495,51187,0,0
time,2,window128,prototype_jump_32_2far,price_query,20000,32,65,120,16394,0,0
time,2,window128,prototype_jump_32_2far,intent_to_command,20000,94,333,702,67542,0,0
time,2,window128,prototype_jump_32_2far,intent_queued,20000,33,190,444,28838,0,0
time,2,window128,prototype_jump_32_2far,replace_report,20000,98,334,1058,25885,0,0
time,2,window128,prototype_jump_32_2far,ready_to_command,20000,120,444,2248,56640,0,0
time,2,absl_btree,rolling_4,price_query,20000,41,65,220,8899,0,0
time,2,absl_btree,rolling_4,near_range8,20000,57,206,567,35565,0,0
time,2,absl_btree,rolling_4,index_submit,20000,127,217,708,50347,0,0
time,2,absl_btree,rolling_4,index_ack,20000,120,253,672,25122,0,0
time,2,absl_btree,rolling_4,cross_page_submit_subset,314,124,214,247,359,0,0
time,2,absl_btree,outliers_4,price_query,20000,33,69,211,142235,0,0
time,2,absl_btree,outliers_4,near_range8,20000,46,235,626,132194,0,0
time,2,absl_btree,outliers_4,index_submit,20000,113,278,798,1641145,0,0
time,2,absl_btree,outliers_4,index_ack,20000,115,281,1172,534352,0,0
time,2,absl_btree,outliers_4,cross_page_submit_subset,314,114,210,278,291,0,0
time,2,absl_btree,outliers_4,far_query,20000,34,69,193,179518,0,0
time,2,absl_btree,boundary_4,price_query,20000,28,59,99,61457,0,0
time,2,absl_btree,boundary_4,near_range8,20000,36,174,361,161101,0,0
time,2,absl_btree,boundary_4,index_submit,20000,87,230,1015,462723,0,0
time,2,absl_btree,boundary_4,index_ack,20000,109,314,715,101556,0,0
time,2,absl_btree,boundary_4,cross_page_submit_subset,5000,72,265,630,30809,0,0
time,2,absl_btree,jump_4,price_query,20000,29,61,91,32062,0,0
time,2,absl_btree,jump_4,near_range8,20000,36,197,477,207658,0,0
time,2,absl_btree,jump_4,index_submit,20000,99,222,512,24745,0,0
time,2,absl_btree,jump_4,index_ack,20000,109,269,482,63408,0,0
time,2,absl_btree,jump_4,cross_page_submit_subset,3746,106,224,1017,5682,0,0
time,2,absl_btree,jump_4,jump_submit_subset,2496,111,217,1017,4619,0,0
time,2,absl_btree,rolling_32,price_query,20000,32,71,103,5148,0,0
time,2,absl_btree,rolling_32,near_range8,20000,52,199,565,117985,0,0
time,2,absl_btree,rolling_32,index_submit,20000,87,269,769,4042020,0,0
time,2,absl_btree,rolling_32,index_ack,20000,63,272,611,41137,0,0
time,2,absl_btree,rolling_32,cross_page_submit_subset,305,85,225,344,351,0,0
time,2,absl_btree,outliers_32,price_query,20000,38,77,204,40514,0,0
time,2,absl_btree,outliers_32,near_range8,20000,70,210,565,67378,0,0
time,2,absl_btree,outliers_32,index_submit,20000,114,296,1013,459874,0,0
time,2,absl_btree,outliers_32,index_ack,20000,89,314,984,166235,0,0
time,2,absl_btree,outliers_32,cross_page_submit_subset,305,119,259,341,1082,0,0
time,2,absl_btree,outliers_32,far_query,20000,40,78,227,32396,0,0
time,2,absl_btree,boundary_32,price_query,20000,33,93,170,64705,0,0
time,2,absl_btree,boundary_32,near_range8,20000,50,210,525,29816,0,0
time,2,absl_btree,boundary_32,index_submit,20000,77,299,593,6626,0,0
time,2,absl_btree,boundary_32,index_ack,20000,116,369,704,45782,0,0
time,2,absl_btree,boundary_32,cross_page_submit_subset,625,84,200,410,572,0,0
time,2,absl_btree,jump_32,price_query,20000,34,74,133,48690,0,0
time,2,absl_btree,jump_32,near_range8,20000,60,200,556,47638,0,0
time,2,absl_btree,jump_32,index_submit,20000,107,278,757,32656,0,0
time,2,absl_btree,jump_32,index_ack,20000,86,346,560,35799,0,0
time,2,absl_btree,jump_32,cross_page_submit_subset,2652,159,342,1145,19578,0,0
time,2,absl_btree,jump_32,jump_submit_subset,2496,165,343,1145,19578,0,0
time,2,absl_btree,rolling_128,price_query,20000,46,91,120,4329,0,0
time,2,absl_btree,rolling_128,near_range8,20000,62,190,366,43834,0,0
time,2,absl_btree,rolling_128,index_submit,20000,113,268,595,207621,0,0
time,2,absl_btree,rolling_128,index_ack,20000,83,237,849,50060,0,0
time,2,absl_btree,rolling_128,cross_page_submit_subset,312,118,202,367,24802,0,0
time,2,absl_btree,outliers_128,price_query,20000,36,76,163,27180,0,0
time,2,absl_btree,outliers_128,near_range8,20000,52,130,343,70084,0,0
time,2,absl_btree,outliers_128,index_submit,20000,96,261,518,38643,0,0
time,2,absl_btree,outliers_128,index_ack,20000,67,206,521,19573,0,0
time,2,absl_btree,outliers_128,cross_page_submit_subset,312,95,181,300,3845,0,0
time,2,absl_btree,outliers_128,far_query,20000,38,83,203,4492,0,0
time,2,absl_btree,boundary_128,price_query,20000,52,81,151,4386,0,0
time,2,absl_btree,boundary_128,near_range8,20000,93,201,532,37056,0,0
time,2,absl_btree,boundary_128,index_submit,20000,143,282,650,57279,0,0
time,2,absl_btree,boundary_128,index_ack,20000,171,407,1184,74066,0,0
time,2,absl_btree,boundary_128,cross_page_submit_subset,313,143,267,322,342,0,0
time,2,absl_btree,jump_128,price_query,20000,55,97,194,34667,0,0
time,2,absl_btree,jump_128,near_range8,20000,84,203,580,35955,0,0
time,2,absl_btree,jump_128,index_submit,20000,146,393,1137,75607,0,0
time,2,absl_btree,jump_128,index_ack,20000,104,496,984,38513,0,0
time,2,absl_btree,jump_128,cross_page_submit_subset,2704,238,666,1209,2260,0,0
time,2,absl_btree,jump_128,jump_submit_subset,2432,243,689,1209,2260,0,0
time,2,absl_btree,4096books_4near_2far,price_query,20000,302,1029,6285,49369,0,0
time,2,absl_btree,new_book_growth,index_insert,20000,427,5840,21126,646908,0,0
time,2,absl_btree,new_book_growth,every64_subset,313,5947,13968,43933,83869,0,0
time,2,absl_btree,cancel_rehang_4near,index_cancel,20000,52,140,281,27219,0,0
time,2,absl_btree,cancel_rehang_4near,index_new,20000,116,257,581,38831,0,0
time,2,absl_btree,cancel_rehang_4near,index_accepted,20000,76,264,549,28977,0,0
time,2,absl_btree,cancel_rehang_4near,index_canceled,20000,110,258,1052,32015,0,0
time,2,absl_btree,prototype_rolling_4_2far,price_query,20000,31,60,101,5982,0,0
time,2,absl_btree,prototype_rolling_4_2far,intent_to_command,20000,88,293,594,31942,0,0
time,2,absl_btree,prototype_rolling_4_2far,intent_queued,20000,33,186,311,1039,0,0
time,2,absl_btree,prototype_rolling_4_2far,replace_report,20000,135,421,1276,42653,0,0
time,2,absl_btree,prototype_rolling_4_2far,ready_to_command,20000,127,383,1266,30910,0,0
time,2,absl_btree,prototype_jump_4_2far,price_query,20000,30,67,87,23899,0,0
time,2,absl_btree,prototype_jump_4_2far,intent_to_command,20000,86,242,425,30210,0,0
time,2,absl_btree,prototype_jump_4_2far,intent_queued,20000,32,93,199,35234,0,0
time,2,absl_btree,prototype_jump_4_2far,replace_report,20000,134,374,596,17889,0,0
time,2,absl_btree,prototype_jump_4_2far,ready_to_command,20000,124,313,600,46767,0,0
time,2,absl_btree,prototype_rolling_32_2far,price_query,20000,36,77,120,27844,0,0
time,2,absl_btree,prototype_rolling_32_2far,intent_to_command,20000,95,296,662,32137,0,0
time,2,absl_btree,prototype_rolling_32_2far,intent_queued,20000,33,175,332,68177,0,0
time,2,absl_btree,prototype_rolling_32_2far,replace_report,20000,84,408,702,44470,0,0
time,2,absl_btree,prototype_rolling_32_2far,ready_to_command,20000,115,366,724,67258,0,0
time,2,absl_btree,prototype_jump_32_2far,price_query,20000,42,85,178,4220,0,0
time,2,absl_btree,prototype_jump_32_2far,intent_to_command,20000,98,310,632,27385,0,0
time,2,absl_btree,prototype_jump_32_2far,intent_queued,20000,33,130,233,1072,0,0
time,2,absl_btree,prototype_jump_32_2far,replace_report,20000,87,437,910,29802,0,0
time,2,absl_btree,prototype_jump_32_2far,ready_to_command,20000,121,401,1021,41786,0,0
time,2,pool_pages,rolling_4,price_query,20000,32,56,82,28602,0,0
time,2,pool_pages,rolling_4,near_range8,20000,41,142,438,6039,0,0
time,2,pool_pages,rolling_4,index_submit,20000,89,219,581,29455,0,0
time,2,pool_pages,rolling_4,index_ack,20000,82,225,590,28911,0,0
time,2,pool_pages,rolling_4,cross_page_submit_subset,314,98,537,1240,5291,0,0
time,2,pool_pages,rolling_4,page_creation_subset,78,267,800,800,1240,0,0
time,2,pool_pages,outliers_4,price_query,20000,34,59,114,25582,0,0
time,2,pool_pages,outliers_4,near_range8,20000,47,139,304,45319,0,0
time,2,pool_pages,outliers_4,index_submit,20000,99,210,431,30931,0,0
time,2,pool_pages,outliers_4,index_ack,20000,92,196,445,30250,0,0
time,2,pool_pages,outliers_4,cross_page_submit_subset,314,138,498,654,797,0,0
time,2,pool_pages,outliers_4,page_creation_subset,78,288,654,654,797,0,0
time,2,pool_pages,outliers_4,far_query,20000,36,70,182,4742,0,0
time,2,pool_pages,boundary_4,price_query,20000,48,63,201,22849,0,0
time,2,pool_pages,boundary_4,near_range8,20000,81,205,535,66371,0,0
time,2,pool_pages,boundary_4,index_submit,20000,138,185,286,44443,0,0
time,2,pool_pages,boundary_4,index_ack,20000,163,262,399,45909,0,0
time,2,pool_pages,boundary_4,cross_page_submit_subset,5000,136,164,418,30689,0,0
time,2,pool_pages,jump_4,price_query,20000,48,131,416,28269,0,0
time,2,pool_pages,jump_4,near_range8,20000,73,190,487,41241,0,0
time,2,pool_pages,jump_4,index_submit,20000,143,286,444,44948,0,0
time,2,pool_pages,jump_4,index_ack,20000,136,289,513,30986,0,0
time,2,pool_pages,jump_4,cross_page_submit_subset,3746,168,334,686,44948,0,0
time,2,pool_pages,jump_4,page_creation_subset,1248,267,429,6049,44948,0,0
time,2,pool_pages,jump_4,jump_submit_subset,2496,193,359,1349,44948,0,0
time,2,pool_pages,rolling_32,price_query,20000,42,63,123,909,0,0
time,2,pool_pages,rolling_32,near_range8,20000,83,227,945,49123,0,0
time,2,pool_pages,rolling_32,index_submit,20000,120,243,1004,48266,0,0
time,2,pool_pages,rolling_32,index_ack,20000,106,236,774,42638,0,0
time,2,pool_pages,rolling_32,cross_page_submit_subset,305,133,1349,1571,35006,0,0
time,2,pool_pages,rolling_32,page_creation_subset,10,1083,1520,1520,1571,0,0
time,2,pool_pages,outliers_32,price_query,20000,48,68,187,49945,0,0
time,2,pool_pages,outliers_32,near_range8,20000,98,217,574,71252,0,0
time,2,pool_pages,outliers_32,index_submit,20000,140,217,1056,31420,0,0
time,2,pool_pages,outliers_32,index_ack,20000,120,215,984,48447,0,0
time,2,pool_pages,outliers_32,cross_page_submit_subset,305,150,1137,1378,1934,0,0
time,2,pool_pages,outliers_32,page_creation_subset,10,1120,1378,1378,1934,0,0
time,2,pool_pages,outliers_32,far_query,20000,51,71,202,29680,0,0
time,2,pool_pages,boundary_32,price_query,20000,42,66,176,33120,0,0
time,2,pool_pages,boundary_32,near_range8,20000,87,216,557,37567,0,0
time,2,pool_pages,boundary_32,index_submit,20000,119,204,978,51059,0,0
time,2,pool_pages,boundary_32,index_ack,20000,131,270,601,72653,0,0
time,2,pool_pages,boundary_32,cross_page_submit_subset,625,118,177,259,985,0,0
time,2,pool_pages,jump_32,price_query,20000,32,49,75,36806,0,0
time,2,pool_pages,jump_32,near_range8,20000,51,115,188,21784,0,0
time,2,pool_pages,jump_32,index_submit,20000,68,201,287,23264,0,0
time,2,pool_pages,jump_32,index_ack,20000,61,180,342,25723,0,0
time,2,pool_pages,jump_32,cross_page_submit_subset,2652,78,248,432,7651,0,0
time,2,pool_pages,jump_32,page_creation_subset,156,176,370,432,670,0,0
time,2,pool_pages,jump_32,jump_submit_subset,2496,79,255,432,7651,0,0
time,2,pool_pages,rolling_128,price_query,20000,32,47,63,17859,0,0
time,2,pool_pages,rolling_128,near_range8,20000,50,95,153,28132,0,0
time,2,pool_pages,rolling_128,index_submit,20000,68,136,256,38956,0,0
time,2,pool_pages,rolling_128,index_ack,20000,67,125,263,5474,0,0
time,2,pool_pages,rolling_128,cross_page_submit_subset,312,84,177,453,1625,0,0
time,2,pool_pages,rolling_128,page_creation_subset,3,453,453,453,1625,0,0
time,2,pool_pages,outliers_128,price_query,20000,32,45,63,4030,0,0
time,2,pool_pages,outliers_128,near_range8,20000,51,91,186,36198,0,0
time,2,pool_pages,outliers_128,index_submit,20000,68,170,330,17060,0,0
time,2,pool_pages,outliers_128,index_ack,20000,67,140,375,22540,0,0
time,2,pool_pages,outliers_128,cross_page_submit_subset,312,83,163,645,1137,0,0
time,2,pool_pages,outliers_128,page_creation_subset,3,645,645,645,1137,0,0
time,2,pool_pages,outliers_128,far_query,20000,32,55,122,741,0,0
time,2,pool_pages,boundary_128,price_query,20000,41,76,106,19072,0,0
time,2,pool_pages,boundary_128,near_range8,20000,84,207,522,34895,0,0
time,2,pool_pages,boundary_128,index_submit,20000,113,196,592,49467,0,0
time,2,pool_pages,boundary_128,index_ack,20000,127,240,437,30810,0,0
time,2,pool_pages,boundary_128,cross_page_submit_subset,313,122,206,225,270,0,0
time,2,pool_pages,jump_128,price_query,20000,32,49,63,1358,0,0
time,2,pool_pages,jump_128,near_range8,20000,51,105,199,38382,0,0
time,2,pool_pages,jump_128,index_submit,20000,68,179,460,17714,0,0
time,2,pool_pages,jump_128,index_ack,20000,68,184,342,24374,0,0
time,2,pool_pages,jump_128,cross_page_submit_subset,2704,80,244,583,1508,0,0
time,2,pool_pages,jump_128,page_creation_subset,77,207,583,583,1302,0,0
time,2,pool_pages,jump_128,jump_submit_subset,2432,80,220,583,1508,0,0
time,2,pool_pages,4096books_4near_2far,price_query,20000,449,1314,5241,42759,0,0
time,2,pool_pages,new_book_growth,index_insert,20000,372,16387,50675,607431,0,0
time,2,pool_pages,new_book_growth,page_block_growth_subset,313,16974,70822,146835,233056,0,0
time,2,pool_pages,new_book_growth,every64_subset,313,16974,70822,146835,233056,0,0
time,2,pool_pages,cancel_rehang_4near,index_cancel,20000,49,145,324,73493,0,0
time,2,pool_pages,cancel_rehang_4near,index_new,20000,146,293,646,37437,0,0
time,2,pool_pages,cancel_rehang_4near,index_accepted,20000,72,280,630,329038,0,0
time,2,pool_pages,cancel_rehang_4near,index_canceled,20000,101,233,530,54586,0,0
time,2,pool_pages,prototype_rolling_4_2far,price_query,20000,36,66,173,25196,0,0
time,2,pool_pages,prototype_rolling_4_2far,intent_to_command,20000,85,277,1074,95734,0,0
time,2,pool_pages,prototype_rolling_4_2far,intent_queued,20000,32,117,212,64275,0,0
time,2,pool_pages,prototype_rolling_4_2far,replace_report,20000,101,342,1138,41633,0,0
time,2,pool_pages,prototype_rolling_4_2far,ready_to_command,20000,116,362,1291,50799,0,0
time,2,pool_pages,prototype_jump_4_2far,price_query,20000,36,70,127,41905,0,0
time,2,pool_pages,prototype_jump_4_2far,intent_to_command,20000,86,320,870,76708,0,0
time,2,pool_pages,prototype_jump_4_2far,intent_queued,20000,32,139,268,1042,0,0
time,2,pool_pages,prototype_jump_4_2far,replace_report,20000,103,388,1038,114297,0,0
time,2,pool_pages,prototype_jump_4_2far,ready_to_command,20000,119,362,1073,43694,0,0
time,2,pool_pages,prototype_rolling_32_2far,price_query,20000,52,75,115,93897,0,0
time,2,pool_pages,prototype_rolling_32_2far,intent_to_command,20000,157,330,693,32305,0,0
time,2,pool_pages,prototype_rolling_32_2far,intent_queued,20000,43,185,404,4976,0,0
time,2,pool_pages,prototype_rolling_32_2far,replace_report,20000,156,339,800,54887,0,0
time,2,pool_pages,prototype_rolling_32_2far,ready_to_command,20000,193,379,1131,135060,0,0
time,2,pool_pages,prototype_jump_32_2far,price_query,20000,39,73,150,31208,0,0
time,2,pool_pages,prototype_jump_32_2far,intent_to_command,20000,107,332,838,41379,0,0
time,2,pool_pages,prototype_jump_32_2far,intent_queued,20000,33,178,425,1762,0,0
time,2,pool_pages,prototype_jump_32_2far,replace_report,20000,110,346,973,410789,0,0
time,2,pool_pages,prototype_jump_32_2far,ready_to_command,20000,134,363,1129,112653,0,0
time,3,sorted_deque_soa,rolling_4,price_query,20000,36,64,99,4286,0,0
time,3,sorted_deque_soa,rolling_4,near_range8,20000,38,73,114,29783,0,0
time,3,sorted_deque_soa,rolling_4,index_submit,20000,84,218,500,59137,0,0
time,3,sorted_deque_soa,rolling_4,index_ack,20000,82,208,498,62460,0,0
time,3,sorted_deque_soa,rolling_4,cross_page_submit_subset,314,83,179,233,246,0,0
time,3,sorted_deque_soa,outliers_4,price_query,20000,37,61,173,45482,0,0
time,3,sorted_deque_soa,outliers_4,near_range8,20000,39,69,204,24660,0,0
time,3,sorted_deque_soa,outliers_4,index_submit,20000,93,279,674,28431,0,0
time,3,sorted_deque_soa,outliers_4,index_ack,20000,82,225,541,149612,0,0
time,3,sorted_deque_soa,outliers_4,cross_page_submit_subset,314,92,238,273,674,0,0
time,3,sorted_deque_soa,outliers_4,far_query,20000,37,82,213,52795,0,0
time,3,sorted_deque_soa,boundary_4,price_query,20000,36,57,173,192689,0,0
time,3,sorted_deque_soa,boundary_4,near_range8,20000,38,64,201,4256,0,0
time,3,sorted_deque_soa,boundary_4,index_submit,20000,80,226,550,284628,0,0
time,3,sorted_deque_soa,boundary_4,index_ack,20000,100,251,477,46569,0,0
time,3,sorted_deque_soa,boundary_4,cross_page_submit_subset,5000,80,281,590,16011,0,0
time,3,sorted_deque_soa,jump_4,price_query,20000,46,70,186,30518,0,0
time,3,sorted_deque_soa,jump_4,near_range8,20000,50,74,115,39279,0,0
time,3,sorted_deque_soa,jump_4,index_submit,20000,138,240,1056,80842,0,0
time,3,sorted_deque_soa,jump_4,index_ack,20000,124,218,682,1880963,0,0
time,3,sorted_deque_soa,jump_4,cross_page_submit_subset,3746,152,280,1012,51601,0,0
time,3,sorted_deque_soa,jump_4,jump_submit_subset,2496,177,299,1059,51601,0,0
time,3,sorted_deque_soa,rolling_32,price_query,20000,68,92,215,69681,0,0
time,3,sorted_deque_soa,rolling_32,near_range8,20000,89,118,309,30788,0,0
time,3,sorted_deque_soa,rolling_32,index_submit,20000,153,279,648,38010,0,0
time,3,sorted_deque_soa,rolling_32,index_ack,20000,108,204,345,48187,0,0
time,3,sorted_deque_soa,rolling_32,cross_page_submit_subset,305,152,271,307,391,0,0
time,3,sorted_deque_soa,outliers_32,price_query,20000,70,95,221,35422,0,0
time,3,sorted_deque_soa,outliers_32,near_range8,20000,92,123,280,48900,0,0
time,3,sorted_deque_soa,outliers_32,index_submit,20000,160,357,1021,49263,0,0
time,3,sorted_deque_soa,outliers_32,index_ack,20000,110,223,377,8284,0,0
time,3,sorted_deque_soa,outliers_32,cross_page_submit_subset,305,162,340,350,1122,0,0
time,3,sorted_deque_soa,outliers_32,far_query,20000,71,140,433,43542,0,0
time,3,sorted_deque_soa,boundary_32,price_query,20000,67,129,206,53766,0,0
time,3,sorted_deque_soa,boundary_32,near_range8,20000,87,164,281,84220,0,0
time,3,sorted_deque_soa,boundary_32,index_submit,20000,149,297,673,48981,0,0
time,3,sorted_deque_soa,boundary_32,index_ack,20000,156,307,601,35281,0,0
time,3,sorted_deque_soa,boundary_32,cross_page_submit_subset,625,152,269,450,1080,0,0
time,3,sorted_deque_soa,jump_32,price_query,20000,68,119,240,1992747,0,0
time,3,sorted_deque_soa,jump_32,near_range8,20000,87,152,296,33080,0,0
time,3,sorted_deque_soa,jump_32,index_submit,20000,154,425,1212,50471,0,0
time,3,sorted_deque_soa,jump_32,index_ack,20000,110,318,491,35026,0,0
time,3,sorted_deque_soa,jump_32,cross_page_submit_subset,2652,292,508,7027,47718,0,0
time,3,sorted_deque_soa,jump_32,jump_submit_subset,2496,298,516,7027,47718,0,0
time,3,sorted_deque_soa,rolling_128,price_query,20000,50,103,146,38546,0,0
time,3,sorted_deque_soa,rolling_128,near_range8,20000,63,131,191,83722,0,0
time,3,sorted_deque_soa,rolling_128,index_submit,20000,147,247,1016,49701,0,0
time,3,sorted_deque_soa,rolling_128,index_ack,20000,103,200,461,39873,0,0
time,3,sorted_deque_soa,rolling_128,cross_page_submit_subset,312,150,217,259,327,0,0
time,3,sorted_deque_soa,outliers_128,price_query,20000,51,101,164,7155,0,0
time,3,sorted_deque_soa,outliers_128,near_range8,20000,69,136,290,37444,0,0
time,3,sorted_deque_soa,outliers_128,index_submit,20000,136,252,708,33169,0,0
time,3,sorted_deque_soa,outliers_128,index_ack,20000,109,234,482,48340,0,0
time,3,sorted_deque_soa,outliers_128,cross_page_submit_subset,312,140,236,317,322,0,0
time,3,sorted_deque_soa,outliers_128,far_query,20000,50,147,470,34628,0,0
time,3,sorted_deque_soa,boundary_128,price_query,20000,56,97,206,50715,0,0
time,3,sorted_deque_soa,boundary_128,near_range8,20000,66,104,233,36109,0,0
time,3,sorted_deque_soa,boundary_128,index_submit,20000,149,303,981,37046,0,0
time,3,sorted_deque_soa,boundary_128,index_ack,20000,148,336,1021,78962,0,0
time,3,sorted_deque_soa,boundary_128,cross_page_submit_subset,313,157,339,595,851,0,0
time,3,sorted_deque_soa,jump_128,price_query,20000,53,113,278,22823,0,0
time,3,sorted_deque_soa,jump_128,near_range8,20000,68,140,274,35345,0,0
time,3,sorted_deque_soa,jump_128,index_submit,20000,159,510,1660,108323,0,0
time,3,sorted_deque_soa,jump_128,index_ack,20000,116,502,1041,59130,0,0
time,3,sorted_deque_soa,jump_128,cross_page_submit_subset,2704,216,787,4123,41461,0,0
time,3,sorted_deque_soa,jump_128,jump_submit_subset,2432,251,796,2051,41461,0,0
time,3,sorted_deque_soa,4096books_4near_2far,price_query,20000,500,1271,6978,78963,0,0
time,3,sorted_deque_soa,new_book_growth,index_insert,20000,488,5602,30593,1123203,0,0
time,3,sorted_deque_soa,new_book_growth,every64_subset,313,5653,12629,64897,70182,0,0
time,3,sorted_deque_soa,cancel_rehang_4near,index_cancel,20000,50,147,295,5963,0,0
time,3,sorted_deque_soa,cancel_rehang_4near,index_new,20000,102,240,634,176567,0,0
time,3,sorted_deque_soa,cancel_rehang_4near,index_accepted,20000,74,275,645,134228,0,0
time,3,sorted_deque_soa,cancel_rehang_4near,index_canceled,20000,71,183,469,231976,0,0
time,3,sorted_deque_soa,prototype_rolling_4_2far,price_query,20000,39,64,200,3462,0,0
time,3,sorted_deque_soa,prototype_rolling_4_2far,intent_to_command,20000,94,302,1051,320086,0,0
time,3,sorted_deque_soa,prototype_rolling_4_2far,intent_queued,20000,32,181,506,62893,0,0
time,3,sorted_deque_soa,prototype_rolling_4_2far,replace_report,20000,106,350,1116,26543,0,0
time,3,sorted_deque_soa,prototype_rolling_4_2far,ready_to_command,20000,144,433,1299,590849,0,0
time,3,sorted_deque_soa,prototype_jump_4_2far,price_query,20000,56,70,141,61794,0,0
time,3,sorted_deque_soa,prototype_jump_4_2far,intent_to_command,20000,175,357,1064,100428,0,0
time,3,sorted_deque_soa,prototype_jump_4_2far,intent_queued,20000,50,206,555,20955,0,0
time,3,sorted_deque_soa,prototype_jump_4_2far,replace_report,20000,209,403,1153,167981,0,0
time,3,sorted_deque_soa,prototype_jump_4_2far,ready_to_command,20000,274,481,1448,57319,0,0
time,3,sorted_deque_soa,prototype_rolling_32_2far,price_query,20000,77,105,310,93958,0,0
time,3,sorted_deque_soa,prototype_rolling_32_2far,intent_to_command,20000,196,375,973,60609,0,0
time,3,sorted_deque_soa,prototype_rolling_32_2far,intent_queued,20000,49,203,466,25541,0,0
time,3,sorted_deque_soa,prototype_rolling_32_2far,replace_report,20000,168,400,925,56840,0,0
time,3,sorted_deque_soa,prototype_rolling_32_2far,ready_to_command,20000,231,489,1502,42887,0,0
time,3,sorted_deque_soa,prototype_jump_32_2far,price_query,20000,77,101,207,59301,0,0
time,3,sorted_deque_soa,prototype_jump_32_2far,intent_to_command,20000,198,390,1248,52284,0,0
time,3,sorted_deque_soa,prototype_jump_32_2far,intent_queued,20000,49,191,427,52181,0,0
time,3,sorted_deque_soa,prototype_jump_32_2far,replace_report,20000,170,400,757,33610,0,0
time,3,sorted_deque_soa,prototype_jump_32_2far,ready_to_command,20000,234,516,4647,35438,0,0
time,3,linear_prices,rolling_4,price_query,20000,42,55,187,24360,0,0
time,3,linear_prices,rolling_4,near_range8,20000,86,129,264,63335,0,0
time,3,linear_prices,rolling_4,index_submit,20000,123,165,424,40365,0,0
time,3,linear_prices,rolling_4,index_ack,20000,124,174,442,53411,0,0
time,3,linear_prices,rolling_4,cross_page_submit_subset,314,124,157,170,264,0,0
time,3,linear_prices,outliers_4,price_query,20000,42,55,144,5596,0,0
time,3,linear_prices,outliers_4,near_range8,20000,97,142,298,30521,0,0
time,3,linear_prices,outliers_4,index_submit,20000,124,168,300,32652,0,0
time,3,linear_prices,outliers_4,index_ack,20000,125,180,283,32674,0,0
time,3,linear_prices,outliers_4,cross_page_submit_subset,314,125,218,300,317,0,0
time,3,linear_prices,outliers_4,far_query,20000,45,103,387,85890,0,0
time,3,linear_prices,boundary_4,price_query,20000,42,58,194,56247,0,0
time,3,linear_prices,boundary_4,near_range8,20000,96,132,264,53090,0,0
time,3,linear_prices,boundary_4,index_submit,20000,124,163,346,31424,0,0
time,3,linear_prices,boundary_4,index_ack,20000,142,183,289,36000,0,0
time,3,linear_prices,boundary_4,cross_page_submit_subset,5000,123,156,217,4882,0,0
time,3,linear_prices,jump_4,price_query,20000,40,56,142,51592,0,0
time,3,linear_prices,jump_4,near_range8,20000,81,130,263,34702,0,0
time,3,linear_prices,jump_4,index_submit,20000,120,188,344,36177,0,0
time,3,linear_prices,jump_4,index_ack,20000,122,189,396,48565,0,0
time,3,linear_prices,jump_4,cross_page_submit_subset,3746,125,207,339,483,0,0
time,3,linear_prices,jump_4,jump_submit_subset,2496,136,220,366,483,0,0
time,3,linear_prices,rolling_32,price_query,20000,50,81,179,19130,0,0
time,3,linear_prices,rolling_32,near_range8,20000,607,802,17769,60935,0,0
time,3,linear_prices,rolling_32,index_submit,20000,136,217,426,31331,0,0
time,3,linear_prices,rolling_32,index_ack,20000,120,272,358,82518,0,0
time,3,linear_prices,rolling_32,cross_page_submit_subset,305,131,203,215,236,0,0
time,3,linear_prices,outliers_32,price_query,20000,50,78,160,79632,0,0
time,3,linear_prices,outliers_32,near_range8,20000,625,824,19569,246109,0,0
time,3,linear_prices,outliers_32,index_submit,20000,139,210,648,33845,0,0
time,3,linear_prices,outliers_32,index_ack,20000,121,280,394,58721,0,0
time,3,linear_prices,outliers_32,cross_page_submit_subset,305,134,195,232,250,0,0
time,3,linear_prices,outliers_32,far_query,20000,75,88,195,34347,0,0
time,3,linear_prices,boundary_32,price_query,20000,48,72,188,33397,0,0
time,3,linear_prices,boundary_32,near_range8,20000,620,708,7146,117127,0,0
time,3,linear_prices,boundary_32,index_submit,20000,135,194,365,102056,0,0
time,3,linear_prices,boundary_32,index_ack,20000,136,259,339,51753,0,0
time,3,linear_prices,boundary_32,cross_page_submit_subset,625,133,174,474,988,0,0
time,3,linear_prices,jump_32,price_query,20000,51,87,244,61535,0,0
time,3,linear_prices,jump_32,near_range8,20000,612,932,7096,79783,0,0
time,3,linear_prices,jump_32,index_submit,20000,137,231,658,34316,0,0
time,3,linear_prices,jump_32,index_ack,20000,122,316,440,31430,0,0
time,3,linear_prices,jump_32,cross_page_submit_subset,2652,199,259,517,34316,0,0
time,3,linear_prices,jump_32,jump_submit_subset,2496,201,267,517,34316,0,0
time,3,linear_prices,rolling_128,price_query,20000,79,138,229,32750,0,0
time,3,linear_prices,rolling_128,near_range8,20000,2215,2582,35962,87900,0,0
time,3,linear_prices,rolling_128,index_submit,20000,164,325,1064,55551,0,0
time,3,linear_prices,rolling_128,index_ack,20000,120,273,732,35293,0,0
time,3,linear_prices,rolling_128,cross_page_submit_subset,312,146,325,372,392,0,0
time,3,linear_prices,outliers_128,price_query,20000,79,138,245,18167,0,0
time,3,linear_prices,outliers_128,near_range8,20000,2237,2572,36091,88038,0,0
time,3,linear_prices,outliers_128,index_submit,20000,164,331,920,60188,0,0
time,3,linear_prices,outliers_128,index_ack,20000,120,288,946,59209,0,0
time,3,linear_prices,outliers_128,cross_page_submit_subset,312,148,357,473,474,0,0
time,3,linear_prices,outliers_128,far_query,20000,179,200,472,51152,0,0
time,3,linear_prices,boundary_128,price_query,20000,79,137,253,30958,0,0
time,3,linear_prices,boundary_128,near_range8,20000,2254,2523,36540,83565,0,0
time,3,linear_prices,boundary_128,index_submit,20000,163,321,1468,32128,0,0
time,3,linear_prices,boundary_128,index_ack,20000,143,373,662,81578,0,0
time,3,linear_prices,boundary_128,cross_page_submit_subset,313,154,219,266,298,0,0
time,3,linear_prices,jump_128,price_query,20000,84,198,283,30293,0,0
time,3,linear_prices,jump_128,near_range8,20000,2213,3415,35487,78625,0,0
time,3,linear_prices,jump_128,index_submit,20000,168,468,1303,57385,0,0
time,3,linear_prices,jump_128,index_ack,20000,120,690,1360,36783,0,0
time,3,linear_prices,jump_128,cross_page_submit_subset,2704,373,745,2022,6944,0,0
time,3,linear_prices,jump_128,jump_submit_subset,2432,382,751,2022,6944,0,0
time,3,linear_prices,4096books_4near_2far,price_query,20000,272,930,1976,58992,0,0
time,3,linear_prices,new_book_growth,index_insert,20000,335,5074,12252,561571,0,0
time,3,linear_prices,new_book_growth,every64_subset,313,5214,12736,41152,41191,0,0
time,3,linear_prices,cancel_rehang_4near,index_cancel,20000,91,109,158,96346,0,0
time,3,linear_prices,cancel_rehang_4near,index_new,20000,140,176,418,76354,0,0
time,3,linear_prices,cancel_rehang_4near,index_accepted,20000,120,269,554,34057,0,0
time,3,linear_prices,cancel_rehang_4near,index_canceled,20000,128,150,221,33654,0,0
time,3,linear_prices,prototype_rolling_4_2far,price_query,20000,54,70,103,31687,0,0
time,3,linear_prices,prototype_rolling_4_2far,intent_to_command,20000,163,322,669,55975,0,0
time,3,linear_prices,prototype_rolling_4_2far,intent_queued,20000,48,191,466,32986,0,0
time,3,linear_prices,prototype_rolling_4_2far,replace_report,20000,200,362,886,59486,0,0
time,3,linear_prices,prototype_rolling_4_2far,ready_to_command,20000,216,372,1124,51875,0,0
time,3,linear_prices,prototype_jump_4_2far,price_query,20000,53,72,109,58079,0,0
time,3,linear_prices,prototype_jump_4_2far,intent_to_command,20000,165,327,646,51924,0,0
time,3,linear_prices,prototype_jump_4_2far,intent_queued,20000,48,193,467,52808,0,0
time,3,linear_prices,prototype_jump_4_2far,replace_report,20000,202,370,734,37344,0,0
time,3,linear_prices,prototype_jump_4_2far,ready_to_command,20000,217,382,731,37469,0,0
time,3,linear_prices,prototype_rolling_32_2far,price_query,20000,58,83,108,203,0,0
time,3,linear_prices,prototype_rolling_32_2far,intent_to_command,20000,171,338,650,72632,0,0
time,3,linear_prices,prototype_rolling_32_2far,intent_queued,20000,48,192,478,6796,0,0
time,3,linear_prices,prototype_rolling_32_2far,replace_report,20000,170,425,853,36147,0,0
time,3,linear_prices,prototype_rolling_32_2far,ready_to_command,20000,214,372,1025,56385,0,0
time,3,linear_prices,prototype_jump_32_2far,price_query,20000,59,93,138,30701,0,0
time,3,linear_prices,prototype_jump_32_2far,intent_to_command,20000,171,343,723,32517,0,0
time,3,linear_prices,prototype_jump_32_2far,intent_queued,20000,48,194,517,6348,0,0
time,3,linear_prices,prototype_jump_32_2far,replace_report,20000,172,440,847,55247,0,0
time,3,linear_prices,prototype_jump_32_2far,ready_to_command,20000,214,383,746,50088,0,0
time,3,adaptive,rolling_4,price_query,20000,49,63,153,34514,0,0
time,3,adaptive,rolling_4,near_range8,20000,66,206,508,57021,0,0
time,3,adaptive,rolling_4,index_submit,20000,144,223,355,33162,0,0
time,3,adaptive,rolling_4,index_ack,20000,131,180,278,83716,0,0
time,3,adaptive,rolling_4,cross_page_submit_subset,314,145,231,290,512,0,0
time,3,adaptive,outliers_4,price_query,20000,51,65,168,32915,0,0
time,3,adaptive,outliers_4,near_range8,20000,68,261,620,55946,0,0
time,3,adaptive,outliers_4,index_submit,20000,147,250,1123,68777,0,0
time,3,adaptive,outliers_4,index_ack,20000,130,189,783,36767,0,0
time,3,adaptive,outliers_4,cross_page_submit_subset,314,148,239,244,246,0,0
time,3,adaptive,outliers_4,far_query,20000,52,65,206,4960,0,0
time,3,adaptive,boundary_4,price_query,20000,50,62,187,34352,0,0
time,3,adaptive,boundary_4,near_range8,20000,68,232,533,35019,0,0
time,3,adaptive,boundary_4,index_submit,20000,143,204,368,58086,0,0
time,3,adaptive,boundary_4,index_ack,20000,152,203,921,34764,0,0
time,3,adaptive,boundary_4,cross_page_submit_subset,5000,141,172,267,34621,0,0
time,3,adaptive,jump_4,price_query,20000,49,65,222,61404,0,0
time,3,adaptive,jump_4,near_range8,20000,66,212,518,6815,0,0
time,3,adaptive,jump_4,index_submit,20000,145,232,488,37605,0,0
time,3,adaptive,jump_4,index_ack,20000,135,211,591,53995,0,0
time,3,adaptive,jump_4,cross_page_submit_subset,3746,181,255,661,37605,0,0
time,3,adaptive,jump_4,jump_submit_subset,2496,196,268,5669,37605,0,0
time,3,adaptive,rolling_32,price_query,20000,51,75,171,58272,0,0
time,3,adaptive,rolling_32,near_range8,20000,89,222,549,32254,0,0
time,3,adaptive,rolling_32,index_submit,20000,139,202,489,55437,0,0
time,3,adaptive,rolling_32,index_ack,20000,118,175,278,57137,0,0
time,3,adaptive,rolling_32,cross_page_submit_subset,305,140,195,209,620,0,0
time,3,adaptive,outliers_32,price_query,20000,51,71,161,33773,0,0
time,3,adaptive,outliers_32,near_range8,20000,89,224,557,62289,0,0
time,3,adaptive,outliers_32,index_submit,20000,142,223,497,54593,0,0
time,3,adaptive,outliers_32,index_ack,20000,119,179,286,33108,0,0
time,3,adaptive,outliers_32,cross_page_submit_subset,305,142,222,350,371,0,0
time,3,adaptive,outliers_32,far_query,20000,53,65,161,5938,0,0
time,3,adaptive,boundary_32,price_query,20000,52,73,157,60047,0,0
time,3,adaptive,boundary_32,near_range8,20000,91,220,497,31039,0,0
time,3,adaptive,boundary_32,index_submit,20000,142,203,340,36619,0,0
time,3,adaptive,boundary_32,index_ack,20000,138,208,289,36160,0,0
time,3,adaptive,boundary_32,cross_page_submit_subset,625,144,183,245,324,0,0
time,3,adaptive,jump_32,price_query,20000,52,75,161,31287,0,0
time,3,adaptive,jump_32,near_range8,20000,91,220,559,61340,0,0
time,3,adaptive,jump_32,index_submit,20000,142,270,445,31068,0,0
time,3,adaptive,jump_32,index_ack,20000,122,238,324,34982,0,0
time,3,adaptive,jump_32,cross_page_submit_subset,2652,196,359,489,7247,0,0
time,3,adaptive,jump_32,jump_submit_subset,2496,199,360,489,7247,0,0
time,3,adaptive,rolling_128,price_query,20000,56,94,127,6080,0,0
time,3,adaptive,rolling_128,near_range8,20000,93,218,502,53901,0,0
time,3,adaptive,rolling_128,index_submit,20000,155,221,541,35075,0,0
time,3,adaptive,rolling_128,index_ack,20000,119,172,303,73866,0,0
time,3,adaptive,rolling_128,cross_page_submit_subset,312,154,217,225,231,0,0
time,3,adaptive,outliers_128,price_query,20000,57,100,155,36920,0,0
time,3,adaptive,outliers_128,near_range8,20000,92,243,546,35045,0,0
time,3,adaptive,outliers_128,index_submit,20000,154,253,1132,80452,0,0
time,3,adaptive,outliers_128,index_ack,20000,120,216,469,36608,0,0
time,3,adaptive,outliers_128,cross_page_submit_subset,312,154,237,415,484,0,0
time,3,adaptive,outliers_128,far_query,20000,56,70,188,31096,0,0
time,3,adaptive,boundary_128,price_query,20000,59,93,149,34064,0,0
time,3,adaptive,boundary_128,near_range8,20000,94,232,558,40995,0,0
time,3,adaptive,boundary_128,index_submit,20000,162,225,568,52079,0,0
time,3,adaptive,boundary_128,index_ack,20000,152,261,1059,56803,0,0
time,3,adaptive,boundary_128,cross_page_submit_subset,313,177,233,310,375,0,0
time,3,adaptive,jump_128,price_query,20000,57,96,160,52597,0,0
time,3,adaptive,jump_128,near_range8,20000,95,232,451,53141,0,0
time,3,adaptive,jump_128,index_submit,20000,161,388,1086,58876,0,0
time,3,adaptive,jump_128,index_ack,20000,123,331,497,17324,0,0
time,3,adaptive,jump_128,cross_page_submit_subset,2704,209,506,3237,36882,0,0
time,3,adaptive,jump_128,jump_submit_subset,2432,217,514,3237,36882,0,0
time,3,adaptive,4096books_4near_2far,price_query,20000,397,1119,8441,65416,0,0
time,3,adaptive,new_book_growth,index_insert,20000,489,6492,33449,1124398,0,0
time,3,adaptive,new_book_growth,every64_subset,313,6592,15338,41877,45074,0,0
time,3,adaptive,cancel_rehang_4near,index_cancel,20000,94,113,163,34197,0,0
time,3,adaptive,cancel_rehang_4near,index_new,20000,181,239,730,35998,0,0
time,3,adaptive,cancel_rehang_4near,index_accepted,20000,123,290,620,58668,0,0
time,3,adaptive,cancel_rehang_4near,index_canceled,20000,128,152,253,32633,0,0
time,3,adaptive,prototype_rolling_4_2far,price_query,20000,60,76,137,31442,0,0
time,3,adaptive,prototype_rolling_4_2far,intent_to_command,20000,179,363,726,60008,0,0
time,3,adaptive,prototype_rolling_4_2far,intent_queued,20000,48,210,500,30632,0,0
time,3,adaptive,prototype_rolling_4_2far,replace_report,20000,210,400,1130,82882,0,0
time,3,adaptive,prototype_rolling_4_2far,ready_to_command,20000,286,481,4358,127068,0,0
time,3,adaptive,prototype_jump_4_2far,price_query,20000,61,74,106,28791,0,0
time,3,adaptive,prototype_jump_4_2far,intent_to_command,20000,179,350,707,59376,0,0
time,3,adaptive,prototype_jump_4_2far,intent_queued,20000,48,204,493,29861,0,0
time,3,adaptive,prototype_jump_4_2far,replace_report,20000,210,392,864,63291,0,0
time,3,adaptive,prototype_jump_4_2far,ready_to_command,20000,282,460,831,32277,0,0
time,3,adaptive,prototype_rolling_32_2far,price_query,20000,61,86,147,27754,0,0
time,3,adaptive,prototype_rolling_32_2far,intent_to_command,20000,179,348,696,889950,0,0
time,3,adaptive,prototype_rolling_32_2far,intent_queued,20000,49,207,435,28317,0,0
time,3,adaptive,prototype_rolling_32_2far,replace_report,20000,174,356,742,59173,0,0
time,3,adaptive,prototype_rolling_32_2far,ready_to_command,20000,217,442,865,48614,0,0
time,3,adaptive,prototype_jump_32_2far,price_query,20000,40,95,246,27862,0,0
time,3,adaptive,prototype_jump_32_2far,intent_to_command,20000,97,327,1269,1222410,0,0
time,3,adaptive,prototype_jump_32_2far,intent_queued,20000,33,179,403,86380,0,0
time,3,adaptive,prototype_jump_32_2far,replace_report,20000,101,352,1138,1177734,0,0
time,3,adaptive,prototype_jump_32_2far,ready_to_command,20000,130,448,5604,712175,0,0
time,3,window128,rolling_4,price_query,20000,35,62,109,56945,0,0
time,3,window128,rolling_4,near_range8,20000,40,198,476,44898,0,0
time,3,window128,rolling_4,index_submit,20000,105,230,481,49130,0,0
time,3,window128,rolling_4,index_ack,20000,82,187,422,74126,0,0
time,3,window128,rolling_4,cross_page_submit_subset,314,100,205,221,3304,0,0
time,3,window128,outliers_4,price_query,20000,35,63,116,29742,0,0
time,3,window128,outliers_4,near_range8,20000,40,180,433,37276,0,0
time,3,window128,outliers_4,index_submit,20000,87,286,1016,99766,0,0
time,3,window128,outliers_4,index_ack,20000,81,231,572,41897,0,0
time,3,window128,outliers_4,cross_page_submit_subset,314,91,272,461,3642,0,0
time,3,window128,outliers_4,far_query,20000,35,99,209,22014,0,0
time,3,window128,boundary_4,price_query,20000,34,60,99,19626,0,0
time,3,window128,boundary_4,near_range8,20000,40,141,504,47265,0,0
time,3,window128,boundary_4,index_submit,20000,79,213,401,22087,0,0
time,3,window128,boundary_4,index_ack,20000,96,214,437,38398,0,0
time,3,window128,boundary_4,cross_page_submit_subset,5000,79,241,441,1011,0,0
time,3,window128,jump_4,price_query,20000,36,69,192,535,0,0
time,3,window128,jump_4,near_range8,20000,39,179,349,971,0,0
time,3,window128,jump_4,index_submit,20000,95,233,416,36134,0,0
time,3,window128,jump_4,index_ack,20000,82,228,407,41836,0,0
time,3,window128,jump_4,cross_page_submit_subset,3746,110,257,416,1758,0,0
time,3,window128,jump_4,jump_submit_subset,2496,113,260,464,1758,0,0
time,3,window128,rolling_32,price_query,20000,28,49,147,280323,0,0
time,3,window128,rolling_32,near_range8,20000,60,160,390,45972,0,0
time,3,window128,rolling_32,index_submit,20000,71,222,424,200433,0,0
time,3,window128,rolling_32,index_ack,20000,62,231,556,22947,0,0
time,3,window128,rolling_32,cross_page_submit_subset,305,70,181,276,313,0,0
time,3,window128,outliers_32,price_query,20000,29,51,100,40976,0,0
time,3,window128,outliers_32,near_range8,20000,61,205,395,249678,0,0
time,3,window128,outliers_32,index_submit,20000,73,227,384,210858,0,0
time,3,window128,outliers_32,index_ack,20000,62,212,328,62144,0,0
time,3,window128,outliers_32,cross_page_submit_subset,305,73,242,286,327,0,0
time,3,window128,outliers_32,far_query,20000,35,56,130,55125,0,0
time,3,window128,boundary_32,price_query,20000,28,46,81,5744,0,0
time,3,window128,boundary_32,near_range8,20000,60,154,397,16429,0,0
time,3,window128,boundary_32,index_submit,20000,70,173,313,23396,0,0
time,3,window128,boundary_32,index_ack,20000,86,192,358,24513,0,0
time,3,window128,boundary_32,cross_page_submit_subset,625,71,146,174,296,0,0
time,3,window128,jump_32,price_query,20000,29,59,157,24931,0,0
time,3,window128,jump_32,near_range8,20000,60,144,411,36350,0,0
time,3,window128,jump_32,index_submit,20000,72,228,1195,22699,0,0
time,3,window128,jump_32,index_ack,20000,62,194,297,25227,0,0
time,3,window128,jump_32,cross_page_submit_subset,2652,104,257,1030,5597,0,0
time,3,window128,jump_32,jump_submit_subset,2496,105,264,1030,5597,0,0
time,3,window128,rolling_128,price_query,20000,29,55,86,30597,0,0
time,3,window128,rolling_128,near_range8,20000,58,172,411,41381,0,0
time,3,window128,rolling_128,index_submit,20000,73,185,988,30261,0,0
time,3,window128,rolling_128,index_ack,20000,67,179,311,118589,0,0
time,3,window128,rolling_128,cross_page_submit_subset,312,73,148,175,176,0,0
time,3,window128,outliers_128,price_query,20000,28,57,86,46535,0,0
time,3,window128,outliers_128,near_range8,20000,58,177,413,56946,0,0
time,3,window128,outliers_128,index_submit,20000,75,222,605,313474,0,0
time,3,window128,outliers_128,index_ack,20000,67,195,322,25118,0,0
time,3,window128,outliers_128,cross_page_submit_subset,312,76,155,260,280,0,0
time,3,window128,outliers_128,far_query,20000,36,57,99,5895,0,0
time,3,window128,boundary_128,price_query,20000,29,52,84,55818,0,0
time,3,window128,boundary_128,near_range8,20000,60,131,320,32799,0,0
time,3,window128,boundary_128,index_submit,20000,74,266,3248,21788,0,0
time,3,window128,boundary_128,index_ack,20000,88,196,387,60696,0,0
time,3,window128,boundary_128,cross_page_submit_subset,313,74,135,189,208,0,0
time,3,window128,jump_128,price_query,20000,36,75,103,4195,0,0
time,3,window128,jump_128,near_range8,20000,57,160,363,39838,0,0
time,3,window128,jump_128,index_submit,20000,80,246,3425,119391,0,0
time,3,window128,jump_128,index_ack,20000,67,258,406,32398,0,0
time,3,window128,jump_128,cross_page_submit_subset,2704,120,322,1431,77001,0,0
time,3,window128,jump_128,jump_submit_subset,2432,128,330,1431,77001,0,0
time,3,window128,4096books_4near_2far,price_query,20000,359,1114,6056,354353,0,0
time,3,window128,new_book_growth,index_insert,20000,372,5614,19485,917664,0,0
time,3,window128,new_book_growth,every64_subset,313,5731,10409,33832,34106,0,0
time,3,window128,cancel_rehang_4near,index_cancel,20000,99,116,164,8893,0,0
time,3,window128,cancel_rehang_4near,index_new,20000,201,234,573,79968,0,0
time,3,window128,cancel_rehang_4near,index_accepted,20000,130,262,382,40875,0,0
time,3,window128,cancel_rehang_4near,index_canceled,20000,145,170,310,61272,0,0
time,3,window128,prototype_rolling_4_2far,price_query,20000,70,81,174,660,0,0
time,3,window128,prototype_rolling_4_2far,intent_to_command,20000,184,269,529,106494,0,0
time,3,window128,prototype_rolling_4_2far,intent_queued,20000,51,72,192,34156,0,0
time,3,window128,prototype_rolling_4_2far,replace_report,20000,227,327,3974,50053,0,0
time,3,window128,prototype_rolling_4_2far,ready_to_command,20000,306,406,933,35323,0,0
time,3,window128,prototype_jump_4_2far,price_query,20000,70,94,191,11592,0,0
time,3,window128,prototype_jump_4_2far,intent_to_command,20000,185,324,605,32301,0,0
time,3,window128,prototype_jump_4_2far,intent_queued,20000,50,82,193,28144,0,0
time,3,window128,prototype_jump_4_2far,replace_report,20000,228,364,726,38707,0,0
time,3,window128,prototype_jump_4_2far,ready_to_command,20000,306,460,1172,69283,0,0
time,3,window128,prototype_rolling_32_2far,price_query,20000,58,69,114,5837,0,0
time,3,window128,prototype_rolling_32_2far,intent_to_command,20000,171,203,383,24629,0,0
time,3,window128,prototype_rolling_32_2far,intent_queued,20000,51,67,191,25474,0,0
time,3,window128,prototype_rolling_32_2far,replace_report,20000,181,261,435,39518,0,0
time,3,window128,prototype_rolling_32_2far,ready_to_command,20000,209,318,3764,149687,0,0
time,3,window128,prototype_jump_32_2far,price_query,20000,31,61,123,17610,0,0
time,3,window128,prototype_jump_32_2far,intent_to_command,20000,89,227,575,29696,0,0
time,3,window128,prototype_jump_32_2far,intent_queued,20000,32,61,182,4217,0,0
time,3,window128,prototype_jump_32_2far,replace_report,20000,84,235,544,72297,0,0
time,3,window128,prototype_jump_32_2far,ready_to_command,20000,101,356,1548,33373,0,0
time,3,absl_btree,rolling_4,price_query,20000,28,40,62,50043,0,0
time,3,absl_btree,rolling_4,near_range8,20000,33,53,83,19545,0,0
time,3,absl_btree,rolling_4,index_submit,20000,70,169,335,20898,0,0
time,3,absl_btree,rolling_4,index_ack,20000,80,173,373,255806,0,0
time,3,absl_btree,rolling_4,cross_page_submit_subset,314,70,124,169,189,0,0
time,3,absl_btree,outliers_4,price_query,20000,31,65,105,968,0,0
time,3,absl_btree,outliers_4,near_range8,20000,41,190,486,26985,0,0
time,3,absl_btree,outliers_4,index_submit,20000,110,294,657,49584,0,0
time,3,absl_btree,outliers_4,index_ack,20000,109,326,677,29454,0,0
time,3,absl_btree,outliers_4,cross_page_submit_subset,314,109,323,504,5228,0,0
time,3,absl_btree,outliers_4,far_query,20000,32,70,121,39628,0,0
time,3,absl_btree,boundary_4,price_query,20000,47,67,143,44992,0,0
time,3,absl_btree,boundary_4,near_range8,20000,71,111,264,34614,0,0
time,3,absl_btree,boundary_4,index_submit,20000,145,219,352,24717,0,0
time,3,absl_btree,boundary_4,index_ack,20000,219,286,407,25258,0,0
time,3,absl_btree,boundary_4,cross_page_submit_subset,5000,142,166,248,24238,0,0
time,3,absl_btree,jump_4,price_query,20000,48,70,153,930,0,0
time,3,absl_btree,jump_4,near_range8,20000,68,120,266,20770,0,0
time,3,absl_btree,jump_4,index_submit,20000,145,226,335,27308,0,0
time,3,absl_btree,jump_4,index_ack,20000,151,298,708,50212,0,0
time,3,absl_btree,jump_4,cross_page_submit_subset,3746,191,238,353,24365,0,0
time,3,absl_btree,jump_4,jump_submit_subset,2496,200,248,353,24365,0,0
time,3,absl_btree,rolling_32,price_query,20000,52,76,148,36129,0,0
time,3,absl_btree,rolling_32,near_range8,20000,100,147,264,44273,0,0
time,3,absl_btree,rolling_32,index_submit,20000,150,280,433,69901,0,0
time,3,absl_btree,rolling_32,index_ack,20000,123,295,526,44862,0,0
time,3,absl_btree,rolling_32,cross_page_submit_subset,305,150,266,281,400,0,0
time,3,absl_btree,outliers_32,price_query,20000,53,82,150,21023,0,0
time,3,absl_btree,outliers_32,near_range8,20000,102,152,245,30657,0,0
time,3,absl_btree,outliers_32,index_submit,20000,153,296,511,47305,0,0
time,3,absl_btree,outliers_32,index_ack,20000,124,314,486,62935,0,0
time,3,absl_btree,outliers_32,cross_page_submit_subset,305,154,290,312,371,0,0
time,3,absl_btree,outliers_32,far_query,20000,59,79,159,23039,0,0
time,3,absl_btree,boundary_32,price_query,20000,52,80,195,25462,0,0
time,3,absl_btree,boundary_32,near_range8,20000,97,158,320,32011,0,0
time,3,absl_btree,boundary_32,index_submit,20000,147,285,462,99290,0,0
time,3,absl_btree,boundary_32,index_ack,20000,190,337,570,49916,0,0
time,3,absl_btree,boundary_32,cross_page_submit_subset,625,148,180,259,311,0,0
time,3,absl_btree,jump_32,price_query,20000,53,86,204,20888,0,0
time,3,absl_btree,jump_32,near_range8,20000,101,156,256,27414,0,0
time,3,absl_btree,jump_32,index_submit,20000,154,315,457,25280,0,0
time,3,absl_btree,jump_32,index_ack,20000,125,390,622,48252,0,0
time,3,absl_btree,jump_32,cross_page_submit_subset,2652,237,357,493,1116,0,0
time,3,absl_btree,jump_32,jump_submit_subset,2496,239,358,493,1116,0,0
time,3,absl_btree,rolling_128,price_query,20000,59,97,153,916,0,0
time,3,absl_btree,rolling_128,near_range8,20000,102,156,299,49644,0,0
time,3,absl_btree,rolling_128,index_submit,20000,167,261,478,25056,0,0
time,3,absl_btree,rolling_128,index_ack,20000,124,257,578,39689,0,0
time,3,absl_btree,rolling_128,cross_page_submit_subset,312,167,239,322,472,0,0
time,3,absl_btree,outliers_128,price_query,20000,36,69,97,20501,0,0
time,3,absl_btree,outliers_128,near_range8,20000,51,80,150,18220,0,0
time,3,absl_btree,outliers_128,index_submit,20000,95,239,501,24303,0,0
time,3,absl_btree,outliers_128,index_ack,20000,66,179,357,36764,0,0
time,3,absl_btree,outliers_128,cross_page_submit_subset,312,95,166,198,305,0,0
time,3,absl_btree,outliers_128,far_query,20000,38,67,165,28895,0,0
time,3,absl_btree,boundary_128,price_query,20000,35,60,81,905,0,0
time,3,absl_btree,boundary_128,near_range8,20000,49,97,201,19678,0,0
time,3,absl_btree,boundary_128,index_submit,20000,86,192,395,22183,0,0
time,3,absl_btree,boundary_128,index_ack,20000,122,289,548,31036,0,0
time,3,absl_btree,boundary_128,cross_page_submit_subset,313,88,159,168,295,0,0
time,3,absl_btree,jump_128,price_query,20000,36,70,88,4510,0,0
time,3,absl_btree,jump_128,near_range8,20000,51,83,143,4673,0,0
time,3,absl_btree,jump_128,index_submit,20000,95,232,378,36635,0,0
time,3,absl_btree,jump_128,index_ack,20000,67,303,429,37107,0,0
time,3,absl_btree,jump_128,cross_page_submit_subset,2704,156,319,484,1298,0,0
time,3,absl_btree,jump_128,jump_submit_subset,2432,158,328,484,1298,0,0
time,3,absl_btree,4096books_4near_2far,price_query,20000,234,935,3233,48700,0,0
time,3,absl_btree,new_book_growth,index_insert,20000,218,4306,7678,404842,0,0
time,3,absl_btree,new_book_growth,every64_subset,313,4572,8246,28807,60053,0,0
time,3,absl_btree,cancel_rehang_4near,index_cancel,20000,48,65,215,17955,0,0
time,3,absl_btree,cancel_rehang_4near,index_new,20000,98,190,312,36584,0,0
time,3,absl_btree,cancel_rehang_4near,index_accepted,20000,70,225,460,26900,0,0
time,3,absl_btree,cancel_rehang_4near,index_canceled,20000,103,136,316,40131,0,0
time,3,absl_btree,prototype_rolling_4_2far,price_query,20000,30,46,90,96204,0,0
time,3,absl_btree,prototype_rolling_4_2far,intent_to_command,20000,86,223,477,31111,0,0
time,3,absl_btree,prototype_rolling_4_2far,intent_queued,20000,32,46,115,26080,0,0
time,3,absl_btree,prototype_rolling_4_2far,replace_report,20000,134,283,638,47784,0,0
time,3,absl_btree,prototype_rolling_4_2far,ready_to_command,20000,124,265,467,27773,0,0
time,3,absl_btree,prototype_jump_4_2far,price_query,20000,30,45,62,174,0,0
time,3,absl_btree,prototype_jump_4_2far,intent_to_command,20000,85,204,380,60777,0,0
time,3,absl_btree,prototype_jump_4_2far,intent_queued,20000,32,46,77,31304,0,0
time,3,absl_btree,prototype_jump_4_2far,replace_report,20000,134,261,512,44020,0,0
time,3,absl_btree,prototype_jump_4_2far,ready_to_command,20000,124,238,375,27761,0,0
time,3,absl_btree,prototype_rolling_32_2far,price_query,20000,34,68,96,18146,0,0
time,3,absl_btree,prototype_rolling_32_2far,intent_to_command,20000,90,217,384,21504,0,0
time,3,absl_btree,prototype_rolling_32_2far,intent_queued,20000,32,49,176,3800,0,0
time,3,absl_btree,prototype_rolling_32_2far,replace_report,20000,82,292,571,22797,0,0
time,3,absl_btree,prototype_rolling_32_2far,ready_to_command,20000,102,283,461,30655,0,0
time,3,absl_btree,prototype_jump_32_2far,price_query,20000,37,78,115,3859,0,0
time,3,absl_btree,prototype_jump_32_2far,intent_to_command,20000,93,291,556,41062,0,0
time,3,absl_btree,prototype_jump_32_2far,intent_queued,20000,33,172,309,66201,0,0
time,3,absl_btree,prototype_jump_32_2far,replace_report,20000,84,374,783,28582,0,0
time,3,absl_btree,prototype_jump_32_2far,ready_to_command,20000,115,357,691,30497,0,0
time,3,pool_pages,rolling_4,price_query,20000,32,47,64,23623,0,0
time,3,pool_pages,rolling_4,near_range8,20000,39,78,177,31696,0,0
time,3,pool_pages,rolling_4,index_submit,20000,72,175,311,4849,0,0
time,3,pool_pages,rolling_4,index_ack,20000,79,157,300,23330,0,0
time,3,pool_pages,rolling_4,cross_page_submit_subset,314,80,311,419,911,0,0
time,3,pool_pages,rolling_4,page_creation_subset,78,184,419,419,911,0,0
time,3,pool_pages,outliers_4,price_query,20000,32,45,64,34809,0,0
time,3,pool_pages,outliers_4,near_range8,20000,39,75,181,32875,0,0
time,3,pool_pages,outliers_4,index_submit,20000,70,209,329,33349,0,0
time,3,pool_pages,outliers_4,index_ack,20000,78,143,305,22328,0,0
time,3,pool_pages,outliers_4,cross_page_submit_subset,314,77,318,329,333,0,0
time,3,pool_pages,outliers_4,page_creation_subset,78,196,329,329,333,0,0
time,3,pool_pages,outliers_4,far_query,20000,32,66,168,27838,0,0
time,3,pool_pages,boundary_4,price_query,20000,32,49,74,122723,0,0
time,3,pool_pages,boundary_4,near_range8,20000,44,109,231,7129,0,0
time,3,pool_pages,boundary_4,index_submit,20000,69,157,275,62708,0,0
time,3,pool_pages,boundary_4,index_ack,20000,96,193,327,22661,0,0
time,3,pool_pages,boundary_4,cross_page_submit_subset,5000,69,200,532,62708,0,0
time,3,pool_pages,jump_4,price_query,20000,31,48,73,28502,0,0
time,3,pool_pages,jump_4,near_range8,20000,39,95,370,130063,0,0
time,3,pool_pages,jump_4,index_submit,20000,76,186,321,31371,0,0
time,3,pool_pages,jump_4,index_ack,20000,80,194,365,25368,0,0
time,3,pool_pages,jump_4,cross_page_submit_subset,3746,82,254,399,600,0,0
time,3,pool_pages,jump_4,page_creation_subset,1248,148,303,431,600,0,0
time,3,pool_pages,jump_4,jump_submit_subset,2496,128,279,412,600,0,0
time,3,pool_pages,rolling_32,price_query,20000,32,48,66,118501,0,0
time,3,pool_pages,rolling_32,near_range8,20000,50,111,234,24034,0,0
time,3,pool_pages,rolling_32,index_submit,20000,70,169,417,41645,0,0
time,3,pool_pages,rolling_32,index_ack,20000,62,154,319,4518,0,0
time,3,pool_pages,rolling_32,cross_page_submit_subset,305,80,437,499,602,0,0
time,3,pool_pages,rolling_32,page_creation_subset,10,413,499,499,602,0,0
time,3,pool_pages,outliers_32,price_query,20000,33,68,96,32129,0,0
time,3,pool_pages,outliers_32,near_range8,20000,59,220,530,34313,0,0
time,3,pool_pages,outliers_32,index_submit,20000,90,216,706,41485,0,0
time,3,pool_pages,outliers_32,index_ack,20000,83,176,365,149455,0,0
time,3,pool_pages,outliers_32,cross_page_submit_subset,305,92,904,1522,1822,0,0
time,3,pool_pages,outliers_32,page_creation_subset,10,815,1522,1522,1822,0,0
time,3,pool_pages,outliers_32,far_query,20000,34,80,193,46270,0,0
time,3,pool_pages,boundary_32,price_query,20000,32,48,71,31404,0,0
time,3,pool_pages,boundary_32,near_range8,20000,53,114,237,18044,0,0
time,3,pool_pages,boundary_32,index_submit,20000,68,184,294,195750,0,0
time,3,pool_pages,boundary_32,index_ack,20000,95,216,472,22986,0,0
time,3,pool_pages,boundary_32,cross_page_submit_subset,625,69,129,175,207,0,0
time,3,pool_pages,jump_32,price_query,20000,32,60,109,4846,0,0
time,3,pool_pages,jump_32,near_range8,20000,51,180,372,26075,0,0
time,3,pool_pages,jump_32,index_submit,20000,69,208,413,22352,0,0
time,3,pool_pages,jump_32,index_ack,20000,63,214,420,23919,0,0
time,3,pool_pages,jump_32,cross_page_submit_subset,2652,80,323,508,1052,0,0
time,3,pool_pages,jump_32,page_creation_subset,156,183,506,508,708,0,0
time,3,pool_pages,jump_32,jump_submit_subset,2496,80,326,508,1052,0,0
time,3,pool_pages,rolling_128,price_query,20000,33,71,115,47250,0,0
time,3,pool_pages,rolling_128,near_range8,20000,51,188,455,65197,0,0
time,3,pool_pages,rolling_128,index_submit,20000,72,203,710,158095,0,0
time,3,pool_pages,rolling_128,index_ack,20000,70,206,1004,93895,0,0
time,3,pool_pages,rolling_128,cross_page_submit_subset,312,88,396,2246,6999,0,0
time,3,pool_pages,rolling_128,page_creation_subset,3,2161,2161,2161,2246,0,0
time,3,pool_pages,outliers_128,price_query,20000,32,54,79,17093,0,0
time,3,pool_pages,outliers_128,near_range8,20000,51,127,282,20414,0,0
time,3,pool_pages,outliers_128,index_submit,20000,70,207,570,51679,0,0
time,3,pool_pages,outliers_128,index_ack,20000,67,187,361,23862,0,0
time,3,pool_pages,outliers_128,cross_page_submit_subset,312,85,173,837,1217,0,0
time,3,pool_pages,outliers_128,page_creation_subset,3,837,837,837,1217,0,0
time,3,pool_pages,outliers_128,far_query,20000,32,72,161,22336,0,0
time,3,pool_pages,boundary_128,price_query,20000,32,51,76,3817,0,0
time,3,pool_pages,boundary_128,near_range8,20000,54,115,280,31530,0,0
time,3,pool_pages,boundary_128,index_submit,20000,68,187,465,52364,0,0
time,3,pool_pages,boundary_128,index_ack,20000,97,222,352,46201,0,0
time,3,pool_pages,boundary_128,cross_page_submit_subset,313,73,156,1020,23502,0,0
time,3,pool_pages,jump_128,price_query,20000,32,68,105,59266,0,0
time,3,pool_pages,jump_128,near_range8,20000,52,144,405,219562,0,0
time,3,pool_pages,jump_128,index_submit,20000,72,217,1065,40853,0,0
time,3,pool_pages,jump_128,index_ack,20000,70,229,980,54247,0,0
time,3,pool_pages,jump_128,cross_page_submit_subset,2704,83,380,1065,19949,0,0
time,3,pool_pages,jump_128,page_creation_subset,77,308,1343,1343,19949,0,0
time,3,pool_pages,jump_128,jump_submit_subset,2432,82,354,1043,19949,0,0
time,3,pool_pages,4096books_4near_2far,price_query,20000,658,1626,26781,78431,0,0
time,3,pool_pages,new_book_growth,index_insert,20000,594,18995,77095,999189,0,0
time,3,pool_pages,new_book_growth,page_block_growth_subset,313,19209,112251,140336,156535,0,0
time,3,pool_pages,new_book_growth,every64_subset,313,19209,112251,140336,156535,0,0
time,3,pool_pages,cancel_rehang_4near,index_cancel,20000,78,227,277,230546,0,0
time,3,pool_pages,cancel_rehang_4near,index_new,20000,173,604,865,59504,0,0
time,3,pool_pages,cancel_rehang_4near,index_accepted,20000,116,330,599,89783,0,0
time,3,pool_pages,cancel_rehang_4near,index_canceled,20000,140,440,617,34194,0,0
time,3,pool_pages,prototype_rolling_4_2far,price_query,20000,48,111,207,61291,0,0
time,3,pool_pages,prototype_rolling_4_2far,intent_to_command,20000,149,434,767,85471,0,0
time,3,pool_pages,prototype_rolling_4_2far,intent_queued,20000,43,229,522,29362,0,0
time,3,pool_pages,prototype_rolling_4_2far,replace_report,20000,179,495,1083,63112,0,0
time,3,pool_pages,prototype_rolling_4_2far,ready_to_command,20000,203,539,1331,75491,0,0
time,3,pool_pages,prototype_jump_4_2far,price_query,20000,57,87,162,34114,0,0
time,3,pool_pages,prototype_jump_4_2far,intent_to_command,20000,167,366,752,57973,0,0
time,3,pool_pages,prototype_jump_4_2far,intent_queued,20000,49,189,487,26992,0,0
time,3,pool_pages,prototype_jump_4_2far,replace_report,20000,202,449,1045,61417,0,0
time,3,pool_pages,prototype_jump_4_2far,ready_to_command,20000,228,412,1213,82666,0,0
time,3,pool_pages,prototype_rolling_32_2far,price_query,20000,57,87,184,31025,0,0
time,3,pool_pages,prototype_rolling_32_2far,intent_to_command,20000,167,354,746,67011,0,0
time,3,pool_pages,prototype_rolling_32_2far,intent_queued,20000,49,199,480,6894,0,0
time,3,pool_pages,prototype_rolling_32_2far,replace_report,20000,163,381,1162,80825,0,0
time,3,pool_pages,prototype_rolling_32_2far,ready_to_command,20000,201,415,1162,62858,0,0
time,3,pool_pages,prototype_jump_32_2far,price_query,20000,53,83,172,59371,0,0
time,3,pool_pages,prototype_jump_32_2far,intent_to_command,20000,154,381,750,83930,0,0
time,3,pool_pages,prototype_jump_32_2far,intent_queued,20000,45,198,481,73475,0,0
time,3,pool_pages,prototype_jump_32_2far,replace_report,20000,159,380,844,53644,0,0
time,3,pool_pages,prototype_jump_32_2far,ready_to_command,20000,192,400,855,61425,0,0
time,3,sorted_deque,rolling_4,price_query,20000,46,59,95,489,0,0
time,3,sorted_deque,rolling_4,near_range8,20000,51,66,117,29384,0,0
time,3,sorted_deque,rolling_4,index_submit,20000,133,201,312,52567,0,0
time,3,sorted_deque,rolling_4,index_ack,20000,119,166,239,26652,0,0
time,3,sorted_deque,rolling_4,cross_page_submit_subset,314,134,202,228,283,0,0
time,3,sorted_deque,outliers_4,price_query,20000,46,60,99,31015,0,0
time,3,sorted_deque,outliers_4,near_range8,20000,52,69,104,57359,0,0
time,3,sorted_deque,outliers_4,index_submit,20000,136,231,358,33672,0,0
time,3,sorted_deque,outliers_4,index_ack,20000,118,173,242,26657,0,0
time,3,sorted_deque,outliers_4,cross_page_submit_subset,314,137,225,242,242,0,0
time,3,sorted_deque,outliers_4,far_query,20000,46,145,450,29343,0,0
time,3,sorted_deque,boundary_4,price_query,20000,47,63,142,60137,0,0
time,3,sorted_deque,boundary_4,near_range8,20000,54,71,147,54824,0,0
time,3,sorted_deque,boundary_4,index_submit,20000,133,188,306,38088,0,0
time,3,sorted_deque,boundary_4,index_ack,20000,141,194,298,61427,0,0
time,3,sorted_deque,boundary_4,cross_page_submit_subset,5000,130,167,306,32545,0,0
time,3,sorted_deque,jump_4,price_query,20000,43,69,115,55616,0,0
time,3,sorted_deque,jump_4,near_range8,20000,48,82,177,34757,0,0
time,3,sorted_deque,jump_4,index_submit,20000,131,230,408,34248,0,0
time,3,sorted_deque,jump_4,index_ack,20000,121,214,311,73350,0,0
time,3,sorted_deque,jump_4,cross_page_submit_subset,3746,144,262,483,30192,0,0
time,3,sorted_deque,jump_4,jump_submit_subset,2496,163,277,667,30192,0,0
time,3,sorted_deque,rolling_32,price_query,20000,45,108,158,35642,0,0
time,3,sorted_deque,rolling_32,near_range8,20000,64,161,223,32350,0,0
time,3,sorted_deque,rolling_32,index_submit,20000,127,304,658,84681,0,0
time,3,sorted_deque,rolling_32,index_ack,20000,106,280,385,50612,0,0
time,3,sorted_deque,rolling_32,cross_page_submit_subset,305,127,202,288,431,0,0
time,3,sorted_deque,outliers_32,price_query,20000,50,82,166,10830,0,0
time,3,sorted_deque,outliers_32,near_range8,20000,73,115,228,7466,0,0
time,3,sorted_deque,outliers_32,index_submit,20000,143,292,545,36171,0,0
time,3,sorted_deque,outliers_32,index_ack,20000,122,273,420,58789,0,0
time,3,sorted_deque,outliers_32,cross_page_submit_subset,305,145,254,344,487,0,0
time,3,sorted_deque,outliers_32,far_query,20000,51,136,375,894,0,0
time,3,sorted_deque,boundary_32,price_query,20000,45,125,178,54561,0,0
time,3,sorted_deque,boundary_32,near_range8,20000,64,186,272,53991,0,0
time,3,sorted_deque,boundary_32,index_submit,20000,136,410,640,36139,0,0
time,3,sorted_deque,boundary_32,index_ack,20000,144,436,622,35535,0,0
time,3,sorted_deque,boundary_32,cross_page_submit_subset,625,137,361,487,9290,0,0
time,3,sorted_deque,jump_32,price_query,20000,51,83,110,35189,0,0
time,3,sorted_deque,jump_32,near_range8,20000,76,121,171,66647,0,0
time,3,sorted_deque,jump_32,index_submit,20000,142,277,426,53739,0,0
time,3,sorted_deque,jump_32,index_ack,20000,122,254,385,60366,0,0
time,3,sorted_deque,jump_32,cross_page_submit_subset,2652,193,341,702,5682,0,0
time,3,sorted_deque,jump_32,jump_submit_subset,2496,196,345,702,5682,0,0
time,3,sorted_deque,rolling_128,price_query,20000,54,109,180,26085,0,0
time,3,sorted_deque,rolling_128,near_range8,20000,76,138,235,31157,0,0
time,3,sorted_deque,rolling_128,index_submit,20000,144,313,441,74923,0,0
time,3,sorted_deque,rolling_128,index_ack,20000,120,269,408,55693,0,0
time,3,sorted_deque,rolling_128,cross_page_submit_subset,312,143,268,337,392,0,0
time,3,sorted_deque,outliers_128,price_query,20000,54,90,138,64182,0,0
time,3,sorted_deque,outliers_128,near_range8,20000,71,90,176,35475,0,0
time,3,sorted_deque,outliers_128,index_submit,20000,145,290,553,56996,0,0
time,3,sorted_deque,outliers_128,index_ack,20000,116,264,390,7149,0,0
time,3,sorted_deque,outliers_128,cross_page_submit_subset,312,146,270,315,26541,0,0
time,3,sorted_deque,outliers_128,far_query,20000,51,132,353,30676,0,0
time,3,sorted_deque,boundary_128,price_query,20000,56,92,132,24842,0,0
time,3,sorted_deque,boundary_128,near_range8,20000,72,101,190,24232,0,0
time,3,sorted_deque,boundary_128,index_submit,20000,144,257,404,75447,0,0
time,3,sorted_deque,boundary_128,index_ack,20000,143,269,417,46158,0,0
time,3,sorted_deque,boundary_128,cross_page_submit_subset,313,157,215,383,436,0,0
time,3,sorted_deque,jump_128,price_query,20000,55,98,138,29197,0,0
time,3,sorted_deque,jump_128,near_range8,20000,77,132,204,37468,0,0
time,3,sorted_deque,jump_128,index_submit,20000,142,341,677,102391,0,0
time,3,sorted_deque,jump_128,index_ack,20000,113,338,480,59562,0,0
time,3,sorted_deque,jump_128,cross_page_submit_subset,2704,194,414,1057,3975,0,0
time,3,sorted_deque,jump_128,jump_submit_subset,2432,201,421,1057,3975,0,0
time,3,sorted_deque,4096books_4near_2far,price_query,20000,459,1163,7039,75877,0,0
time,3,sorted_deque,new_book_growth,index_insert,20000,401,5008,33365,887962,0,0
time,3,sorted_deque,new_book_growth,every64_subset,313,5050,12151,45427,53783,0,0
time,3,sorted_deque,cancel_rehang_4near,index_cancel,20000,48,147,250,66962,0,0
time,3,sorted_deque,cancel_rehang_4near,index_new,20000,89,226,580,38763,0,0
time,3,sorted_deque,cancel_rehang_4near,index_accepted,20000,69,259,592,59664,0,0
time,3,sorted_deque,cancel_rehang_4near,index_canceled,20000,68,195,482,65367,0,0
time,3,sorted_deque,prototype_rolling_4_2far,price_query,20000,36,65,106,34402,0,0
time,3,sorted_deque,prototype_rolling_4_2far,intent_to_command,20000,90,287,595,40236,0,0
time,3,sorted_deque,prototype_rolling_4_2far,intent_queued,20000,32,154,250,58318,0,0
time,3,sorted_deque,prototype_rolling_4_2far,replace_report,20000,100,327,604,37968,0,0
time,3,sorted_deque,prototype_rolling_4_2far,ready_to_command,20000,134,363,672,53479,0,0
time,3,sorted_deque,prototype_jump_4_2far,price_query,20000,35,49,77,3872,0,0
time,3,sorted_deque,prototype_jump_4_2far,intent_to_command,20000,90,210,387,40954,0,0
time,3,sorted_deque,prototype_jump_4_2far,intent_queued,20000,32,48,116,30575,0,0
time,3,sorted_deque,prototype_jump_4_2far,replace_report,20000,100,235,541,31939,0,0
time,3,sorted_deque,prototype_jump_4_2far,ready_to_command,20000,131,266,444,22328,0,0
time,3,sorted_deque,prototype_rolling_32_2far,price_query,20000,36,64,104,43275,0,0
time,3,sorted_deque,prototype_rolling_32_2far,intent_to_command,20000,91,244,556,86930,0,0
time,3,sorted_deque,prototype_rolling_32_2far,intent_queued,20000,32,53,199,30433,0,0
time,3,sorted_deque,prototype_rolling_32_2far,replace_report,20000,80,228,420,24368,0,0
time,3,sorted_deque,prototype_rolling_32_2far,ready_to_command,20000,102,276,614,56099,0,0
time,3,sorted_deque,prototype_jump_32_2far,price_query,20000,45,83,900,36915,0,0
time,3,sorted_deque,prototype_jump_32_2far,intent_to_command,20000,141,318,1106,127387,0,0
time,3,sorted_deque,prototype_jump_32_2far,intent_queued,20000,39,175,525,5903,0,0
time,3,sorted_deque,prototype_jump_32_2far,replace_report,20000,138,351,1131,273603,0,0
time,3,sorted_deque,prototype_jump_32_2far,ready_to_command,20000,173,452,1333,679720,0,0
time,4,linear_prices,rolling_4,price_query,20000,33,56,113,4818,0,0
time,4,linear_prices,rolling_4,near_range8,20000,67,124,277,17619,0,0
time,4,linear_prices,rolling_4,index_submit,20000,99,177,1006,21883,0,0
time,4,linear_prices,rolling_4,index_ack,20000,103,208,1018,39420,0,0
time,4,linear_prices,rolling_4,cross_page_submit_subset,314,98,166,203,376,0,0
time,4,linear_prices,outliers_4,price_query,20000,34,57,222,5895,0,0
time,4,linear_prices,outliers_4,near_range8,20000,78,141,954,62580,0,0
time,4,linear_prices,outliers_4,index_submit,20000,103,197,1001,28599,0,0
time,4,linear_prices,outliers_4,index_ack,20000,106,214,1017,23044,0,0
time,4,linear_prices,outliers_4,cross_page_submit_subset,314,100,151,179,199,0,0
time,4,linear_prices,outliers_4,far_query,20000,35,90,372,23979,0,0
time,4,linear_prices,boundary_4,price_query,20000,30,56,168,102060,0,0
time,4,linear_prices,boundary_4,near_range8,20000,62,130,948,25080,0,0
time,4,linear_prices,boundary_4,index_submit,20000,87,182,976,20211,0,0
time,4,linear_prices,boundary_4,index_ack,20000,100,223,1014,62130,0,0
time,4,linear_prices,boundary_4,cross_page_submit_subset,5000,88,214,970,1039,0,0
time,4,linear_prices,jump_4,price_query,20000,36,62,918,25392,0,0
time,4,linear_prices,jump_4,near_range8,20000,77,147,963,50974,0,0
time,4,linear_prices,jump_4,index_submit,20000,108,200,1023,21568,0,0
time,4,linear_prices,jump_4,index_ack,20000,114,223,1042,30763,0,0
time,4,linear_prices,jump_4,cross_page_submit_subset,3746,116,209,1028,1084,0,0
time,4,linear_prices,jump_4,jump_submit_subset,2496,125,213,1034,1084,0,0
time,4,linear_prices,rolling_32,price_query,20000,47,84,251,21882,0,0
time,4,linear_prices,rolling_32,near_range8,20000,477,930,6182,73209,0,0
time,4,linear_prices,rolling_32,index_submit,20000,125,216,1034,34394,0,0
time,4,linear_prices,rolling_32,index_ack,20000,103,287,990,31069,0,0
time,4,linear_prices,rolling_32,cross_page_submit_subset,305,120,210,225,1109,0,0
time,4,linear_prices,outliers_32,price_query,20000,37,72,109,3875,0,0
time,4,linear_prices,outliers_32,near_range8,20000,307,711,7109,119523,0,0
time,4,linear_prices,outliers_32,index_submit,20000,83,238,980,181279,0,0
time,4,linear_prices,outliers_32,index_ack,20000,61,247,566,40874,0,0
time,4,linear_prices,outliers_32,cross_page_submit_subset,305,74,246,290,307,0,0
time,4,linear_prices,outliers_32,far_query,20000,41,79,147,136134,0,0
time,4,linear_prices,boundary_32,price_query,20000,36,91,182,44075,0,0
time,4,linear_prices,boundary_32,near_range8,20000,335,876,4835,54267,0,0
time,4,linear_prices,boundary_32,index_submit,20000,87,314,853,39568,0,0
time,4,linear_prices,boundary_32,index_ack,20000,97,307,957,23089,0,0
time,4,linear_prices,boundary_32,cross_page_submit_subset,625,79,286,510,853,0,0
time,4,linear_prices,jump_32,price_query,20000,36,64,98,2909,0,0
time,4,linear_prices,jump_32,near_range8,20000,312,605,3910,113758,0,0
time,4,linear_prices,jump_32,index_submit,20000,81,206,338,5960,0,0
time,4,linear_prices,jump_32,index_ack,20000,61,233,336,20944,0,0
time,4,linear_prices,jump_32,cross_page_submit_subset,2652,114,267,364,5960,0,0
time,4,linear_prices,jump_32,jump_submit_subset,2496,115,272,360,624,0,0
time,4,linear_prices,rolling_128,price_query,20000,54,111,159,23976,0,0
time,4,linear_prices,rolling_128,near_range8,20000,1083,1941,25146,232365,0,0
time,4,linear_prices,rolling_128,index_submit,20000,99,243,496,22245,0,0
time,4,linear_prices,rolling_128,index_ack,20000,66,271,472,106592,0,0
time,4,linear_prices,rolling_128,cross_page_submit_subset,312,91,249,268,326,0,0
time,4,linear_prices,outliers_128,price_query,20000,64,133,213,43331,0,0
time,4,linear_prices,outliers_128,near_range8,20000,1240,2747,31778,691095,0,0
time,4,linear_prices,outliers_128,index_submit,20000,110,309,998,28124,0,0
time,4,linear_prices,outliers_128,index_ack,20000,70,303,844,34104,0,0
time,4,linear_prices,outliers_128,cross_page_submit_subset,312,95,317,359,371,0,0
time,4,linear_prices,outliers_128,far_query,20000,89,195,1000,194324,0,0
time,4,linear_prices,boundary_128,price_query,20000,83,131,167,58244,0,0
time,4,linear_prices,boundary_128,near_range8,20000,2462,2598,29546,105013,0,0
time,4,linear_prices,boundary_128,index_submit,20000,170,305,810,29237,0,0
time,4,linear_prices,boundary_128,index_ack,20000,160,335,592,41351,0,0
time,4,linear_prices,boundary_128,cross_page_submit_subset,313,163,185,213,269,0,0
time,4,linear_prices,jump_128,price_query,20000,60,129,191,22278,0,0
time,4,linear_prices,jump_128,near_range8,20000,1160,2033,21723,112743,0,0
time,4,linear_prices,jump_128,index_submit,20000,100,282,707,33372,0,0
time,4,linear_prices,jump_128,index_ack,20000,66,482,607,34064,0,0
time,4,linear_prices,jump_128,cross_page_submit_subset,2704,218,414,4085,26707,0,0
time,4,linear_prices,jump_128,jump_submit_subset,2432,222,414,2533,26707,0,0
time,4,linear_prices,4096books_4near_2far,price_query,20000,210,872,1512,48181,0,0
time,4,linear_prices,new_book_growth,index_insert,20000,272,4542,8692,1040109,0,0
time,4,linear_prices,new_book_growth,every64_subset,313,4732,10402,38320,57767,0,0
time,4,linear_prices,cancel_rehang_4near,index_cancel,20000,48,68,215,21056,0,0
time,4,linear_prices,cancel_rehang_4near,index_new,20000,86,154,273,36170,0,0
time,4,linear_prices,cancel_rehang_4near,index_accepted,20000,74,230,461,27162,0,0
time,4,linear_prices,cancel_rehang_4near,index_canceled,20000,69,130,254,18786,0,0
time,4,linear_prices,prototype_rolling_4_2far,price_query,20000,38,52,72,18704,0,0
time,4,linear_prices,prototype_rolling_4_2far,intent_to_command,20000,79,198,339,23075,0,0
time,4,linear_prices,prototype_rolling_4_2far,intent_queued,20000,32,43,61,229,0,0
time,4,linear_prices,prototype_rolling_4_2far,replace_report,20000,98,198,354,40680,0,0
time,4,linear_prices,prototype_rolling_4_2far,ready_to_command,20000,100,213,373,36681,0,0
time,4,linear_prices,prototype_jump_4_2far,price_query,20000,38,64,90,18614,0,0
time,4,linear_prices,prototype_jump_4_2far,intent_to_command,20000,79,240,495,92670,0,0
time,4,linear_prices,prototype_jump_4_2far,intent_queued,20000,32,119,259,650790,0,0
time,4,linear_prices,prototype_jump_4_2far,replace_report,20000,99,303,686,719020,0,0
time,4,linear_prices,prototype_jump_4_2far,ready_to_command,20000,100,270,736,1233743,0,0
time,4,linear_prices,prototype_rolling_32_2far,price_query,20000,41,66,146,45419,0,0
time,4,linear_prices,prototype_rolling_32_2far,intent_to_command,20000,86,225,467,37616,0,0
time,4,linear_prices,prototype_rolling_32_2far,intent_queued,20000,32,48,182,4376,0,0
time,4,linear_prices,prototype_rolling_32_2far,replace_report,20000,79,254,484,350976,0,0
time,4,linear_prices,prototype_rolling_32_2far,ready_to_command,20000,112,254,523,60114,0,0
time,4,linear_prices,prototype_jump_32_2far,price_query,20000,42,70,100,116300,0,0
time,4,linear_prices,prototype_jump_32_2far,intent_to_command,20000,88,213,456,38003,0,0
time,4,linear_prices,prototype_jump_32_2far,intent_queued,20000,32,46,182,20821,0,0
time,4,linear_prices,prototype_jump_32_2far,replace_report,20000,80,258,430,188107,0,0
time,4,linear_prices,prototype_jump_32_2far,ready_to_command,20000,114,241,425,49141,0,0
time,4,adaptive,rolling_4,price_query,20000,50,108,156,56419,0,0
time,4,adaptive,rolling_4,near_range8,20000,66,189,353,23529,0,0
time,4,adaptive,rolling_4,index_submit,20000,138,289,507,31643,0,0
time,4,adaptive,rolling_4,index_ack,20000,132,310,418,26124,0,0
time,4,adaptive,rolling_4,cross_page_submit_subset,314,139,273,332,352,0,0
time,4,adaptive,outliers_4,price_query,20000,53,66,150,39726,0,0
time,4,adaptive,outliers_4,near_range8,20000,69,183,437,41248,0,0
time,4,adaptive,outliers_4,index_submit,20000,145,251,515,71338,0,0
time,4,adaptive,outliers_4,index_ack,20000,132,186,440,79751,0,0
time,4,adaptive,outliers_4,cross_page_submit_subset,314,145,261,366,5865,0,0
time,4,adaptive,outliers_4,far_query,20000,56,67,157,4784,0,0
time,4,adaptive,boundary_4,price_query,20000,51,66,149,7016,0,0
time,4,adaptive,boundary_4,near_range8,20000,70,192,373,6102,0,0
time,4,adaptive,boundary_4,index_submit,20000,140,197,414,30639,0,0
time,4,adaptive,boundary_4,index_ack,20000,158,201,287,51929,0,0
time,4,adaptive,boundary_4,cross_page_submit_subset,5000,138,167,414,28350,0,0
time,4,adaptive,jump_4,price_query,20000,50,68,158,25567,0,0
time,4,adaptive,jump_4,near_range8,20000,66,189,323,51921,0,0
time,4,adaptive,jump_4,index_submit,20000,145,228,315,71614,0,0
time,4,adaptive,jump_4,index_ack,20000,139,205,269,77111,0,0
time,4,adaptive,jump_4,cross_page_submit_subset,3746,180,249,585,71614,0,0
time,4,adaptive,jump_4,jump_submit_subset,2496,191,258,585,25328,0,0
time,4,adaptive,rolling_32,price_query,20000,53,84,158,943,0,0
time,4,adaptive,rolling_32,near_range8,20000,93,198,464,148619,0,0
time,4,adaptive,rolling_32,index_submit,20000,140,195,306,35031,0,0
time,4,adaptive,rolling_32,index_ack,20000,123,172,255,71057,0,0
time,4,adaptive,rolling_32,cross_page_submit_subset,305,141,187,193,208,0,0
time,4,adaptive,outliers_32,price_query,20000,53,82,131,50300,0,0
time,4,adaptive,outliers_32,near_range8,20000,90,213,558,26106,0,0
time,4,adaptive,outliers_32,index_submit,20000,140,221,390,42935,0,0
time,4,adaptive,outliers_32,index_ack,20000,120,180,290,54950,0,0
time,4,adaptive,outliers_32,cross_page_submit_subset,305,140,212,243,299,0,0
time,4,adaptive,outliers_32,far_query,20000,55,69,125,32780,0,0
time,4,adaptive,boundary_32,price_query,20000,54,70,154,5207,0,0
time,4,adaptive,boundary_32,near_range8,20000,94,203,418,33292,0,0
time,4,adaptive,boundary_32,index_submit,20000,141,199,317,28041,0,0
time,4,adaptive,boundary_32,index_ack,20000,154,212,274,66416,0,0
time,4,adaptive,boundary_32,cross_page_submit_subset,625,142,177,206,243,0,0
time,4,adaptive,jump_32,price_query,20000,53,88,200,61331,0,0
time,4,adaptive,jump_32,near_range8,20000,91,209,460,5522,0,0
time,4,adaptive,jump_32,index_submit,20000,142,346,464,30873,0,0
time,4,adaptive,jump_32,index_ack,20000,121,272,400,68199,0,0
time,4,adaptive,jump_32,cross_page_submit_subset,2652,205,398,5254,22342,0,0
time,4,adaptive,jump_32,jump_submit_subset,2496,218,401,5254,22342,0,0
time,4,adaptive,rolling_128,price_query,20000,59,101,163,29090,0,0
time,4,adaptive,rolling_128,near_range8,20000,96,197,334,24255,0,0
time,4,adaptive,rolling_128,index_submit,20000,159,216,489,95486,0,0
time,4,adaptive,rolling_128,index_ack,20000,123,172,291,53924,0,0
time,4,adaptive,rolling_128,cross_page_submit_subset,312,158,217,244,273,0,0
time,4,adaptive,outliers_128,price_query,20000,59,101,138,55679,0,0
time,4,adaptive,outliers_128,near_range8,20000,93,211,535,24692,0,0
time,4,adaptive,outliers_128,index_submit,20000,160,231,439,54922,0,0
time,4,adaptive,outliers_128,index_ack,20000,121,178,310,49672,0,0
time,4,adaptive,outliers_128,cross_page_submit_subset,312,161,216,354,417,0,0
time,4,adaptive,outliers_128,far_query,20000,58,72,115,27989,0,0
time,4,adaptive,boundary_128,price_query,20000,68,105,157,29434,0,0
time,4,adaptive,boundary_128,near_range8,20000,97,205,395,31005,0,0
time,4,adaptive,boundary_128,index_submit,20000,164,224,354,73134,0,0
time,4,adaptive,boundary_128,index_ack,20000,168,273,375,42178,0,0
time,4,adaptive,boundary_128,cross_page_submit_subset,313,180,220,309,414,0,0
time,4,adaptive,jump_128,price_query,20000,67,108,133,34377,0,0
time,4,adaptive,jump_128,near_range8,20000,93,214,478,68285,0,0
time,4,adaptive,jump_128,index_submit,20000,165,412,1424,74526,0,0
time,4,adaptive,jump_128,index_ack,20000,120,329,519,117251,0,0
time,4,adaptive,jump_128,cross_page_submit_subset,2704,206,507,4268,74526,0,0
time,4,adaptive,jump_128,jump_submit_subset,2432,217,520,4268,74526,0,0
time,4,adaptive,4096books_4near_2far,price_query,20000,354,1055,6561,135331,0,0
time,4,adaptive,new_book_growth,index_insert,20000,438,5929,16507,630897,0,0
time,4,adaptive,new_book_growth,every64_subset,313,5966,12326,43638,44661,0,0
time,4,adaptive,cancel_rehang_4near,index_cancel,20000,92,112,143,60073,0,0
time,4,adaptive,cancel_rehang_4near,index_new,20000,177,225,577,33430,0,0
time,4,adaptive,cancel_rehang_4near,index_accepted,20000,122,225,410,103796,0,0
time,4,adaptive,cancel_rehang_4near,index_canceled,20000,125,146,296,72366,0,0
time,4,adaptive,prototype_rolling_4_2far,price_query,20000,60,74,104,26122,0,0
time,4,adaptive,prototype_rolling_4_2far,intent_to_command,20000,171,316,646,40411,0,0
time,4,adaptive,prototype_rolling_4_2far,intent_queued,20000,50,163,298,25617,0,0
time,4,adaptive,prototype_rolling_4_2far,replace_report,20000,197,337,654,59213,0,0
time,4,adaptive,prototype_rolling_4_2far,ready_to_command,20000,268,412,814,41752,0,0
time,4,adaptive,prototype_jump_4_2far,price_query,20000,60,76,110,26609,0,0
time,4,adaptive,prototype_jump_4_2far,intent_to_command,20000,173,312,602,34074,0,0
time,4,adaptive,prototype_jump_4_2far,intent_queued,20000,50,165,303,4345,0,0
time,4,adaptive,prototype_jump_4_2far,replace_report,20000,200,338,622,30021,0,0
time,4,adaptive,prototype_jump_4_2far,ready_to_command,20000,270,414,1199,74483,0,0
time,4,adaptive,prototype_rolling_32_2far,price_query,20000,61,86,130,6364,0,0
time,4,adaptive,prototype_rolling_32_2far,intent_to_command,20000,173,309,587,35468,0,0
time,4,adaptive,prototype_rolling_32_2far,intent_queued,20000,50,161,428,24148,0,0
time,4,adaptive,prototype_rolling_32_2far,replace_report,20000,166,297,607,50623,0,0
time,4,adaptive,prototype_rolling_32_2far,ready_to_command,20000,208,358,676,74181,0,0
time,4,adaptive,prototype_jump_32_2far,price_query,20000,54,97,160,49116,0,0
time,4,adaptive,prototype_jump_32_2far,intent_to_command,20000,154,318,606,53531,0,0
time,4,adaptive,prototype_jump_32_2far,intent_queued,20000,42,175,379,56886,0,0
time,4,adaptive,prototype_jump_32_2far,replace_report,20000,150,329,726,28546,0,0
time,4,adaptive,prototype_jump_32_2far,ready_to_command,20000,194,432,835,125396,0,0
time,4,window128,rolling_4,price_query,20000,34,58,96,28436,0,0
time,4,window128,rolling_4,near_range8,20000,38,131,340,17562,0,0
time,4,window128,rolling_4,index_submit,20000,82,220,523,43448,0,0
time,4,window128,rolling_4,index_ack,20000,78,213,425,30370,0,0
time,4,window128,rolling_4,cross_page_submit_subset,314,81,202,247,288,0,0
time,4,window128,outliers_4,price_query,20000,35,57,85,25170,0,0
time,4,window128,outliers_4,near_range8,20000,39,112,217,24051,0,0
time,4,window128,outliers_4,index_submit,20000,81,260,412,37214,0,0
time,4,window128,outliers_4,index_ack,20000,79,199,350,218050,0,0
time,4,window128,outliers_4,cross_page_submit_subset,314,82,205,274,1001,0,0
time,4,window128,outliers_4,far_query,20000,35,96,200,3827,0,0
time,4,window128,boundary_4,price_query,20000,34,56,100,59400,0,0
time,4,window128,boundary_4,near_range8,20000,40,110,240,397333,0,0
time,4,window128,boundary_4,index_submit,20000,77,214,592,286842,0,0
time,4,window128,boundary_4,index_ack,20000,95,227,457,64516,0,0
time,4,window128,boundary_4,cross_page_submit_subset,5000,77,240,6111,286842,0,0
time,4,window128,jump_4,price_query,20000,36,62,208,5107,0,0
time,4,window128,jump_4,near_range8,20000,38,155,406,33085,0,0
time,4,window128,jump_4,index_submit,20000,93,220,376,5592,0,0
time,4,window128,jump_4,index_ack,20000,80,218,421,36236,0,0
time,4,window128,jump_4,cross_page_submit_subset,3746,109,238,366,4159,0,0
time,4,window128,jump_4,jump_submit_subset,2496,111,246,364,772,0,0
time,4,window128,rolling_32,price_query,20000,28,50,75,208,0,0
time,4,window128,rolling_32,near_range8,20000,60,149,260,36038,0,0
time,4,window128,rolling_32,index_submit,20000,70,167,275,34467,0,0
time,4,window128,rolling_32,index_ack,20000,61,139,255,110700,0,0
time,4,window128,rolling_32,cross_page_submit_subset,305,70,118,127,145,0,0
time,4,window128,outliers_32,price_query,20000,28,45,70,894,0,0
time,4,window128,outliers_32,near_range8,20000,60,136,283,35977,0,0
time,4,window128,outliers_32,index_submit,20000,72,212,521,22759,0,0
time,4,window128,outliers_32,index_ack,20000,61,142,255,22570,0,0
time,4,window128,outliers_32,cross_page_submit_subset,305,72,245,265,976,0,0
time,4,window128,outliers_32,far_query,20000,35,52,103,41076,0,0
time,4,window128,boundary_32,price_query,20000,38,56,112,4717,0,0
time,4,window128,boundary_32,near_range8,20000,100,235,516,27149,0,0
time,4,window128,boundary_32,index_submit,20000,120,224,336,33599,0,0
time,4,window128,boundary_32,index_ack,20000,120,240,372,33303,0,0
time,4,window128,boundary_32,cross_page_submit_subset,625,119,200,238,264,0,0
time,4,window128,jump_32,price_query,20000,39,110,247,5533,0,0
time,4,window128,jump_32,near_range8,20000,97,240,559,53596,0,0
time,4,window128,jump_32,index_submit,20000,122,258,2076,63070,0,0
time,4,window128,jump_32,index_ack,20000,107,240,324,27422,0,0
time,4,window128,jump_32,cross_page_submit_subset,2652,179,298,1291,63070,0,0
time,4,window128,jump_32,jump_submit_subset,2496,182,300,742,31814,0,0
time,4,window128,rolling_128,price_query,20000,29,55,79,17312,0,0
time,4,window128,rolling_128,near_range8,20000,58,171,413,49947,0,0
time,4,window128,rolling_128,index_submit,20000,72,176,305,4916,0,0
time,4,window128,rolling_128,index_ack,20000,68,170,285,30170,0,0
time,4,window128,rolling_128,cross_page_submit_subset,312,73,128,148,152,0,0
time,4,window128,outliers_128,price_query,20000,29,65,106,5359,0,0
time,4,window128,outliers_128,near_range8,20000,64,208,415,41358,0,0
time,4,window128,outliers_128,index_submit,20000,80,212,683,28941,0,0
time,4,window128,outliers_128,index_ack,20000,70,218,423,389575,0,0
time,4,window128,outliers_128,cross_page_submit_subset,312,84,192,235,246,0,0
time,4,window128,outliers_128,far_query,20000,37,63,118,5946,0,0
time,4,window128,boundary_128,price_query,20000,29,60,89,6245,0,0
time,4,window128,boundary_128,near_range8,20000,60,155,385,40632,0,0
time,4,window128,boundary_128,index_submit,20000,73,252,2893,26077,0,0
time,4,window128,boundary_128,index_ack,20000,89,233,477,242273,0,0
time,4,window128,boundary_128,cross_page_submit_subset,313,74,140,213,222,0,0
time,4,window128,jump_128,price_query,20000,39,102,207,39593,0,0
time,4,window128,jump_128,near_range8,20000,70,250,547,36738,0,0
time,4,window128,jump_128,index_submit,20000,102,358,3209,17309,0,0
time,4,window128,jump_128,index_ack,20000,86,322,597,57041,0,0
time,4,window128,jump_128,cross_page_submit_subset,2704,162,494,1225,8982,0,0
time,4,window128,jump_128,jump_submit_subset,2432,171,496,1225,8982,0,0
time,4,window128,4096books_4near_2far,price_query,20000,346,1076,5418,70418,0,0
time,4,window128,new_book_growth,index_insert,20000,326,5241,24231,673699,0,0
time,4,window128,new_book_growth,every64_subset,313,5373,34488,52347,56122,0,0
time,4,window128,cancel_rehang_4near,index_cancel,20000,83,115,233,86097,0,0
time,4,window128,cancel_rehang_4near,index_new,20000,166,243,450,77869,0,0
time,4,window128,cancel_rehang_4near,index_accepted,20000,111,274,625,35695,0,0
time,4,window128,cancel_rehang_4near,index_canceled,20000,115,163,354,55885,0,0
time,4,window128,prototype_rolling_4_2far,price_query,20000,37,73,100,4313,0,0
time,4,window128,prototype_rolling_4_2far,intent_to_command,20000,94,300,590,50208,0,0
time,4,window128,prototype_rolling_4_2far,intent_queued,20000,32,117,192,802,0,0
time,4,window128,prototype_rolling_4_2far,replace_report,20000,105,300,620,259229,0,0
time,4,window128,prototype_rolling_4_2far,ready_to_command,20000,149,385,708,33500,0,0
time,4,window128,prototype_jump_4_2far,price_query,20000,58,92,132,27361,0,0
time,4,window128,prototype_jump_4_2far,intent_to_command,20000,173,337,654,49997,0,0
time,4,window128,prototype_jump_4_2far,intent_queued,20000,46,190,501,46911,0,0
time,4,window128,prototype_jump_4_2far,replace_report,20000,202,398,1082,46263,0,0
time,4,window128,prototype_jump_4_2far,ready_to_command,20000,277,466,3539,59510,0,0
time,4,window128,prototype_rolling_32_2far,price_query,20000,31,48,72,4712,0,0
time,4,window128,prototype_rolling_32_2far,intent_to_command,20000,88,216,336,38713,0,0
time,4,window128,prototype_rolling_32_2far,intent_queued,20000,32,46,74,21430,0,0
time,4,window128,prototype_rolling_32_2far,replace_report,20000,82,203,347,37786,0,0
time,4,window128,prototype_rolling_32_2far,ready_to_command,20000,98,235,415,22439,0,0
time,4,window128,prototype_jump_32_2far,price_query,20000,31,38,53,17725,0,0
time,4,window128,prototype_jump_32_2far,intent_to_command,20000,88,212,351,36110,0,0
time,4,window128,prototype_jump_32_2far,intent_queued,20000,32,35,53,26788,0,0
time,4,window128,prototype_jump_32_2far,replace_report,20000,83,166,286,4934,0,0
time,4,window128,prototype_jump_32_2far,ready_to_command,20000,99,214,1277,19767,0,0
time,4,absl_btree,rolling_4,price_query,20000,28,30,44,351,0,0
time,4,absl_btree,rolling_4,near_range8,20000,37,41,56,36772,0,0
time,4,absl_btree,rolling_4,index_submit,20000,71,122,231,17626,0,0
time,4,absl_btree,rolling_4,index_ack,20000,80,131,230,18257,0,0
time,4,absl_btree,rolling_4,cross_page_submit_subset,314,71,123,124,158,0,0
time,4,absl_btree,outliers_4,price_query,20000,32,61,96,30067,0,0
time,4,absl_btree,outliers_4,near_range8,20000,45,161,242,31342,0,0
time,4,absl_btree,outliers_4,index_submit,20000,113,242,416,30024,0,0
time,4,absl_btree,outliers_4,index_ack,20000,116,253,487,94109,0,0
time,4,absl_btree,outliers_4,cross_page_submit_subset,314,110,218,223,224,0,0
time,4,absl_btree,outliers_4,far_query,20000,33,63,130,25257,0,0
time,4,absl_btree,boundary_4,price_query,20000,29,57,136,30524,0,0
time,4,absl_btree,boundary_4,near_range8,20000,40,182,474,56996,0,0
time,4,absl_btree,boundary_4,index_submit,20000,96,207,294,29821,0,0
time,4,absl_btree,boundary_4,index_ack,20000,114,268,444,19756,0,0
time,4,absl_btree,boundary_4,cross_page_submit_subset,5000,89,214,324,1008,0,0
time,4,absl_btree,jump_4,price_query,20000,28,62,98,40812,0,0
time,4,absl_btree,jump_4,near_range8,20000,38,121,330,20430,0,0
time,4,absl_btree,jump_4,index_submit,20000,89,206,548,34357,0,0
time,4,absl_btree,jump_4,index_ack,20000,84,250,464,590828,0,0
time,4,absl_btree,jump_4,cross_page_submit_subset,3746,95,212,547,24136,0,0
time,4,absl_btree,jump_4,jump_submit_subset,2496,105,210,363,17734,0,0
time,4,absl_btree,rolling_32,price_query,20000,31,62,90,5099,0,0
time,4,absl_btree,rolling_32,near_range8,20000,55,111,234,23078,0,0
time,4,absl_btree,rolling_32,index_submit,20000,80,205,413,25147,0,0
time,4,absl_btree,rolling_32,index_ack,20000,61,209,398,36235,0,0
time,4,absl_btree,rolling_32,cross_page_submit_subset,305,80,173,272,281,0,0
time,4,absl_btree,outliers_32,price_query,20000,32,69,121,6170,0,0
time,4,absl_btree,outliers_32,near_range8,20000,57,174,419,23848,0,0
time,4,absl_btree,outliers_32,index_submit,20000,88,260,533,32763,0,0
time,4,absl_btree,outliers_32,index_ack,20000,64,255,625,52136,0,0
time,4,absl_btree,outliers_32,cross_page_submit_subset,305,90,291,308,340,0,0
time,4,absl_btree,outliers_32,far_query,20000,34,72,151,20339,0,0
time,4,absl_btree,boundary_32,price_query,20000,31,49,76,18755,0,0
time,4,absl_btree,boundary_32,near_range8,20000,53,87,168,468,0,0
time,4,absl_btree,boundary_32,index_submit,20000,71,169,352,41143,0,0
time,4,absl_btree,boundary_32,index_ack,20000,113,203,380,21659,0,0
time,4,absl_btree,boundary_32,cross_page_submit_subset,625,82,137,274,4511,0,0
time,4,absl_btree,jump_32,price_query,20000,31,65,95,17928,0,0
time,4,absl_btree,jump_32,near_range8,20000,55,110,215,19405,0,0
time,4,absl_btree,jump_32,index_submit,20000,83,226,356,24730,0,0
time,4,absl_btree,jump_32,index_ack,20000,62,270,458,32882,0,0
time,4,absl_btree,jump_32,cross_page_submit_subset,2652,124,284,470,1206,0,0
time,4,absl_btree,jump_32,jump_submit_subset,2496,126,288,470,1206,0,0
time,4,absl_btree,rolling_128,price_query,20000,36,74,101,4469,0,0
time,4,absl_btree,rolling_128,near_range8,20000,51,110,203,41933,0,0
time,4,absl_btree,rolling_128,index_submit,20000,96,208,507,30491,0,0
time,4,absl_btree,rolling_128,index_ack,20000,67,174,417,28845,0,0
time,4,absl_btree,rolling_128,cross_page_submit_subset,312,97,186,209,281,0,0
time,4,absl_btree,outliers_128,price_query,20000,60,103,199,28447,0,0
time,4,absl_btree,outliers_128,near_range8,20000,97,176,366,27670,0,0
time,4,absl_btree,outliers_128,index_submit,20000,159,297,648,49520,0,0
time,4,absl_btree,outliers_128,index_ack,20000,114,256,739,65309,0,0
time,4,absl_btree,outliers_128,cross_page_submit_subset,312,157,232,301,438,0,0
time,4,absl_btree,outliers_128,far_query,20000,61,88,171,52797,0,0
time,4,absl_btree,boundary_128,price_query,20000,36,86,138,26774,0,0
time,4,absl_btree,boundary_128,near_range8,20000,50,169,423,21996,0,0
time,4,absl_btree,boundary_128,index_submit,20000,90,213,478,44684,0,0
time,4,absl_btree,boundary_128,index_ack,20000,130,352,975,56416,0,0
time,4,absl_btree,boundary_128,cross_page_submit_subset,313,94,205,217,254,0,0
time,4,absl_btree,jump_128,price_query,20000,39,81,149,4623,0,0
time,4,absl_btree,jump_128,near_range8,20000,51,120,265,707583,0,0
time,4,absl_btree,jump_128,index_submit,20000,99,302,1216,44561,0,0
time,4,absl_btree,jump_128,index_ack,20000,68,391,779,436228,0,0
time,4,absl_btree,jump_128,cross_page_submit_subset,2704,163,514,1514,22952,0,0
time,4,absl_btree,jump_128,jump_submit_subset,2432,166,519,1514,22952,0,0
time,4,absl_btree,4096books_4near_2far,price_query,20000,269,967,1845,50883,0,0
time,4,absl_btree,new_book_growth,index_insert,20000,297,5042,18552,552664,0,0
time,4,absl_btree,new_book_growth,every64_subset,313,5172,11258,41136,67962,0,0
time,4,absl_btree,cancel_rehang_4near,index_cancel,20000,99,118,162,27601,0,0
time,4,absl_btree,cancel_rehang_4near,index_new,20000,187,318,813,56119,0,0
time,4,absl_btree,cancel_rehang_4near,index_accepted,20000,136,280,615,128563,0,0
time,4,absl_btree,cancel_rehang_4near,index_canceled,20000,212,243,1038,48947,0,0
time,4,absl_btree,prototype_rolling_4_2far,price_query,20000,50,67,115,30188,0,0
time,4,absl_btree,prototype_rolling_4_2far,intent_to_command,20000,179,350,704,37994,0,0
time,4,absl_btree,prototype_rolling_4_2far,intent_queued,20000,50,201,465,28038,0,0
time,4,absl_btree,prototype_rolling_4_2far,replace_report,20000,281,459,1188,32954,0,0
time,4,absl_btree,prototype_rolling_4_2far,ready_to_command,20000,273,442,1089,69982,0,0
time,4,absl_btree,prototype_jump_4_2far,price_query,20000,51,71,120,103783,0,0
time,4,absl_btree,prototype_jump_4_2far,intent_to_command,20000,179,364,755,56891,0,0
time,4,absl_btree,prototype_jump_4_2far,intent_queued,20000,50,212,525,20829,0,0
time,4,absl_btree,prototype_jump_4_2far,replace_report,20000,281,485,1270,104678,0,0
time,4,absl_btree,prototype_jump_4_2far,ready_to_command,20000,273,452,2125,56490,0,0
time,4,absl_btree,prototype_rolling_32_2far,price_query,20000,59,91,131,33488,0,0
time,4,absl_btree,prototype_rolling_32_2far,intent_to_command,20000,179,352,656,88295,0,0
time,4,absl_btree,prototype_rolling_32_2far,intent_queued,20000,50,204,510,47123,0,0
time,4,absl_btree,prototype_rolling_32_2far,replace_report,20000,174,495,995,53091,0,0
time,4,absl_btree,prototype_rolling_32_2far,ready_to_command,20000,219,471,815,74611,0,0
time,4,absl_btree,prototype_jump_32_2far,price_query,20000,59,94,163,31141,0,0
time,4,absl_btree,prototype_jump_32_2far,intent_to_command,20000,181,366,718,31261,0,0
time,4,absl_btree,prototype_jump_32_2far,intent_queued,20000,50,200,508,57559,0,0
time,4,absl_btree,prototype_jump_32_2far,replace_report,20000,176,526,1062,81258,0,0
time,4,absl_btree,prototype_jump_32_2far,ready_to_command,20000,223,485,1033,77562,0,0
time,4,pool_pages,rolling_4,price_query,20000,48,61,98,29586,0,0
time,4,pool_pages,rolling_4,near_range8,20000,73,191,484,70573,0,0
time,4,pool_pages,rolling_4,index_submit,20000,142,206,438,49859,0,0
time,4,pool_pages,rolling_4,index_ack,20000,129,199,440,26635,0,0
time,4,pool_pages,rolling_4,cross_page_submit_subset,314,150,595,846,1375,0,0
time,4,pool_pages,rolling_4,page_creation_subset,78,329,846,846,1375,0,0
time,4,pool_pages,outliers_4,price_query,20000,50,63,99,54367,0,0
time,4,pool_pages,outliers_4,near_range8,20000,76,206,520,53983,0,0
time,4,pool_pages,outliers_4,index_submit,20000,145,210,766,86595,0,0
time,4,pool_pages,outliers_4,index_ack,20000,131,208,467,32932,0,0
time,4,pool_pages,outliers_4,cross_page_submit_subset,314,149,856,1073,1339,0,0
time,4,pool_pages,outliers_4,page_creation_subset,78,326,1073,1073,1339,0,0
time,4,pool_pages,outliers_4,far_query,20000,53,65,104,33918,0,0
time,4,pool_pages,boundary_4,price_query,20000,50,61,97,33885,0,0
time,4,pool_pages,boundary_4,near_range8,20000,85,203,546,33604,0,0
time,4,pool_pages,boundary_4,index_submit,20000,144,190,350,55488,0,0
time,4,pool_pages,boundary_4,index_ack,20000,171,273,449,32324,0,0
time,4,pool_pages,boundary_4,cross_page_submit_subset,5000,142,168,259,55488,0,0
time,4,pool_pages,jump_4,price_query,20000,49,97,195,33477,0,0
time,4,pool_pages,jump_4,near_range8,20000,75,195,520,50997,0,0
time,4,pool_pages,jump_4,index_submit,20000,147,293,425,50089,0,0
time,4,pool_pages,jump_4,index_ack,20000,142,299,487,34255,0,0
time,4,pool_pages,jump_4,cross_page_submit_subset,3746,175,327,476,33349,0,0
time,4,pool_pages,jump_4,page_creation_subset,1248,277,414,631,33349,0,0
time,4,pool_pages,jump_4,jump_submit_subset,2496,198,348,526,33349,0,0
time,4,pool_pages,rolling_32,price_query,20000,49,66,120,47591,0,0
time,4,pool_pages,rolling_32,near_range8,20000,96,214,494,82935,0,0
time,4,pool_pages,rolling_32,index_submit,20000,137,200,490,29575,0,0
time,4,pool_pages,rolling_32,index_ack,20000,120,193,460,28522,0,0
time,4,pool_pages,rolling_32,cross_page_submit_subset,305,150,1043,1332,1378,0,0
time,4,pool_pages,rolling_32,page_creation_subset,10,1000,1332,1332,1378,0,0
time,4,pool_pages,outliers_32,price_query,20000,50,62,100,30500,0,0
time,4,pool_pages,outliers_32,near_range8,20000,100,217,450,27707,0,0
time,4,pool_pages,outliers_32,index_submit,20000,142,193,749,33808,0,0
time,4,pool_pages,outliers_32,index_ack,20000,123,191,446,50932,0,0
time,4,pool_pages,outliers_32,cross_page_submit_subset,305,153,1085,1345,1387,0,0
time,4,pool_pages,outliers_32,page_creation_subset,10,1070,1345,1345,1387,0,0
time,4,pool_pages,outliers_32,far_query,20000,53,64,99,50523,0,0
time,4,pool_pages,boundary_32,price_query,20000,49,61,96,32593,0,0
time,4,pool_pages,boundary_32,near_range8,20000,103,221,533,33221,0,0
time,4,pool_pages,boundary_32,index_submit,20000,139,187,430,49045,0,0
time,4,pool_pages,boundary_32,index_ack,20000,138,258,446,34319,0,0
time,4,pool_pages,boundary_32,cross_page_submit_subset,625,141,175,193,213,0,0
time,4,pool_pages,jump_32,price_query,20000,48,62,138,7172,0,0
time,4,pool_pages,jump_32,near_range8,20000,96,222,538,95936,0,0
time,4,pool_pages,jump_32,index_submit,20000,139,229,579,83439,0,0
time,4,pool_pages,jump_32,index_ack,20000,124,248,492,57717,0,0
time,4,pool_pages,jump_32,cross_page_submit_subset,2652,170,377,1037,35078,0,0
time,4,pool_pages,jump_32,page_creation_subset,156,289,1037,1163,1223,0,0
time,4,pool_pages,jump_32,jump_submit_subset,2496,171,381,1037,35078,0,0
time,4,pool_pages,rolling_128,price_query,20000,49,64,107,25177,0,0
time,4,pool_pages,rolling_128,near_range8,20000,96,217,526,37165,0,0
time,4,pool_pages,rolling_128,index_submit,20000,138,188,569,59262,0,0
time,4,pool_pages,rolling_128,index_ack,20000,122,180,280,60298,0,0
time,4,pool_pages,rolling_128,cross_page_submit_subset,312,151,231,2587,3251,0,0
time,4,pool_pages,rolling_128,page_creation_subset,3,2587,2587,2587,3251,0,0
time,4,pool_pages,outliers_128,price_query,20000,50,65,120,922,0,0
time,4,pool_pages,outliers_128,near_range8,20000,99,213,551,33748,0,0
time,4,pool_pages,outliers_128,index_submit,20000,142,191,411,101926,0,0
time,4,pool_pages,outliers_128,index_ack,20000,123,194,344,44443,0,0
time,4,pool_pages,outliers_128,cross_page_submit_subset,312,156,323,1985,5214,0,0
time,4,pool_pages,outliers_128,page_creation_subset,3,1960,1960,1960,1985,0,0
time,4,pool_pages,outliers_128,far_query,20000,54,66,156,69777,0,0
time,4,pool_pages,boundary_128,price_query,20000,48,62,100,34264,0,0
time,4,pool_pages,boundary_128,near_range8,20000,100,227,554,31619,0,0
time,4,pool_pages,boundary_128,index_submit,20000,136,179,414,35798,0,0
time,4,pool_pages,boundary_128,index_ack,20000,133,221,438,61192,0,0
time,4,pool_pages,boundary_128,cross_page_submit_subset,313,138,193,232,269,0,0
time,4,pool_pages,jump_128,price_query,20000,49,64,101,32956,0,0
time,4,pool_pages,jump_128,near_range8,20000,97,229,549,30760,0,0
time,4,pool_pages,jump_128,index_submit,20000,140,207,826,57761,0,0
time,4,pool_pages,jump_128,index_ack,20000,124,229,634,31668,0,0
time,4,pool_pages,jump_128,cross_page_submit_subset,2704,173,478,1119,32477,0,0
time,4,pool_pages,jump_128,page_creation_subset,77,374,1119,1119,1404,0,0
time,4,pool_pages,jump_128,jump_submit_subset,2432,174,465,1119,32477,0,0
time,4,pool_pages,4096books_4near_2far,price_query,20000,671,1607,10303,121319,0,0
time,4,pool_pages,new_book_growth,index_insert,20000,619,19469,68709,921292,0,0
time,4,pool_pages,new_book_growth,page_block_growth_subset,313,19902,109446,298745,354934,0,0
time,4,pool_pages,new_book_growth,every64_subset,313,19902,109446,298745,354934,0,0
time,4,pool_pages,cancel_rehang_4near,index_cancel,20000,94,116,213,53256,0,0
time,4,pool_pages,cancel_rehang_4near,index_new,20000,185,374,1157,37794,0,0
time,4,pool_pages,cancel_rehang_4near,index_accepted,20000,134,289,626,84994,0,0
time,4,pool_pages,cancel_rehang_4near,index_canceled,20000,156,261,595,31939,0,0
time,4,pool_pages,prototype_rolling_4_2far,price_query,20000,57,75,150,33085,0,0
time,4,pool_pages,prototype_rolling_4_2far,intent_to_command,20000,179,358,697,33144,0,0
time,4,pool_pages,prototype_rolling_4_2far,intent_queued,20000,49,203,490,30059,0,0
time,4,pool_pages,prototype_rolling_4_2far,replace_report,20000,222,453,1098,70508,0,0
time,4,pool_pages,prototype_rolling_4_2far,ready_to_command,20000,247,442,4952,56436,0,0
time,4,pool_pages,prototype_jump_4_2far,price_query,20000,59,77,138,32456,0,0
time,4,pool_pages,prototype_jump_4_2far,intent_to_command,20000,180,367,707,55778,0,0
time,4,pool_pages,prototype_jump_4_2far,intent_queued,20000,49,204,502,6768,0,0
time,4,pool_pages,prototype_jump_4_2far,replace_report,20000,223,490,1393,114423,0,0
time,4,pool_pages,prototype_jump_4_2far,ready_to_command,20000,247,425,846,87341,0,0
time,4,pool_pages,prototype_rolling_32_2far,price_query,20000,59,80,166,7384,0,0
time,4,pool_pages,prototype_rolling_32_2far,intent_to_command,20000,178,338,655,34381,0,0
time,4,pool_pages,prototype_rolling_32_2far,intent_queued,20000,50,194,481,74407,0,0
time,4,pool_pages,prototype_rolling_32_2far,replace_report,20000,177,389,1076,57653,0,0
time,4,pool_pages,prototype_rolling_32_2far,ready_to_command,20000,218,413,1100,138533,0,0
time,4,pool_pages,prototype_jump_32_2far,price_query,20000,59,81,142,30481,0,0
time,4,pool_pages,prototype_jump_32_2far,intent_to_command,20000,178,371,771,76716,0,0
time,4,pool_pages,prototype_jump_32_2far,intent_queued,20000,50,198,507,6554,0,0
time,4,pool_pages,prototype_jump_32_2far,replace_report,20000,178,398,1036,51203,0,0
time,4,pool_pages,prototype_jump_32_2far,ready_to_command,20000,218,410,758,55477,0,0
time,4,sorted_deque,rolling_4,price_query,20000,48,60,159,33464,0,0
time,4,sorted_deque,rolling_4,near_range8,20000,54,69,193,52189,0,0
time,4,sorted_deque,rolling_4,index_submit,20000,143,216,434,35108,0,0
time,4,sorted_deque,rolling_4,index_ack,20000,127,182,265,241827,0,0
time,4,sorted_deque,rolling_4,cross_page_submit_subset,314,142,211,235,342,0,0
time,4,sorted_deque,outliers_4,price_query,20000,51,63,186,55065,0,0
time,4,sorted_deque,outliers_4,near_range8,20000,58,72,186,6323,0,0
time,4,sorted_deque,outliers_4,index_submit,20000,149,253,525,54303,0,0
time,4,sorted_deque,outliers_4,index_ack,20000,130,190,420,31045,0,0
time,4,sorted_deque,outliers_4,cross_page_submit_subset,314,150,253,313,365,0,0
time,4,sorted_deque,outliers_4,far_query,20000,50,148,462,83988,0,0
time,4,sorted_deque,boundary_4,price_query,20000,49,62,208,33830,0,0
time,4,sorted_deque,boundary_4,near_range8,20000,58,71,217,34009,0,0
time,4,sorted_deque,boundary_4,index_submit,20000,144,198,350,32885,0,0
time,4,sorted_deque,boundary_4,index_ack,20000,155,200,358,58797,0,0
time,4,sorted_deque,boundary_4,cross_page_submit_subset,5000,142,169,304,32885,0,0
time,4,sorted_deque,jump_4,price_query,20000,49,62,197,6376,0,0
time,4,sorted_deque,jump_4,near_range8,20000,55,70,172,32755,0,0
time,4,sorted_deque,jump_4,index_submit,20000,147,230,499,52704,0,0
time,4,sorted_deque,jump_4,index_ack,20000,133,210,302,55802,0,0
time,4,sorted_deque,jump_4,cross_page_submit_subset,3746,175,249,1055,52704,0,0
time,4,sorted_deque,jump_4,jump_submit_subset,2496,192,260,1171,52704,0,0
time,4,sorted_deque,rolling_32,price_query,20000,50,73,159,5229,0,0
time,4,sorted_deque,rolling_32,near_range8,20000,74,88,229,34944,0,0
time,4,sorted_deque,rolling_32,index_submit,20000,141,196,455,57785,0,0
time,4,sorted_deque,rolling_32,index_ack,20000,121,179,274,86439,0,0
time,4,sorted_deque,rolling_32,cross_page_submit_subset,305,140,186,197,286,0,0
time,4,sorted_deque,outliers_32,price_query,20000,50,73,145,59179,0,0
time,4,sorted_deque,outliers_32,near_range8,20000,73,87,172,32998,0,0
time,4,sorted_deque,outliers_32,index_submit,20000,144,223,460,34101,0,0
time,4,sorted_deque,outliers_32,index_ack,20000,120,180,258,67991,0,0
time,4,sorted_deque,outliers_32,cross_page_submit_subset,305,143,211,336,435,0,0
time,4,sorted_deque,outliers_32,far_query,20000,50,127,428,54234,0,0
time,4,sorted_deque,boundary_32,price_query,20000,51,69,160,28473,0,0
time,4,sorted_deque,boundary_32,near_range8,20000,75,90,218,31228,0,0
time,4,sorted_deque,boundary_32,index_submit,20000,142,204,382,75404,0,0
time,4,sorted_deque,boundary_32,index_ack,20000,134,207,351,34727,0,0
time,4,sorted_deque,boundary_32,cross_page_submit_subset,625,149,186,280,299,0,0
time,4,sorted_deque,jump_32,price_query,20000,51,76,181,55268,0,0
time,4,sorted_deque,jump_32,near_range8,20000,75,97,209,29717,0,0
time,4,sorted_deque,jump_32,index_submit,20000,143,262,735,55227,0,0
time,4,sorted_deque,jump_32,index_ack,20000,122,232,296,29406,0,0
time,4,sorted_deque,jump_32,cross_page_submit_subset,2652,192,325,661,2264,0,0
time,4,sorted_deque,jump_32,jump_submit_subset,2496,194,330,661,2264,0,0
time,4,sorted_deque,rolling_128,price_query,20000,55,95,154,6541,0,0
time,4,sorted_deque,rolling_128,near_range8,20000,77,91,246,34301,0,0
time,4,sorted_deque,rolling_128,index_submit,20000,146,210,839,57130,0,0
time,4,sorted_deque,rolling_128,index_ack,20000,123,173,282,36279,0,0
time,4,sorted_deque,rolling_128,cross_page_submit_subset,312,147,229,252,340,0,0
time,4,sorted_deque,outliers_128,price_query,20000,54,95,151,14444,0,0
time,4,sorted_deque,outliers_128,near_range8,20000,75,89,244,36260,0,0
time,4,sorted_deque,outliers_128,index_submit,20000,151,225,663,34040,0,0
time,4,sorted_deque,outliers_128,index_ack,20000,122,181,394,53762,0,0
time,4,sorted_deque,outliers_128,cross_page_submit_subset,312,152,194,249,280,0,0
time,4,sorted_deque,outliers_128,far_query,20000,53,134,442,33917,0,0
time,4,sorted_deque,boundary_128,price_query,20000,56,94,150,70899,0,0
time,4,sorted_deque,boundary_128,near_range8,20000,78,97,182,5524,0,0
time,4,sorted_deque,boundary_128,index_submit,20000,153,214,407,34518,0,0
time,4,sorted_deque,boundary_128,index_ack,20000,143,253,558,33531,0,0
time,4,sorted_deque,boundary_128,cross_page_submit_subset,313,168,233,292,349,0,0
time,4,sorted_deque,jump_128,price_query,20000,56,98,183,31439,0,0
time,4,sorted_deque,jump_128,near_range8,20000,78,118,177,32731,0,0
time,4,sorted_deque,jump_128,index_submit,20000,150,363,840,57802,0,0
time,4,sorted_deque,jump_128,index_ack,20000,124,344,478,54085,0,0
time,4,sorted_deque,jump_128,cross_page_submit_subset,2704,202,429,1675,57802,0,0
time,4,sorted_deque,jump_128,jump_submit_subset,2432,208,441,1675,57802,0,0
time,4,sorted_deque,4096books_4near_2far,price_query,20000,353,1034,7809,62122,0,0
time,4,sorted_deque,new_book_growth,index_insert,20000,493,6060,33437,3105295,0,0
time,4,sorted_deque,new_book_growth,every64_subset,313,6119,15134,40086,40310,0,0
time,4,sorted_deque,cancel_rehang_4near,index_cancel,20000,94,118,192,50599,0,0
time,4,sorted_deque,cancel_rehang_4near,index_new,20000,173,216,424,7304,0,0
time,4,sorted_deque,cancel_rehang_4near,index_accepted,20000,125,276,533,69970,0,0
time,4,sorted_deque,cancel_rehang_4near,index_canceled,20000,136,159,280,46347,0,0
time,4,sorted_deque,prototype_rolling_4_2far,price_query,20000,56,71,118,31844,0,0
time,4,sorted_deque,prototype_rolling_4_2far,intent_to_command,20000,183,359,805,79704,0,0
time,4,sorted_deque,prototype_rolling_4_2far,intent_queued,20000,50,204,483,31948,0,0
time,4,sorted_deque,prototype_rolling_4_2far,replace_report,20000,214,387,986,32611,0,0
time,4,sorted_deque,prototype_rolling_4_2far,ready_to_command,20000,282,456,962,64050,0,0
time,4,sorted_deque,prototype_jump_4_2far,price_query,20000,56,72,127,6684,0,0
time,4,sorted_deque,prototype_jump_4_2far,intent_to_command,20000,183,358,722,35882,0,0
time,4,sorted_deque,prototype_jump_4_2far,intent_queued,20000,50,207,527,32494,0,0
time,4,sorted_deque,prototype_jump_4_2far,replace_report,20000,215,403,825,37478,0,0
time,4,sorted_deque,prototype_jump_4_2far,ready_to_command,20000,281,464,1165,57840,0,0
time,4,sorted_deque,prototype_rolling_32_2far,price_query,20000,57,85,162,58676,0,0
time,4,sorted_deque,prototype_rolling_32_2far,intent_to_command,20000,182,349,826,85282,0,0
time,4,sorted_deque,prototype_rolling_32_2far,intent_queued,20000,50,201,488,32519,0,0
time,4,sorted_deque,prototype_rolling_32_2far,replace_report,20000,176,361,705,37590,0,0
time,4,sorted_deque,prototype_rolling_32_2far,ready_to_command,20000,219,440,956,34086,0,0
time,4,sorted_deque,prototype_jump_32_2far,price_query,20000,57,84,159,6412,0,0
time,4,sorted_deque,prototype_jump_32_2far,intent_to_command,20000,181,358,730,33193,0,0
time,4,sorted_deque,prototype_jump_32_2far,intent_queued,20000,50,203,474,56597,0,0
time,4,sorted_deque,prototype_jump_32_2far,replace_report,20000,177,373,777,56231,0,0
time,4,sorted_deque,prototype_jump_32_2far,ready_to_command,20000,219,447,807,135266,0,0
time,4,sorted_deque_soa,rolling_4,price_query,20000,51,63,147,54125,0,0
time,4,sorted_deque_soa,rolling_4,near_range8,20000,57,72,187,29838,0,0
time,4,sorted_deque_soa,rolling_4,index_submit,20000,149,228,727,53185,0,0
time,4,sorted_deque_soa,rolling_4,index_ack,20000,132,184,280,37901,0,0
time,4,sorted_deque_soa,rolling_4,cross_page_submit_subset,314,148,229,295,343,0,0
time,4,sorted_deque_soa,outliers_4,price_query,20000,53,66,153,6106,0,0
time,4,sorted_deque_soa,outliers_4,near_range8,20000,59,73,155,49595,0,0
time,4,sorted_deque_soa,outliers_4,index_submit,20000,152,265,423,31163,0,0
time,4,sorted_deque_soa,outliers_4,index_ack,20000,132,198,345,79607,0,0
time,4,sorted_deque_soa,outliers_4,cross_page_submit_subset,314,151,261,264,314,0,0
time,4,sorted_deque_soa,outliers_4,far_query,20000,52,139,455,30871,0,0
time,4,sorted_deque_soa,boundary_4,price_query,20000,51,63,150,32612,0,0
time,4,sorted_deque_soa,boundary_4,near_range8,20000,58,72,208,30126,0,0
time,4,sorted_deque_soa,boundary_4,index_submit,20000,146,201,351,45893,0,0
time,4,sorted_deque_soa,boundary_4,index_ack,20000,154,201,324,52998,0,0
time,4,sorted_deque_soa,boundary_4,cross_page_submit_subset,5000,144,175,541,31373,0,0
time,4,sorted_deque_soa,jump_4,price_query,20000,51,66,204,34359,0,0
time,4,sorted_deque_soa,jump_4,near_range8,20000,57,72,160,53884,0,0
time,4,sorted_deque_soa,jump_4,index_submit,20000,149,236,546,34107,0,0
time,4,sorted_deque_soa,jump_4,index_ack,20000,134,219,297,80907,0,0
time,4,sorted_deque_soa,jump_4,cross_page_submit_subset,3746,172,266,5880,32088,0,0
time,4,sorted_deque_soa,jump_4,jump_submit_subset,2496,195,277,1044,32088,0,0
time,4,sorted_deque_soa,rolling_32,price_query,20000,75,91,189,33236,0,0
time,4,sorted_deque_soa,rolling_32,near_range8,20000,100,119,240,73725,0,0
time,4,sorted_deque_soa,rolling_32,index_submit,20000,168,292,606,54335,0,0
time,4,sorted_deque_soa,rolling_32,index_ack,20000,121,207,396,33308,0,0
time,4,sorted_deque_soa,rolling_32,cross_page_submit_subset,305,169,284,290,357,0,0
time,4,sorted_deque_soa,outliers_32,price_query,20000,77,94,188,29446,0,0
time,4,sorted_deque_soa,outliers_32,near_range8,20000,102,124,263,49044,0,0
time,4,sorted_deque_soa,outliers_32,index_submit,20000,174,360,553,49698,0,0
time,4,sorted_deque_soa,outliers_32,index_ack,20000,120,223,370,48016,0,0
time,4,sorted_deque_soa,outliers_32,cross_page_submit_subset,305,175,388,517,539,0,0
time,4,sorted_deque_soa,outliers_32,far_query,20000,77,130,407,26623,0,0
time,4,sorted_deque_soa,boundary_32,price_query,20000,75,95,281,33383,0,0
time,4,sorted_deque_soa,boundary_32,near_range8,20000,99,122,297,77726,0,0
time,4,sorted_deque_soa,boundary_32,index_submit,20000,167,289,570,34229,0,0
time,4,sorted_deque_soa,boundary_32,index_ack,20000,159,253,380,29823,0,0
time,4,sorted_deque_soa,boundary_32,cross_page_submit_subset,625,172,212,228,322,0,0
time,4,sorted_deque_soa,jump_32,price_query,20000,76,116,241,7610,0,0
time,4,sorted_deque_soa,jump_32,near_range8,20000,101,144,236,33398,0,0
time,4,sorted_deque_soa,jump_32,index_submit,20000,171,435,648,54767,0,0
time,4,sorted_deque_soa,jump_32,index_ack,20000,122,322,522,53325,0,0
time,4,sorted_deque_soa,jump_32,cross_page_submit_subset,2652,321,486,12445,54767,0,0
time,4,sorted_deque_soa,jump_32,jump_submit_subset,2496,326,487,2672,54767,0,0
time,4,sorted_deque_soa,rolling_128,price_query,20000,54,94,136,31050,0,0
time,4,sorted_deque_soa,rolling_128,near_range8,20000,74,87,200,27568,0,0
time,4,sorted_deque_soa,rolling_128,index_submit,20000,162,222,625,72443,0,0
time,4,sorted_deque_soa,rolling_128,index_ack,20000,120,174,376,36147,0,0
time,4,sorted_deque_soa,rolling_128,cross_page_submit_subset,312,164,221,272,294,0,0
time,4,sorted_deque_soa,outliers_128,price_query,20000,54,94,153,22416,0,0
time,4,sorted_deque_soa,outliers_128,near_range8,20000,76,88,230,75422,0,0
time,4,sorted_deque_soa,outliers_128,index_submit,20000,149,221,779,55297,0,0
time,4,sorted_deque_soa,outliers_128,index_ack,20000,121,180,298,52358,0,0
time,4,sorted_deque_soa,outliers_128,cross_page_submit_subset,312,150,197,309,312,0,0
time,4,sorted_deque_soa,outliers_128,far_query,20000,56,133,411,56537,0,0
time,4,sorted_deque_soa,boundary_128,price_query,20000,62,101,164,33533,0,0
time,4,sorted_deque_soa,boundary_128,near_range8,20000,75,92,206,45160,0,0
time,4,sorted_deque_soa,boundary_128,index_submit,20000,158,223,409,55071,0,0
time,4,sorted_deque_soa,boundary_128,index_ack,20000,137,242,406,74736,0,0
time,4,sorted_deque_soa,boundary_128,cross_page_submit_subset,313,166,291,1384,6382,0,0
time,4,sorted_deque_soa,jump_128,price_query,20000,56,98,196,39181,0,0
time,4,sorted_deque_soa,jump_128,near_range8,20000,75,122,216,36648,0,0
time,4,sorted_deque_soa,jump_128,index_submit,20000,164,381,1048,115019,0,0
time,4,sorted_deque_soa,jump_128,index_ack,20000,122,337,513,54170,0,0
time,4,sorted_deque_soa,jump_128,cross_page_submit_subset,2704,207,500,2664,30283,0,0
time,4,sorted_deque_soa,jump_128,jump_submit_subset,2432,215,511,2664,30283,0,0
time,4,sorted_deque_soa,4096books_4near_2far,price_query,20000,466,1210,8160,85243,0,0
time,4,sorted_deque_soa,new_book_growth,index_insert,20000,444,8162,36539,3183072,0,0
time,4,sorted_deque_soa,new_book_growth,every64_subset,313,7019,55298,90490,115624,0,0
time,4,sorted_deque_soa,cancel_rehang_4near,index_cancel,20000,81,125,194,56327,0,0
time,4,sorted_deque_soa,cancel_rehang_4near,index_new,20000,150,255,644,29479,0,0
time,4,sorted_deque_soa,cancel_rehang_4near,index_accepted,20000,108,250,486,54229,0,0
time,4,sorted_deque_soa,cancel_rehang_4near,index_canceled,20000,114,175,247,43886,0,0
time,4,sorted_deque_soa,prototype_rolling_4_2far,price_query,20000,52,86,122,62422,0,0
time,4,sorted_deque_soa,prototype_rolling_4_2far,intent_to_command,20000,159,343,744,101453,0,0
time,4,sorted_deque_soa,prototype_rolling_4_2far,intent_queued,20000,46,193,465,51617,0,0
time,4,sorted_deque_soa,prototype_rolling_4_2far,replace_report,20000,188,376,964,43492,0,0
time,4,sorted_deque_soa,prototype_rolling_4_2far,ready_to_command,20000,250,430,790,32941,0,0
time,4,sorted_deque_soa,prototype_jump_4_2far,price_query,20000,40,93,122,3726,0,0
time,4,sorted_deque_soa,prototype_jump_4_2far,intent_to_command,20000,116,334,639,89087,0,0
time,4,sorted_deque_soa,prototype_jump_4_2far,intent_queued,20000,33,163,370,52571,0,0
time,4,sorted_deque_soa,prototype_jump_4_2far,replace_report,20000,125,368,710,214690,0,0
time,4,sorted_deque_soa,prototype_jump_4_2far,ready_to_command,20000,166,415,787,194813,0,0
time,4,sorted_deque_soa,prototype_rolling_32_2far,price_query,20000,49,86,134,35237,0,0
time,4,sorted_deque_soa,prototype_rolling_32_2far,intent_to_command,20000,104,299,571,27135,0,0
time,4,sorted_deque_soa,prototype_rolling_32_2far,intent_queued,20000,32,65,196,33946,0,0
time,4,sorted_deque_soa,prototype_rolling_32_2far,replace_report,20000,81,280,472,40499,0,0
time,4,sorted_deque_soa,prototype_rolling_32_2far,ready_to_command,20000,116,368,557,43868,0,0
time,4,sorted_deque_soa,prototype_jump_32_2far,price_query,20000,62,106,221,27584,0,0
time,4,sorted_deque_soa,prototype_jump_32_2far,intent_to_command,20000,165,366,711,30360,0,0
time,4,sorted_deque_soa,prototype_jump_32_2far,intent_queued,20000,39,190,449,36518,0,0
time,4,sorted_deque_soa,prototype_jump_32_2far,replace_report,20000,149,350,702,49279,0,0
time,4,sorted_deque_soa,prototype_jump_32_2far,ready_to_command,20000,206,460,6218,1899134,0,0
time,5,adaptive,rolling_4,price_query,20000,47,62,212,92399,0,0
time,5,adaptive,rolling_4,near_range8,20000,63,212,570,29114,0,0
time,5,adaptive,rolling_4,index_submit,20000,137,219,372,32740,0,0
time,5,adaptive,rolling_4,index_ack,20000,125,178,274,36038,0,0
time,5,adaptive,rolling_4,cross_page_submit_subset,314,140,218,230,340,0,0
time,5,adaptive,outliers_4,price_query,20000,49,65,203,7689,0,0
time,5,adaptive,outliers_4,near_range8,20000,66,214,512,62341,0,0
time,5,adaptive,outliers_4,index_submit,20000,142,248,384,27865,0,0
time,5,adaptive,outliers_4,index_ack,20000,125,189,332,57681,0,0
time,5,adaptive,outliers_4,cross_page_submit_subset,314,142,242,275,380,0,0
time,5,adaptive,outliers_4,far_query,20000,50,70,192,56731,0,0
time,5,adaptive,boundary_4,price_query,20000,46,69,216,32987,0,0
time,5,adaptive,boundary_4,near_range8,20000,64,220,505,83557,0,0
time,5,adaptive,boundary_4,index_submit,20000,132,205,672,34610,0,0
time,5,adaptive,boundary_4,index_ack,20000,139,212,1035,35133,0,0
time,5,adaptive,boundary_4,cross_page_submit_subset,5000,127,178,586,6463,0,0
time,5,adaptive,jump_4,price_query,20000,34,68,198,115067,0,0
time,5,adaptive,jump_4,near_range8,20000,39,169,489,90142,0,0
time,5,adaptive,jump_4,index_submit,20000,83,238,997,54272,0,0
time,5,adaptive,jump_4,index_ack,20000,80,217,406,51071,0,0
time,5,adaptive,jump_4,cross_page_submit_subset,3746,97,266,4822,48339,0,0
time,5,adaptive,jump_4,jump_submit_subset,2496,100,284,4822,48339,0,0
time,5,adaptive,rolling_32,price_query,20000,36,89,126,21106,0,0
time,5,adaptive,rolling_32,near_range8,20000,53,182,397,68696,0,0
time,5,adaptive,rolling_32,index_submit,20000,73,250,613,224020,0,0
time,5,adaptive,rolling_32,index_ack,20000,62,216,410,43964,0,0
time,5,adaptive,rolling_32,cross_page_submit_subset,305,74,246,271,326,0,0
time,5,adaptive,outliers_32,price_query,20000,35,62,89,88209,0,0
time,5,adaptive,outliers_32,near_range8,20000,51,105,228,18564,0,0
time,5,adaptive,outliers_32,index_submit,20000,69,212,532,24274,0,0
time,5,adaptive,outliers_32,index_ack,20000,61,185,354,1859286,0,0
time,5,adaptive,outliers_32,cross_page_submit_subset,305,69,145,221,231,0,0
time,5,adaptive,outliers_32,far_query,20000,34,55,73,26522,0,0
time,5,adaptive,boundary_32,price_query,20000,35,59,105,30792,0,0
time,5,adaptive,boundary_32,near_range8,20000,51,114,278,40864,0,0
time,5,adaptive,boundary_32,index_submit,20000,71,211,328,109126,0,0
time,5,adaptive,boundary_32,index_ack,20000,96,194,372,31816,0,0
time,5,adaptive,boundary_32,cross_page_submit_subset,625,73,148,191,569,0,0
time,5,adaptive,jump_32,price_query,20000,35,58,84,18372,0,0
time,5,adaptive,jump_32,near_range8,20000,52,85,202,542,0,0
time,5,adaptive,jump_32,index_submit,20000,71,190,306,31275,0,0
time,5,adaptive,jump_32,index_ack,20000,62,153,256,26649,0,0
time,5,adaptive,jump_32,cross_page_submit_subset,2652,102,245,355,25181,0,0
time,5,adaptive,jump_32,jump_submit_subset,2496,103,245,355,25181,0,0
time,5,adaptive,rolling_128,price_query,20000,38,71,100,32652,0,0
time,5,adaptive,rolling_128,near_range8,20000,54,100,229,19889,0,0
time,5,adaptive,rolling_128,index_submit,20000,89,203,353,51916,0,0
time,5,adaptive,rolling_128,index_ack,20000,67,129,262,68395,0,0
time,5,adaptive,rolling_128,cross_page_submit_subset,312,90,161,225,24662,0,0
time,5,adaptive,outliers_128,price_query,20000,40,82,119,50400,0,0
time,5,adaptive,outliers_128,near_range8,20000,56,156,478,32795,0,0
time,5,adaptive,outliers_128,index_submit,20000,103,231,620,110428,0,0
time,5,adaptive,outliers_128,index_ack,20000,80,167,347,35841,0,0
time,5,adaptive,outliers_128,cross_page_submit_subset,312,104,260,310,620,0,0
time,5,adaptive,outliers_128,far_query,20000,38,67,108,36788,0,0
time,5,adaptive,boundary_128,price_query,20000,45,83,174,34851,0,0
time,5,adaptive,boundary_128,near_range8,20000,53,115,283,3891,0,0
time,5,adaptive,boundary_128,index_submit,20000,93,248,858,127447,0,0
time,5,adaptive,boundary_128,index_ack,20000,108,269,613,38338,0,0
time,5,adaptive,boundary_128,cross_page_submit_subset,313,110,245,315,540,0,0
time,5,adaptive,jump_128,price_query,20000,45,89,139,16667,0,0
time,5,adaptive,jump_128,near_range8,20000,55,157,480,396191,0,0
time,5,adaptive,jump_128,index_submit,20000,103,366,1020,55125,0,0
time,5,adaptive,jump_128,index_ack,20000,71,318,985,1081758,0,0
time,5,adaptive,jump_128,cross_page_submit_subset,2704,182,474,1324,40268,0,0
time,5,adaptive,jump_128,jump_submit_subset,2432,190,482,1324,40268,0,0
time,5,adaptive,4096books_4near_2far,price_query,20000,354,1014,5688,73697,0,0
time,5,adaptive,new_book_growth,index_insert,20000,432,7137,41838,1298901,0,0
time,5,adaptive,new_book_growth,every64_subset,313,7119,42965,55317,144858,0,0
time,5,adaptive,cancel_rehang_4near,index_cancel,20000,70,147,567,7465001,0,0
time,5,adaptive,cancel_rehang_4near,index_new,20000,135,277,787,32192,0,0
time,5,adaptive,cancel_rehang_4near,index_accepted,20000,95,289,988,47947,0,0
time,5,adaptive,cancel_rehang_4near,index_canceled,20000,91,196,546,147328,0,0
time,5,adaptive,prototype_rolling_4_2far,price_query,20000,56,73,139,480810,0,0
time,5,adaptive,prototype_rolling_4_2far,intent_to_command,20000,164,323,790,60034,0,0
time,5,adaptive,prototype_rolling_4_2far,intent_queued,20000,47,190,405,456836,0,0
time,5,adaptive,prototype_rolling_4_2far,replace_report,20000,192,353,1110,44763,0,0
time,5,adaptive,prototype_rolling_4_2far,ready_to_command,20000,256,434,3576,41123,0,0
time,5,adaptive,prototype_jump_4_2far,price_query,20000,60,74,98,27452,0,0
time,5,adaptive,prototype_jump_4_2far,intent_to_command,20000,170,315,674,29137,0,0
time,5,adaptive,prototype_jump_4_2far,intent_queued,20000,51,173,352,25198,0,0
time,5,adaptive,prototype_jump_4_2far,replace_report,20000,197,345,608,64324,0,0
time,5,adaptive,prototype_jump_4_2far,ready_to_command,20000,261,414,753,59026,0,0
time,5,adaptive,prototype_rolling_32_2far,price_query,20000,53,145,290,54049,0,0
time,5,adaptive,prototype_rolling_32_2far,intent_to_command,20000,147,452,853,71782,0,0
time,5,adaptive,prototype_rolling_32_2far,intent_queued,20000,41,208,493,62244,0,0
time,5,adaptive,prototype_rolling_32_2far,replace_report,20000,142,420,937,66375,0,0
time,5,adaptive,prototype_rolling_32_2far,ready_to_command,20000,194,527,1155,80934,0,0
time,5,adaptive,prototype_jump_32_2far,price_query,20000,61,101,173,38105,0,0
time,5,adaptive,prototype_jump_32_2far,intent_to_command,20000,171,358,676,53362,0,0
time,5,adaptive,prototype_jump_32_2far,intent_queued,20000,51,172,397,25473,0,0
time,5,adaptive,prototype_jump_32_2far,replace_report,20000,166,332,730,31175,0,0
time,5,adaptive,prototype_jump_32_2far,ready_to_command,20000,207,432,1119,54875,0,0
time,5,window128,rolling_4,price_query,20000,54,64,88,5924,0,0
time,5,window128,rolling_4,near_range8,20000,70,173,342,32352,0,0
time,5,window128,rolling_4,index_submit,20000,144,217,350,32635,0,0
time,5,window128,rolling_4,index_ack,20000,125,169,256,14198,0,0
time,5,window128,rolling_4,cross_page_submit_subset,314,144,212,215,222,0,0
time,5,window128,outliers_4,price_query,20000,57,68,92,28025,0,0
time,5,window128,outliers_4,near_range8,20000,73,186,426,41639,0,0
time,5,window128,outliers_4,index_submit,20000,147,261,454,51464,0,0
time,5,window128,outliers_4,index_ack,20000,124,177,282,29002,0,0
time,5,window128,outliers_4,cross_page_submit_subset,314,146,231,237,376,0,0
time,5,window128,outliers_4,far_query,20000,56,67,86,51733,0,0
time,5,window128,boundary_4,price_query,20000,54,70,120,51777,0,0
time,5,window128,boundary_4,near_range8,20000,70,199,406,32994,0,0
time,5,window128,boundary_4,index_submit,20000,143,208,378,37347,0,0
time,5,window128,boundary_4,index_ack,20000,140,208,326,72759,0,0
time,5,window128,boundary_4,cross_page_submit_subset,5000,142,176,376,3658,0,0
time,5,window128,jump_4,price_query,20000,54,112,287,40660,0,0
time,5,window128,jump_4,near_range8,20000,70,182,395,51917,0,0
time,5,window128,jump_4,index_submit,20000,145,291,513,53537,0,0
time,5,window128,jump_4,index_ack,20000,140,231,336,29779,0,0
time,5,window128,jump_4,cross_page_submit_subset,3746,191,321,470,24378,0,0
time,5,window128,jump_4,jump_submit_subset,2496,200,343,567,24378,0,0
time,5,window128,rolling_32,price_query,20000,45,55,73,53866,0,0
time,5,window128,rolling_32,near_range8,20000,121,202,281,28743,0,0
time,5,window128,rolling_32,index_submit,20000,134,164,340,39689,0,0
time,5,window128,rolling_32,index_ack,20000,124,160,211,28842,0,0
time,5,window128,rolling_32,cross_page_submit_subset,305,134,163,183,28859,0,0
time,5,window128,outliers_32,price_query,20000,45,55,74,5959,0,0
time,5,window128,outliers_32,near_range8,20000,122,220,489,26279,0,0
time,5,window128,outliers_32,index_submit,20000,134,165,394,73628,0,0
time,5,window128,outliers_32,index_ack,20000,124,158,205,39054,0,0
time,5,window128,outliers_32,cross_page_submit_subset,305,134,159,169,73628,0,0
time,5,window128,outliers_32,far_query,20000,53,63,95,24808,0,0
time,5,window128,boundary_32,price_query,20000,33,60,92,8566,0,0
time,5,window128,boundary_32,near_range8,20000,79,254,600,74514,0,0
time,5,window128,boundary_32,index_submit,20000,104,209,311,41055,0,0
time,5,window128,boundary_32,index_ack,20000,122,244,458,43069,0,0
time,5,window128,boundary_32,cross_page_submit_subset,625,104,184,264,291,0,0
time,5,window128,jump_32,price_query,20000,45,77,195,15225,0,0
time,5,window128,jump_32,near_range8,20000,121,224,446,42538,0,0
time,5,window128,jump_32,index_submit,20000,135,365,2207,45960,0,0
time,5,window128,jump_32,index_ack,20000,124,315,568,56769,0,0
time,5,window128,jump_32,cross_page_submit_subset,2652,197,483,4609,5021,0,0
time,5,window128,jump_32,jump_submit_subset,2496,198,499,4609,5021,0,0
time,5,window128,rolling_128,price_query,20000,45,71,102,27818,0,0
time,5,window128,rolling_128,near_range8,20000,114,209,292,41975,0,0
time,5,window128,rolling_128,index_submit,20000,134,174,277,54542,0,0
time,5,window128,rolling_128,index_ack,20000,124,167,358,42673,0,0
time,5,window128,rolling_128,cross_page_submit_subset,312,134,174,284,16874,0,0
time,5,window128,outliers_128,price_query,20000,45,70,100,27408,0,0
time,5,window128,outliers_128,near_range8,20000,113,227,578,33968,0,0
time,5,window128,outliers_128,index_submit,20000,135,177,360,57213,0,0
time,5,window128,outliers_128,index_ack,20000,124,165,316,33319,0,0
time,5,window128,outliers_128,cross_page_submit_subset,312,134,177,206,227,0,0
time,5,window128,outliers_128,far_query,20000,56,69,108,11774,0,0
time,5,window128,boundary_128,price_query,20000,45,86,143,17994,0,0
time,5,window128,boundary_128,near_range8,20000,122,272,550,103496,0,0
time,5,window128,boundary_128,index_submit,20000,136,685,6120,45900,0,0
time,5,window128,boundary_128,index_ack,20000,157,493,922,42795,0,0
time,5,window128,boundary_128,cross_page_submit_subset,313,135,447,590,774,0,0
time,5,window128,jump_128,price_query,20000,59,117,211,49354,0,0
time,5,window128,jump_128,near_range8,20000,115,250,433,24723,0,0
time,5,window128,jump_128,index_submit,20000,149,471,8116,71090,0,0
time,5,window128,jump_128,index_ack,20000,124,372,575,36007,0,0
time,5,window128,jump_128,cross_page_submit_subset,2704,216,1130,6464,60056,0,0
time,5,window128,jump_128,jump_submit_subset,2432,234,1141,6464,60056,0,0
time,5,window128,4096books_4near_2far,price_query,20000,307,994,2500,62740,0,0
time,5,window128,new_book_growth,index_insert,20000,440,7881,33846,1501686,0,0
time,5,window128,new_book_growth,every64_subset,313,7648,26009,40390,53275,0,0
time,5,window128,cancel_rehang_4near,index_cancel,20000,94,137,185,29081,0,0
time,5,window128,cancel_rehang_4near,index_new,20000,184,293,649,32628,0,0
time,5,window128,cancel_rehang_4near,index_accepted,20000,126,277,576,45318,0,0
time,5,window128,cancel_rehang_4near,index_canceled,20000,132,170,259,40023,0,0
time,5,window128,prototype_rolling_4_2far,price_query,20000,61,68,100,38445,0,0
time,5,window128,prototype_rolling_4_2far,intent_to_command,20000,178,318,675,46046,0,0
time,5,window128,prototype_rolling_4_2far,intent_queued,20000,51,147,340,28647,0,0
time,5,window128,prototype_rolling_4_2far,replace_report,20000,201,337,587,31119,0,0
time,5,window128,prototype_rolling_4_2far,ready_to_command,20000,277,418,679,49365,0,0
time,5,window128,prototype_jump_4_2far,price_query,20000,59,89,193,7317,0,0
time,5,window128,prototype_jump_4_2far,intent_to_command,20000,177,348,675,41534,0,0
time,5,window128,prototype_jump_4_2far,intent_queued,20000,50,176,356,4966,0,0
time,5,window128,prototype_jump_4_2far,replace_report,20000,200,392,733,40905,0,0
time,5,window128,prototype_jump_4_2far,ready_to_command,20000,273,492,1335,50057,0,0
time,5,window128,prototype_rolling_32_2far,price_query,20000,49,80,150,893,0,0
time,5,window128,prototype_rolling_32_2far,intent_to_command,20000,168,333,624,37425,0,0
time,5,window128,prototype_rolling_32_2far,intent_queued,20000,51,168,330,25650,0,0
time,5,window128,prototype_rolling_32_2far,replace_report,20000,164,312,733,43293,0,0
time,5,window128,prototype_rolling_32_2far,ready_to_command,20000,200,393,808,62225,0,0
time,5,window128,prototype_jump_32_2far,price_query,20000,49,64,136,37507,0,0
time,5,window128,prototype_jump_32_2far,intent_to_command,20000,168,322,1019,46782,0,0
time,5,window128,prototype_jump_32_2far,intent_queued,20000,51,136,249,39940,0,0
time,5,window128,prototype_jump_32_2far,replace_report,20000,165,307,878,84034,0,0
time,5,window128,prototype_jump_32_2far,ready_to_command,20000,201,410,2452,46519,0,0
time,5,absl_btree,rolling_4,price_query,20000,47,98,145,15464,0,0
time,5,absl_btree,rolling_4,near_range8,20000,65,196,523,25438,0,0
time,5,absl_btree,rolling_4,index_submit,20000,137,335,745,49001,0,0
time,5,absl_btree,rolling_4,index_ack,20000,143,393,707,50322,0,0
time,5,absl_btree,rolling_4,cross_page_submit_subset,314,137,322,399,455,0,0
time,5,absl_btree,outliers_4,price_query,20000,47,64,92,34124,0,0
time,5,absl_btree,outliers_4,near_range8,20000,66,171,355,32707,0,0
time,5,absl_btree,outliers_4,index_submit,20000,137,245,470,52051,0,0
time,5,absl_btree,outliers_4,index_ack,20000,129,269,423,24077,0,0
time,5,absl_btree,outliers_4,cross_page_submit_subset,314,137,240,279,6068,0,0
time,5,absl_btree,outliers_4,far_query,20000,51,59,100,4870,0,0
time,5,absl_btree,boundary_4,price_query,20000,47,55,85,5156,0,0
time,5,absl_btree,boundary_4,near_range8,20000,70,148,379,51360,0,0
time,5,absl_btree,boundary_4,index_submit,20000,136,204,293,39203,0,0
time,5,absl_btree,boundary_4,index_ack,20000,208,257,416,61434,0,0
time,5,absl_btree,boundary_4,cross_page_submit_subset,5000,136,152,172,359,0,0
time,5,absl_btree,jump_4,price_query,20000,47,56,76,3793,0,0
time,5,absl_btree,jump_4,near_range8,20000,65,148,258,41909,0,0
time,5,absl_btree,jump_4,index_submit,20000,137,207,266,30151,0,0
time,5,absl_btree,jump_4,index_ack,20000,152,263,389,66654,0,0
time,5,absl_btree,jump_4,cross_page_submit_subset,3746,185,211,288,26925,0,0
time,5,absl_btree,jump_4,jump_submit_subset,2496,188,213,295,26925,0,0
time,5,absl_btree,rolling_32,price_query,20000,38,71,126,24749,0,0
time,5,absl_btree,rolling_32,near_range8,20000,73,214,485,32305,0,0
time,5,absl_btree,rolling_32,index_submit,20000,120,270,487,47971,0,0
time,5,absl_btree,rolling_32,index_ack,20000,100,300,660,62355,0,0
time,5,absl_btree,rolling_32,cross_page_submit_subset,305,116,244,282,532,0,0
time,5,absl_btree,outliers_32,price_query,20000,51,77,111,65898,0,0
time,5,absl_btree,outliers_32,near_range8,20000,101,184,408,27308,0,0
time,5,absl_btree,outliers_32,index_submit,20000,144,339,688,11509,0,0
time,5,absl_btree,outliers_32,index_ack,20000,122,339,598,31548,0,0
time,5,absl_btree,outliers_32,cross_page_submit_subset,305,145,369,445,1031,0,0
time,5,absl_btree,outliers_32,far_query,20000,59,76,177,29842,0,0
time,5,absl_btree,boundary_32,price_query,20000,52,68,94,54367,0,0
time,5,absl_btree,boundary_32,near_range8,20000,98,155,247,30283,0,0
time,5,absl_btree,boundary_32,index_submit,20000,140,270,385,48103,0,0
time,5,absl_btree,boundary_32,index_ack,20000,168,327,627,38839,0,0
time,5,absl_btree,boundary_32,cross_page_submit_subset,625,138,165,238,314,0,0
time,5,absl_btree,jump_32,price_query,20000,52,77,104,39058,0,0
time,5,absl_btree,jump_32,near_range8,20000,100,153,323,29771,0,0
time,5,absl_btree,jump_32,index_submit,20000,144,274,467,33539,0,0
time,5,absl_btree,jump_32,index_ack,20000,123,353,537,44330,0,0
time,5,absl_btree,jump_32,cross_page_submit_subset,2652,216,310,551,1054,0,0
time,5,absl_btree,jump_32,jump_submit_subset,2496,217,316,551,1054,0,0
time,5,absl_btree,rolling_128,price_query,20000,44,91,140,8282,0,0
time,5,absl_btree,rolling_128,near_range8,20000,71,208,523,43537,0,0
time,5,absl_btree,rolling_128,index_submit,20000,129,264,756,57051,0,0
time,5,absl_btree,rolling_128,index_ack,20000,95,260,774,56495,0,0
time,5,absl_btree,rolling_128,cross_page_submit_subset,312,130,253,514,591,0,0
time,5,absl_btree,outliers_128,price_query,20000,58,94,129,28406,0,0
time,5,absl_btree,outliers_128,near_range8,20000,103,181,513,46350,0,0
time,5,absl_btree,outliers_128,index_submit,20000,158,365,647,46318,0,0
time,5,absl_btree,outliers_128,index_ack,20000,123,328,787,66985,0,0
time,5,absl_btree,outliers_128,cross_page_submit_subset,312,159,331,407,464,0,0
time,5,absl_btree,outliers_128,far_query,20000,66,82,199,5031,0,0
time,5,absl_btree,boundary_128,price_query,20000,56,80,102,5023,0,0
time,5,absl_btree,boundary_128,near_range8,20000,100,139,231,31024,0,0
time,5,absl_btree,boundary_128,index_submit,20000,147,190,346,33930,0,0
time,5,absl_btree,boundary_128,index_ack,20000,185,352,810,31605,0,0
time,5,absl_btree,boundary_128,cross_page_submit_subset,313,144,181,190,291,0,0
time,5,absl_btree,jump_128,price_query,20000,58,96,117,32238,0,0
time,5,absl_btree,jump_128,near_range8,20000,102,152,263,35165,0,0
time,5,absl_btree,jump_128,index_submit,20000,156,340,800,30559,0,0
time,5,absl_btree,jump_128,index_ack,20000,124,453,801,31634,0,0
time,5,absl_btree,jump_128,cross_page_submit_subset,2704,244,582,1103,8895,0,0
time,5,absl_btree,jump_128,jump_submit_subset,2432,247,584,1024,5661,0,0
time,5,absl_btree,4096books_4near_2far,price_query,20000,281,1013,4483,49355,0,0
time,5,absl_btree,new_book_growth,index_insert,20000,426,5830,30189,501990,0,0
time,5,absl_btree,new_book_growth,every64_subset,313,5928,15438,37828,38380,0,0
time,5,absl_btree,cancel_rehang_4near,index_cancel,20000,92,103,177,31770,0,0
time,5,absl_btree,cancel_rehang_4near,index_new,20000,176,210,374,16267,0,0
time,5,absl_btree,cancel_rehang_4near,index_accepted,20000,129,224,340,31593,0,0
time,5,absl_btree,cancel_rehang_4near,index_canceled,20000,192,216,874,96617,0,0
time,5,absl_btree,prototype_rolling_4_2far,price_query,20000,49,74,150,25708,0,0
time,5,absl_btree,prototype_rolling_4_2far,intent_to_command,20000,168,344,672,39705,0,0
time,5,absl_btree,prototype_rolling_4_2far,intent_queued,20000,50,206,480,53668,0,0
time,5,absl_btree,prototype_rolling_4_2far,replace_report,20000,257,471,1075,49241,0,0
time,5,absl_btree,prototype_rolling_4_2far,ready_to_command,20000,251,436,846,68799,0,0
time,5,absl_btree,prototype_jump_4_2far,price_query,20000,49,78,143,51169,0,0
time,5,absl_btree,prototype_jump_4_2far,intent_to_command,20000,169,322,689,48950,0,0
time,5,absl_btree,prototype_jump_4_2far,intent_queued,20000,51,166,289,35817,0,0
time,5,absl_btree,prototype_jump_4_2far,replace_report,20000,259,420,879,70699,0,0
time,5,absl_btree,prototype_jump_4_2far,ready_to_command,20000,252,394,728,33318,0,0
time,5,absl_btree,prototype_rolling_32_2far,price_query,20000,34,64,92,136,0,0
time,5,absl_btree,prototype_rolling_32_2far,intent_to_command,20000,90,214,362,19290,0,0
time,5,absl_btree,prototype_rolling_32_2far,intent_queued,20000,32,45,128,4172,0,0
time,5,absl_btree,prototype_rolling_32_2far,replace_report,20000,82,244,469,47511,0,0
time,5,absl_btree,prototype_rolling_32_2far,ready_to_command,20000,101,237,437,23422,0,0
time,5,absl_btree,prototype_jump_32_2far,price_query,20000,35,79,110,17897,0,0
time,5,absl_btree,prototype_jump_32_2far,intent_to_command,20000,92,273,530,45583,0,0
time,5,absl_btree,prototype_jump_32_2far,intent_queued,20000,32,119,211,539,0,0
time,5,absl_btree,prototype_jump_32_2far,replace_report,20000,83,361,665,50539,0,0
time,5,absl_btree,prototype_jump_32_2far,ready_to_command,20000,113,340,588,25608,0,0
time,5,pool_pages,rolling_4,price_query,20000,32,59,96,47016,0,0
time,5,pool_pages,rolling_4,near_range8,20000,40,140,378,27093,0,0
time,5,pool_pages,rolling_4,index_submit,20000,77,206,574,23650,0,0
time,5,pool_pages,rolling_4,index_ack,20000,80,217,508,669123,0,0
time,5,pool_pages,rolling_4,cross_page_submit_subset,314,84,501,1619,21980,0,0
time,5,pool_pages,rolling_4,page_creation_subset,78,195,1619,1619,21980,0,0
time,5,pool_pages,outliers_4,price_query,20000,32,68,103,27142,0,0
time,5,pool_pages,outliers_4,near_range8,20000,40,171,313,936,0,0
time,5,pool_pages,outliers_4,index_submit,20000,81,240,618,52827,0,0
time,5,pool_pages,outliers_4,index_ack,20000,81,234,568,168578,0,0
time,5,pool_pages,outliers_4,cross_page_submit_subset,314,90,747,849,1123,0,0
time,5,pool_pages,outliers_4,page_creation_subset,78,205,849,849,1123,0,0
time,5,pool_pages,outliers_4,far_query,20000,32,99,195,25102,0,0
time,5,pool_pages,boundary_4,price_query,20000,32,65,95,912,0,0
time,5,pool_pages,boundary_4,near_range8,20000,45,156,348,22081,0,0
time,5,pool_pages,boundary_4,index_submit,20000,71,194,387,28115,0,0
time,5,pool_pages,boundary_4,index_ack,20000,97,251,531,77063,0,0
time,5,pool_pages,boundary_4,cross_page_submit_subset,5000,67,231,560,24224,0,0
time,5,pool_pages,jump_4,price_query,20000,32,75,208,56863,0,0
time,5,pool_pages,jump_4,near_range8,20000,42,198,487,39549,0,0
time,5,pool_pages,jump_4,index_submit,20000,90,272,994,77897,0,0
time,5,pool_pages,jump_4,index_ack,20000,84,268,1013,74332,0,0
time,5,pool_pages,jump_4,cross_page_submit_subset,3746,122,352,1050,1277,0,0
time,5,pool_pages,jump_4,page_creation_subset,1248,163,405,1247,1277,0,0
time,5,pool_pages,jump_4,jump_submit_subset,2496,143,392,1085,1277,0,0
time,5,pool_pages,rolling_32,price_query,20000,33,64,115,3700,0,0
time,5,pool_pages,rolling_32,near_range8,20000,54,188,950,71651,0,0
time,5,pool_pages,rolling_32,index_submit,20000,82,196,996,211788,0,0
time,5,pool_pages,rolling_32,index_ack,20000,67,207,985,201597,0,0
time,5,pool_pages,rolling_32,cross_page_submit_subset,305,82,835,1030,1078,0,0
time,5,pool_pages,rolling_32,page_creation_subset,10,673,1030,1030,1078,0,0
time,5,pool_pages,outliers_32,price_query,20000,33,63,103,20106,0,0
time,5,pool_pages,outliers_32,near_range8,20000,54,210,589,27141,0,0
time,5,pool_pages,outliers_32,index_submit,20000,76,221,925,254424,0,0
time,5,pool_pages,outliers_32,index_ack,20000,65,211,958,422092,0,0
time,5,pool_pages,outliers_32,cross_page_submit_subset,305,93,847,1267,1337,0,0
time,5,pool_pages,outliers_32,page_creation_subset,10,816,1267,1267,1337,0,0
time,5,pool_pages,outliers_32,far_query,20000,33,97,223,104321,0,0
time,5,pool_pages,boundary_32,price_query,20000,32,49,94,104597,0,0
time,5,pool_pages,boundary_32,near_range8,20000,53,114,248,30948,0,0
time,5,pool_pages,boundary_32,index_submit,20000,67,186,340,14246,0,0
time,5,pool_pages,boundary_32,index_ack,20000,95,218,531,38452,0,0
time,5,pool_pages,boundary_32,cross_page_submit_subset,625,68,133,190,4182,0,0
time,5,pool_pages,jump_32,price_query,20000,32,53,94,943,0,0
time,5,pool_pages,jump_32,near_range8,20000,52,170,496,99938,0,0
time,5,pool_pages,jump_32,index_submit,20000,71,208,532,22991,0,0
time,5,pool_pages,jump_32,index_ack,20000,64,209,549,20923,0,0
time,5,pool_pages,jump_32,cross_page_submit_subset,2652,90,355,637,1064,0,0
time,5,pool_pages,jump_32,page_creation_subset,156,203,637,660,770,0,0
time,5,pool_pages,jump_32,jump_submit_subset,2496,92,369,637,1064,0,0
time,5,pool_pages,rolling_128,price_query,20000,32,52,95,22446,0,0
time,5,pool_pages,rolling_128,near_range8,20000,50,120,253,21441,0,0
time,5,pool_pages,rolling_128,index_submit,20000,69,187,464,41595,0,0
time,5,pool_pages,rolling_128,index_ack,20000,68,202,380,161208,0,0
time,5,pool_pages,rolling_128,cross_page_submit_subset,312,87,188,799,2069,0,0
time,5,pool_pages,rolling_128,page_creation_subset,3,799,799,799,2069,0,0
time,5,pool_pages,outliers_128,price_query,20000,32,60,118,28619,0,0
time,5,pool_pages,outliers_128,near_range8,20000,52,183,410,136162,0,0
time,5,pool_pages,outliers_128,index_submit,20000,71,225,785,23063,0,0
time,5,pool_pages,outliers_128,index_ack,20000,68,225,622,52483,0,0
time,5,pool_pages,outliers_128,cross_page_submit_subset,312,89,230,2026,2226,0,0
time,5,pool_pages,outliers_128,page_creation_subset,3,2026,2026,2026,2226,0,0
time,5,pool_pages,outliers_128,far_query,20000,32,97,277,41751,0,0
time,5,pool_pages,boundary_128,price_query,20000,32,57,107,255838,0,0
time,5,pool_pages,boundary_128,near_range8,20000,54,137,417,32731,0,0
time,5,pool_pages,boundary_128,index_submit,20000,69,203,591,83737,0,0
time,5,pool_pages,boundary_128,index_ack,20000,98,223,552,332519,0,0
time,5,pool_pages,boundary_128,cross_page_submit_subset,313,78,171,190,207,0,0
time,5,pool_pages,jump_128,price_query,20000,33,57,84,56866,0,0
time,5,pool_pages,jump_128,near_range8,20000,54,174,520,1871,0,0
time,5,pool_pages,jump_128,index_submit,20000,80,230,820,26426,0,0
time,5,pool_pages,jump_128,index_ack,20000,84,246,759,712589,0,0
time,5,pool_pages,jump_128,cross_page_submit_subset,2704,92,426,1175,2482,0,0
time,5,pool_pages,jump_128,page_creation_subset,77,283,2095,2095,2482,0,0
time,5,pool_pages,jump_128,jump_submit_subset,2432,88,351,1021,2482,0,0
time,5,pool_pages,4096books_4near_2far,price_query,20000,430,1340,7883,85570,0,0
time,5,pool_pages,new_book_growth,index_insert,20000,666,19222,103717,1026689,0,0
time,5,pool_pages,new_book_growth,page_block_growth_subset,313,19623,150299,186086,699459,0,0
time,5,pool_pages,new_book_growth,every64_subset,313,19623,150299,186086,699459,0,0
time,5,pool_pages,cancel_rehang_4near,index_cancel,20000,84,185,269,37129,0,0
time,5,pool_pages,cancel_rehang_4near,index_new,20000,220,615,1323,77267,0,0
time,5,pool_pages,cancel_rehang_4near,index_accepted,20000,121,304,606,39247,0,0
time,5,pool_pages,cancel_rehang_4near,index_canceled,20000,143,376,684,32484,0,0
time,5,pool_pages,prototype_rolling_4_2far,price_query,20000,53,124,350,33372,0,0
time,5,pool_pages,prototype_rolling_4_2far,intent_to_command,20000,156,421,848,65564,0,0
time,5,pool_pages,prototype_rolling_4_2far,intent_queued,20000,47,225,523,10900,0,0
time,5,pool_pages,prototype_rolling_4_2far,replace_report,20000,187,513,1107,60821,0,0
time,5,pool_pages,prototype_rolling_4_2far,ready_to_command,20000,213,529,1609,80637,0,0
time,5,pool_pages,prototype_jump_4_2far,price_query,20000,58,89,177,47854,0,0
time,5,pool_pages,prototype_jump_4_2far,intent_to_command,20000,168,399,895,32534,0,0
time,5,pool_pages,prototype_jump_4_2far,intent_queued,20000,50,197,472,56615,0,0
time,5,pool_pages,prototype_jump_4_2far,replace_report,20000,203,484,1225,40220,0,0
time,5,pool_pages,prototype_jump_4_2far,ready_to_command,20000,229,455,1364,68912,0,0
time,5,pool_pages,prototype_rolling_32_2far,price_query,20000,51,133,272,50097,0,0
time,5,pool_pages,prototype_rolling_32_2far,intent_to_command,20000,157,449,791,75015,0,0
time,5,pool_pages,prototype_rolling_32_2far,intent_queued,20000,44,245,558,54974,0,0
time,5,pool_pages,prototype_rolling_32_2far,replace_report,20000,151,478,1146,39462,0,0
time,5,pool_pages,prototype_rolling_32_2far,ready_to_command,20000,190,498,1092,36053,0,0
time,5,pool_pages,prototype_jump_32_2far,price_query,20000,58,126,286,31749,0,0
time,5,pool_pages,prototype_jump_32_2far,intent_to_command,20000,168,417,1254,55318,0,0
time,5,pool_pages,prototype_jump_32_2far,intent_queued,20000,50,212,497,37354,0,0
time,5,pool_pages,prototype_jump_32_2far,replace_report,20000,163,439,1257,60956,0,0
time,5,pool_pages,prototype_jump_32_2far,ready_to_command,20000,201,453,1160,35647,0,0
time,5,sorted_deque,rolling_4,price_query,20000,45,66,127,33290,0,0
time,5,sorted_deque,rolling_4,near_range8,20000,50,70,111,40669,0,0
time,5,sorted_deque,rolling_4,index_submit,20000,136,299,623,33466,0,0
time,5,sorted_deque,rolling_4,index_ack,20000,121,200,457,36899,0,0
time,5,sorted_deque,rolling_4,cross_page_submit_subset,314,135,320,491,539,0,0
time,5,sorted_deque,outliers_4,price_query,20000,47,87,150,32016,0,0
time,5,sorted_deque,outliers_4,near_range8,20000,53,99,162,30758,0,0
time,5,sorted_deque,outliers_4,index_submit,20000,135,325,1043,35210,0,0
time,5,sorted_deque,outliers_4,index_ack,20000,121,257,746,63463,0,0
time,5,sorted_deque,outliers_4,cross_page_submit_subset,314,134,305,370,517,0,0
time,5,sorted_deque,outliers_4,far_query,20000,47,162,505,66006,0,0
time,5,sorted_deque,boundary_4,price_query,20000,50,60,92,23426,0,0
time,5,sorted_deque,boundary_4,near_range8,20000,60,68,104,43871,0,0
time,5,sorted_deque,boundary_4,index_submit,20000,139,188,572,33707,0,0
time,5,sorted_deque,boundary_4,index_ack,20000,156,194,410,34273,0,0
time,5,sorted_deque,boundary_4,cross_page_submit_subset,5000,138,168,406,33707,0,0
time,5,sorted_deque,jump_4,price_query,20000,50,60,112,5779,0,0
time,5,sorted_deque,jump_4,near_range8,20000,55,68,118,4388,0,0
time,5,sorted_deque,jump_4,index_submit,20000,140,210,301,24234,0,0
time,5,sorted_deque,jump_4,index_ack,20000,146,195,332,37684,0,0
time,5,sorted_deque,jump_4,cross_page_submit_subset,3746,173,235,339,629,0,0
time,5,sorted_deque,jump_4,jump_submit_subset,2496,183,248,345,629,0,0
time,5,sorted_deque,rolling_32,price_query,20000,52,69,107,30251,0,0
time,5,sorted_deque,rolling_32,near_range8,20000,77,82,167,25804,0,0
time,5,sorted_deque,rolling_32,index_submit,20000,142,190,283,38251,0,0
time,5,sorted_deque,rolling_32,index_ack,20000,122,164,246,37304,0,0
time,5,sorted_deque,rolling_32,cross_page_submit_subset,305,142,183,193,194,0,0
time,5,sorted_deque,outliers_32,price_query,20000,34,63,93,25387,0,0
time,5,sorted_deque,outliers_32,near_range8,20000,42,76,138,15903,0,0
time,5,sorted_deque,outliers_32,index_submit,20000,74,227,559,729768,0,0
time,5,sorted_deque,outliers_32,index_ack,20000,60,168,480,739674,0,0
time,5,sorted_deque,outliers_32,cross_page_submit_subset,305,73,242,303,340,0,0
time,5,sorted_deque,outliers_32,far_query,20000,33,64,243,33897,0,0
time,5,sorted_deque,boundary_32,price_query,20000,34,60,101,23345,0,0
time,5,sorted_deque,boundary_32,near_range8,20000,42,78,132,25378,0,0
time,5,sorted_deque,boundary_32,index_submit,20000,74,214,497,39465,0,0
time,5,sorted_deque,boundary_32,index_ack,20000,96,200,380,238928,0,0
time,5,sorted_deque,boundary_32,cross_page_submit_subset,625,81,150,213,1021,0,0
time,5,sorted_deque,jump_32,price_query,20000,35,65,109,925,0,0
time,5,sorted_deque,jump_32,near_range8,20000,44,84,140,29627,0,0
time,5,sorted_deque,jump_32,index_submit,20000,84,232,543,68963,0,0
time,5,sorted_deque,jump_32,index_ack,20000,64,210,380,41485,0,0
time,5,sorted_deque,jump_32,cross_page_submit_subset,2652,118,313,1041,33008,0,0
time,5,sorted_deque,jump_32,jump_submit_subset,2496,120,313,1041,33008,0,0
time,5,sorted_deque,rolling_128,price_query,20000,37,73,102,3880,0,0
time,5,sorted_deque,rolling_128,near_range8,20000,45,80,130,20298,0,0
time,5,sorted_deque,rolling_128,index_submit,20000,81,212,495,34367,0,0
time,5,sorted_deque,rolling_128,index_ack,20000,66,169,370,32684,0,0
time,5,sorted_deque,rolling_128,cross_page_submit_subset,312,81,159,263,278,0,0
time,5,sorted_deque,outliers_128,price_query,20000,37,83,130,194347,0,0
time,5,sorted_deque,outliers_128,near_range8,20000,44,90,205,22942,0,0
time,5,sorted_deque,outliers_128,index_submit,20000,85,229,631,49929,0,0
time,5,sorted_deque,outliers_128,index_ack,20000,67,178,373,179262,0,0
time,5,sorted_deque,outliers_128,cross_page_submit_subset,312,84,190,239,247,0,0
time,5,sorted_deque,outliers_128,far_query,20000,36,67,228,214741,0,0
time,5,sorted_deque,boundary_128,price_query,20000,44,75,134,326251,0,0
time,5,sorted_deque,boundary_128,near_range8,20000,44,79,225,141435,0,0
time,5,sorted_deque,boundary_128,index_submit,20000,92,211,506,26832,0,0
time,5,sorted_deque,boundary_128,index_ack,20000,103,222,443,52586,0,0
time,5,sorted_deque,boundary_128,cross_page_submit_subset,313,100,182,197,238,0,0
time,5,sorted_deque,jump_128,price_query,20000,37,71,99,18570,0,0
time,5,sorted_deque,jump_128,near_range8,20000,45,79,110,935,0,0
time,5,sorted_deque,jump_128,index_submit,20000,86,281,566,783109,0,0
time,5,sorted_deque,jump_128,index_ack,20000,67,306,454,280479,0,0
time,5,sorted_deque,jump_128,cross_page_submit_subset,2704,113,343,1659,783109,0,0
time,5,sorted_deque,jump_128,jump_submit_subset,2432,125,348,1659,783109,0,0
time,5,sorted_deque,4096books_4near_2far,price_query,20000,244,891,3852,166954,0,0
time,5,sorted_deque,new_book_growth,index_insert,20000,293,4567,10814,657761,0,0
time,5,sorted_deque,new_book_growth,every64_subset,313,4731,13143,37555,39093,0,0
time,5,sorted_deque,cancel_rehang_4near,index_cancel,20000,62,133,288,124405,0,0
time,5,sorted_deque,cancel_rehang_4near,index_new,20000,116,232,1032,40117,0,0
time,5,sorted_deque,cancel_rehang_4near,index_accepted,20000,89,274,983,428232,0,0
time,5,sorted_deque,cancel_rehang_4near,index_canceled,20000,89,173,605,30445,0,0
time,5,sorted_deque,prototype_rolling_4_2far,price_query,20000,36,68,154,81411,0,0
time,5,sorted_deque,prototype_rolling_4_2far,intent_to_command,20000,92,285,762,98084,0,0
time,5,sorted_deque,prototype_rolling_4_2far,intent_queued,20000,33,166,431,733135,0,0
time,5,sorted_deque,prototype_rolling_4_2far,replace_report,20000,102,342,1154,59308,0,0
time,5,sorted_deque,prototype_rolling_4_2far,ready_to_command,20000,138,400,1263,128302,0,0
time,5,sorted_deque,prototype_jump_4_2far,price_query,20000,36,66,180,29281,0,0
time,5,sorted_deque,prototype_jump_4_2far,intent_to_command,20000,92,314,1184,47132,0,0
time,5,sorted_deque,prototype_jump_4_2far,intent_queued,20000,32,178,323,81396,0,0
time,5,sorted_deque,prototype_jump_4_2far,replace_report,20000,100,336,1094,35480,0,0
time,5,sorted_deque,prototype_jump_4_2far,ready_to_command,20000,135,410,4075,200450,0,0
time,5,sorted_deque,prototype_rolling_32_2far,price_query,20000,36,68,117,19704,0,0
time,5,sorted_deque,prototype_rolling_32_2far,intent_to_command,20000,91,246,541,26478,0,0
time,5,sorted_deque,prototype_rolling_32_2far,intent_queued,20000,32,66,200,54574,0,0
time,5,sorted_deque,prototype_rolling_32_2far,replace_report,20000,80,235,486,17864,0,0
time,5,sorted_deque,prototype_rolling_32_2far,ready_to_command,20000,103,283,602,22884,0,0
time,5,sorted_deque,prototype_jump_32_2far,price_query,20000,38,80,193,24753,0,0
time,5,sorted_deque,prototype_jump_32_2far,intent_to_command,20000,118,324,1108,156454,0,0
time,5,sorted_deque,prototype_jump_32_2far,intent_queued,20000,34,162,608,34651,0,0
time,5,sorted_deque,prototype_jump_32_2far,replace_report,20000,113,327,1092,24802,0,0
time,5,sorted_deque,prototype_jump_32_2far,ready_to_command,20000,146,415,1294,126110,0,0
time,5,sorted_deque_soa,rolling_4,price_query,20000,39,68,183,18480,0,0
time,5,sorted_deque_soa,rolling_4,near_range8,20000,42,78,165,51145,0,0
time,5,sorted_deque_soa,rolling_4,index_submit,20000,114,257,871,94251,0,0
time,5,sorted_deque_soa,rolling_4,index_ack,20000,96,222,419,726636,0,0
time,5,sorted_deque_soa,rolling_4,cross_page_submit_subset,314,115,250,571,710,0,0
time,5,sorted_deque_soa,outliers_4,price_query,20000,37,54,122,24050,0,0
time,5,sorted_deque_soa,outliers_4,near_range8,20000,38,61,102,5964,0,0
time,5,sorted_deque_soa,outliers_4,index_submit,20000,87,272,488,50428,0,0
time,5,sorted_deque_soa,outliers_4,index_ack,20000,81,214,445,53906,0,0
time,5,sorted_deque_soa,outliers_4,cross_page_submit_subset,314,86,225,233,276,0,0
time,5,sorted_deque_soa,outliers_4,far_query,20000,37,66,204,918,0,0
time,5,sorted_deque_soa,boundary_4,price_query,20000,36,51,83,3883,0,0
time,5,sorted_deque_soa,boundary_4,near_range8,20000,39,60,118,19952,0,0
time,5,sorted_deque_soa,boundary_4,index_submit,20000,80,212,530,30611,0,0
time,5,sorted_deque_soa,boundary_4,index_ack,20000,100,234,358,47615,0,0
time,5,sorted_deque_soa,boundary_4,cross_page_submit_subset,5000,79,254,620,4647,0,0
time,5,sorted_deque_soa,jump_4,price_query,20000,41,67,117,27013,0,0
time,5,sorted_deque_soa,jump_4,near_range8,20000,44,75,221,7922,0,0
time,5,sorted_deque_soa,jump_4,index_submit,20000,117,236,1050,35158,0,0
time,5,sorted_deque_soa,jump_4,index_ack,20000,106,213,1023,52428,0,0
time,5,sorted_deque_soa,jump_4,cross_page_submit_subset,3746,130,272,983,1069,0,0
time,5,sorted_deque_soa,jump_4,jump_submit_subset,2496,148,285,1019,1069,0,0
time,5,sorted_deque_soa,rolling_32,price_query,20000,48,74,102,4269,0,0
time,5,sorted_deque_soa,rolling_32,near_range8,20000,56,97,148,61412,0,0
time,5,sorted_deque_soa,rolling_32,index_submit,20000,92,221,534,45259,0,0
time,5,sorted_deque_soa,rolling_32,index_ack,20000,62,203,372,101612,0,0
time,5,sorted_deque_soa,rolling_32,cross_page_submit_subset,305,92,169,179,1159,0,0
time,5,sorted_deque_soa,outliers_32,price_query,20000,49,66,83,5714,0,0
time,5,sorted_deque_soa,outliers_32,near_range8,20000,56,85,127,20028,0,0
time,5,sorted_deque_soa,outliers_32,index_submit,20000,92,245,488,205282,0,0
time,5,sorted_deque_soa,outliers_32,index_ack,20000,61,143,287,67623,0,0
time,5,sorted_deque_soa,outliers_32,cross_page_submit_subset,305,91,323,372,375,0,0
time,5,sorted_deque_soa,outliers_32,far_query,20000,49,66,138,17435,0,0
time,5,sorted_deque_soa,boundary_32,price_query,20000,48,74,119,90992,0,0
time,5,sorted_deque_soa,boundary_32,near_range8,20000,56,98,155,310769,0,0
time,5,sorted_deque_soa,boundary_32,index_submit,20000,92,224,452,24857,0,0
time,5,sorted_deque_soa,boundary_32,index_ack,20000,126,224,321,19059,0,0
time,5,sorted_deque_soa,boundary_32,cross_page_submit_subset,625,92,175,192,202,0,0
time,5,sorted_deque_soa,jump_32,price_query,20000,49,92,183,39789,0,0
time,5,sorted_deque_soa,jump_32,near_range8,20000,56,115,198,23417,0,0
time,5,sorted_deque_soa,jump_32,index_submit,20000,94,337,567,6266,0,0
time,5,sorted_deque_soa,jump_32,index_ack,20000,63,296,627,32582,0,0
time,5,sorted_deque_soa,jump_32,cross_page_submit_subset,2652,183,470,759,1447,0,0
time,5,sorted_deque_soa,jump_32,jump_submit_subset,2496,187,473,759,1447,0,0
time,5,sorted_deque_soa,rolling_128,price_query,20000,36,69,92,3565,0,0
time,5,sorted_deque_soa,rolling_128,near_range8,20000,40,73,100,958,0,0
time,5,sorted_deque_soa,rolling_128,index_submit,20000,100,213,468,29025,0,0
time,5,sorted_deque_soa,rolling_128,index_ack,20000,66,153,283,21606,0,0
time,5,sorted_deque_soa,rolling_128,cross_page_submit_subset,312,100,167,233,247,0,0
time,5,sorted_deque_soa,outliers_128,price_query,20000,48,86,120,32154,0,0
time,5,sorted_deque_soa,outliers_128,near_range8,20000,63,89,162,44246,0,0
time,5,sorted_deque_soa,outliers_128,index_submit,20000,128,222,490,30369,0,0
time,5,sorted_deque_soa,outliers_128,index_ack,20000,103,180,281,44970,0,0
time,5,sorted_deque_soa,outliers_128,cross_page_submit_subset,312,127,193,267,302,0,0
time,5,sorted_deque_soa,outliers_128,far_query,20000,46,128,419,29290,0,0
time,5,sorted_deque_soa,boundary_128,price_query,20000,63,99,129,26873,0,0
time,5,sorted_deque_soa,boundary_128,near_range8,20000,66,87,129,939,0,0
time,5,sorted_deque_soa,boundary_128,index_submit,20000,143,201,398,44225,0,0
time,5,sorted_deque_soa,boundary_128,index_ack,20000,141,238,413,30001,0,0
time,5,sorted_deque_soa,boundary_128,cross_page_submit_subset,313,155,207,344,495,0,0
time,5,sorted_deque_soa,jump_128,price_query,20000,42,82,131,49842,0,0
time,5,sorted_deque_soa,jump_128,near_range8,20000,40,89,156,36466,0,0
time,5,sorted_deque_soa,jump_128,index_submit,20000,103,338,682,751025,0,0
time,5,sorted_deque_soa,jump_128,index_ack,20000,68,331,532,38149,0,0
time,5,sorted_deque_soa,jump_128,cross_page_submit_subset,2704,139,472,2949,6651,0,0
time,5,sorted_deque_soa,jump_128,jump_submit_subset,2432,153,494,2949,6651,0,0
time,5,sorted_deque_soa,4096books_4near_2far,price_query,20000,276,979,1472,40137,0,0
time,5,sorted_deque_soa,new_book_growth,index_insert,20000,335,4767,29375,1753203,0,0
time,5,sorted_deque_soa,new_book_growth,every64_subset,313,4689,11892,37472,47239,0,0
time,5,sorted_deque_soa,cancel_rehang_4near,index_cancel,20000,49,144,267,17619,0,0
time,5,sorted_deque_soa,cancel_rehang_4near,index_new,20000,90,211,474,30158,0,0
time,5,sorted_deque_soa,cancel_rehang_4near,index_accepted,20000,73,274,640,57695,0,0
time,5,sorted_deque_soa,cancel_rehang_4near,index_canceled,20000,70,174,372,25399,0,0
time,5,sorted_deque_soa,prototype_rolling_4_2far,price_query,20000,39,63,99,3559,0,0
time,5,sorted_deque_soa,prototype_rolling_4_2far,intent_to_command,20000,93,234,569,84154,0,0
time,5,sorted_deque_soa,prototype_rolling_4_2far,intent_queued,20000,32,55,202,32903,0,0
time,5,sorted_deque_soa,prototype_rolling_4_2far,replace_report,20000,103,273,486,187353,0,0
time,5,sorted_deque_soa,prototype_rolling_4_2far,ready_to_command,20000,140,345,1078,393827,0,0
time,5,sorted_deque_soa,prototype_jump_4_2far,price_query,20000,39,70,116,16128,0,0
time,5,sorted_deque_soa,prototype_jump_4_2far,intent_to_command,20000,94,268,717,41448,0,0
time,5,sorted_deque_soa,prototype_jump_4_2far,intent_queued,20000,32,67,198,27160,0,0
time,5,sorted_deque_soa,prototype_jump_4_2far,replace_report,20000,104,289,670,50599,0,0
time,5,sorted_deque_soa,prototype_jump_4_2far,ready_to_command,20000,142,346,623,38906,0,0
time,5,sorted_deque_soa,prototype_rolling_32_2far,price_query,20000,49,107,180,35124,0,0
time,5,sorted_deque_soa,prototype_rolling_32_2far,intent_to_command,20000,105,297,1056,25423,0,0
time,5,sorted_deque_soa,prototype_rolling_32_2far,intent_queued,20000,33,117,219,40287,0,0
time,5,sorted_deque_soa,prototype_rolling_32_2far,replace_report,20000,83,305,972,195621,0,0
time,5,sorted_deque_soa,prototype_rolling_32_2far,ready_to_command,20000,120,416,1114,53523,0,0
time,5,sorted_deque_soa,prototype_jump_32_2far,price_query,20000,49,82,130,24317,0,0
time,5,sorted_deque_soa,prototype_jump_32_2far,intent_to_command,20000,105,238,441,77385,0,0
time,5,sorted_deque_soa,prototype_jump_32_2far,intent_queued,20000,32,55,204,18728,0,0
time,5,sorted_deque_soa,prototype_jump_32_2far,replace_report,20000,81,252,498,36629,0,0
time,5,sorted_deque_soa,prototype_jump_32_2far,ready_to_command,20000,117,353,589,54544,0,0
time,5,linear_prices,rolling_4,price_query,20000,27,45,71,4908,0,0
time,5,linear_prices,rolling_4,near_range8,20000,45,98,211,33151,0,0
time,5,linear_prices,rolling_4,index_submit,20000,62,185,440,40617,0,0
time,5,linear_prices,rolling_4,index_ack,20000,74,165,274,21901,0,0
time,5,linear_prices,rolling_4,cross_page_submit_subset,314,62,124,136,139,0,0
time,5,linear_prices,outliers_4,price_query,20000,27,46,67,3533,0,0
time,5,linear_prices,outliers_4,near_range8,20000,52,110,229,37991,0,0
time,5,linear_prices,outliers_4,index_submit,20000,62,187,363,28188,0,0
time,5,linear_prices,outliers_4,index_ack,20000,72,155,299,21268,0,0
time,5,linear_prices,outliers_4,cross_page_submit_subset,314,62,130,163,183,0,0
time,5,linear_prices,outliers_4,far_query,20000,28,48,88,18980,0,0
time,5,linear_prices,boundary_4,price_query,20000,28,50,78,38001,0,0
time,5,linear_prices,boundary_4,near_range8,20000,55,120,253,23688,0,0
time,5,linear_prices,boundary_4,index_submit,20000,63,171,351,177289,0,0
time,5,linear_prices,boundary_4,index_ack,20000,84,178,300,73255,0,0
time,5,linear_prices,boundary_4,cross_page_submit_subset,5000,61,218,560,34733,0,0
time,5,linear_prices,jump_4,price_query,20000,38,54,105,30284,0,0
time,5,linear_prices,jump_4,near_range8,20000,77,130,240,47078,0,0
time,5,linear_prices,jump_4,index_submit,20000,113,185,301,47057,0,0
time,5,linear_prices,jump_4,index_ack,20000,117,190,297,27778,0,0
time,5,linear_prices,jump_4,cross_page_submit_subset,3746,120,200,282,5491,0,0
time,5,linear_prices,jump_4,jump_submit_subset,2496,131,208,256,287,0,0
time,5,linear_prices,rolling_32,price_query,20000,43,74,94,567,0,0
time,5,linear_prices,rolling_32,near_range8,20000,320,705,5757,50214,0,0
time,5,linear_prices,rolling_32,index_submit,20000,92,230,407,104454,0,0
time,5,linear_prices,rolling_32,index_ack,20000,64,249,353,19115,0,0
time,5,linear_prices,rolling_32,cross_page_submit_subset,305,82,191,292,1040,0,0
time,5,linear_prices,outliers_32,price_query,20000,33,57,84,20728,0,0
time,5,linear_prices,outliers_32,near_range8,20000,300,560,1457,67014,0,0
time,5,linear_prices,outliers_32,index_submit,20000,79,215,456,22981,0,0
time,5,linear_prices,outliers_32,index_ack,20000,60,171,279,23538,0,0
time,5,linear_prices,outliers_32,cross_page_submit_subset,305,69,251,266,273,0,0
time,5,linear_prices,outliers_32,far_query,20000,41,64,89,30668,0,0
time,5,linear_prices,boundary_32,price_query,20000,33,55,76,4973,0,0
time,5,linear_prices,boundary_32,near_range8,20000,314,518,3970,70905,0,0
time,5,linear_prices,boundary_32,index_submit,20000,80,207,294,17709,0,0
time,5,linear_prices,boundary_32,index_ack,20000,86,185,302,21588,0,0
time,5,linear_prices,boundary_32,cross_page_submit_subset,625,72,126,170,171,0,0
time,5,linear_prices,jump_32,price_query,20000,35,58,78,4575,0,0
time,5,linear_prices,jump_32,near_range8,20000,306,546,905,47564,0,0
time,5,linear_prices,jump_32,index_submit,20000,81,176,320,19049,0,0
time,5,linear_prices,jump_32,index_ack,20000,61,207,284,18981,0,0
time,5,linear_prices,jump_32,cross_page_submit_subset,2652,112,269,486,3257,0,0
time,5,linear_prices,jump_32,jump_submit_subset,2496,113,269,486,3257,0,0
time,5,linear_prices,rolling_128,price_query,20000,67,139,179,27524,0,0
time,5,linear_prices,rolling_128,near_range8,20000,1340,2272,24400,78941,0,0
time,5,linear_prices,rolling_128,index_submit,20000,124,280,441,71593,0,0
time,5,linear_prices,rolling_128,index_ack,20000,86,254,570,41614,0,0
time,5,linear_prices,rolling_128,cross_page_submit_subset,312,113,216,306,378,0,0
time,5,linear_prices,outliers_128,price_query,20000,56,122,175,23867,0,0
time,5,linear_prices,outliers_128,near_range8,20000,1100,2193,21837,100906,0,0
time,5,linear_prices,outliers_128,index_submit,20000,101,247,510,22239,0,0
time,5,linear_prices,outliers_128,index_ack,20000,66,263,553,34067,0,0
time,5,linear_prices,outliers_128,cross_page_submit_subset,312,91,196,328,348,0,0
time,5,linear_prices,outliers_128,far_query,20000,88,176,260,25832,0,0
time,5,linear_prices,boundary_128,price_query,20000,67,141,282,66029,0,0
time,5,linear_prices,boundary_128,near_range8,20000,1259,2607,35779,484404,0,0
time,5,linear_prices,boundary_128,index_submit,20000,114,315,1096,66008,0,0
time,5,linear_prices,boundary_128,index_ack,20000,126,353,898,27415,0,0
time,5,linear_prices,boundary_128,cross_page_submit_subset,313,102,207,273,323,0,0
time,5,linear_prices,jump_128,price_query,20000,67,179,241,23068,0,0
time,5,linear_prices,jump_128,near_range8,20000,1222,2842,28021,210247,0,0
time,5,linear_prices,jump_128,index_submit,20000,109,436,1068,36373,0,0
time,5,linear_prices,jump_128,index_ack,20000,69,620,826,26718,0,0
time,5,linear_prices,jump_128,cross_page_submit_subset,2704,230,541,4225,36373,0,0
time,5,linear_prices,jump_128,jump_submit_subset,2432,235,567,4225,36373,0,0
time,5,linear_prices,4096books_4near_2far,price_query,20000,251,864,5190,375310,0,0
time,5,linear_prices,new_book_growth,index_insert,20000,253,4140,27597,450511,0,0
time,5,linear_prices,new_book_growth,every64_subset,313,4230,10960,64598,78345,0,0
time,5,linear_prices,cancel_rehang_4near,index_cancel,20000,49,115,250,26087,0,0
time,5,linear_prices,cancel_rehang_4near,index_new,20000,86,186,480,36508,0,0
time,5,linear_prices,cancel_rehang_4near,index_accepted,20000,74,242,591,35650,0,0
time,5,linear_prices,cancel_rehang_4near,index_canceled,20000,70,171,378,30485,0,0
time,5,linear_prices,prototype_rolling_4_2far,price_query,20000,49,86,103,80022,0,0
time,5,linear_prices,prototype_rolling_4_2far,intent_to_command,20000,142,286,673,39319,0,0
time,5,linear_prices,prototype_rolling_4_2far,intent_queued,20000,48,181,432,41678,0,0
time,5,linear_prices,prototype_rolling_4_2far,replace_report,20000,181,347,706,29186,0,0
time,5,linear_prices,prototype_rolling_4_2far,ready_to_command,20000,185,326,653,48856,0,0
time,5,linear_prices,prototype_jump_4_2far,price_query,20000,38,61,96,69627,0,0
time,5,linear_prices,prototype_jump_4_2far,intent_to_command,20000,80,220,486,35182,0,0
time,5,linear_prices,prototype_jump_4_2far,intent_queued,20000,32,55,194,36498,0,0
time,5,linear_prices,prototype_jump_4_2far,replace_report,20000,99,255,618,100703,0,0
time,5,linear_prices,prototype_jump_4_2far,ready_to_command,20000,102,254,583,276828,0,0
time,5,linear_prices,prototype_rolling_32_2far,price_query,20000,41,66,97,18261,0,0
time,5,linear_prices,prototype_rolling_32_2far,intent_to_command,20000,86,225,382,56152,0,0
time,5,linear_prices,prototype_rolling_32_2far,intent_queued,20000,32,53,206,5388,0,0
time,5,linear_prices,prototype_rolling_32_2far,replace_report,20000,80,282,598,61225,0,0
time,5,linear_prices,prototype_rolling_32_2far,ready_to_command,20000,112,272,833,129677,0,0
time,5,linear_prices,prototype_jump_32_2far,price_query,20000,42,70,94,915,0,0
time,5,linear_prices,prototype_jump_32_2far,intent_to_command,20000,88,207,414,17626,0,0
time,5,linear_prices,prototype_jump_32_2far,intent_queued,20000,32,49,162,3541,0,0
time,5,linear_prices,prototype_jump_32_2far,replace_report,20000,81,264,467,29811,0,0
time,5,linear_prices,prototype_jump_32_2far,ready_to_command,20000,114,249,488,29967,0,0
time,6,window128,rolling_4,price_query,20000,35,52,75,4383,0,0
time,6,window128,rolling_4,near_range8,20000,38,102,251,21930,0,0
time,6,window128,rolling_4,index_submit,20000,80,226,501,77804,0,0
time,6,window128,rolling_4,index_ack,20000,76,164,270,24654,0,0
time,6,window128,rolling_4,cross_page_submit_subset,314,77,158,194,203,0,0
time,6,window128,outliers_4,price_query,20000,37,63,91,17293,0,0
time,6,window128,outliers_4,near_range8,20000,41,145,383,453901,0,0
time,6,window128,outliers_4,index_submit,20000,109,262,479,592075,0,0
time,6,window128,outliers_4,index_ack,20000,83,188,288,43764,0,0
time,6,window128,outliers_4,cross_page_submit_subset,314,109,240,251,259,0,0
time,6,window128,outliers_4,far_query,20000,38,67,199,4523,0,0
time,6,window128,boundary_4,price_query,20000,52,67,130,24338,0,0
time,6,window128,boundary_4,near_range8,20000,70,188,409,32581,0,0
time,6,window128,boundary_4,index_submit,20000,143,210,333,22735,0,0
time,6,window128,boundary_4,index_ack,20000,153,207,291,75167,0,0
time,6,window128,boundary_4,cross_page_submit_subset,5000,139,169,314,12489,0,0
time,6,window128,jump_4,price_query,20000,49,146,363,46432,0,0
time,6,window128,jump_4,near_range8,20000,63,194,460,21232,0,0
time,6,window128,jump_4,index_submit,20000,140,239,450,30942,0,0
time,6,window128,jump_4,index_ack,20000,122,218,374,39158,0,0
time,6,window128,jump_4,cross_page_submit_subset,3746,152,260,450,1119,0,0
time,6,window128,jump_4,jump_submit_subset,2496,191,271,432,1119,0,0
time,6,window128,rolling_32,price_query,20000,34,48,71,20109,0,0
time,6,window128,rolling_32,near_range8,20000,85,163,408,765363,0,0
time,6,window128,rolling_32,index_submit,20000,100,156,284,24080,0,0
time,6,window128,rolling_32,index_ack,20000,90,142,274,41493,0,0
time,6,window128,rolling_32,cross_page_submit_subset,305,100,138,179,181,0,0
time,6,window128,outliers_32,price_query,20000,28,44,83,26088,0,0
time,6,window128,outliers_32,near_range8,20000,60,148,310,17815,0,0
time,6,window128,outliers_32,index_submit,20000,72,212,313,37648,0,0
time,6,window128,outliers_32,index_ack,20000,62,169,283,24604,0,0
time,6,window128,outliers_32,cross_page_submit_subset,305,71,240,274,277,0,0
time,6,window128,outliers_32,far_query,20000,35,49,86,24426,0,0
time,6,window128,boundary_32,price_query,20000,28,44,65,888,0,0
time,6,window128,boundary_32,near_range8,20000,60,148,310,143183,0,0
time,6,window128,boundary_32,index_submit,20000,70,207,459,113962,0,0
time,6,window128,boundary_32,index_ack,20000,86,186,435,36069,0,0
time,6,window128,boundary_32,cross_page_submit_subset,625,71,130,153,113962,0,0
time,6,window128,jump_32,price_query,20000,34,60,161,239,0,0
time,6,window128,jump_32,near_range8,20000,78,160,376,15589,0,0
time,6,window128,jump_32,index_submit,20000,100,215,1493,37231,0,0
time,6,window128,jump_32,index_ack,20000,90,182,284,57462,0,0
time,6,window128,jump_32,cross_page_submit_subset,2652,141,260,488,870,0,0
time,6,window128,jump_32,jump_submit_subset,2496,143,263,488,870,0,0
time,6,window128,rolling_128,price_query,20000,29,62,88,22829,0,0
time,6,window128,rolling_128,near_range8,20000,58,180,456,26148,0,0
time,6,window128,rolling_128,index_submit,20000,72,192,320,37478,0,0
time,6,window128,rolling_128,index_ack,20000,68,159,262,6407,0,0
time,6,window128,rolling_128,cross_page_submit_subset,312,74,145,204,234,0,0
time,6,window128,outliers_128,price_query,20000,29,66,97,26120,0,0
time,6,window128,outliers_128,near_range8,20000,58,187,310,24974,0,0
time,6,window128,outliers_128,index_submit,20000,76,216,532,410974,0,0
time,6,window128,outliers_128,index_ack,20000,68,162,356,36153,0,0
time,6,window128,outliers_128,cross_page_submit_subset,312,76,153,252,369,0,0
time,6,window128,outliers_128,far_query,20000,36,59,101,4866,0,0
time,6,window128,boundary_128,price_query,20000,33,76,195,665497,0,0
time,6,window128,boundary_128,near_range8,20000,61,218,562,162533,0,0
time,6,window128,boundary_128,index_submit,20000,90,390,6135,918461,0,0
time,6,window128,boundary_128,index_ack,20000,94,263,688,154764,0,0
time,6,window128,boundary_128,cross_page_submit_subset,313,87,197,279,419,0,0
time,6,window128,jump_128,price_query,20000,36,75,118,69600,0,0
time,6,window128,jump_128,near_range8,20000,57,176,445,293594,0,0
time,6,window128,jump_128,index_submit,20000,81,253,3791,51692,0,0
time,6,window128,jump_128,index_ack,20000,67,227,361,53738,0,0
time,6,window128,jump_128,cross_page_submit_subset,2704,117,318,2745,27962,0,0
time,6,window128,jump_128,jump_submit_subset,2432,125,326,2745,27962,0,0
time,6,window128,4096books_4near_2far,price_query,20000,301,968,4429,188117,0,0
time,6,window128,new_book_growth,index_insert,20000,356,5346,32385,1285085,0,0
time,6,window128,new_book_growth,every64_subset,313,5373,12819,57929,1202936,0,0
time,6,window128,cancel_rehang_4near,index_cancel,20000,50,122,243,45433,0,0
time,6,window128,cancel_rehang_4near,index_new,20000,98,210,487,26922,0,0
time,6,window128,cancel_rehang_4near,index_accepted,20000,70,247,575,151232,0,0
time,6,window128,cancel_rehang_4near,index_canceled,20000,64,160,303,21509,0,0
time,6,window128,prototype_rolling_4_2far,price_query,20000,53,83,322,963,0,0
time,6,window128,prototype_rolling_4_2far,intent_to_command,20000,162,326,1118,53915,0,0
time,6,window128,prototype_rolling_4_2far,intent_queued,20000,44,180,534,4640,0,0
time,6,window128,prototype_rolling_4_2far,replace_report,20000,182,365,1227,65007,0,0
time,6,window128,prototype_rolling_4_2far,ready_to_command,20000,257,503,1610,310854,0,0
time,6,window128,prototype_jump_4_2far,price_query,20000,54,84,180,26040,0,0
time,6,window128,prototype_jump_4_2far,intent_to_command,20000,165,330,1147,25821,0,0
time,6,window128,prototype_jump_4_2far,intent_queued,20000,44,171,903,23607,0,0
time,6,window128,prototype_jump_4_2far,replace_report,20000,189,382,1206,44836,0,0
time,6,window128,prototype_jump_4_2far,ready_to_command,20000,260,487,1373,49325,0,0
time,6,window128,prototype_rolling_32_2far,price_query,20000,43,64,895,50370,0,0
time,6,window128,prototype_rolling_32_2far,intent_to_command,20000,150,310,1093,22972,0,0
time,6,window128,prototype_rolling_32_2far,intent_queued,20000,44,178,890,21511,0,0
time,6,window128,prototype_rolling_32_2far,replace_report,20000,152,306,1097,54533,0,0
time,6,window128,prototype_rolling_32_2far,ready_to_command,20000,182,374,1561,29865,0,0
time,6,window128,prototype_jump_32_2far,price_query,20000,43,64,119,41306,0,0
time,6,window128,prototype_jump_32_2far,intent_to_command,20000,151,350,1098,36046,0,0
time,6,window128,prototype_jump_32_2far,intent_queued,20000,44,178,892,47418,0,0
time,6,window128,prototype_jump_32_2far,replace_report,20000,154,336,1085,47164,0,0
time,6,window128,prototype_jump_32_2far,ready_to_command,20000,185,517,3037,32121,0,0
time,6,absl_btree,rolling_4,price_query,20000,42,63,892,49516,0,0
time,6,absl_btree,rolling_4,near_range8,20000,58,177,942,50781,0,0
time,6,absl_btree,rolling_4,index_submit,20000,125,255,1081,29138,0,0
time,6,absl_btree,rolling_4,index_ack,20000,123,339,1183,72539,0,0
time,6,absl_btree,rolling_4,cross_page_submit_subset,314,125,197,404,1060,0,0
time,6,absl_btree,outliers_4,price_query,20000,43,65,186,53833,0,0
time,6,absl_btree,outliers_4,near_range8,20000,60,168,959,23938,0,0
time,6,absl_btree,outliers_4,index_submit,20000,128,268,1068,44667,0,0
time,6,absl_btree,outliers_4,index_ack,20000,128,347,1096,32730,0,0
time,6,absl_btree,outliers_4,cross_page_submit_subset,314,129,255,979,1034,0,0
time,6,absl_btree,outliers_4,far_query,20000,43,61,896,23073,0,0
time,6,absl_btree,boundary_4,price_query,20000,43,62,235,22348,0,0
time,6,absl_btree,boundary_4,near_range8,20000,60,179,944,33613,0,0
time,6,absl_btree,boundary_4,index_submit,20000,127,232,1049,31300,0,0
time,6,absl_btree,boundary_4,index_ack,20000,186,337,1194,54027,0,0
time,6,absl_btree,boundary_4,cross_page_submit_subset,5000,123,180,1001,1029,0,0
time,6,absl_btree,jump_4,price_query,20000,28,57,90,4615,0,0
time,6,absl_btree,jump_4,near_range8,20000,34,85,193,3459,0,0
time,6,absl_btree,jump_4,index_submit,20000,88,211,589,55856,0,0
time,6,absl_btree,jump_4,index_ack,20000,85,258,1009,42584,0,0
time,6,absl_btree,jump_4,cross_page_submit_subset,3746,95,220,6490,55856,0,0
time,6,absl_btree,jump_4,jump_submit_subset,2496,106,216,4468,55856,0,0
time,6,absl_btree,rolling_32,price_query,20000,31,69,108,62387,0,0
time,6,absl_btree,rolling_32,near_range8,20000,50,127,335,58384,0,0
time,6,absl_btree,rolling_32,index_submit,20000,80,228,531,144665,0,0
time,6,absl_btree,rolling_32,index_ack,20000,60,227,706,139413,0,0
time,6,absl_btree,rolling_32,cross_page_submit_subset,305,75,168,268,4934,0,0
time,6,absl_btree,outliers_32,price_query,20000,31,68,105,56187,0,0
time,6,absl_btree,outliers_32,near_range8,20000,50,154,392,24386,0,0
time,6,absl_btree,outliers_32,index_submit,20000,82,252,724,43006,0,0
time,6,absl_btree,outliers_32,index_ack,20000,61,226,518,17628,0,0
time,6,absl_btree,outliers_32,cross_page_submit_subset,305,81,301,376,409,0,0
time,6,absl_btree,outliers_32,far_query,20000,33,91,222,16521,0,0
time,6,absl_btree,boundary_32,price_query,20000,31,61,98,200246,0,0
time,6,absl_btree,boundary_32,near_range8,20000,48,103,279,21904,0,0
time,6,absl_btree,boundary_32,index_submit,20000,72,197,463,41945,0,0
time,6,absl_btree,boundary_32,index_ack,20000,115,272,582,196735,0,0
time,6,absl_btree,boundary_32,cross_page_submit_subset,625,76,150,187,300,0,0
time,6,absl_btree,jump_32,price_query,20000,31,64,93,19815,0,0
time,6,absl_btree,jump_32,near_range8,20000,50,120,261,125579,0,0
time,6,absl_btree,jump_32,index_submit,20000,84,243,450,50429,0,0
time,6,absl_btree,jump_32,index_ack,20000,61,289,504,41336,0,0
time,6,absl_btree,jump_32,cross_page_submit_subset,2652,126,285,417,1090,0,0
time,6,absl_btree,jump_32,jump_submit_subset,2496,128,285,417,1090,0,0
time,6,absl_btree,rolling_128,price_query,20000,43,99,208,49894,0,0
time,6,absl_btree,rolling_128,near_range8,20000,52,180,382,43884,0,0
time,6,absl_btree,rolling_128,index_submit,20000,102,274,1084,230245,0,0
time,6,absl_btree,rolling_128,index_ack,20000,68,256,999,100819,0,0
time,6,absl_btree,rolling_128,cross_page_submit_subset,312,100,209,427,623,0,0
time,6,absl_btree,outliers_128,price_query,20000,36,75,119,25786,0,0
time,6,absl_btree,outliers_128,near_range8,20000,51,116,324,29540,0,0
time,6,absl_btree,outliers_128,index_submit,20000,96,250,585,41646,0,0
time,6,absl_btree,outliers_128,index_ack,20000,67,218,546,49628,0,0
time,6,absl_btree,outliers_128,cross_page_submit_subset,312,96,205,249,382,0,0
time,6,absl_btree,outliers_128,far_query,20000,38,84,215,65638,0,0
time,6,absl_btree,boundary_128,price_query,20000,40,89,121,2051,0,0
time,6,absl_btree,boundary_128,near_range8,20000,53,166,367,26431,0,0
time,6,absl_btree,boundary_128,index_submit,20000,97,233,449,36302,0,0
time,6,absl_btree,boundary_128,index_ack,20000,133,354,708,50333,0,0
time,6,absl_btree,boundary_128,cross_page_submit_subset,313,100,183,201,235,0,0
time,6,absl_btree,jump_128,price_query,20000,45,92,142,18689,0,0
time,6,absl_btree,jump_128,near_range8,20000,53,136,254,50525,0,0
time,6,absl_btree,jump_128,index_submit,20000,104,319,890,40798,0,0
time,6,absl_btree,jump_128,index_ack,20000,70,425,723,44307,0,0
time,6,absl_btree,jump_128,cross_page_submit_subset,2704,171,490,1101,18515,0,0
time,6,absl_btree,jump_128,jump_submit_subset,2432,176,491,1101,18515,0,0
time,6,absl_btree,4096books_4near_2far,price_query,20000,236,846,1394,43326,0,0
time,6,absl_btree,new_book_growth,index_insert,20000,363,5014,22777,435179,0,0
time,6,absl_btree,new_book_growth,every64_subset,313,5105,11748,25246,44369,0,0
time,6,absl_btree,cancel_rehang_4near,index_cancel,20000,85,122,238,25240,0,0
time,6,absl_btree,cancel_rehang_4near,index_new,20000,162,253,540,56046,0,0
time,6,absl_btree,cancel_rehang_4near,index_accepted,20000,120,257,606,33166,0,0
time,6,absl_btree,cancel_rehang_4near,index_canceled,20000,179,238,510,81289,0,0
time,6,absl_btree,prototype_rolling_4_2far,price_query,20000,30,50,93,924,0,0
time,6,absl_btree,prototype_rolling_4_2far,intent_to_command,20000,85,247,554,145902,0,0
time,6,absl_btree,prototype_rolling_4_2far,intent_queued,20000,32,55,192,5554,0,0
time,6,absl_btree,prototype_rolling_4_2far,replace_report,20000,135,326,697,227834,0,0
time,6,absl_btree,prototype_rolling_4_2far,ready_to_command,20000,124,310,682,28521,0,0
time,6,absl_btree,prototype_jump_4_2far,price_query,20000,44,68,154,23549,0,0
time,6,absl_btree,prototype_jump_4_2far,intent_to_command,20000,153,321,1106,44539,0,0
time,6,absl_btree,prototype_jump_4_2far,intent_queued,20000,43,191,548,110783,0,0
time,6,absl_btree,prototype_jump_4_2far,replace_report,20000,237,475,1506,189303,0,0
time,6,absl_btree,prototype_jump_4_2far,ready_to_command,20000,229,431,1316,205996,0,0
time,6,absl_btree,prototype_rolling_32_2far,price_query,20000,52,88,263,29735,0,0
time,6,absl_btree,prototype_rolling_32_2far,intent_to_command,20000,156,314,1186,48203,0,0
time,6,absl_btree,prototype_rolling_32_2far,intent_queued,20000,44,172,719,933,0,0
time,6,absl_btree,prototype_rolling_32_2far,replace_report,20000,149,520,1295,28681,0,0
time,6,absl_btree,prototype_rolling_32_2far,ready_to_command,20000,191,445,1327,52347,0,0
time,6,absl_btree,prototype_jump_32_2far,price_query,20000,53,88,909,30709,0,0
time,6,absl_btree,prototype_jump_32_2far,intent_to_command,20000,158,325,1114,48426,0,0
time,6,absl_btree,prototype_jump_32_2far,intent_queued,20000,44,181,508,22718,0,0
time,6,absl_btree,prototype_jump_32_2far,replace_report,20000,152,547,1334,80355,0,0
time,6,absl_btree,prototype_jump_32_2far,ready_to_command,20000,196,472,2973,55672,0,0
time,6,pool_pages,rolling_4,price_query,20000,34,65,132,32300,0,0
time,6,pool_pages,rolling_4,near_range8,20000,45,180,580,37814,0,0
time,6,pool_pages,rolling_4,index_submit,20000,96,240,16880,85167,0,0
time,6,pool_pages,rolling_4,index_ack,20000,92,253,17468,220109,0,0
time,6,pool_pages,rolling_4,cross_page_submit_subset,314,124,1050,1319,1334,0,0
time,6,pool_pages,rolling_4,page_creation_subset,78,350,1319,1319,1334,0,0
time,6,pool_pages,outliers_4,price_query,20000,43,66,233,52941,0,0
time,6,pool_pages,outliers_4,near_range8,20000,66,184,923,37135,0,0
time,6,pool_pages,outliers_4,index_submit,20000,126,244,1053,82079,0,0
time,6,pool_pages,outliers_4,index_ack,20000,121,235,1038,51182,0,0
time,6,pool_pages,outliers_4,cross_page_submit_subset,314,136,976,1109,1136,0,0
time,6,pool_pages,outliers_4,page_creation_subset,78,363,1109,1109,1136,0,0
time,6,pool_pages,outliers_4,far_query,20000,46,73,152,47706,0,0
time,6,pool_pages,boundary_4,price_query,20000,44,62,291,31685,0,0
time,6,pool_pages,boundary_4,near_range8,20000,74,180,944,15737,0,0
time,6,pool_pages,boundary_4,index_submit,20000,125,205,1060,46318,0,0
time,6,pool_pages,boundary_4,index_ack,20000,153,308,1159,43291,0,0
time,6,pool_pages,boundary_4,cross_page_submit_subset,5000,121,189,1063,46318,0,0
time,6,pool_pages,jump_4,price_query,20000,45,72,894,21576,0,0
time,6,pool_pages,jump_4,near_range8,20000,67,176,946,22153,0,0
time,6,pool_pages,jump_4,index_submit,20000,131,302,1070,111216,0,0
time,6,pool_pages,jump_4,index_ack,20000,134,340,1057,73054,0,0
time,6,pool_pages,jump_4,cross_page_submit_subset,3746,151,386,1186,25093,0,0
time,6,pool_pages,jump_4,page_creation_subset,1248,249,454,1186,5989,0,0
time,6,pool_pages,jump_4,jump_submit_subset,2496,206,399,1154,5989,0,0
time,6,pool_pages,rolling_32,price_query,20000,43,60,116,25324,0,0
time,6,pool_pages,rolling_32,near_range8,20000,85,201,983,76527,0,0
time,6,pool_pages,rolling_32,index_submit,20000,121,197,1023,50636,0,0
time,6,pool_pages,rolling_32,index_ack,20000,109,191,1012,30353,0,0
time,6,pool_pages,rolling_32,cross_page_submit_subset,305,133,807,1036,1210,0,0
time,6,pool_pages,rolling_32,page_creation_subset,10,756,1036,1036,1210,0,0
time,6,pool_pages,outliers_32,price_query,20000,44,61,120,6280,0,0
time,6,pool_pages,outliers_32,near_range8,20000,87,186,967,24075,0,0
time,6,pool_pages,outliers_32,index_submit,20000,123,198,1023,23314,0,0
time,6,pool_pages,outliers_32,index_ack,20000,109,196,989,91277,0,0
time,6,pool_pages,outliers_32,cross_page_submit_subset,305,135,551,1085,1242,0,0
time,6,pool_pages,outliers_32,page_creation_subset,10,535,1085,1085,1242,0,0
time,6,pool_pages,outliers_32,far_query,20000,47,68,279,42448,0,0
time,6,pool_pages,boundary_32,price_query,20000,45,62,260,7330,0,0
time,6,pool_pages,boundary_32,near_range8,20000,92,194,966,46910,0,0
time,6,pool_pages,boundary_32,index_submit,20000,122,196,1029,50005,0,0
time,6,pool_pages,boundary_32,index_ack,20000,139,291,1034,27549,0,0
time,6,pool_pages,boundary_32,cross_page_submit_subset,625,122,184,220,5991,0,0
time,6,pool_pages,jump_32,price_query,20000,44,60,151,51831,0,0
time,6,pool_pages,jump_32,near_range8,20000,86,175,950,30888,0,0
time,6,pool_pages,jump_32,index_submit,20000,123,235,1012,24930,0,0
time,6,pool_pages,jump_32,index_ack,20000,111,274,1060,37906,0,0
time,6,pool_pages,jump_32,cross_page_submit_subset,2652,151,384,1069,1918,0,0
time,6,pool_pages,jump_32,page_creation_subset,156,290,577,922,1918,0,0
time,6,pool_pages,jump_32,jump_submit_subset,2496,151,394,1069,1918,0,0
time,6,pool_pages,rolling_128,price_query,20000,46,73,143,6995,0,0
time,6,pool_pages,rolling_128,near_range8,20000,87,193,939,31056,0,0
time,6,pool_pages,rolling_128,index_submit,20000,124,261,1023,80438,0,0
time,6,pool_pages,rolling_128,index_ack,20000,112,235,991,51519,0,0
time,6,pool_pages,rolling_128,cross_page_submit_subset,312,140,1019,1446,1679,0,0
time,6,pool_pages,rolling_128,page_creation_subset,3,1446,1446,1446,1679,0,0
time,6,pool_pages,outliers_128,price_query,20000,45,63,115,46364,0,0
time,6,pool_pages,outliers_128,near_range8,20000,86,175,957,25118,0,0
time,6,pool_pages,outliers_128,index_submit,20000,124,200,1055,51126,0,0
time,6,pool_pages,outliers_128,index_ack,20000,111,193,991,22638,0,0
time,6,pool_pages,outliers_128,cross_page_submit_subset,312,140,220,1415,1954,0,0
time,6,pool_pages,outliers_128,page_creation_subset,3,1415,1415,1415,1954,0,0
time,6,pool_pages,outliers_128,far_query,20000,47,68,124,4886,0,0
time,6,pool_pages,boundary_128,price_query,20000,44,64,122,27545,0,0
time,6,pool_pages,boundary_128,near_range8,20000,91,168,970,22492,0,0
time,6,pool_pages,boundary_128,index_submit,20000,123,198,1049,53689,0,0
time,6,pool_pages,boundary_128,index_ack,20000,137,245,1100,34401,0,0
time,6,pool_pages,boundary_128,cross_page_submit_subset,313,128,199,214,244,0,0
time,6,pool_pages,jump_128,price_query,20000,45,83,16522,101994,0,0
time,6,pool_pages,jump_128,near_range8,20000,88,210,16855,57417,0,0
time,6,pool_pages,jump_128,index_submit,20000,126,342,17296,131176,0,0
time,6,pool_pages,jump_128,index_ack,20000,112,368,16957,56328,0,0
time,6,pool_pages,jump_128,cross_page_submit_subset,2704,156,740,25257,50878,0,0
time,6,pool_pages,jump_128,page_creation_subset,77,468,1403,1403,2147,0,0
time,6,pool_pages,jump_128,jump_submit_subset,2432,157,664,25257,50878,0,0
time,6,pool_pages,4096books_4near_2far,price_query,20000,671,16981,42978,1166527,0,0
time,6,pool_pages,new_book_growth,index_insert,20000,504,18617,67321,896053,0,0
time,6,pool_pages,new_book_growth,page_block_growth_subset,313,18762,83846,112621,125569,0,0
time,6,pool_pages,new_book_growth,every64_subset,313,18762,83846,112621,125569,0,0
time,6,pool_pages,cancel_rehang_4near,index_cancel,20000,90,112,183,82338,0,0
time,6,pool_pages,cancel_rehang_4near,index_new,20000,173,296,702,40289,0,0
time,6,pool_pages,cancel_rehang_4near,index_accepted,20000,128,260,562,34273,0,0
time,6,pool_pages,cancel_rehang_4near,index_canceled,20000,147,249,413,53265,0,0
time,6,pool_pages,prototype_rolling_4_2far,price_query,20000,36,62,116,21022,0,0
time,6,pool_pages,prototype_rolling_4_2far,intent_to_command,20000,85,276,598,69029,0,0
time,6,pool_pages,prototype_rolling_4_2far,intent_queued,20000,32,138,236,18329,0,0
time,6,pool_pages,prototype_rolling_4_2far,replace_report,20000,100,322,844,65938,0,0
time,6,pool_pages,prototype_rolling_4_2far,ready_to_command,20000,115,319,616,37134,0,0
time,6,pool_pages,prototype_jump_4_2far,price_query,20000,36,60,88,4384,0,0
time,6,pool_pages,prototype_jump_4_2far,intent_to_command,20000,84,231,397,36388,0,0
time,6,pool_pages,prototype_jump_4_2far,intent_queued,20000,32,54,188,19706,0,0
time,6,pool_pages,prototype_jump_4_2far,replace_report,20000,100,303,629,42076,0,0
time,6,pool_pages,prototype_jump_4_2far,ready_to_command,20000,115,279,437,55622,0,0
time,6,pool_pages,prototype_rolling_32_2far,price_query,20000,56,77,134,32355,0,0
time,6,pool_pages,prototype_rolling_32_2far,intent_to_command,20000,167,320,613,44934,0,0
time,6,pool_pages,prototype_rolling_32_2far,intent_queued,20000,47,198,504,30810,0,0
time,6,pool_pages,prototype_rolling_32_2far,replace_report,20000,165,374,962,50850,0,0
time,6,pool_pages,prototype_rolling_32_2far,ready_to_command,20000,203,386,829,45392,0,0
time,6,pool_pages,prototype_jump_32_2far,price_query,20000,57,79,137,13397,0,0
time,6,pool_pages,prototype_jump_32_2far,intent_to_command,20000,169,360,709,36889,0,0
time,6,pool_pages,prototype_jump_32_2far,intent_queued,20000,47,198,506,53570,0,0
time,6,pool_pages,prototype_jump_32_2far,replace_report,20000,168,408,844,79093,0,0
time,6,pool_pages,prototype_jump_32_2far,ready_to_command,20000,207,386,723,108741,0,0
time,6,sorted_deque,rolling_4,price_query,20000,33,48,80,69831,0,0
time,6,sorted_deque,rolling_4,near_range8,20000,34,54,79,39942,0,0
time,6,sorted_deque,rolling_4,index_submit,20000,80,214,339,38194,0,0
time,6,sorted_deque,rolling_4,index_ack,20000,78,181,287,143416,0,0
time,6,sorted_deque,rolling_4,cross_page_submit_subset,314,80,157,189,189,0,0
time,6,sorted_deque,outliers_4,price_query,20000,33,51,75,917,0,0
time,6,sorted_deque,outliers_4,near_range8,20000,34,60,100,964,0,0
time,6,sorted_deque,outliers_4,index_submit,20000,80,250,543,29473,0,0
time,6,sorted_deque,outliers_4,index_ack,20000,78,175,326,57745,0,0
time,6,sorted_deque,outliers_4,cross_page_submit_subset,314,80,180,216,240,0,0
time,6,sorted_deque,outliers_4,far_query,20000,33,67,181,24624,0,0
time,6,sorted_deque,boundary_4,price_query,20000,35,60,139,153176,0,0
time,6,sorted_deque,boundary_4,near_range8,20000,39,74,167,398842,0,0
time,6,sorted_deque,boundary_4,index_submit,20000,108,223,510,26175,0,0
time,6,sorted_deque,boundary_4,index_ack,20000,111,227,535,48880,0,0
time,6,sorted_deque,boundary_4,cross_page_submit_subset,5000,112,247,563,24954,0,0
time,6,sorted_deque,jump_4,price_query,20000,38,61,92,34366,0,0
time,6,sorted_deque,jump_4,near_range8,20000,42,68,111,42402,0,0
time,6,sorted_deque,jump_4,index_submit,20000,121,221,404,31240,0,0
time,6,sorted_deque,jump_4,index_ack,20000,109,205,322,22922,0,0
time,6,sorted_deque,jump_4,cross_page_submit_subset,3746,128,239,523,19795,0,0
time,6,sorted_deque,jump_4,jump_submit_subset,2496,148,243,495,5116,0,0
time,6,sorted_deque,rolling_32,price_query,20000,34,59,93,40013,0,0
time,6,sorted_deque,rolling_32,near_range8,20000,43,80,142,28632,0,0
time,6,sorted_deque,rolling_32,index_submit,20000,74,205,410,25659,0,0
time,6,sorted_deque,rolling_32,index_ack,20000,61,165,292,20412,0,0
time,6,sorted_deque,rolling_32,cross_page_submit_subset,305,74,169,185,197,0,0
time,6,sorted_deque,outliers_32,price_query,20000,34,57,81,4350,0,0
time,6,sorted_deque,outliers_32,near_range8,20000,42,76,112,8417,0,0
time,6,sorted_deque,outliers_32,index_submit,20000,73,224,370,24317,0,0
time,6,sorted_deque,outliers_32,index_ack,20000,60,172,283,37474,0,0
time,6,sorted_deque,outliers_32,cross_page_submit_subset,305,74,218,360,382,0,0
time,6,sorted_deque,outliers_32,far_query,20000,33,54,153,5115,0,0
time,6,sorted_deque,boundary_32,price_query,20000,34,58,83,4634,0,0
time,6,sorted_deque,boundary_32,near_range8,20000,42,80,178,41412,0,0
time,6,sorted_deque,boundary_32,index_submit,20000,74,206,374,41920,0,0
time,6,sorted_deque,boundary_32,index_ack,20000,97,191,320,25473,0,0
time,6,sorted_deque,boundary_32,cross_page_submit_subset,625,86,158,170,207,0,0
time,6,sorted_deque,jump_32,price_query,20000,34,55,72,41561,0,0
time,6,sorted_deque,jump_32,near_range8,20000,43,74,107,4775,0,0
time,6,sorted_deque,jump_32,index_submit,20000,74,212,430,30948,0,0
time,6,sorted_deque,jump_32,index_ack,20000,61,166,264,60563,0,0
time,6,sorted_deque,jump_32,cross_page_submit_subset,2652,102,255,805,17901,0,0
time,6,sorted_deque,jump_32,jump_submit_subset,2496,103,256,805,17901,0,0
time,6,sorted_deque,rolling_128,price_query,20000,37,74,109,4450,0,0
time,6,sorted_deque,rolling_128,near_range8,20000,45,81,130,64789,0,0
time,6,sorted_deque,rolling_128,index_submit,20000,81,211,357,147006,0,0
time,6,sorted_deque,rolling_128,index_ack,20000,67,160,276,30892,0,0
time,6,sorted_deque,rolling_128,cross_page_submit_subset,312,81,182,207,309,0,0
time,6,sorted_deque,outliers_128,price_query,20000,36,71,95,17021,0,0
time,6,sorted_deque,outliers_128,near_range8,20000,44,76,119,17564,0,0
time,6,sorted_deque,outliers_128,index_submit,20000,82,223,515,5060,0,0
time,6,sorted_deque,outliers_128,index_ack,20000,66,152,270,19300,0,0
time,6,sorted_deque,outliers_128,cross_page_submit_subset,312,82,156,212,268,0,0
time,6,sorted_deque,outliers_128,far_query,20000,36,56,155,38547,0,0
time,6,sorted_deque,boundary_128,price_query,20000,49,86,160,27449,0,0
time,6,sorted_deque,boundary_128,near_range8,20000,57,94,188,28213,0,0
time,6,sorted_deque,boundary_128,index_submit,20000,124,247,476,46513,0,0
time,6,sorted_deque,boundary_128,index_ack,20000,118,255,370,5705,0,0
time,6,sorted_deque,boundary_128,cross_page_submit_subset,313,139,260,406,1904,0,0
time,6,sorted_deque,jump_128,price_query,20000,37,67,87,17438,0,0
time,6,sorted_deque,jump_128,near_range8,20000,45,74,95,17706,0,0
time,6,sorted_deque,jump_128,index_submit,20000,85,247,433,53698,0,0
time,6,sorted_deque,jump_128,index_ack,20000,66,293,353,18937,0,0
time,6,sorted_deque,jump_128,cross_page_submit_subset,2704,108,284,2219,17889,0,0
time,6,sorted_deque,jump_128,jump_submit_subset,2432,117,285,2219,17889,0,0
time,6,sorted_deque,4096books_4near_2far,price_query,20000,253,911,3689,43822,0,0
time,6,sorted_deque,new_book_growth,index_insert,20000,259,4247,8387,555631,0,0
time,6,sorted_deque,new_book_growth,every64_subset,313,4443,10378,32273,33481,0,0
time,6,sorted_deque,cancel_rehang_4near,index_cancel,20000,49,157,268,36269,0,0
time,6,sorted_deque,cancel_rehang_4near,index_new,20000,90,240,506,53192,0,0
time,6,sorted_deque,cancel_rehang_4near,index_accepted,20000,69,270,585,25623,0,0
time,6,sorted_deque,cancel_rehang_4near,index_canceled,20000,68,173,415,32307,0,0
time,6,sorted_deque,prototype_rolling_4_2far,price_query,20000,35,54,93,3995,0,0
time,6,sorted_deque,prototype_rolling_4_2far,intent_to_command,20000,91,243,413,37769,0,0
time,6,sorted_deque,prototype_rolling_4_2far,intent_queued,20000,32,54,198,21479,0,0
time,6,sorted_deque,prototype_rolling_4_2far,replace_report,20000,100,250,651,40036,0,0
time,6,sorted_deque,prototype_rolling_4_2far,ready_to_command,20000,132,303,648,70349,0,0
time,6,sorted_deque,prototype_jump_4_2far,price_query,20000,35,56,87,23060,0,0
time,6,sorted_deque,prototype_jump_4_2far,intent_to_command,20000,90,244,539,36502,0,0
time,6,sorted_deque,prototype_jump_4_2far,intent_queued,20000,32,69,204,926,0,0
time,6,sorted_deque,prototype_jump_4_2far,replace_report,20000,100,256,561,25352,0,0
time,6,sorted_deque,prototype_jump_4_2far,ready_to_command,20000,132,321,710,32351,0,0
time,6,sorted_deque,prototype_rolling_32_2far,price_query,20000,36,72,113,26314,0,0
time,6,sorted_deque,prototype_rolling_32_2far,intent_to_command,20000,91,250,714,26013,0,0
time,6,sorted_deque,prototype_rolling_32_2far,intent_queued,20000,32,120,248,23646,0,0
time,6,sorted_deque,prototype_rolling_32_2far,replace_report,20000,81,269,549,224652,0,0
time,6,sorted_deque,prototype_rolling_32_2far,ready_to_command,20000,104,305,655,38442,0,0
time,6,sorted_deque,prototype_jump_32_2far,price_query,20000,37,74,114,33614,0,0
time,6,sorted_deque,prototype_jump_32_2far,intent_to_command,20000,92,296,550,25067,0,0
time,6,sorted_deque,prototype_jump_32_2far,intent_queued,20000,33,179,366,26276,0,0
time,6,sorted_deque,prototype_jump_32_2far,replace_report,20000,87,308,608,29090,0,0
time,6,sorted_deque,prototype_jump_32_2far,ready_to_command,20000,122,354,1106,39914,0,0
time,6,sorted_deque_soa,rolling_4,price_query,20000,45,64,192,449869,0,0
time,6,sorted_deque_soa,rolling_4,near_range8,20000,50,72,166,22004,0,0
time,6,sorted_deque_soa,rolling_4,index_submit,20000,134,246,749,51313,0,0
time,6,sorted_deque_soa,rolling_4,index_ack,20000,118,184,340,48131,0,0
time,6,sorted_deque_soa,rolling_4,cross_page_submit_subset,314,137,276,343,500,0,0
time,6,sorted_deque_soa,outliers_4,price_query,20000,50,65,101,50358,0,0
time,6,sorted_deque_soa,outliers_4,near_range8,20000,57,73,143,5537,0,0
time,6,sorted_deque_soa,outliers_4,index_submit,20000,148,346,527,34800,0,0
time,6,sorted_deque_soa,outliers_4,index_ack,20000,128,194,290,35113,0,0
time,6,sorted_deque_soa,outliers_4,cross_page_submit_subset,314,149,311,336,365,0,0
time,6,sorted_deque_soa,outliers_4,far_query,20000,50,146,439,52519,0,0
time,6,sorted_deque_soa,boundary_4,price_query,20000,48,65,200,33013,0,0
time,6,sorted_deque_soa,boundary_4,near_range8,20000,54,74,169,33900,0,0
time,6,sorted_deque_soa,boundary_4,index_submit,20000,138,203,336,52427,0,0
time,6,sorted_deque_soa,boundary_4,index_ack,20000,145,206,349,51539,0,0
time,6,sorted_deque_soa,boundary_4,cross_page_submit_subset,5000,134,181,290,6403,0,0
time,6,sorted_deque_soa,jump_4,price_query,20000,48,66,237,37132,0,0
time,6,sorted_deque_soa,jump_4,near_range8,20000,53,75,170,46700,0,0
time,6,sorted_deque_soa,jump_4,index_submit,20000,142,231,540,58872,0,0
time,6,sorted_deque_soa,jump_4,index_ack,20000,127,212,300,20286,0,0
time,6,sorted_deque_soa,jump_4,cross_page_submit_subset,3746,155,258,671,58872,0,0
time,6,sorted_deque_soa,jump_4,jump_submit_subset,2496,179,270,756,58872,0,0
time,6,sorted_deque_soa,rolling_32,price_query,20000,70,92,248,67231,0,0
time,6,sorted_deque_soa,rolling_32,near_range8,20000,92,120,248,32387,0,0
time,6,sorted_deque_soa,rolling_32,index_submit,20000,156,283,574,34475,0,0
time,6,sorted_deque_soa,rolling_32,index_ack,20000,111,200,292,8292,0,0
time,6,sorted_deque_soa,rolling_32,cross_page_submit_subset,305,164,275,298,322,0,0
time,6,sorted_deque_soa,outliers_32,price_query,20000,72,94,201,31955,0,0
time,6,sorted_deque_soa,outliers_32,near_range8,20000,94,123,232,27429,0,0
time,6,sorted_deque_soa,outliers_32,index_submit,20000,161,353,745,49234,0,0
time,6,sorted_deque_soa,outliers_32,index_ack,20000,112,217,315,27417,0,0
time,6,sorted_deque_soa,outliers_32,cross_page_submit_subset,305,167,350,370,797,0,0
time,6,sorted_deque_soa,outliers_32,far_query,20000,73,136,495,49250,0,0
time,6,sorted_deque_soa,boundary_32,price_query,20000,71,95,243,36423,0,0
time,6,sorted_deque_soa,boundary_32,near_range8,20000,93,120,240,48682,0,0
time,6,sorted_deque_soa,boundary_32,index_submit,20000,158,280,386,46462,0,0
time,6,sorted_deque_soa,boundary_32,index_ack,20000,157,248,401,31131,0,0
time,6,sorted_deque_soa,boundary_32,cross_page_submit_subset,625,162,206,354,528,0,0
time,6,sorted_deque_soa,jump_32,price_query,20000,68,111,232,33997,0,0
time,6,sorted_deque_soa,jump_32,near_range8,20000,88,137,208,88697,0,0
time,6,sorted_deque_soa,jump_32,index_submit,20000,155,415,611,83161,0,0
time,6,sorted_deque_soa,jump_32,index_ack,20000,111,318,473,34655,0,0
time,6,sorted_deque_soa,jump_32,cross_page_submit_subset,2652,290,484,763,55354,0,0
time,6,sorted_deque_soa,jump_32,jump_submit_subset,2496,296,492,763,55354,0,0
time,6,sorted_deque_soa,rolling_128,price_query,20000,54,96,192,32220,0,0
time,6,sorted_deque_soa,rolling_128,near_range8,20000,70,90,230,35804,0,0
time,6,sorted_deque_soa,rolling_128,index_submit,20000,158,228,1026,74336,0,0
time,6,sorted_deque_soa,rolling_128,index_ack,20000,115,177,330,58229,0,0
time,6,sorted_deque_soa,rolling_128,cross_page_submit_subset,312,158,237,253,786,0,0
time,6,sorted_deque_soa,outliers_128,price_query,20000,49,91,186,32138,0,0
time,6,sorted_deque_soa,outliers_128,near_range8,20000,67,92,184,35179,0,0
time,6,sorted_deque_soa,outliers_128,index_submit,20000,135,234,561,37347,0,0
time,6,sorted_deque_soa,outliers_128,index_ack,20000,106,188,406,67729,0,0
time,6,sorted_deque_soa,outliers_128,cross_page_submit_subset,312,134,240,337,344,0,0
time,6,sorted_deque_soa,outliers_128,far_query,20000,49,134,442,53927,0,0
time,6,sorted_deque_soa,boundary_128,price_query,20000,63,103,134,16964,0,0
time,6,sorted_deque_soa,boundary_128,near_range8,20000,70,93,186,8531,0,0
time,6,sorted_deque_soa,boundary_128,index_submit,20000,153,225,825,51972,0,0
time,6,sorted_deque_soa,boundary_128,index_ack,20000,139,252,441,63953,0,0
time,6,sorted_deque_soa,boundary_128,cross_page_submit_subset,313,162,237,303,333,0,0
time,6,sorted_deque_soa,jump_128,price_query,20000,54,94,159,82817,0,0
time,6,sorted_deque_soa,jump_128,near_range8,20000,63,115,166,29981,0,0
time,6,sorted_deque_soa,jump_128,index_submit,20000,150,392,1031,51727,0,0
time,6,sorted_deque_soa,jump_128,index_ack,20000,106,319,495,36482,0,0
time,6,sorted_deque_soa,jump_128,cross_page_submit_subset,2704,201,505,1082,3793,0,0
time,6,sorted_deque_soa,jump_128,jump_submit_subset,2432,215,526,1082,3793,0,0
time,6,sorted_deque_soa,4096books_4near_2far,price_query,20000,409,1102,9406,54267,0,0
time,6,sorted_deque_soa,new_book_growth,index_insert,20000,477,5409,20710,1538921,0,0
time,6,sorted_deque_soa,new_book_growth,every64_subset,313,5460,9472,14545,26547,0,0
time,6,sorted_deque_soa,cancel_rehang_4near,index_cancel,20000,89,113,167,35301,0,0
time,6,sorted_deque_soa,cancel_rehang_4near,index_new,20000,166,290,614,49510,0,0
time,6,sorted_deque_soa,cancel_rehang_4near,index_accepted,20000,120,291,665,84366,0,0
time,6,sorted_deque_soa,cancel_rehang_4near,index_canceled,20000,125,155,232,52912,0,0
time,6,sorted_deque_soa,prototype_rolling_4_2far,price_query,20000,51,70,154,81369,0,0
time,6,sorted_deque_soa,prototype_rolling_4_2far,intent_to_command,20000,162,336,686,48900,0,0
time,6,sorted_deque_soa,prototype_rolling_4_2far,intent_queued,20000,45,212,547,31034,0,0
time,6,sorted_deque_soa,prototype_rolling_4_2far,replace_report,20000,190,374,734,34325,0,0
time,6,sorted_deque_soa,prototype_rolling_4_2far,ready_to_command,20000,254,451,1137,74719,0,0
time,6,sorted_deque_soa,prototype_jump_4_2far,price_query,20000,53,74,136,35912,0,0
time,6,sorted_deque_soa,prototype_jump_4_2far,intent_to_command,20000,172,351,686,76895,0,0
time,6,sorted_deque_soa,prototype_jump_4_2far,intent_queued,20000,46,217,571,48117,0,0
time,6,sorted_deque_soa,prototype_jump_4_2far,replace_report,20000,205,384,1143,47102,0,0
time,6,sorted_deque_soa,prototype_jump_4_2far,ready_to_command,20000,271,497,1188,54061,0,0
time,6,sorted_deque_soa,prototype_rolling_32_2far,price_query,20000,76,99,172,33768,0,0
time,6,sorted_deque_soa,prototype_rolling_32_2far,intent_to_command,20000,196,367,818,66115,0,0
time,6,sorted_deque_soa,prototype_rolling_32_2far,intent_queued,20000,48,209,527,36513,0,0
time,6,sorted_deque_soa,prototype_rolling_32_2far,replace_report,20000,169,381,752,34965,0,0
time,6,sorted_deque_soa,prototype_rolling_32_2far,ready_to_command,20000,232,451,871,47729,0,0
time,6,sorted_deque_soa,prototype_jump_32_2far,price_query,20000,73,99,170,34935,0,0
time,6,sorted_deque_soa,prototype_jump_32_2far,intent_to_command,20000,191,371,693,52604,0,0
time,6,sorted_deque_soa,prototype_jump_32_2far,intent_queued,20000,47,206,506,1050,0,0
time,6,sorted_deque_soa,prototype_jump_32_2far,replace_report,20000,169,384,804,48090,0,0
time,6,sorted_deque_soa,prototype_jump_32_2far,ready_to_command,20000,233,492,1197,107750,0,0
time,6,linear_prices,rolling_4,price_query,20000,38,55,115,36053,0,0
time,6,linear_prices,rolling_4,near_range8,20000,80,125,210,958,0,0
time,6,linear_prices,rolling_4,index_submit,20000,113,162,361,53397,0,0
time,6,linear_prices,rolling_4,index_ack,20000,118,168,251,69912,0,0
time,6,linear_prices,rolling_4,cross_page_submit_subset,314,116,159,247,309,0,0
time,6,linear_prices,outliers_4,price_query,20000,39,58,133,53491,0,0
time,6,linear_prices,outliers_4,near_range8,20000,92,142,224,33248,0,0
time,6,linear_prices,outliers_4,index_submit,20000,117,168,291,53570,0,0
time,6,linear_prices,outliers_4,index_ack,20000,120,179,421,102157,0,0
time,6,linear_prices,outliers_4,cross_page_submit_subset,314,118,168,190,212,0,0
time,6,linear_prices,outliers_4,far_query,20000,41,116,397,6981,0,0
time,6,linear_prices,boundary_4,price_query,20000,40,56,136,33194,0,0
time,6,linear_prices,boundary_4,near_range8,20000,88,131,231,33420,0,0
time,6,linear_prices,boundary_4,index_submit,20000,116,164,313,77034,0,0
time,6,linear_prices,boundary_4,index_ack,20000,130,186,368,52813,0,0
time,6,linear_prices,boundary_4,cross_page_submit_subset,5000,113,152,308,7430,0,0
time,6,linear_prices,jump_4,price_query,20000,39,53,78,7647,0,0
time,6,linear_prices,jump_4,near_range8,20000,80,135,241,49092,0,0
time,6,linear_prices,jump_4,index_submit,20000,115,164,310,35522,0,0
time,6,linear_prices,jump_4,index_ack,20000,121,184,249,35633,0,0
time,6,linear_prices,jump_4,cross_page_submit_subset,3746,123,172,335,29989,0,0
time,6,linear_prices,jump_4,jump_submit_subset,2496,131,178,335,29989,0,0
time,6,linear_prices,rolling_32,price_query,20000,48,78,116,54985,0,0
time,6,linear_prices,rolling_32,near_range8,20000,474,789,1423,74103,0,0
time,6,linear_prices,rolling_32,index_submit,20000,126,207,469,34802,0,0
time,6,linear_prices,rolling_32,index_ack,20000,103,262,372,56693,0,0
time,6,linear_prices,rolling_32,cross_page_submit_subset,305,122,238,252,701,0,0
time,6,linear_prices,outliers_32,price_query,20000,48,79,157,35081,0,0
time,6,linear_prices,outliers_32,near_range8,20000,511,838,5436,54762,0,0
time,6,linear_prices,outliers_32,index_submit,20000,133,208,464,39235,0,0
time,6,linear_prices,outliers_32,index_ack,20000,107,276,386,51585,0,0
time,6,linear_prices,outliers_32,cross_page_submit_subset,305,125,180,206,206,0,0
time,6,linear_prices,outliers_32,far_query,20000,61,86,196,35114,0,0
time,6,linear_prices,boundary_32,price_query,20000,45,73,155,51590,0,0
time,6,linear_prices,boundary_32,near_range8,20000,485,698,11434,64179,0,0
time,6,linear_prices,boundary_32,index_submit,20000,126,206,427,54241,0,0
time,6,linear_prices,boundary_32,index_ack,20000,129,254,372,30739,0,0
time,6,linear_prices,boundary_32,cross_page_submit_subset,625,120,176,262,272,0,0
time,6,linear_prices,jump_32,price_query,20000,51,92,201,29254,0,0
time,6,linear_prices,jump_32,near_range8,20000,540,933,7809,72172,0,0
time,6,linear_prices,jump_32,index_submit,20000,135,237,558,52932,0,0
time,6,linear_prices,jump_32,index_ack,20000,116,325,436,46354,0,0
time,6,linear_prices,jump_32,cross_page_submit_subset,2652,193,273,546,8251,0,0
time,6,linear_prices,jump_32,jump_submit_subset,2496,196,274,546,8251,0,0
time,6,linear_prices,rolling_128,price_query,20000,79,144,266,37489,0,0
time,6,linear_prices,rolling_128,near_range8,20000,1685,2475,37654,80066,0,0
time,6,linear_prices,rolling_128,index_submit,20000,162,326,832,36949,0,0
time,6,linear_prices,rolling_128,index_ack,20000,106,314,737,53437,0,0
time,6,linear_prices,rolling_128,cross_page_submit_subset,312,141,279,326,363,0,0
time,6,linear_prices,outliers_128,price_query,20000,80,145,225,58300,0,0
time,6,linear_prices,outliers_128,near_range8,20000,1718,2497,36987,85894,0,0
time,6,linear_prices,outliers_128,index_submit,20000,163,362,847,36191,0,0
time,6,linear_prices,outliers_128,index_ack,20000,104,281,745,56632,0,0
time,6,linear_prices,outliers_128,cross_page_submit_subset,312,142,254,402,424,0,0
time,6,linear_prices,outliers_128,far_query,20000,132,200,458,84570,0,0
time,6,linear_prices,boundary_128,price_query,20000,81,148,222,36356,0,0
time,6,linear_prices,boundary_128,near_range8,20000,1770,2473,36805,71971,0,0
time,6,linear_prices,boundary_128,index_submit,20000,169,356,1335,60214,0,0
time,6,linear_prices,boundary_128,index_ack,20000,156,441,881,103956,0,0
time,6,linear_prices,boundary_128,cross_page_submit_subset,313,154,223,301,309,0,0
time,6,linear_prices,jump_128,price_query,20000,76,203,323,36138,0,0
time,6,linear_prices,jump_128,near_range8,20000,1624,3106,36230,84711,0,0
time,6,linear_prices,jump_128,index_submit,20000,154,478,1151,55895,0,0
time,6,linear_prices,jump_128,index_ack,20000,99,674,999,39403,0,0
time,6,linear_prices,jump_128,cross_page_submit_subset,2704,328,575,5900,8075,0,0
time,6,linear_prices,jump_128,jump_submit_subset,2432,339,594,5900,8075,0,0
time,6,linear_prices,4096books_4near_2far,price_query,20000,208,770,1194,43207,0,0
time,6,linear_prices,new_book_growth,index_insert,20000,225,4112,19810,806180,0,0
time,6,linear_prices,new_book_growth,every64_subset,313,4202,7865,21193,33658,0,0
time,6,linear_prices,cancel_rehang_4near,index_cancel,20000,94,112,190,52903,0,0
time,6,linear_prices,cancel_rehang_4near,index_new,20000,144,175,1037,97149,0,0
time,6,linear_prices,cancel_rehang_4near,index_accepted,20000,122,266,494,45850,0,0
time,6,linear_prices,cancel_rehang_4near,index_canceled,20000,132,153,234,31190,0,0
time,6,linear_prices,prototype_rolling_4_2far,price_query,20000,58,80,158,81409,0,0
time,6,linear_prices,prototype_rolling_4_2far,intent_to_command,20000,166,262,416,64829,0,0
time,6,linear_prices,prototype_rolling_4_2far,intent_queued,20000,50,74,202,25760,0,0
time,6,linear_prices,prototype_rolling_4_2far,replace_report,20000,205,297,693,62963,0,0
time,6,linear_prices,prototype_rolling_4_2far,ready_to_command,20000,221,310,838,56813,0,0
time,6,linear_prices,prototype_jump_4_2far,price_query,20000,57,80,155,25745,0,0
time,6,linear_prices,prototype_jump_4_2far,intent_to_command,20000,165,246,638,25189,0,0
time,6,linear_prices,prototype_jump_4_2far,intent_queued,20000,50,77,237,24052,0,0
time,6,linear_prices,prototype_jump_4_2far,replace_report,20000,205,299,560,76238,0,0
time,6,linear_prices,prototype_jump_4_2far,ready_to_command,20000,221,315,892,58860,0,0
time,6,linear_prices,prototype_rolling_32_2far,price_query,20000,64,89,167,5375,0,0
time,6,linear_prices,prototype_rolling_32_2far,intent_to_command,20000,172,261,399,48160,0,0
time,6,linear_prices,prototype_rolling_32_2far,intent_queued,20000,50,70,195,893,0,0
time,6,linear_prices,prototype_rolling_32_2far,replace_report,20000,174,351,1003,98933,0,0
time,6,linear_prices,prototype_rolling_32_2far,ready_to_command,20000,217,316,501,44199,0,0
time,6,linear_prices,prototype_jump_32_2far,price_query,20000,64,98,145,3990,0,0
time,6,linear_prices,prototype_jump_32_2far,intent_to_command,20000,172,253,1006,43262,0,0
time,6,linear_prices,prototype_jump_32_2far,intent_queued,20000,50,64,202,25961,0,0
time,6,linear_prices,prototype_jump_32_2far,replace_report,20000,174,362,608,67570,0,0
time,6,linear_prices,prototype_jump_32_2far,ready_to_command,20000,217,311,496,38638,0,0
time,6,adaptive,rolling_4,price_query,20000,34,54,75,40334,0,0
time,6,adaptive,rolling_4,near_range8,20000,38,197,492,37236,0,0
time,6,adaptive,rolling_4,index_submit,20000,79,204,398,42080,0,0
time,6,adaptive,rolling_4,index_ack,20000,78,167,294,19385,0,0
time,6,adaptive,rolling_4,cross_page_submit_subset,314,79,177,241,260,0,0
time,6,adaptive,outliers_4,price_query,20000,44,66,119,25133,0,0
time,6,adaptive,outliers_4,near_range8,20000,61,182,345,4359,0,0
time,6,adaptive,outliers_4,index_submit,20000,138,296,574,81542,0,0
time,6,adaptive,outliers_4,index_ack,20000,121,222,327,33814,0,0
time,6,adaptive,outliers_4,cross_page_submit_subset,314,138,300,315,1197,0,0
time,6,adaptive,outliers_4,far_query,20000,46,75,180,56793,0,0
time,6,adaptive,boundary_4,price_query,20000,52,68,154,24695,0,0
time,6,adaptive,boundary_4,near_range8,20000,72,171,255,23591,0,0
time,6,adaptive,boundary_4,index_submit,20000,149,213,375,38126,0,0
time,6,adaptive,boundary_4,index_ack,20000,171,208,312,40470,0,0
time,6,adaptive,boundary_4,cross_page_submit_subset,5000,146,172,246,20580,0,0
time,6,adaptive,jump_4,price_query,20000,52,72,126,36025,0,0
time,6,adaptive,jump_4,near_range8,20000,70,151,280,62527,0,0
time,6,adaptive,jump_4,index_submit,20000,152,242,365,62830,0,0
time,6,adaptive,jump_4,index_ack,20000,150,224,295,37365,0,0
time,6,adaptive,jump_4,cross_page_submit_subset,3746,198,272,456,3318,0,0
time,6,adaptive,jump_4,jump_submit_subset,2496,209,278,520,3318,0,0
time,6,adaptive,rolling_32,price_query,20000,54,85,148,79086,0,0
time,6,adaptive,rolling_32,near_range8,20000,95,180,393,94721,0,0
time,6,adaptive,rolling_32,index_submit,20000,147,208,307,28900,0,0
time,6,adaptive,rolling_32,index_ack,20000,126,181,277,37489,0,0
time,6,adaptive,rolling_32,cross_page_submit_subset,305,147,205,215,224,0,0
time,6,adaptive,outliers_32,price_query,20000,54,81,163,29157,0,0
time,6,adaptive,outliers_32,near_range8,20000,93,193,430,79789,0,0
time,6,adaptive,outliers_32,index_submit,20000,150,240,386,66735,0,0
time,6,adaptive,outliers_32,index_ack,20000,126,189,315,35512,0,0
time,6,adaptive,outliers_32,cross_page_submit_subset,305,150,257,394,6936,0,0
time,6,adaptive,outliers_32,far_query,20000,56,68,191,26455,0,0
time,6,adaptive,boundary_32,price_query,20000,54,82,177,21231,0,0
time,6,adaptive,boundary_32,near_range8,20000,94,192,309,38036,0,0
time,6,adaptive,boundary_32,index_submit,20000,147,234,373,50293,0,0
time,6,adaptive,boundary_32,index_ack,20000,159,234,393,49712,0,0
time,6,adaptive,boundary_32,cross_page_submit_subset,625,148,194,262,21492,0,0
time,6,adaptive,jump_32,price_query,20000,54,85,224,29829,0,0
time,6,adaptive,jump_32,near_range8,20000,94,192,372,29006,0,0
time,6,adaptive,jump_32,index_submit,20000,147,281,699,71861,0,0
time,6,adaptive,jump_32,index_ack,20000,126,248,726,68441,0,0
time,6,adaptive,jump_32,cross_page_submit_subset,2652,204,459,898,24954,0,0
time,6,adaptive,jump_32,jump_submit_subset,2496,208,464,898,24954,0,0
time,6,adaptive,rolling_128,price_query,20000,58,100,181,39655,0,0
time,6,adaptive,rolling_128,near_range8,20000,97,195,357,26923,0,0
time,6,adaptive,rolling_128,index_submit,20000,160,241,993,47818,0,0
time,6,adaptive,rolling_128,index_ack,20000,125,196,309,136278,0,0
time,6,adaptive,rolling_128,cross_page_submit_subset,312,162,221,255,277,0,0
time,6,adaptive,outliers_128,price_query,20000,58,97,175,5690,0,0
time,6,adaptive,outliers_128,near_range8,20000,97,178,306,27888,0,0
time,6,adaptive,outliers_128,index_submit,20000,163,242,499,35033,0,0
time,6,adaptive,outliers_128,index_ack,20000,126,186,297,26139,0,0
time,6,adaptive,outliers_128,cross_page_submit_subset,312,163,212,259,259,0,0
time,6,adaptive,outliers_128,far_query,20000,59,72,180,29342,0,0
time,6,adaptive,boundary_128,price_query,20000,60,95,156,5952,0,0
time,6,adaptive,boundary_128,near_range8,20000,99,174,337,26577,0,0
time,6,adaptive,boundary_128,index_submit,20000,170,222,370,42584,0,0
time,6,adaptive,boundary_128,index_ack,20000,174,251,316,21941,0,0
time,6,adaptive,boundary_128,cross_page_submit_subset,313,183,222,234,240,0,0
time,6,adaptive,jump_128,price_query,20000,39,74,106,33230,0,0
time,6,adaptive,jump_128,near_range8,20000,54,114,254,619502,0,0
time,6,adaptive,jump_128,index_submit,20000,90,297,485,50028,0,0
time,6,adaptive,jump_128,index_ack,20000,69,297,399,31594,0,0
time,6,adaptive,jump_128,cross_page_submit_subset,2704,107,357,806,5438,0,0
time,6,adaptive,jump_128,jump_submit_subset,2432,121,360,633,5438,0,0
time,6,adaptive,4096books_4near_2far,price_query,20000,262,929,1436,70679,0,0
time,6,adaptive,new_book_growth,index_insert,20000,275,4433,8235,460407,0,0
time,6,adaptive,new_book_growth,every64_subset,313,4635,8014,8398,9831,0,0
time,6,adaptive,cancel_rehang_4near,index_cancel,20000,48,103,208,49658,0,0
time,6,adaptive,cancel_rehang_4near,index_new,20000,93,185,392,1536,0,0
time,6,adaptive,cancel_rehang_4near,index_accepted,20000,69,238,510,24839,0,0
time,6,adaptive,cancel_rehang_4near,index_canceled,20000,60,143,245,32253,0,0
time,6,adaptive,prototype_rolling_4_2far,price_query,20000,37,65,98,27379,0,0
time,6,adaptive,prototype_rolling_4_2far,intent_to_command,20000,85,215,394,32588,0,0
time,6,adaptive,prototype_rolling_4_2far,intent_queued,20000,32,60,194,32324,0,0
time,6,adaptive,prototype_rolling_4_2far,replace_report,20000,100,264,495,25797,0,0
time,6,adaptive,prototype_rolling_4_2far,ready_to_command,20000,138,299,546,34305,0,0
time,6,adaptive,prototype_jump_4_2far,price_query,20000,38,64,101,908,0,0
time,6,adaptive,prototype_jump_4_2far,intent_to_command,20000,86,246,629,4803,0,0
time,6,adaptive,prototype_jump_4_2far,intent_queued,20000,32,69,202,926,0,0
time,6,adaptive,prototype_jump_4_2far,replace_report,20000,101,283,644,36179,0,0
time,6,adaptive,prototype_jump_4_2far,ready_to_command,20000,139,345,1167,28838,0,0
time,6,adaptive,prototype_rolling_32_2far,price_query,20000,38,61,94,229,0,0
time,6,adaptive,prototype_rolling_32_2far,intent_to_command,20000,86,206,327,28278,0,0
time,6,adaptive,prototype_rolling_32_2far,intent_queued,20000,32,50,193,34827,0,0
time,6,adaptive,prototype_rolling_32_2far,replace_report,20000,81,232,457,32830,0,0
time,6,adaptive,prototype_rolling_32_2far,ready_to_command,20000,101,254,425,40647,0,0
time,6,adaptive,prototype_jump_32_2far,price_query,20000,38,70,94,220,0,0
time,6,adaptive,prototype_jump_32_2far,intent_to_command,20000,86,215,382,32783,0,0
time,6,adaptive,prototype_jump_32_2far,intent_queued,20000,32,59,185,30455,0,0
time,6,adaptive,prototype_jump_32_2far,replace_report,20000,82,245,476,28789,0,0
time,6,adaptive,prototype_jump_32_2far,ready_to_command,20000,101,278,462,41415,0,0
time,7,window128,rolling_4,price_query,20000,35,60,102,31806,0,0
time,7,window128,rolling_4,near_range8,20000,39,146,332,44661,0,0
time,7,window128,rolling_4,index_submit,20000,96,230,401,970605,0,0
time,7,window128,rolling_4,index_ack,20000,80,189,350,51042,0,0
time,7,window128,rolling_4,cross_page_submit_subset,314,97,233,257,258,0,0
time,7,window128,outliers_4,price_query,20000,36,72,115,32772,0,0
time,7,window128,outliers_4,near_range8,20000,42,169,430,53239,0,0
time,7,window128,outliers_4,index_submit,20000,112,293,385,33486,0,0
time,7,window128,outliers_4,index_ack,20000,86,198,331,29554,0,0
time,7,window128,outliers_4,cross_page_submit_subset,314,112,232,254,304,0,0
time,7,window128,outliers_4,far_query,20000,36,76,188,32949,0,0
time,7,window128,boundary_4,price_query,20000,35,76,182,135296,0,0
time,7,window128,boundary_4,near_range8,20000,40,144,437,38934,0,0
time,7,window128,boundary_4,index_submit,20000,93,235,1026,66792,0,0
time,7,window128,boundary_4,index_ack,20000,97,241,1051,1385136,0,0
time,7,window128,boundary_4,cross_page_submit_subset,5000,78,242,516,38203,0,0
time,7,window128,jump_4,price_query,20000,34,67,214,705677,0,0
time,7,window128,jump_4,near_range8,20000,39,154,420,49714,0,0
time,7,window128,jump_4,index_submit,20000,93,244,581,35573,0,0
time,7,window128,jump_4,index_ack,20000,80,221,643,352007,0,0
time,7,window128,jump_4,cross_page_submit_subset,3746,110,268,581,1121,0,0
time,7,window128,jump_4,jump_submit_subset,2496,113,276,698,1121,0,0
time,7,window128,rolling_32,price_query,20000,30,52,112,33047,0,0
time,7,window128,rolling_32,near_range8,20000,62,206,443,42952,0,0
time,7,window128,rolling_32,index_submit,20000,83,209,566,41572,0,0
time,7,window128,rolling_32,index_ack,20000,65,175,319,35376,0,0
time,7,window128,rolling_32,cross_page_submit_subset,305,71,144,164,209,0,0
time,7,window128,outliers_32,price_query,20000,28,44,68,228,0,0
time,7,window128,outliers_32,near_range8,20000,60,140,336,24531,0,0
time,7,window128,outliers_32,index_submit,20000,72,208,497,35038,0,0
time,7,window128,outliers_32,index_ack,20000,61,167,306,128260,0,0
time,7,window128,outliers_32,cross_page_submit_subset,305,71,203,295,316,0,0
time,7,window128,outliers_32,far_query,20000,32,50,93,187008,0,0
time,7,window128,boundary_32,price_query,20000,29,51,108,40179,0,0
time,7,window128,boundary_32,near_range8,20000,60,219,968,228860,0,0
time,7,window128,boundary_32,index_submit,20000,72,201,986,173733,0,0
time,7,window128,boundary_32,index_ack,20000,88,240,998,280339,0,0
time,7,window128,boundary_32,cross_page_submit_subset,625,75,168,260,292,0,0
time,7,window128,jump_32,price_query,20000,30,64,168,6288,0,0
time,7,window128,jump_32,near_range8,20000,60,216,491,43989,0,0
time,7,window128,jump_32,index_submit,20000,76,265,1354,28502,0,0
time,7,window128,jump_32,index_ack,20000,63,216,513,46319,0,0
time,7,window128,jump_32,cross_page_submit_subset,2652,106,291,933,4732,0,0
time,7,window128,jump_32,jump_submit_subset,2496,107,300,933,4732,0,0
time,7,window128,rolling_128,price_query,20000,44,72,171,25080,0,0
time,7,window128,rolling_128,near_range8,20000,112,239,963,68800,0,0
time,7,window128,rolling_128,index_submit,20000,133,226,1040,54106,0,0
time,7,window128,rolling_128,index_ack,20000,122,264,986,26611,0,0
time,7,window128,rolling_128,cross_page_submit_subset,312,133,208,973,1040,0,0
time,7,window128,outliers_128,price_query,20000,45,74,140,47340,0,0
time,7,window128,outliers_128,near_range8,20000,114,218,332,45961,0,0
time,7,window128,outliers_128,index_submit,20000,135,180,314,71022,0,0
time,7,window128,outliers_128,index_ack,20000,124,175,312,21707,0,0
time,7,window128,outliers_128,cross_page_submit_subset,312,135,177,232,311,0,0
time,7,window128,outliers_128,far_query,20000,56,71,146,23345,0,0
time,7,window128,boundary_128,price_query,20000,45,72,107,338,0,0
time,7,window128,boundary_128,near_range8,20000,122,215,307,38978,0,0
time,7,window128,boundary_128,index_submit,20000,135,209,5442,36554,0,0
time,7,window128,boundary_128,index_ack,20000,138,210,285,69554,0,0
time,7,window128,boundary_128,cross_page_submit_subset,313,135,180,228,234,0,0
time,7,window128,jump_128,price_query,20000,39,89,173,24690,0,0
time,7,window128,jump_128,near_range8,20000,60,182,447,48287,0,0
time,7,window128,jump_128,index_submit,20000,95,305,3016,12052,0,0
time,7,window128,jump_128,index_ack,20000,69,303,577,23642,0,0
time,7,window128,jump_128,cross_page_submit_subset,2704,162,391,1357,3735,0,0
time,7,window128,jump_128,jump_submit_subset,2432,177,397,1357,3735,0,0
time,7,window128,4096books_4near_2far,price_query,20000,253,967,1540,50164,0,0
time,7,window128,new_book_growth,index_insert,20000,328,5269,24900,2292332,0,0
time,7,window128,new_book_growth,every64_subset,313,5338,9812,40960,67816,0,0
time,7,window128,cancel_rehang_4near,index_cancel,20000,50,142,381,29819,0,0
time,7,window128,cancel_rehang_4near,index_new,20000,98,240,550,44000,0,0
time,7,window128,cancel_rehang_4near,index_accepted,20000,70,250,536,24276,0,0
time,7,window128,cancel_rehang_4near,index_canceled,20000,64,163,542,29258,0,0
time,7,window128,prototype_rolling_4_2far,price_query,20000,40,70,139,961,0,0
time,7,window128,prototype_rolling_4_2far,intent_to_command,20000,96,318,1096,47283,0,0
time,7,window128,prototype_rolling_4_2far,intent_queued,20000,33,159,334,9260,0,0
time,7,window128,prototype_rolling_4_2far,replace_report,20000,107,341,1187,27766,0,0
time,7,window128,prototype_rolling_4_2far,ready_to_command,20000,153,433,1313,39703,0,0
time,7,window128,prototype_jump_4_2far,price_query,20000,38,66,127,151851,0,0
time,7,window128,prototype_jump_4_2far,intent_to_command,20000,93,272,587,39456,0,0
time,7,window128,prototype_jump_4_2far,intent_queued,20000,32,61,161,36514,0,0
time,7,window128,prototype_jump_4_2far,replace_report,20000,105,294,790,35843,0,0
time,7,window128,prototype_jump_4_2far,ready_to_command,20000,144,373,1325,208247,0,0
time,7,window128,prototype_rolling_32_2far,price_query,20000,45,64,146,29275,0,0
time,7,window128,prototype_rolling_32_2far,intent_to_command,20000,160,309,627,180603,0,0
time,7,window128,prototype_rolling_32_2far,intent_queued,20000,46,190,430,23202,0,0
time,7,window128,prototype_rolling_32_2far,replace_report,20000,162,331,634,50480,0,0
time,7,window128,prototype_rolling_32_2far,ready_to_command,20000,195,350,811,66553,0,0
time,7,window128,prototype_jump_32_2far,price_query,20000,46,68,130,903,0,0
time,7,window128,prototype_jump_32_2far,intent_to_command,20000,159,351,755,52305,0,0
time,7,window128,prototype_jump_32_2far,intent_queued,20000,45,215,494,15607,0,0
time,7,window128,prototype_jump_32_2far,replace_report,20000,162,365,837,52323,0,0
time,7,window128,prototype_jump_32_2far,ready_to_command,20000,196,441,2765,51557,0,0
time,7,adaptive,rolling_4,price_query,20000,50,66,226,54180,0,0
time,7,adaptive,rolling_4,near_range8,20000,66,225,539,32953,0,0
time,7,adaptive,rolling_4,index_submit,20000,142,220,447,33424,0,0
time,7,adaptive,rolling_4,index_ack,20000,131,180,308,52806,0,0
time,7,adaptive,rolling_4,cross_page_submit_subset,314,143,219,224,235,0,0
time,7,adaptive,outliers_4,price_query,20000,47,84,217,37678,0,0
time,7,adaptive,outliers_4,near_range8,20000,63,220,488,116699,0,0
time,7,adaptive,outliers_4,index_submit,20000,137,259,453,36533,0,0
time,7,adaptive,outliers_4,index_ack,20000,121,204,286,51168,0,0
time,7,adaptive,outliers_4,cross_page_submit_subset,314,135,249,260,263,0,0
time,7,adaptive,outliers_4,far_query,20000,49,91,226,44865,0,0
time,7,adaptive,boundary_4,price_query,20000,50,123,252,30815,0,0
time,7,adaptive,boundary_4,near_range8,20000,69,221,517,39585,0,0
time,7,adaptive,boundary_4,index_submit,20000,141,221,353,34282,0,0
time,7,adaptive,boundary_4,index_ack,20000,152,243,365,73682,0,0
time,7,adaptive,boundary_4,cross_page_submit_subset,5000,138,211,458,34282,0,0
time,7,adaptive,jump_4,price_query,20000,50,97,433,29617,0,0
time,7,adaptive,jump_4,near_range8,20000,66,224,542,54451,0,0
time,7,adaptive,jump_4,index_submit,20000,145,231,489,48095,0,0
time,7,adaptive,jump_4,index_ack,20000,135,210,339,51982,0,0
time,7,adaptive,jump_4,cross_page_submit_subset,3746,174,255,439,19644,0,0
time,7,adaptive,jump_4,jump_submit_subset,2496,192,265,424,527,0,0
time,7,adaptive,rolling_32,price_query,20000,50,76,198,36198,0,0
time,7,adaptive,rolling_32,near_range8,20000,86,221,539,35328,0,0
time,7,adaptive,rolling_32,index_submit,20000,136,248,468,41022,0,0
time,7,adaptive,rolling_32,index_ack,20000,114,192,401,83605,0,0
time,7,adaptive,rolling_32,cross_page_submit_subset,305,134,205,251,299,0,0
time,7,adaptive,outliers_32,price_query,20000,48,78,153,52811,0,0
time,7,adaptive,outliers_32,near_range8,20000,81,225,532,8540,0,0
time,7,adaptive,outliers_32,index_submit,20000,131,226,505,64034,0,0
time,7,adaptive,outliers_32,index_ack,20000,109,184,308,36532,0,0
time,7,adaptive,outliers_32,cross_page_submit_subset,305,131,214,269,328,0,0
time,7,adaptive,outliers_32,far_query,20000,49,68,169,5761,0,0
time,7,adaptive,boundary_32,price_query,20000,35,57,95,925,0,0
time,7,adaptive,boundary_32,near_range8,20000,51,153,319,20559,0,0
time,7,adaptive,boundary_32,index_submit,20000,70,203,319,5526,0,0
time,7,adaptive,boundary_32,index_ack,20000,97,188,485,40085,0,0
time,7,adaptive,boundary_32,cross_page_submit_subset,625,72,155,266,283,0,0
time,7,adaptive,jump_32,price_query,20000,52,91,203,32794,0,0
time,7,adaptive,jump_32,near_range8,20000,89,207,449,54224,0,0
time,7,adaptive,jump_32,index_submit,20000,141,351,502,31282,0,0
time,7,adaptive,jump_32,index_ack,20000,120,283,397,129811,0,0
time,7,adaptive,jump_32,cross_page_submit_subset,2652,210,440,2083,29113,0,0
time,7,adaptive,jump_32,jump_submit_subset,2496,220,444,2083,29113,0,0
time,7,adaptive,rolling_128,price_query,20000,39,87,139,2445777,0,0
time,7,adaptive,rolling_128,near_range8,20000,54,152,338,28461,0,0
time,7,adaptive,rolling_128,index_submit,20000,93,239,705,22532,0,0
time,7,adaptive,rolling_128,index_ack,20000,69,208,413,163807,0,0
time,7,adaptive,rolling_128,cross_page_submit_subset,312,94,218,245,261,0,0
time,7,adaptive,outliers_128,price_query,20000,38,70,98,22025,0,0
time,7,adaptive,outliers_128,near_range8,20000,53,100,233,40416,0,0
time,7,adaptive,outliers_128,index_submit,20000,86,215,395,25381,0,0
time,7,adaptive,outliers_128,index_ack,20000,69,130,268,4646,0,0
time,7,adaptive,outliers_128,cross_page_submit_subset,312,86,166,182,193,0,0
time,7,adaptive,outliers_128,far_query,20000,37,56,84,305,0,0
time,7,adaptive,boundary_128,price_query,20000,44,77,114,936,0,0
time,7,adaptive,boundary_128,near_range8,20000,53,124,238,111105,0,0
time,7,adaptive,boundary_128,index_submit,20000,93,211,562,157866,0,0
time,7,adaptive,boundary_128,index_ack,20000,108,229,362,76260,0,0
time,7,adaptive,boundary_128,cross_page_submit_subset,313,108,196,206,207,0,0
time,7,adaptive,jump_128,price_query,20000,39,71,98,3041,0,0
time,7,adaptive,jump_128,near_range8,20000,54,102,224,23595,0,0
time,7,adaptive,jump_128,index_submit,20000,90,286,469,34717,0,0
time,7,adaptive,jump_128,index_ack,20000,69,292,399,42129,0,0
time,7,adaptive,jump_128,cross_page_submit_subset,2704,107,334,662,4574,0,0
time,7,adaptive,jump_128,jump_submit_subset,2432,116,336,662,4574,0,0
time,7,adaptive,4096books_4near_2far,price_query,20000,351,1036,4832,212712,0,0
time,7,adaptive,new_book_growth,index_insert,20000,506,6431,29581,936054,0,0
time,7,adaptive,new_book_growth,every64_subset,313,6511,13265,56431,89988,0,0
time,7,adaptive,cancel_rehang_4near,index_cancel,20000,98,122,210,30542,0,0
time,7,adaptive,cancel_rehang_4near,index_new,20000,185,254,615,28508,0,0
time,7,adaptive,cancel_rehang_4near,index_accepted,20000,125,275,581,45886,0,0
time,7,adaptive,cancel_rehang_4near,index_canceled,20000,132,157,309,69640,0,0
time,7,adaptive,prototype_rolling_4_2far,price_query,20000,69,77,184,24410,0,0
time,7,adaptive,prototype_rolling_4_2far,intent_to_command,20000,176,263,515,37935,0,0
time,7,adaptive,prototype_rolling_4_2far,intent_queued,20000,51,80,223,74072,0,0
time,7,adaptive,prototype_rolling_4_2far,replace_report,20000,211,328,738,35683,0,0
time,7,adaptive,prototype_rolling_4_2far,ready_to_command,20000,286,392,979,61689,0,0
time,7,adaptive,prototype_jump_4_2far,price_query,20000,38,51,136,24926,0,0
time,7,adaptive,prototype_jump_4_2far,intent_to_command,20000,86,197,413,23695,0,0
time,7,adaptive,prototype_jump_4_2far,intent_queued,20000,32,46,62,19941,0,0
time,7,adaptive,prototype_jump_4_2far,replace_report,20000,101,233,429,19155,0,0
time,7,adaptive,prototype_jump_4_2far,ready_to_command,20000,138,263,466,35937,0,0
time,7,adaptive,prototype_rolling_32_2far,price_query,20000,59,81,140,908,0,0
time,7,adaptive,prototype_rolling_32_2far,intent_to_command,20000,164,314,644,37143,0,0
time,7,adaptive,prototype_rolling_32_2far,intent_queued,20000,49,196,471,33341,0,0
time,7,adaptive,prototype_rolling_32_2far,replace_report,20000,159,344,793,45773,0,0
time,7,adaptive,prototype_rolling_32_2far,ready_to_command,20000,200,381,892,46223,0,0
time,7,adaptive,prototype_jump_32_2far,price_query,20000,67,99,160,945,0,0
time,7,adaptive,prototype_jump_32_2far,intent_to_command,20000,181,267,592,54204,0,0
time,7,adaptive,prototype_jump_32_2far,intent_queued,20000,50,73,198,34791,0,0
time,7,adaptive,prototype_jump_32_2far,replace_report,20000,181,299,516,25225,0,0
time,7,adaptive,prototype_jump_32_2far,ready_to_command,20000,222,387,1146,60854,0,0
time,7,linear_prices,rolling_4,price_query,20000,43,59,142,21968,0,0
time,7,linear_prices,rolling_4,near_range8,20000,94,132,238,5077,0,0
time,7,linear_prices,rolling_4,index_submit,20000,130,164,248,64713,0,0
time,7,linear_prices,rolling_4,index_ack,20000,138,179,250,33770,0,0
time,7,linear_prices,rolling_4,cross_page_submit_subset,314,132,172,220,341,0,0
time,7,linear_prices,outliers_4,price_query,20000,43,60,139,256,0,0
time,7,linear_prices,outliers_4,near_range8,20000,106,150,306,23100,0,0
time,7,linear_prices,outliers_4,index_submit,20000,130,169,245,26577,0,0
time,7,linear_prices,outliers_4,index_ack,20000,137,189,301,40512,0,0
time,7,linear_prices,outliers_4,cross_page_submit_subset,314,130,166,204,4690,0,0
time,7,linear_prices,outliers_4,far_query,20000,46,60,185,4848,0,0
time,7,linear_prices,boundary_4,price_query,20000,44,60,140,22812,0,0
time,7,linear_prices,boundary_4,near_range8,20000,107,136,266,23461,0,0
time,7,linear_prices,boundary_4,index_submit,20000,131,166,253,22371,0,0
time,7,linear_prices,boundary_4,index_ack,20000,156,193,290,25361,0,0
time,7,linear_prices,boundary_4,cross_page_submit_subset,5000,128,157,229,22371,0,0
time,7,linear_prices,jump_4,price_query,20000,43,62,148,22976,0,0
time,7,linear_prices,jump_4,near_range8,20000,94,153,308,117481,0,0
time,7,linear_prices,jump_4,index_submit,20000,131,175,274,41006,0,0
time,7,linear_prices,jump_4,index_ack,20000,138,200,278,30826,0,0
time,7,linear_prices,jump_4,cross_page_submit_subset,3746,144,184,276,27231,0,0
time,7,linear_prices,jump_4,jump_submit_subset,2496,150,184,271,14381,0,0
time,7,linear_prices,rolling_32,price_query,20000,59,90,198,58783,0,0
time,7,linear_prices,rolling_32,near_range8,20000,637,818,5844,39575,0,0
time,7,linear_prices,rolling_32,index_submit,20000,158,233,351,40490,0,0
time,7,linear_prices,rolling_32,index_ack,20000,124,300,370,27966,0,0
time,7,linear_prices,rolling_32,cross_page_submit_subset,305,150,215,247,279,0,0
time,7,linear_prices,outliers_32,price_query,20000,60,88,159,24562,0,0
time,7,linear_prices,outliers_32,near_range8,20000,656,818,5645,57384,0,0
time,7,linear_prices,outliers_32,index_submit,20000,165,233,349,41742,0,0
time,7,linear_prices,outliers_32,index_ack,20000,125,312,375,22769,0,0
time,7,linear_prices,outliers_32,cross_page_submit_subset,305,157,220,226,233,0,0
time,7,linear_prices,outliers_32,far_query,20000,79,92,177,22073,0,0
time,7,linear_prices,boundary_32,price_query,20000,32,49,68,3766,0,0
time,7,linear_prices,boundary_32,near_range8,20000,292,346,651,34103,0,0
time,7,linear_prices,boundary_32,index_submit,20000,79,184,304,20840,0,0
time,7,linear_prices,boundary_32,index_ack,20000,85,164,272,58466,0,0
time,7,linear_prices,boundary_32,cross_page_submit_subset,625,70,111,151,187,0,0
time,7,linear_prices,jump_32,price_query,20000,34,57,75,221,0,0
time,7,linear_prices,jump_32,near_range8,20000,310,523,707,19682,0,0
time,7,linear_prices,jump_32,index_submit,20000,80,142,265,29174,0,0
time,7,linear_prices,jump_32,index_ack,20000,61,202,234,17122,0,0
time,7,linear_prices,jump_32,cross_page_submit_subset,2652,112,208,284,302,0,0
time,7,linear_prices,jump_32,jump_submit_subset,2496,113,208,284,302,0,0
time,7,linear_prices,rolling_128,price_query,20000,54,106,156,4019,0,0
time,7,linear_prices,rolling_128,near_range8,20000,1082,1471,23047,49086,0,0
time,7,linear_prices,rolling_128,index_submit,20000,98,228,410,31117,0,0
time,7,linear_prices,rolling_128,index_ack,20000,66,246,397,21683,0,0
time,7,linear_prices,rolling_128,cross_page_submit_subset,312,91,166,178,426,0,0
time,7,linear_prices,outliers_128,price_query,20000,54,107,126,205,0,0
time,7,linear_prices,outliers_128,near_range8,20000,1098,1470,18973,37028,0,0
time,7,linear_prices,outliers_128,index_submit,20000,97,210,381,25418,0,0
time,7,linear_prices,outliers_128,index_ack,20000,65,222,394,27574,0,0
time,7,linear_prices,outliers_128,cross_page_submit_subset,312,91,129,186,213,0,0
time,7,linear_prices,outliers_128,far_query,20000,86,103,136,20091,0,0
time,7,linear_prices,boundary_128,price_query,20000,54,110,129,16468,0,0
time,7,linear_prices,boundary_128,near_range8,20000,1099,1272,18935,48916,0,0
time,7,linear_prices,boundary_128,index_submit,20000,98,202,384,18650,0,0
time,7,linear_prices,boundary_128,index_ack,20000,93,258,420,17666,0,0
time,7,linear_prices,boundary_128,cross_page_submit_subset,313,95,115,117,118,0,0
time,7,linear_prices,jump_128,price_query,20000,63,159,264,61994,0,0
time,7,linear_prices,jump_128,near_range8,20000,1160,2652,38347,1650584,0,0
time,7,linear_prices,jump_128,index_submit,20000,103,381,1263,45657,0,0
time,7,linear_prices,jump_128,index_ack,20000,67,523,793,44504,0,0
time,7,linear_prices,jump_128,cross_page_submit_subset,2704,220,500,2117,45657,0,0
time,7,linear_prices,jump_128,jump_submit_subset,2432,224,521,2117,45657,0,0
time,7,linear_prices,4096books_4near_2far,price_query,20000,291,1022,6825,59495,0,0
time,7,linear_prices,new_book_growth,index_insert,20000,354,5494,12661,625940,0,0
time,7,linear_prices,new_book_growth,every64_subset,313,5592,13513,45317,50988,0,0
time,7,linear_prices,cancel_rehang_4near,index_cancel,20000,87,150,211,59115,0,0
time,7,linear_prices,cancel_rehang_4near,index_new,20000,134,239,509,51605,0,0
time,7,linear_prices,cancel_rehang_4near,index_accepted,20000,116,262,573,82252,0,0
time,7,linear_prices,cancel_rehang_4near,index_canceled,20000,123,211,278,89146,0,0
time,7,linear_prices,prototype_rolling_4_2far,price_query,20000,50,71,146,55153,0,0
time,7,linear_prices,prototype_rolling_4_2far,intent_to_command,20000,144,311,648,135435,0,0
time,7,linear_prices,prototype_rolling_4_2far,intent_queued,20000,43,183,374,67929,0,0
time,7,linear_prices,prototype_rolling_4_2far,replace_report,20000,177,350,637,32675,0,0
time,7,linear_prices,prototype_rolling_4_2far,ready_to_command,20000,188,357,669,44705,0,0
time,7,linear_prices,prototype_jump_4_2far,price_query,20000,40,59,96,22014,0,0
time,7,linear_prices,prototype_jump_4_2far,intent_to_command,20000,80,249,527,48761,0,0
time,7,linear_prices,prototype_jump_4_2far,intent_queued,20000,32,65,252,26134,0,0
time,7,linear_prices,prototype_jump_4_2far,replace_report,20000,99,280,627,105523,0,0
time,7,linear_prices,prototype_jump_4_2far,ready_to_command,20000,101,256,581,239081,0,0
time,7,linear_prices,prototype_rolling_32_2far,price_query,20000,42,67,92,23557,0,0
time,7,linear_prices,prototype_rolling_32_2far,intent_to_command,20000,86,185,304,66598,0,0
time,7,linear_prices,prototype_rolling_32_2far,intent_queued,20000,32,48,186,19458,0,0
time,7,linear_prices,prototype_rolling_32_2far,replace_report,20000,80,236,458,6130,0,0
time,7,linear_prices,prototype_rolling_32_2far,ready_to_command,20000,113,234,398,29322,0,0
time,7,linear_prices,prototype_jump_32_2far,price_query,20000,44,75,99,32272,0,0
time,7,linear_prices,prototype_jump_32_2far,intent_to_command,20000,89,223,450,24296,0,0
time,7,linear_prices,prototype_jump_32_2far,intent_queued,20000,32,59,176,3936,0,0
time,7,linear_prices,prototype_jump_32_2far,replace_report,20000,80,282,490,28805,0,0
time,7,linear_prices,prototype_jump_32_2far,ready_to_command,20000,115,254,567,25363,0,0
time,7,sorted_deque_soa,rolling_4,price_query,20000,36,54,78,4990,0,0
time,7,sorted_deque_soa,rolling_4,near_range8,20000,38,61,109,125429,0,0
time,7,sorted_deque_soa,rolling_4,index_submit,20000,85,214,413,224691,0,0
time,7,sorted_deque_soa,rolling_4,index_ack,20000,82,173,368,36524,0,0
time,7,sorted_deque_soa,rolling_4,cross_page_submit_subset,314,84,185,216,223,0,0
time,7,sorted_deque_soa,outliers_4,price_query,20000,37,49,65,10385,0,0
time,7,sorted_deque_soa,outliers_4,near_range8,20000,38,54,80,63985,0,0
time,7,sorted_deque_soa,outliers_4,index_submit,20000,85,247,552,25105,0,0
time,7,sorted_deque_soa,outliers_4,index_ack,20000,80,149,259,19778,0,0
time,7,sorted_deque_soa,outliers_4,cross_page_submit_subset,314,85,153,194,196,0,0
time,7,sorted_deque_soa,outliers_4,far_query,20000,37,50,80,32905,0,0
time,7,sorted_deque_soa,boundary_4,price_query,20000,37,65,120,32801,0,0
time,7,sorted_deque_soa,boundary_4,near_range8,20000,40,79,135,43799,0,0
time,7,sorted_deque_soa,boundary_4,index_submit,20000,89,203,427,40777,0,0
time,7,sorted_deque_soa,boundary_4,index_ack,20000,102,208,1030,51553,0,0
time,7,sorted_deque_soa,boundary_4,cross_page_submit_subset,5000,82,213,537,40777,0,0
time,7,sorted_deque_soa,jump_4,price_query,20000,36,53,90,65992,0,0
time,7,sorted_deque_soa,jump_4,near_range8,20000,38,61,105,40012,0,0
time,7,sorted_deque_soa,jump_4,index_submit,20000,86,196,312,545429,0,0
time,7,sorted_deque_soa,jump_4,index_ack,20000,83,173,305,90736,0,0
time,7,sorted_deque_soa,jump_4,cross_page_submit_subset,3746,102,211,346,1116,0,0
time,7,sorted_deque_soa,jump_4,jump_submit_subset,2496,106,211,354,1116,0,0
time,7,sorted_deque_soa,rolling_32,price_query,20000,48,82,190,25513,0,0
time,7,sorted_deque_soa,rolling_32,near_range8,20000,56,106,250,19791,0,0
time,7,sorted_deque_soa,rolling_32,index_submit,20000,92,232,1034,146896,0,0
time,7,sorted_deque_soa,rolling_32,index_ack,20000,62,169,306,214035,0,0
time,7,sorted_deque_soa,rolling_32,cross_page_submit_subset,305,91,180,307,1046,0,0
time,7,sorted_deque_soa,outliers_32,price_query,20000,49,83,142,41854,0,0
time,7,sorted_deque_soa,outliers_32,near_range8,20000,57,108,225,62689,0,0
time,7,sorted_deque_soa,outliers_32,index_submit,20000,92,266,487,23996,0,0
time,7,sorted_deque_soa,outliers_32,index_ack,20000,62,180,303,23530,0,0
time,7,sorted_deque_soa,outliers_32,cross_page_submit_subset,305,92,348,412,439,0,0
time,7,sorted_deque_soa,outliers_32,far_query,20000,49,82,220,23196,0,0
time,7,sorted_deque_soa,boundary_32,price_query,20000,48,78,145,18664,0,0
time,7,sorted_deque_soa,boundary_32,near_range8,20000,56,100,193,20223,0,0
time,7,sorted_deque_soa,boundary_32,index_submit,20000,91,222,462,28676,0,0
time,7,sorted_deque_soa,boundary_32,index_ack,20000,125,217,344,4619,0,0
time,7,sorted_deque_soa,boundary_32,cross_page_submit_subset,625,92,170,213,280,0,0
time,7,sorted_deque_soa,jump_32,price_query,20000,49,83,122,25049,0,0
time,7,sorted_deque_soa,jump_32,near_range8,20000,56,107,199,50686,0,0
time,7,sorted_deque_soa,jump_32,index_submit,20000,93,312,1013,33271,0,0
time,7,sorted_deque_soa,jump_32,index_ack,20000,62,244,400,33894,0,0
time,7,sorted_deque_soa,jump_32,cross_page_submit_subset,2652,184,421,1525,17529,0,0
time,7,sorted_deque_soa,jump_32,jump_submit_subset,2496,188,432,1525,17529,0,0
time,7,sorted_deque_soa,rolling_128,price_query,20000,36,65,86,3721,0,0
time,7,sorted_deque_soa,rolling_128,near_range8,20000,40,57,79,18646,0,0
time,7,sorted_deque_soa,rolling_128,index_submit,20000,98,165,278,20197,0,0
time,7,sorted_deque_soa,rolling_128,index_ack,20000,66,109,165,18500,0,0
time,7,sorted_deque_soa,rolling_128,cross_page_submit_subset,312,99,136,150,185,0,0
time,7,sorted_deque_soa,outliers_128,price_query,20000,35,64,89,3835,0,0
time,7,sorted_deque_soa,outliers_128,near_range8,20000,43,68,93,18571,0,0
time,7,sorted_deque_soa,outliers_128,index_submit,20000,81,217,428,8084,0,0
time,7,sorted_deque_soa,outliers_128,index_ack,20000,67,124,238,24580,0,0
time,7,sorted_deque_soa,outliers_128,cross_page_submit_subset,312,83,138,167,184,0,0
time,7,sorted_deque_soa,outliers_128,far_query,20000,36,50,82,17726,0,0
time,7,sorted_deque_soa,boundary_128,price_query,20000,50,110,154,159398,0,0
time,7,sorted_deque_soa,boundary_128,near_range8,20000,41,89,161,269452,0,0
time,7,sorted_deque_soa,boundary_128,index_submit,20000,109,228,498,211862,0,0
time,7,sorted_deque_soa,boundary_128,index_ack,20000,116,267,550,191764,0,0
time,7,sorted_deque_soa,boundary_128,cross_page_submit_subset,313,122,222,325,211862,0,0
time,7,sorted_deque_soa,jump_128,price_query,20000,57,97,171,76322,0,0
time,7,sorted_deque_soa,jump_128,near_range8,20000,73,114,146,35142,0,0
time,7,sorted_deque_soa,jump_128,index_submit,20000,159,370,690,49697,0,0
time,7,sorted_deque_soa,jump_128,index_ack,20000,120,341,491,33138,0,0
time,7,sorted_deque_soa,jump_128,cross_page_submit_subset,2704,198,470,945,2795,0,0
time,7,sorted_deque_soa,jump_128,jump_submit_subset,2432,213,480,945,2795,0,0
time,7,sorted_deque_soa,4096books_4near_2far,price_query,20000,586,1450,87512,756651,0,0
time,7,sorted_deque_soa,new_book_growth,index_insert,20000,513,5467,37079,1004814,0,0
time,7,sorted_deque_soa,new_book_growth,every64_subset,313,5531,12340,36598,65836,0,0
time,7,sorted_deque_soa,cancel_rehang_4near,index_cancel,20000,50,118,250,43594,0,0
time,7,sorted_deque_soa,cancel_rehang_4near,index_new,20000,102,205,409,35125,0,0
time,7,sorted_deque_soa,cancel_rehang_4near,index_accepted,20000,74,251,577,38645,0,0
time,7,sorted_deque_soa,cancel_rehang_4near,index_canceled,20000,72,148,280,43017,0,0
time,7,sorted_deque_soa,prototype_rolling_4_2far,price_query,20000,39,51,79,47676,0,0
time,7,sorted_deque_soa,prototype_rolling_4_2far,intent_to_command,20000,93,187,338,42531,0,0
time,7,sorted_deque_soa,prototype_rolling_4_2far,intent_queued,20000,32,48,102,17563,0,0
time,7,sorted_deque_soa,prototype_rolling_4_2far,replace_report,20000,107,215,365,78049,0,0
time,7,sorted_deque_soa,prototype_rolling_4_2far,ready_to_command,20000,140,283,567,31230,0,0
time,7,sorted_deque_soa,prototype_jump_4_2far,price_query,20000,39,56,86,21976,0,0
time,7,sorted_deque_soa,prototype_jump_4_2far,intent_to_command,20000,94,242,573,31444,0,0
time,7,sorted_deque_soa,prototype_jump_4_2far,intent_queued,20000,32,54,203,18177,0,0
time,7,sorted_deque_soa,prototype_jump_4_2far,replace_report,20000,108,260,412,50311,0,0
time,7,sorted_deque_soa,prototype_jump_4_2far,ready_to_command,20000,141,355,1094,69305,0,0
time,7,sorted_deque_soa,prototype_rolling_32_2far,price_query,20000,49,74,114,37690,0,0
time,7,sorted_deque_soa,prototype_rolling_32_2far,intent_to_command,20000,104,213,393,5750,0,0
time,7,sorted_deque_soa,prototype_rolling_32_2far,intent_queued,20000,32,48,161,39314,0,0
time,7,sorted_deque_soa,prototype_rolling_32_2far,replace_report,20000,80,210,425,36127,0,0
time,7,sorted_deque_soa,prototype_rolling_32_2far,ready_to_command,20000,116,281,550,22541,0,0
time,7,sorted_deque_soa,prototype_jump_32_2far,price_query,20000,49,75,127,5883,0,0
time,7,sorted_deque_soa,prototype_jump_32_2far,intent_to_command,20000,104,233,456,40090,0,0
time,7,sorted_deque_soa,prototype_jump_32_2far,intent_queued,20000,32,48,113,196,0,0
time,7,sorted_deque_soa,prototype_jump_32_2far,replace_report,20000,81,229,501,18702,0,0
time,7,sorted_deque_soa,prototype_jump_32_2far,ready_to_command,20000,116,298,555,70740,0,0
time,7,sorted_deque,rolling_4,price_query,20000,33,44,66,19832,0,0
time,7,sorted_deque,rolling_4,near_range8,20000,34,49,65,22524,0,0
time,7,sorted_deque,rolling_4,index_submit,20000,79,200,359,50433,0,0
time,7,sorted_deque,rolling_4,index_ack,20000,78,149,272,59821,0,0
time,7,sorted_deque,rolling_4,cross_page_submit_subset,314,76,134,149,188,0,0
time,7,sorted_deque,outliers_4,price_query,20000,33,36,45,17080,0,0
time,7,sorted_deque,outliers_4,near_range8,20000,34,38,56,36382,0,0
time,7,sorted_deque,outliers_4,index_submit,20000,79,197,350,5944,0,0
time,7,sorted_deque,outliers_4,index_ack,20000,77,129,222,34427,0,0
time,7,sorted_deque,outliers_4,cross_page_submit_subset,314,78,123,146,219,0,0
time,7,sorted_deque,outliers_4,far_query,20000,32,35,74,3709,0,0
time,7,sorted_deque,boundary_4,price_query,20000,33,45,70,20472,0,0
time,7,sorted_deque,boundary_4,near_range8,20000,35,52,76,104443,0,0
time,7,sorted_deque,boundary_4,index_submit,20000,74,167,284,47147,0,0
time,7,sorted_deque,boundary_4,index_ack,20000,94,153,252,988557,0,0
time,7,sorted_deque,boundary_4,cross_page_submit_subset,5000,72,221,576,47147,0,0
time,7,sorted_deque,jump_4,price_query,20000,34,61,145,31784,0,0
time,7,sorted_deque,jump_4,near_range8,20000,36,70,214,44948,0,0
time,7,sorted_deque,jump_4,index_submit,20000,99,222,678,46000,0,0
time,7,sorted_deque,jump_4,index_ack,20000,94,201,1010,28009,0,0
time,7,sorted_deque,jump_4,cross_page_submit_subset,3746,112,247,520,6506,0,0
time,7,sorted_deque,jump_4,jump_submit_subset,2496,123,261,612,6506,0,0
time,7,sorted_deque,rolling_32,price_query,20000,35,67,110,936,0,0
time,7,sorted_deque,rolling_32,near_range8,20000,44,83,189,28043,0,0
time,7,sorted_deque,rolling_32,index_submit,20000,88,215,965,27817,0,0
time,7,sorted_deque,rolling_32,index_ack,20000,75,182,966,25753,0,0
time,7,sorted_deque,rolling_32,cross_page_submit_subset,305,82,178,215,232,0,0
time,7,sorted_deque,outliers_32,price_query,20000,34,66,120,46989,0,0
time,7,sorted_deque,outliers_32,near_range8,20000,42,77,172,190800,0,0
time,7,sorted_deque,outliers_32,index_submit,20000,73,217,539,36095,0,0
time,7,sorted_deque,outliers_32,index_ack,20000,61,170,332,24201,0,0
time,7,sorted_deque,outliers_32,cross_page_submit_subset,305,73,176,199,220,0,0
time,7,sorted_deque,outliers_32,far_query,20000,33,58,212,943,0,0
time,7,sorted_deque,boundary_32,price_query,20000,34,60,104,24639,0,0
time,7,sorted_deque,boundary_32,near_range8,20000,42,80,170,5114,0,0
time,7,sorted_deque,boundary_32,index_submit,20000,75,197,405,34715,0,0
time,7,sorted_deque,boundary_32,index_ack,20000,97,183,359,40794,0,0
time,7,sorted_deque,boundary_32,cross_page_submit_subset,625,85,154,292,613,0,0
time,7,sorted_deque,jump_32,price_query,20000,35,62,94,1771,0,0
time,7,sorted_deque,jump_32,near_range8,20000,43,84,140,25155,0,0
time,7,sorted_deque,jump_32,index_submit,20000,84,227,571,1672411,0,0
time,7,sorted_deque,jump_32,index_ack,20000,64,202,303,25560,0,0
time,7,sorted_deque,jump_32,cross_page_submit_subset,2652,114,290,1686,70561,0,0
time,7,sorted_deque,jump_32,jump_submit_subset,2496,116,292,612,35844,0,0
time,7,sorted_deque,rolling_128,price_query,20000,36,67,94,2879,0,0
time,7,sorted_deque,rolling_128,near_range8,20000,45,60,114,33798,0,0
time,7,sorted_deque,rolling_128,index_submit,20000,80,197,446,38340,0,0
time,7,sorted_deque,rolling_128,index_ack,20000,66,113,265,21632,0,0
time,7,sorted_deque,rolling_128,cross_page_submit_subset,312,81,132,241,263,0,0
time,7,sorted_deque,outliers_128,price_query,20000,36,69,90,18949,0,0
time,7,sorted_deque,outliers_128,near_range8,20000,44,71,106,29922,0,0
time,7,sorted_deque,outliers_128,index_submit,20000,80,199,423,23611,0,0
time,7,sorted_deque,outliers_128,index_ack,20000,66,125,232,25044,0,0
time,7,sorted_deque,outliers_128,cross_page_submit_subset,312,82,218,278,285,0,0
time,7,sorted_deque,outliers_128,far_query,20000,35,50,94,23440,0,0
time,7,sorted_deque,boundary_128,price_query,20000,45,85,117,34845,0,0
time,7,sorted_deque,boundary_128,near_range8,20000,45,88,202,138421,0,0
time,7,sorted_deque,boundary_128,index_submit,20000,93,215,530,37826,0,0
time,7,sorted_deque,boundary_128,index_ack,20000,107,227,411,74547,0,0
time,7,sorted_deque,boundary_128,cross_page_submit_subset,313,102,215,229,308,0,0
time,7,sorted_deque,jump_128,price_query,20000,37,70,98,35616,0,0
time,7,sorted_deque,jump_128,near_range8,20000,45,85,125,46880,0,0
time,7,sorted_deque,jump_128,index_submit,20000,86,280,575,39896,0,0
time,7,sorted_deque,jump_128,index_ack,20000,67,313,404,27096,0,0
time,7,sorted_deque,jump_128,cross_page_submit_subset,2704,135,346,1995,17135,0,0
time,7,sorted_deque,jump_128,jump_submit_subset,2432,150,350,1995,17135,0,0
time,7,sorted_deque,4096books_4near_2far,price_query,20000,260,1117,5754,4108305,0,0
time,7,sorted_deque,new_book_growth,index_insert,20000,241,3990,7146,542506,0,0
time,7,sorted_deque,new_book_growth,every64_subset,313,4187,7146,29232,35101,0,0
time,7,sorted_deque,cancel_rehang_4near,index_cancel,20000,49,125,333,368991,0,0
time,7,sorted_deque,cancel_rehang_4near,index_new,20000,89,204,1033,49530,0,0
time,7,sorted_deque,cancel_rehang_4near,index_accepted,20000,69,256,579,54536,0,0
time,7,sorted_deque,cancel_rehang_4near,index_canceled,20000,68,166,976,53124,0,0
time,7,sorted_deque,prototype_rolling_4_2far,price_query,20000,36,68,104,35421,0,0
time,7,sorted_deque,prototype_rolling_4_2far,intent_to_command,20000,91,245,559,25668,0,0
time,7,sorted_deque,prototype_rolling_4_2far,intent_queued,20000,33,118,200,923,0,0
time,7,sorted_deque,prototype_rolling_4_2far,replace_report,20000,102,297,1008,1431726,0,0
time,7,sorted_deque,prototype_rolling_4_2far,ready_to_command,20000,137,339,1245,96802,0,0
time,7,sorted_deque,prototype_jump_4_2far,price_query,20000,36,65,95,100729,0,0
time,7,sorted_deque,prototype_jump_4_2far,intent_to_command,20000,91,251,623,165745,0,0
time,7,sorted_deque,prototype_jump_4_2far,intent_queued,20000,33,99,257,23087,0,0
time,7,sorted_deque,prototype_jump_4_2far,replace_report,20000,102,313,762,43467,0,0
time,7,sorted_deque,prototype_jump_4_2far,ready_to_command,20000,137,350,1148,123797,0,0
time,7,sorted_deque,prototype_rolling_32_2far,price_query,20000,37,81,156,37408,0,0
time,7,sorted_deque,prototype_rolling_32_2far,intent_to_command,20000,93,298,548,44847,0,0
time,7,sorted_deque,prototype_rolling_32_2far,intent_queued,20000,33,163,259,658,0,0
time,7,sorted_deque,prototype_rolling_32_2far,replace_report,20000,82,305,676,44319,0,0
time,7,sorted_deque,prototype_rolling_32_2far,ready_to_command,20000,112,340,1114,487820,0,0
time,7,sorted_deque,prototype_jump_32_2far,price_query,20000,43,87,233,47686,0,0
time,7,sorted_deque,prototype_jump_32_2far,intent_to_command,20000,133,332,780,29174,0,0
time,7,sorted_deque,prototype_jump_32_2far,intent_queued,20000,37,194,484,33331,0,0
time,7,sorted_deque,prototype_jump_32_2far,replace_report,20000,126,365,1084,55686,0,0
time,7,sorted_deque,prototype_jump_32_2far,ready_to_command,20000,162,416,1273,190063,0,0
time,7,pool_pages,rolling_4,price_query,20000,32,48,70,390,0,0
time,7,pool_pages,rolling_4,near_range8,20000,39,96,221,79458,0,0
time,7,pool_pages,rolling_4,index_submit,20000,74,204,401,24688,0,0
time,7,pool_pages,rolling_4,index_ack,20000,79,183,348,211778,0,0
time,7,pool_pages,rolling_4,cross_page_submit_subset,314,79,343,1227,21474,0,0
time,7,pool_pages,rolling_4,page_creation_subset,78,177,1227,1227,21474,0,0
time,7,pool_pages,outliers_4,price_query,20000,43,65,899,18888,0,0
time,7,pool_pages,outliers_4,near_range8,20000,64,176,941,28201,0,0
time,7,pool_pages,outliers_4,index_submit,20000,125,245,1055,25160,0,0
time,7,pool_pages,outliers_4,index_ack,20000,120,250,1076,45694,0,0
time,7,pool_pages,outliers_4,cross_page_submit_subset,314,130,590,741,1079,0,0
time,7,pool_pages,outliers_4,page_creation_subset,78,344,715,715,741,0,0
time,7,pool_pages,outliers_4,far_query,20000,45,72,936,5761,0,0
time,7,pool_pages,boundary_4,price_query,20000,32,61,143,128456,0,0
time,7,pool_pages,boundary_4,near_range8,20000,47,187,494,33134,0,0
time,7,pool_pages,boundary_4,index_submit,20000,81,209,553,3324964,0,0
time,7,pool_pages,boundary_4,index_ack,20000,103,258,1026,33642,0,0
time,7,pool_pages,boundary_4,cross_page_submit_subset,5000,73,228,479,3324964,0,0
time,7,pool_pages,jump_4,price_query,20000,31,49,87,356,0,0
time,7,pool_pages,jump_4,near_range8,20000,40,107,296,26402,0,0
time,7,pool_pages,jump_4,index_submit,20000,77,222,341,4544,0,0
time,7,pool_pages,jump_4,index_ack,20000,81,193,407,41163,0,0
time,7,pool_pages,jump_4,cross_page_submit_subset,3746,83,302,374,638,0,0
time,7,pool_pages,jump_4,page_creation_subset,1248,149,330,403,638,0,0
time,7,pool_pages,jump_4,jump_submit_subset,2496,129,310,390,638,0,0
time,7,pool_pages,rolling_32,price_query,20000,32,48,74,3582,0,0
time,7,pool_pages,rolling_32,near_range8,20000,50,98,222,25845,0,0
time,7,pool_pages,rolling_32,index_submit,20000,67,160,301,120481,0,0
time,7,pool_pages,rolling_32,index_ack,20000,61,123,268,32132,0,0
time,7,pool_pages,rolling_32,cross_page_submit_subset,305,78,443,544,565,0,0
time,7,pool_pages,rolling_32,page_creation_subset,10,431,544,544,565,0,0
time,7,pool_pages,outliers_32,price_query,20000,41,79,151,23914,0,0
time,7,pool_pages,outliers_32,near_range8,20000,80,216,956,57966,0,0
time,7,pool_pages,outliers_32,index_submit,20000,118,277,834,27812,0,0
time,7,pool_pages,outliers_32,index_ack,20000,103,261,974,27493,0,0
time,7,pool_pages,outliers_32,cross_page_submit_subset,305,134,949,1360,1875,0,0
time,7,pool_pages,outliers_32,page_creation_subset,10,834,1360,1360,1875,0,0
time,7,pool_pages,outliers_32,far_query,20000,43,90,173,10777,0,0
time,7,pool_pages,boundary_32,price_query,20000,32,50,74,39168,0,0
time,7,pool_pages,boundary_32,near_range8,20000,54,121,191,3873,0,0
time,7,pool_pages,boundary_32,index_submit,20000,67,203,420,35963,0,0
time,7,pool_pages,boundary_32,index_ack,20000,95,195,339,23787,0,0
time,7,pool_pages,boundary_32,cross_page_submit_subset,625,68,140,183,215,0,0
time,7,pool_pages,jump_32,price_query,20000,32,49,78,4122,0,0
time,7,pool_pages,jump_32,near_range8,20000,51,122,268,36167,0,0
time,7,pool_pages,jump_32,index_submit,20000,70,212,366,32719,0,0
time,7,pool_pages,jump_32,index_ack,20000,63,181,413,38656,0,0
time,7,pool_pages,jump_32,cross_page_submit_subset,2652,81,272,552,6260,0,0
time,7,pool_pages,jump_32,page_creation_subset,156,189,396,426,4948,0,0
time,7,pool_pages,jump_32,jump_submit_subset,2496,81,273,552,6260,0,0
time,7,pool_pages,rolling_128,price_query,20000,32,47,64,21275,0,0
time,7,pool_pages,rolling_128,near_range8,20000,50,90,149,101504,0,0
time,7,pool_pages,rolling_128,index_submit,20000,68,142,302,24325,0,0
time,7,pool_pages,rolling_128,index_ack,20000,67,119,221,17181,0,0
time,7,pool_pages,rolling_128,cross_page_submit_subset,312,85,231,506,616,0,0
time,7,pool_pages,rolling_128,page_creation_subset,3,506,506,506,616,0,0
time,7,pool_pages,outliers_128,price_query,20000,32,49,73,810302,0,0
time,7,pool_pages,outliers_128,near_range8,20000,51,96,175,23151,0,0
time,7,pool_pages,outliers_128,index_submit,20000,69,203,448,111536,0,0
time,7,pool_pages,outliers_128,index_ack,20000,67,128,274,23562,0,0
time,7,pool_pages,outliers_128,cross_page_submit_subset,312,85,187,550,1170,0,0
time,7,pool_pages,outliers_128,page_creation_subset,3,550,550,550,1170,0,0
time,7,pool_pages,outliers_128,far_query,20000,32,56,138,4522,0,0
time,7,pool_pages,boundary_128,price_query,20000,41,66,138,28836,0,0
time,7,pool_pages,boundary_128,near_range8,20000,84,204,960,33300,0,0
time,7,pool_pages,boundary_128,index_submit,20000,117,212,375,7240,0,0
time,7,pool_pages,boundary_128,index_ack,20000,122,255,1047,54109,0,0
time,7,pool_pages,boundary_128,cross_page_submit_subset,313,126,199,320,477,0,0
time,7,pool_pages,jump_128,price_query,20000,35,64,142,4470,0,0
time,7,pool_pages,jump_128,near_range8,20000,65,203,499,29328,0,0
time,7,pool_pages,jump_128,index_submit,20000,102,220,768,66203,0,0
time,7,pool_pages,jump_128,index_ack,20000,96,223,563,30672,0,0
time,7,pool_pages,jump_128,cross_page_submit_subset,2704,123,434,1191,8376,0,0
time,7,pool_pages,jump_128,page_creation_subset,77,330,892,892,1191,0,0
time,7,pool_pages,jump_128,jump_submit_subset,2432,124,386,1191,8376,0,0
time,7,pool_pages,4096books_4near_2far,price_query,20000,370,1202,5213,43100,0,0
time,7,pool_pages,new_book_growth,index_insert,20000,372,16301,58228,623184,0,0
time,7,pool_pages,new_book_growth,page_block_growth_subset,313,16686,73700,98248,172923,0,0
time,7,pool_pages,new_book_growth,every64_subset,313,16686,73700,98248,172923,0,0
time,7,pool_pages,cancel_rehang_4near,index_cancel,20000,49,142,517,909522,0,0
time,7,pool_pages,cancel_rehang_4near,index_new,20000,147,301,774,32352,0,0
time,7,pool_pages,cancel_rehang_4near,index_accepted,20000,73,293,648,59104,0,0
time,7,pool_pages,cancel_rehang_4near,index_canceled,20000,102,237,995,323688,0,0
time,7,pool_pages,prototype_rolling_4_2far,price_query,20000,35,58,93,944,0,0
time,7,pool_pages,prototype_rolling_4_2far,intent_to_command,20000,85,236,479,45211,0,0
time,7,pool_pages,prototype_rolling_4_2far,intent_queued,20000,32,52,186,5098,0,0
time,7,pool_pages,prototype_rolling_4_2far,replace_report,20000,100,270,586,42661,0,0
time,7,pool_pages,prototype_rolling_4_2far,ready_to_command,20000,115,326,608,29003,0,0
time,7,pool_pages,prototype_jump_4_2far,price_query,20000,56,72,110,24726,0,0
time,7,pool_pages,prototype_jump_4_2far,intent_to_command,20000,167,331,658,46098,0,0
time,7,pool_pages,prototype_jump_4_2far,intent_queued,20000,48,127,232,44358,0,0
time,7,pool_pages,prototype_jump_4_2far,replace_report,20000,203,380,719,27716,0,0
time,7,pool_pages,prototype_jump_4_2far,ready_to_command,20000,229,378,663,32166,0,0
time,7,pool_pages,prototype_rolling_32_2far,price_query,20000,36,61,89,26997,0,0
time,7,pool_pages,prototype_rolling_32_2far,intent_to_command,20000,85,234,405,40599,0,0
time,7,pool_pages,prototype_rolling_32_2far,intent_queued,20000,32,52,137,21069,0,0
time,7,pool_pages,prototype_rolling_32_2far,replace_report,20000,81,240,567,54976,0,0
time,7,pool_pages,prototype_rolling_32_2far,ready_to_command,20000,100,284,1076,142840,0,0
time,7,pool_pages,prototype_jump_32_2far,price_query,20000,36,63,99,40078,0,0
time,7,pool_pages,prototype_jump_32_2far,intent_to_command,20000,85,246,491,24155,0,0
time,7,pool_pages,prototype_jump_32_2far,intent_queued,20000,32,70,209,59175,0,0
time,7,pool_pages,prototype_jump_32_2far,replace_report,20000,82,260,498,24248,0,0
time,7,pool_pages,prototype_jump_32_2far,ready_to_command,20000,101,279,642,31823,0,0
time,7,absl_btree,rolling_4,price_query,20000,29,54,100,7381,0,0
time,7,absl_btree,rolling_4,near_range8,20000,36,168,300,958,0,0
time,7,absl_btree,rolling_4,index_submit,20000,95,203,353,72499,0,0
time,7,absl_btree,rolling_4,index_ack,20000,101,237,417,34800,0,0
time,7,absl_btree,rolling_4,cross_page_submit_subset,314,93,194,281,311,0,0
time,7,absl_btree,outliers_4,price_query,20000,29,70,119,72954,0,0
time,7,absl_btree,outliers_4,near_range8,20000,37,177,382,29018,0,0
time,7,absl_btree,outliers_4,index_submit,20000,106,264,526,44794,0,0
time,7,absl_btree,outliers_4,index_ack,20000,102,250,396,34820,0,0
time,7,absl_btree,outliers_4,cross_page_submit_subset,314,106,220,258,304,0,0
time,7,absl_btree,outliers_4,far_query,20000,28,72,110,6464,0,0
time,7,absl_btree,boundary_4,price_query,20000,28,55,92,3620,0,0
time,7,absl_btree,boundary_4,near_range8,20000,36,126,237,26282,0,0
time,7,absl_btree,boundary_4,index_submit,20000,85,209,346,34797,0,0
time,7,absl_btree,boundary_4,index_ack,20000,109,277,490,23167,0,0
time,7,absl_btree,boundary_4,cross_page_submit_subset,5000,71,221,452,34797,0,0
time,7,absl_btree,jump_4,price_query,20000,32,82,160,29944,0,0
time,7,absl_btree,jump_4,near_range8,20000,43,185,511,116026,0,0
time,7,absl_btree,jump_4,index_submit,20000,112,283,535,36386,0,0
time,7,absl_btree,jump_4,index_ack,20000,115,337,668,54155,0,0
time,7,absl_btree,jump_4,cross_page_submit_subset,3746,126,305,595,5987,0,0
time,7,absl_btree,jump_4,jump_submit_subset,2496,141,336,602,5987,0,0
time,7,absl_btree,rolling_32,price_query,20000,31,64,95,38464,0,0
time,7,absl_btree,rolling_32,near_range8,20000,50,126,235,23684,0,0
time,7,absl_btree,rolling_32,index_submit,20000,81,225,379,27224,0,0
time,7,absl_btree,rolling_32,index_ack,20000,61,225,459,19042,0,0
time,7,absl_btree,rolling_32,cross_page_submit_subset,305,80,167,405,504,0,0
time,7,absl_btree,outliers_32,price_query,20000,33,77,121,29456,0,0
time,7,absl_btree,outliers_32,near_range8,20000,54,188,465,38062,0,0
time,7,absl_btree,outliers_32,index_submit,20000,90,279,602,29598,0,0
time,7,absl_btree,outliers_32,index_ack,20000,65,279,801,57171,0,0
time,7,absl_btree,outliers_32,cross_page_submit_subset,305,89,309,325,394,0,0
time,7,absl_btree,outliers_32,far_query,20000,35,96,193,55330,0,0
time,7,absl_btree,boundary_32,price_query,20000,31,55,94,20253,0,0
time,7,absl_btree,boundary_32,near_range8,20000,48,94,195,56918,0,0
time,7,absl_btree,boundary_32,index_submit,20000,71,177,351,99931,0,0
time,7,absl_btree,boundary_32,index_ack,20000,113,211,456,34651,0,0
time,7,absl_btree,boundary_32,cross_page_submit_subset,625,82,137,169,177,0,0
time,7,absl_btree,jump_32,price_query,20000,31,57,76,26802,0,0
time,7,absl_btree,jump_32,near_range8,20000,50,102,263,30678,0,0
time,7,absl_btree,jump_32,index_submit,20000,82,204,347,23059,0,0
time,7,absl_btree,jump_32,index_ack,20000,62,247,368,23655,0,0
time,7,absl_btree,jump_32,cross_page_submit_subset,2652,124,259,462,4018,0,0
time,7,absl_btree,jump_32,jump_submit_subset,2496,126,262,462,4018,0,0
time,7,absl_btree,rolling_128,price_query,20000,36,75,106,22576,0,0
time,7,absl_btree,rolling_128,near_range8,20000,51,110,251,41998,0,0
time,7,absl_btree,rolling_128,index_submit,20000,95,209,409,40635,0,0
time,7,absl_btree,rolling_128,index_ack,20000,67,179,486,40287,0,0
time,7,absl_btree,rolling_128,cross_page_submit_subset,312,96,175,272,283,0,0
time,7,absl_btree,outliers_128,price_query,20000,36,70,99,192517,0,0
time,7,absl_btree,outliers_128,near_range8,20000,51,98,183,155393,0,0
time,7,absl_btree,outliers_128,index_submit,20000,94,232,537,18563,0,0
time,7,absl_btree,outliers_128,index_ack,20000,66,180,416,20621,0,0
time,7,absl_btree,outliers_128,cross_page_submit_subset,312,96,195,233,286,0,0
time,7,absl_btree,outliers_128,far_query,20000,38,69,132,17447,0,0
time,7,absl_btree,boundary_128,price_query,20000,35,65,90,4284,0,0
time,7,absl_btree,boundary_128,near_range8,20000,51,108,197,231617,0,0
time,7,absl_btree,boundary_128,index_submit,20000,87,190,408,23588,0,0
time,7,absl_btree,boundary_128,index_ack,20000,124,298,580,95642,0,0
time,7,absl_btree,boundary_128,cross_page_submit_subset,313,90,189,239,1029,0,0
time,7,absl_btree,jump_128,price_query,20000,36,74,103,36231,0,0
time,7,absl_btree,jump_128,near_range8,20000,52,106,215,5402,0,0
time,7,absl_btree,jump_128,index_submit,20000,95,253,588,26203,0,0
time,7,absl_btree,jump_128,index_ack,20000,67,328,633,60968,0,0
time,7,absl_btree,jump_128,cross_page_submit_subset,2704,160,366,1100,6778,0,0
time,7,absl_btree,jump_128,jump_submit_subset,2432,162,372,1100,6778,0,0
time,7,absl_btree,4096books_4near_2far,price_query,20000,258,962,1828,67953,0,0
time,7,absl_btree,new_book_growth,index_insert,20000,222,4440,6992,489146,0,0
time,7,absl_btree,new_book_growth,every64_subset,313,4655,10189,34913,46166,0,0
time,7,absl_btree,cancel_rehang_4near,index_cancel,20000,48,67,207,4546,0,0
time,7,absl_btree,cancel_rehang_4near,index_new,20000,96,186,300,33849,0,0
time,7,absl_btree,cancel_rehang_4near,index_accepted,20000,69,236,524,20391,0,0
time,7,absl_btree,cancel_rehang_4near,index_canceled,20000,102,186,315,40835,0,0
time,7,absl_btree,prototype_rolling_4_2far,price_query,20000,30,45,69,51261,0,0
time,7,absl_btree,prototype_rolling_4_2far,intent_to_command,20000,86,210,483,34647,0,0
time,7,absl_btree,prototype_rolling_4_2far,intent_queued,20000,32,47,113,3100,0,0
time,7,absl_btree,prototype_rolling_4_2far,replace_report,20000,134,259,468,19504,0,0
time,7,absl_btree,prototype_rolling_4_2far,ready_to_command,20000,124,255,409,22145,0,0
time,7,absl_btree,prototype_jump_4_2far,price_query,20000,30,46,69,17383,0,0
time,7,absl_btree,prototype_jump_4_2far,intent_to_command,20000,86,185,295,35088,0,0
time,7,absl_btree,prototype_jump_4_2far,intent_queued,20000,32,47,114,17091,0,0
time,7,absl_btree,prototype_jump_4_2far,replace_report,20000,133,260,597,37048,0,0
time,7,absl_btree,prototype_jump_4_2far,ready_to_command,20000,124,251,449,71220,0,0
time,7,absl_btree,prototype_rolling_32_2far,price_query,20000,34,63,83,477,0,0
time,7,absl_btree,prototype_rolling_32_2far,intent_to_command,20000,92,142,313,19209,0,0
time,7,absl_btree,prototype_rolling_32_2far,intent_queued,20000,32,36,56,17858,0,0
time,7,absl_btree,prototype_rolling_32_2far,replace_report,20000,82,235,426,41246,0,0
time,7,absl_btree,prototype_rolling_32_2far,ready_to_command,20000,102,210,338,87909,0,0
time,7,absl_btree,prototype_jump_32_2far,price_query,20000,34,67,91,4064,0,0
time,7,absl_btree,prototype_jump_32_2far,intent_to_command,20000,92,191,318,18193,0,0
time,7,absl_btree,prototype_jump_32_2far,intent_queued,20000,32,45,68,25309,0,0
time,7,absl_btree,prototype_jump_32_2far,replace_report,20000,84,266,463,32392,0,0
time,7,absl_btree,prototype_jump_32_2far,ready_to_command,20000,108,255,482,24163,0,0
time,8,absl_btree,rolling_4,price_query,20000,28,49,72,18671,0,0
time,8,absl_btree,rolling_4,near_range8,20000,34,97,200,51410,0,0
time,8,absl_btree,rolling_4,index_submit,20000,74,181,328,16803,0,0
time,8,absl_btree,rolling_4,index_ack,20000,85,206,383,40220,0,0
time,8,absl_btree,rolling_4,cross_page_submit_subset,314,74,144,187,190,0,0
time,8,absl_btree,outliers_4,price_query,20000,28,45,74,34904,0,0
time,8,absl_btree,outliers_4,near_range8,20000,34,58,97,104188,0,0
time,8,absl_btree,outliers_4,index_submit,20000,73,253,515,34111,0,0
time,8,absl_btree,outliers_4,index_ack,20000,84,200,342,21593,0,0
time,8,absl_btree,outliers_4,cross_page_submit_subset,314,73,143,236,277,0,0
time,8,absl_btree,outliers_4,far_query,20000,27,42,71,228954,0,0
time,8,absl_btree,boundary_4,price_query,20000,28,38,67,220,0,0
time,8,absl_btree,boundary_4,near_range8,20000,35,47,83,21076,0,0
time,8,absl_btree,boundary_4,index_submit,20000,74,159,261,55977,0,0
time,8,absl_btree,boundary_4,index_ack,20000,111,184,363,21797,0,0
time,8,absl_btree,boundary_4,cross_page_submit_subset,5000,74,216,399,24313,0,0
time,8,absl_btree,jump_4,price_query,20000,28,48,74,5548,0,0
time,8,absl_btree,jump_4,near_range8,20000,33,65,129,18594,0,0
time,8,absl_btree,jump_4,index_submit,20000,75,175,271,111366,0,0
time,8,absl_btree,jump_4,index_ack,20000,86,214,413,186130,0,0
time,8,absl_btree,jump_4,cross_page_submit_subset,3746,94,180,229,276,0,0
time,8,absl_btree,jump_4,jump_submit_subset,2496,96,181,200,263,0,0
time,8,absl_btree,rolling_32,price_query,20000,31,56,82,18822,0,0
time,8,absl_btree,rolling_32,near_range8,20000,50,98,176,84252,0,0
time,8,absl_btree,rolling_32,index_submit,20000,82,179,331,108501,0,0
time,8,absl_btree,rolling_32,index_ack,20000,66,179,426,28941,0,0
time,8,absl_btree,rolling_32,cross_page_submit_subset,305,80,151,173,204,0,0
time,8,absl_btree,outliers_32,price_query,20000,32,67,97,39709,0,0
time,8,absl_btree,outliers_32,near_range8,20000,51,167,302,33363,0,0
time,8,absl_btree,outliers_32,index_submit,20000,85,270,586,50339,0,0
time,8,absl_btree,outliers_32,index_ack,20000,67,244,511,53788,0,0
time,8,absl_btree,outliers_32,cross_page_submit_subset,305,84,263,305,324,0,0
time,8,absl_btree,outliers_32,far_query,20000,33,82,183,25001,0,0
time,8,absl_btree,boundary_32,price_query,20000,31,50,74,5277,0,0
time,8,absl_btree,boundary_32,near_range8,20000,48,86,159,19877,0,0
time,8,absl_btree,boundary_32,index_submit,20000,73,173,344,18044,0,0
time,8,absl_btree,boundary_32,index_ack,20000,117,217,421,24828,0,0
time,8,absl_btree,boundary_32,cross_page_submit_subset,625,86,130,145,164,0,0
time,8,absl_btree,jump_32,price_query,20000,31,60,84,4022,0,0
time,8,absl_btree,jump_32,near_range8,20000,50,101,205,4134,0,0
time,8,absl_btree,jump_32,index_submit,20000,86,206,347,32479,0,0
time,8,absl_btree,jump_32,index_ack,20000,67,243,401,23697,0,0
time,8,absl_btree,jump_32,cross_page_submit_subset,2652,126,257,347,1048,0,0
time,8,absl_btree,jump_32,jump_submit_subset,2496,128,258,347,1048,0,0
time,8,absl_btree,rolling_128,price_query,20000,36,68,84,5960,0,0
time,8,absl_btree,rolling_128,near_range8,20000,51,77,119,67357,0,0
time,8,absl_btree,rolling_128,index_submit,20000,93,189,322,18404,0,0
time,8,absl_btree,rolling_128,index_ack,20000,66,155,310,4572,0,0
time,8,absl_btree,rolling_128,cross_page_submit_subset,312,94,171,302,327,0,0
time,8,absl_btree,outliers_128,price_query,20000,36,73,99,21114,0,0
time,8,absl_btree,outliers_128,near_range8,20000,52,104,191,5808,0,0
time,8,absl_btree,outliers_128,index_submit,20000,95,235,565,29930,0,0
time,8,absl_btree,outliers_128,index_ack,20000,66,173,423,79961,0,0
time,8,absl_btree,outliers_128,cross_page_submit_subset,312,96,212,247,327,0,0
time,8,absl_btree,outliers_128,far_query,20000,38,69,132,648257,0,0
time,8,absl_btree,boundary_128,price_query,20000,35,61,90,16075,0,0
time,8,absl_btree,boundary_128,near_range8,20000,49,94,179,4716,0,0
time,8,absl_btree,boundary_128,index_submit,20000,86,170,304,51200,0,0
time,8,absl_btree,boundary_128,index_ack,20000,122,271,474,36870,0,0
time,8,absl_btree,boundary_128,cross_page_submit_subset,313,89,140,157,187,0,0
time,8,absl_btree,jump_128,price_query,20000,36,74,101,6108,0,0
time,8,absl_btree,jump_128,near_range8,20000,51,105,218,30466,0,0
time,8,absl_btree,jump_128,index_submit,20000,96,243,440,24149,0,0
time,8,absl_btree,jump_128,index_ack,20000,67,311,483,22285,0,0
time,8,absl_btree,jump_128,cross_page_submit_subset,2704,156,345,685,2063,0,0
time,8,absl_btree,jump_128,jump_submit_subset,2432,159,352,563,2063,0,0
time,8,absl_btree,4096books_4near_2far,price_query,20000,207,830,1584,43895,0,0
time,8,absl_btree,new_book_growth,index_insert,20000,213,3872,7043,443402,0,0
time,8,absl_btree,new_book_growth,every64_subset,313,4068,7392,11021,32123,0,0
time,8,absl_btree,cancel_rehang_4near,index_cancel,20000,49,133,222,1290,0,0
time,8,absl_btree,cancel_rehang_4near,index_new,20000,98,247,421,38432,0,0
time,8,absl_btree,cancel_rehang_4near,index_accepted,20000,70,248,580,154151,0,0
time,8,absl_btree,cancel_rehang_4near,index_canceled,20000,103,240,405,64274,0,0
time,8,absl_btree,prototype_rolling_4_2far,price_query,20000,30,60,74,4299,0,0
time,8,absl_btree,prototype_rolling_4_2far,intent_to_command,20000,86,255,570,18829,0,0
time,8,absl_btree,prototype_rolling_4_2far,intent_queued,20000,32,168,252,16160,0,0
time,8,absl_btree,prototype_rolling_4_2far,replace_report,20000,134,371,715,51643,0,0
time,8,absl_btree,prototype_rolling_4_2far,ready_to_command,20000,125,336,674,285184,0,0
time,8,absl_btree,prototype_jump_4_2far,price_query,20000,50,65,103,29777,0,0
time,8,absl_btree,prototype_jump_4_2far,intent_to_command,20000,171,321,700,81957,0,0
time,8,absl_btree,prototype_jump_4_2far,intent_queued,20000,49,194,494,29479,0,0
time,8,absl_btree,prototype_jump_4_2far,replace_report,20000,265,458,1249,49118,0,0
time,8,absl_btree,prototype_jump_4_2far,ready_to_command,20000,259,410,815,32717,0,0
time,8,absl_btree,prototype_rolling_32_2far,price_query,20000,34,81,114,53941,0,0
time,8,absl_btree,prototype_rolling_32_2far,intent_to_command,20000,91,241,397,18074,0,0
time,8,absl_btree,prototype_rolling_32_2far,intent_queued,20000,33,63,195,5318,0,0
time,8,absl_btree,prototype_rolling_32_2far,replace_report,20000,83,367,575,38661,0,0
time,8,absl_btree,prototype_rolling_32_2far,ready_to_command,20000,106,346,474,32628,0,0
time,8,absl_btree,prototype_jump_32_2far,price_query,20000,34,68,92,391,0,0
time,8,absl_btree,prototype_jump_32_2far,intent_to_command,20000,90,208,350,20766,0,0
time,8,absl_btree,prototype_jump_32_2far,intent_queued,20000,32,45,71,23930,0,0
time,8,absl_btree,prototype_jump_32_2far,replace_report,20000,82,290,705,32794,0,0
time,8,absl_btree,prototype_jump_32_2far,ready_to_command,20000,108,269,463,17190,0,0
time,8,window128,rolling_4,price_query,20000,35,54,80,758,0,0
time,8,window128,rolling_4,near_range8,20000,38,105,225,55941,0,0
time,8,window128,rolling_4,index_submit,20000,82,218,375,23104,0,0
time,8,window128,rolling_4,index_ack,20000,77,183,281,35431,0,0
time,8,window128,rolling_4,cross_page_submit_subset,314,82,213,333,1000,0,0
time,8,window128,outliers_4,price_query,20000,36,49,65,3874,0,0
time,8,window128,outliers_4,near_range8,20000,39,73,179,22898,0,0
time,8,window128,outliers_4,index_submit,20000,81,237,336,30600,0,0
time,8,window128,outliers_4,index_ack,20000,78,135,266,18953,0,0
time,8,window128,outliers_4,cross_page_submit_subset,314,82,148,201,234,0,0
time,8,window128,outliers_4,far_query,20000,35,62,155,489,0,0
time,8,window128,boundary_4,price_query,20000,47,72,244,51961,0,0
time,8,window128,boundary_4,near_range8,20000,65,226,662,33423,0,0
time,8,window128,boundary_4,index_submit,20000,135,229,1020,37111,0,0
time,8,window128,boundary_4,index_ack,20000,140,230,1032,51637,0,0
time,8,window128,boundary_4,cross_page_submit_subset,5000,128,194,1070,37111,0,0
time,8,window128,jump_4,price_query,20000,48,190,513,38029,0,0
time,8,window128,jump_4,near_range8,20000,64,212,523,36625,0,0
time,8,window128,jump_4,index_submit,20000,142,244,527,34611,0,0
time,8,window128,jump_4,index_ack,20000,126,221,523,75060,0,0
time,8,window128,jump_4,cross_page_submit_subset,3746,164,264,479,1037,0,0
time,8,window128,jump_4,jump_submit_subset,2496,187,287,479,1037,0,0
time,8,window128,rolling_32,price_query,20000,37,56,135,32517,0,0
time,8,window128,rolling_32,near_range8,20000,96,245,638,36520,0,0
time,8,window128,rolling_32,index_submit,20000,114,192,494,30797,0,0
time,8,window128,rolling_32,index_ack,20000,102,182,391,49733,0,0
time,8,window128,rolling_32,cross_page_submit_subset,305,111,190,216,502,0,0
time,8,window128,outliers_32,price_query,20000,39,56,180,35162,0,0
time,8,window128,outliers_32,near_range8,20000,106,237,512,77440,0,0
time,8,window128,outliers_32,index_submit,20000,123,190,524,62747,0,0
time,8,window128,outliers_32,index_ack,20000,108,184,346,41953,0,0
time,8,window128,outliers_32,cross_page_submit_subset,305,119,175,213,272,0,0
time,8,window128,outliers_32,far_query,20000,45,63,171,1114,0,0
time,8,window128,boundary_32,price_query,20000,40,55,130,31331,0,0
time,8,window128,boundary_32,near_range8,20000,110,236,586,38307,0,0
time,8,window128,boundary_32,index_submit,20000,128,180,310,56000,0,0
time,8,window128,boundary_32,index_ack,20000,131,199,349,57880,0,0
time,8,window128,boundary_32,cross_page_submit_subset,625,131,164,174,210,0,0
time,8,window128,jump_32,price_query,20000,42,145,352,36643,0,0
time,8,window128,jump_32,near_range8,20000,109,240,580,37600,0,0
time,8,window128,jump_32,index_submit,20000,133,269,2258,9198,0,0
time,8,window128,jump_32,index_ack,20000,115,249,341,60634,0,0
time,8,window128,jump_32,cross_page_submit_subset,2652,203,300,1295,9198,0,0
time,8,window128,jump_32,jump_submit_subset,2496,205,305,1083,9198,0,0
time,8,window128,rolling_128,price_query,20000,42,79,179,11389,0,0
time,8,window128,rolling_128,near_range8,20000,107,246,533,53777,0,0
time,8,window128,rolling_128,index_submit,20000,131,201,504,53616,0,0
time,8,window128,rolling_128,index_ack,20000,112,202,355,60039,0,0
time,8,window128,rolling_128,cross_page_submit_subset,312,132,213,346,8877,0,0
time,8,window128,outliers_128,price_query,20000,41,79,186,33548,0,0
time,8,window128,outliers_128,near_range8,20000,106,265,552,38922,0,0
time,8,window128,outliers_128,index_submit,20000,130,217,821,39939,0,0
time,8,window128,outliers_128,index_ack,20000,110,234,492,30723,0,0
time,8,window128,outliers_128,cross_page_submit_subset,312,132,192,353,394,0,0
time,8,window128,outliers_128,far_query,20000,50,76,165,55971,0,0
time,8,window128,boundary_128,price_query,20000,42,70,190,38589,0,0
time,8,window128,boundary_128,near_range8,20000,111,237,530,38355,0,0
time,8,window128,boundary_128,index_submit,20000,132,267,5807,38028,0,0
time,8,window128,boundary_128,index_ack,20000,130,233,369,55424,0,0
time,8,window128,boundary_128,cross_page_submit_subset,313,132,200,254,319,0,0
time,8,window128,jump_128,price_query,20000,50,129,320,38019,0,0
time,8,window128,jump_128,near_range8,20000,105,250,583,55818,0,0
time,8,window128,jump_128,index_submit,20000,142,404,8613,36786,0,0
time,8,window128,jump_128,index_ack,20000,114,339,583,54424,0,0
time,8,window128,jump_128,cross_page_submit_subset,2704,221,523,1870,3089,0,0
time,8,window128,jump_128,jump_submit_subset,2432,229,534,1870,3089,0,0
time,8,window128,4096books_4near_2far,price_query,20000,333,993,1645,71896,0,0
time,8,window128,new_book_growth,index_insert,20000,473,6718,37436,837517,0,0
time,8,window128,new_book_growth,every64_subset,313,6642,46252,67934,72844,0,0
time,8,window128,cancel_rehang_4near,index_cancel,20000,71,134,217,36282,0,0
time,8,window128,cancel_rehang_4near,index_new,20000,145,255,600,53047,0,0
time,8,window128,cancel_rehang_4near,index_accepted,20000,102,280,596,50043,0,0
time,8,window128,cancel_rehang_4near,index_canceled,20000,96,188,343,43072,0,0
time,8,window128,prototype_rolling_4_2far,price_query,20000,51,92,148,55232,0,0
time,8,window128,prototype_rolling_4_2far,intent_to_command,20000,147,333,646,50156,0,0
time,8,window128,prototype_rolling_4_2far,intent_queued,20000,41,206,497,928,0,0
time,8,window128,prototype_rolling_4_2far,replace_report,20000,169,377,1035,47248,0,0
time,8,window128,prototype_rolling_4_2far,ready_to_command,20000,239,450,1071,39924,0,0
time,8,window128,prototype_jump_4_2far,price_query,20000,39,78,125,921,0,0
time,8,window128,prototype_jump_4_2far,intent_to_command,20000,97,292,686,40173,0,0
time,8,window128,prototype_jump_4_2far,intent_queued,20000,32,170,306,42391,0,0
time,8,window128,prototype_jump_4_2far,replace_report,20000,106,351,1175,41191,0,0
time,8,window128,prototype_jump_4_2far,ready_to_command,20000,152,416,1132,30914,0,0
time,8,window128,prototype_rolling_32_2far,price_query,20000,43,70,155,28098,0,0
time,8,window128,prototype_rolling_32_2far,intent_to_command,20000,147,332,1027,34969,0,0
time,8,window128,prototype_rolling_32_2far,intent_queued,20000,43,193,520,29517,0,0
time,8,window128,prototype_rolling_32_2far,replace_report,20000,148,353,1049,27147,0,0
time,8,window128,prototype_rolling_32_2far,ready_to_command,20000,178,373,1102,86074,0,0
time,8,window128,prototype_jump_32_2far,price_query,20000,43,63,135,27409,0,0
time,8,window128,prototype_jump_32_2far,intent_to_command,20000,147,332,1078,47187,0,0
time,8,window128,prototype_jump_32_2far,intent_queued,20000,43,195,886,34035,0,0
time,8,window128,prototype_jump_32_2far,replace_report,20000,152,363,1118,60089,0,0
time,8,window128,prototype_jump_32_2far,ready_to_command,20000,186,495,2356,27438,0,0
time,8,adaptive,rolling_4,price_query,20000,47,66,139,33757,0,0
time,8,adaptive,rolling_4,near_range8,20000,64,191,546,18847,0,0
time,8,adaptive,rolling_4,index_submit,20000,136,223,999,48230,0,0
time,8,adaptive,rolling_4,index_ack,20000,125,183,964,32349,0,0
time,8,adaptive,rolling_4,cross_page_submit_subset,314,139,212,220,288,0,0
time,8,adaptive,outliers_4,price_query,20000,43,68,130,29231,0,0
time,8,adaptive,outliers_4,near_range8,20000,56,202,486,35875,0,0
time,8,adaptive,outliers_4,index_submit,20000,126,254,561,45798,0,0
time,8,adaptive,outliers_4,index_ack,20000,114,206,322,74735,0,0
time,8,adaptive,outliers_4,cross_page_submit_subset,314,128,242,309,1208,0,0
time,8,adaptive,outliers_4,far_query,20000,44,71,135,38077,0,0
time,8,adaptive,boundary_4,price_query,20000,34,38,50,36313,0,0
time,8,adaptive,boundary_4,near_range8,20000,39,46,119,3838,0,0
time,8,adaptive,boundary_4,index_submit,20000,72,164,247,31576,0,0
time,8,adaptive,boundary_4,index_ack,20000,91,120,222,3692,0,0
time,8,adaptive,boundary_4,cross_page_submit_subset,5000,73,224,317,579,0,0
time,8,adaptive,jump_4,price_query,20000,33,40,58,3897,0,0
time,8,adaptive,jump_4,near_range8,20000,38,57,138,3628,0,0
time,8,adaptive,jump_4,index_submit,20000,77,137,250,34459,0,0
time,8,adaptive,jump_4,index_ack,20000,76,122,189,6745,0,0
time,8,adaptive,jump_4,cross_page_submit_subset,3746,92,155,358,34459,0,0
time,8,adaptive,jump_4,jump_submit_subset,2496,96,156,308,34459,0,0
time,8,adaptive,rolling_32,price_query,20000,35,66,102,17595,0,0
time,8,adaptive,rolling_32,near_range8,20000,52,102,237,603146,0,0
time,8,adaptive,rolling_32,index_submit,20000,71,176,375,26747,0,0
time,8,adaptive,rolling_32,index_ack,20000,61,151,480,822513,0,0
time,8,adaptive,rolling_32,cross_page_submit_subset,305,70,146,169,169,0,0
time,8,adaptive,outliers_32,price_query,20000,35,56,82,33665,0,0
time,8,adaptive,outliers_32,near_range8,20000,51,98,311,19097,0,0
time,8,adaptive,outliers_32,index_submit,20000,70,218,422,134505,0,0
time,8,adaptive,outliers_32,index_ack,20000,61,190,329,17670,0,0
time,8,adaptive,outliers_32,cross_page_submit_subset,305,70,244,268,270,0,0
time,8,adaptive,outliers_32,far_query,20000,35,51,83,24777,0,0
time,8,adaptive,boundary_32,price_query,20000,36,77,117,190834,0,0
time,8,adaptive,boundary_32,near_range8,20000,53,209,496,93130,0,0
time,8,adaptive,boundary_32,index_submit,20000,87,209,575,31117,0,0
time,8,adaptive,boundary_32,index_ack,20000,100,235,390,36728,0,0
time,8,adaptive,boundary_32,cross_page_submit_subset,625,84,169,231,31117,0,0
time,8,adaptive,jump_32,price_query,20000,36,77,193,34536,0,0
time,8,adaptive,jump_32,near_range8,20000,53,197,451,66659,0,0
time,8,adaptive,jump_32,index_submit,20000,87,273,507,42239,0,0
time,8,adaptive,jump_32,index_ack,20000,77,247,462,29187,0,0
time,8,adaptive,jump_32,cross_page_submit_subset,2652,121,374,1150,42239,0,0
time,8,adaptive,jump_32,jump_submit_subset,2496,123,378,1150,42239,0,0
time,8,adaptive,rolling_128,price_query,20000,39,86,181,5157,0,0
time,8,adaptive,rolling_128,near_range8,20000,55,181,466,6203,0,0
time,8,adaptive,rolling_128,index_submit,20000,92,223,1028,52778,0,0
time,8,adaptive,rolling_128,index_ack,20000,67,194,444,50413,0,0
time,8,adaptive,rolling_128,cross_page_submit_subset,312,92,192,220,296,0,0
time,8,adaptive,outliers_128,price_query,20000,38,100,176,22599,0,0
time,8,adaptive,outliers_128,near_range8,20000,53,221,428,25578,0,0
time,8,adaptive,outliers_128,index_submit,20000,88,334,591,47274,0,0
time,8,adaptive,outliers_128,index_ack,20000,67,226,500,20456,0,0
time,8,adaptive,outliers_128,cross_page_submit_subset,312,88,256,358,446,0,0
time,8,adaptive,outliers_128,far_query,20000,37,102,207,37623,0,0
time,8,adaptive,boundary_128,price_query,20000,40,71,105,19834,0,0
time,8,adaptive,boundary_128,near_range8,20000,53,109,220,62067,0,0
time,8,adaptive,boundary_128,index_submit,20000,91,199,397,42139,0,0
time,8,adaptive,boundary_128,index_ack,20000,106,216,479,60512,0,0
time,8,adaptive,boundary_128,cross_page_submit_subset,313,105,192,210,3267,0,0
time,8,adaptive,jump_128,price_query,20000,38,72,108,3231,0,0
time,8,adaptive,jump_128,near_range8,20000,54,101,221,26385,0,0
time,8,adaptive,jump_128,index_submit,20000,89,288,537,69617,0,0
time,8,adaptive,jump_128,index_ack,20000,66,283,392,30971,0,0
time,8,adaptive,jump_128,cross_page_submit_subset,2704,111,347,2848,69617,0,0
time,8,adaptive,jump_128,jump_submit_subset,2432,128,358,2848,69617,0,0
time,8,adaptive,4096books_4near_2far,price_query,20000,269,927,5116,225866,0,0
time,8,adaptive,new_book_growth,index_insert,20000,342,6466,28555,1630785,0,0
time,8,adaptive,new_book_growth,every64_subset,313,7656,43037,54841,67002,0,0
time,8,adaptive,cancel_rehang_4near,index_cancel,20000,49,134,255,25905,0,0
time,8,adaptive,cancel_rehang_4near,index_new,20000,96,230,581,47757,0,0
time,8,adaptive,cancel_rehang_4near,index_accepted,20000,70,264,583,37265,0,0
time,8,adaptive,cancel_rehang_4near,index_canceled,20000,60,166,287,27178,0,0
time,8,adaptive,prototype_rolling_4_2far,price_query,20000,38,56,86,314070,0,0
time,8,adaptive,prototype_rolling_4_2far,intent_to_command,20000,86,202,453,88660,0,0
time,8,adaptive,prototype_rolling_4_2far,intent_queued,20000,32,48,176,31709,0,0
time,8,adaptive,prototype_rolling_4_2far,replace_report,20000,100,231,505,20627,0,0
time,8,adaptive,prototype_rolling_4_2far,ready_to_command,20000,137,276,594,55058,0,0
time,8,adaptive,prototype_jump_4_2far,price_query,20000,56,80,129,27717,0,0
time,8,adaptive,prototype_jump_4_2far,intent_to_command,20000,161,311,642,123781,0,0
time,8,adaptive,prototype_jump_4_2far,intent_queued,20000,45,189,415,39400,0,0
time,8,adaptive,prototype_jump_4_2far,replace_report,20000,184,351,1059,41563,0,0
time,8,adaptive,prototype_jump_4_2far,ready_to_command,20000,249,403,4988,75393,0,0
time,8,adaptive,prototype_rolling_32_2far,price_query,20000,61,93,180,43195,0,0
time,8,adaptive,prototype_rolling_32_2far,intent_to_command,20000,173,330,1062,64330,0,0
time,8,adaptive,prototype_rolling_32_2far,intent_queued,20000,50,196,410,7299,0,0
time,8,adaptive,prototype_rolling_32_2far,replace_report,20000,166,344,1000,38662,0,0
time,8,adaptive,prototype_rolling_32_2far,ready_to_command,20000,210,400,835,42576,0,0
time,8,adaptive,prototype_jump_32_2far,price_query,20000,62,110,226,60356,0,0
time,8,adaptive,prototype_jump_32_2far,intent_to_command,20000,173,334,710,33047,0,0
time,8,adaptive,prototype_jump_32_2far,intent_queued,20000,50,186,433,34936,0,0
time,8,adaptive,prototype_jump_32_2far,replace_report,20000,166,342,1077,69475,0,0
time,8,adaptive,prototype_jump_32_2far,ready_to_command,20000,211,453,1182,27979,0,0
time,8,linear_prices,rolling_4,price_query,20000,41,56,109,43612,0,0
time,8,linear_prices,rolling_4,near_range8,20000,83,123,222,24353,0,0
time,8,linear_prices,rolling_4,index_submit,20000,119,169,352,69313,0,0
time,8,linear_prices,rolling_4,index_ack,20000,121,171,253,40516,0,0
time,8,linear_prices,rolling_4,cross_page_submit_subset,314,120,157,238,244,0,0
time,8,linear_prices,outliers_4,price_query,20000,27,37,48,195,0,0
time,8,linear_prices,outliers_4,near_range8,20000,52,88,144,29814,0,0
time,8,linear_prices,outliers_4,index_submit,20000,62,173,346,17612,0,0
time,8,linear_prices,outliers_4,index_ack,20000,71,116,213,45728,0,0
time,8,linear_prices,outliers_4,cross_page_submit_subset,314,62,110,130,135,0,0
time,8,linear_prices,outliers_4,far_query,20000,28,37,57,3952,0,0
time,8,linear_prices,boundary_4,price_query,20000,27,42,65,208,0,0
time,8,linear_prices,boundary_4,near_range8,20000,54,97,135,27088,0,0
time,8,linear_prices,boundary_4,index_submit,20000,63,127,273,33859,0,0
time,8,linear_prices,boundary_4,index_ack,20000,83,140,232,18262,0,0
time,8,linear_prices,boundary_4,cross_page_submit_subset,5000,61,183,326,563,0,0
time,8,linear_prices,jump_4,price_query,20000,27,34,49,3289,0,0
time,8,linear_prices,jump_4,near_range8,20000,46,77,180,8648,0,0
time,8,linear_prices,jump_4,index_submit,20000,63,98,217,9568,0,0
time,8,linear_prices,jump_4,index_ack,20000,74,111,286,25248,0,0
time,8,linear_prices,jump_4,cross_page_submit_subset,3746,69,102,283,7382,0,0
time,8,linear_prices,jump_4,jump_submit_subset,2496,70,107,272,7382,0,0
time,8,linear_prices,rolling_32,price_query,20000,33,56,68,3895,0,0
time,8,linear_prices,rolling_32,near_range8,20000,294,517,720,22389,0,0
time,8,linear_prices,rolling_32,index_submit,20000,80,130,256,17118,0,0
time,8,linear_prices,rolling_32,index_ack,20000,60,151,208,30551,0,0
time,8,linear_prices,rolling_32,cross_page_submit_subset,305,73,126,129,3948,0,0
time,8,linear_prices,outliers_32,price_query,20000,33,55,72,29994,0,0
time,8,linear_prices,outliers_32,near_range8,20000,307,529,705,29565,0,0
time,8,linear_prices,outliers_32,index_submit,20000,80,200,379,39515,0,0
time,8,linear_prices,outliers_32,index_ack,20000,60,160,249,214561,0,0
time,8,linear_prices,outliers_32,cross_page_submit_subset,305,70,236,273,279,0,0
time,8,linear_prices,outliers_32,far_query,20000,41,50,74,17812,0,0
time,8,linear_prices,boundary_32,price_query,20000,32,50,75,66928,0,0
time,8,linear_prices,boundary_32,near_range8,20000,299,354,684,30800,0,0
time,8,linear_prices,boundary_32,index_submit,20000,80,145,262,18651,0,0
time,8,linear_prices,boundary_32,index_ack,20000,85,153,256,17487,0,0
time,8,linear_prices,boundary_32,cross_page_submit_subset,625,71,98,243,3685,0,0
time,8,linear_prices,jump_32,price_query,20000,35,59,77,27907,0,0
time,8,linear_prices,jump_32,near_range8,20000,312,543,728,45950,0,0
time,8,linear_prices,jump_32,index_submit,20000,81,138,269,18725,0,0
time,8,linear_prices,jump_32,index_ack,20000,61,204,257,18465,0,0
time,8,linear_prices,jump_32,cross_page_submit_subset,2652,112,216,275,18725,0,0
time,8,linear_prices,jump_32,jump_submit_subset,2496,113,223,275,18725,0,0
time,8,linear_prices,rolling_128,price_query,20000,63,126,186,42976,0,0
time,8,linear_prices,rolling_128,near_range8,20000,1092,2585,28225,616877,0,0
time,8,linear_prices,rolling_128,index_submit,20000,105,274,576,61684,0,0
time,8,linear_prices,rolling_128,index_ack,20000,67,265,583,22943,0,0
time,8,linear_prices,rolling_128,cross_page_submit_subset,312,95,229,313,404,0,0
time,8,linear_prices,outliers_128,price_query,20000,82,133,168,37542,0,0
time,8,linear_prices,outliers_128,near_range8,20000,2420,2681,31441,96003,0,0
time,8,linear_prices,outliers_128,index_submit,20000,163,362,646,35907,0,0
time,8,linear_prices,outliers_128,index_ack,20000,124,393,693,25606,0,0
time,8,linear_prices,outliers_128,cross_page_submit_subset,312,148,346,413,429,0,0
time,8,linear_prices,outliers_128,far_query,20000,193,206,346,19426,0,0
time,8,linear_prices,boundary_128,price_query,20000,77,168,377,60527,0,0
time,8,linear_prices,boundary_128,near_range8,20000,1774,4161,35491,108504,0,0
time,8,linear_prices,boundary_128,index_submit,20000,176,588,1066,69110,0,0
time,8,linear_prices,boundary_128,index_ack,20000,194,609,1127,54516,0,0
time,8,linear_prices,boundary_128,cross_page_submit_subset,313,161,580,748,996,0,0
time,8,linear_prices,jump_128,price_query,20000,84,201,438,52501,0,0
time,8,linear_prices,jump_128,near_range8,20000,1898,3457,35898,75729,0,0
time,8,linear_prices,jump_128,index_submit,20000,174,600,1334,35942,0,0
time,8,linear_prices,jump_128,index_ack,20000,124,743,1094,46961,0,0
time,8,linear_prices,jump_128,cross_page_submit_subset,2704,382,848,1279,34165,0,0
time,8,linear_prices,jump_128,jump_submit_subset,2432,392,854,1279,34165,0,0
time,8,linear_prices,4096books_4near_2far,price_query,20000,341,900,1389,71836,0,0
time,8,linear_prices,new_book_growth,index_insert,20000,372,8016,30891,1498755,0,0
time,8,linear_prices,new_book_growth,every64_subset,313,8455,40238,63829,87676,0,0
time,8,linear_prices,cancel_rehang_4near,index_cancel,20000,91,122,389,31629,0,0
time,8,linear_prices,cancel_rehang_4near,index_new,20000,139,227,1047,82624,0,0
time,8,linear_prices,cancel_rehang_4near,index_accepted,20000,118,247,984,29388,0,0
time,8,linear_prices,cancel_rehang_4near,index_canceled,20000,128,175,1017,65670,0,0
time,8,linear_prices,prototype_rolling_4_2far,price_query,20000,54,73,88,217,0,0
time,8,linear_prices,prototype_rolling_4_2far,intent_to_command,20000,159,267,523,47259,0,0
time,8,linear_prices,prototype_rolling_4_2far,intent_queued,20000,51,159,255,26517,0,0
time,8,linear_prices,prototype_rolling_4_2far,replace_report,20000,195,318,730,34609,0,0
time,8,linear_prices,prototype_rolling_4_2far,ready_to_command,20000,210,297,520,40911,0,0
time,8,linear_prices,prototype_jump_4_2far,price_query,20000,38,58,93,5572,0,0
time,8,linear_prices,prototype_jump_4_2far,intent_to_command,20000,80,196,417,26977,0,0
time,8,linear_prices,prototype_jump_4_2far,intent_queued,20000,32,53,144,4611,0,0
time,8,linear_prices,prototype_jump_4_2far,replace_report,20000,99,241,509,34082,0,0
time,8,linear_prices,prototype_jump_4_2far,ready_to_command,20000,101,228,512,32076,0,0
time,8,linear_prices,prototype_rolling_32_2far,price_query,20000,40,58,68,179,0,0
time,8,linear_prices,prototype_rolling_32_2far,intent_to_command,20000,85,158,274,27532,0,0
time,8,linear_prices,prototype_rolling_32_2far,intent_queued,20000,32,36,49,180,0,0
time,8,linear_prices,prototype_rolling_32_2far,replace_report,20000,80,192,332,38066,0,0
time,8,linear_prices,prototype_rolling_32_2far,ready_to_command,20000,111,173,286,20224,0,0
time,8,linear_prices,prototype_jump_32_2far,price_query,20000,42,68,86,20058,0,0
time,8,linear_prices,prototype_jump_32_2far,intent_to_command,20000,88,179,311,7202,0,0
time,8,linear_prices,prototype_jump_32_2far,intent_queued,20000,32,39,56,26131,0,0
time,8,linear_prices,prototype_jump_32_2far,replace_report,20000,80,224,383,227453,0,0
time,8,linear_prices,prototype_jump_32_2far,ready_to_command,20000,113,202,334,396583,0,0
time,8,sorted_deque_soa,rolling_4,price_query,20000,36,44,62,20357,0,0
time,8,sorted_deque_soa,rolling_4,near_range8,20000,38,52,71,29485,0,0
time,8,sorted_deque_soa,rolling_4,index_submit,20000,80,189,362,35326,0,0
time,8,sorted_deque_soa,rolling_4,index_ack,20000,80,141,261,30123,0,0
time,8,sorted_deque_soa,rolling_4,cross_page_submit_subset,314,80,136,146,162,0,0
time,8,sorted_deque_soa,outliers_4,price_query,20000,37,63,106,1615019,0,0
time,8,sorted_deque_soa,outliers_4,near_range8,20000,39,68,179,277181,0,0
time,8,sorted_deque_soa,outliers_4,index_submit,20000,89,279,978,894137,0,0
time,8,sorted_deque_soa,outliers_4,index_ack,20000,82,229,988,570344,0,0
time,8,sorted_deque_soa,outliers_4,cross_page_submit_subset,314,88,244,276,19275,0,0
time,8,sorted_deque_soa,outliers_4,far_query,20000,37,77,278,26848,0,0
time,8,sorted_deque_soa,boundary_4,price_query,20000,37,57,156,58903,0,0
time,8,sorted_deque_soa,boundary_4,near_range8,20000,39,68,206,343162,0,0
time,8,sorted_deque_soa,boundary_4,index_submit,20000,85,233,546,186170,0,0
time,8,sorted_deque_soa,boundary_4,index_ack,20000,101,255,694,325494,0,0
time,8,sorted_deque_soa,boundary_4,cross_page_submit_subset,5000,82,260,543,4502,0,0
time,8,sorted_deque_soa,jump_4,price_query,20000,48,88,188,54835,0,0
time,8,sorted_deque_soa,jump_4,near_range8,20000,52,92,218,41894,0,0
time,8,sorted_deque_soa,jump_4,index_submit,20000,140,285,1004,53418,0,0
time,8,sorted_deque_soa,jump_4,index_ack,20000,126,274,471,24065,0,0
time,8,sorted_deque_soa,jump_4,cross_page_submit_subset,3746,158,329,6199,53418,0,0
time,8,sorted_deque_soa,jump_4,jump_submit_subset,2496,180,366,1555,53418,0,0
time,8,sorted_deque_soa,rolling_32,price_query,20000,73,114,281,82223,0,0
time,8,sorted_deque_soa,rolling_32,near_range8,20000,97,138,287,27695,0,0
time,8,sorted_deque_soa,rolling_32,index_submit,20000,165,301,748,43426,0,0
time,8,sorted_deque_soa,rolling_32,index_ack,20000,119,229,494,63567,0,0
time,8,sorted_deque_soa,rolling_32,cross_page_submit_subset,305,165,270,305,308,0,0
time,8,sorted_deque_soa,outliers_32,price_query,20000,67,153,382,30420,0,0
time,8,sorted_deque_soa,outliers_32,near_range8,20000,87,177,1015,37881,0,0
time,8,sorted_deque_soa,outliers_32,index_submit,20000,152,381,1244,34882,0,0
time,8,sorted_deque_soa,outliers_32,index_ack,20000,104,232,1023,34767,0,0
time,8,sorted_deque_soa,outliers_32,cross_page_submit_subset,305,147,405,578,1244,0,0
time,8,sorted_deque_soa,outliers_32,far_query,20000,67,176,541,56694,0,0
time,8,sorted_deque_soa,boundary_32,price_query,20000,59,107,222,36260,0,0
time,8,sorted_deque_soa,boundary_32,near_range8,20000,75,133,418,7837,0,0
time,8,sorted_deque_soa,boundary_32,index_submit,20000,137,312,1080,73252,0,0
time,8,sorted_deque_soa,boundary_32,index_ack,20000,131,333,1046,27573,0,0
time,8,sorted_deque_soa,boundary_32,cross_page_submit_subset,625,135,271,320,342,0,0
time,8,sorted_deque_soa,jump_32,price_query,20000,57,112,209,43285,0,0
time,8,sorted_deque_soa,jump_32,near_range8,20000,71,139,261,147183,0,0
time,8,sorted_deque_soa,jump_32,index_submit,20000,137,425,1021,42336,0,0
time,8,sorted_deque_soa,jump_32,index_ack,20000,98,314,486,42393,0,0
time,8,sorted_deque_soa,jump_32,cross_page_submit_subset,2652,257,511,1220,24127,0,0
time,8,sorted_deque_soa,jump_32,jump_submit_subset,2496,265,521,1220,24127,0,0
time,8,sorted_deque_soa,rolling_128,price_query,20000,48,90,135,48152,0,0
time,8,sorted_deque_soa,rolling_128,near_range8,20000,54,94,170,35153,0,0
time,8,sorted_deque_soa,rolling_128,index_submit,20000,138,240,1040,33654,0,0
time,8,sorted_deque_soa,rolling_128,index_ack,20000,95,193,311,27189,0,0
time,8,sorted_deque_soa,rolling_128,cross_page_submit_subset,312,138,238,334,635,0,0
time,8,sorted_deque_soa,outliers_128,price_query,20000,46,86,184,61914,0,0
time,8,sorted_deque_soa,outliers_128,near_range8,20000,59,90,234,23465,0,0
time,8,sorted_deque_soa,outliers_128,index_submit,20000,125,262,745,68062,0,0
time,8,sorted_deque_soa,outliers_128,index_ack,20000,97,205,481,57169,0,0
time,8,sorted_deque_soa,outliers_128,cross_page_submit_subset,312,127,218,272,939,0,0
time,8,sorted_deque_soa,outliers_128,far_query,20000,43,143,454,42356,0,0
time,8,sorted_deque_soa,boundary_128,price_query,20000,50,94,143,44208,0,0
time,8,sorted_deque_soa,boundary_128,near_range8,20000,48,89,169,68648,0,0
time,8,sorted_deque_soa,boundary_128,index_submit,20000,120,257,580,42644,0,0
time,8,sorted_deque_soa,boundary_128,index_ack,20000,116,250,478,33406,0,0
time,8,sorted_deque_soa,boundary_128,cross_page_submit_subset,313,123,226,238,352,0,0
time,8,sorted_deque_soa,jump_128,price_query,20000,50,97,191,35305,0,0
time,8,sorted_deque_soa,jump_128,near_range8,20000,54,108,195,57533,0,0
time,8,sorted_deque_soa,jump_128,index_submit,20000,137,416,861,38892,0,0
time,8,sorted_deque_soa,jump_128,index_ack,20000,96,360,597,52654,0,0
time,8,sorted_deque_soa,jump_128,cross_page_submit_subset,2704,183,591,2203,33253,0,0
time,8,sorted_deque_soa,jump_128,jump_submit_subset,2432,194,609,2203,33253,0,0
time,8,sorted_deque_soa,4096books_4near_2far,price_query,20000,349,1137,5342,671155,0,0
time,8,sorted_deque_soa,new_book_growth,index_insert,20000,283,4870,25113,642563,0,0
time,8,sorted_deque_soa,new_book_growth,every64_subset,313,5142,25113,44996,47094,0,0
time,8,sorted_deque_soa,cancel_rehang_4near,index_cancel,20000,50,136,264,23213,0,0
time,8,sorted_deque_soa,cancel_rehang_4near,index_new,20000,93,226,432,90400,0,0
time,8,sorted_deque_soa,cancel_rehang_4near,index_accepted,20000,73,268,597,23755,0,0
time,8,sorted_deque_soa,cancel_rehang_4near,index_canceled,20000,71,162,289,23064,0,0
time,8,sorted_deque_soa,prototype_rolling_4_2far,price_query,20000,39,59,95,29978,0,0
time,8,sorted_deque_soa,prototype_rolling_4_2far,intent_to_command,20000,93,250,470,18872,0,0
time,8,sorted_deque_soa,prototype_rolling_4_2far,intent_queued,20000,32,53,192,6296,0,0
time,8,sorted_deque_soa,prototype_rolling_4_2far,replace_report,20000,103,273,479,388374,0,0
time,8,sorted_deque_soa,prototype_rolling_4_2far,ready_to_command,20000,140,338,596,81764,0,0
time,8,sorted_deque_soa,prototype_jump_4_2far,price_query,20000,39,69,105,910,0,0
time,8,sorted_deque_soa,prototype_jump_4_2far,intent_to_command,20000,93,293,664,33290,0,0
time,8,sorted_deque_soa,prototype_jump_4_2far,intent_queued,20000,32,115,221,919,0,0
time,8,sorted_deque_soa,prototype_jump_4_2far,replace_report,20000,104,304,775,82038,0,0
time,8,sorted_deque_soa,prototype_jump_4_2far,ready_to_command,20000,141,378,1117,27378,0,0
time,8,sorted_deque_soa,prototype_rolling_32_2far,price_query,20000,49,92,185,46011,0,0
time,8,sorted_deque_soa,prototype_rolling_32_2far,intent_to_command,20000,105,302,1057,59135,0,0
time,8,sorted_deque_soa,prototype_rolling_32_2far,intent_queued,20000,33,132,350,23941,0,0
time,8,sorted_deque_soa,prototype_rolling_32_2far,replace_report,20000,82,296,645,25394,0,0
time,8,sorted_deque_soa,prototype_rolling_32_2far,ready_to_command,20000,119,400,1092,66190,0,0
time,8,sorted_deque_soa,prototype_jump_32_2far,price_query,20000,49,103,198,73211,0,0
time,8,sorted_deque_soa,prototype_jump_32_2far,intent_to_command,20000,105,285,996,355962,0,0
time,8,sorted_deque_soa,prototype_jump_32_2far,intent_queued,20000,32,65,178,22529,0,0
time,8,sorted_deque_soa,prototype_jump_32_2far,replace_report,20000,82,276,598,64189,0,0
time,8,sorted_deque_soa,prototype_jump_32_2far,ready_to_command,20000,117,384,902,43944,0,0
time,8,sorted_deque,rolling_4,price_query,20000,33,49,77,4391,0,0
time,8,sorted_deque,rolling_4,near_range8,20000,34,55,83,19360,0,0
time,8,sorted_deque,rolling_4,index_submit,20000,81,197,360,67307,0,0
time,8,sorted_deque,rolling_4,index_ack,20000,78,179,289,147602,0,0
time,8,sorted_deque,rolling_4,cross_page_submit_subset,314,80,148,187,24461,0,0
time,8,sorted_deque,outliers_4,price_query,20000,34,52,104,160323,0,0
time,8,sorted_deque,outliers_4,near_range8,20000,35,61,100,11178,0,0
time,8,sorted_deque,outliers_4,index_submit,20000,81,251,482,4436,0,0
time,8,sorted_deque,outliers_4,index_ack,20000,79,214,325,21668,0,0
time,8,sorted_deque,outliers_4,cross_page_submit_subset,314,80,191,216,251,0,0
time,8,sorted_deque,outliers_4,far_query,20000,33,66,210,57652,0,0
time,8,sorted_deque,boundary_4,price_query,20000,33,63,98,21732,0,0
time,8,sorted_deque,boundary_4,near_range8,20000,35,78,117,225524,0,0
time,8,sorted_deque,boundary_4,index_submit,20000,83,207,571,43332,0,0
time,8,sorted_deque,boundary_4,index_ack,20000,97,216,599,30685,0,0
time,8,sorted_deque,boundary_4,cross_page_submit_subset,5000,75,230,592,995,0,0
time,8,sorted_deque,jump_4,price_query,20000,33,53,83,7217,0,0
time,8,sorted_deque,jump_4,near_range8,20000,34,60,87,24223,0,0
time,8,sorted_deque,jump_4,index_submit,20000,83,199,451,42212,0,0
time,8,sorted_deque,jump_4,index_ack,20000,80,189,300,28684,0,0
time,8,sorted_deque,jump_4,cross_page_submit_subset,3746,98,225,528,5047,0,0
time,8,sorted_deque,jump_4,jump_submit_subset,2496,101,230,1025,5047,0,0
time,8,sorted_deque,rolling_32,price_query,20000,33,51,73,20723,0,0
time,8,sorted_deque,rolling_32,near_range8,20000,43,70,113,31556,0,0
time,8,sorted_deque,rolling_32,index_submit,20000,73,167,341,52369,0,0
time,8,sorted_deque,rolling_32,index_ack,20000,60,119,239,21931,0,0
time,8,sorted_deque,rolling_32,cross_page_submit_subset,305,73,162,190,287,0,0
time,8,sorted_deque,outliers_32,price_query,20000,38,71,118,948,0,0
time,8,sorted_deque,outliers_32,near_range8,20000,49,84,208,52230,0,0
time,8,sorted_deque,outliers_32,index_submit,20000,109,245,1033,58823,0,0
time,8,sorted_deque,outliers_32,index_ack,20000,89,181,981,24103,0,0
time,8,sorted_deque,outliers_32,cross_page_submit_subset,305,114,275,350,1015,0,0
time,8,sorted_deque,outliers_32,far_query,20000,36,77,210,540699,0,0
time,8,sorted_deque,boundary_32,price_query,20000,52,71,119,91290,0,0
time,8,sorted_deque,boundary_32,near_range8,20000,76,90,914,23208,0,0
time,8,sorted_deque,boundary_32,index_submit,20000,142,224,1009,45169,0,0
time,8,sorted_deque,boundary_32,index_ack,20000,141,234,1038,29561,0,0
time,8,sorted_deque,boundary_32,cross_page_submit_subset,625,144,189,235,310,0,0
time,8,sorted_deque,jump_32,price_query,20000,48,77,121,41765,0,0
time,8,sorted_deque,jump_32,near_range8,20000,68,96,142,70524,0,0
time,8,sorted_deque,jump_32,index_submit,20000,133,261,1016,39592,0,0
time,8,sorted_deque,jump_32,index_ack,20000,113,247,987,25386,0,0
time,8,sorted_deque,jump_32,cross_page_submit_subset,2652,180,342,1186,25819,0,0
time,8,sorted_deque,jump_32,jump_submit_subset,2496,181,345,1186,25819,0,0
time,8,sorted_deque,rolling_128,price_query,20000,58,97,126,38890,0,0
time,8,sorted_deque,rolling_128,near_range8,20000,78,91,166,28531,0,0
time,8,sorted_deque,rolling_128,index_submit,20000,150,240,1042,38941,0,0
time,8,sorted_deque,rolling_128,index_ack,20000,122,207,980,49985,0,0
time,8,sorted_deque,rolling_128,cross_page_submit_subset,312,150,213,287,1054,0,0
time,8,sorted_deque,outliers_128,price_query,20000,55,95,140,34291,0,0
time,8,sorted_deque,outliers_128,near_range8,20000,72,89,233,39794,0,0
time,8,sorted_deque,outliers_128,index_submit,20000,146,250,1046,90669,0,0
time,8,sorted_deque,outliers_128,index_ack,20000,117,207,507,48579,0,0
time,8,sorted_deque,outliers_128,cross_page_submit_subset,312,146,230,334,499,0,0
time,8,sorted_deque,outliers_128,far_query,20000,50,83,180,5395,0,0
time,8,sorted_deque,boundary_128,price_query,20000,43,72,124,208194,0,0
time,8,sorted_deque,boundary_128,near_range8,20000,44,81,124,23282,0,0
time,8,sorted_deque,boundary_128,index_submit,20000,92,213,393,35483,0,0
time,8,sorted_deque,boundary_128,index_ack,20000,104,203,473,108480,0,0
time,8,sorted_deque,boundary_128,cross_page_submit_subset,313,104,173,194,300,0,0
time,8,sorted_deque,jump_128,price_query,20000,37,67,86,28467,0,0
time,8,sorted_deque,jump_128,near_range8,20000,45,78,110,42593,0,0
time,8,sorted_deque,jump_128,index_submit,20000,87,256,374,36757,0,0
time,8,sorted_deque,jump_128,index_ack,20000,69,309,382,20128,0,0
time,8,sorted_deque,jump_128,cross_page_submit_subset,2704,120,304,1062,3926,0,0
time,8,sorted_deque,jump_128,jump_submit_subset,2432,139,307,1062,3926,0,0
time,8,sorted_deque,4096books_4near_2far,price_query,20000,181,742,1039,38752,0,0
time,8,sorted_deque,new_book_growth,index_insert,20000,242,4679,16203,1434168,0,0
time,8,sorted_deque,new_book_growth,every64_subset,313,5209,21931,71457,87513,0,0
time,8,sorted_deque,cancel_rehang_4near,index_cancel,20000,48,118,250,36156,0,0
time,8,sorted_deque,cancel_rehang_4near,index_new,20000,89,210,457,51258,0,0
time,8,sorted_deque,cancel_rehang_4near,index_accepted,20000,68,240,502,32727,0,0
time,8,sorted_deque,cancel_rehang_4near,index_canceled,20000,68,157,267,27160,0,0
time,8,sorted_deque,prototype_rolling_4_2far,price_query,20000,35,46,63,37537,0,0
time,8,sorted_deque,prototype_rolling_4_2far,intent_to_command,20000,89,183,345,18319,0,0
time,8,sorted_deque,prototype_rolling_4_2far,intent_queued,20000,32,44,162,17064,0,0
time,8,sorted_deque,prototype_rolling_4_2far,replace_report,20000,100,202,327,54703,0,0
time,8,sorted_deque,prototype_rolling_4_2far,ready_to_command,20000,134,241,423,27669,0,0
time,8,sorted_deque,prototype_jump_4_2far,price_query,20000,35,49,67,4489,0,0
time,8,sorted_deque,prototype_jump_4_2far,intent_to_command,20000,90,211,357,23525,0,0
time,8,sorted_deque,prototype_jump_4_2far,intent_queued,20000,32,47,132,39075,0,0
time,8,sorted_deque,prototype_jump_4_2far,replace_report,20000,100,227,384,23855,0,0
time,8,sorted_deque,prototype_jump_4_2far,ready_to_command,20000,130,262,1136,901657,0,0
time,8,sorted_deque,prototype_rolling_32_2far,price_query,20000,36,51,77,3830,0,0
time,8,sorted_deque,prototype_rolling_32_2far,intent_to_command,20000,90,165,275,45077,0,0
time,8,sorted_deque,prototype_rolling_32_2far,intent_queued,20000,32,38,54,342,0,0
time,8,sorted_deque,prototype_rolling_32_2far,replace_report,20000,80,164,304,17580,0,0
time,8,sorted_deque,prototype_rolling_32_2far,ready_to_command,20000,102,188,318,17994,0,0
time,8,sorted_deque,prototype_jump_32_2far,price_query,20000,36,58,80,20448,0,0
time,8,sorted_deque,prototype_jump_32_2far,intent_to_command,20000,90,185,304,32933,0,0
time,8,sorted_deque,prototype_jump_32_2far,intent_queued,20000,32,47,177,3787,0,0
time,8,sorted_deque,prototype_jump_32_2far,replace_report,20000,80,200,360,33192,0,0
time,8,sorted_deque,prototype_jump_32_2far,ready_to_command,20000,103,243,389,22663,0,0
time,8,pool_pages,rolling_4,price_query,20000,32,49,71,34348,0,0
time,8,pool_pages,rolling_4,near_range8,20000,39,98,206,33638,0,0
time,8,pool_pages,rolling_4,index_submit,20000,73,174,314,17420,0,0
time,8,pool_pages,rolling_4,index_ack,20000,78,162,305,23860,0,0
time,8,pool_pages,rolling_4,cross_page_submit_subset,314,78,299,456,616,0,0
time,8,pool_pages,rolling_4,page_creation_subset,78,171,456,456,616,0,0
time,8,pool_pages,outliers_4,price_query,20000,32,34,54,27176,0,0
time,8,pool_pages,outliers_4,near_range8,20000,39,53,124,17755,0,0
time,8,pool_pages,outliers_4,index_submit,20000,72,180,282,17768,0,0
time,8,pool_pages,outliers_4,index_ack,20000,78,106,189,34202,0,0
time,8,pool_pages,outliers_4,cross_page_submit_subset,314,77,286,346,410,0,0
time,8,pool_pages,outliers_4,page_creation_subset,78,182,346,346,410,0,0
time,8,pool_pages,outliers_4,far_query,20000,32,36,107,3644,0,0
time,8,pool_pages,boundary_4,price_query,20000,31,46,70,21152,0,0
time,8,pool_pages,boundary_4,near_range8,20000,44,84,152,33322,0,0
time,8,pool_pages,boundary_4,index_submit,20000,68,147,253,17674,0,0
time,8,pool_pages,boundary_4,index_ack,20000,95,171,320,256414,0,0
time,8,pool_pages,boundary_4,cross_page_submit_subset,5000,67,223,493,17674,0,0
time,8,pool_pages,jump_4,price_query,20000,31,47,74,16847,0,0
time,8,pool_pages,jump_4,near_range8,20000,40,89,297,34240,0,0
time,8,pool_pages,jump_4,index_submit,20000,75,182,308,194009,0,0
time,8,pool_pages,jump_4,index_ack,20000,80,171,357,127759,0,0
time,8,pool_pages,jump_4,cross_page_submit_subset,3746,82,236,352,194009,0,0
time,8,pool_pages,jump_4,page_creation_subset,1248,147,289,364,194009,0,0
time,8,pool_pages,jump_4,jump_submit_subset,2496,127,269,352,194009,0,0
time,8,pool_pages,rolling_32,price_query,20000,32,45,68,21173,0,0
time,8,pool_pages,rolling_32,near_range8,20000,50,87,150,17671,0,0
time,8,pool_pages,rolling_32,index_submit,20000,67,131,293,29729,0,0
time,8,pool_pages,rolling_32,index_ack,20000,61,117,266,72582,0,0
time,8,pool_pages,rolling_32,cross_page_submit_subset,305,78,393,423,507,0,0
time,8,pool_pages,rolling_32,page_creation_subset,10,384,423,423,507,0,0
time,8,pool_pages,outliers_32,price_query,20000,32,49,70,274001,0,0
time,8,pool_pages,outliers_32,near_range8,20000,51,98,162,36234,0,0
time,8,pool_pages,outliers_32,index_submit,20000,68,202,479,24279,0,0
time,8,pool_pages,outliers_32,index_ack,20000,61,124,273,29804,0,0
time,8,pool_pages,outliers_32,cross_page_submit_subset,305,79,479,620,1069,0,0
time,8,pool_pages,outliers_32,page_creation_subset,10,461,620,620,1069,0,0
time,8,pool_pages,outliers_32,far_query,20000,32,54,121,13559,0,0
time,8,pool_pages,boundary_32,price_query,20000,32,51,82,4699,0,0
time,8,pool_pages,boundary_32,near_range8,20000,53,107,172,38665,0,0
time,8,pool_pages,boundary_32,index_submit,20000,67,150,303,492416,0,0
time,8,pool_pages,boundary_32,index_ack,20000,95,187,400,98324,0,0
time,8,pool_pages,boundary_32,cross_page_submit_subset,625,68,148,994,16802,0,0
time,8,pool_pages,jump_32,price_query,20000,33,65,105,289502,0,0
time,8,pool_pages,jump_32,near_range8,20000,54,143,280,23378,0,0
time,8,pool_pages,jump_32,index_submit,20000,86,217,528,55312,0,0
time,8,pool_pages,jump_32,index_ack,20000,84,226,466,66624,0,0
time,8,pool_pages,jump_32,cross_page_submit_subset,2652,107,418,822,29655,0,0
time,8,pool_pages,jump_32,page_creation_subset,156,225,630,666,822,0,0
time,8,pool_pages,jump_32,jump_submit_subset,2496,108,426,822,29655,0,0
time,8,pool_pages,rolling_128,price_query,20000,32,51,102,936,0,0
time,8,pool_pages,rolling_128,near_range8,20000,50,109,215,24433,0,0
time,8,pool_pages,rolling_128,index_submit,20000,68,155,302,31464,0,0
time,8,pool_pages,rolling_128,index_ack,20000,67,153,353,18433,0,0
time,8,pool_pages,rolling_128,cross_page_submit_subset,312,85,177,853,4329,0,0
time,8,pool_pages,rolling_128,page_creation_subset,3,597,597,597,853,0,0
time,8,pool_pages,outliers_128,price_query,20000,32,47,63,18804,0,0
time,8,pool_pages,outliers_128,near_range8,20000,51,92,134,17446,0,0
time,8,pool_pages,outliers_128,index_submit,20000,69,167,275,29588,0,0
time,8,pool_pages,outliers_128,index_ack,20000,67,124,251,11495,0,0
time,8,pool_pages,outliers_128,cross_page_submit_subset,312,85,211,510,529,0,0
time,8,pool_pages,outliers_128,page_creation_subset,3,510,510,510,529,0,0
time,8,pool_pages,outliers_128,far_query,20000,32,54,121,33012,0,0
time,8,pool_pages,boundary_128,price_query,20000,32,34,58,33139,0,0
time,8,pool_pages,boundary_128,near_range8,20000,53,67,122,18336,0,0
time,8,pool_pages,boundary_128,index_submit,20000,68,105,232,20418,0,0
time,8,pool_pages,boundary_128,index_ack,20000,95,134,272,18510,0,0
time,8,pool_pages,boundary_128,cross_page_submit_subset,313,73,107,114,116,0,0
time,8,pool_pages,jump_128,price_query,20000,32,47,90,132896,0,0
time,8,pool_pages,jump_128,near_range8,20000,51,112,279,47737,0,0
time,8,pool_pages,jump_128,index_submit,20000,69,193,463,18805,0,0
time,8,pool_pages,jump_128,index_ack,20000,68,211,537,24042,0,0
time,8,pool_pages,jump_128,cross_page_submit_subset,2704,80,307,479,18805,0,0
time,8,pool_pages,jump_128,page_creation_subset,77,243,479,479,1297,0,0
time,8,pool_pages,jump_128,jump_submit_subset,2432,80,263,463,18805,0,0
time,8,pool_pages,4096books_4near_2far,price_query,20000,350,1210,2390,114643,0,0
time,8,pool_pages,new_book_growth,index_insert,20000,367,15962,52588,500299,0,0
time,8,pool_pages,new_book_growth,page_block_growth_subset,313,16523,79045,95892,133973,0,0
time,8,pool_pages,new_book_growth,every64_subset,313,16523,79045,95892,133973,0,0
time,8,pool_pages,cancel_rehang_4near,index_cancel,20000,49,133,282,3866,0,0
time,8,pool_pages,cancel_rehang_4near,index_new,20000,146,280,494,24626,0,0
time,8,pool_pages,cancel_rehang_4near,index_accepted,20000,72,263,609,58946,0,0
time,8,pool_pages,cancel_rehang_4near,index_canceled,20000,101,217,399,18463,0,0
time,8,pool_pages,prototype_rolling_4_2far,price_query,20000,37,72,155,38575,0,0
time,8,pool_pages,prototype_rolling_4_2far,intent_to_command,20000,86,295,738,132444,0,0
time,8,pool_pages,prototype_rolling_4_2far,intent_queued,20000,33,163,281,41207,0,0
time,8,pool_pages,prototype_rolling_4_2far,replace_report,20000,104,374,1193,783694,0,0
time,8,pool_pages,prototype_rolling_4_2far,ready_to_command,20000,132,373,1174,102565,0,0
time,8,pool_pages,prototype_jump_4_2far,price_query,20000,35,53,78,144,0,0
time,8,pool_pages,prototype_jump_4_2far,intent_to_command,20000,84,221,429,38069,0,0
time,8,pool_pages,prototype_jump_4_2far,intent_queued,20000,32,46,68,16681,0,0
time,8,pool_pages,prototype_jump_4_2far,replace_report,20000,100,257,538,133864,0,0
time,8,pool_pages,prototype_jump_4_2far,ready_to_command,20000,115,258,556,215263,0,0
time,8,pool_pages,prototype_rolling_32_2far,price_query,20000,36,60,109,21292,0,0
time,8,pool_pages,prototype_rolling_32_2far,intent_to_command,20000,85,228,443,30605,0,0
time,8,pool_pages,prototype_rolling_32_2far,intent_queued,20000,32,50,171,20952,0,0
time,8,pool_pages,prototype_rolling_32_2far,replace_report,20000,81,233,487,4427,0,0
time,8,pool_pages,prototype_rolling_32_2far,ready_to_command,20000,99,263,556,31432,0,0
time,8,pool_pages,prototype_jump_32_2far,price_query,20000,36,71,178,66035,0,0
time,8,pool_pages,prototype_jump_32_2far,intent_to_command,20000,85,258,618,216094,0,0
time,8,pool_pages,prototype_jump_32_2far,intent_queued,20000,32,59,200,586,0,0
time,8,pool_pages,prototype_jump_32_2far,replace_report,20000,82,275,781,499172,0,0
time,8,pool_pages,prototype_jump_32_2far,ready_to_command,20000,101,289,676,1734648,0,0
time,9,pool_pages,rolling_4,price_query,20000,49,64,118,31798,0,0
time,9,pool_pages,rolling_4,near_range8,20000,73,196,543,33299,0,0
time,9,pool_pages,rolling_4,index_submit,20000,141,204,576,54240,0,0
time,9,pool_pages,rolling_4,index_ack,20000,129,200,501,100581,0,0
time,9,pool_pages,rolling_4,cross_page_submit_subset,314,146,683,979,1260,0,0
time,9,pool_pages,rolling_4,page_creation_subset,78,313,979,979,1260,0,0
time,9,pool_pages,outliers_4,price_query,20000,50,64,153,66555,0,0
time,9,pool_pages,outliers_4,near_range8,20000,75,188,465,30564,0,0
time,9,pool_pages,outliers_4,index_submit,20000,144,204,520,32286,0,0
time,9,pool_pages,outliers_4,index_ack,20000,131,206,395,49575,0,0
time,9,pool_pages,outliers_4,cross_page_submit_subset,314,149,520,634,1211,0,0
time,9,pool_pages,outliers_4,page_creation_subset,78,315,634,634,1211,0,0
time,9,pool_pages,outliers_4,far_query,20000,53,66,153,5178,0,0
time,9,pool_pages,boundary_4,price_query,20000,48,63,126,189433,0,0
time,9,pool_pages,boundary_4,near_range8,20000,86,186,435,45935,0,0
time,9,pool_pages,boundary_4,index_submit,20000,143,198,289,100874,0,0
time,9,pool_pages,boundary_4,index_ack,20000,161,280,522,491573,0,0
time,9,pool_pages,boundary_4,cross_page_submit_subset,5000,140,176,255,1073,0,0
time,9,pool_pages,jump_4,price_query,20000,49,103,282,32316,0,0
time,9,pool_pages,jump_4,near_range8,20000,74,190,489,51894,0,0
time,9,pool_pages,jump_4,index_submit,20000,145,297,596,33957,0,0
time,9,pool_pages,jump_4,index_ack,20000,136,299,475,51442,0,0
time,9,pool_pages,jump_4,cross_page_submit_subset,3746,172,456,775,33957,0,0
time,9,pool_pages,jump_4,page_creation_subset,1248,272,596,775,33957,0,0
time,9,pool_pages,jump_4,jump_submit_subset,2496,194,484,733,33957,0,0
time,9,pool_pages,rolling_32,price_query,20000,48,62,112,80958,0,0
time,9,pool_pages,rolling_32,near_range8,20000,95,213,508,54245,0,0
time,9,pool_pages,rolling_32,index_submit,20000,135,195,707,32384,0,0
time,9,pool_pages,rolling_32,index_ack,20000,121,186,659,51526,0,0
time,9,pool_pages,rolling_32,cross_page_submit_subset,305,145,1129,1288,1444,0,0
time,9,pool_pages,rolling_32,page_creation_subset,10,1060,1288,1288,1444,0,0
time,9,pool_pages,outliers_32,price_query,20000,50,63,107,34033,0,0
time,9,pool_pages,outliers_32,near_range8,20000,97,216,481,87714,0,0
time,9,pool_pages,outliers_32,index_submit,20000,139,194,474,35201,0,0
time,9,pool_pages,outliers_32,index_ack,20000,124,194,361,55998,0,0
time,9,pool_pages,outliers_32,cross_page_submit_subset,305,149,979,1541,30456,0,0
time,9,pool_pages,outliers_32,page_creation_subset,10,812,1462,1462,1541,0,0
time,9,pool_pages,outliers_32,far_query,20000,53,67,153,6438,0,0
time,9,pool_pages,boundary_32,price_query,20000,49,62,138,31128,0,0
time,9,pool_pages,boundary_32,near_range8,20000,103,212,501,31497,0,0
time,9,pool_pages,boundary_32,index_submit,20000,139,192,366,91180,0,0
time,9,pool_pages,boundary_32,index_ack,20000,139,259,494,29295,0,0
time,9,pool_pages,boundary_32,cross_page_submit_subset,625,139,170,214,225,0,0
time,9,pool_pages,jump_32,price_query,20000,49,64,200,95878,0,0
time,9,pool_pages,jump_32,near_range8,20000,96,210,490,111537,0,0
time,9,pool_pages,jump_32,index_submit,20000,139,220,561,57700,0,0
time,9,pool_pages,jump_32,index_ack,20000,125,254,495,48798,0,0
time,9,pool_pages,jump_32,cross_page_submit_subset,2652,170,373,897,50508,0,0
time,9,pool_pages,jump_32,page_creation_subset,156,294,1158,1370,50508,0,0
time,9,pool_pages,jump_32,jump_submit_subset,2496,171,380,897,50508,0,0
time,9,pool_pages,rolling_128,price_query,20000,49,64,111,30746,0,0
time,9,pool_pages,rolling_128,near_range8,20000,96,214,512,35287,0,0
time,9,pool_pages,rolling_128,index_submit,20000,137,197,390,50390,0,0
time,9,pool_pages,rolling_128,index_ack,20000,123,181,338,83432,0,0
time,9,pool_pages,rolling_128,cross_page_submit_subset,312,151,221,2462,2781,0,0
time,9,pool_pages,rolling_128,page_creation_subset,3,2462,2462,2462,2781,0,0
time,9,pool_pages,outliers_128,price_query,20000,50,65,152,53597,0,0
time,9,pool_pages,outliers_128,near_range8,20000,97,215,511,48380,0,0
time,9,pool_pages,outliers_128,index_submit,20000,139,189,415,50944,0,0
time,9,pool_pages,outliers_128,index_ack,20000,123,188,437,51517,0,0
time,9,pool_pages,outliers_128,cross_page_submit_subset,312,151,250,3570,3814,0,0
time,9,pool_pages,outliers_128,page_creation_subset,3,3570,3570,3570,3814,0,0
time,9,pool_pages,outliers_128,far_query,20000,54,66,115,33876,0,0
time,9,pool_pages,boundary_128,price_query,20000,50,65,113,33905,0,0
time,9,pool_pages,boundary_128,near_range8,20000,103,211,496,52490,0,0
time,9,pool_pages,boundary_128,index_submit,20000,139,182,409,83558,0,0
time,9,pool_pages,boundary_128,index_ack,20000,136,219,428,33518,0,0
time,9,pool_pages,boundary_128,cross_page_submit_subset,313,144,184,200,253,0,0
time,9,pool_pages,jump_128,price_query,20000,49,68,145,6283,0,0
time,9,pool_pages,jump_128,near_range8,20000,96,213,508,32814,0,0
time,9,pool_pages,jump_128,index_submit,20000,138,213,720,78298,0,0
time,9,pool_pages,jump_128,index_ack,20000,124,238,563,48175,0,0
time,9,pool_pages,jump_128,cross_page_submit_subset,2704,171,440,1542,6977,0,0
time,9,pool_pages,jump_128,page_creation_subset,77,363,1243,1243,1542,0,0
time,9,pool_pages,jump_128,jump_submit_subset,2432,172,400,1542,6977,0,0
time,9,pool_pages,4096books_4near_2far,price_query,20000,469,1416,6252,121745,0,0
time,9,pool_pages,new_book_growth,index_insert,20000,500,18477,38706,813228,0,0
time,9,pool_pages,new_book_growth,page_block_growth_subset,313,18661,68231,87484,92179,0,0
time,9,pool_pages,new_book_growth,every64_subset,313,18661,68231,87484,92179,0,0
time,9,pool_pages,cancel_rehang_4near,index_cancel,20000,85,130,930,26545,0,0
time,9,pool_pages,cancel_rehang_4near,index_new,20000,168,403,1226,182225,0,0
time,9,pool_pages,cancel_rehang_4near,index_accepted,20000,125,276,1023,57308,0,0
time,9,pool_pages,cancel_rehang_4near,index_canceled,20000,137,346,1198,33250,0,0
time,9,pool_pages,prototype_rolling_4_2far,price_query,20000,58,74,94,5179,0,0
time,9,pool_pages,prototype_rolling_4_2far,intent_to_command,20000,167,292,573,36559,0,0
time,9,pool_pages,prototype_rolling_4_2far,intent_queued,20000,51,129,222,23627,0,0
time,9,pool_pages,prototype_rolling_4_2far,replace_report,20000,203,345,1014,39597,0,0
time,9,pool_pages,prototype_rolling_4_2far,ready_to_command,20000,229,370,663,43438,0,0
time,9,pool_pages,prototype_jump_4_2far,price_query,20000,58,76,99,24149,0,0
time,9,pool_pages,prototype_jump_4_2far,intent_to_command,20000,167,319,490,24318,0,0
time,9,pool_pages,prototype_jump_4_2far,intent_queued,20000,51,120,229,24368,0,0
time,9,pool_pages,prototype_jump_4_2far,replace_report,20000,203,356,609,42713,0,0
time,9,pool_pages,prototype_jump_4_2far,ready_to_command,20000,229,366,664,38487,0,0
time,9,pool_pages,prototype_rolling_32_2far,price_query,20000,58,72,94,24593,0,0
time,9,pool_pages,prototype_rolling_32_2far,intent_to_command,20000,167,275,539,28641,0,0
time,9,pool_pages,prototype_rolling_32_2far,intent_queued,20000,50,117,203,55839,0,0
time,9,pool_pages,prototype_rolling_32_2far,replace_report,20000,163,283,644,60696,0,0
time,9,pool_pages,prototype_rolling_32_2far,ready_to_command,20000,200,314,591,27857,0,0
time,9,pool_pages,prototype_jump_32_2far,price_query,20000,36,58,91,4163,0,0
time,9,pool_pages,prototype_jump_32_2far,intent_to_command,20000,85,216,350,17079,0,0
time,9,pool_pages,prototype_jump_32_2far,intent_queued,20000,32,48,112,18277,0,0
time,9,pool_pages,prototype_jump_32_2far,replace_report,20000,85,223,425,40686,0,0
time,9,pool_pages,prototype_jump_32_2far,ready_to_command,20000,100,237,389,42427,0,0
time,9,absl_btree,rolling_4,price_query,20000,28,46,72,935,0,0
time,9,absl_btree,rolling_4,near_range8,20000,33,63,116,24119,0,0
time,9,absl_btree,rolling_4,index_submit,20000,73,188,316,34387,0,0
time,9,absl_btree,rolling_4,index_ack,20000,81,203,304,55181,0,0
time,9,absl_btree,rolling_4,cross_page_submit_subset,314,73,170,225,274,0,0
time,9,absl_btree,outliers_4,price_query,20000,28,32,65,26315,0,0
time,9,absl_btree,outliers_4,near_range8,20000,33,38,74,17501,0,0
time,9,absl_btree,outliers_4,index_submit,20000,71,220,433,17877,0,0
time,9,absl_btree,outliers_4,index_ack,20000,80,138,320,122136,0,0
time,9,absl_btree,outliers_4,cross_page_submit_subset,314,71,121,161,234,0,0
time,9,absl_btree,outliers_4,far_query,20000,27,29,56,4546,0,0
time,9,absl_btree,boundary_4,price_query,20000,28,45,70,32986,0,0
time,9,absl_btree,boundary_4,near_range8,20000,35,62,164,32375,0,0
time,9,absl_btree,boundary_4,index_submit,20000,72,163,304,27057,0,0
time,9,absl_btree,boundary_4,index_ack,20000,107,213,332,20881,0,0
time,9,absl_btree,boundary_4,cross_page_submit_subset,5000,70,187,391,643,0,0
time,9,absl_btree,jump_4,price_query,20000,28,46,71,29184,0,0
time,9,absl_btree,jump_4,near_range8,20000,33,63,135,16302,0,0
time,9,absl_btree,jump_4,index_submit,20000,73,173,285,35053,0,0
time,9,absl_btree,jump_4,index_ack,20000,82,212,362,27637,0,0
time,9,absl_btree,jump_4,cross_page_submit_subset,3746,93,183,300,35053,0,0
time,9,absl_btree,jump_4,jump_submit_subset,2496,96,181,296,35053,0,0
time,9,absl_btree,rolling_32,price_query,20000,46,76,188,32490,0,0
time,9,absl_btree,rolling_32,near_range8,20000,86,179,485,72150,0,0
time,9,absl_btree,rolling_32,index_submit,20000,133,272,567,54140,0,0
time,9,absl_btree,rolling_32,index_ack,20000,109,293,701,269581,0,0
time,9,absl_btree,rolling_32,cross_page_submit_subset,305,137,241,314,367,0,0
time,9,absl_btree,outliers_32,price_query,20000,50,78,152,5875,0,0
time,9,absl_btree,outliers_32,near_range8,20000,101,196,494,88897,0,0
time,9,absl_btree,outliers_32,index_submit,20000,147,290,717,57916,0,0
time,9,absl_btree,outliers_32,index_ack,20000,122,302,495,35291,0,0
time,9,absl_btree,outliers_32,cross_page_submit_subset,305,146,282,302,544,0,0
time,9,absl_btree,outliers_32,far_query,20000,57,74,178,63003,0,0
time,9,absl_btree,boundary_32,price_query,20000,50,70,163,54977,0,0
time,9,absl_btree,boundary_32,near_range8,20000,95,194,445,33277,0,0
time,9,absl_btree,boundary_32,index_submit,20000,140,274,417,31484,0,0
time,9,absl_btree,boundary_32,index_ack,20000,160,338,561,33868,0,0
time,9,absl_btree,boundary_32,cross_page_submit_subset,625,139,170,199,228,0,0
time,9,absl_btree,jump_32,price_query,20000,50,82,162,29978,0,0
time,9,absl_btree,jump_32,near_range8,20000,99,194,495,53995,0,0
time,9,absl_btree,jump_32,index_submit,20000,148,313,536,34279,0,0
time,9,absl_btree,jump_32,index_ack,20000,122,393,599,35754,0,0
time,9,absl_btree,jump_32,cross_page_submit_subset,2652,231,425,881,17352,0,0
time,9,absl_btree,jump_32,jump_submit_subset,2496,235,428,881,17352,0,0
time,9,absl_btree,rolling_128,price_query,20000,57,95,135,38360,0,0
time,9,absl_btree,rolling_128,near_range8,20000,101,191,526,54317,0,0
time,9,absl_btree,rolling_128,index_submit,20000,159,260,808,56717,0,0
time,9,absl_btree,rolling_128,index_ack,20000,121,250,815,72920,0,0
time,9,absl_btree,rolling_128,cross_page_submit_subset,312,159,242,355,373,0,0
time,9,absl_btree,outliers_128,price_query,20000,56,96,200,54040,0,0
time,9,absl_btree,outliers_128,near_range8,20000,103,192,529,28331,0,0
time,9,absl_btree,outliers_128,index_submit,20000,160,268,597,34965,0,0
time,9,absl_btree,outliers_128,index_ack,20000,122,254,938,59022,0,0
time,9,absl_btree,outliers_128,cross_page_submit_subset,312,160,246,549,32532,0,0
time,9,absl_btree,outliers_128,far_query,20000,64,80,146,34591,0,0
time,9,absl_btree,boundary_128,price_query,20000,55,82,154,35475,0,0
time,9,absl_btree,boundary_128,near_range8,20000,99,188,478,36906,0,0
time,9,absl_btree,boundary_128,index_submit,20000,152,227,568,73950,0,0
time,9,absl_btree,boundary_128,index_ack,20000,195,368,803,33545,0,0
time,9,absl_btree,boundary_128,cross_page_submit_subset,313,152,206,229,244,0,0
time,9,absl_btree,jump_128,price_query,20000,59,100,175,6507,0,0
time,9,absl_btree,jump_128,near_range8,20000,101,187,493,35002,0,0
time,9,absl_btree,jump_128,index_submit,20000,162,385,912,59020,0,0
time,9,absl_btree,jump_128,index_ack,20000,122,493,836,47197,0,0
time,9,absl_btree,jump_128,cross_page_submit_subset,2704,262,675,1613,3812,0,0
time,9,absl_btree,jump_128,jump_submit_subset,2432,266,696,1613,3812,0,0
time,9,absl_btree,4096books_4near_2far,price_query,20000,310,992,1610,77336,0,0
time,9,absl_btree,new_book_growth,index_insert,20000,430,5746,15044,635270,0,0
time,9,absl_btree,new_book_growth,every64_subset,313,5802,11446,44413,64897,0,0
time,9,absl_btree,cancel_rehang_4near,index_cancel,20000,95,114,188,49471,0,0
time,9,absl_btree,cancel_rehang_4near,index_new,20000,182,285,545,33314,0,0
time,9,absl_btree,cancel_rehang_4near,index_accepted,20000,132,247,463,32216,0,0
time,9,absl_btree,cancel_rehang_4near,index_canceled,20000,197,238,534,84991,0,0
time,9,absl_btree,prototype_rolling_4_2far,price_query,20000,49,63,108,31948,0,0
time,9,absl_btree,prototype_rolling_4_2far,intent_to_command,20000,171,347,673,53746,0,0
time,9,absl_btree,prototype_rolling_4_2far,intent_queued,20000,50,208,528,935,0,0
time,9,absl_btree,prototype_rolling_4_2far,replace_report,20000,263,451,909,53276,0,0
time,9,absl_btree,prototype_rolling_4_2far,ready_to_command,20000,257,444,1320,82374,0,0
time,9,absl_btree,prototype_jump_4_2far,price_query,20000,49,69,131,52290,0,0
time,9,absl_btree,prototype_jump_4_2far,intent_to_command,20000,173,354,677,34167,0,0
time,9,absl_btree,prototype_jump_4_2far,intent_queued,20000,50,205,499,30489,0,0
time,9,absl_btree,prototype_jump_4_2far,replace_report,20000,263,468,908,57837,0,0
time,9,absl_btree,prototype_jump_4_2far,ready_to_command,20000,259,435,910,37480,0,0
time,9,absl_btree,prototype_rolling_32_2far,price_query,20000,56,93,161,35586,0,0
time,9,absl_btree,prototype_rolling_32_2far,intent_to_command,20000,176,336,655,54109,0,0
time,9,absl_btree,prototype_rolling_32_2far,intent_queued,20000,50,187,474,32673,0,0
time,9,absl_btree,prototype_rolling_32_2far,replace_report,20000,168,486,843,54037,0,0
time,9,absl_btree,prototype_rolling_32_2far,ready_to_command,20000,215,454,838,55904,0,0
time,9,absl_btree,prototype_jump_32_2far,price_query,20000,60,97,147,50866,0,0
time,9,absl_btree,prototype_jump_32_2far,intent_to_command,20000,178,345,652,94038,0,0
time,9,absl_btree,prototype_jump_32_2far,intent_queued,20000,50,192,509,33359,0,0
time,9,absl_btree,prototype_jump_32_2far,replace_report,20000,172,506,907,52221,0,0
time,9,absl_btree,prototype_jump_32_2far,ready_to_command,20000,221,476,1121,56206,0,0
time,9,window128,rolling_4,price_query,20000,54,68,151,18101,0,0
time,9,window128,rolling_4,near_range8,20000,70,195,491,28313,0,0
time,9,window128,rolling_4,index_submit,20000,150,239,411,52857,0,0
time,9,window128,rolling_4,index_ack,20000,133,195,324,37838,0,0
time,9,window128,rolling_4,cross_page_submit_subset,314,153,249,278,349,0,0
time,9,window128,outliers_4,price_query,20000,56,70,189,31321,0,0
time,9,window128,outliers_4,near_range8,20000,74,202,532,54120,0,0
time,9,window128,outliers_4,index_submit,20000,153,267,533,34374,0,0
time,9,window128,outliers_4,index_ack,20000,132,202,372,35604,0,0
time,9,window128,outliers_4,cross_page_submit_subset,314,152,261,267,274,0,0
time,9,window128,outliers_4,far_query,20000,54,68,150,57082,0,0
time,9,window128,boundary_4,price_query,20000,54,68,187,57783,0,0
time,9,window128,boundary_4,near_range8,20000,75,195,463,6259,0,0
time,9,window128,boundary_4,index_submit,20000,148,221,378,48113,0,0
time,9,window128,boundary_4,index_ack,20000,158,215,320,52497,0,0
time,9,window128,boundary_4,cross_page_submit_subset,5000,145,179,345,7109,0,0
time,9,window128,jump_4,price_query,20000,54,167,482,57179,0,0
time,9,window128,jump_4,near_range8,20000,70,202,462,5817,0,0
time,9,window128,jump_4,index_submit,20000,152,248,468,31796,0,0
time,9,window128,jump_4,index_ack,20000,136,226,292,32991,0,0
time,9,window128,jump_4,cross_page_submit_subset,3746,187,268,416,31796,0,0
time,9,window128,jump_4,jump_submit_subset,2496,209,276,416,715,0,0
time,9,window128,rolling_32,price_query,20000,44,59,159,56367,0,0
time,9,window128,rolling_32,near_range8,20000,120,243,536,33010,0,0
time,9,window128,rolling_32,index_submit,20000,135,180,397,57321,0,0
time,9,window128,rolling_32,index_ack,20000,122,175,369,35181,0,0
time,9,window128,rolling_32,cross_page_submit_subset,305,135,175,200,250,0,0
time,9,window128,outliers_32,price_query,20000,44,60,190,37319,0,0
time,9,window128,outliers_32,near_range8,20000,122,253,608,8380,0,0
time,9,window128,outliers_32,index_submit,20000,135,189,1787,37892,0,0
time,9,window128,outliers_32,index_ack,20000,122,180,353,75431,0,0
time,9,window128,outliers_32,cross_page_submit_subset,305,135,186,277,1010,0,0
time,9,window128,outliers_32,far_query,20000,51,65,161,32543,0,0
time,9,window128,boundary_32,price_query,20000,44,58,150,32535,0,0
time,9,window128,boundary_32,near_range8,20000,120,247,550,53886,0,0
time,9,window128,boundary_32,index_submit,20000,135,175,351,46628,0,0
time,9,window128,boundary_32,index_ack,20000,130,202,306,33090,0,0
time,9,window128,boundary_32,cross_page_submit_subset,625,134,157,220,923,0,0
time,9,window128,jump_32,price_query,20000,44,151,298,3605,0,0
time,9,window128,jump_32,near_range8,20000,118,242,587,49034,0,0
time,9,window128,jump_32,index_submit,20000,136,256,2122,70666,0,0
time,9,window128,jump_32,index_ack,20000,123,243,422,36586,0,0
time,9,window128,jump_32,cross_page_submit_subset,2652,200,317,5710,70666,0,0
time,9,window128,jump_32,jump_submit_subset,2496,202,320,5710,70666,0,0
time,9,window128,rolling_128,price_query,20000,44,76,120,6318,0,0
time,9,window128,rolling_128,near_range8,20000,113,257,562,49906,0,0
time,9,window128,rolling_128,index_submit,20000,135,196,570,55548,0,0
time,9,window128,rolling_128,index_ack,20000,122,189,327,37269,0,0
time,9,window128,rolling_128,cross_page_submit_subset,312,137,195,5678,27749,0,0
time,9,window128,outliers_128,price_query,20000,45,78,155,35315,0,0
time,9,window128,outliers_128,near_range8,20000,114,269,604,84101,0,0
time,9,window128,outliers_128,index_submit,20000,137,199,992,8313,0,0
time,9,window128,outliers_128,index_ack,20000,122,200,420,34880,0,0
time,9,window128,outliers_128,cross_page_submit_subset,312,138,202,289,657,0,0
time,9,window128,outliers_128,far_query,20000,55,71,196,33597,0,0
time,9,window128,boundary_128,price_query,20000,45,73,176,35471,0,0
time,9,window128,boundary_128,near_range8,20000,122,250,613,32496,0,0
time,9,window128,boundary_128,index_submit,20000,136,276,5276,60165,0,0
time,9,window128,boundary_128,index_ack,20000,130,237,456,34951,0,0
time,9,window128,boundary_128,cross_page_submit_subset,313,136,177,229,291,0,0
time,9,window128,jump_128,price_query,20000,54,116,230,73641,0,0
time,9,window128,jump_128,near_range8,20000,114,257,630,56394,0,0
time,9,window128,jump_128,index_submit,20000,148,397,6795,57162,0,0
time,9,window128,jump_128,index_ack,20000,123,356,549,56721,0,0
time,9,window128,jump_128,cross_page_submit_subset,2704,224,496,1916,7246,0,0
time,9,window128,jump_128,jump_submit_subset,2432,233,510,1916,7246,0,0
time,9,window128,4096books_4near_2far,price_query,20000,382,1042,6397,59707,0,0
time,9,window128,new_book_growth,index_insert,20000,477,6598,35545,652505,0,0
time,9,window128,new_book_growth,every64_subset,313,6435,29100,44919,53964,0,0
time,9,window128,cancel_rehang_4near,index_cancel,20000,94,114,158,75937,0,0
time,9,window128,cancel_rehang_4near,index_new,20000,187,278,776,36832,0,0
time,9,window128,cancel_rehang_4near,index_accepted,20000,126,288,747,48700,0,0
time,9,window128,cancel_rehang_4near,index_canceled,20000,133,162,347,48673,0,0
time,9,window128,prototype_rolling_4_2far,price_query,20000,61,74,128,5702,0,0
time,9,window128,prototype_rolling_4_2far,intent_to_command,20000,181,351,737,46966,0,0
time,9,window128,prototype_rolling_4_2far,intent_queued,20000,50,197,499,5596,0,0
time,9,window128,prototype_rolling_4_2far,replace_report,20000,205,378,874,79188,0,0
time,9,window128,prototype_rolling_4_2far,ready_to_command,20000,286,466,1437,49711,0,0
time,9,window128,prototype_jump_4_2far,price_query,20000,61,75,140,51327,0,0
time,9,window128,prototype_jump_4_2far,intent_to_command,20000,181,358,723,76058,0,0
time,9,window128,prototype_jump_4_2far,intent_queued,20000,50,201,462,56517,0,0
time,9,window128,prototype_jump_4_2far,replace_report,20000,205,402,877,31702,0,0
time,9,window128,prototype_jump_4_2far,ready_to_command,20000,286,483,1232,69431,0,0
time,9,window128,prototype_rolling_32_2far,price_query,20000,48,63,102,50648,0,0
time,9,window128,prototype_rolling_32_2far,intent_to_command,20000,169,328,755,53681,0,0
time,9,window128,prototype_rolling_32_2far,intent_queued,20000,50,195,524,50435,0,0
time,9,window128,prototype_rolling_32_2far,replace_report,20000,168,351,706,32298,0,0
time,9,window128,prototype_rolling_32_2far,ready_to_command,20000,205,381,734,34630,0,0
time,9,window128,prototype_jump_32_2far,price_query,20000,48,66,137,28933,0,0
time,9,window128,prototype_jump_32_2far,intent_to_command,20000,170,356,719,35123,0,0
time,9,window128,prototype_jump_32_2far,intent_queued,20000,50,202,472,16873,0,0
time,9,window128,prototype_jump_32_2far,replace_report,20000,170,367,718,32923,0,0
time,9,window128,prototype_jump_32_2far,ready_to_command,20000,208,504,2555,56938,0,0
time,9,adaptive,rolling_4,price_query,20000,50,64,200,52270,0,0
time,9,adaptive,rolling_4,near_range8,20000,67,204,484,56440,0,0
time,9,adaptive,rolling_4,index_submit,20000,145,222,359,33923,0,0
time,9,adaptive,rolling_4,index_ack,20000,131,180,297,33671,0,0
time,9,adaptive,rolling_4,cross_page_submit_subset,314,144,221,227,744,0,0
time,9,adaptive,outliers_4,price_query,20000,53,67,152,938,0,0
time,9,adaptive,outliers_4,near_range8,20000,69,210,526,33418,0,0
time,9,adaptive,outliers_4,index_submit,20000,147,255,459,50203,0,0
time,9,adaptive,outliers_4,index_ack,20000,130,189,340,36274,0,0
time,9,adaptive,outliers_4,cross_page_submit_subset,314,148,255,272,377,0,0
time,9,adaptive,outliers_4,far_query,20000,54,67,153,36305,0,0
time,9,adaptive,boundary_4,price_query,20000,51,64,182,30819,0,0
time,9,adaptive,boundary_4,near_range8,20000,70,202,532,36443,0,0
time,9,adaptive,boundary_4,index_submit,20000,144,201,389,30295,0,0
time,9,adaptive,boundary_4,index_ack,20000,154,202,287,33048,0,0
time,9,adaptive,boundary_4,cross_page_submit_subset,5000,140,173,370,30295,0,0
time,9,adaptive,jump_4,price_query,20000,54,148,325,6468,0,0
time,9,adaptive,jump_4,near_range8,20000,70,214,543,5990,0,0
time,9,adaptive,jump_4,index_submit,20000,148,376,579,37319,0,0
time,9,adaptive,jump_4,index_ack,20000,138,345,544,46206,0,0
time,9,adaptive,jump_4,cross_page_submit_subset,3746,168,459,659,33154,0,0
time,9,adaptive,jump_4,jump_submit_subset,2496,194,502,753,33154,0,0
time,9,adaptive,rolling_32,price_query,20000,52,123,205,33455,0,0
time,9,adaptive,rolling_32,near_range8,20000,90,243,502,34232,0,0
time,9,adaptive,rolling_32,index_submit,20000,146,328,554,56326,0,0
time,9,adaptive,rolling_32,index_ack,20000,126,308,504,66143,0,0
time,9,adaptive,rolling_32,cross_page_submit_subset,305,145,337,400,56326,0,0
time,9,adaptive,outliers_32,price_query,20000,50,85,159,29451,0,0
time,9,adaptive,outliers_32,near_range8,20000,85,264,597,66061,0,0
time,9,adaptive,outliers_32,index_submit,20000,144,400,641,34258,0,0
time,9,adaptive,outliers_32,index_ack,20000,124,408,637,31292,0,0
time,9,adaptive,outliers_32,cross_page_submit_subset,305,145,381,463,526,0,0
time,9,adaptive,outliers_32,far_query,20000,51,93,199,33644,0,0
time,9,adaptive,boundary_32,price_query,20000,53,81,145,51491,0,0
time,9,adaptive,boundary_32,near_range8,20000,94,214,502,131609,0,0
time,9,adaptive,boundary_32,index_submit,20000,138,261,472,47108,0,0
time,9,adaptive,boundary_32,index_ack,20000,141,312,596,71930,0,0
time,9,adaptive,boundary_32,cross_page_submit_subset,625,138,253,338,362,0,0
time,9,adaptive,jump_32,price_query,20000,53,85,180,37144,0,0
time,9,adaptive,jump_32,near_range8,20000,91,214,474,32723,0,0
time,9,adaptive,jump_32,index_submit,20000,138,283,554,57966,0,0
time,9,adaptive,jump_32,index_ack,20000,123,252,421,23190,0,0
time,9,adaptive,jump_32,cross_page_submit_subset,2652,185,402,1144,17437,0,0
time,9,adaptive,jump_32,jump_submit_subset,2496,186,403,1144,17437,0,0
time,9,adaptive,rolling_128,price_query,20000,53,93,131,37174,0,0
time,9,adaptive,rolling_128,near_range8,20000,86,223,523,60019,0,0
time,9,adaptive,rolling_128,index_submit,20000,142,244,477,80791,0,0
time,9,adaptive,rolling_128,index_ack,20000,107,218,409,56395,0,0
time,9,adaptive,rolling_128,cross_page_submit_subset,312,142,230,258,330,0,0
time,9,adaptive,outliers_128,price_query,20000,54,94,166,54192,0,0
time,9,adaptive,outliers_128,near_range8,20000,85,225,573,35528,0,0
time,9,adaptive,outliers_128,index_submit,20000,140,220,574,52219,0,0
time,9,adaptive,outliers_128,index_ack,20000,110,178,306,34534,0,0
time,9,adaptive,outliers_128,cross_page_submit_subset,312,141,206,361,29549,0,0
time,9,adaptive,outliers_128,far_query,20000,52,73,147,6785,0,0
time,9,adaptive,boundary_128,price_query,20000,63,216,281,78930,0,0
time,9,adaptive,boundary_128,near_range8,20000,99,292,519,69478,0,0
time,9,adaptive,boundary_128,index_submit,20000,162,457,614,35728,0,0
time,9,adaptive,boundary_128,index_ack,20000,173,537,674,59991,0,0
time,9,adaptive,boundary_128,cross_page_submit_subset,313,171,471,525,668,0,0
time,9,adaptive,jump_128,price_query,20000,60,132,217,32924,0,0
time,9,adaptive,jump_128,near_range8,20000,98,230,577,52607,0,0
time,9,adaptive,jump_128,index_submit,20000,171,470,950,30601,0,0
time,9,adaptive,jump_128,index_ack,20000,132,450,692,34314,0,0
time,9,adaptive,jump_128,cross_page_submit_subset,2704,239,626,1091,4582,0,0
time,9,adaptive,jump_128,jump_submit_subset,2432,272,640,1091,4582,0,0
time,9,adaptive,4096books_4near_2far,price_query,20000,413,1073,7925,61312,0,0
time,9,adaptive,new_book_growth,index_insert,20000,480,8466,34282,1729058,0,0
time,9,adaptive,new_book_growth,every64_subset,313,9331,27713,38440,82445,0,0
time,9,adaptive,cancel_rehang_4near,index_cancel,20000,85,118,168,53576,0,0
time,9,adaptive,cancel_rehang_4near,index_new,20000,164,261,605,36721,0,0
time,9,adaptive,cancel_rehang_4near,index_accepted,20000,115,264,441,54683,0,0
time,9,adaptive,cancel_rehang_4near,index_canceled,20000,115,160,239,69444,0,0
time,9,adaptive,prototype_rolling_4_2far,price_query,20000,60,158,206,29049,0,0
time,9,adaptive,prototype_rolling_4_2far,intent_to_command,20000,168,442,689,56636,0,0
time,9,adaptive,prototype_rolling_4_2far,intent_queued,20000,50,202,472,7414,0,0
time,9,adaptive,prototype_rolling_4_2far,replace_report,20000,192,495,924,88824,0,0
time,9,adaptive,prototype_rolling_4_2far,ready_to_command,20000,263,658,1207,38060,0,0
time,9,adaptive,prototype_jump_4_2far,price_query,20000,61,151,222,34959,0,0
time,9,adaptive,prototype_jump_4_2far,intent_to_command,20000,184,615,900,81124,0,0
time,9,adaptive,prototype_jump_4_2far,intent_queued,20000,50,221,523,46472,0,0
time,9,adaptive,prototype_jump_4_2far,replace_report,20000,217,618,1030,54190,0,0
time,9,adaptive,prototype_jump_4_2far,ready_to_command,20000,295,788,1107,33567,0,0
time,9,adaptive,prototype_rolling_32_2far,price_query,20000,60,96,189,33040,0,0
time,9,adaptive,prototype_rolling_32_2far,intent_to_command,20000,171,349,665,62686,0,0
time,9,adaptive,prototype_rolling_32_2far,intent_queued,20000,50,192,388,15809,0,0
time,9,adaptive,prototype_rolling_32_2far,replace_report,20000,165,358,679,60060,0,0
time,9,adaptive,prototype_rolling_32_2far,ready_to_command,20000,206,428,786,33069,0,0
time,9,adaptive,prototype_jump_32_2far,price_query,20000,56,91,204,56013,0,0
time,9,adaptive,prototype_jump_32_2far,intent_to_command,20000,155,353,790,37574,0,0
time,9,adaptive,prototype_jump_32_2far,intent_queued,20000,45,200,467,3573,0,0
time,9,adaptive,prototype_jump_32_2far,replace_report,20000,156,351,761,47441,0,0
time,9,adaptive,prototype_jump_32_2far,ready_to_command,20000,200,430,1201,48359,0,0
time,9,linear_prices,rolling_4,price_query,20000,40,56,106,51454,0,0
time,9,linear_prices,rolling_4,near_range8,20000,80,121,214,28295,0,0
time,9,linear_prices,rolling_4,index_submit,20000,112,158,245,35498,0,0
time,9,linear_prices,rolling_4,index_ack,20000,119,167,236,87807,0,0
time,9,linear_prices,rolling_4,cross_page_submit_subset,314,113,162,185,245,0,0
time,9,linear_prices,outliers_4,price_query,20000,43,82,186,96365,0,0
time,9,linear_prices,outliers_4,near_range8,20000,97,209,330,52574,0,0
time,9,linear_prices,outliers_4,index_submit,20000,124,243,379,33372,0,0
time,9,linear_prices,outliers_4,index_ack,20000,128,236,351,57119,0,0
time,9,linear_prices,outliers_4,cross_page_submit_subset,314,126,202,214,218,0,0
time,9,linear_prices,outliers_4,far_query,20000,46,120,388,6644,0,0
time,9,linear_prices,boundary_4,price_query,20000,40,70,194,57029,0,0
time,9,linear_prices,boundary_4,near_range8,20000,88,176,357,73473,0,0
time,9,linear_prices,boundary_4,index_submit,20000,116,205,376,56400,0,0
time,9,linear_prices,boundary_4,index_ack,20000,135,234,388,61797,0,0
time,9,linear_prices,boundary_4,cross_page_submit_subset,5000,110,205,343,5566,0,0
time,9,linear_prices,jump_4,price_query,20000,41,71,252,30372,0,0
time,9,linear_prices,jump_4,near_range8,20000,78,162,279,8247,0,0
time,9,linear_prices,jump_4,index_submit,20000,124,281,388,61824,0,0
time,9,linear_prices,jump_4,index_ack,20000,130,266,393,33184,0,0
time,9,linear_prices,jump_4,cross_page_submit_subset,3746,134,317,428,35841,0,0
time,9,linear_prices,jump_4,jump_submit_subset,2496,145,327,428,35841,0,0
time,9,linear_prices,rolling_32,price_query,20000,50,85,157,31802,0,0
time,9,linear_prices,rolling_32,near_range8,20000,542,850,7298,60292,0,0
time,9,linear_prices,rolling_32,index_submit,20000,132,231,474,79195,0,0
time,9,linear_prices,rolling_32,index_ack,20000,119,267,384,83868,0,0
time,9,linear_prices,rolling_32,cross_page_submit_subset,305,128,215,232,5872,0,0
time,9,linear_prices,outliers_32,price_query,20000,48,84,181,5019,0,0
time,9,linear_prices,outliers_32,near_range8,20000,495,840,6668,59152,0,0
time,9,linear_prices,outliers_32,index_submit,20000,128,253,418,54922,0,0
time,9,linear_prices,outliers_32,index_ack,20000,105,267,415,43241,0,0
time,9,linear_prices,outliers_32,cross_page_submit_subset,305,124,198,211,248,0,0
time,9,linear_prices,outliers_32,far_query,20000,60,104,220,30143,0,0
time,9,linear_prices,boundary_32,price_query,20000,48,115,221,35327,0,0
time,9,linear_prices,boundary_32,near_range8,20000,554,1180,8080,65941,0,0
time,9,linear_prices,boundary_32,index_submit,20000,132,322,497,33792,0,0
time,9,linear_prices,boundary_32,index_ack,20000,139,324,565,58305,0,0
time,9,linear_prices,boundary_32,cross_page_submit_subset,625,127,254,368,368,0,0
time,9,linear_prices,jump_32,price_query,20000,50,99,197,996,0,0
time,9,linear_prices,jump_32,near_range8,20000,496,945,6866,70749,0,0
time,9,linear_prices,jump_32,index_submit,20000,131,273,971,41410,0,0
time,9,linear_prices,jump_32,index_ack,20000,108,342,635,64753,0,0
time,9,linear_prices,jump_32,cross_page_submit_subset,2652,186,385,1132,6919,0,0
time,9,linear_prices,jump_32,jump_submit_subset,2496,189,388,1132,6919,0,0
time,9,linear_prices,rolling_128,price_query,20000,61,136,283,21014,0,0
time,9,linear_prices,rolling_128,near_range8,20000,1101,2699,34861,261422,0,0
time,9,linear_prices,rolling_128,index_submit,20000,108,294,1013,72696,0,0
time,9,linear_prices,rolling_128,index_ack,20000,72,303,608,58821,0,0
time,9,linear_prices,rolling_128,cross_page_submit_subset,312,93,226,332,353,0,0
time,9,linear_prices,outliers_128,price_query,20000,79,169,488,37740,0,0
time,9,linear_prices,outliers_128,near_range8,20000,1682,4286,37951,91545,0,0
time,9,linear_prices,outliers_128,index_submit,20000,160,411,1050,72516,0,0
time,9,linear_prices,outliers_128,index_ack,20000,102,333,936,36640,0,0
time,9,linear_prices,outliers_128,cross_page_submit_subset,312,143,399,656,30187,0,0
time,9,linear_prices,outliers_128,far_query,20000,126,277,1013,31140,0,0
time,9,linear_prices,boundary_128,price_query,20000,60,145,970,35011,0,0
time,9,linear_prices,boundary_128,near_range8,20000,1241,5334,28564,938598,0,0
time,9,linear_prices,boundary_128,index_submit,20000,105,409,3589,38807,0,0
time,9,linear_prices,boundary_128,index_ack,20000,115,466,4151,40994,0,0
time,9,linear_prices,boundary_128,cross_page_submit_subset,313,93,388,598,641,0,0
time,9,linear_prices,jump_128,price_query,20000,63,175,1004,852723,0,0
time,9,linear_prices,jump_128,near_range8,20000,1179,3806,33816,1216747,0,0
time,9,linear_prices,jump_128,index_submit,20000,103,425,2999,64777,0,0
time,9,linear_prices,jump_128,index_ack,20000,67,556,2900,107514,0,0
time,9,linear_prices,jump_128,cross_page_submit_subset,2704,224,569,4371,28983,0,0
time,9,linear_prices,jump_128,jump_submit_subset,2432,229,575,4371,28983,0,0
time,9,linear_prices,4096books_4near_2far,price_query,20000,279,924,4433,397865,0,0
time,9,linear_prices,new_book_growth,index_insert,20000,271,5303,26365,1733410,0,0
time,9,linear_prices,new_book_growth,every64_subset,313,5430,35584,53608,55946,0,0
time,9,linear_prices,cancel_rehang_4near,index_cancel,20000,65,142,297,32956,0,0
time,9,linear_prices,cancel_rehang_4near,index_new,20000,105,271,589,76894,0,0
time,9,linear_prices,cancel_rehang_4near,index_accepted,20000,92,266,4046,42825,0,0
time,9,linear_prices,cancel_rehang_4near,index_canceled,20000,90,181,1023,49297,0,0
time,9,linear_prices,prototype_rolling_4_2far,price_query,20000,38,49,69,21945,0,0
time,9,linear_prices,prototype_rolling_4_2far,intent_to_command,20000,79,170,518,32726,0,0
time,9,linear_prices,prototype_rolling_4_2far,intent_queued,20000,32,36,61,3245,0,0
time,9,linear_prices,prototype_rolling_4_2far,replace_report,20000,98,227,588,133967,0,0
time,9,linear_prices,prototype_rolling_4_2far,ready_to_command,20000,102,205,479,23911,0,0
time,9,linear_prices,prototype_jump_4_2far,price_query,20000,38,50,70,35481,0,0
time,9,linear_prices,prototype_jump_4_2far,intent_to_command,20000,79,160,536,28705,0,0
time,9,linear_prices,prototype_jump_4_2far,intent_queued,20000,32,37,53,19867,0,0
time,9,linear_prices,prototype_jump_4_2far,replace_report,20000,98,202,2847,40195,0,0
time,9,linear_prices,prototype_jump_4_2far,ready_to_command,20000,102,186,553,52573,0,0
time,9,linear_prices,prototype_rolling_32_2far,price_query,20000,40,59,78,2856,0,0
time,9,linear_prices,prototype_rolling_32_2far,intent_to_command,20000,85,126,585,30323,0,0
time,9,linear_prices,prototype_rolling_32_2far,intent_queued,20000,32,35,52,18658,0,0
time,9,linear_prices,prototype_rolling_32_2far,replace_report,20000,79,184,484,28693,0,0
time,9,linear_prices,prototype_rolling_32_2far,ready_to_command,20000,112,171,2969,35729,0,0
time,9,linear_prices,prototype_jump_32_2far,price_query,20000,42,65,87,44201,0,0
time,9,linear_prices,prototype_jump_32_2far,intent_to_command,20000,87,130,2860,23003,0,0
time,9,linear_prices,prototype_jump_32_2far,intent_queued,20000,32,34,52,21322,0,0
time,9,linear_prices,prototype_jump_32_2far,replace_report,20000,80,191,447,34566,0,0
time,9,linear_prices,prototype_jump_32_2far,ready_to_command,20000,114,167,303,17874,0,0
time,9,sorted_deque_soa,rolling_4,price_query,20000,36,40,59,4474,0,0
time,9,sorted_deque_soa,rolling_4,near_range8,20000,38,45,74,20156,0,0
time,9,sorted_deque_soa,rolling_4,index_submit,20000,81,163,522,35417,0,0
time,9,sorted_deque_soa,rolling_4,index_ack,20000,80,107,234,26900,0,0
time,9,sorted_deque_soa,rolling_4,cross_page_submit_subset,314,80,131,203,356,0,0
time,9,sorted_deque_soa,outliers_4,price_query,20000,37,40,62,3292,0,0
time,9,sorted_deque_soa,outliers_4,near_range8,20000,38,42,74,3504,0,0
time,9,sorted_deque_soa,outliers_4,index_submit,20000,85,204,2794,32354,0,0
time,9,sorted_deque_soa,outliers_4,index_ack,20000,79,106,186,19700,0,0
time,9,sorted_deque_soa,outliers_4,cross_page_submit_subset,314,85,143,2794,3635,0,0
time,9,sorted_deque_soa,outliers_4,far_query,20000,37,40,54,18615,0,0
time,9,sorted_deque_soa,boundary_4,price_query,20000,36,56,148,28771,0,0
time,9,sorted_deque_soa,boundary_4,near_range8,20000,38,71,149,18798,0,0
time,9,sorted_deque_soa,boundary_4,index_submit,20000,80,202,1045,36693,0,0
time,9,sorted_deque_soa,boundary_4,index_ack,20000,101,188,992,409534,0,0
time,9,sorted_deque_soa,boundary_4,cross_page_submit_subset,5000,79,226,430,19236,0,0
time,9,sorted_deque_soa,jump_4,price_query,20000,36,53,89,36227,0,0
time,9,sorted_deque_soa,jump_4,near_range8,20000,38,60,105,74859,0,0
time,9,sorted_deque_soa,jump_4,index_submit,20000,85,212,434,18410,0,0
time,9,sorted_deque_soa,jump_4,index_ack,20000,82,172,303,26719,0,0
time,9,sorted_deque_soa,jump_4,cross_page_submit_subset,3746,101,228,498,18083,0,0
time,9,sorted_deque_soa,jump_4,jump_submit_subset,2496,105,221,382,18083,0,0
time,9,sorted_deque_soa,rolling_32,price_query,20000,48,71,2531,26246,0,0
time,9,sorted_deque_soa,rolling_32,near_range8,20000,56,92,214,34084,0,0
time,9,sorted_deque_soa,rolling_32,index_submit,20000,91,215,2756,30714,0,0
time,9,sorted_deque_soa,rolling_32,index_ack,20000,61,132,2655,25712,0,0
time,9,sorted_deque_soa,rolling_32,cross_page_submit_subset,305,91,179,198,209,0,0
time,9,sorted_deque_soa,outliers_32,price_query,20000,49,73,148,21065,0,0
time,9,sorted_deque_soa,outliers_32,near_range8,20000,56,96,220,162446,0,0
time,9,sorted_deque_soa,outliers_32,index_submit,20000,92,246,2753,58871,0,0
time,9,sorted_deque_soa,outliers_32,index_ack,20000,61,150,2738,29315,0,0
time,9,sorted_deque_soa,outliers_32,cross_page_submit_subset,305,92,269,371,481,0,0
time,9,sorted_deque_soa,outliers_32,far_query,20000,49,73,143,3657,0,0
time,9,sorted_deque_soa,boundary_32,price_query,20000,48,81,163,492146,0,0
time,9,sorted_deque_soa,boundary_32,near_range8,20000,56,107,218,43422,0,0
time,9,sorted_deque_soa,boundary_32,index_submit,20000,91,220,630,84192,0,0
time,9,sorted_deque_soa,boundary_32,index_ack,20000,125,217,2641,31007,0,0
time,9,sorted_deque_soa,boundary_32,cross_page_submit_subset,625,93,179,231,2674,0,0
time,9,sorted_deque_soa,jump_32,price_query,20000,48,79,129,35004,0,0
time,9,sorted_deque_soa,jump_32,near_range8,20000,56,102,171,74608,0,0
time,9,sorted_deque_soa,jump_32,index_submit,20000,92,279,558,291926,0,0
time,9,sorted_deque_soa,jump_32,index_ack,20000,62,220,310,78018,0,0
time,9,sorted_deque_soa,jump_32,cross_page_submit_subset,2652,179,380,1141,21493,0,0
time,9,sorted_deque_soa,jump_32,jump_submit_subset,2496,183,384,1141,21493,0,0
time,9,sorted_deque_soa,rolling_128,price_query,20000,36,66,88,934,0,0
time,9,sorted_deque_soa,rolling_128,near_range8,20000,40,64,94,30126,0,0
time,9,sorted_deque_soa,rolling_128,index_submit,20000,98,186,345,97617,0,0
time,9,sorted_deque_soa,rolling_128,index_ack,20000,67,114,225,19951,0,0
time,9,sorted_deque_soa,rolling_128,cross_page_submit_subset,312,97,148,178,3937,0,0
time,9,sorted_deque_soa,outliers_128,price_query,20000,35,63,85,128421,0,0
time,9,sorted_deque_soa,outliers_128,near_range8,20000,43,70,90,25045,0,0
time,9,sorted_deque_soa,outliers_128,index_submit,20000,80,190,358,21269,0,0
time,9,sorted_deque_soa,outliers_128,index_ack,20000,66,118,237,4479,0,0
time,9,sorted_deque_soa,outliers_128,cross_page_submit_subset,312,83,146,176,183,0,0
time,9,sorted_deque_soa,outliers_128,far_query,20000,36,50,71,30281,0,0
time,9,sorted_deque_soa,boundary_128,price_query,20000,42,71,100,54443,0,0
time,9,sorted_deque_soa,boundary_128,near_range8,20000,40,76,116,25665,0,0
time,9,sorted_deque_soa,boundary_128,index_submit,20000,94,193,436,63726,0,0
time,9,sorted_deque_soa,boundary_128,index_ack,20000,100,192,267,25693,0,0
time,9,sorted_deque_soa,boundary_128,cross_page_submit_subset,313,103,170,191,267,0,0
time,9,sorted_deque_soa,jump_128,price_query,20000,41,66,88,240,0,0
time,9,sorted_deque_soa,jump_128,near_range8,20000,40,81,102,21582,0,0
time,9,sorted_deque_soa,jump_128,index_submit,20000,98,266,412,35094,0,0
time,9,sorted_deque_soa,jump_128,index_ack,20000,67,304,364,29555,0,0
time,9,sorted_deque_soa,jump_128,cross_page_submit_subset,2704,113,320,1296,35094,0,0
time,9,sorted_deque_soa,jump_128,jump_submit_subset,2432,120,322,1296,35094,0,0
time,9,sorted_deque_soa,4096books_4near_2far,price_query,20000,231,891,1277,99658,0,0
time,9,sorted_deque_soa,new_book_growth,index_insert,20000,341,5513,28508,649574,0,0
time,9,sorted_deque_soa,new_book_growth,every64_subset,313,5097,37914,48673,51205,0,0
time,9,sorted_deque_soa,cancel_rehang_4near,index_cancel,20000,67,127,949,69515,0,0
time,9,sorted_deque_soa,cancel_rehang_4near,index_new,20000,130,235,1078,34588,0,0
time,9,sorted_deque_soa,cancel_rehang_4near,index_accepted,20000,95,247,989,299804,0,0
time,9,sorted_deque_soa,cancel_rehang_4near,index_canceled,20000,96,172,1012,32577,0,0
time,9,sorted_deque_soa,prototype_rolling_4_2far,price_query,20000,39,51,69,937,0,0
time,9,sorted_deque_soa,prototype_rolling_4_2far,intent_to_command,20000,93,207,360,30975,0,0
time,9,sorted_deque_soa,prototype_rolling_4_2far,intent_queued,20000,32,48,181,30843,0,0
time,9,sorted_deque_soa,prototype_rolling_4_2far,replace_report,20000,103,230,398,42453,0,0
time,9,sorted_deque_soa,prototype_rolling_4_2far,ready_to_command,20000,140,271,512,32408,0,0
time,9,sorted_deque_soa,prototype_jump_4_2far,price_query,20000,39,68,107,25971,0,0
time,9,sorted_deque_soa,prototype_jump_4_2far,intent_to_command,20000,96,283,998,314449,0,0
time,9,sorted_deque_soa,prototype_jump_4_2far,intent_queued,20000,33,180,508,40074,0,0
time,9,sorted_deque_soa,prototype_jump_4_2far,replace_report,20000,108,334,915,56923,0,0
time,9,sorted_deque_soa,prototype_jump_4_2far,ready_to_command,20000,156,399,1227,36205,0,0
time,9,sorted_deque_soa,prototype_rolling_32_2far,price_query,20000,49,82,123,47699,0,0
time,9,sorted_deque_soa,prototype_rolling_32_2far,intent_to_command,20000,104,241,436,16407,0,0
time,9,sorted_deque_soa,prototype_rolling_32_2far,intent_queued,20000,32,54,199,30448,0,0
time,9,sorted_deque_soa,prototype_rolling_32_2far,replace_report,20000,81,244,445,27801,0,0
time,9,sorted_deque_soa,prototype_rolling_32_2far,ready_to_command,20000,115,333,683,28912,0,0
time,9,sorted_deque_soa,prototype_jump_32_2far,price_query,20000,49,58,95,22430,0,0
time,9,sorted_deque_soa,prototype_jump_32_2far,intent_to_command,20000,104,216,400,36352,0,0
time,9,sorted_deque_soa,prototype_jump_32_2far,intent_queued,20000,32,40,54,21974,0,0
time,9,sorted_deque_soa,prototype_jump_32_2far,replace_report,20000,82,217,333,29096,0,0
time,9,sorted_deque_soa,prototype_jump_32_2far,ready_to_command,20000,115,260,473,39550,0,0
time,9,sorted_deque,rolling_4,price_query,20000,49,62,165,36881,0,0
time,9,sorted_deque,rolling_4,near_range8,20000,55,70,157,33741,0,0
time,9,sorted_deque,rolling_4,index_submit,20000,143,224,398,32908,0,0
time,9,sorted_deque,rolling_4,index_ack,20000,128,182,297,105062,0,0
time,9,sorted_deque,rolling_4,cross_page_submit_subset,314,142,234,244,310,0,0
time,9,sorted_deque,outliers_4,price_query,20000,52,65,168,46350,0,0
time,9,sorted_deque,outliers_4,near_range8,20000,58,73,147,921,0,0
time,9,sorted_deque,outliers_4,index_submit,20000,149,251,400,31186,0,0
time,9,sorted_deque,outliers_4,index_ack,20000,132,187,268,46206,0,0
time,9,sorted_deque,outliers_4,cross_page_submit_subset,314,150,253,400,31186,0,0
time,9,sorted_deque,outliers_4,far_query,20000,51,120,355,34461,0,0
time,9,sorted_deque,boundary_4,price_query,20000,49,62,154,931,0,0
time,9,sorted_deque,boundary_4,near_range8,20000,57,72,183,46791,0,0
time,9,sorted_deque,boundary_4,index_submit,20000,142,196,308,33285,0,0
time,9,sorted_deque,boundary_4,index_ack,20000,153,197,268,34994,0,0
time,9,sorted_deque,boundary_4,cross_page_submit_subset,5000,140,169,204,32428,0,0
time,9,sorted_deque,jump_4,price_query,20000,49,64,177,925,0,0
time,9,sorted_deque,jump_4,near_range8,20000,54,71,128,35670,0,0
time,9,sorted_deque,jump_4,index_submit,20000,144,227,342,34271,0,0
time,9,sorted_deque,jump_4,index_ack,20000,132,207,299,45591,0,0
time,9,sorted_deque,jump_4,cross_page_submit_subset,3746,170,248,354,31649,0,0
time,9,sorted_deque,jump_4,jump_submit_subset,2496,190,258,354,791,0,0
time,9,sorted_deque,rolling_32,price_query,20000,51,68,140,33408,0,0
time,9,sorted_deque,rolling_32,near_range8,20000,75,88,202,32004,0,0
time,9,sorted_deque,rolling_32,index_submit,20000,142,194,370,36502,0,0
time,9,sorted_deque,rolling_32,index_ack,20000,122,174,262,46987,0,0
time,9,sorted_deque,rolling_32,cross_page_submit_subset,305,142,189,273,475,0,0
time,9,sorted_deque,outliers_32,price_query,20000,51,75,172,36545,0,0
time,9,sorted_deque,outliers_32,near_range8,20000,73,87,189,46993,0,0
time,9,sorted_deque,outliers_32,index_submit,20000,144,224,433,49495,0,0
time,9,sorted_deque,outliers_32,index_ack,20000,122,184,273,33816,0,0
time,9,sorted_deque,outliers_32,cross_page_submit_subset,305,143,239,295,357,0,0
time,9,sorted_deque,outliers_32,far_query,20000,51,117,370,34100,0,0
time,9,sorted_deque,boundary_32,price_query,20000,51,68,188,32679,0,0
time,9,sorted_deque,boundary_32,near_range8,20000,75,90,185,12632,0,0
time,9,sorted_deque,boundary_32,index_submit,20000,142,203,411,50032,0,0
time,9,sorted_deque,boundary_32,index_ack,20000,132,202,293,49162,0,0
time,9,sorted_deque,boundary_32,cross_page_submit_subset,625,146,185,312,1004,0,0
time,9,sorted_deque,jump_32,price_query,20000,51,73,164,922,0,0
time,9,sorted_deque,jump_32,near_range8,20000,75,97,210,33770,0,0
time,9,sorted_deque,jump_32,index_submit,20000,142,262,394,32377,0,0
time,9,sorted_deque,jump_32,index_ack,20000,122,234,311,71418,0,0
time,9,sorted_deque,jump_32,cross_page_submit_subset,2652,190,337,500,32296,0,0
time,9,sorted_deque,jump_32,jump_submit_subset,2496,193,343,500,32296,0,0
time,9,sorted_deque,rolling_128,price_query,20000,55,92,147,916,0,0
time,9,sorted_deque,rolling_128,near_range8,20000,77,91,211,51912,0,0
time,9,sorted_deque,rolling_128,index_submit,20000,146,202,379,49848,0,0
time,9,sorted_deque,rolling_128,index_ack,20000,122,178,264,34565,0,0
time,9,sorted_deque,rolling_128,cross_page_submit_subset,312,147,205,244,272,0,0
time,9,sorted_deque,outliers_128,price_query,20000,55,93,160,43181,0,0
time,9,sorted_deque,outliers_128,near_range8,20000,76,90,190,20186,0,0
time,9,sorted_deque,outliers_128,index_submit,20000,151,226,818,53226,0,0
time,9,sorted_deque,outliers_128,index_ack,20000,122,183,348,37528,0,0
time,9,sorted_deque,outliers_128,cross_page_submit_subset,312,152,206,274,374,0,0
time,9,sorted_deque,outliers_128,far_query,20000,54,103,381,52836,0,0
time,9,sorted_deque,boundary_128,price_query,20000,58,94,190,38573,0,0
time,9,sorted_deque,boundary_128,near_range8,20000,80,98,207,47840,0,0
time,9,sorted_deque,boundary_128,index_submit,20000,154,218,460,32464,0,0
time,9,sorted_deque,boundary_128,index_ack,20000,152,250,386,54437,0,0
time,9,sorted_deque,boundary_128,cross_page_submit_subset,313,170,222,247,452,0,0
time,9,sorted_deque,jump_128,price_query,20000,56,94,181,48867,0,0
time,9,sorted_deque,jump_128,near_range8,20000,79,117,197,5761,0,0
time,9,sorted_deque,jump_128,index_submit,20000,149,377,1027,37143,0,0
time,9,sorted_deque,jump_128,index_ack,20000,123,342,515,111457,0,0
time,9,sorted_deque,jump_128,cross_page_submit_subset,2704,201,514,4286,36215,0,0
time,9,sorted_deque,jump_128,jump_submit_subset,2432,211,520,4286,36215,0,0
time,9,sorted_deque,4096books_4near_2far,price_query,20000,353,1024,6038,79802,0,0
time,9,sorted_deque,new_book_growth,index_insert,20000,457,8974,36074,905891,0,0
time,9,sorted_deque,new_book_growth,every64_subset,313,7697,27134,47906,48848,0,0
time,9,sorted_deque,cancel_rehang_4near,index_cancel,20000,93,117,234,63149,0,0
time,9,sorted_deque,cancel_rehang_4near,index_new,20000,168,262,4196,69106,0,0
time,9,sorted_deque,cancel_rehang_4near,index_accepted,20000,123,274,884,36735,0,0
time,9,sorted_deque,cancel_rehang_4near,index_canceled,20000,132,160,997,62357,0,0
time,9,sorted_deque,prototype_rolling_4_2far,price_query,20000,62,70,164,48623,0,0
time,9,sorted_deque,prototype_rolling_4_2far,intent_to_command,20000,180,330,771,57652,0,0
time,9,sorted_deque,prototype_rolling_4_2far,intent_queued,20000,50,202,494,53398,0,0
time,9,sorted_deque,prototype_rolling_4_2far,replace_report,20000,211,380,1199,54487,0,0
time,9,sorted_deque,prototype_rolling_4_2far,ready_to_command,20000,277,435,1255,75343,0,0
time,9,sorted_deque,prototype_jump_4_2far,price_query,20000,61,72,153,55532,0,0
time,9,sorted_deque,prototype_jump_4_2far,intent_to_command,20000,179,342,3992,43356,0,0
time,9,sorted_deque,prototype_jump_4_2far,intent_queued,20000,50,206,562,69465,0,0
time,9,sorted_deque,prototype_jump_4_2far,replace_report,20000,208,406,4358,103329,0,0
time,9,sorted_deque,prototype_jump_4_2far,ready_to_command,20000,271,432,4663,61957,0,0
time,9,sorted_deque,prototype_rolling_32_2far,price_query,20000,59,81,149,51770,0,0
time,9,sorted_deque,prototype_rolling_32_2far,intent_to_command,20000,180,321,647,51352,0,0
time,9,sorted_deque,prototype_rolling_32_2far,intent_queued,20000,50,193,465,32461,0,0
time,9,sorted_deque,prototype_rolling_32_2far,replace_report,20000,174,338,643,53947,0,0
time,9,sorted_deque,prototype_rolling_32_2far,ready_to_command,20000,216,385,716,51089,0,0
time,9,sorted_deque,prototype_jump_32_2far,price_query,20000,62,92,162,51469,0,0
time,9,sorted_deque,prototype_jump_32_2far,intent_to_command,20000,180,330,649,32518,0,0
time,9,sorted_deque,prototype_jump_32_2far,intent_queued,20000,50,197,438,56430,0,0
time,9,sorted_deque,prototype_jump_32_2far,replace_report,20000,176,351,682,32006,0,0
time,9,sorted_deque,prototype_jump_32_2far,ready_to_command,20000,218,404,804,32638,0,0
time,10,sorted_deque,rolling_4,price_query,20000,49,61,148,56401,0,0
time,10,sorted_deque,rolling_4,near_range8,20000,55,68,149,31160,0,0
time,10,sorted_deque,rolling_4,index_submit,20000,143,214,323,37859,0,0
time,10,sorted_deque,rolling_4,index_ack,20000,129,178,242,73659,0,0
time,10,sorted_deque,rolling_4,cross_page_submit_subset,314,143,214,222,270,0,0
time,10,sorted_deque,outliers_4,price_query,20000,52,64,155,48981,0,0
time,10,sorted_deque,outliers_4,near_range8,20000,58,73,168,30384,0,0
time,10,sorted_deque,outliers_4,index_submit,20000,148,249,376,26998,0,0
time,10,sorted_deque,outliers_4,index_ack,20000,130,189,271,55665,0,0
time,10,sorted_deque,outliers_4,cross_page_submit_subset,314,148,248,252,290,0,0
time,10,sorted_deque,outliers_4,far_query,20000,51,127,365,32805,0,0
time,10,sorted_deque,boundary_4,price_query,20000,49,61,150,5795,0,0
time,10,sorted_deque,boundary_4,near_range8,20000,56,71,167,29661,0,0
time,10,sorted_deque,boundary_4,index_submit,20000,141,197,299,54088,0,0
time,10,sorted_deque,boundary_4,index_ack,20000,148,197,294,35414,0,0
time,10,sorted_deque,boundary_4,cross_page_submit_subset,5000,139,166,241,471,0,0
time,10,sorted_deque,jump_4,price_query,20000,50,62,176,58053,0,0
time,10,sorted_deque,jump_4,near_range8,20000,55,71,149,998,0,0
time,10,sorted_deque,jump_4,index_submit,20000,146,226,351,34656,0,0
time,10,sorted_deque,jump_4,index_ack,20000,136,209,293,51325,0,0
time,10,sorted_deque,jump_4,cross_page_submit_subset,3746,176,242,351,34656,0,0
time,10,sorted_deque,jump_4,jump_submit_subset,2496,192,246,327,34656,0,0
time,10,sorted_deque,rolling_32,price_query,20000,51,70,147,498,0,0
time,10,sorted_deque,rolling_32,near_range8,20000,75,87,200,6916,0,0
time,10,sorted_deque,rolling_32,index_submit,20000,142,196,474,56050,0,0
time,10,sorted_deque,rolling_32,index_ack,20000,122,180,271,32064,0,0
time,10,sorted_deque,rolling_32,cross_page_submit_subset,305,142,193,204,56050,0,0
time,10,sorted_deque,outliers_32,price_query,20000,52,72,122,53727,0,0
time,10,sorted_deque,outliers_32,near_range8,20000,74,86,196,29983,0,0
time,10,sorted_deque,outliers_32,index_submit,20000,144,222,476,75636,0,0
time,10,sorted_deque,outliers_32,index_ack,20000,122,182,272,60842,0,0
time,10,sorted_deque,outliers_32,cross_page_submit_subset,305,144,240,367,455,0,0
time,10,sorted_deque,outliers_32,far_query,20000,51,104,272,545,0,0
time,10,sorted_deque,boundary_32,price_query,20000,52,66,188,30353,0,0
time,10,sorted_deque,boundary_32,near_range8,20000,76,90,199,56466,0,0
time,10,sorted_deque,boundary_32,index_submit,20000,142,204,352,31206,0,0
time,10,sorted_deque,boundary_32,index_ack,20000,138,204,325,32165,0,0
time,10,sorted_deque,boundary_32,cross_page_submit_subset,625,148,177,198,227,0,0
time,10,sorted_deque,jump_32,price_query,20000,51,75,180,35002,0,0
time,10,sorted_deque,jump_32,near_range8,20000,75,97,215,55405,0,0
time,10,sorted_deque,jump_32,index_submit,20000,142,263,435,76404,0,0
time,10,sorted_deque,jump_32,index_ack,20000,122,236,352,33360,0,0
time,10,sorted_deque,jump_32,cross_page_submit_subset,2652,190,347,755,6865,0,0
time,10,sorted_deque,jump_32,jump_submit_subset,2496,193,348,541,6865,0,0
time,10,sorted_deque,rolling_128,price_query,20000,55,90,173,34486,0,0
time,10,sorted_deque,rolling_128,near_range8,20000,78,90,169,54504,0,0
time,10,sorted_deque,rolling_128,index_submit,20000,147,199,446,31524,0,0
time,10,sorted_deque,rolling_128,index_ack,20000,123,182,275,33253,0,0
time,10,sorted_deque,rolling_128,cross_page_submit_subset,312,147,229,296,31363,0,0
time,10,sorted_deque,outliers_128,price_query,20000,55,92,129,57347,0,0
time,10,sorted_deque,outliers_128,near_range8,20000,77,89,175,35071,0,0
time,10,sorted_deque,outliers_128,index_submit,20000,152,219,418,30844,0,0
time,10,sorted_deque,outliers_128,index_ack,20000,124,182,290,48524,0,0
time,10,sorted_deque,outliers_128,cross_page_submit_subset,312,151,231,246,361,0,0
time,10,sorted_deque,outliers_128,far_query,20000,54,94,240,53703,0,0
time,10,sorted_deque,boundary_128,price_query,20000,56,91,130,32784,0,0
time,10,sorted_deque,boundary_128,near_range8,20000,79,97,165,53344,0,0
time,10,sorted_deque,boundary_128,index_submit,20000,152,218,378,69012,0,0
time,10,sorted_deque,boundary_128,index_ack,20000,132,253,386,33243,0,0
time,10,sorted_deque,boundary_128,cross_page_submit_subset,313,164,220,262,451,0,0
time,10,sorted_deque,jump_128,price_query,20000,37,66,83,202,0,0
time,10,sorted_deque,jump_128,near_range8,20000,45,73,94,22624,0,0
time,10,sorted_deque,jump_128,index_submit,20000,84,247,311,22407,0,0
time,10,sorted_deque,jump_128,index_ack,20000,66,300,371,31180,0,0
time,10,sorted_deque,jump_128,cross_page_submit_subset,2704,110,286,457,19127,0,0
time,10,sorted_deque,jump_128,jump_submit_subset,2432,120,291,457,19127,0,0
time,10,sorted_deque,4096books_4near_2far,price_query,20000,168,737,1080,31067,0,0
time,10,sorted_deque,new_book_growth,index_insert,20000,260,5113,21957,1175413,0,0
time,10,sorted_deque,new_book_growth,every64_subset,313,6140,21957,45187,70948,0,0
time,10,sorted_deque,cancel_rehang_4near,index_cancel,20000,48,120,246,30603,0,0
time,10,sorted_deque,cancel_rehang_4near,index_new,20000,89,183,335,249407,0,0
time,10,sorted_deque,cancel_rehang_4near,index_accepted,20000,68,239,545,53240,0,0
time,10,sorted_deque,cancel_rehang_4near,index_canceled,20000,68,162,293,82737,0,0
time,10,sorted_deque,prototype_rolling_4_2far,price_query,20000,36,83,172,21490,0,0
time,10,sorted_deque,prototype_rolling_4_2far,intent_to_command,20000,90,272,16582,102231,0,0
time,10,sorted_deque,prototype_rolling_4_2far,intent_queued,20000,33,131,340,39671,0,0
time,10,sorted_deque,prototype_rolling_4_2far,replace_report,20000,100,354,18512,231469,0,0
time,10,sorted_deque,prototype_rolling_4_2far,ready_to_command,20000,136,429,36993,320150,0,0
time,10,sorted_deque,prototype_jump_4_2far,price_query,20000,39,74,120,15769,0,0
time,10,sorted_deque,prototype_jump_4_2far,intent_to_command,20000,127,323,1114,35662,0,0
time,10,sorted_deque,prototype_jump_4_2far,intent_queued,20000,36,188,485,111700,0,0
time,10,sorted_deque,prototype_jump_4_2far,replace_report,20000,147,377,1152,83822,0,0
time,10,sorted_deque,prototype_jump_4_2far,ready_to_command,20000,188,440,1291,72311,0,0
time,10,sorted_deque,prototype_rolling_32_2far,price_query,20000,36,69,100,25674,0,0
time,10,sorted_deque,prototype_rolling_32_2far,intent_to_command,20000,91,278,1022,11216,0,0
time,10,sorted_deque,prototype_rolling_32_2far,intent_queued,20000,32,120,213,974,0,0
time,10,sorted_deque,prototype_rolling_32_2far,replace_report,20000,81,263,559,34647,0,0
time,10,sorted_deque,prototype_rolling_32_2far,ready_to_command,20000,103,318,1019,39869,0,0
time,10,sorted_deque,prototype_jump_32_2far,price_query,20000,49,78,114,32235,0,0
time,10,sorted_deque,prototype_jump_32_2far,intent_to_command,20000,151,324,669,47439,0,0
time,10,sorted_deque,prototype_jump_32_2far,intent_queued,20000,44,197,512,62444,0,0
time,10,sorted_deque,prototype_jump_32_2far,replace_report,20000,150,359,717,53183,0,0
time,10,sorted_deque,prototype_jump_32_2far,ready_to_command,20000,187,413,1048,50493,0,0
time,10,pool_pages,rolling_4,price_query,20000,32,52,85,24907,0,0
time,10,pool_pages,rolling_4,near_range8,20000,39,113,298,52552,0,0
time,10,pool_pages,rolling_4,index_submit,20000,78,190,444,24977,0,0
time,10,pool_pages,rolling_4,index_ack,20000,80,224,559,27117,0,0
time,10,pool_pages,rolling_4,cross_page_submit_subset,314,81,390,574,615,0,0
time,10,pool_pages,rolling_4,page_creation_subset,78,185,574,574,615,0,0
time,10,pool_pages,outliers_4,price_query,20000,32,52,79,3133,0,0
time,10,pool_pages,outliers_4,near_range8,20000,40,106,227,41313,0,0
time,10,pool_pages,outliers_4,index_submit,20000,76,226,448,24724,0,0
time,10,pool_pages,outliers_4,index_ack,20000,80,200,383,18545,0,0
time,10,pool_pages,outliers_4,cross_page_submit_subset,314,80,376,507,772,0,0
time,10,pool_pages,outliers_4,page_creation_subset,78,207,507,507,772,0,0
time,10,pool_pages,outliers_4,far_query,20000,32,75,212,45329,0,0
time,10,pool_pages,boundary_4,price_query,20000,31,51,84,16134,0,0
time,10,pool_pages,boundary_4,near_range8,20000,45,118,359,46985,0,0
time,10,pool_pages,boundary_4,index_submit,20000,71,172,298,23756,0,0
time,10,pool_pages,boundary_4,index_ack,20000,96,232,383,28467,0,0
time,10,pool_pages,boundary_4,cross_page_submit_subset,5000,69,223,514,3027,0,0
time,10,pool_pages,jump_4,price_query,20000,32,59,140,24454,0,0
time,10,pool_pages,jump_4,near_range8,20000,40,164,436,34877,0,0
time,10,pool_pages,jump_4,index_submit,20000,80,287,475,25776,0,0
time,10,pool_pages,jump_4,index_ack,20000,82,250,528,36660,0,0
time,10,pool_pages,jump_4,cross_page_submit_subset,3746,104,332,514,1152,0,0
time,10,pool_pages,jump_4,page_creation_subset,1248,166,389,580,1152,0,0
time,10,pool_pages,jump_4,jump_submit_subset,2496,135,361,525,1152,0,0
time,10,pool_pages,rolling_32,price_query,20000,32,47,70,53827,0,0
time,10,pool_pages,rolling_32,near_range8,20000,50,98,172,13410,0,0
time,10,pool_pages,rolling_32,index_submit,20000,70,159,268,43709,0,0
time,10,pool_pages,rolling_32,index_ack,20000,61,134,386,37246,0,0
time,10,pool_pages,rolling_32,cross_page_submit_subset,305,81,444,506,757,0,0
time,10,pool_pages,rolling_32,page_creation_subset,10,423,506,506,757,0,0
time,10,pool_pages,outliers_32,price_query,20000,32,50,78,293,0,0
time,10,pool_pages,outliers_32,near_range8,20000,51,108,253,56629,0,0
time,10,pool_pages,outliers_32,index_submit,20000,68,203,485,33714,0,0
time,10,pool_pages,outliers_32,index_ack,20000,61,153,333,34717,0,0
time,10,pool_pages,outliers_32,cross_page_submit_subset,305,79,563,927,1056,0,0
time,10,pool_pages,outliers_32,page_creation_subset,10,485,606,606,927,0,0
time,10,pool_pages,outliers_32,far_query,20000,32,72,202,133940,0,0
time,10,pool_pages,boundary_32,price_query,20000,32,41,59,19056,0,0
time,10,pool_pages,boundary_32,near_range8,20000,53,87,183,19610,0,0
time,10,pool_pages,boundary_32,index_submit,20000,68,137,265,53161,0,0
time,10,pool_pages,boundary_32,index_ack,20000,94,155,280,65466,0,0
time,10,pool_pages,boundary_32,cross_page_submit_subset,625,69,117,163,170,0,0
time,10,pool_pages,jump_32,price_query,20000,32,49,70,24069,0,0
time,10,pool_pages,jump_32,near_range8,20000,50,106,212,139367,0,0
time,10,pool_pages,jump_32,index_submit,20000,69,184,329,233577,0,0
time,10,pool_pages,jump_32,index_ack,20000,62,180,353,42142,0,0
time,10,pool_pages,jump_32,cross_page_submit_subset,2652,80,260,450,31457,0,0
time,10,pool_pages,jump_32,page_creation_subset,156,180,366,406,939,0,0
time,10,pool_pages,jump_32,jump_submit_subset,2496,80,265,450,31457,0,0
time,10,pool_pages,rolling_128,price_query,20000,47,72,147,25649,0,0
time,10,pool_pages,rolling_128,near_range8,20000,92,224,560,30576,0,0
time,10,pool_pages,rolling_128,index_submit,20000,134,220,514,31817,0,0
time,10,pool_pages,rolling_128,index_ack,20000,117,222,890,75818,0,0
time,10,pool_pages,rolling_128,cross_page_submit_subset,312,148,283,2587,5972,0,0
time,10,pool_pages,rolling_128,page_creation_subset,3,2587,2587,2587,5972,0,0
time,10,pool_pages,outliers_128,price_query,20000,52,69,128,3466,0,0
time,10,pool_pages,outliers_128,near_range8,20000,102,227,549,33284,0,0
time,10,pool_pages,outliers_128,index_submit,20000,146,215,602,51290,0,0
time,10,pool_pages,outliers_128,index_ack,20000,128,203,445,49735,0,0
time,10,pool_pages,outliers_128,cross_page_submit_subset,312,160,237,2264,2358,0,0
time,10,pool_pages,outliers_128,page_creation_subset,3,2264,2264,2264,2358,0,0
time,10,pool_pages,outliers_128,far_query,20000,55,72,140,54513,0,0
time,10,pool_pages,boundary_128,price_query,20000,52,73,170,32775,0,0
time,10,pool_pages,boundary_128,near_range8,20000,107,236,955,46526,0,0
time,10,pool_pages,boundary_128,index_submit,20000,145,251,3712,111614,0,0
time,10,pool_pages,boundary_128,index_ack,20000,152,300,3561,71718,0,0
time,10,pool_pages,boundary_128,cross_page_submit_subset,313,150,250,304,423,0,0
time,10,pool_pages,jump_128,price_query,20000,51,114,158,45168,0,0
time,10,pool_pages,jump_128,near_range8,20000,103,251,590,32027,0,0
time,10,pool_pages,jump_128,index_submit,20000,147,366,3922,87409,0,0
time,10,pool_pages,jump_128,index_ack,20000,131,333,743,33036,0,0
time,10,pool_pages,jump_128,cross_page_submit_subset,2704,180,558,3801,5913,0,0
time,10,pool_pages,jump_128,page_creation_subset,77,460,980,980,1164,0,0
time,10,pool_pages,jump_128,jump_submit_subset,2432,181,517,3801,5913,0,0
time,10,pool_pages,4096books_4near_2far,price_query,20000,599,1626,22461,78154,0,0
time,10,pool_pages,new_book_growth,index_insert,20000,723,20874,73580,1189605,0,0
time,10,pool_pages,new_book_growth,page_block_growth_subset,313,21806,102472,122705,123351,0,0
time,10,pool_pages,new_book_growth,every64_subset,313,21806,102472,122705,123351,0,0
time,10,pool_pages,cancel_rehang_4near,index_cancel,20000,92,121,301,32635,0,0
time,10,pool_pages,cancel_rehang_4near,index_new,20000,192,403,993,54986,0,0
time,10,pool_pages,cancel_rehang_4near,index_accepted,20000,132,293,702,57486,0,0
time,10,pool_pages,cancel_rehang_4near,index_canceled,20000,158,270,640,34482,0,0
time,10,pool_pages,prototype_rolling_4_2far,price_query,20000,58,109,176,30445,0,0
time,10,pool_pages,prototype_rolling_4_2far,intent_to_command,20000,171,440,910,34769,0,0
time,10,pool_pages,prototype_rolling_4_2far,intent_queued,20000,51,202,534,33692,0,0
time,10,pool_pages,prototype_rolling_4_2far,replace_report,20000,209,518,4080,72442,0,0
time,10,pool_pages,prototype_rolling_4_2far,ready_to_command,20000,233,554,4432,56721,0,0
time,10,pool_pages,prototype_jump_4_2far,price_query,20000,60,145,272,8161,0,0
time,10,pool_pages,prototype_jump_4_2far,intent_to_command,20000,183,647,1948,65552,0,0
time,10,pool_pages,prototype_jump_4_2far,intent_queued,20000,52,224,575,38990,0,0
time,10,pool_pages,prototype_jump_4_2far,replace_report,20000,224,697,1848,37834,0,0
time,10,pool_pages,prototype_jump_4_2far,ready_to_command,20000,247,701,5067,68560,0,0
time,10,pool_pages,prototype_rolling_32_2far,price_query,20000,59,137,234,39834,0,0
time,10,pool_pages,prototype_rolling_32_2far,intent_to_command,20000,175,467,706,36237,0,0
time,10,pool_pages,prototype_rolling_32_2far,intent_queued,20000,51,188,523,50017,0,0
time,10,pool_pages,prototype_rolling_32_2far,replace_report,20000,170,461,1193,33254,0,0
time,10,pool_pages,prototype_rolling_32_2far,ready_to_command,20000,213,545,1411,64380,0,0
time,10,pool_pages,prototype_jump_32_2far,price_query,20000,62,157,400,31103,0,0
time,10,pool_pages,prototype_jump_32_2far,intent_to_command,20000,187,527,1392,122825,0,0
time,10,pool_pages,prototype_jump_32_2far,intent_queued,20000,53,214,511,29921,0,0
time,10,pool_pages,prototype_jump_32_2far,replace_report,20000,187,502,4225,54644,0,0
time,10,pool_pages,prototype_jump_32_2far,ready_to_command,20000,230,549,1218,115719,0,0
time,10,absl_btree,rolling_4,price_query,20000,48,81,158,24570,0,0
time,10,absl_btree,rolling_4,near_range8,20000,68,208,514,27608,0,0
time,10,absl_btree,rolling_4,index_submit,20000,146,259,450,61769,0,0
time,10,absl_btree,rolling_4,index_ack,20000,140,282,605,31463,0,0
time,10,absl_btree,rolling_4,cross_page_submit_subset,314,147,228,249,407,0,0
time,10,absl_btree,outliers_4,price_query,20000,48,87,189,37836,0,0
time,10,absl_btree,outliers_4,near_range8,20000,69,211,499,16036,0,0
time,10,absl_btree,outliers_4,index_submit,20000,145,278,485,33385,0,0
time,10,absl_btree,outliers_4,index_ack,20000,139,307,608,61893,0,0
time,10,absl_btree,outliers_4,cross_page_submit_subset,314,146,317,409,626,0,0
time,10,absl_btree,outliers_4,far_query,20000,51,89,182,28825,0,0
time,10,absl_btree,boundary_4,price_query,20000,48,96,163,37563,0,0
time,10,absl_btree,boundary_4,near_range8,20000,72,201,513,27491,0,0
time,10,absl_btree,boundary_4,index_submit,20000,147,324,511,69572,0,0
time,10,absl_btree,boundary_4,index_ack,20000,214,403,794,31263,0,0
time,10,absl_btree,boundary_4,cross_page_submit_subset,5000,144,299,386,5428,0,0
time,10,absl_btree,jump_4,price_query,20000,48,86,152,30049,0,0
time,10,absl_btree,jump_4,near_range8,20000,68,221,542,52166,0,0
time,10,absl_btree,jump_4,index_submit,20000,150,293,490,52747,0,0
time,10,absl_btree,jump_4,index_ack,20000,150,335,587,38669,0,0
time,10,absl_btree,jump_4,cross_page_submit_subset,3746,180,328,490,32544,0,0
time,10,absl_btree,jump_4,jump_submit_subset,2496,205,368,490,32544,0,0
time,10,absl_btree,rolling_32,price_query,20000,46,80,137,71606,0,0
time,10,absl_btree,rolling_32,near_range8,20000,89,193,412,32561,0,0
time,10,absl_btree,rolling_32,index_submit,20000,137,306,588,56763,0,0
time,10,absl_btree,rolling_32,index_ack,20000,116,309,622,66814,0,0
time,10,absl_btree,rolling_32,cross_page_submit_subset,305,136,253,289,334,0,0
time,10,absl_btree,outliers_32,price_query,20000,31,50,76,4002,0,0
time,10,absl_btree,outliers_32,near_range8,20000,50,71,131,28900,0,0
time,10,absl_btree,outliers_32,index_submit,20000,77,203,322,17085,0,0
time,10,absl_btree,outliers_32,index_ack,20000,61,165,274,17653,0,0
time,10,absl_btree,outliers_32,cross_page_submit_subset,305,78,305,307,322,0,0
time,10,absl_btree,outliers_32,far_query,20000,33,53,132,544,0,0
time,10,absl_btree,boundary_32,price_query,20000,31,48,84,20566,0,0
time,10,absl_btree,boundary_32,near_range8,20000,48,75,192,23855,0,0
time,10,absl_btree,boundary_32,index_submit,20000,71,175,343,33490,0,0
time,10,absl_btree,boundary_32,index_ack,20000,114,209,347,39715,0,0
time,10,absl_btree,boundary_32,cross_page_submit_subset,625,73,115,195,288,0,0
time,10,absl_btree,jump_32,price_query,20000,52,96,196,55023,0,0
time,10,absl_btree,jump_32,near_range8,20000,98,192,406,33161,0,0
time,10,absl_btree,jump_32,index_submit,20000,147,357,756,30377,0,0
time,10,absl_btree,jump_32,index_ack,20000,121,439,983,173689,0,0
time,10,absl_btree,jump_32,cross_page_submit_subset,2652,224,546,1400,30377,0,0
time,10,absl_btree,jump_32,jump_submit_subset,2496,227,553,1400,30377,0,0
time,10,absl_btree,rolling_128,price_query,20000,63,116,204,46276,0,0
time,10,absl_btree,rolling_128,near_range8,20000,105,197,504,51989,0,0
time,10,absl_btree,rolling_128,index_submit,20000,171,362,2640,71451,0,0
time,10,absl_btree,rolling_128,index_ack,20000,126,305,1024,34124,0,0
time,10,absl_btree,rolling_128,cross_page_submit_subset,312,172,368,491,531,0,0
time,10,absl_btree,outliers_128,price_query,20000,60,109,200,38311,0,0
time,10,absl_btree,outliers_128,near_range8,20000,106,204,485,78117,0,0
time,10,absl_btree,outliers_128,index_submit,20000,169,382,3735,50281,0,0
time,10,absl_btree,outliers_128,index_ack,20000,126,317,3522,54463,0,0
time,10,absl_btree,outliers_128,cross_page_submit_subset,312,168,363,536,1388,0,0
time,10,absl_btree,outliers_128,far_query,20000,69,106,200,23254,0,0
time,10,absl_btree,boundary_128,price_query,20000,58,116,240,36348,0,0
time,10,absl_btree,boundary_128,near_range8,20000,100,202,551,34655,0,0
time,10,absl_btree,boundary_128,index_submit,20000,159,386,3998,45844,0,0
time,10,absl_btree,boundary_128,index_ack,20000,229,521,4296,50468,0,0
time,10,absl_btree,boundary_128,cross_page_submit_subset,313,159,370,6154,27303,0,0
time,10,absl_btree,jump_128,price_query,20000,64,124,216,55530,0,0
time,10,absl_btree,jump_128,near_range8,20000,105,207,458,31872,0,0
time,10,absl_btree,jump_128,index_submit,20000,171,425,1285,39551,0,0
time,10,absl_btree,jump_128,index_ack,20000,128,537,862,76488,0,0
time,10,absl_btree,jump_128,cross_page_submit_subset,2704,277,665,1779,36327,0,0
time,10,absl_btree,jump_128,jump_submit_subset,2432,281,673,1779,36327,0,0
time,10,absl_btree,4096books_4near_2far,price_query,20000,271,894,4308,49878,0,0
time,10,absl_btree,new_book_growth,index_insert,20000,441,5830,17279,551999,0,0
time,10,absl_btree,new_book_growth,every64_subset,313,5875,13894,37946,64908,0,0
time,10,absl_btree,cancel_rehang_4near,index_cancel,20000,92,135,171,35745,0,0
time,10,absl_btree,cancel_rehang_4near,index_new,20000,176,299,639,51746,0,0
time,10,absl_btree,cancel_rehang_4near,index_accepted,20000,130,267,551,27360,0,0
time,10,absl_btree,cancel_rehang_4near,index_canceled,20000,194,254,710,77946,0,0
time,10,absl_btree,prototype_rolling_4_2far,price_query,20000,31,57,108,5614,0,0
time,10,absl_btree,prototype_rolling_4_2far,intent_to_command,20000,87,275,622,64446,0,0
time,10,absl_btree,prototype_rolling_4_2far,intent_queued,20000,33,121,219,41670,0,0
time,10,absl_btree,prototype_rolling_4_2far,replace_report,20000,136,364,862,235924,0,0
time,10,absl_btree,prototype_rolling_4_2far,ready_to_command,20000,128,378,809,114103,0,0
time,10,absl_btree,prototype_jump_4_2far,price_query,20000,30,59,106,34759,0,0
time,10,absl_btree,prototype_jump_4_2far,intent_to_command,20000,86,290,620,48623,0,0
time,10,absl_btree,prototype_jump_4_2far,intent_queued,20000,32,122,230,21332,0,0
time,10,absl_btree,prototype_jump_4_2far,replace_report,20000,134,363,1127,39133,0,0
time,10,absl_btree,prototype_jump_4_2far,ready_to_command,20000,125,366,1176,38446,0,0
time,10,absl_btree,prototype_rolling_32_2far,price_query,20000,37,84,140,62287,0,0
time,10,absl_btree,prototype_rolling_32_2far,intent_to_command,20000,92,275,680,67237,0,0
time,10,absl_btree,prototype_rolling_32_2far,intent_queued,20000,33,181,326,601,0,0
time,10,absl_btree,prototype_rolling_32_2far,replace_report,20000,83,407,680,99197,0,0
time,10,absl_btree,prototype_rolling_32_2far,ready_to_command,20000,114,367,660,283286,0,0
time,10,absl_btree,prototype_jump_32_2far,price_query,20000,34,70,102,22895,0,0
time,10,absl_btree,prototype_jump_32_2far,intent_to_command,20000,90,225,388,29767,0,0
time,10,absl_btree,prototype_jump_32_2far,intent_queued,20000,32,48,181,19882,0,0
time,10,absl_btree,prototype_jump_32_2far,replace_report,20000,82,285,572,17782,0,0
time,10,absl_btree,prototype_jump_32_2far,ready_to_command,20000,108,285,482,26579,0,0
time,10,window128,rolling_4,price_query,20000,54,75,172,979371,0,0
time,10,window128,rolling_4,near_range8,20000,74,136,352,45573,0,0
time,10,window128,rolling_4,index_submit,20000,157,240,1074,2209006,0,0
time,10,window128,rolling_4,index_ack,20000,144,198,329,34305,0,0
time,10,window128,rolling_4,cross_page_submit_subset,314,156,231,240,266,0,0
time,10,window128,outliers_4,price_query,20000,57,179,218,69064,0,0
time,10,window128,outliers_4,near_range8,20000,78,226,277,24369,0,0
time,10,window128,outliers_4,index_submit,20000,161,425,743,34992,0,0
time,10,window128,outliers_4,index_ack,20000,154,457,540,41610,0,0
time,10,window128,outliers_4,cross_page_submit_subset,314,160,413,685,5193,0,0
time,10,window128,outliers_4,far_query,20000,56,170,204,25076,0,0
time,10,window128,boundary_4,price_query,20000,55,73,159,22999,0,0
time,10,window128,boundary_4,near_range8,20000,78,117,227,23959,0,0
time,10,window128,boundary_4,index_submit,20000,157,225,337,32510,0,0
time,10,window128,boundary_4,index_ack,20000,182,221,376,87559,0,0
time,10,window128,boundary_4,cross_page_submit_subset,5000,155,179,260,23227,0,0
time,10,window128,jump_4,price_query,20000,55,82,204,21721,0,0
time,10,window128,jump_4,near_range8,20000,75,112,260,34564,0,0
time,10,window128,jump_4,index_submit,20000,160,261,454,58105,0,0
time,10,window128,jump_4,index_ack,20000,154,237,560,23742,0,0
time,10,window128,jump_4,cross_page_submit_subset,3746,214,299,759,1645,0,0
time,10,window128,jump_4,jump_submit_subset,2496,224,327,770,1645,0,0
time,10,window128,rolling_32,price_query,20000,44,59,142,24710,0,0
time,10,window128,rolling_32,near_range8,20000,123,165,283,23274,0,0
time,10,window128,rolling_32,index_submit,20000,139,181,304,33310,0,0
time,10,window128,rolling_32,index_ack,20000,125,183,249,38506,0,0
time,10,window128,rolling_32,cross_page_submit_subset,305,140,179,309,353,0,0
time,10,window128,outliers_32,price_query,20000,43,58,82,21199,0,0
time,10,window128,outliers_32,near_range8,20000,123,163,350,35074,0,0
time,10,window128,outliers_32,index_submit,20000,139,184,315,23125,0,0
time,10,window128,outliers_32,index_ack,20000,123,186,251,28962,0,0
time,10,window128,outliers_32,cross_page_submit_subset,305,139,211,242,244,0,0
time,10,window128,outliers_32,far_query,20000,51,66,113,23786,0,0
time,10,window128,boundary_32,price_query,20000,29,60,109,42752,0,0
time,10,window128,boundary_32,near_range8,20000,60,213,382,33012,0,0
time,10,window128,boundary_32,index_submit,20000,72,247,410,17873,0,0
time,10,window128,boundary_32,index_ack,20000,88,274,457,57456,0,0
time,10,window128,boundary_32,cross_page_submit_subset,625,84,232,323,335,0,0
time,10,window128,jump_32,price_query,20000,42,94,228,31690,0,0
time,10,window128,jump_32,near_range8,20000,97,235,471,50633,0,0
time,10,window128,jump_32,index_submit,20000,131,292,2095,34867,0,0
time,10,window128,jump_32,index_ack,20000,121,243,413,78460,0,0
time,10,window128,jump_32,cross_page_submit_subset,2652,180,331,801,13394,0,0
time,10,window128,jump_32,jump_submit_subset,2496,187,331,647,13394,0,0
time,10,window128,rolling_128,price_query,20000,45,77,151,432,0,0
time,10,window128,rolling_128,near_range8,20000,115,254,576,49238,0,0
time,10,window128,rolling_128,index_submit,20000,140,278,634,140275,0,0
time,10,window128,rolling_128,index_ack,20000,124,283,434,46435,0,0
time,10,window128,rolling_128,cross_page_submit_subset,312,141,268,369,372,0,0
time,10,window128,outliers_128,price_query,20000,45,78,157,4957,0,0
time,10,window128,outliers_128,near_range8,20000,118,194,301,25281,0,0
time,10,window128,outliers_128,index_submit,20000,144,195,480,25508,0,0
time,10,window128,outliers_128,index_ack,20000,124,191,328,51062,0,0
time,10,window128,outliers_128,cross_page_submit_subset,312,144,198,234,242,0,0
time,10,window128,outliers_128,far_query,20000,57,76,155,44580,0,0
time,10,window128,boundary_128,price_query,20000,45,79,147,24992,0,0
time,10,window128,boundary_128,near_range8,20000,124,215,346,36649,0,0
time,10,window128,boundary_128,index_submit,20000,142,235,5621,65272,0,0
time,10,window128,boundary_128,index_ack,20000,151,218,367,27140,0,0
time,10,window128,boundary_128,cross_page_submit_subset,313,144,185,232,360,0,0
time,10,window128,jump_128,price_query,20000,57,240,297,21766,0,0
time,10,window128,jump_128,near_range8,20000,117,357,426,25995,0,0
time,10,window128,jump_128,index_submit,20000,153,882,19126,33209,0,0
time,10,window128,jump_128,index_ack,20000,125,612,897,22723,0,0
time,10,window128,jump_128,cross_page_submit_subset,2704,229,1033,1969,24580,0,0
time,10,window128,jump_128,jump_submit_subset,2432,249,1051,1969,24580,0,0
time,10,window128,4096books_4near_2far,price_query,20000,330,1071,6192,176438,0,0
time,10,window128,new_book_growth,index_insert,20000,491,6602,31587,723994,0,0
time,10,window128,new_book_growth,every64_subset,313,6549,45660,66123,71641,0,0
time,10,window128,cancel_rehang_4near,index_cancel,20000,99,118,204,23800,0,0
time,10,window128,cancel_rehang_4near,index_new,20000,202,250,695,25492,0,0
time,10,window128,cancel_rehang_4near,index_accepted,20000,130,274,478,43494,0,0
time,10,window128,cancel_rehang_4near,index_canceled,20000,145,171,310,24153,0,0
time,10,window128,prototype_rolling_4_2far,price_query,20000,62,99,193,5474,0,0
time,10,window128,prototype_rolling_4_2far,intent_to_command,20000,185,357,629,39150,0,0
time,10,window128,prototype_rolling_4_2far,intent_queued,20000,50,141,273,22327,0,0
time,10,window128,prototype_rolling_4_2far,replace_report,20000,225,383,713,55947,0,0
time,10,window128,prototype_rolling_4_2far,ready_to_command,20000,305,545,1426,56946,0,0
time,10,window128,prototype_jump_4_2far,price_query,20000,52,75,165,24605,0,0
time,10,window128,prototype_jump_4_2far,intent_to_command,20000,169,321,631,37970,0,0
time,10,window128,prototype_jump_4_2far,intent_queued,20000,44,174,336,42587,0,0
time,10,window128,prototype_jump_4_2far,replace_report,20000,190,351,848,49560,0,0
time,10,window128,prototype_jump_4_2far,ready_to_command,20000,258,424,1216,50181,0,0
time,10,window128,prototype_rolling_32_2far,price_query,20000,49,64,106,32370,0,0
time,10,window128,prototype_rolling_32_2far,intent_to_command,20000,170,290,576,37211,0,0
time,10,window128,prototype_rolling_32_2far,intent_queued,20000,50,173,372,77592,0,0
time,10,window128,prototype_rolling_32_2far,replace_report,20000,175,310,700,26145,0,0
time,10,window128,prototype_rolling_32_2far,ready_to_command,20000,206,339,630,42281,0,0
time,10,window128,prototype_jump_32_2far,price_query,20000,50,73,147,5029,0,0
time,10,window128,prototype_jump_32_2far,intent_to_command,20000,172,308,991,33620,0,0
time,10,window128,prototype_jump_32_2far,intent_queued,20000,50,117,198,5359,0,0
time,10,window128,prototype_jump_32_2far,replace_report,20000,180,307,590,50479,0,0
time,10,window128,prototype_jump_32_2far,ready_to_command,20000,211,415,2751,59302,0,0
time,10,adaptive,rolling_4,price_query,20000,51,72,183,26933,0,0
time,10,adaptive,rolling_4,near_range8,20000,69,171,328,19124,0,0
time,10,adaptive,rolling_4,index_submit,20000,148,236,415,43931,0,0
time,10,adaptive,rolling_4,index_ack,20000,140,192,446,43184,0,0
time,10,adaptive,rolling_4,cross_page_submit_subset,314,148,249,373,38181,0,0
time,10,adaptive,outliers_4,price_query,20000,54,173,217,25816,0,0
time,10,adaptive,outliers_4,near_range8,20000,72,216,509,60990,0,0
time,10,adaptive,outliers_4,index_submit,20000,152,397,1006,25712,0,0
time,10,adaptive,outliers_4,index_ack,20000,144,442,550,52674,0,0
time,10,adaptive,outliers_4,cross_page_submit_subset,314,152,389,428,657,0,0
time,10,adaptive,outliers_4,far_query,20000,56,168,210,41483,0,0
time,10,adaptive,boundary_4,price_query,20000,52,76,232,89706,0,0
time,10,adaptive,boundary_4,near_range8,20000,72,182,353,54767,0,0
time,10,adaptive,boundary_4,index_submit,20000,149,231,573,28660,0,0
time,10,adaptive,boundary_4,index_ack,20000,170,229,548,46505,0,0
time,10,adaptive,boundary_4,cross_page_submit_subset,5000,147,189,370,8677,0,0
time,10,adaptive,jump_4,price_query,20000,51,73,185,5602,0,0
time,10,adaptive,jump_4,near_range8,20000,69,179,455,48177,0,0
time,10,adaptive,jump_4,index_submit,20000,152,244,461,43943,0,0
time,10,adaptive,jump_4,index_ack,20000,148,227,614,28223,0,0
time,10,adaptive,jump_4,cross_page_submit_subset,3746,196,269,635,3746,0,0
time,10,adaptive,jump_4,jump_submit_subset,2496,207,295,635,1055,0,0
time,10,adaptive,rolling_32,price_query,20000,38,71,115,24877,0,0
time,10,adaptive,rolling_32,near_range8,20000,61,178,370,38406,0,0
time,10,adaptive,rolling_32,index_submit,20000,100,203,424,42037,0,0
time,10,adaptive,rolling_32,index_ack,20000,90,184,303,25201,0,0
time,10,adaptive,rolling_32,cross_page_submit_subset,305,98,194,223,234,0,0
time,10,adaptive,outliers_32,price_query,20000,36,79,201,45363,0,0
time,10,adaptive,outliers_32,near_range8,20000,52,185,519,28218,0,0
time,10,adaptive,outliers_32,index_submit,20000,76,247,2934,46586,0,0
time,10,adaptive,outliers_32,index_ack,20000,64,212,975,76349,0,0
time,10,adaptive,outliers_32,cross_page_submit_subset,305,75,302,16986,36728,0,0
time,10,adaptive,outliers_32,far_query,20000,36,66,181,44691,0,0
time,10,adaptive,boundary_32,price_query,20000,35,70,96,3486,0,0
time,10,adaptive,boundary_32,near_range8,20000,51,111,336,25925,0,0
time,10,adaptive,boundary_32,index_submit,20000,71,188,307,40469,0,0
time,10,adaptive,boundary_32,index_ack,20000,97,191,416,51512,0,0
time,10,adaptive,boundary_32,cross_page_submit_subset,625,72,159,168,170,0,0
time,10,adaptive,jump_32,price_query,20000,35,76,120,37434,0,0
time,10,adaptive,jump_32,near_range8,20000,52,128,255,27948,0,0
time,10,adaptive,jump_32,index_submit,20000,70,238,485,42242,0,0
time,10,adaptive,jump_32,index_ack,20000,62,220,327,19887,0,0
time,10,adaptive,jump_32,cross_page_submit_subset,2652,103,347,1132,26953,0,0
time,10,adaptive,jump_32,jump_submit_subset,2496,104,348,1132,26953,0,0
time,10,adaptive,rolling_128,price_query,20000,40,84,136,5614,0,0
time,10,adaptive,rolling_128,near_range8,20000,57,193,424,37619,0,0
time,10,adaptive,rolling_128,index_submit,20000,105,254,455,29562,0,0
time,10,adaptive,rolling_128,index_ack,20000,81,239,386,39996,0,0
time,10,adaptive,rolling_128,cross_page_submit_subset,312,104,250,272,284,0,0
time,10,adaptive,outliers_128,price_query,20000,54,86,167,23934,0,0
time,10,adaptive,outliers_128,near_range8,20000,90,222,420,27104,0,0
time,10,adaptive,outliers_128,index_submit,20000,152,319,1079,40219,0,0
time,10,adaptive,outliers_128,index_ack,20000,122,282,514,46178,0,0
time,10,adaptive,outliers_128,cross_page_submit_subset,312,150,317,467,482,0,0
time,10,adaptive,outliers_128,far_query,20000,53,72,170,64576,0,0
time,10,adaptive,boundary_128,price_query,20000,59,93,163,7601,0,0
time,10,adaptive,boundary_128,near_range8,20000,98,225,472,61135,0,0
time,10,adaptive,boundary_128,index_submit,20000,159,218,587,41423,0,0
time,10,adaptive,boundary_128,index_ack,20000,151,256,438,68494,0,0
time,10,adaptive,boundary_128,cross_page_submit_subset,313,168,226,289,8707,0,0
time,10,adaptive,jump_128,price_query,20000,59,250,313,43378,0,0
time,10,adaptive,jump_128,near_range8,20000,98,309,396,45584,0,0
time,10,adaptive,jump_128,index_submit,20000,169,976,1394,59313,0,0
time,10,adaptive,jump_128,index_ack,20000,126,821,1031,50452,0,0
time,10,adaptive,jump_128,cross_page_submit_subset,2704,215,1141,3731,40762,0,0
time,10,adaptive,jump_128,jump_submit_subset,2432,224,1144,3731,40762,0,0
time,10,adaptive,4096books_4near_2far,price_query,20000,354,1069,6432,60253,0,0
time,10,adaptive,new_book_growth,index_insert,20000,483,7893,35675,2086545,0,0
time,10,adaptive,new_book_growth,every64_subset,313,9028,53529,66674,76103,0,0
time,10,adaptive,cancel_rehang_4near,index_cancel,20000,98,115,208,27570,0,0
time,10,adaptive,cancel_rehang_4near,index_new,20000,188,239,1101,56161,0,0
time,10,adaptive,cancel_rehang_4near,index_accepted,20000,126,274,648,53002,0,0
time,10,adaptive,cancel_rehang_4near,index_canceled,20000,134,159,555,47074,0,0
time,10,adaptive,prototype_rolling_4_2far,price_query,20000,62,173,211,83824,0,0
time,10,adaptive,prototype_rolling_4_2far,intent_to_command,20000,179,486,1026,39762,0,0
time,10,adaptive,prototype_rolling_4_2far,intent_queued,20000,50,153,274,6259,0,0
time,10,adaptive,prototype_rolling_4_2far,replace_report,20000,213,547,4129,53559,0,0
time,10,adaptive,prototype_rolling_4_2far,ready_to_command,20000,290,786,4536,54510,0,0
time,10,adaptive,prototype_jump_4_2far,price_query,20000,62,87,167,95574,0,0
time,10,adaptive,prototype_jump_4_2far,intent_to_command,20000,180,311,527,52338,0,0
time,10,adaptive,prototype_jump_4_2far,intent_queued,20000,50,122,215,6800,0,0
time,10,adaptive,prototype_jump_4_2far,replace_report,20000,213,345,768,27388,0,0
time,10,adaptive,prototype_jump_4_2far,ready_to_command,20000,290,413,1264,34740,0,0
time,10,adaptive,prototype_rolling_32_2far,price_query,20000,39,71,143,29166,0,0
time,10,adaptive,prototype_rolling_32_2far,intent_to_command,20000,88,294,705,39331,0,0
time,10,adaptive,prototype_rolling_32_2far,intent_queued,20000,32,123,249,4559,0,0
time,10,adaptive,prototype_rolling_32_2far,replace_report,20000,82,265,620,37401,0,0
time,10,adaptive,prototype_rolling_32_2far,ready_to_command,20000,102,335,1154,32406,0,0
time,10,adaptive,prototype_jump_32_2far,price_query,20000,64,99,172,38931,0,0
time,10,adaptive,prototype_jump_32_2far,intent_to_command,20000,182,314,487,44491,0,0
time,10,adaptive,prototype_jump_32_2far,intent_queued,20000,50,127,295,24347,0,0
time,10,adaptive,prototype_jump_32_2far,replace_report,20000,180,318,707,81423,0,0
time,10,adaptive,prototype_jump_32_2far,ready_to_command,20000,223,410,4486,95936,0,0
time,10,linear_prices,rolling_4,price_query,20000,43,58,141,26219,0,0
time,10,linear_prices,rolling_4,near_range8,20000,93,132,248,39097,0,0
time,10,linear_prices,rolling_4,index_submit,20000,128,164,252,25231,0,0
time,10,linear_prices,rolling_4,index_ack,20000,136,178,273,22399,0,0
time,10,linear_prices,rolling_4,cross_page_submit_subset,314,128,155,204,362,0,0
time,10,linear_prices,outliers_4,price_query,20000,43,59,140,5108,0,0
time,10,linear_prices,outliers_4,near_range8,20000,106,148,288,42804,0,0
time,10,linear_prices,outliers_4,index_submit,20000,129,169,286,39324,0,0
time,10,linear_prices,outliers_4,index_ack,20000,136,187,287,28385,0,0
time,10,linear_prices,outliers_4,cross_page_submit_subset,314,128,174,220,223,0,0
time,10,linear_prices,outliers_4,far_query,20000,46,61,207,20883,0,0
time,10,linear_prices,boundary_4,price_query,20000,44,59,138,4632,0,0
time,10,linear_prices,boundary_4,near_range8,20000,107,134,275,106359,0,0
time,10,linear_prices,boundary_4,index_submit,20000,129,166,256,22952,0,0
time,10,linear_prices,boundary_4,index_ack,20000,156,192,297,22236,0,0
time,10,linear_prices,boundary_4,cross_page_submit_subset,5000,126,157,284,22255,0,0
time,10,linear_prices,jump_4,price_query,20000,43,61,148,66273,0,0
time,10,linear_prices,jump_4,near_range8,20000,94,150,334,25207,0,0
time,10,linear_prices,jump_4,index_submit,20000,130,175,291,120290,0,0
time,10,linear_prices,jump_4,index_ack,20000,139,196,301,22878,0,0
time,10,linear_prices,jump_4,cross_page_submit_subset,3746,146,182,260,5357,0,0
time,10,linear_prices,jump_4,jump_submit_subset,2496,152,184,265,5357,0,0
time,10,linear_prices,rolling_32,price_query,20000,60,88,167,4916,0,0
time,10,linear_prices,rolling_32,near_range8,20000,638,819,9865,46795,0,0
time,10,linear_prices,rolling_32,index_submit,20000,160,231,422,46504,0,0
time,10,linear_prices,rolling_32,index_ack,20000,124,304,494,110425,0,0
time,10,linear_prices,rolling_32,cross_page_submit_subset,305,154,215,231,259,0,0
time,10,linear_prices,outliers_32,price_query,20000,45,70,100,26539,0,0
time,10,linear_prices,outliers_32,near_range8,20000,435,731,5528,77230,0,0
time,10,linear_prices,outliers_32,index_submit,20000,113,212,422,28854,0,0
time,10,linear_prices,outliers_32,index_ack,20000,96,245,326,30139,0,0
time,10,linear_prices,outliers_32,cross_page_submit_subset,305,105,251,336,4127,0,0
time,10,linear_prices,outliers_32,far_query,20000,47,82,142,25160,0,0
time,10,linear_prices,boundary_32,price_query,20000,49,71,115,29899,0,0
time,10,linear_prices,boundary_32,near_range8,20000,652,689,7236,56412,0,0
time,10,linear_prices,boundary_32,index_submit,20000,135,263,554,80326,0,0
time,10,linear_prices,boundary_32,index_ack,20000,138,280,531,113402,0,0
time,10,linear_prices,boundary_32,cross_page_submit_subset,625,129,192,270,7302,0,0
time,10,linear_prices,jump_32,price_query,20000,53,183,266,126847,0,0
time,10,linear_prices,jump_32,near_range8,20000,648,2159,8002,201162,0,0
time,10,linear_prices,jump_32,index_submit,20000,140,430,694,35819,0,0
time,10,linear_prices,jump_32,index_ack,20000,125,474,928,65126,0,0
time,10,linear_prices,jump_32,cross_page_submit_subset,2652,198,592,724,1942,0,0
time,10,linear_prices,jump_32,jump_submit_subset,2496,200,593,724,1942,0,0
time,10,linear_prices,rolling_128,price_query,20000,80,134,368,43973,0,0
time,10,linear_prices,rolling_128,near_range8,20000,2343,6422,41910,95316,0,0
time,10,linear_prices,rolling_128,index_submit,20000,164,446,1142,39723,0,0
time,10,linear_prices,rolling_128,index_ack,20000,124,436,743,58397,0,0
time,10,linear_prices,rolling_128,cross_page_submit_subset,312,158,297,538,713,0,0
time,10,linear_prices,outliers_128,price_query,20000,79,141,349,56354,0,0
time,10,linear_prices,outliers_128,near_range8,20000,2076,7409,50360,163385,0,0
time,10,linear_prices,outliers_128,index_submit,20000,167,592,1793,57540,0,0
time,10,linear_prices,outliers_128,index_ack,20000,124,562,1160,628646,0,0
time,10,linear_prices,outliers_128,cross_page_submit_subset,312,152,407,483,506,0,0
time,10,linear_prices,outliers_128,far_query,20000,164,249,639,45716,0,0
time,10,linear_prices,boundary_128,price_query,20000,80,147,296,87505,0,0
time,10,linear_prices,boundary_128,near_range8,20000,2034,2807,39096,109295,0,0
time,10,linear_prices,boundary_128,index_submit,20000,178,531,1226,38583,0,0
time,10,linear_prices,boundary_128,index_ack,20000,181,532,1085,37747,0,0
time,10,linear_prices,boundary_128,cross_page_submit_subset,313,164,536,758,894,0,0
time,10,linear_prices,jump_128,price_query,20000,95,218,375,59109,0,0
time,10,linear_prices,jump_128,near_range8,20000,2390,6381,40395,94186,0,0
time,10,linear_prices,jump_128,index_submit,20000,186,569,1445,51221,0,0
time,10,linear_prices,jump_128,index_ack,20000,130,776,2265,35379,0,0
time,10,linear_prices,jump_128,cross_page_submit_subset,2704,394,848,6036,31886,0,0
time,10,linear_prices,jump_128,jump_submit_subset,2432,404,861,6036,31886,0,0
time,10,linear_prices,4096books_4near_2far,price_query,20000,304,910,3872,72938,0,0
time,10,linear_prices,new_book_growth,index_insert,20000,406,5943,33685,2271447,0,0
time,10,linear_prices,new_book_growth,every64_subset,313,6059,39667,66457,76190,0,0
time,10,linear_prices,cancel_rehang_4near,index_cancel,20000,94,160,362,171862,0,0
time,10,linear_prices,cancel_rehang_4near,index_new,20000,147,295,461,33936,0,0
time,10,linear_prices,cancel_rehang_4near,index_accepted,20000,123,282,551,55410,0,0
time,10,linear_prices,cancel_rehang_4near,index_canceled,20000,132,219,364,33361,0,0
time,10,linear_prices,prototype_rolling_4_2far,price_query,20000,54,86,162,54343,0,0
time,10,linear_prices,prototype_rolling_4_2far,intent_to_command,20000,159,389,773,75048,0,0
time,10,linear_prices,prototype_rolling_4_2far,intent_queued,20000,51,205,494,33957,0,0
time,10,linear_prices,prototype_rolling_4_2far,replace_report,20000,197,427,777,65724,0,0
time,10,linear_prices,prototype_rolling_4_2far,ready_to_command,20000,211,451,937,57335,0,0
time,10,linear_prices,prototype_jump_4_2far,price_query,20000,55,131,249,57200,0,0
time,10,linear_prices,prototype_jump_4_2far,intent_to_command,20000,168,484,840,81742,0,0
time,10,linear_prices,prototype_jump_4_2far,intent_queued,20000,52,198,482,53785,0,0
time,10,linear_prices,prototype_jump_4_2far,replace_report,20000,206,530,1138,53383,0,0
time,10,linear_prices,prototype_jump_4_2far,ready_to_command,20000,222,527,861,35463,0,0
time,10,linear_prices,prototype_rolling_32_2far,price_query,20000,60,148,233,28451,0,0
time,10,linear_prices,prototype_rolling_32_2far,intent_to_command,20000,176,457,707,60043,0,0
time,10,linear_prices,prototype_rolling_32_2far,intent_queued,20000,52,205,517,6788,0,0
time,10,linear_prices,prototype_rolling_32_2far,replace_report,20000,175,482,915,56751,0,0
time,10,linear_prices,prototype_rolling_32_2far,ready_to_command,20000,220,556,4584,197939,0,0
time,10,linear_prices,prototype_jump_32_2far,price_query,20000,56,120,210,39964,0,0
time,10,linear_prices,prototype_jump_32_2far,intent_to_command,20000,166,417,776,80144,0,0
time,10,linear_prices,prototype_jump_32_2far,intent_queued,20000,50,222,497,36882,0,0
time,10,linear_prices,prototype_jump_32_2far,replace_report,20000,163,443,1112,41107,0,0
time,10,linear_prices,prototype_jump_32_2far,ready_to_command,20000,203,453,1007,91412,0,0
time,10,sorted_deque_soa,rolling_4,price_query,20000,51,134,174,77252,0,0
time,10,sorted_deque_soa,rolling_4,near_range8,20000,57,173,200,31476,0,0
time,10,sorted_deque_soa,rolling_4,index_submit,20000,141,400,599,32288,0,0
time,10,sorted_deque_soa,rolling_4,index_ack,20000,125,387,477,55254,0,0
time,10,sorted_deque_soa,rolling_4,cross_page_submit_subset,314,141,309,510,577,0,0
time,10,sorted_deque_soa,outliers_4,price_query,20000,53,67,135,33251,0,0
time,10,sorted_deque_soa,outliers_4,near_range8,20000,60,71,180,26848,0,0
time,10,sorted_deque_soa,outliers_4,index_submit,20000,144,249,588,57116,0,0
time,10,sorted_deque_soa,outliers_4,index_ack,20000,125,184,431,39039,0,0
time,10,sorted_deque_soa,outliers_4,cross_page_submit_subset,314,144,233,248,298,0,0
time,10,sorted_deque_soa,outliers_4,far_query,20000,52,130,398,58208,0,0
time,10,sorted_deque_soa,boundary_4,price_query,20000,51,59,84,42407,0,0
time,10,sorted_deque_soa,boundary_4,near_range8,20000,61,68,97,34942,0,0
time,10,sorted_deque_soa,boundary_4,index_submit,20000,142,189,360,57682,0,0
time,10,sorted_deque_soa,boundary_4,index_ack,20000,158,190,276,32923,0,0
time,10,sorted_deque_soa,boundary_4,cross_page_submit_subset,5000,141,162,250,25565,0,0
time,10,sorted_deque_soa,jump_4,price_query,20000,51,68,127,27383,0,0
time,10,sorted_deque_soa,jump_4,near_range8,20000,57,77,126,61840,0,0
time,10,sorted_deque_soa,jump_4,index_submit,20000,141,242,477,36684,0,0
time,10,sorted_deque_soa,jump_4,index_ack,20000,126,216,398,26651,0,0
time,10,sorted_deque_soa,jump_4,cross_page_submit_subset,3746,161,271,474,724,0,0
time,10,sorted_deque_soa,jump_4,jump_submit_subset,2496,181,288,477,724,0,0
time,10,sorted_deque_soa,rolling_32,price_query,20000,76,108,228,45305,0,0
time,10,sorted_deque_soa,rolling_32,near_range8,20000,100,140,345,75061,0,0
time,10,sorted_deque_soa,rolling_32,index_submit,20000,165,413,923,55810,0,0
time,10,sorted_deque_soa,rolling_32,index_ack,20000,123,368,810,43196,0,0
time,10,sorted_deque_soa,rolling_32,cross_page_submit_subset,305,166,287,391,586,0,0
time,10,sorted_deque_soa,outliers_32,price_query,20000,78,92,242,33137,0,0
time,10,sorted_deque_soa,outliers_32,near_range8,20000,102,117,327,45073,0,0
time,10,sorted_deque_soa,outliers_32,index_submit,20000,168,370,3657,80093,0,0
time,10,sorted_deque_soa,outliers_32,index_ack,20000,123,257,609,33292,0,0
time,10,sorted_deque_soa,outliers_32,cross_page_submit_subset,305,168,328,595,696,0,0
time,10,sorted_deque_soa,outliers_32,far_query,20000,77,127,392,32172,0,0
time,10,sorted_deque_soa,boundary_32,price_query,20000,76,92,216,75206,0,0
time,10,sorted_deque_soa,boundary_32,near_range8,20000,100,117,292,30784,0,0
time,10,sorted_deque_soa,boundary_32,index_submit,20000,166,294,684,60772,0,0
time,10,sorted_deque_soa,boundary_32,index_ack,20000,172,303,1069,52018,0,0
time,10,sorted_deque_soa,boundary_32,cross_page_submit_subset,625,166,232,291,416,0,0
time,10,sorted_deque_soa,jump_32,price_query,20000,75,110,259,50145,0,0
time,10,sorted_deque_soa,jump_32,near_range8,20000,99,136,265,31702,0,0
time,10,sorted_deque_soa,jump_32,index_submit,20000,166,439,1057,65056,0,0
time,10,sorted_deque_soa,jump_32,index_ack,20000,123,350,581,13487,0,0
time,10,sorted_deque_soa,jump_32,cross_page_submit_subset,2652,311,612,922,2725,0,0
time,10,sorted_deque_soa,jump_32,jump_submit_subset,2496,317,615,922,2725,0,0
time,10,sorted_deque_soa,rolling_128,price_query,20000,54,145,224,35234,0,0
time,10,sorted_deque_soa,rolling_128,near_range8,20000,78,193,264,28021,0,0
time,10,sorted_deque_soa,rolling_128,index_submit,20000,157,446,2008,54416,0,0
time,10,sorted_deque_soa,rolling_128,index_ack,20000,123,360,752,57437,0,0
time,10,sorted_deque_soa,rolling_128,cross_page_submit_subset,312,159,353,551,594,0,0
time,10,sorted_deque_soa,outliers_128,price_query,20000,54,87,187,36468,0,0
time,10,sorted_deque_soa,outliers_128,near_range8,20000,78,108,257,81234,0,0
time,10,sorted_deque_soa,outliers_128,index_submit,20000,145,273,880,40657,0,0
time,10,sorted_deque_soa,outliers_128,index_ack,20000,122,232,456,36146,0,0
time,10,sorted_deque_soa,outliers_128,cross_page_submit_subset,312,145,241,282,296,0,0
time,10,sorted_deque_soa,outliers_128,far_query,20000,58,148,449,9796,0,0
time,10,sorted_deque_soa,boundary_128,price_query,20000,57,94,122,28741,0,0
time,10,sorted_deque_soa,boundary_128,near_range8,20000,77,88,146,38316,0,0
time,10,sorted_deque_soa,boundary_128,index_submit,20000,149,205,697,58997,0,0
time,10,sorted_deque_soa,boundary_128,index_ack,20000,136,232,550,57571,0,0
time,10,sorted_deque_soa,boundary_128,cross_page_submit_subset,313,155,210,260,365,0,0
time,10,sorted_deque_soa,jump_128,price_query,20000,56,186,266,28741,0,0
time,10,sorted_deque_soa,jump_128,near_range8,20000,72,195,375,35021,0,0
time,10,sorted_deque_soa,jump_128,index_submit,20000,164,773,6506,97288,0,0
time,10,sorted_deque_soa,jump_128,index_ack,20000,125,633,1109,65157,0,0
time,10,sorted_deque_soa,jump_128,cross_page_submit_subset,2704,263,981,12544,97288,0,0
time,10,sorted_deque_soa,jump_128,jump_submit_subset,2432,284,1007,12544,97288,0,0
time,10,sorted_deque_soa,4096books_4near_2far,price_query,20000,564,1362,11396,178458,0,0
time,10,sorted_deque_soa,new_book_growth,index_insert,20000,526,9426,36120,940073,0,0
time,10,sorted_deque_soa,new_book_growth,every64_subset,313,9582,42672,46501,79757,0,0
time,10,sorted_deque_soa,cancel_rehang_4near,index_cancel,20000,91,124,243,39418,0,0
time,10,sorted_deque_soa,cancel_rehang_4near,index_new,20000,171,312,4770,69954,0,0
time,10,sorted_deque_soa,cancel_rehang_4near,index_accepted,20000,120,279,697,56192,0,0
time,10,sorted_deque_soa,cancel_rehang_4near,index_canceled,20000,126,168,353,32937,0,0
time,10,sorted_deque_soa,prototype_rolling_4_2far,price_query,20000,57,106,262,10120,0,0
time,10,sorted_deque_soa,prototype_rolling_4_2far,intent_to_command,20000,182,462,5938,53050,0,0
time,10,sorted_deque_soa,prototype_rolling_4_2far,intent_queued,20000,50,241,595,28761,0,0
time,10,sorted_deque_soa,prototype_rolling_4_2far,replace_report,20000,213,489,6110,136009,0,0
time,10,sorted_deque_soa,prototype_rolling_4_2far,ready_to_command,20000,280,588,5811,38972,0,0
time,10,sorted_deque_soa,prototype_jump_4_2far,price_query,20000,57,95,208,60822,0,0
time,10,sorted_deque_soa,prototype_jump_4_2far,intent_to_command,20000,178,455,4589,37526,0,0
time,10,sorted_deque_soa,prototype_jump_4_2far,intent_queued,20000,51,224,546,48953,0,0
time,10,sorted_deque_soa,prototype_jump_4_2far,replace_report,20000,210,500,4793,86503,0,0
time,10,sorted_deque_soa,prototype_jump_4_2far,ready_to_command,20000,275,564,5526,39998,0,0
time,10,sorted_deque_soa,prototype_rolling_32_2far,price_query,20000,81,257,525,76103,0,0
time,10,sorted_deque_soa,prototype_rolling_32_2far,intent_to_command,20000,205,681,5502,39134,0,0
time,10,sorted_deque_soa,prototype_rolling_32_2far,intent_queued,20000,52,211,519,53679,0,0
time,10,sorted_deque_soa,prototype_rolling_32_2far,replace_report,20000,174,536,4138,55461,0,0
time,10,sorted_deque_soa,prototype_rolling_32_2far,ready_to_command,20000,242,793,4821,80166,0,0
time,10,sorted_deque_soa,prototype_jump_32_2far,price_query,20000,80,227,290,52570,0,0
time,10,sorted_deque_soa,prototype_jump_32_2far,intent_to_command,20000,205,552,814,118148,0,0
time,10,sorted_deque_soa,prototype_jump_32_2far,intent_queued,20000,51,200,521,57518,0,0
time,10,sorted_deque_soa,prototype_jump_32_2far,replace_report,20000,176,549,920,58926,0,0
time,10,sorted_deque_soa,prototype_jump_32_2far,ready_to_command,20000,245,737,3662,101829,0,0
time,11,sorted_deque_soa,rolling_4,price_query,20000,51,87,153,31880,0,0
time,11,sorted_deque_soa,rolling_4,near_range8,20000,58,97,171,52374,0,0
time,11,sorted_deque_soa,rolling_4,index_submit,20000,148,270,487,49658,0,0
time,11,sorted_deque_soa,rolling_4,index_ack,20000,132,230,417,49422,0,0
time,11,sorted_deque_soa,rolling_4,cross_page_submit_subset,314,148,236,328,523,0,0
time,11,sorted_deque_soa,outliers_4,price_query,20000,54,139,155,37996,0,0
time,11,sorted_deque_soa,outliers_4,near_range8,20000,60,183,208,26785,0,0
time,11,sorted_deque_soa,outliers_4,index_submit,20000,153,400,620,51856,0,0
time,11,sorted_deque_soa,outliers_4,index_ack,20000,137,402,497,54773,0,0
time,11,sorted_deque_soa,outliers_4,cross_page_submit_subset,314,154,380,511,580,0,0
time,11,sorted_deque_soa,outliers_4,far_query,20000,53,144,404,6385,0,0
time,11,sorted_deque_soa,boundary_4,price_query,20000,53,114,195,5872,0,0
time,11,sorted_deque_soa,boundary_4,near_range8,20000,61,128,221,32583,0,0
time,11,sorted_deque_soa,boundary_4,index_submit,20000,152,315,663,33739,0,0
time,11,sorted_deque_soa,boundary_4,index_ack,20000,166,306,617,54101,0,0
time,11,sorted_deque_soa,boundary_4,cross_page_submit_subset,5000,148,303,692,31977,0,0
time,11,sorted_deque_soa,jump_4,price_query,20000,53,108,315,28135,0,0
time,11,sorted_deque_soa,jump_4,near_range8,20000,60,116,191,26229,0,0
time,11,sorted_deque_soa,jump_4,index_submit,20000,156,308,518,34130,0,0
time,11,sorted_deque_soa,jump_4,index_ack,20000,147,282,1132,53451,0,0
time,11,sorted_deque_soa,jump_4,cross_page_submit_subset,3746,186,357,619,34130,0,0
time,11,sorted_deque_soa,jump_4,jump_submit_subset,2496,202,391,619,34130,0,0
time,11,sorted_deque_soa,rolling_32,price_query,20000,77,170,247,28621,0,0
time,11,sorted_deque_soa,rolling_32,near_range8,20000,102,221,345,56900,0,0
time,11,sorted_deque_soa,rolling_32,index_submit,20000,175,363,727,38501,0,0
time,11,sorted_deque_soa,rolling_32,index_ack,20000,125,281,493,56926,0,0
time,11,sorted_deque_soa,rolling_32,cross_page_submit_subset,305,174,307,340,516,0,0
time,11,sorted_deque_soa,outliers_32,price_query,20000,78,154,275,55973,0,0
time,11,sorted_deque_soa,outliers_32,near_range8,20000,103,180,328,59937,0,0
time,11,sorted_deque_soa,outliers_32,index_submit,20000,178,392,718,60771,0,0
time,11,sorted_deque_soa,outliers_32,index_ack,20000,125,267,468,124146,0,0
time,11,sorted_deque_soa,outliers_32,cross_page_submit_subset,305,178,367,385,481,0,0
time,11,sorted_deque_soa,outliers_32,far_query,20000,78,169,422,55097,0,0
time,11,sorted_deque_soa,boundary_32,price_query,20000,77,141,252,44126,0,0
time,11,sorted_deque_soa,boundary_32,near_range8,20000,101,197,330,32359,0,0
time,11,sorted_deque_soa,boundary_32,index_submit,20000,175,345,675,78907,0,0
time,11,sorted_deque_soa,boundary_32,index_ack,20000,178,346,686,76005,0,0
time,11,sorted_deque_soa,boundary_32,cross_page_submit_subset,625,177,297,421,536,0,0
time,11,sorted_deque_soa,jump_32,price_query,20000,79,135,401,33641,0,0
time,11,sorted_deque_soa,jump_32,near_range8,20000,104,156,432,62395,0,0
time,11,sorted_deque_soa,jump_32,index_submit,20000,174,494,1318,59793,0,0
time,11,sorted_deque_soa,jump_32,index_ack,20000,126,367,976,84801,0,0
time,11,sorted_deque_soa,jump_32,cross_page_submit_subset,2652,350,759,1517,58526,0,0
time,11,sorted_deque_soa,jump_32,jump_submit_subset,2496,354,839,1517,58526,0,0
time,11,sorted_deque_soa,rolling_128,price_query,20000,58,104,206,58601,0,0
time,11,sorted_deque_soa,rolling_128,near_range8,20000,78,98,220,34786,0,0
time,11,sorted_deque_soa,rolling_128,index_submit,20000,169,257,488,35329,0,0
time,11,sorted_deque_soa,rolling_128,index_ack,20000,126,232,359,54985,0,0
time,11,sorted_deque_soa,rolling_128,cross_page_submit_subset,312,170,242,311,337,0,0
time,11,sorted_deque_soa,outliers_128,price_query,20000,57,125,229,60256,0,0
time,11,sorted_deque_soa,outliers_128,near_range8,20000,80,165,299,38746,0,0
time,11,sorted_deque_soa,outliers_128,index_submit,20000,155,410,1682,54740,0,0
time,11,sorted_deque_soa,outliers_128,index_ack,20000,129,341,759,38925,0,0
time,11,sorted_deque_soa,outliers_128,cross_page_submit_subset,312,157,497,566,649,0,0
time,11,sorted_deque_soa,outliers_128,far_query,20000,59,145,411,17575,0,0
time,11,sorted_deque_soa,boundary_128,price_query,20000,63,109,205,34504,0,0
time,11,sorted_deque_soa,boundary_128,near_range8,20000,79,100,206,7477,0,0
time,11,sorted_deque_soa,boundary_128,index_submit,20000,162,253,478,99706,0,0
time,11,sorted_deque_soa,boundary_128,index_ack,20000,155,276,503,55622,0,0
time,11,sorted_deque_soa,boundary_128,cross_page_submit_subset,313,169,289,325,369,0,0
time,11,sorted_deque_soa,jump_128,price_query,20000,60,116,202,52193,0,0
time,11,sorted_deque_soa,jump_128,near_range8,20000,81,150,226,32442,0,0
time,11,sorted_deque_soa,jump_128,index_submit,20000,174,538,1274,51865,0,0
time,11,sorted_deque_soa,jump_128,index_ack,20000,130,465,755,31145,0,0
time,11,sorted_deque_soa,jump_128,cross_page_submit_subset,2704,218,698,4152,51865,0,0
time,11,sorted_deque_soa,jump_128,jump_submit_subset,2432,249,700,4152,51865,0,0
time,11,sorted_deque_soa,4096books_4near_2far,price_query,20000,481,1185,7754,92139,0,0
time,11,sorted_deque_soa,new_book_growth,index_insert,20000,486,8142,36561,1734092,0,0
time,11,sorted_deque_soa,new_book_growth,every64_subset,313,7114,34583,50055,81616,0,0
time,11,sorted_deque_soa,cancel_rehang_4near,index_cancel,20000,93,110,206,56407,0,0
time,11,sorted_deque_soa,cancel_rehang_4near,index_new,20000,166,252,667,36618,0,0
time,11,sorted_deque_soa,cancel_rehang_4near,index_accepted,20000,121,253,520,57699,0,0
time,11,sorted_deque_soa,cancel_rehang_4near,index_canceled,20000,130,153,372,53327,0,0
time,11,sorted_deque_soa,prototype_rolling_4_2far,price_query,20000,55,118,269,47394,0,0
time,11,sorted_deque_soa,prototype_rolling_4_2far,intent_to_command,20000,175,435,776,55393,0,0
time,11,sorted_deque_soa,prototype_rolling_4_2far,intent_queued,20000,51,201,503,54109,0,0
time,11,sorted_deque_soa,prototype_rolling_4_2far,replace_report,20000,206,486,1512,71430,0,0
time,11,sorted_deque_soa,prototype_rolling_4_2far,ready_to_command,20000,266,613,1458,38076,0,0
time,11,sorted_deque_soa,prototype_jump_4_2far,price_query,20000,55,77,146,893,0,0
time,11,sorted_deque_soa,prototype_jump_4_2far,intent_to_command,20000,175,341,710,51206,0,0
time,11,sorted_deque_soa,prototype_jump_4_2far,intent_queued,20000,51,185,466,81817,0,0
time,11,sorted_deque_soa,prototype_jump_4_2far,replace_report,20000,206,375,1716,51498,0,0
time,11,sorted_deque_soa,prototype_jump_4_2far,ready_to_command,20000,266,427,1210,289719,0,0
time,11,sorted_deque_soa,prototype_rolling_32_2far,price_query,20000,77,104,160,35991,0,0
time,11,sorted_deque_soa,prototype_rolling_32_2far,intent_to_command,20000,195,370,725,59037,0,0
time,11,sorted_deque_soa,prototype_rolling_32_2far,intent_queued,20000,50,207,528,61587,0,0
time,11,sorted_deque_soa,prototype_rolling_32_2far,replace_report,20000,163,390,805,63576,0,0
time,11,sorted_deque_soa,prototype_rolling_32_2far,ready_to_command,20000,229,527,855,37860,0,0
time,11,sorted_deque_soa,prototype_jump_32_2far,price_query,20000,73,220,446,59438,0,0
time,11,sorted_deque_soa,prototype_jump_32_2far,intent_to_command,20000,197,589,1984,74857,0,0
time,11,sorted_deque_soa,prototype_jump_32_2far,intent_queued,20000,47,243,537,89753,0,0
time,11,sorted_deque_soa,prototype_jump_32_2far,replace_report,20000,164,543,950,33649,0,0
time,11,sorted_deque_soa,prototype_jump_32_2far,ready_to_command,20000,239,764,6730,115217,0,0
time,11,sorted_deque,rolling_4,price_query,20000,46,80,122,38221,0,0
time,11,sorted_deque,rolling_4,near_range8,20000,51,93,182,35771,0,0
time,11,sorted_deque,rolling_4,index_submit,20000,132,271,556,106396,0,0
time,11,sorted_deque,rolling_4,index_ack,20000,121,220,382,70510,0,0
time,11,sorted_deque,rolling_4,cross_page_submit_subset,314,131,268,307,663,0,0
time,11,sorted_deque,outliers_4,price_query,20000,52,66,104,78369,0,0
time,11,sorted_deque,outliers_4,near_range8,20000,58,76,124,31938,0,0
time,11,sorted_deque,outliers_4,index_submit,20000,142,232,507,30613,0,0
time,11,sorted_deque,outliers_4,index_ack,20000,126,186,474,52455,0,0
time,11,sorted_deque,outliers_4,cross_page_submit_subset,314,142,230,237,317,0,0
time,11,sorted_deque,outliers_4,far_query,20000,52,163,405,52773,0,0
time,11,sorted_deque,boundary_4,price_query,20000,48,87,227,5389,0,0
time,11,sorted_deque,boundary_4,near_range8,20000,54,85,230,60469,0,0
time,11,sorted_deque,boundary_4,index_submit,20000,140,237,501,96869,0,0
time,11,sorted_deque,boundary_4,index_ack,20000,144,244,435,29100,0,0
time,11,sorted_deque,boundary_4,cross_page_submit_subset,5000,134,211,470,37356,0,0
time,11,sorted_deque,jump_4,price_query,20000,50,136,308,898,0,0
time,11,sorted_deque,jump_4,near_range8,20000,56,139,222,8209,0,0
time,11,sorted_deque,jump_4,index_submit,20000,147,343,574,33974,0,0
time,11,sorted_deque,jump_4,index_ack,20000,141,365,630,58328,0,0
time,11,sorted_deque,jump_4,cross_page_submit_subset,3746,174,467,611,4240,0,0
time,11,sorted_deque,jump_4,jump_submit_subset,2496,190,498,619,4240,0,0
time,11,sorted_deque,rolling_32,price_query,20000,53,102,218,35925,0,0
time,11,sorted_deque,rolling_32,near_range8,20000,77,153,327,37426,0,0
time,11,sorted_deque,rolling_32,index_submit,20000,143,400,784,78035,0,0
time,11,sorted_deque,rolling_32,index_ack,20000,126,404,642,39038,0,0
time,11,sorted_deque,rolling_32,cross_page_submit_subset,305,143,401,474,7202,0,0
time,11,sorted_deque,outliers_32,price_query,20000,53,144,206,29704,0,0
time,11,sorted_deque,outliers_32,near_range8,20000,76,188,248,4943,0,0
time,11,sorted_deque,outliers_32,index_submit,20000,148,336,494,54312,0,0
time,11,sorted_deque,outliers_32,index_ack,20000,125,333,520,58490,0,0
time,11,sorted_deque,outliers_32,cross_page_submit_subset,305,147,318,360,423,0,0
time,11,sorted_deque,outliers_32,far_query,20000,53,150,402,36406,0,0
time,11,sorted_deque,boundary_32,price_query,20000,52,83,196,31980,0,0
time,11,sorted_deque,boundary_32,near_range8,20000,77,112,248,58798,0,0
time,11,sorted_deque,boundary_32,index_submit,20000,144,321,663,100415,0,0
time,11,sorted_deque,boundary_32,index_ack,20000,147,320,631,40756,0,0
time,11,sorted_deque,boundary_32,cross_page_submit_subset,625,147,267,412,638,0,0
time,11,sorted_deque,jump_32,price_query,20000,53,146,221,58689,0,0
time,11,sorted_deque,jump_32,near_range8,20000,77,215,266,46777,0,0
time,11,sorted_deque,jump_32,index_submit,20000,146,366,651,34029,0,0
time,11,sorted_deque,jump_32,index_ack,20000,125,362,576,35534,0,0
time,11,sorted_deque,jump_32,cross_page_submit_subset,2652,197,579,1069,27396,0,0
time,11,sorted_deque,jump_32,jump_submit_subset,2496,199,580,1069,27396,0,0
time,11,sorted_deque,rolling_128,price_query,20000,57,108,223,33576,0,0
time,11,sorted_deque,rolling_128,near_range8,20000,81,118,254,50800,0,0
time,11,sorted_deque,rolling_128,index_submit,20000,154,289,544,37638,0,0
time,11,sorted_deque,rolling_128,index_ack,20000,125,265,426,32684,0,0
time,11,sorted_deque,rolling_128,cross_page_submit_subset,312,154,289,314,350,0,0
time,11,sorted_deque,outliers_128,price_query,20000,56,137,220,42789,0,0
time,11,sorted_deque,outliers_128,near_range8,20000,79,176,264,31343,0,0
time,11,sorted_deque,outliers_128,index_submit,20000,148,352,620,56953,0,0
time,11,sorted_deque,outliers_128,index_ack,20000,122,355,534,36394,0,0
time,11,sorted_deque,outliers_128,cross_page_submit_subset,312,148,318,426,491,0,0
time,11,sorted_deque,outliers_128,far_query,20000,56,155,393,29089,0,0
time,11,sorted_deque,boundary_128,price_query,20000,59,138,223,38402,0,0
time,11,sorted_deque,boundary_128,near_range8,20000,82,178,273,33231,0,0
time,11,sorted_deque,boundary_128,index_submit,20000,157,388,761,59830,0,0
time,11,sorted_deque,boundary_128,index_ack,20000,160,339,738,37880,0,0
time,11,sorted_deque,boundary_128,cross_page_submit_subset,313,169,396,564,755,0,0
time,11,sorted_deque,jump_128,price_query,20000,59,118,226,31685,0,0
time,11,sorted_deque,jump_128,near_range8,20000,82,140,245,58354,0,0
time,11,sorted_deque,jump_128,index_submit,20000,156,393,880,33921,0,0
time,11,sorted_deque,jump_128,index_ack,20000,129,369,615,57199,0,0
time,11,sorted_deque,jump_128,cross_page_submit_subset,2704,214,490,1362,5777,0,0
time,11,sorted_deque,jump_128,jump_submit_subset,2432,224,499,1362,5777,0,0
time,11,sorted_deque,4096books_4near_2far,price_query,20000,364,1047,6703,64302,0,0
time,11,sorted_deque,new_book_growth,index_insert,20000,484,9167,37287,1959259,0,0
time,11,sorted_deque,new_book_growth,every64_subset,313,10061,28665,41083,104174,0,0
time,11,sorted_deque,cancel_rehang_4near,index_cancel,20000,93,114,238,55329,0,0
time,11,sorted_deque,cancel_rehang_4near,index_new,20000,164,261,619,54782,0,0
time,11,sorted_deque,cancel_rehang_4near,index_accepted,20000,121,266,447,40317,0,0
time,11,sorted_deque,cancel_rehang_4near,index_canceled,20000,130,155,391,40977,0,0
time,11,sorted_deque,prototype_rolling_4_2far,price_query,20000,55,65,139,13256,0,0
time,11,sorted_deque,prototype_rolling_4_2far,intent_to_command,20000,172,318,791,52051,0,0
time,11,sorted_deque,prototype_rolling_4_2far,intent_queued,20000,51,172,390,37332,0,0
time,11,sorted_deque,prototype_rolling_4_2far,replace_report,20000,200,341,705,30779,0,0
time,11,sorted_deque,prototype_rolling_4_2far,ready_to_command,20000,256,406,5403,77771,0,0
time,11,sorted_deque,prototype_jump_4_2far,price_query,20000,55,74,133,53552,0,0
time,11,sorted_deque,prototype_jump_4_2far,intent_to_command,20000,172,348,653,10554,0,0
time,11,sorted_deque,prototype_jump_4_2far,intent_queued,20000,51,198,446,114353,0,0
time,11,sorted_deque,prototype_jump_4_2far,replace_report,20000,200,394,1163,63353,0,0
time,11,sorted_deque,prototype_jump_4_2far,ready_to_command,20000,256,443,4616,87169,0,0
time,11,sorted_deque,prototype_rolling_32_2far,price_query,20000,55,103,286,5474,0,0
time,11,sorted_deque,prototype_rolling_32_2far,intent_to_command,20000,175,481,879,58028,0,0
time,11,sorted_deque,prototype_rolling_32_2far,intent_queued,20000,51,219,516,81302,0,0
time,11,sorted_deque,prototype_rolling_32_2far,replace_report,20000,163,386,794,53440,0,0
time,11,sorted_deque,prototype_rolling_32_2far,ready_to_command,20000,208,525,4338,56575,0,0
time,11,sorted_deque,prototype_jump_32_2far,price_query,20000,55,130,235,36487,0,0
time,11,sorted_deque,prototype_jump_32_2far,intent_to_command,20000,174,426,744,58105,0,0
time,11,sorted_deque,prototype_jump_32_2far,intent_queued,20000,51,184,428,85030,0,0
time,11,sorted_deque,prototype_jump_32_2far,replace_report,20000,162,379,718,53673,0,0
time,11,sorted_deque,prototype_jump_32_2far,ready_to_command,20000,208,469,913,77930,0,0
time,11,pool_pages,rolling_4,price_query,20000,48,65,142,68538,0,0
time,11,pool_pages,rolling_4,near_range8,20000,72,194,445,12046,0,0
time,11,pool_pages,rolling_4,index_submit,20000,135,225,930,82258,0,0
time,11,pool_pages,rolling_4,index_ack,20000,124,221,634,54747,0,0
time,11,pool_pages,rolling_4,cross_page_submit_subset,314,140,908,947,990,0,0
time,11,pool_pages,rolling_4,page_creation_subset,78,400,947,947,990,0,0
time,11,pool_pages,outliers_4,price_query,20000,50,59,141,50667,0,0
time,11,pool_pages,outliers_4,near_range8,20000,73,185,422,33176,0,0
time,11,pool_pages,outliers_4,index_submit,20000,137,200,718,44691,0,0
time,11,pool_pages,outliers_4,index_ack,20000,126,212,477,33859,0,0
time,11,pool_pages,outliers_4,cross_page_submit_subset,314,140,714,843,1004,0,0
time,11,pool_pages,outliers_4,page_creation_subset,78,341,843,843,1004,0,0
time,11,pool_pages,outliers_4,far_query,20000,53,63,154,54862,0,0
time,11,pool_pages,boundary_4,price_query,20000,49,68,158,55063,0,0
time,11,pool_pages,boundary_4,near_range8,20000,80,209,501,34967,0,0
time,11,pool_pages,boundary_4,index_submit,20000,135,208,461,34281,0,0
time,11,pool_pages,boundary_4,index_ack,20000,156,280,724,56703,0,0
time,11,pool_pages,boundary_4,cross_page_submit_subset,5000,134,181,326,585,0,0
time,11,pool_pages,jump_4,price_query,20000,48,125,342,38928,0,0
time,11,pool_pages,jump_4,near_range8,20000,72,215,559,62541,0,0
time,11,pool_pages,jump_4,index_submit,20000,135,284,815,100081,0,0
time,11,pool_pages,jump_4,index_ack,20000,127,269,478,57345,0,0
time,11,pool_pages,jump_4,cross_page_submit_subset,3746,156,410,815,7106,0,0
time,11,pool_pages,jump_4,page_creation_subset,1248,257,504,1138,7106,0,0
time,11,pool_pages,jump_4,jump_submit_subset,2496,191,449,818,7106,0,0
time,11,pool_pages,rolling_32,price_query,20000,49,60,130,30240,0,0
time,11,pool_pages,rolling_32,near_range8,20000,95,229,574,77331,0,0
time,11,pool_pages,rolling_32,index_submit,20000,134,175,711,38431,0,0
time,11,pool_pages,rolling_32,index_ack,20000,124,180,782,37636,0,0
time,11,pool_pages,rolling_32,cross_page_submit_subset,305,144,1100,1381,1413,0,0
time,11,pool_pages,rolling_32,page_creation_subset,10,1065,1381,1381,1413,0,0
time,11,pool_pages,outliers_32,price_query,20000,40,93,144,39130,0,0
time,11,pool_pages,outliers_32,near_range8,20000,74,275,549,59781,0,0
time,11,pool_pages,outliers_32,index_submit,20000,137,478,1416,41494,0,0
time,11,pool_pages,outliers_32,index_ack,20000,127,497,1189,85045,0,0
time,11,pool_pages,outliers_32,cross_page_submit_subset,305,160,1615,1831,1923,0,0
time,11,pool_pages,outliers_32,page_creation_subset,10,1582,1831,1831,1923,0,0
time,11,pool_pages,outliers_32,far_query,20000,43,118,216,5803,0,0
time,11,pool_pages,boundary_32,price_query,20000,44,74,105,36344,0,0
time,11,pool_pages,boundary_32,near_range8,20000,90,236,536,8788,0,0
time,11,pool_pages,boundary_32,index_submit,20000,123,307,641,60484,0,0
time,11,pool_pages,boundary_32,index_ack,20000,142,344,650,77107,0,0
time,11,pool_pages,boundary_32,cross_page_submit_subset,625,121,249,429,693,0,0
time,11,pool_pages,jump_32,price_query,20000,49,65,120,37818,0,0
time,11,pool_pages,jump_32,near_range8,20000,96,190,299,33217,0,0
time,11,pool_pages,jump_32,index_submit,20000,137,282,539,53565,0,0
time,11,pool_pages,jump_32,index_ack,20000,126,288,516,48928,0,0
time,11,pool_pages,jump_32,cross_page_submit_subset,2652,167,401,833,1697,0,0
time,11,pool_pages,jump_32,page_creation_subset,156,294,833,937,1697,0,0
time,11,pool_pages,jump_32,jump_submit_subset,2496,168,401,833,1697,0,0
time,11,pool_pages,rolling_128,price_query,20000,47,87,151,10292,0,0
time,11,pool_pages,rolling_128,near_range8,20000,87,246,566,43245,0,0
time,11,pool_pages,rolling_128,index_submit,20000,146,369,864,79003,0,0
time,11,pool_pages,rolling_128,index_ack,20000,130,355,680,57484,0,0
time,11,pool_pages,rolling_128,cross_page_submit_subset,312,164,455,2733,2916,0,0
time,11,pool_pages,rolling_128,page_creation_subset,3,2733,2733,2733,2916,0,0
time,11,pool_pages,outliers_128,price_query,20000,50,118,175,41037,0,0
time,11,pool_pages,outliers_128,near_range8,20000,101,260,562,57777,0,0
time,11,pool_pages,outliers_128,index_submit,20000,150,383,2666,59763,0,0
time,11,pool_pages,outliers_128,index_ack,20000,131,362,694,80505,0,0
time,11,pool_pages,outliers_128,cross_page_submit_subset,312,163,418,2504,3007,0,0
time,11,pool_pages,outliers_128,page_creation_subset,3,2504,2504,2504,3007,0,0
time,11,pool_pages,outliers_128,far_query,20000,54,129,189,7424,0,0
time,11,pool_pages,boundary_128,price_query,20000,50,117,169,27091,0,0
time,11,pool_pages,boundary_128,near_range8,20000,103,264,544,79103,0,0
time,11,pool_pages,boundary_128,index_submit,20000,140,376,812,51501,0,0
time,11,pool_pages,boundary_128,index_ack,20000,156,424,742,109205,0,0
time,11,pool_pages,boundary_128,cross_page_submit_subset,313,146,365,450,451,0,0
time,11,pool_pages,jump_128,price_query,20000,51,89,181,26212,0,0
time,11,pool_pages,jump_128,near_range8,20000,101,259,606,65287,0,0
time,11,pool_pages,jump_128,index_submit,20000,147,416,964,41775,0,0
time,11,pool_pages,jump_128,index_ack,20000,133,439,806,43610,0,0
time,11,pool_pages,jump_128,cross_page_submit_subset,2704,182,617,1856,41775,0,0
time,11,pool_pages,jump_128,page_creation_subset,77,450,2324,2324,41775,0,0
time,11,pool_pages,jump_128,jump_submit_subset,2432,184,578,1856,41775,0,0
time,11,pool_pages,4096books_4near_2far,price_query,20000,679,1624,34411,80919,0,0
time,11,pool_pages,new_book_growth,index_insert,20000,662,20446,74444,833896,0,0
time,11,pool_pages,new_book_growth,page_block_growth_subset,313,20835,110845,185233,601625,0,0
time,11,pool_pages,new_book_growth,every64_subset,313,20835,110845,185233,601625,0,0
time,11,pool_pages,cancel_rehang_4near,index_cancel,20000,92,138,274,32947,0,0
time,11,pool_pages,cancel_rehang_4near,index_new,20000,201,449,826,35119,0,0
time,11,pool_pages,cancel_rehang_4near,index_accepted,20000,136,313,625,80283,0,0
time,11,pool_pages,cancel_rehang_4near,index_canceled,20000,159,284,590,63967,0,0
time,11,pool_pages,prototype_rolling_4_2far,price_query,20000,58,107,204,57257,0,0
time,11,pool_pages,prototype_rolling_4_2far,intent_to_command,20000,167,367,716,38843,0,0
time,11,pool_pages,prototype_rolling_4_2far,intent_queued,20000,51,192,470,76163,0,0
time,11,pool_pages,prototype_rolling_4_2far,replace_report,20000,203,474,1680,64785,0,0
time,11,pool_pages,prototype_rolling_4_2far,ready_to_command,20000,229,464,1647,61202,0,0
time,11,pool_pages,prototype_jump_4_2far,price_query,20000,58,100,182,9276,0,0
time,11,pool_pages,prototype_jump_4_2far,intent_to_command,20000,167,462,994,131732,0,0
time,11,pool_pages,prototype_jump_4_2far,intent_queued,20000,50,204,487,63998,0,0
time,11,pool_pages,prototype_jump_4_2far,replace_report,20000,203,493,4149,158943,0,0
time,11,pool_pages,prototype_jump_4_2far,ready_to_command,20000,229,477,5304,63538,0,0
time,11,pool_pages,prototype_rolling_32_2far,price_query,20000,58,88,252,36111,0,0
time,11,pool_pages,prototype_rolling_32_2far,intent_to_command,20000,168,338,770,52747,0,0
time,11,pool_pages,prototype_rolling_32_2far,intent_queued,20000,51,183,420,37340,0,0
time,11,pool_pages,prototype_rolling_32_2far,replace_report,20000,163,373,1049,84309,0,0
time,11,pool_pages,prototype_rolling_32_2far,ready_to_command,20000,201,420,3933,35903,0,0
time,11,pool_pages,prototype_jump_32_2far,price_query,20000,58,81,139,38107,0,0
time,11,pool_pages,prototype_jump_32_2far,intent_to_command,20000,168,331,922,56797,0,0
time,11,pool_pages,prototype_jump_32_2far,intent_queued,20000,51,165,346,27644,0,0
time,11,pool_pages,prototype_jump_32_2far,replace_report,20000,164,344,742,59504,0,0
time,11,pool_pages,prototype_jump_32_2far,ready_to_command,20000,202,363,1292,49890,0,0
time,11,absl_btree,rolling_4,price_query,20000,46,63,163,36322,0,0
time,11,absl_btree,rolling_4,near_range8,20000,65,195,495,5249,0,0
time,11,absl_btree,rolling_4,index_submit,20000,136,211,432,105911,0,0
time,11,absl_btree,rolling_4,index_ack,20000,126,245,532,30922,0,0
time,11,absl_btree,rolling_4,cross_page_submit_subset,314,136,207,275,749,0,0
time,11,absl_btree,outliers_4,price_query,20000,47,119,173,9008,0,0
time,11,absl_btree,outliers_4,near_range8,20000,66,225,519,60420,0,0
time,11,absl_btree,outliers_4,index_submit,20000,136,322,702,39985,0,0
time,11,absl_btree,outliers_4,index_ack,20000,126,374,725,72715,0,0
time,11,absl_btree,outliers_4,cross_page_submit_subset,314,137,382,459,480,0,0
time,11,absl_btree,outliers_4,far_query,20000,50,133,184,34945,0,0
time,11,absl_btree,boundary_4,price_query,20000,46,93,140,3708,0,0
time,11,absl_btree,boundary_4,near_range8,20000,67,188,509,32479,0,0
time,11,absl_btree,boundary_4,index_submit,20000,136,299,600,75142,0,0
time,11,absl_btree,boundary_4,index_ack,20000,188,426,966,54309,0,0
time,11,absl_btree,boundary_4,cross_page_submit_subset,5000,135,273,355,30243,0,0
time,11,absl_btree,jump_4,price_query,20000,47,65,155,31134,0,0
time,11,absl_btree,jump_4,near_range8,20000,65,183,403,6251,0,0
time,11,absl_btree,jump_4,index_submit,20000,137,230,553,36901,0,0
time,11,absl_btree,jump_4,index_ack,20000,150,279,1059,78895,0,0
time,11,absl_btree,jump_4,cross_page_submit_subset,3746,184,259,543,5593,0,0
time,11,absl_btree,jump_4,jump_submit_subset,2496,188,296,543,5593,0,0
time,11,absl_btree,rolling_32,price_query,20000,50,75,154,37177,0,0
time,11,absl_btree,rolling_32,near_range8,20000,99,212,482,124763,0,0
time,11,absl_btree,rolling_32,index_submit,20000,142,337,697,71668,0,0
time,11,absl_btree,rolling_32,index_ack,20000,122,358,854,38584,0,0
time,11,absl_btree,rolling_32,cross_page_submit_subset,305,140,286,1053,4040,0,0
time,11,absl_btree,outliers_32,price_query,20000,51,106,162,76142,0,0
time,11,absl_btree,outliers_32,near_range8,20000,101,230,441,82504,0,0
time,11,absl_btree,outliers_32,index_submit,20000,141,365,780,128406,0,0
time,11,absl_btree,outliers_32,index_ack,20000,122,354,842,70294,0,0
time,11,absl_btree,outliers_32,cross_page_submit_subset,305,142,420,735,863,0,0
time,11,absl_btree,outliers_32,far_query,20000,59,120,208,54154,0,0
time,11,absl_btree,boundary_32,price_query,20000,50,68,135,40245,0,0
time,11,absl_btree,boundary_32,near_range8,20000,97,201,468,38490,0,0
time,11,absl_btree,boundary_32,index_submit,20000,140,267,593,39322,0,0
time,11,absl_btree,boundary_32,index_ack,20000,161,338,912,60645,0,0
time,11,absl_btree,boundary_32,cross_page_submit_subset,625,137,193,250,254,0,0
time,11,absl_btree,jump_32,price_query,20000,51,76,143,3893,0,0
time,11,absl_btree,jump_32,near_range8,20000,99,203,542,69646,0,0
time,11,absl_btree,jump_32,index_submit,20000,143,276,480,37622,0,0
time,11,absl_btree,jump_32,index_ack,20000,123,353,655,51687,0,0
time,11,absl_btree,jump_32,cross_page_submit_subset,2652,209,332,683,37622,0,0
time,11,absl_btree,jump_32,jump_submit_subset,2496,212,354,683,37622,0,0
time,11,absl_btree,rolling_128,price_query,20000,55,133,218,37994,0,0
time,11,absl_btree,rolling_128,near_range8,20000,95,266,581,143067,0,0
time,11,absl_btree,rolling_128,index_submit,20000,157,554,1079,41919,0,0
time,11,absl_btree,rolling_128,index_ack,20000,123,544,1380,82318,0,0
time,11,absl_btree,rolling_128,cross_page_submit_subset,312,160,442,593,597,0,0
time,11,absl_btree,outliers_128,price_query,20000,55,142,213,66807,0,0
time,11,absl_btree,outliers_128,near_range8,20000,95,230,514,68847,0,0
time,11,absl_btree,outliers_128,index_submit,20000,153,428,905,111717,0,0
time,11,absl_btree,outliers_128,index_ack,20000,123,412,1086,53064,0,0
time,11,absl_btree,outliers_128,cross_page_submit_subset,312,157,358,573,823,0,0
time,11,absl_btree,outliers_128,far_query,20000,61,127,230,36407,0,0
time,11,absl_btree,boundary_128,price_query,20000,55,91,148,42163,0,0
time,11,absl_btree,boundary_128,near_range8,20000,99,200,464,36459,0,0
time,11,absl_btree,boundary_128,index_submit,20000,151,406,736,77641,0,0
time,11,absl_btree,boundary_128,index_ack,20000,224,532,1774,54410,0,0
time,11,absl_btree,boundary_128,cross_page_submit_subset,313,153,354,407,409,0,0
time,11,absl_btree,jump_128,price_query,20000,63,116,254,32400,0,0
time,11,absl_btree,jump_128,near_range8,20000,100,244,523,8730,0,0
time,11,absl_btree,jump_128,index_submit,20000,172,572,1550,48747,0,0
time,11,absl_btree,jump_128,index_ack,20000,130,624,1359,76620,0,0
time,11,absl_btree,jump_128,cross_page_submit_subset,2704,277,975,6743,39107,0,0
time,11,absl_btree,jump_128,jump_submit_subset,2432,283,988,6743,39107,0,0
time,11,absl_btree,4096books_4near_2far,price_query,20000,286,951,4316,56519,0,0
time,11,absl_btree,new_book_growth,index_insert,20000,485,6075,34489,1059736,0,0
time,11,absl_btree,new_book_growth,every64_subset,313,6088,17487,44967,58138,0,0
time,11,absl_btree,cancel_rehang_4near,index_cancel,20000,94,126,288,64369,0,0
time,11,absl_btree,cancel_rehang_4near,index_new,20000,183,325,567,71948,0,0
time,11,absl_btree,cancel_rehang_4near,index_accepted,20000,132,293,626,54413,0,0
time,11,absl_btree,cancel_rehang_4near,index_canceled,20000,195,264,599,74050,0,0
time,11,absl_btree,prototype_rolling_4_2far,price_query,20000,52,76,184,35438,0,0
time,11,absl_btree,prototype_rolling_4_2far,intent_to_command,20000,180,367,696,51941,0,0
time,11,absl_btree,prototype_rolling_4_2far,intent_queued,20000,52,193,485,34197,0,0
time,11,absl_btree,prototype_rolling_4_2far,replace_report,20000,278,487,1386,52455,0,0
time,11,absl_btree,prototype_rolling_4_2far,ready_to_command,20000,270,467,857,64559,0,0
time,11,absl_btree,prototype_jump_4_2far,price_query,20000,52,75,133,29254,0,0
time,11,absl_btree,prototype_jump_4_2far,intent_to_command,20000,179,358,703,37537,0,0
time,11,absl_btree,prototype_jump_4_2far,intent_queued,20000,52,193,506,5616,0,0
time,11,absl_btree,prototype_jump_4_2far,replace_report,20000,275,501,4732,75630,0,0
time,11,absl_btree,prototype_jump_4_2far,ready_to_command,20000,268,445,1294,35890,0,0
time,11,absl_btree,prototype_rolling_32_2far,price_query,20000,59,127,211,102897,0,0
time,11,absl_btree,prototype_rolling_32_2far,intent_to_command,20000,180,404,712,66253,0,0
time,11,absl_btree,prototype_rolling_32_2far,intent_queued,20000,51,190,480,4973,0,0
time,11,absl_btree,prototype_rolling_32_2far,replace_report,20000,172,508,894,36372,0,0
time,11,absl_btree,prototype_rolling_32_2far,ready_to_command,20000,220,506,3669,50129,0,0
time,11,absl_btree,prototype_jump_32_2far,price_query,20000,59,139,239,33089,0,0
time,11,absl_btree,prototype_jump_32_2far,intent_to_command,20000,182,457,3689,60216,0,0
time,11,absl_btree,prototype_jump_32_2far,intent_queued,20000,51,219,494,66344,0,0
time,11,absl_btree,prototype_jump_32_2far,replace_report,20000,177,562,3940,80487,0,0
time,11,absl_btree,prototype_jump_32_2far,ready_to_command,20000,226,568,1079,53030,0,0
time,11,window128,rolling_4,price_query,20000,57,108,217,49340,0,0
time,11,window128,rolling_4,near_range8,20000,74,195,436,918,0,0
time,11,window128,rolling_4,index_submit,20000,152,336,685,50205,0,0
time,11,window128,rolling_4,index_ack,20000,140,274,473,29790,0,0
time,11,window128,rolling_4,cross_page_submit_subset,314,152,331,461,22295,0,0
time,11,window128,outliers_4,price_query,20000,56,72,122,616,0,0
time,11,window128,outliers_4,near_range8,20000,73,199,415,5845,0,0
time,11,window128,outliers_4,index_submit,20000,146,249,667,54816,0,0
time,11,window128,outliers_4,index_ack,20000,123,197,490,83538,0,0
time,11,window128,outliers_4,cross_page_submit_subset,314,146,228,239,288,0,0
time,11,window128,outliers_4,far_query,20000,55,67,103,7042,0,0
time,11,window128,boundary_4,price_query,20000,49,70,130,32342,0,0
time,11,window128,boundary_4,near_range8,20000,68,221,567,39107,0,0
time,11,window128,boundary_4,index_submit,20000,142,213,548,65807,0,0
time,11,window128,boundary_4,index_ack,20000,140,216,446,40991,0,0
time,11,window128,boundary_4,cross_page_submit_subset,5000,133,178,336,17214,0,0
time,11,window128,jump_4,price_query,20000,54,148,288,58574,0,0
time,11,window128,jump_4,near_range8,20000,70,202,458,5908,0,0
time,11,window128,jump_4,index_submit,20000,145,346,623,109577,0,0
time,11,window128,jump_4,index_ack,20000,132,315,559,34447,0,0
time,11,window128,jump_4,cross_page_submit_subset,3746,189,434,1274,109577,0,0
time,11,window128,jump_4,jump_submit_subset,2496,199,519,5378,109577,0,0
time,11,window128,rolling_32,price_query,20000,45,60,103,42960,0,0
time,11,window128,rolling_32,near_range8,20000,121,229,487,54753,0,0
time,11,window128,rolling_32,index_submit,20000,134,256,477,25836,0,0
time,11,window128,rolling_32,index_ack,20000,124,244,520,35071,0,0
time,11,window128,rolling_32,cross_page_submit_subset,305,134,213,315,410,0,0
time,11,window128,outliers_32,price_query,20000,45,58,77,47898,0,0
time,11,window128,outliers_32,near_range8,20000,122,185,332,26492,0,0
time,11,window128,outliers_32,index_submit,20000,134,165,362,53398,0,0
time,11,window128,outliers_32,index_ack,20000,124,159,209,35731,0,0
time,11,window128,outliers_32,cross_page_submit_subset,305,135,164,166,203,0,0
time,11,window128,outliers_32,far_query,20000,53,66,109,52818,0,0
time,11,window128,boundary_32,price_query,20000,44,60,90,623,0,0
time,11,window128,boundary_32,near_range8,20000,121,234,438,47611,0,0
time,11,window128,boundary_32,index_submit,20000,134,240,457,39015,0,0
time,11,window128,boundary_32,index_ack,20000,129,263,462,33979,0,0
time,11,window128,boundary_32,cross_page_submit_subset,625,134,204,251,395,0,0
time,11,window128,jump_32,price_query,20000,45,143,260,38833,0,0
time,11,window128,jump_32,near_range8,20000,118,310,556,34633,0,0
time,11,window128,jump_32,index_submit,20000,135,476,2347,68819,0,0
time,11,window128,jump_32,index_ack,20000,124,434,691,26505,0,0
time,11,window128,jump_32,cross_page_submit_subset,2652,196,565,1212,53190,0,0
time,11,window128,jump_32,jump_submit_subset,2496,196,576,1212,53190,0,0
time,11,window128,rolling_128,price_query,20000,45,81,137,5584,0,0
time,11,window128,rolling_128,near_range8,20000,115,265,536,34722,0,0
time,11,window128,rolling_128,index_submit,20000,135,292,700,76808,0,0
time,11,window128,rolling_128,index_ack,20000,125,264,558,191427,0,0
time,11,window128,rolling_128,cross_page_submit_subset,312,135,267,500,76808,0,0
time,11,window128,outliers_128,price_query,20000,45,71,114,35744,0,0
time,11,window128,outliers_128,near_range8,20000,113,243,528,56324,0,0
time,11,window128,outliers_128,index_submit,20000,135,290,788,56997,0,0
time,11,window128,outliers_128,index_ack,20000,125,259,590,56962,0,0
time,11,window128,outliers_128,cross_page_submit_subset,312,135,284,370,491,0,0
time,11,window128,outliers_128,far_query,20000,56,67,147,44417,0,0
time,11,window128,boundary_128,price_query,20000,44,71,104,33273,0,0
time,11,window128,boundary_128,near_range8,20000,122,244,530,54848,0,0
time,11,window128,boundary_128,index_submit,20000,134,369,5694,37788,0,0
time,11,window128,boundary_128,index_ack,20000,130,280,500,50545,0,0
time,11,window128,boundary_128,cross_page_submit_subset,313,136,258,301,317,0,0
time,11,window128,jump_128,price_query,20000,54,153,368,6703,0,0
time,11,window128,jump_128,near_range8,20000,114,261,577,36498,0,0
time,11,window128,jump_128,index_submit,20000,145,438,5960,53803,0,0
time,11,window128,jump_128,index_ack,20000,124,379,951,36475,0,0
time,11,window128,jump_128,cross_page_submit_subset,2704,215,943,2423,53803,0,0
time,11,window128,jump_128,jump_submit_subset,2432,224,986,2423,53803,0,0
time,11,window128,4096books_4near_2far,price_query,20000,385,1097,6074,118472,0,0
time,11,window128,new_book_growth,index_insert,20000,484,6651,34818,867762,0,0
time,11,window128,new_book_growth,every64_subset,313,6723,43231,57971,76814,0,0
time,11,window128,cancel_rehang_4near,index_cancel,20000,85,194,246,54037,0,0
time,11,window128,cancel_rehang_4near,index_new,20000,170,410,734,59908,0,0
time,11,window128,cancel_rehang_4near,index_accepted,20000,113,290,486,34241,0,0
time,11,window128,cancel_rehang_4near,index_canceled,20000,109,272,420,29919,0,0
time,11,window128,prototype_rolling_4_2far,price_query,20000,60,98,210,30554,0,0
time,11,window128,prototype_rolling_4_2far,intent_to_command,20000,178,404,764,36818,0,0
time,11,window128,prototype_rolling_4_2far,intent_queued,20000,50,207,494,37322,0,0
time,11,window128,prototype_rolling_4_2far,replace_report,20000,200,389,1057,66460,0,0
time,11,window128,prototype_rolling_4_2far,ready_to_command,20000,273,483,1703,86010,0,0
time,11,window128,prototype_jump_4_2far,price_query,20000,60,96,195,34767,0,0
time,11,window128,prototype_jump_4_2far,intent_to_command,20000,178,380,698,83585,0,0
time,11,window128,prototype_jump_4_2far,intent_queued,20000,50,198,498,10001,0,0
time,11,window128,prototype_jump_4_2far,replace_report,20000,201,388,891,68130,0,0
time,11,window128,prototype_jump_4_2far,ready_to_command,20000,274,470,1554,63320,0,0
time,11,window128,prototype_rolling_32_2far,price_query,20000,49,125,285,1300,0,0
time,11,window128,prototype_rolling_32_2far,intent_to_command,20000,175,442,826,40591,0,0
time,11,window128,prototype_rolling_32_2far,intent_queued,20000,50,212,478,35393,0,0
time,11,window128,prototype_rolling_32_2far,replace_report,20000,171,433,758,57739,0,0
time,11,window128,prototype_rolling_32_2far,ready_to_command,20000,214,494,1024,76840,0,0
time,11,window128,prototype_jump_32_2far,price_query,20000,51,154,219,6288,0,0
time,11,window128,prototype_jump_32_2far,intent_to_command,20000,175,511,1087,64482,0,0
time,11,window128,prototype_jump_32_2far,intent_queued,20000,52,201,498,62815,0,0
time,11,window128,prototype_jump_32_2far,replace_report,20000,175,541,872,39316,0,0
time,11,window128,prototype_jump_32_2far,ready_to_command,20000,215,764,5659,43686,0,0
time,11,adaptive,rolling_4,price_query,20000,52,66,153,668,0,0
time,11,adaptive,rolling_4,near_range8,20000,68,207,527,111809,0,0
time,11,adaptive,rolling_4,index_submit,20000,143,233,455,48807,0,0
time,11,adaptive,rolling_4,index_ack,20000,137,190,378,28848,0,0
time,11,adaptive,rolling_4,cross_page_submit_subset,314,144,228,238,269,0,0
time,11,adaptive,outliers_4,price_query,20000,55,93,184,26799,0,0
time,11,adaptive,outliers_4,near_range8,20000,73,213,530,65113,0,0
time,11,adaptive,outliers_4,index_submit,20000,155,330,538,46251,0,0
time,11,adaptive,outliers_4,index_ack,20000,144,294,437,53095,0,0
time,11,adaptive,outliers_4,cross_page_submit_subset,314,153,295,363,480,0,0
time,11,adaptive,outliers_4,far_query,20000,58,88,177,28815,0,0
time,11,adaptive,boundary_4,price_query,20000,52,125,225,43054,0,0
time,11,adaptive,boundary_4,near_range8,20000,70,208,559,88992,0,0
time,11,adaptive,boundary_4,index_submit,20000,142,278,478,31195,0,0
time,11,adaptive,boundary_4,index_ack,20000,152,277,511,112568,0,0
time,11,adaptive,boundary_4,cross_page_submit_subset,5000,137,235,392,640,0,0
time,11,adaptive,jump_4,price_query,20000,51,105,198,63453,0,0
time,11,adaptive,jump_4,near_range8,20000,67,209,504,50297,0,0
time,11,adaptive,jump_4,index_submit,20000,148,299,591,35047,0,0
time,11,adaptive,jump_4,index_ack,20000,141,260,457,47899,0,0
time,11,adaptive,jump_4,cross_page_submit_subset,3746,176,321,562,6339,0,0
time,11,adaptive,jump_4,jump_submit_subset,2496,196,338,801,6339,0,0
time,11,adaptive,rolling_32,price_query,20000,55,86,157,48967,0,0
time,11,adaptive,rolling_32,near_range8,20000,95,225,481,36013,0,0
time,11,adaptive,rolling_32,index_submit,20000,144,268,520,54246,0,0
time,11,adaptive,rolling_32,index_ack,20000,125,253,387,9573,0,0
time,11,adaptive,rolling_32,cross_page_submit_subset,305,146,226,293,5956,0,0
time,11,adaptive,outliers_32,price_query,20000,55,89,184,25715,0,0
time,11,adaptive,outliers_32,near_range8,20000,94,232,532,30321,0,0
time,11,adaptive,outliers_32,index_submit,20000,146,279,555,33857,0,0
time,11,adaptive,outliers_32,index_ack,20000,125,249,394,149272,0,0
time,11,adaptive,outliers_32,cross_page_submit_subset,305,146,237,567,647,0,0
time,11,adaptive,outliers_32,far_query,20000,57,77,155,5546,0,0
time,11,adaptive,boundary_32,price_query,20000,56,159,242,37162,0,0
time,11,adaptive,boundary_32,near_range8,20000,97,284,566,82166,0,0
time,11,adaptive,boundary_32,index_submit,20000,148,404,660,30142,0,0
time,11,adaptive,boundary_32,index_ack,20000,165,465,706,34344,0,0
time,11,adaptive,boundary_32,cross_page_submit_subset,625,148,360,436,540,0,0
time,11,adaptive,jump_32,price_query,20000,55,107,202,37417,0,0
time,11,adaptive,jump_32,near_range8,20000,96,232,537,57076,0,0
time,11,adaptive,jump_32,index_submit,20000,148,342,541,30762,0,0
time,11,adaptive,jump_32,index_ack,20000,129,290,3195,52411,0,0
time,11,adaptive,jump_32,cross_page_submit_subset,2652,212,489,862,4954,0,0
time,11,adaptive,jump_32,jump_submit_subset,2496,215,492,862,4954,0,0
time,11,adaptive,rolling_128,price_query,20000,59,118,180,49381,0,0
time,11,adaptive,rolling_128,near_range8,20000,99,231,523,36736,0,0
time,11,adaptive,rolling_128,index_submit,20000,165,324,1167,129275,0,0
time,11,adaptive,rolling_128,index_ack,20000,126,281,404,38948,0,0
time,11,adaptive,rolling_128,cross_page_submit_subset,312,167,321,463,467,0,0
time,11,adaptive,outliers_128,price_query,20000,59,123,211,55486,0,0
time,11,adaptive,outliers_128,near_range8,20000,97,238,501,38236,0,0
time,11,adaptive,outliers_128,index_submit,20000,164,344,498,31473,0,0
time,11,adaptive,outliers_128,index_ack,20000,127,279,480,58859,0,0
time,11,adaptive,outliers_128,cross_page_submit_subset,312,165,332,408,547,0,0
time,11,adaptive,outliers_128,far_query,20000,60,110,171,30343,0,0
time,11,adaptive,boundary_128,price_query,20000,62,111,178,90660,0,0
time,11,adaptive,boundary_128,near_range8,20000,99,242,533,56343,0,0
time,11,adaptive,boundary_128,index_submit,20000,171,308,540,144674,0,0
time,11,adaptive,boundary_128,index_ack,20000,174,356,553,37867,0,0
time,11,adaptive,boundary_128,cross_page_submit_subset,313,185,381,437,587,0,0
time,11,adaptive,jump_128,price_query,20000,60,132,265,87081,0,0
time,11,adaptive,jump_128,near_range8,20000,99,241,532,36429,0,0
time,11,adaptive,jump_128,index_submit,20000,165,474,1034,52937,0,0
time,11,adaptive,jump_128,index_ack,20000,128,404,803,89207,0,0
time,11,adaptive,jump_128,cross_page_submit_subset,2704,216,716,1160,45063,0,0
time,11,adaptive,jump_128,jump_submit_subset,2432,229,735,1160,45063,0,0
time,11,adaptive,4096books_4near_2far,price_query,20000,348,1011,5703,79173,0,0
time,11,adaptive,new_book_growth,index_insert,20000,482,7381,35397,2194343,0,0
time,11,adaptive,new_book_growth,every64_subset,313,9461,49758,69510,78542,0,0
time,11,adaptive,cancel_rehang_4near,index_cancel,20000,93,121,264,46244,0,0
time,11,adaptive,cancel_rehang_4near,index_new,20000,176,260,647,50967,0,0
time,11,adaptive,cancel_rehang_4near,index_accepted,20000,123,270,560,6454,0,0
time,11,adaptive,cancel_rehang_4near,index_canceled,20000,126,169,399,46463,0,0
time,11,adaptive,prototype_rolling_4_2far,price_query,20000,60,89,202,31552,0,0
time,11,adaptive,prototype_rolling_4_2far,intent_to_command,20000,170,388,800,54912,0,0
time,11,adaptive,prototype_rolling_4_2far,intent_queued,20000,51,207,444,6001,0,0
time,11,adaptive,prototype_rolling_4_2far,replace_report,20000,197,375,1061,114839,0,0
time,11,adaptive,prototype_rolling_4_2far,ready_to_command,20000,260,450,885,52506,0,0
time,11,adaptive,prototype_jump_4_2far,price_query,20000,60,74,147,25585,0,0
time,11,adaptive,prototype_jump_4_2far,intent_to_command,20000,170,331,701,34611,0,0
time,11,adaptive,prototype_jump_4_2far,intent_queued,20000,51,192,402,65089,0,0
time,11,adaptive,prototype_jump_4_2far,replace_report,20000,197,365,795,53818,0,0
time,11,adaptive,prototype_jump_4_2far,ready_to_command,20000,260,421,1047,51491,0,0
time,11,adaptive,prototype_rolling_32_2far,price_query,20000,60,96,188,52053,0,0
time,11,adaptive,prototype_rolling_32_2far,intent_to_command,20000,171,362,835,69986,0,0
time,11,adaptive,prototype_rolling_32_2far,intent_queued,20000,50,197,508,55859,0,0
time,11,adaptive,prototype_rolling_32_2far,replace_report,20000,164,355,921,52925,0,0
time,11,adaptive,prototype_rolling_32_2far,ready_to_command,20000,204,439,1099,132306,0,0
time,11,adaptive,prototype_jump_32_2far,price_query,20000,61,118,228,58912,0,0
time,11,adaptive,prototype_jump_32_2far,intent_to_command,20000,171,438,811,38834,0,0
time,11,adaptive,prototype_jump_32_2far,intent_queued,20000,51,181,438,31201,0,0
time,11,adaptive,prototype_jump_32_2far,replace_report,20000,164,382,698,70646,0,0
time,11,adaptive,prototype_jump_32_2far,ready_to_command,20000,205,479,836,34791,0,0
time,11,linear_prices,rolling_4,price_query,20000,43,56,77,6770,0,0
time,11,linear_prices,rolling_4,near_range8,20000,83,114,169,53813,0,0
time,11,linear_prices,rolling_4,index_submit,20000,123,160,261,32855,0,0
time,11,linear_prices,rolling_4,index_ack,20000,123,167,245,34034,0,0
time,11,linear_prices,rolling_4,cross_page_submit_subset,314,122,155,238,246,0,0
time,11,linear_prices,outliers_4,price_query,20000,43,55,88,7265,0,0
time,11,linear_prices,outliers_4,near_range8,20000,93,127,206,67843,0,0
time,11,linear_prices,outliers_4,index_submit,20000,124,159,259,45866,0,0
time,11,linear_prices,outliers_4,index_ack,20000,124,168,243,32230,0,0
time,11,linear_prices,outliers_4,cross_page_submit_subset,314,124,149,1296,38467,0,0
time,11,linear_prices,outliers_4,far_query,20000,47,124,422,30737,0,0
time,11,linear_prices,boundary_4,price_query,20000,38,122,165,34283,0,0
time,11,linear_prices,boundary_4,near_range8,20000,80,292,338,31123,0,0
time,11,linear_prices,boundary_4,index_submit,20000,115,354,586,59506,0,0
time,11,linear_prices,boundary_4,index_ack,20000,134,393,675,52320,0,0
time,11,linear_prices,boundary_4,cross_page_submit_subset,5000,109,330,455,8914,0,0
time,11,linear_prices,jump_4,price_query,20000,42,57,111,38905,0,0
time,11,linear_prices,jump_4,near_range8,20000,78,126,238,62245,0,0
time,11,linear_prices,jump_4,index_submit,20000,121,211,478,55520,0,0
time,11,linear_prices,jump_4,index_ack,20000,122,200,383,45970,0,0
time,11,linear_prices,jump_4,cross_page_submit_subset,3746,126,251,436,1439,0,0
time,11,linear_prices,jump_4,jump_submit_subset,2496,141,266,436,1408,0,0
time,11,linear_prices,rolling_32,price_query,20000,51,87,180,16167,0,0
time,11,linear_prices,rolling_32,near_range8,20000,631,837,7235,109081,0,0
time,11,linear_prices,rolling_32,index_submit,20000,140,376,782,73411,0,0
time,11,linear_prices,rolling_32,index_ack,20000,125,382,665,55421,0,0
time,11,linear_prices,rolling_32,cross_page_submit_subset,305,133,316,419,489,0,0
time,11,linear_prices,outliers_32,price_query,20000,52,119,210,31689,0,0
time,11,linear_prices,outliers_32,near_range8,20000,654,1717,7741,63973,0,0
time,11,linear_prices,outliers_32,index_submit,20000,146,395,1013,35928,0,0
time,11,linear_prices,outliers_32,index_ack,20000,127,345,620,49162,0,0
time,11,linear_prices,outliers_32,cross_page_submit_subset,305,140,277,438,487,0,0
time,11,linear_prices,outliers_32,far_query,20000,80,156,261,23788,0,0
time,11,linear_prices,boundary_32,price_query,20000,51,83,174,31096,0,0
time,11,linear_prices,boundary_32,near_range8,20000,648,784,6287,62636,0,0
time,11,linear_prices,boundary_32,index_submit,20000,141,339,756,63857,0,0
time,11,linear_prices,boundary_32,index_ack,20000,149,351,664,61713,0,0
time,11,linear_prices,boundary_32,cross_page_submit_subset,625,134,244,555,29222,0,0
time,11,linear_prices,jump_32,price_query,20000,54,111,218,5875,0,0
time,11,linear_prices,jump_32,near_range8,20000,650,1331,7842,74361,0,0
time,11,linear_prices,jump_32,index_submit,20000,145,357,784,52785,0,0
time,11,linear_prices,jump_32,index_ack,20000,127,367,933,78479,0,0
time,11,linear_prices,jump_32,cross_page_submit_subset,2652,206,417,798,7092,0,0
time,11,linear_prices,jump_32,jump_submit_subset,2496,208,424,798,7092,0,0
time,11,linear_prices,rolling_128,price_query,20000,89,168,420,38743,0,0
time,11,linear_prices,rolling_128,near_range8,20000,2360,5648,40613,165548,0,0
time,11,linear_prices,rolling_128,index_submit,20000,181,393,1054,33665,0,0
time,11,linear_prices,rolling_128,index_ack,20000,129,380,730,53308,0,0
time,11,linear_prices,rolling_128,cross_page_submit_subset,312,165,328,368,404,0,0
time,11,linear_prices,outliers_128,price_query,20000,85,174,486,52861,0,0
time,11,linear_prices,outliers_128,near_range8,20000,2378,6072,39999,134166,0,0
time,11,linear_prices,outliers_128,index_submit,20000,177,462,1133,64034,0,0
time,11,linear_prices,outliers_128,index_ack,20000,126,410,852,117388,0,0
time,11,linear_prices,outliers_128,cross_page_submit_subset,312,164,396,417,6381,0,0
time,11,linear_prices,outliers_128,far_query,20000,193,342,614,158628,0,0
time,11,linear_prices,boundary_128,price_query,20000,80,133,417,55145,0,0
time,11,linear_prices,boundary_128,near_range8,20000,2442,5868,35894,117453,0,0
time,11,linear_prices,boundary_128,index_submit,20000,163,381,2100,38400,0,0
time,11,linear_prices,boundary_128,index_ack,20000,163,443,685,33875,0,0
time,11,linear_prices,boundary_128,cross_page_submit_subset,313,148,258,613,618,0,0
time,11,linear_prices,jump_128,price_query,20000,84,208,505,94673,0,0
time,11,linear_prices,jump_128,near_range8,20000,1825,5277,37730,86005,0,0
time,11,linear_prices,jump_128,index_submit,20000,165,542,1717,70072,0,0
time,11,linear_prices,jump_128,index_ack,20000,116,728,1941,170049,0,0
time,11,linear_prices,jump_128,cross_page_submit_subset,2704,374,860,1880,39967,0,0
time,11,linear_prices,jump_128,jump_submit_subset,2432,384,888,1848,7441,0,0
time,11,linear_prices,4096books_4near_2far,price_query,20000,291,955,5273,70520,0,0
time,11,linear_prices,new_book_growth,index_insert,20000,344,5353,21805,1684680,0,0
time,11,linear_prices,new_book_growth,every64_subset,313,5453,24348,48363,52400,0,0
time,11,linear_prices,cancel_rehang_4near,index_cancel,20000,76,115,190,84385,0,0
time,11,linear_prices,cancel_rehang_4near,index_new,20000,120,219,579,38603,0,0
time,11,linear_prices,cancel_rehang_4near,index_accepted,20000,105,279,630,59602,0,0
time,11,linear_prices,cancel_rehang_4near,index_canceled,20000,106,176,329,112980,0,0
time,11,linear_prices,prototype_rolling_4_2far,price_query,20000,47,78,124,6474,0,0
time,11,linear_prices,prototype_rolling_4_2far,intent_to_command,20000,139,354,1075,118780,0,0
time,11,linear_prices,prototype_rolling_4_2far,intent_queued,20000,42,213,504,29844,0,0
time,11,linear_prices,prototype_rolling_4_2far,replace_report,20000,169,388,1056,10372,0,0
time,11,linear_prices,prototype_rolling_4_2far,ready_to_command,20000,181,442,1166,81652,0,0
time,11,linear_prices,prototype_jump_4_2far,price_query,20000,49,74,123,32162,0,0
time,11,linear_prices,prototype_jump_4_2far,intent_to_command,20000,149,345,1069,65549,0,0
time,11,linear_prices,prototype_jump_4_2far,intent_queued,20000,44,209,530,57686,0,0
time,11,linear_prices,prototype_jump_4_2far,replace_report,20000,180,382,836,38679,0,0
time,11,linear_prices,prototype_jump_4_2far,ready_to_command,20000,193,398,1160,63946,0,0
time,11,linear_prices,prototype_rolling_32_2far,price_query,20000,54,80,169,36180,0,0
time,11,linear_prices,prototype_rolling_32_2far,intent_to_command,20000,157,348,1063,83438,0,0
time,11,linear_prices,prototype_rolling_32_2far,intent_queued,20000,43,203,512,27880,0,0
time,11,linear_prices,prototype_rolling_32_2far,replace_report,20000,154,432,1070,65137,0,0
time,11,linear_prices,prototype_rolling_32_2far,ready_to_command,20000,192,417,1168,60591,0,0
time,11,linear_prices,prototype_jump_32_2far,price_query,20000,56,98,184,16909,0,0
time,11,linear_prices,prototype_jump_32_2far,intent_to_command,20000,162,363,918,55875,0,0
time,11,linear_prices,prototype_jump_32_2far,intent_queued,20000,44,204,580,30853,0,0
time,11,linear_prices,prototype_jump_32_2far,replace_report,20000,162,455,1009,59245,0,0
time,11,linear_prices,prototype_jump_32_2far,ready_to_command,20000,198,437,1235,40053,0,0
time,12,linear_prices,rolling_4,price_query,20000,38,62,158,77763,0,0
time,12,linear_prices,rolling_4,near_range8,20000,79,134,234,136054,0,0
time,12,linear_prices,rolling_4,index_submit,20000,112,171,392,35558,0,0
time,12,linear_prices,rolling_4,index_ack,20000,116,186,405,82595,0,0
time,12,linear_prices,rolling_4,cross_page_submit_subset,314,114,163,180,291,0,0
time,12,linear_prices,outliers_4,price_query,20000,36,65,167,6729,0,0
time,12,linear_prices,outliers_4,near_range8,20000,83,169,464,56324,0,0
time,12,linear_prices,outliers_4,index_submit,20000,107,200,418,43757,0,0
time,12,linear_prices,outliers_4,index_ack,20000,112,203,417,36852,0,0
time,12,linear_prices,outliers_4,cross_page_submit_subset,314,110,191,267,458,0,0
time,12,linear_prices,outliers_4,far_query,20000,37,119,400,52087,0,0
time,12,linear_prices,boundary_4,price_query,20000,40,56,93,7166,0,0
time,12,linear_prices,boundary_4,near_range8,20000,88,129,253,46736,0,0
time,12,linear_prices,boundary_4,index_submit,20000,119,166,613,52345,0,0
time,12,linear_prices,boundary_4,index_ack,20000,134,181,301,51172,0,0
time,12,linear_prices,boundary_4,cross_page_submit_subset,5000,115,159,243,812,0,0
time,12,linear_prices,jump_4,price_query,20000,43,56,102,52226,0,0
time,12,linear_prices,jump_4,near_range8,20000,84,132,261,28954,0,0
time,12,linear_prices,jump_4,index_submit,20000,125,164,338,29845,0,0
time,12,linear_prices,jump_4,index_ack,20000,129,183,423,47091,0,0
time,12,linear_prices,jump_4,cross_page_submit_subset,3746,143,175,364,29845,0,0
time,12,linear_prices,jump_4,jump_submit_subset,2496,146,179,365,29845,0,0
time,12,linear_prices,rolling_32,price_query,20000,49,77,115,30433,0,0
time,12,linear_prices,rolling_32,near_range8,20000,530,723,5705,51259,0,0
time,12,linear_prices,rolling_32,index_submit,20000,131,250,549,33637,0,0
time,12,linear_prices,rolling_32,index_ack,20000,117,272,522,54882,0,0
time,12,linear_prices,rolling_32,cross_page_submit_subset,305,125,198,209,213,0,0
time,12,linear_prices,outliers_32,price_query,20000,48,204,269,78746,0,0
time,12,linear_prices,outliers_32,near_range8,20000,520,3396,7943,101891,0,0
time,12,linear_prices,outliers_32,index_submit,20000,130,424,744,54898,0,0
time,12,linear_prices,outliers_32,index_ack,20000,112,336,712,38319,0,0
time,12,linear_prices,outliers_32,cross_page_submit_subset,305,121,215,263,525,0,0
time,12,linear_prices,outliers_32,far_query,20000,64,270,343,86305,0,0
time,12,linear_prices,boundary_32,price_query,20000,46,123,196,37490,0,0
time,12,linear_prices,boundary_32,near_range8,20000,532,2635,7578,70726,0,0
time,12,linear_prices,boundary_32,index_submit,20000,128,350,708,54275,0,0
time,12,linear_prices,boundary_32,index_ack,20000,135,356,655,36659,0,0
time,12,linear_prices,boundary_32,cross_page_submit_subset,625,125,297,327,456,0,0
time,12,linear_prices,jump_32,price_query,20000,47,102,174,37157,0,0
time,12,linear_prices,jump_32,near_range8,20000,439,950,7042,54753,0,0
time,12,linear_prices,jump_32,index_submit,20000,116,330,660,72497,0,0
time,12,linear_prices,jump_32,index_ack,20000,101,357,524,38441,0,0
time,12,linear_prices,jump_32,cross_page_submit_subset,2652,171,385,1122,5948,0,0
time,12,linear_prices,jump_32,jump_submit_subset,2496,174,385,576,3494,0,0
time,12,linear_prices,rolling_128,price_query,20000,96,162,287,28332,0,0
time,12,linear_prices,rolling_128,near_range8,20000,2334,3022,36593,69933,0,0
time,12,linear_prices,rolling_128,index_submit,20000,188,351,1166,43994,0,0
time,12,linear_prices,rolling_128,index_ack,20000,129,445,768,116806,0,0
time,12,linear_prices,rolling_128,cross_page_submit_subset,312,165,337,416,43994,0,0
time,12,linear_prices,outliers_128,price_query,20000,83,157,494,25575,0,0
time,12,linear_prices,outliers_128,near_range8,20000,2391,3126,37229,103021,0,0
time,12,linear_prices,outliers_128,index_submit,20000,170,511,1787,47217,0,0
time,12,linear_prices,outliers_128,index_ack,20000,125,500,1027,27987,0,0
time,12,linear_prices,outliers_128,cross_page_submit_subset,312,157,463,666,677,0,0
time,12,linear_prices,outliers_128,far_query,20000,191,315,1014,70190,0,0
time,12,linear_prices,boundary_128,price_query,20000,90,165,406,49252,0,0
time,12,linear_prices,boundary_128,near_range8,20000,2420,5316,36631,53749,0,0
time,12,linear_prices,boundary_128,index_submit,20000,183,348,1077,82044,0,0
time,12,linear_prices,boundary_128,index_ack,20000,166,463,843,37298,0,0
time,12,linear_prices,boundary_128,cross_page_submit_subset,313,168,348,481,572,0,0
time,12,linear_prices,jump_128,price_query,20000,91,225,601,48590,0,0
time,12,linear_prices,jump_128,near_range8,20000,2238,5534,36924,89689,0,0
time,12,linear_prices,jump_128,index_submit,20000,174,565,1372,30721,0,0
time,12,linear_prices,jump_128,index_ack,20000,126,773,1606,40640,0,0
time,12,linear_prices,jump_128,cross_page_submit_subset,2704,380,897,1875,27561,0,0
time,12,linear_prices,jump_128,jump_submit_subset,2432,391,914,1717,27561,0,0
time,12,linear_prices,4096books_4near_2far,price_query,20000,278,987,2109,58918,0,0
time,12,linear_prices,new_book_growth,index_insert,20000,304,4807,10624,463035,0,0
time,12,linear_prices,new_book_growth,every64_subset,313,4985,11985,55652,64466,0,0
time,12,linear_prices,cancel_rehang_4near,index_cancel,20000,91,170,261,35627,0,0
time,12,linear_prices,cancel_rehang_4near,index_new,20000,140,280,438,34103,0,0
time,12,linear_prices,cancel_rehang_4near,index_accepted,20000,120,279,409,6354,0,0
time,12,linear_prices,cancel_rehang_4near,index_canceled,20000,126,237,362,49059,0,0
time,12,linear_prices,prototype_rolling_4_2far,price_query,20000,53,76,150,26075,0,0
time,12,linear_prices,prototype_rolling_4_2far,intent_to_command,20000,158,348,710,61301,0,0
time,12,linear_prices,prototype_rolling_4_2far,intent_queued,20000,50,200,469,5421,0,0
time,12,linear_prices,prototype_rolling_4_2far,replace_report,20000,192,383,738,51990,0,0
time,12,linear_prices,prototype_rolling_4_2far,ready_to_command,20000,207,402,848,54326,0,0
time,12,linear_prices,prototype_jump_4_2far,price_query,20000,49,74,141,32506,0,0
time,12,linear_prices,prototype_jump_4_2far,intent_to_command,20000,147,352,692,30807,0,0
time,12,linear_prices,prototype_jump_4_2far,intent_queued,20000,46,202,485,46540,0,0
time,12,linear_prices,prototype_jump_4_2far,replace_report,20000,178,392,772,56848,0,0
time,12,linear_prices,prototype_jump_4_2far,ready_to_command,20000,189,393,727,30122,0,0
time,12,linear_prices,prototype_rolling_32_2far,price_query,20000,56,100,200,32887,0,0
time,12,linear_prices,prototype_rolling_32_2far,intent_to_command,20000,164,404,751,39009,0,0
time,12,linear_prices,prototype_rolling_32_2far,intent_queued,20000,49,206,491,44918,0,0
time,12,linear_prices,prototype_rolling_32_2far,replace_report,20000,165,457,759,31938,0,0
time,12,linear_prices,prototype_rolling_32_2far,ready_to_command,20000,205,479,779,38858,0,0
time,12,linear_prices,prototype_jump_32_2far,price_query,20000,56,105,208,33337,0,0
time,12,linear_prices,prototype_jump_32_2far,intent_to_command,20000,155,391,721,53414,0,0
time,12,linear_prices,prototype_jump_32_2far,intent_queued,20000,47,210,527,29469,0,0
time,12,linear_prices,prototype_jump_32_2far,replace_report,20000,160,461,835,46961,0,0
time,12,linear_prices,prototype_jump_32_2far,ready_to_command,20000,197,447,1301,72605,0,0
time,12,sorted_deque_soa,rolling_4,price_query,20000,49,93,205,34995,0,0
time,12,sorted_deque_soa,rolling_4,near_range8,20000,54,103,220,6095,0,0
time,12,sorted_deque_soa,rolling_4,index_submit,20000,142,287,493,44234,0,0
time,12,sorted_deque_soa,rolling_4,index_ack,20000,127,229,424,98279,0,0
time,12,sorted_deque_soa,rolling_4,cross_page_submit_subset,314,143,315,365,488,0,0
time,12,sorted_deque_soa,outliers_4,price_query,20000,49,72,153,79837,0,0
time,12,sorted_deque_soa,outliers_4,near_range8,20000,54,76,181,10439,0,0
time,12,sorted_deque_soa,outliers_4,index_submit,20000,140,356,712,87167,0,0
time,12,sorted_deque_soa,outliers_4,index_ack,20000,123,255,631,34731,0,0
time,12,sorted_deque_soa,outliers_4,cross_page_submit_subset,314,140,439,544,545,0,0
time,12,sorted_deque_soa,outliers_4,far_query,20000,50,210,510,35577,0,0
time,12,sorted_deque_soa,boundary_4,price_query,20000,49,60,182,30283,0,0
time,12,sorted_deque_soa,boundary_4,near_range8,20000,57,69,112,30660,0,0
time,12,sorted_deque_soa,boundary_4,index_submit,20000,139,188,288,55731,0,0
time,12,sorted_deque_soa,boundary_4,index_ack,20000,146,191,276,57513,0,0
time,12,sorted_deque_soa,boundary_4,cross_page_submit_subset,5000,135,161,226,55731,0,0
time,12,sorted_deque_soa,jump_4,price_query,20000,47,76,195,46218,0,0
time,12,sorted_deque_soa,jump_4,near_range8,20000,53,82,142,53957,0,0
time,12,sorted_deque_soa,jump_4,index_submit,20000,136,242,551,121842,0,0
time,12,sorted_deque_soa,jump_4,index_ack,20000,123,206,337,32419,0,0
time,12,sorted_deque_soa,jump_4,cross_page_submit_subset,3746,153,303,589,1749,0,0
time,12,sorted_deque_soa,jump_4,jump_submit_subset,2496,170,331,666,1749,0,0
time,12,sorted_deque_soa,rolling_32,price_query,20000,66,96,156,32531,0,0
time,12,sorted_deque_soa,rolling_32,near_range8,20000,85,125,189,32938,0,0
time,12,sorted_deque_soa,rolling_32,index_submit,20000,143,263,471,36353,0,0
time,12,sorted_deque_soa,rolling_32,index_ack,20000,103,188,271,46752,0,0
time,12,sorted_deque_soa,rolling_32,cross_page_submit_subset,305,149,250,275,315,0,0
time,12,sorted_deque_soa,outliers_32,price_query,20000,66,87,132,28411,0,0
time,12,sorted_deque_soa,outliers_32,near_range8,20000,85,116,186,29770,0,0
time,12,sorted_deque_soa,outliers_32,index_submit,20000,145,307,477,33539,0,0
time,12,sorted_deque_soa,outliers_32,index_ack,20000,103,189,259,49474,0,0
time,12,sorted_deque_soa,outliers_32,cross_page_submit_subset,305,147,300,322,4406,0,0
time,12,sorted_deque_soa,outliers_32,far_query,20000,68,132,370,48787,0,0
time,12,sorted_deque_soa,boundary_32,price_query,20000,71,214,314,11443,0,0
time,12,sorted_deque_soa,boundary_32,near_range8,20000,92,276,389,35374,0,0
time,12,sorted_deque_soa,boundary_32,index_submit,20000,154,450,1054,81546,0,0
time,12,sorted_deque_soa,boundary_32,index_ack,20000,164,459,996,34981,0,0
time,12,sorted_deque_soa,boundary_32,cross_page_submit_subset,625,158,423,484,494,0,0
time,12,sorted_deque_soa,jump_32,price_query,20000,67,111,156,58202,0,0
time,12,sorted_deque_soa,jump_32,near_range8,20000,86,141,242,60456,0,0
time,12,sorted_deque_soa,jump_32,index_submit,20000,150,412,938,147704,0,0
time,12,sorted_deque_soa,jump_32,index_ack,20000,110,322,612,37549,0,0
time,12,sorted_deque_soa,jump_32,cross_page_submit_subset,2652,281,487,1114,5346,0,0
time,12,sorted_deque_soa,jump_32,jump_submit_subset,2496,286,495,1114,5346,0,0
time,12,sorted_deque_soa,rolling_128,price_query,20000,57,117,215,31911,0,0
time,12,sorted_deque_soa,rolling_128,near_range8,20000,78,154,239,34880,0,0
time,12,sorted_deque_soa,rolling_128,index_submit,20000,167,409,1012,55126,0,0
time,12,sorted_deque_soa,rolling_128,index_ack,20000,125,334,625,37438,0,0
time,12,sorted_deque_soa,rolling_128,cross_page_submit_subset,312,168,345,416,426,0,0
time,12,sorted_deque_soa,outliers_128,price_query,20000,56,121,201,27467,0,0
time,12,sorted_deque_soa,outliers_128,near_range8,20000,79,168,232,44005,0,0
time,12,sorted_deque_soa,outliers_128,index_submit,20000,152,329,529,40743,0,0
time,12,sorted_deque_soa,outliers_128,index_ack,20000,126,263,405,49955,0,0
time,12,sorted_deque_soa,outliers_128,cross_page_submit_subset,312,151,215,307,383,0,0
time,12,sorted_deque_soa,outliers_128,far_query,20000,58,146,420,29116,0,0
time,12,sorted_deque_soa,boundary_128,price_query,20000,64,120,208,44953,0,0
time,12,sorted_deque_soa,boundary_128,near_range8,20000,77,152,244,49605,0,0
time,12,sorted_deque_soa,boundary_128,index_submit,20000,165,415,1024,35684,0,0
time,12,sorted_deque_soa,boundary_128,index_ack,20000,162,471,1065,34955,0,0
time,12,sorted_deque_soa,boundary_128,cross_page_submit_subset,313,175,346,434,458,0,0
time,12,sorted_deque_soa,jump_128,price_query,20000,56,179,250,71415,0,0
time,12,sorted_deque_soa,jump_128,near_range8,20000,72,193,241,30242,0,0
time,12,sorted_deque_soa,jump_128,index_submit,20000,154,659,1053,31824,0,0
time,12,sorted_deque_soa,jump_128,index_ack,20000,119,586,845,51641,0,0
time,12,sorted_deque_soa,jump_128,cross_page_submit_subset,2704,202,927,2088,29932,0,0
time,12,sorted_deque_soa,jump_128,jump_submit_subset,2432,221,929,2088,29932,0,0
time,12,sorted_deque_soa,4096books_4near_2far,price_query,20000,370,1114,6344,59119,0,0
time,12,sorted_deque_soa,new_book_growth,index_insert,20000,516,6600,34926,857654,0,0
time,12,sorted_deque_soa,new_book_growth,every64_subset,313,6272,44869,53188,54157,0,0
time,12,sorted_deque_soa,cancel_rehang_4near,index_cancel,20000,92,135,371,38996,0,0
time,12,sorted_deque_soa,cancel_rehang_4near,index_new,20000,168,287,649,34028,0,0
time,12,sorted_deque_soa,cancel_rehang_4near,index_accepted,20000,121,269,617,78513,0,0
time,12,sorted_deque_soa,cancel_rehang_4near,index_canceled,20000,130,178,443,80300,0,0
time,12,sorted_deque_soa,prototype_rolling_4_2far,price_query,20000,57,107,339,33758,0,0
time,12,sorted_deque_soa,prototype_rolling_4_2far,intent_to_command,20000,178,470,859,41822,0,0
time,12,sorted_deque_soa,prototype_rolling_4_2far,intent_queued,20000,51,224,511,7504,0,0
time,12,sorted_deque_soa,prototype_rolling_4_2far,replace_report,20000,207,404,1093,72882,0,0
time,12,sorted_deque_soa,prototype_rolling_4_2far,ready_to_command,20000,270,521,1088,78539,0,0
time,12,sorted_deque_soa,prototype_jump_4_2far,price_query,20000,56,81,145,79512,0,0
time,12,sorted_deque_soa,prototype_jump_4_2far,intent_to_command,20000,176,411,859,148636,0,0
time,12,sorted_deque_soa,prototype_jump_4_2far,intent_queued,20000,51,210,502,94840,0,0
time,12,sorted_deque_soa,prototype_jump_4_2far,replace_report,20000,207,417,1015,34558,0,0
time,12,sorted_deque_soa,prototype_jump_4_2far,ready_to_command,20000,268,464,3775,68183,0,0
time,12,sorted_deque_soa,prototype_rolling_32_2far,price_query,20000,82,150,301,46715,0,0
time,12,sorted_deque_soa,prototype_rolling_32_2far,intent_to_command,20000,206,499,759,45802,0,0
time,12,sorted_deque_soa,prototype_rolling_32_2far,intent_queued,20000,52,199,544,112233,0,0
time,12,sorted_deque_soa,prototype_rolling_32_2far,replace_report,20000,177,417,1087,37962,0,0
time,12,sorted_deque_soa,prototype_rolling_32_2far,ready_to_command,20000,244,588,1165,71593,0,0
time,12,sorted_deque_soa,prototype_jump_32_2far,price_query,20000,82,122,280,52957,0,0
time,12,sorted_deque_soa,prototype_jump_32_2far,intent_to_command,20000,204,424,1303,35004,0,0
time,12,sorted_deque_soa,prototype_jump_32_2far,intent_queued,20000,52,198,517,48138,0,0
time,12,sorted_deque_soa,prototype_jump_32_2far,replace_report,20000,179,455,870,64888,0,0
time,12,sorted_deque_soa,prototype_jump_32_2far,ready_to_command,20000,245,608,1495,38323,0,0
time,12,sorted_deque,rolling_4,price_query,20000,50,107,169,34784,0,0
time,12,sorted_deque,rolling_4,near_range8,20000,55,125,206,7054,0,0
time,12,sorted_deque,rolling_4,index_submit,20000,140,284,457,51897,0,0
time,12,sorted_deque,rolling_4,index_ack,20000,130,350,502,56069,0,0
time,12,sorted_deque,rolling_4,cross_page_submit_subset,314,140,263,297,347,0,0
time,12,sorted_deque,outliers_4,price_query,20000,52,154,211,10060,0,0
time,12,sorted_deque,outliers_4,near_range8,20000,59,177,232,45903,0,0
time,12,sorted_deque,outliers_4,index_submit,20000,147,391,638,433385,0,0
time,12,sorted_deque,outliers_4,index_ack,20000,133,415,532,76119,0,0
time,12,sorted_deque,outliers_4,cross_page_submit_subset,314,146,369,378,445,0,0
time,12,sorted_deque,outliers_4,far_query,20000,52,196,469,33732,0,0
time,12,sorted_deque,boundary_4,price_query,20000,50,95,190,37640,0,0
time,12,sorted_deque,boundary_4,near_range8,20000,58,108,205,169997,0,0
time,12,sorted_deque,boundary_4,index_submit,20000,140,272,576,160266,0,0
time,12,sorted_deque,boundary_4,index_ack,20000,154,280,451,80965,0,0
time,12,sorted_deque,boundary_4,cross_page_submit_subset,5000,138,251,504,33509,0,0
time,12,sorted_deque,jump_4,price_query,20000,52,151,301,31209,0,0
time,12,sorted_deque,jump_4,near_range8,20000,58,163,237,44625,0,0
time,12,sorted_deque,jump_4,index_submit,20000,153,334,678,48949,0,0
time,12,sorted_deque,jump_4,index_ack,20000,141,449,638,30637,0,0
time,12,sorted_deque,jump_4,cross_page_submit_subset,3746,183,565,748,25038,0,0
time,12,sorted_deque,jump_4,jump_submit_subset,2496,200,607,748,5332,0,0
time,12,sorted_deque,rolling_32,price_query,20000,53,92,198,44185,0,0
time,12,sorted_deque,rolling_32,near_range8,20000,78,113,256,53683,0,0
time,12,sorted_deque,rolling_32,index_submit,20000,148,262,578,30341,0,0
time,12,sorted_deque,rolling_32,index_ack,20000,126,250,398,59257,0,0
time,12,sorted_deque,rolling_32,cross_page_submit_subset,305,148,197,222,280,0,0
time,12,sorted_deque,outliers_32,price_query,20000,52,91,190,76378,0,0
time,12,sorted_deque,outliers_32,near_range8,20000,75,124,259,68286,0,0
time,12,sorted_deque,outliers_32,index_submit,20000,144,289,541,27099,0,0
time,12,sorted_deque,outliers_32,index_ack,20000,123,303,984,36162,0,0
time,12,sorted_deque,outliers_32,cross_page_submit_subset,305,144,214,306,367,0,0
time,12,sorted_deque,outliers_32,far_query,20000,52,146,467,29597,0,0
time,12,sorted_deque,boundary_32,price_query,20000,53,75,171,34687,0,0
time,12,sorted_deque,boundary_32,near_range8,20000,78,104,270,48967,0,0
time,12,sorted_deque,boundary_32,index_submit,20000,145,228,1064,55597,0,0
time,12,sorted_deque,boundary_32,index_ack,20000,153,239,743,33160,0,0
time,12,sorted_deque,boundary_32,cross_page_submit_subset,625,150,208,268,1076,0,0
time,12,sorted_deque,jump_32,price_query,20000,53,107,224,34070,0,0
time,12,sorted_deque,jump_32,near_range8,20000,78,142,241,75651,0,0
time,12,sorted_deque,jump_32,index_submit,20000,150,336,598,34756,0,0
time,12,sorted_deque,jump_32,index_ack,20000,128,322,560,61581,0,0
time,12,sorted_deque,jump_32,cross_page_submit_subset,2652,202,443,2083,33035,0,0
time,12,sorted_deque,jump_32,jump_submit_subset,2496,205,445,704,11791,0,0
time,12,sorted_deque,rolling_128,price_query,20000,53,105,149,57578,0,0
time,12,sorted_deque,rolling_128,near_range8,20000,72,144,192,43145,0,0
time,12,sorted_deque,rolling_128,index_submit,20000,137,226,497,37797,0,0
time,12,sorted_deque,rolling_128,index_ack,20000,111,198,316,114993,0,0
time,12,sorted_deque,rolling_128,cross_page_submit_subset,312,142,289,335,36419,0,0
time,12,sorted_deque,outliers_128,price_query,20000,54,105,195,47812,0,0
time,12,sorted_deque,outliers_128,near_range8,20000,68,132,228,52402,0,0
time,12,sorted_deque,outliers_128,index_submit,20000,138,233,485,47288,0,0
time,12,sorted_deque,outliers_128,index_ack,20000,105,183,300,35914,0,0
time,12,sorted_deque,outliers_128,cross_page_submit_subset,312,141,216,239,244,0,0
time,12,sorted_deque,outliers_128,far_query,20000,48,140,431,6672,0,0
time,12,sorted_deque,boundary_128,price_query,20000,62,111,201,53824,0,0
time,12,sorted_deque,boundary_128,near_range8,20000,82,143,222,33809,0,0
time,12,sorted_deque,boundary_128,index_submit,20000,162,275,559,43707,0,0
time,12,sorted_deque,boundary_128,index_ack,20000,155,311,587,57027,0,0
time,12,sorted_deque,boundary_128,cross_page_submit_subset,313,179,249,348,353,0,0
time,12,sorted_deque,jump_128,price_query,20000,60,107,228,34935,0,0
time,12,sorted_deque,jump_128,near_range8,20000,83,128,239,51892,0,0
time,12,sorted_deque,jump_128,index_submit,20000,163,418,655,33990,0,0
time,12,sorted_deque,jump_128,index_ack,20000,129,360,493,47848,0,0
time,12,sorted_deque,jump_128,cross_page_submit_subset,2704,216,487,2337,5966,0,0
time,12,sorted_deque,jump_128,jump_submit_subset,2432,236,495,2337,5966,0,0
time,12,sorted_deque,4096books_4near_2far,price_query,20000,230,809,18043,75086,0,0
time,12,sorted_deque,new_book_growth,index_insert,20000,301,6008,18373,1275402,0,0
time,12,sorted_deque,new_book_growth,every64_subset,313,6561,31307,37865,49342,0,0
time,12,sorted_deque,cancel_rehang_4near,index_cancel,20000,48,130,278,32992,0,0
time,12,sorted_deque,cancel_rehang_4near,index_new,20000,89,220,465,35395,0,0
time,12,sorted_deque,cancel_rehang_4near,index_accepted,20000,69,249,540,23474,0,0
time,12,sorted_deque,cancel_rehang_4near,index_canceled,20000,68,164,262,4839,0,0
time,12,sorted_deque,prototype_rolling_4_2far,price_query,20000,35,63,93,21386,0,0
time,12,sorted_deque,prototype_rolling_4_2far,intent_to_command,20000,90,244,557,32784,0,0
time,12,sorted_deque,prototype_rolling_4_2far,intent_queued,20000,32,58,205,18298,0,0
time,12,sorted_deque,prototype_rolling_4_2far,replace_report,20000,100,268,559,22253,0,0
time,12,sorted_deque,prototype_rolling_4_2far,ready_to_command,20000,133,330,1139,34100,0,0
time,12,sorted_deque,prototype_jump_4_2far,price_query,20000,35,57,80,904,0,0
time,12,sorted_deque,prototype_jump_4_2far,intent_to_command,20000,90,233,420,63478,0,0
time,12,sorted_deque,prototype_jump_4_2far,intent_queued,20000,32,49,162,22988,0,0
time,12,sorted_deque,prototype_jump_4_2far,replace_report,20000,100,246,518,56806,0,0
time,12,sorted_deque,prototype_jump_4_2far,ready_to_command,20000,130,290,548,23163,0,0
time,12,sorted_deque,prototype_rolling_32_2far,price_query,20000,36,70,106,41409,0,0
time,12,sorted_deque,prototype_rolling_32_2far,intent_to_command,20000,92,257,1047,37251,0,0
time,12,sorted_deque,prototype_rolling_32_2far,intent_queued,20000,32,123,216,5526,0,0
time,12,sorted_deque,prototype_rolling_32_2far,replace_report,20000,81,265,638,33690,0,0
time,12,sorted_deque,prototype_rolling_32_2far,ready_to_command,20000,104,308,715,30499,0,0
time,12,sorted_deque,prototype_jump_32_2far,price_query,20000,36,62,84,20053,0,0
time,12,sorted_deque,prototype_jump_32_2far,intent_to_command,20000,90,191,312,22680,0,0
time,12,sorted_deque,prototype_jump_32_2far,intent_queued,20000,32,48,135,31265,0,0
time,12,sorted_deque,prototype_jump_32_2far,replace_report,20000,80,190,323,17414,0,0
time,12,sorted_deque,prototype_jump_32_2far,ready_to_command,20000,103,247,343,26064,0,0
time,12,pool_pages,rolling_4,price_query,20000,32,48,75,4300,0,0
time,12,pool_pages,rolling_4,near_range8,20000,39,98,238,23726,0,0
time,12,pool_pages,rolling_4,index_submit,20000,74,178,431,46803,0,0
time,12,pool_pages,rolling_4,index_ack,20000,78,172,305,21017,0,0
time,12,pool_pages,rolling_4,cross_page_submit_subset,314,78,332,610,684,0,0
time,12,pool_pages,rolling_4,page_creation_subset,78,179,610,610,684,0,0
time,12,pool_pages,outliers_4,price_query,20000,32,51,71,584,0,0
time,12,pool_pages,outliers_4,near_range8,20000,40,82,179,5296,0,0
time,12,pool_pages,outliers_4,index_submit,20000,75,226,443,31410,0,0
time,12,pool_pages,outliers_4,index_ack,20000,79,171,342,23847,0,0
time,12,pool_pages,outliers_4,cross_page_submit_subset,314,78,355,405,443,0,0
time,12,pool_pages,outliers_4,page_creation_subset,78,198,405,405,443,0,0
time,12,pool_pages,outliers_4,far_query,20000,32,68,211,21756,0,0
time,12,pool_pages,boundary_4,price_query,20000,32,60,130,22202,0,0
time,12,pool_pages,boundary_4,near_range8,20000,45,176,446,27269,0,0
time,12,pool_pages,boundary_4,index_submit,20000,75,187,413,54450,0,0
time,12,pool_pages,boundary_4,index_ack,20000,98,256,760,60271,0,0
time,12,pool_pages,boundary_4,cross_page_submit_subset,5000,68,207,445,30188,0,0
time,12,pool_pages,jump_4,price_query,20000,32,70,305,5264,0,0
time,12,pool_pages,jump_4,near_range8,20000,42,182,413,22613,0,0
time,12,pool_pages,jump_4,index_submit,20000,92,263,517,24941,0,0
time,12,pool_pages,jump_4,index_ack,20000,87,263,987,42523,0,0
time,12,pool_pages,jump_4,cross_page_submit_subset,3746,122,312,517,6831,0,0
time,12,pool_pages,jump_4,page_creation_subset,1248,174,370,776,1234,0,0
time,12,pool_pages,jump_4,jump_submit_subset,2496,143,327,776,6831,0,0
time,12,pool_pages,rolling_32,price_query,20000,32,50,92,18627,0,0
time,12,pool_pages,rolling_32,near_range8,20000,50,115,260,44851,0,0
time,12,pool_pages,rolling_32,index_submit,20000,67,182,482,175709,0,0
time,12,pool_pages,rolling_32,index_ack,20000,61,163,382,36597,0,0
time,12,pool_pages,rolling_32,cross_page_submit_subset,305,80,536,665,687,0,0
time,12,pool_pages,rolling_32,page_creation_subset,10,374,665,665,687,0,0
time,12,pool_pages,outliers_32,price_query,20000,32,63,129,16115,0,0
time,12,pool_pages,outliers_32,near_range8,20000,51,124,329,236245,0,0
time,12,pool_pages,outliers_32,index_submit,20000,68,218,792,48078,0,0
time,12,pool_pages,outliers_32,index_ack,20000,62,197,646,284858,0,0
time,12,pool_pages,outliers_32,cross_page_submit_subset,305,80,792,1268,1497,0,0
time,12,pool_pages,outliers_32,page_creation_subset,10,726,1268,1268,1497,0,0
time,12,pool_pages,outliers_32,far_query,20000,32,72,201,44115,0,0
time,12,pool_pages,boundary_32,price_query,20000,47,58,119,33347,0,0
time,12,pool_pages,boundary_32,near_range8,20000,97,156,340,35805,0,0
time,12,pool_pages,boundary_32,index_submit,20000,129,178,382,629038,0,0
time,12,pool_pages,boundary_32,index_ack,20000,140,249,429,32538,0,0
time,12,pool_pages,boundary_32,cross_page_submit_subset,625,130,165,293,301,0,0
time,12,pool_pages,jump_32,price_query,20000,48,61,84,24547,0,0
time,12,pool_pages,jump_32,near_range8,20000,92,124,213,31944,0,0
time,12,pool_pages,jump_32,index_submit,20000,131,201,355,32731,0,0
time,12,pool_pages,jump_32,index_ack,20000,120,235,406,24589,0,0
time,12,pool_pages,jump_32,cross_page_submit_subset,2652,159,321,420,5141,0,0
time,12,pool_pages,jump_32,page_creation_subset,156,282,413,420,432,0,0
time,12,pool_pages,jump_32,jump_submit_subset,2496,160,321,420,5141,0,0
time,12,pool_pages,rolling_128,price_query,20000,46,59,86,21377,0,0
time,12,pool_pages,rolling_128,near_range8,20000,87,114,207,22487,0,0
time,12,pool_pages,rolling_128,index_submit,20000,127,170,270,52170,0,0
time,12,pool_pages,rolling_128,index_ack,20000,115,162,230,74700,0,0
time,12,pool_pages,rolling_128,cross_page_submit_subset,312,143,195,702,772,0,0
time,12,pool_pages,rolling_128,page_creation_subset,3,702,702,702,772,0,0
time,12,pool_pages,outliers_128,price_query,20000,32,34,55,200,0,0
time,12,pool_pages,outliers_128,near_range8,20000,51,67,127,34217,0,0
time,12,pool_pages,outliers_128,index_submit,20000,69,127,255,27745,0,0
time,12,pool_pages,outliers_128,index_ack,20000,67,115,195,18806,0,0
time,12,pool_pages,outliers_128,cross_page_submit_subset,312,83,125,455,587,0,0
time,12,pool_pages,outliers_128,page_creation_subset,3,455,455,455,587,0,0
time,12,pool_pages,outliers_128,far_query,20000,34,41,121,16609,0,0
time,12,pool_pages,boundary_128,price_query,20000,32,34,53,19093,0,0
time,12,pool_pages,boundary_128,near_range8,20000,53,69,107,7218,0,0
time,12,pool_pages,boundary_128,index_submit,20000,68,102,223,18143,0,0
time,12,pool_pages,boundary_128,index_ack,20000,96,133,205,27799,0,0
time,12,pool_pages,boundary_128,cross_page_submit_subset,313,71,98,107,133,0,0
time,12,pool_pages,jump_128,price_query,20000,32,45,64,116615,0,0
time,12,pool_pages,jump_128,near_range8,20000,51,90,180,36892,0,0
time,12,pool_pages,jump_128,index_submit,20000,69,146,309,19034,0,0
time,12,pool_pages,jump_128,index_ack,20000,68,145,301,35786,0,0
time,12,pool_pages,jump_128,cross_page_submit_subset,2704,80,222,386,1955,0,0
time,12,pool_pages,jump_128,page_creation_subset,77,204,386,386,1480,0,0
time,12,pool_pages,jump_128,jump_submit_subset,2432,80,214,386,1955,0,0
time,12,pool_pages,4096books_4near_2far,price_query,20000,386,1274,2460,44606,0,0
time,12,pool_pages,new_book_growth,index_insert,20000,340,15546,43862,480903,0,0
time,12,pool_pages,new_book_growth,page_block_growth_subset,313,16067,72220,101589,148624,0,0
time,12,pool_pages,new_book_growth,every64_subset,313,16067,72220,101589,148624,0,0
time,12,pool_pages,cancel_rehang_4near,index_cancel,20000,78,114,183,101472,0,0
time,12,pool_pages,cancel_rehang_4near,index_new,20000,179,338,1110,44684,0,0
time,12,pool_pages,cancel_rehang_4near,index_accepted,20000,114,257,644,36863,0,0
time,12,pool_pages,cancel_rehang_4near,index_canceled,20000,144,271,1141,47507,0,0
time,12,pool_pages,prototype_rolling_4_2far,price_query,20000,52,81,147,32255,0,0
time,12,pool_pages,prototype_rolling_4_2far,intent_to_command,20000,157,309,1037,47784,0,0
time,12,pool_pages,prototype_rolling_4_2far,intent_queued,20000,46,189,885,66528,0,0
time,12,pool_pages,prototype_rolling_4_2far,replace_report,20000,190,428,1176,41838,0,0
time,12,pool_pages,prototype_rolling_4_2far,ready_to_command,20000,213,396,1242,94674,0,0
time,12,pool_pages,prototype_jump_4_2far,price_query,20000,55,80,194,7119,0,0
time,12,pool_pages,prototype_jump_4_2far,intent_to_command,20000,165,408,1036,49694,0,0
time,12,pool_pages,prototype_jump_4_2far,intent_queued,20000,46,202,526,80626,0,0
time,12,pool_pages,prototype_jump_4_2far,replace_report,20000,202,501,1068,56943,0,0
time,12,pool_pages,prototype_jump_4_2far,ready_to_command,20000,223,437,877,49206,0,0
time,12,pool_pages,prototype_rolling_32_2far,price_query,20000,55,85,181,7140,0,0
time,12,pool_pages,prototype_rolling_32_2far,intent_to_command,20000,167,351,690,55686,0,0
time,12,pool_pages,prototype_rolling_32_2far,intent_queued,20000,47,203,470,31368,0,0
time,12,pool_pages,prototype_rolling_32_2far,replace_report,20000,163,401,1045,58845,0,0
time,12,pool_pages,prototype_rolling_32_2far,ready_to_command,20000,203,419,1006,36475,0,0
time,12,pool_pages,prototype_jump_32_2far,price_query,20000,57,80,147,35730,0,0
time,12,pool_pages,prototype_jump_32_2far,intent_to_command,20000,169,340,678,44294,0,0
time,12,pool_pages,prototype_jump_32_2far,intent_queued,20000,47,196,498,54307,0,0
time,12,pool_pages,prototype_jump_32_2far,replace_report,20000,169,404,832,32646,0,0
time,12,pool_pages,prototype_jump_32_2far,ready_to_command,20000,208,383,761,49532,0,0
time,12,absl_btree,rolling_4,price_query,20000,45,61,172,57026,0,0
time,12,absl_btree,rolling_4,near_range8,20000,63,184,482,5673,0,0
time,12,absl_btree,rolling_4,index_submit,20000,138,218,417,33491,0,0
time,12,absl_btree,rolling_4,index_ack,20000,131,258,419,47074,0,0
time,12,absl_btree,rolling_4,cross_page_submit_subset,314,138,216,453,1150,0,0
time,12,absl_btree,outliers_4,price_query,20000,46,64,121,28325,0,0
time,12,absl_btree,outliers_4,near_range8,20000,65,176,417,32929,0,0
time,12,absl_btree,outliers_4,index_submit,20000,140,224,318,45274,0,0
time,12,absl_btree,outliers_4,index_ack,20000,133,260,435,50723,0,0
time,12,absl_btree,outliers_4,cross_page_submit_subset,314,139,216,238,310,0,0
time,12,absl_btree,outliers_4,far_query,20000,46,61,148,43953,0,0
time,12,absl_btree,boundary_4,price_query,20000,44,64,200,50743,0,0
time,12,absl_btree,boundary_4,near_range8,20000,65,184,450,32725,0,0
time,12,absl_btree,boundary_4,index_submit,20000,138,215,400,49808,0,0
time,12,absl_btree,boundary_4,index_ack,20000,190,276,412,48422,0,0
time,12,absl_btree,boundary_4,cross_page_submit_subset,5000,134,166,270,16626,0,0
time,12,absl_btree,jump_4,price_query,20000,44,64,210,7405,0,0
time,12,absl_btree,jump_4,near_range8,20000,62,193,512,31048,0,0
time,12,absl_btree,jump_4,index_submit,20000,139,223,320,34853,0,0
time,12,absl_btree,jump_4,index_ack,20000,135,286,454,53519,0,0
time,12,absl_btree,jump_4,cross_page_submit_subset,3746,169,232,320,1018,0,0
time,12,absl_btree,jump_4,jump_submit_subset,2496,187,238,318,418,0,0
time,12,absl_btree,rolling_32,price_query,20000,48,78,162,10468,0,0
time,12,absl_btree,rolling_32,near_range8,20000,92,197,480,36670,0,0
time,12,absl_btree,rolling_32,index_submit,20000,141,288,468,37552,0,0
time,12,absl_btree,rolling_32,index_ack,20000,109,306,644,53622,0,0
time,12,absl_btree,rolling_32,cross_page_submit_subset,305,144,256,375,610,0,0
time,12,absl_btree,outliers_32,price_query,20000,47,82,196,6376,0,0
time,12,absl_btree,outliers_32,near_range8,20000,91,190,481,68896,0,0
time,12,absl_btree,outliers_32,index_submit,20000,141,293,594,56572,0,0
time,12,absl_btree,outliers_32,index_ack,20000,108,307,538,70989,0,0
time,12,absl_btree,outliers_32,cross_page_submit_subset,305,141,280,343,625,0,0
time,12,absl_btree,outliers_32,far_query,20000,50,77,187,7928,0,0
time,12,absl_btree,boundary_32,price_query,20000,49,72,206,49785,0,0
time,12,absl_btree,boundary_32,near_range8,20000,90,181,487,57297,0,0
time,12,absl_btree,boundary_32,index_submit,20000,138,303,526,34622,0,0
time,12,absl_btree,boundary_32,index_ack,20000,166,356,710,53711,0,0
time,12,absl_btree,boundary_32,cross_page_submit_subset,625,136,170,236,298,0,0
time,12,absl_btree,jump_32,price_query,20000,50,82,144,28120,0,0
time,12,absl_btree,jump_32,near_range8,20000,96,166,443,27452,0,0
time,12,absl_btree,jump_32,index_submit,20000,150,320,616,32131,0,0
time,12,absl_btree,jump_32,index_ack,20000,119,405,697,73276,0,0
time,12,absl_btree,jump_32,cross_page_submit_subset,2652,232,382,899,26493,0,0
time,12,absl_btree,jump_32,jump_submit_subset,2496,234,385,899,26493,0,0
time,12,absl_btree,rolling_128,price_query,20000,57,98,126,50809,0,0
time,12,absl_btree,rolling_128,near_range8,20000,98,176,425,7614,0,0
time,12,absl_btree,rolling_128,index_submit,20000,160,288,644,48928,0,0
time,12,absl_btree,rolling_128,index_ack,20000,116,266,741,33316,0,0
time,12,absl_btree,rolling_128,cross_page_submit_subset,312,157,280,298,335,0,0
time,12,absl_btree,outliers_128,price_query,20000,46,89,123,34770,0,0
time,12,absl_btree,outliers_128,near_range8,20000,64,176,472,33338,0,0
time,12,absl_btree,outliers_128,index_submit,20000,117,250,565,67926,0,0
time,12,absl_btree,outliers_128,index_ack,20000,85,232,575,29314,0,0
time,12,absl_btree,outliers_128,cross_page_submit_subset,312,111,223,360,525,0,0
time,12,absl_btree,outliers_128,far_query,20000,40,76,129,19648,0,0
time,12,absl_btree,boundary_128,price_query,20000,35,57,77,34784,0,0
time,12,absl_btree,boundary_128,near_range8,20000,50,67,165,35875,0,0
time,12,absl_btree,boundary_128,index_submit,20000,85,187,315,21053,0,0
time,12,absl_btree,boundary_128,index_ack,20000,122,234,399,31647,0,0
time,12,absl_btree,boundary_128,cross_page_submit_subset,313,85,126,138,184,0,0
time,12,absl_btree,jump_128,price_query,20000,36,71,87,19378,0,0
time,12,absl_btree,jump_128,near_range8,20000,52,86,138,484,0,0
time,12,absl_btree,jump_128,index_submit,20000,94,238,404,33745,0,0
time,12,absl_btree,jump_128,index_ack,20000,67,308,445,35764,0,0
time,12,absl_btree,jump_128,cross_page_submit_subset,2704,156,332,470,3753,0,0
time,12,absl_btree,jump_128,jump_submit_subset,2432,158,341,470,3753,0,0
time,12,absl_btree,4096books_4near_2far,price_query,20000,173,755,1237,36801,0,0
time,12,absl_btree,new_book_growth,index_insert,20000,250,4877,14020,2369994,0,0
time,12,absl_btree,new_book_growth,every64_subset,313,5041,16564,38673,46514,0,0
time,12,absl_btree,cancel_rehang_4near,index_cancel,20000,49,104,232,32064,0,0
time,12,absl_btree,cancel_rehang_4near,index_new,20000,98,199,421,33509,0,0
time,12,absl_btree,cancel_rehang_4near,index_accepted,20000,70,233,514,52740,0,0
time,12,absl_btree,cancel_rehang_4near,index_canceled,20000,103,214,373,24099,0,0
time,12,absl_btree,prototype_rolling_4_2far,price_query,20000,30,32,50,128,0,0
time,12,absl_btree,prototype_rolling_4_2far,intent_to_command,20000,85,156,254,20890,0,0
time,12,absl_btree,prototype_rolling_4_2far,intent_queued,20000,32,34,56,17908,0,0
time,12,absl_btree,prototype_rolling_4_2far,replace_report,20000,133,164,416,20916,0,0
time,12,absl_btree,prototype_rolling_4_2far,ready_to_command,20000,124,147,316,44595,0,0
time,12,absl_btree,prototype_jump_4_2far,price_query,20000,30,38,60,17319,0,0
time,12,absl_btree,prototype_jump_4_2far,intent_to_command,20000,85,146,245,24985,0,0
time,12,absl_btree,prototype_jump_4_2far,intent_queued,20000,32,41,58,18556,0,0
time,12,absl_btree,prototype_jump_4_2far,replace_report,20000,133,216,433,22130,0,0
time,12,absl_btree,prototype_jump_4_2far,ready_to_command,20000,124,198,330,26469,0,0
time,12,absl_btree,prototype_rolling_32_2far,price_query,20000,39,77,164,17746,0,0
time,12,absl_btree,prototype_rolling_32_2far,intent_to_command,20000,113,291,516,46854,0,0
time,12,absl_btree,prototype_rolling_32_2far,intent_queued,20000,34,179,313,5056,0,0
time,12,absl_btree,prototype_rolling_32_2far,replace_report,20000,111,384,625,18694,0,0
time,12,absl_btree,prototype_rolling_32_2far,ready_to_command,20000,142,365,645,32837,0,0
time,12,absl_btree,prototype_jump_32_2far,price_query,20000,34,64,82,35315,0,0
time,12,absl_btree,prototype_jump_32_2far,intent_to_command,20000,90,174,262,24502,0,0
time,12,absl_btree,prototype_jump_32_2far,intent_queued,20000,32,38,55,28545,0,0
time,12,absl_btree,prototype_jump_32_2far,replace_report,20000,82,244,432,22138,0,0
time,12,absl_btree,prototype_jump_32_2far,ready_to_command,20000,105,222,372,24206,0,0
time,12,window128,rolling_4,price_query,20000,35,48,68,543,0,0
time,12,window128,rolling_4,near_range8,20000,38,65,133,902,0,0
time,12,window128,rolling_4,index_submit,20000,78,163,271,18053,0,0
time,12,window128,rolling_4,index_ack,20000,76,125,253,29772,0,0
time,12,window128,rolling_4,cross_page_submit_subset,314,78,145,219,336,0,0
time,12,window128,outliers_4,price_query,20000,36,49,69,28708,0,0
time,12,window128,outliers_4,near_range8,20000,39,69,137,4254,0,0
time,12,window128,outliers_4,index_submit,20000,81,228,369,36494,0,0
time,12,window128,outliers_4,index_ack,20000,78,136,241,21022,0,0
time,12,window128,outliers_4,cross_page_submit_subset,314,80,136,168,175,0,0
time,12,window128,outliers_4,far_query,20000,35,51,116,50000,0,0
time,12,window128,boundary_4,price_query,20000,36,50,73,18482,0,0
time,12,window128,boundary_4,near_range8,20000,39,70,140,462,0,0
time,12,window128,boundary_4,index_submit,20000,78,163,271,18588,0,0
time,12,window128,boundary_4,index_ack,20000,94,157,270,33069,0,0
time,12,window128,boundary_4,cross_page_submit_subset,5000,78,223,307,4062,0,0
time,12,window128,jump_4,price_query,20000,34,55,123,94897,0,0
time,12,window128,jump_4,near_range8,20000,38,87,240,38356,0,0
time,12,window128,jump_4,index_submit,20000,82,202,300,96791,0,0
time,12,window128,jump_4,index_ack,20000,79,170,268,35506,0,0
time,12,window128,jump_4,cross_page_submit_subset,3746,106,221,503,23004,0,0
time,12,window128,jump_4,jump_submit_subset,2496,110,219,300,1128,0,0
time,12,window128,rolling_32,price_query,20000,28,31,46,3793,0,0
time,12,window128,rolling_32,near_range8,20000,59,65,111,498,0,0
time,12,window128,rolling_32,index_submit,20000,70,110,229,17283,0,0
time,12,window128,rolling_32,index_ack,20000,61,95,133,34426,0,0
time,12,window128,rolling_32,cross_page_submit_subset,305,71,104,113,331,0,0
time,12,window128,outliers_32,price_query,20000,28,32,47,4063,0,0
time,12,window128,outliers_32,near_range8,20000,60,69,115,52857,0,0
time,12,window128,outliers_32,index_submit,20000,72,174,282,21652,0,0
time,12,window128,outliers_32,index_ack,20000,61,96,151,33655,0,0
time,12,window128,outliers_32,cross_page_submit_subset,305,72,232,245,288,0,0
time,12,window128,outliers_32,far_query,20000,32,34,45,3815,0,0
time,12,window128,boundary_32,price_query,20000,28,41,55,11729,0,0
time,12,window128,boundary_32,near_range8,20000,59,95,157,4525,0,0
time,12,window128,boundary_32,index_submit,20000,70,120,236,40382,0,0
time,12,window128,boundary_32,index_ack,20000,85,132,226,26267,0,0
time,12,window128,boundary_32,cross_page_submit_subset,625,72,114,146,40382,0,0
time,12,window128,jump_32,price_query,20000,29,49,69,21796,0,0
time,12,window128,jump_32,near_range8,20000,59,86,170,22387,0,0
time,12,window128,jump_32,index_submit,20000,71,149,953,30050,0,0
time,12,window128,jump_32,index_ack,20000,61,132,233,21446,0,0
time,12,window128,jump_32,cross_page_submit_subset,2652,100,213,292,4320,0,0
time,12,window128,jump_32,jump_submit_subset,2496,101,217,292,4320,0,0
time,12,window128,rolling_128,price_query,20000,28,49,74,4214,0,0
time,12,window128,rolling_128,near_range8,20000,57,94,182,75443,0,0
time,12,window128,rolling_128,index_submit,20000,71,121,251,30285,0,0
time,12,window128,rolling_128,index_ack,20000,66,111,217,30069,0,0
time,12,window128,rolling_128,cross_page_submit_subset,312,72,122,131,220,0,0
time,12,window128,outliers_128,price_query,20000,28,51,77,922,0,0
time,12,window128,outliers_128,near_range8,20000,57,117,223,17368,0,0
time,12,window128,outliers_128,index_submit,20000,74,178,551,23338,0,0
time,12,window128,outliers_128,index_ack,20000,67,120,229,18098,0,0
time,12,window128,outliers_128,cross_page_submit_subset,312,74,129,141,165,0,0
time,12,window128,outliers_128,far_query,20000,35,51,78,365,0,0
time,12,window128,boundary_128,price_query,20000,29,45,62,17950,0,0
time,12,window128,boundary_128,near_range8,20000,60,69,145,19901,0,0
time,12,window128,boundary_128,index_submit,20000,71,226,2323,18732,0,0
time,12,window128,boundary_128,index_ack,20000,86,127,195,18412,0,0
time,12,window128,boundary_128,cross_page_submit_subset,313,72,112,126,160,0,0
time,12,window128,jump_128,price_query,20000,36,83,216,192164,0,0
time,12,window128,jump_128,near_range8,20000,58,170,382,23572,0,0
time,12,window128,jump_128,index_submit,20000,84,261,3636,198944,0,0
time,12,window128,jump_128,index_ack,20000,68,243,368,89557,0,0
time,12,window128,jump_128,cross_page_submit_subset,2704,128,358,599,1862,0,0
time,12,window128,jump_128,jump_submit_subset,2432,135,360,599,1862,0,0
time,12,window128,4096books_4near_2far,price_query,20000,258,884,1702,45329,0,0
time,12,window128,new_book_growth,index_insert,20000,328,5394,24581,555293,0,0
time,12,window128,new_book_growth,every64_subset,313,5211,32745,52209,58713,0,0
time,12,window128,cancel_rehang_4near,index_cancel,20000,67,120,217,34177,0,0
time,12,window128,cancel_rehang_4near,index_new,20000,140,243,577,54952,0,0
time,12,window128,cancel_rehang_4near,index_accepted,20000,96,280,563,27732,0,0
time,12,window128,cancel_rehang_4near,index_canceled,20000,92,165,284,69160,0,0
time,12,window128,prototype_rolling_4_2far,price_query,20000,40,56,85,17522,0,0
time,12,window128,prototype_rolling_4_2far,intent_to_command,20000,94,220,418,8242,0,0
time,12,window128,prototype_rolling_4_2far,intent_queued,20000,32,47,180,520,0,0
time,12,window128,prototype_rolling_4_2far,replace_report,20000,104,232,390,37849,0,0
time,12,window128,prototype_rolling_4_2far,ready_to_command,20000,143,284,525,30685,0,0
time,12,window128,prototype_jump_4_2far,price_query,20000,39,60,90,4290,0,0
time,12,window128,prototype_jump_4_2far,intent_to_command,20000,94,217,365,33134,0,0
time,12,window128,prototype_jump_4_2far,intent_queued,20000,32,48,161,17506,0,0
time,12,window128,prototype_jump_4_2far,replace_report,20000,104,245,494,30457,0,0
time,12,window128,prototype_jump_4_2far,ready_to_command,20000,142,297,568,33650,0,0
time,12,window128,prototype_rolling_32_2far,price_query,20000,31,48,73,17502,0,0
time,12,window128,prototype_rolling_32_2far,intent_to_command,20000,88,215,450,22346,0,0
time,12,window128,prototype_rolling_32_2far,intent_queued,20000,32,50,197,3648,0,0
time,12,window128,prototype_rolling_32_2far,replace_report,20000,82,218,373,47060,0,0
time,12,window128,prototype_rolling_32_2far,ready_to_command,20000,98,227,461,50769,0,0
time,12,window128,prototype_jump_32_2far,price_query,20000,31,51,98,21561,0,0
time,12,window128,prototype_jump_32_2far,intent_to_command,20000,88,233,545,247674,0,0
time,12,window128,prototype_jump_32_2far,intent_queued,20000,32,51,176,18066,0,0
time,12,window128,prototype_jump_32_2far,replace_report,20000,83,250,735,87078,0,0
time,12,window128,prototype_jump_32_2far,ready_to_command,20000,100,332,1760,49445,0,0
time,12,adaptive,rolling_4,price_query,20000,34,47,66,4284,0,0
time,12,adaptive,rolling_4,near_range8,20000,39,68,159,22908,0,0
time,12,adaptive,rolling_4,index_submit,20000,76,181,284,18355,0,0
time,12,adaptive,rolling_4,index_ack,20000,75,144,263,28103,0,0
time,12,adaptive,rolling_4,cross_page_submit_subset,314,76,129,132,139,0,0
time,12,adaptive,outliers_4,price_query,20000,34,58,164,22431,0,0
time,12,adaptive,outliers_4,near_range8,20000,40,130,289,22425,0,0
time,12,adaptive,outliers_4,index_submit,20000,79,255,530,49424,0,0
time,12,adaptive,outliers_4,index_ack,20000,78,192,502,181046,0,0
time,12,adaptive,outliers_4,cross_page_submit_subset,314,79,211,230,257,0,0
time,12,adaptive,outliers_4,far_query,20000,37,68,182,23591,0,0
time,12,adaptive,boundary_4,price_query,20000,34,54,109,27170,0,0
time,12,adaptive,boundary_4,near_range8,20000,41,102,213,136144,0,0
time,12,adaptive,boundary_4,index_submit,20000,72,210,414,42577,0,0
time,12,adaptive,boundary_4,index_ack,20000,92,195,322,44305,0,0
time,12,adaptive,boundary_4,cross_page_submit_subset,5000,72,236,544,4613,0,0
time,12,adaptive,jump_4,price_query,20000,34,58,156,34580,0,0
time,12,adaptive,jump_4,near_range8,20000,39,136,298,47872,0,0
time,12,adaptive,jump_4,index_submit,20000,83,220,419,23516,0,0
time,12,adaptive,jump_4,index_ack,20000,80,200,403,151025,0,0
time,12,adaptive,jump_4,cross_page_submit_subset,3746,96,232,352,22575,0,0
time,12,adaptive,jump_4,jump_submit_subset,2496,100,246,363,22575,0,0
time,12,adaptive,rolling_32,price_query,20000,48,76,184,6805,0,0
time,12,adaptive,rolling_32,near_range8,20000,81,195,480,35316,0,0
time,12,adaptive,rolling_32,index_submit,20000,128,227,493,47404,0,0
time,12,adaptive,rolling_32,index_ack,20000,106,189,384,43704,0,0
time,12,adaptive,rolling_32,cross_page_submit_subset,305,118,250,362,496,0,0
time,12,adaptive,outliers_32,price_query,20000,51,75,153,49035,0,0
time,12,adaptive,outliers_32,near_range8,20000,88,213,558,32724,0,0
time,12,adaptive,outliers_32,index_submit,20000,138,224,482,64667,0,0
time,12,adaptive,outliers_32,index_ack,20000,118,187,305,32576,0,0
time,12,adaptive,outliers_32,cross_page_submit_subset,305,136,220,307,327,0,0
time,12,adaptive,outliers_32,far_query,20000,53,69,167,47090,0,0
time,12,adaptive,boundary_32,price_query,20000,52,71,124,6048,0,0
time,12,adaptive,boundary_32,near_range8,20000,92,201,472,44963,0,0
time,12,adaptive,boundary_32,index_submit,20000,140,207,366,34375,0,0
time,12,adaptive,boundary_32,index_ack,20000,137,214,326,45162,0,0
time,12,adaptive,boundary_32,cross_page_submit_subset,625,140,207,29353,32631,0,0
time,12,adaptive,jump_32,price_query,20000,37,70,130,18487,0,0
time,12,adaptive,jump_32,near_range8,20000,57,207,543,37382,0,0
time,12,adaptive,jump_32,index_submit,20000,96,248,493,51038,0,0
time,12,adaptive,jump_32,index_ack,20000,88,226,409,42380,0,0
time,12,adaptive,jump_32,cross_page_submit_subset,2652,135,333,774,1174,0,0
time,12,adaptive,jump_32,jump_submit_subset,2496,139,335,661,1174,0,0
time,12,adaptive,rolling_128,price_query,20000,38,68,90,18143,0,0
time,12,adaptive,rolling_128,near_range8,20000,54,88,204,19526,0,0
time,12,adaptive,rolling_128,index_submit,20000,88,172,324,23878,0,0
time,12,adaptive,rolling_128,index_ack,20000,66,123,245,41515,0,0
time,12,adaptive,rolling_128,cross_page_submit_subset,312,87,158,186,190,0,0
time,12,adaptive,outliers_128,price_query,20000,38,73,100,17890,0,0
time,12,adaptive,outliers_128,near_range8,20000,53,119,239,38350,0,0
time,12,adaptive,outliers_128,index_submit,20000,89,205,660,31476,0,0
time,12,adaptive,outliers_128,index_ack,20000,68,138,266,17023,0,0
time,12,adaptive,outliers_128,cross_page_submit_subset,312,89,154,168,187,0,0
time,12,adaptive,outliers_128,far_query,20000,39,61,90,21048,0,0
time,12,adaptive,boundary_128,price_query,20000,41,73,96,24883,0,0
time,12,adaptive,boundary_128,near_range8,20000,53,99,201,17831,0,0
time,12,adaptive,boundary_128,index_submit,20000,91,175,347,17143,0,0
time,12,adaptive,boundary_128,index_ack,20000,105,194,305,28591,0,0
time,12,adaptive,boundary_128,cross_page_submit_subset,313,105,160,178,201,0,0
time,12,adaptive,jump_128,price_query,20000,40,77,126,24426,0,0
time,12,adaptive,jump_128,near_range8,20000,55,144,268,22243,0,0
time,12,adaptive,jump_128,index_submit,20000,95,306,918,32076,0,0
time,12,adaptive,jump_128,index_ack,20000,69,294,509,27683,0,0
time,12,adaptive,jump_128,cross_page_submit_subset,2704,154,404,1279,32076,0,0
time,12,adaptive,jump_128,jump_submit_subset,2432,165,408,1279,32076,0,0
time,12,adaptive,4096books_4near_2far,price_query,20000,198,809,1161,54767,0,0
time,12,adaptive,new_book_growth,index_insert,20000,303,5778,19333,1068686,0,0
time,12,adaptive,new_book_growth,every64_subset,313,6440,19333,47627,59622,0,0
time,12,adaptive,cancel_rehang_4near,index_cancel,20000,49,139,249,15359,0,0
time,12,adaptive,cancel_rehang_4near,index_new,20000,93,214,364,5229,0,0
time,12,adaptive,cancel_rehang_4near,index_accepted,20000,69,256,610,89485,0,0
time,12,adaptive,cancel_rehang_4near,index_canceled,20000,59,164,385,23413,0,0
time,12,adaptive,prototype_rolling_4_2far,price_query,20000,39,70,103,27579,0,0
time,12,adaptive,prototype_rolling_4_2far,intent_to_command,20000,99,295,1059,61867,0,0
time,12,adaptive,prototype_rolling_4_2far,intent_queued,20000,33,183,447,43410,0,0
time,12,adaptive,prototype_rolling_4_2far,replace_report,20000,103,333,1120,32971,0,0
time,12,adaptive,prototype_rolling_4_2far,ready_to_command,20000,153,399,1240,31273,0,0
time,12,adaptive,prototype_jump_4_2far,price_query,20000,37,41,58,116,0,0
time,12,adaptive,prototype_jump_4_2far,intent_to_command,20000,84,179,253,18429,0,0
time,12,adaptive,prototype_jump_4_2far,intent_queued,20000,32,42,50,16294,0,0
time,12,adaptive,prototype_jump_4_2far,replace_report,20000,99,195,320,20418,0,0
time,12,adaptive,prototype_jump_4_2far,ready_to_command,20000,136,209,428,20436,0,0
time,12,adaptive,prototype_rolling_32_2far,price_query,20000,40,75,130,6935,0,0
time,12,adaptive,prototype_rolling_32_2far,intent_to_command,20000,88,251,517,35482,0,0
time,12,adaptive,prototype_rolling_32_2far,intent_queued,20000,32,157,242,5791,0,0
time,12,adaptive,prototype_rolling_32_2far,replace_report,20000,81,274,540,32379,0,0
time,12,adaptive,prototype_rolling_32_2far,ready_to_command,20000,103,315,553,27969,0,0
time,12,adaptive,prototype_jump_32_2far,price_query,20000,59,95,137,32705,0,0
time,12,adaptive,prototype_jump_32_2far,intent_to_command,20000,170,328,650,38969,0,0
time,12,adaptive,prototype_jump_32_2far,intent_queued,20000,47,197,523,29797,0,0
time,12,adaptive,prototype_jump_32_2far,replace_report,20000,165,370,914,49460,0,0
time,12,adaptive,prototype_jump_32_2far,ready_to_command,20000,208,427,1031,32524,0,0
time,13,adaptive,rolling_4,price_query,20000,48,64,150,938,0,0
time,13,adaptive,rolling_4,near_range8,20000,65,192,491,27324,0,0
time,13,adaptive,rolling_4,index_submit,20000,140,220,370,52146,0,0
time,13,adaptive,rolling_4,index_ack,20000,127,182,263,28169,0,0
time,13,adaptive,rolling_4,cross_page_submit_subset,314,140,226,231,304,0,0
time,13,adaptive,outliers_4,price_query,20000,50,67,160,45924,0,0
time,13,adaptive,outliers_4,near_range8,20000,68,197,522,31787,0,0
time,13,adaptive,outliers_4,index_submit,20000,142,254,530,56268,0,0
time,13,adaptive,outliers_4,index_ack,20000,125,195,285,45998,0,0
time,13,adaptive,outliers_4,cross_page_submit_subset,314,141,273,299,549,0,0
time,13,adaptive,outliers_4,far_query,20000,52,69,139,3871,0,0
time,13,adaptive,boundary_4,price_query,20000,50,64,141,6785,0,0
time,13,adaptive,boundary_4,near_range8,20000,68,195,499,52718,0,0
time,13,adaptive,boundary_4,index_submit,20000,140,202,279,53510,0,0
time,13,adaptive,boundary_4,index_ack,20000,149,204,316,51809,0,0
time,13,adaptive,boundary_4,cross_page_submit_subset,5000,137,169,225,671,0,0
time,13,adaptive,jump_4,price_query,20000,49,67,204,49040,0,0
time,13,adaptive,jump_4,near_range8,20000,65,191,466,32964,0,0
time,13,adaptive,jump_4,index_submit,20000,142,228,399,47881,0,0
time,13,adaptive,jump_4,index_ack,20000,131,211,429,44231,0,0
time,13,adaptive,jump_4,cross_page_submit_subset,3746,159,248,401,1041,0,0
time,13,adaptive,jump_4,jump_submit_subset,2496,189,257,399,575,0,0
time,13,adaptive,rolling_32,price_query,20000,37,70,106,33175,0,0
time,13,adaptive,rolling_32,near_range8,20000,57,199,485,68435,0,0
time,13,adaptive,rolling_32,index_submit,20000,93,204,400,43312,0,0
time,13,adaptive,rolling_32,index_ack,20000,82,184,311,33033,0,0
time,13,adaptive,rolling_32,cross_page_submit_subset,305,90,186,204,260,0,0
time,13,adaptive,outliers_32,price_query,20000,35,50,77,47906,0,0
time,13,adaptive,outliers_32,near_range8,20000,51,70,135,17026,0,0
time,13,adaptive,outliers_32,index_submit,20000,70,168,281,19085,0,0
time,13,adaptive,outliers_32,index_ack,20000,61,104,197,22080,0,0
time,13,adaptive,outliers_32,cross_page_submit_subset,305,70,245,284,535,0,0
time,13,adaptive,outliers_32,far_query,20000,35,39,56,212,0,0
time,13,adaptive,boundary_32,price_query,20000,50,71,185,24662,0,0
time,13,adaptive,boundary_32,near_range8,20000,87,199,498,68117,0,0
time,13,adaptive,boundary_32,index_submit,20000,135,230,533,25086,0,0
time,13,adaptive,boundary_32,index_ack,20000,126,224,717,390171,0,0
time,13,adaptive,boundary_32,cross_page_submit_subset,625,133,191,268,273,0,0
time,13,adaptive,jump_32,price_query,20000,40,69,126,5291,0,0
time,13,adaptive,jump_32,near_range8,20000,65,181,449,67639,0,0
time,13,adaptive,jump_32,index_submit,20000,110,250,560,31582,0,0
time,13,adaptive,jump_32,index_ack,20000,99,221,427,45652,0,0
time,13,adaptive,jump_32,cross_page_submit_subset,2652,158,294,502,24425,0,0
time,13,adaptive,jump_32,jump_submit_subset,2496,163,305,502,24425,0,0
time,13,adaptive,rolling_128,price_query,20000,38,67,87,17920,0,0
time,13,adaptive,rolling_128,near_range8,20000,54,77,156,38817,0,0
time,13,adaptive,rolling_128,index_submit,20000,86,156,295,29587,0,0
time,13,adaptive,rolling_128,index_ack,20000,66,114,213,19345,0,0
time,13,adaptive,rolling_128,cross_page_submit_subset,312,86,126,208,259,0,0
time,13,adaptive,outliers_128,price_query,20000,38,63,82,26092,0,0
time,13,adaptive,outliers_128,near_range8,20000,53,74,120,18126,0,0
time,13,adaptive,outliers_128,index_submit,20000,83,138,279,27327,0,0
time,13,adaptive,outliers_128,index_ack,20000,64,105,178,334,0,0
time,13,adaptive,outliers_128,cross_page_submit_subset,312,84,124,135,141,0,0
time,13,adaptive,outliers_128,far_query,20000,38,47,51,3966,0,0
time,13,adaptive,boundary_128,price_query,20000,40,67,83,3759,0,0
time,13,adaptive,boundary_128,near_range8,20000,53,73,113,3949,0,0
time,13,adaptive,boundary_128,index_submit,20000,90,131,267,20447,0,0
time,13,adaptive,boundary_128,index_ack,20000,103,169,221,31274,0,0
time,13,adaptive,boundary_128,cross_page_submit_subset,313,103,135,157,208,0,0
time,13,adaptive,jump_128,price_query,20000,40,89,213,36453,0,0
time,13,adaptive,jump_128,near_range8,20000,55,186,345,32457,0,0
time,13,adaptive,jump_128,index_submit,20000,96,345,1042,84813,0,0
time,13,adaptive,jump_128,index_ack,20000,69,322,976,27787,0,0
time,13,adaptive,jump_128,cross_page_submit_subset,2704,160,520,2683,84813,0,0
time,13,adaptive,jump_128,jump_submit_subset,2432,175,535,2683,84813,0,0
time,13,adaptive,4096books_4near_2far,price_query,20000,256,918,1557,48798,0,0
time,13,adaptive,new_book_growth,index_insert,20000,323,6985,35582,1296022,0,0
time,13,adaptive,new_book_growth,every64_subset,313,6998,43106,52067,68414,0,0
time,13,adaptive,cancel_rehang_4near,index_cancel,20000,48,127,236,20936,0,0
time,13,adaptive,cancel_rehang_4near,index_new,20000,93,187,294,22366,0,0
time,13,adaptive,cancel_rehang_4near,index_accepted,20000,69,231,558,46177,0,0
time,13,adaptive,cancel_rehang_4near,index_canceled,20000,59,150,246,39165,0,0
time,13,adaptive,prototype_rolling_4_2far,price_query,20000,37,66,106,42906,0,0
time,13,adaptive,prototype_rolling_4_2far,intent_to_command,20000,84,206,350,48250,0,0
time,13,adaptive,prototype_rolling_4_2far,intent_queued,20000,32,58,201,4389,0,0
time,13,adaptive,prototype_rolling_4_2far,replace_report,20000,99,248,439,44042,0,0
time,13,adaptive,prototype_rolling_4_2far,ready_to_command,20000,137,304,507,36230,0,0
time,13,adaptive,prototype_jump_4_2far,price_query,20000,37,63,115,17902,0,0
time,13,adaptive,prototype_jump_4_2far,intent_to_command,20000,85,247,535,31000,0,0
time,13,adaptive,prototype_jump_4_2far,intent_queued,20000,32,54,166,4244,0,0
time,13,adaptive,prototype_jump_4_2far,replace_report,20000,100,275,1159,314267,0,0
time,13,adaptive,prototype_jump_4_2far,ready_to_command,20000,136,343,707,50211,0,0
time,13,adaptive,prototype_rolling_32_2far,price_query,20000,41,79,131,39239,0,0
time,13,adaptive,prototype_rolling_32_2far,intent_to_command,20000,90,298,637,114393,0,0
time,13,adaptive,prototype_rolling_32_2far,intent_queued,20000,33,177,456,23465,0,0
time,13,adaptive,prototype_rolling_32_2far,replace_report,20000,84,307,1053,52892,0,0
time,13,adaptive,prototype_rolling_32_2far,ready_to_command,20000,115,359,1104,55230,0,0
time,13,adaptive,prototype_jump_32_2far,price_query,20000,55,86,182,22536,0,0
time,13,adaptive,prototype_jump_32_2far,intent_to_command,20000,155,304,1061,30001,0,0
time,13,adaptive,prototype_jump_32_2far,intent_queued,20000,44,188,504,24627,0,0
time,13,adaptive,prototype_jump_32_2far,replace_report,20000,149,336,1065,35915,0,0
time,13,adaptive,prototype_jump_32_2far,ready_to_command,20000,190,394,1317,42639,0,0
time,13,linear_prices,rolling_4,price_query,20000,36,55,125,27233,0,0
time,13,linear_prices,rolling_4,near_range8,20000,75,125,259,30864,0,0
time,13,linear_prices,rolling_4,index_submit,20000,107,168,467,47377,0,0
time,13,linear_prices,rolling_4,index_ack,20000,112,178,546,37437,0,0
time,13,linear_prices,rolling_4,cross_page_submit_subset,314,107,174,402,1004,0,0
time,13,linear_prices,outliers_4,price_query,20000,35,58,113,49187,0,0
time,13,linear_prices,outliers_4,near_range8,20000,82,142,351,29401,0,0
time,13,linear_prices,outliers_4,index_submit,20000,106,182,340,36443,0,0
time,13,linear_prices,outliers_4,index_ack,20000,111,189,979,45532,0,0
time,13,linear_prices,outliers_4,cross_page_submit_subset,314,107,151,257,322,0,0
time,13,linear_prices,outliers_4,far_query,20000,37,102,364,33986,0,0
time,13,linear_prices,boundary_4,price_query,20000,30,68,154,25764,0,0
time,13,linear_prices,boundary_4,near_range8,20000,62,157,322,18882,0,0
time,13,linear_prices,boundary_4,index_submit,20000,85,230,500,67336,0,0
time,13,linear_prices,boundary_4,index_ack,20000,96,246,445,23385,0,0
time,13,linear_prices,boundary_4,cross_page_submit_subset,5000,87,260,530,67336,0,0
time,13,linear_prices,jump_4,price_query,20000,35,64,128,53428,0,0
time,13,linear_prices,jump_4,near_range8,20000,73,152,295,28628,0,0
time,13,linear_prices,jump_4,index_submit,20000,105,204,468,31514,0,0
time,13,linear_prices,jump_4,index_ack,20000,111,214,971,30327,0,0
time,13,linear_prices,jump_4,cross_page_submit_subset,3746,113,212,890,7307,0,0
time,13,linear_prices,jump_4,jump_submit_subset,2496,120,213,890,7307,0,0
time,13,linear_prices,rolling_32,price_query,20000,40,73,111,44351,0,0
time,13,linear_prices,rolling_32,near_range8,20000,301,695,4719,109238,0,0
time,13,linear_prices,rolling_32,index_submit,20000,83,212,447,21904,0,0
time,13,linear_prices,rolling_32,index_ack,20000,61,222,415,23971,0,0
time,13,linear_prices,rolling_32,cross_page_submit_subset,305,75,189,254,299,0,0
time,13,linear_prices,outliers_32,price_query,20000,34,61,86,4880,0,0
time,13,linear_prices,outliers_32,near_range8,20000,303,582,1494,35690,0,0
time,13,linear_prices,outliers_32,index_submit,20000,80,214,347,24891,0,0
time,13,linear_prices,outliers_32,index_ack,20000,60,186,391,32898,0,0
time,13,linear_prices,outliers_32,cross_page_submit_subset,305,70,247,271,286,0,0
time,13,linear_prices,outliers_32,far_query,20000,41,70,110,53321,0,0
time,13,linear_prices,boundary_32,price_query,20000,33,60,80,3622,0,0
time,13,linear_prices,boundary_32,near_range8,20000,305,597,3699,33402,0,0
time,13,linear_prices,boundary_32,index_submit,20000,79,213,376,32255,0,0
time,13,linear_prices,boundary_32,index_ack,20000,88,196,329,43202,0,0
time,13,linear_prices,boundary_32,cross_page_submit_subset,625,71,156,220,1251,0,0
time,13,linear_prices,jump_32,price_query,20000,37,71,96,23047,0,0
time,13,linear_prices,jump_32,near_range8,20000,309,640,1496,169532,0,0
time,13,linear_prices,jump_32,index_submit,20000,81,219,451,31136,0,0
time,13,linear_prices,jump_32,index_ack,20000,61,246,388,27633,0,0
time,13,linear_prices,jump_32,cross_page_submit_subset,2652,117,276,930,18588,0,0
time,13,linear_prices,jump_32,jump_submit_subset,2496,118,277,604,18588,0,0
time,13,linear_prices,rolling_128,price_query,20000,66,137,264,47890,0,0
time,13,linear_prices,rolling_128,near_range8,20000,1424,2482,32713,84340,0,0
time,13,linear_prices,rolling_128,index_submit,20000,125,286,1004,33498,0,0
time,13,linear_prices,rolling_128,index_ack,20000,87,295,672,50511,0,0
time,13,linear_prices,rolling_128,cross_page_submit_subset,312,116,284,336,377,0,0
time,13,linear_prices,outliers_128,price_query,20000,75,143,243,35308,0,0
time,13,linear_prices,outliers_128,near_range8,20000,1882,2511,34398,111705,0,0
time,13,linear_prices,outliers_128,index_submit,20000,155,335,676,30817,0,0
time,13,linear_prices,outliers_128,index_ack,20000,109,314,649,36626,0,0
time,13,linear_prices,outliers_128,cross_page_submit_subset,312,141,333,371,388,0,0
time,13,linear_prices,outliers_128,far_query,20000,144,201,436,47073,0,0
time,13,linear_prices,boundary_128,price_query,20000,64,139,224,12678,0,0
time,13,linear_prices,boundary_128,near_range8,20000,1248,2493,29219,71308,0,0
time,13,linear_prices,boundary_128,index_submit,20000,108,263,608,47974,0,0
time,13,linear_prices,boundary_128,index_ack,20000,122,336,622,29749,0,0
time,13,linear_prices,boundary_128,cross_page_submit_subset,313,96,253,304,997,0,0
time,13,linear_prices,jump_128,price_query,20000,90,215,436,44962,0,0
time,13,linear_prices,jump_128,near_range8,20000,1958,3164,36493,79366,0,0
time,13,linear_prices,jump_128,index_submit,20000,176,489,740,65659,0,0
time,13,linear_prices,jump_128,index_ack,20000,116,690,1034,49241,0,0
time,13,linear_prices,jump_128,cross_page_submit_subset,2704,381,576,895,6720,0,0
time,13,linear_prices,jump_128,jump_submit_subset,2432,391,585,895,6720,0,0
time,13,linear_prices,4096books_4near_2far,price_query,20000,235,848,1672,122974,0,0
time,13,linear_prices,new_book_growth,index_insert,20000,319,4724,20175,1237660,0,0
time,13,linear_prices,new_book_growth,every64_subset,313,4861,27123,45606,67176,0,0
time,13,linear_prices,cancel_rehang_4near,index_cancel,20000,91,109,183,53014,0,0
time,13,linear_prices,cancel_rehang_4near,index_new,20000,139,170,489,34212,0,0
time,13,linear_prices,cancel_rehang_4near,index_accepted,20000,121,240,506,33206,0,0
time,13,linear_prices,cancel_rehang_4near,index_canceled,20000,128,151,270,29768,0,0
time,13,linear_prices,prototype_rolling_4_2far,price_query,20000,47,70,92,29957,0,0
time,13,linear_prices,prototype_rolling_4_2far,intent_to_command,20000,139,299,629,40010,0,0
time,13,linear_prices,prototype_rolling_4_2far,intent_queued,20000,41,183,349,7832,0,0
time,13,linear_prices,prototype_rolling_4_2far,replace_report,20000,171,339,630,42453,0,0
time,13,linear_prices,prototype_rolling_4_2far,ready_to_command,20000,181,343,1167,67051,0,0
time,13,linear_prices,prototype_jump_4_2far,price_query,20000,48,68,95,5047,0,0
time,13,linear_prices,prototype_jump_4_2far,intent_to_command,20000,149,300,618,33004,0,0
time,13,linear_prices,prototype_jump_4_2far,intent_queued,20000,44,180,359,28663,0,0
time,13,linear_prices,prototype_jump_4_2far,replace_report,20000,183,355,1030,55587,0,0
time,13,linear_prices,prototype_jump_4_2far,ready_to_command,20000,192,340,660,45885,0,0
time,13,linear_prices,prototype_rolling_32_2far,price_query,20000,53,82,123,24281,0,0
time,13,linear_prices,prototype_rolling_32_2far,intent_to_command,20000,159,312,699,27102,0,0
time,13,linear_prices,prototype_rolling_32_2far,intent_queued,20000,45,187,510,29819,0,0
time,13,linear_prices,prototype_rolling_32_2far,replace_report,20000,160,395,963,44221,0,0
time,13,linear_prices,prototype_rolling_32_2far,ready_to_command,20000,198,359,1107,47690,0,0
time,13,linear_prices,prototype_jump_32_2far,price_query,20000,51,89,121,24899,0,0
time,13,linear_prices,prototype_jump_32_2far,intent_to_command,20000,138,303,576,42025,0,0
time,13,linear_prices,prototype_jump_32_2far,intent_queued,20000,38,177,356,4007,0,0
time,13,linear_prices,prototype_jump_32_2far,replace_report,20000,156,382,759,25327,0,0
time,13,linear_prices,prototype_jump_32_2far,ready_to_command,20000,176,341,1032,43018,0,0
time,13,sorted_deque_soa,rolling_4,price_query,20000,48,64,111,27908,0,0
time,13,sorted_deque_soa,rolling_4,near_range8,20000,53,71,111,20941,0,0
time,13,sorted_deque_soa,rolling_4,index_submit,20000,137,219,534,59971,0,0
time,13,sorted_deque_soa,rolling_4,index_ack,20000,120,178,250,28283,0,0
time,13,sorted_deque_soa,rolling_4,cross_page_submit_subset,314,138,225,993,30016,0,0
time,13,sorted_deque_soa,outliers_4,price_query,20000,50,69,122,5978,0,0
time,13,sorted_deque_soa,outliers_4,near_range8,20000,56,79,152,30792,0,0
time,13,sorted_deque_soa,outliers_4,index_submit,20000,143,257,1062,46090,0,0
time,13,sorted_deque_soa,outliers_4,index_ack,20000,124,193,398,33497,0,0
time,13,sorted_deque_soa,outliers_4,cross_page_submit_subset,314,144,259,350,1120,0,0
time,13,sorted_deque_soa,outliers_4,far_query,20000,50,138,439,6001,0,0
time,13,sorted_deque_soa,boundary_4,price_query,20000,49,68,154,33221,0,0
time,13,sorted_deque_soa,boundary_4,near_range8,20000,56,77,130,14516,0,0
time,13,sorted_deque_soa,boundary_4,index_submit,20000,138,202,334,32581,0,0
time,13,sorted_deque_soa,boundary_4,index_ack,20000,149,212,430,50753,0,0
time,13,sorted_deque_soa,boundary_4,cross_page_submit_subset,5000,133,173,352,29441,0,0
time,13,sorted_deque_soa,jump_4,price_query,20000,49,64,114,30292,0,0
time,13,sorted_deque_soa,jump_4,near_range8,20000,54,72,156,25067,0,0
time,13,sorted_deque_soa,jump_4,index_submit,20000,142,228,1006,55180,0,0
time,13,sorted_deque_soa,jump_4,index_ack,20000,127,207,290,51387,0,0
time,13,sorted_deque_soa,jump_4,cross_page_submit_subset,3746,161,251,1046,55180,0,0
time,13,sorted_deque_soa,jump_4,jump_submit_subset,2496,182,262,459,1166,0,0
time,13,sorted_deque_soa,rolling_32,price_query,20000,71,104,165,35581,0,0
time,13,sorted_deque_soa,rolling_32,near_range8,20000,94,133,217,46428,0,0
time,13,sorted_deque_soa,rolling_32,index_submit,20000,157,280,814,53109,0,0
time,13,sorted_deque_soa,rolling_32,index_ack,20000,114,211,365,61301,0,0
time,13,sorted_deque_soa,rolling_32,cross_page_submit_subset,305,156,281,303,26733,0,0
time,13,sorted_deque_soa,outliers_32,price_query,20000,50,89,149,30945,0,0
time,13,sorted_deque_soa,outliers_32,near_range8,20000,58,116,171,29205,0,0
time,13,sorted_deque_soa,outliers_32,index_submit,20000,103,311,496,88084,0,0
time,13,sorted_deque_soa,outliers_32,index_ack,20000,66,202,361,30437,0,0
time,13,sorted_deque_soa,outliers_32,cross_page_submit_subset,305,96,299,347,746,0,0
time,13,sorted_deque_soa,outliers_32,far_query,20000,50,112,352,21200,0,0
time,13,sorted_deque_soa,boundary_32,price_query,20000,64,154,197,32375,0,0
time,13,sorted_deque_soa,boundary_32,near_range8,20000,83,199,939,54789,0,0
time,13,sorted_deque_soa,boundary_32,index_submit,20000,141,296,1029,33591,0,0
time,13,sorted_deque_soa,boundary_32,index_ack,20000,137,344,553,32234,0,0
time,13,sorted_deque_soa,boundary_32,cross_page_submit_subset,625,143,257,307,1041,0,0
time,13,sorted_deque_soa,jump_32,price_query,20000,48,82,116,934,0,0
time,13,sorted_deque_soa,jump_32,near_range8,20000,56,109,141,36625,0,0
time,13,sorted_deque_soa,jump_32,index_submit,20000,92,296,448,27877,0,0
time,13,sorted_deque_soa,jump_32,index_ack,20000,62,238,339,37629,0,0
time,13,sorted_deque_soa,jump_32,cross_page_submit_subset,2652,179,387,540,1855,0,0
time,13,sorted_deque_soa,jump_32,jump_submit_subset,2496,182,394,540,1855,0,0
time,13,sorted_deque_soa,rolling_128,price_query,20000,41,71,101,33075,0,0
time,13,sorted_deque_soa,rolling_128,near_range8,20000,40,79,102,25162,0,0
time,13,sorted_deque_soa,rolling_128,index_submit,20000,102,216,406,46954,0,0
time,13,sorted_deque_soa,rolling_128,index_ack,20000,67,149,285,23012,0,0
time,13,sorted_deque_soa,rolling_128,cross_page_submit_subset,312,104,180,224,298,0,0
time,13,sorted_deque_soa,outliers_128,price_query,20000,35,74,107,6034,0,0
time,13,sorted_deque_soa,outliers_128,near_range8,20000,43,79,135,23924,0,0
time,13,sorted_deque_soa,outliers_128,index_submit,20000,81,221,424,54106,0,0
time,13,sorted_deque_soa,outliers_128,index_ack,20000,66,157,271,25322,0,0
time,13,sorted_deque_soa,outliers_128,cross_page_submit_subset,312,81,229,283,290,0,0
time,13,sorted_deque_soa,outliers_128,far_query,20000,36,59,167,4360,0,0
time,13,sorted_deque_soa,boundary_128,price_query,20000,43,75,107,18932,0,0
time,13,sorted_deque_soa,boundary_128,near_range8,20000,40,76,113,32766,0,0
time,13,sorted_deque_soa,boundary_128,index_submit,20000,95,220,431,85840,0,0
time,13,sorted_deque_soa,boundary_128,index_ack,20000,101,204,420,33682,0,0
time,13,sorted_deque_soa,boundary_128,cross_page_submit_subset,313,106,183,288,4223,0,0
time,13,sorted_deque_soa,jump_128,price_query,20000,48,83,169,6222,0,0
time,13,sorted_deque_soa,jump_128,near_range8,20000,51,110,226,6793,0,0
time,13,sorted_deque_soa,jump_128,index_submit,20000,128,370,2007,223688,0,0
time,13,sorted_deque_soa,jump_128,index_ack,20000,92,348,657,460963,0,0
time,13,sorted_deque_soa,jump_128,cross_page_submit_subset,2704,183,516,3223,26530,0,0
time,13,sorted_deque_soa,jump_128,jump_submit_subset,2432,191,521,3223,26530,0,0
time,13,sorted_deque_soa,4096books_4near_2far,price_query,20000,330,1080,5362,128177,0,0
time,13,sorted_deque_soa,new_book_growth,index_insert,20000,332,5550,29916,539785,0,0
time,13,sorted_deque_soa,new_book_growth,every64_subset,313,4970,21968,29903,39939,0,0
time,13,sorted_deque_soa,cancel_rehang_4near,index_cancel,20000,50,144,347,195729,0,0
time,13,sorted_deque_soa,cancel_rehang_4near,index_new,20000,94,236,1050,75894,0,0
time,13,sorted_deque_soa,cancel_rehang_4near,index_accepted,20000,74,261,554,76147,0,0
time,13,sorted_deque_soa,cancel_rehang_4near,index_canceled,20000,71,176,400,50630,0,0
time,13,sorted_deque_soa,prototype_rolling_4_2far,price_query,20000,40,63,123,972,0,0
time,13,sorted_deque_soa,prototype_rolling_4_2far,intent_to_command,20000,96,293,626,25447,0,0
time,13,sorted_deque_soa,prototype_rolling_4_2far,intent_queued,20000,33,132,340,36737,0,0
time,13,sorted_deque_soa,prototype_rolling_4_2far,replace_report,20000,105,315,1079,147216,0,0
time,13,sorted_deque_soa,prototype_rolling_4_2far,ready_to_command,20000,153,406,817,542402,0,0
time,13,sorted_deque_soa,prototype_jump_4_2far,price_query,20000,39,67,114,4423,0,0
time,13,sorted_deque_soa,prototype_jump_4_2far,intent_to_command,20000,93,262,656,35267,0,0
time,13,sorted_deque_soa,prototype_jump_4_2far,intent_queued,20000,32,125,235,120416,0,0
time,13,sorted_deque_soa,prototype_jump_4_2far,replace_report,20000,104,317,1091,41168,0,0
time,13,sorted_deque_soa,prototype_jump_4_2far,ready_to_command,20000,142,364,1181,68101,0,0
time,13,sorted_deque_soa,prototype_rolling_32_2far,price_query,20000,49,89,164,22422,0,0
time,13,sorted_deque_soa,prototype_rolling_32_2far,intent_to_command,20000,105,296,721,151825,0,0
time,13,sorted_deque_soa,prototype_rolling_32_2far,intent_queued,20000,32,122,207,1324,0,0
time,13,sorted_deque_soa,prototype_rolling_32_2far,replace_report,20000,82,293,838,152412,0,0
time,13,sorted_deque_soa,prototype_rolling_32_2far,ready_to_command,20000,116,366,762,679796,0,0
time,13,sorted_deque_soa,prototype_jump_32_2far,price_query,20000,53,116,221,114125,0,0
time,13,sorted_deque_soa,prototype_jump_32_2far,intent_to_command,20000,140,360,1022,1282790,0,0
time,13,sorted_deque_soa,prototype_jump_32_2far,intent_queued,20000,35,192,531,23534,0,0
time,13,sorted_deque_soa,prototype_jump_32_2far,replace_report,20000,124,384,1113,28481,0,0
time,13,sorted_deque_soa,prototype_jump_32_2far,ready_to_command,20000,187,532,4213,2849206,0,0
time,13,sorted_deque,rolling_4,price_query,20000,34,80,146,4997,0,0
time,13,sorted_deque,rolling_4,near_range8,20000,35,87,193,35983,0,0
time,13,sorted_deque,rolling_4,index_submit,20000,86,285,563,123443,0,0
time,13,sorted_deque,rolling_4,index_ack,20000,80,250,423,178808,0,0
time,13,sorted_deque,rolling_4,cross_page_submit_subset,314,84,201,261,296,0,0
time,13,sorted_deque,outliers_4,price_query,20000,33,43,58,207,0,0
time,13,sorted_deque,outliers_4,near_range8,20000,34,52,78,28688,0,0
time,13,sorted_deque,outliers_4,index_submit,20000,79,196,375,23340,0,0
time,13,sorted_deque,outliers_4,index_ack,20000,77,126,213,33131,0,0
time,13,sorted_deque,outliers_4,cross_page_submit_subset,314,78,132,167,188,0,0
time,13,sorted_deque,outliers_4,far_query,20000,32,46,105,19285,0,0
time,13,sorted_deque,boundary_4,price_query,20000,33,49,70,474331,0,0
time,13,sorted_deque,boundary_4,near_range8,20000,34,58,84,24480,0,0
time,13,sorted_deque,boundary_4,index_submit,20000,74,171,373,135643,0,0
time,13,sorted_deque,boundary_4,index_ack,20000,94,164,261,250356,0,0
time,13,sorted_deque,boundary_4,cross_page_submit_subset,5000,72,218,490,99888,0,0
time,13,sorted_deque,jump_4,price_query,20000,33,51,82,342604,0,0
time,13,sorted_deque,jump_4,near_range8,20000,34,58,90,1877767,0,0
time,13,sorted_deque,jump_4,index_submit,20000,81,213,503,37505,0,0
time,13,sorted_deque,jump_4,index_ack,20000,79,192,325,26674,0,0
time,13,sorted_deque,jump_4,cross_page_submit_subset,3746,96,235,407,23663,0,0
time,13,sorted_deque,jump_4,jump_submit_subset,2496,100,237,402,23663,0,0
time,13,sorted_deque,rolling_32,price_query,20000,34,51,74,525,0,0
time,13,sorted_deque,rolling_32,near_range8,20000,43,69,109,23320,0,0
time,13,sorted_deque,rolling_32,index_submit,20000,73,194,427,171548,0,0
time,13,sorted_deque,rolling_32,index_ack,20000,60,150,258,31833,0,0
time,13,sorted_deque,rolling_32,cross_page_submit_subset,305,73,155,298,322,0,0
time,13,sorted_deque,outliers_32,price_query,20000,34,54,90,57543,0,0
time,13,sorted_deque,outliers_32,near_range8,20000,42,73,128,15938,0,0
time,13,sorted_deque,outliers_32,index_submit,20000,73,210,402,33204,0,0
time,13,sorted_deque,outliers_32,index_ack,20000,60,149,249,21300,0,0
time,13,sorted_deque,outliers_32,cross_page_submit_subset,305,73,147,155,205,0,0
time,13,sorted_deque,outliers_32,far_query,20000,33,52,124,4234,0,0
time,13,sorted_deque,boundary_32,price_query,20000,34,52,81,106362,0,0
time,13,sorted_deque,boundary_32,near_range8,20000,41,71,111,35099,0,0
time,13,sorted_deque,boundary_32,index_submit,20000,74,176,403,26982,0,0
time,13,sorted_deque,boundary_32,index_ack,20000,95,171,280,39019,0,0
time,13,sorted_deque,boundary_32,cross_page_submit_subset,625,80,147,167,169,0,0
time,13,sorted_deque,jump_32,price_query,20000,34,64,98,934,0,0
time,13,sorted_deque,jump_32,near_range8,20000,43,82,134,24558,0,0
time,13,sorted_deque,jump_32,index_submit,20000,75,220,398,539018,0,0
time,13,sorted_deque,jump_32,index_ack,20000,62,217,335,93562,0,0
time,13,sorted_deque,jump_32,cross_page_submit_subset,2652,108,287,650,1686,0,0
time,13,sorted_deque,jump_32,jump_submit_subset,2496,110,289,650,1686,0,0
time,13,sorted_deque,rolling_128,price_query,20000,36,68,89,116024,0,0
time,13,sorted_deque,rolling_128,near_range8,20000,45,75,112,3960,0,0
time,13,sorted_deque,rolling_128,index_submit,20000,83,197,458,33929,0,0
time,13,sorted_deque,rolling_128,index_ack,20000,66,142,259,24336,0,0
time,13,sorted_deque,rolling_128,cross_page_submit_subset,312,84,148,179,249,0,0
time,13,sorted_deque,outliers_128,price_query,20000,37,77,118,31497,0,0
time,13,sorted_deque,outliers_128,near_range8,20000,44,81,188,19087,0,0
time,13,sorted_deque,outliers_128,index_submit,20000,86,218,800,159564,0,0
time,13,sorted_deque,outliers_128,index_ack,20000,67,174,634,165699,0,0
time,13,sorted_deque,outliers_128,cross_page_submit_subset,312,87,309,356,1058,0,0
time,13,sorted_deque,outliers_128,far_query,20000,36,64,157,4586,0,0
time,13,sorted_deque,boundary_128,price_query,20000,51,99,182,431255,0,0
time,13,sorted_deque,boundary_128,near_range8,20000,56,120,429,40630,0,0
time,13,sorted_deque,boundary_128,index_submit,20000,118,286,1036,747412,0,0
time,13,sorted_deque,boundary_128,index_ack,20000,122,292,1962,2337602,0,0
time,13,sorted_deque,boundary_128,cross_page_submit_subset,313,134,327,416,1033,0,0
time,13,sorted_deque,jump_128,price_query,20000,53,92,138,1353418,0,0
time,13,sorted_deque,jump_128,near_range8,20000,71,116,183,61249,0,0
time,13,sorted_deque,jump_128,index_submit,20000,142,385,1060,56628,0,0
time,13,sorted_deque,jump_128,index_ack,20000,112,325,1005,35027,0,0
time,13,sorted_deque,jump_128,cross_page_submit_subset,2704,197,470,1491,52357,0,0
time,13,sorted_deque,jump_128,jump_submit_subset,2432,203,469,1491,52357,0,0
time,13,sorted_deque,4096books_4near_2far,price_query,20000,390,1225,24823,917335,0,0
time,13,sorted_deque,new_book_growth,index_insert,20000,421,7867,32699,2818802,0,0
time,13,sorted_deque,new_book_growth,every64_subset,313,7446,28557,43165,47042,0,0
time,13,sorted_deque,cancel_rehang_4near,index_cancel,20000,50,139,943,63455,0,0
time,13,sorted_deque,cancel_rehang_4near,index_new,20000,105,244,1044,264924,0,0
time,13,sorted_deque,cancel_rehang_4near,index_accepted,20000,73,255,987,38146,0,0
time,13,sorted_deque,cancel_rehang_4near,index_canceled,20000,70,180,993,44865,0,0
time,13,sorted_deque,prototype_rolling_4_2far,price_query,20000,43,64,106,23591,0,0
time,13,sorted_deque,prototype_rolling_4_2far,intent_to_command,20000,144,322,1116,65404,0,0
time,13,sorted_deque,prototype_rolling_4_2far,intent_queued,20000,40,190,886,22900,0,0
time,13,sorted_deque,prototype_rolling_4_2far,replace_report,20000,171,382,1147,26709,0,0
time,13,sorted_deque,prototype_rolling_4_2far,ready_to_command,20000,224,463,1354,45732,0,0
time,13,sorted_deque,prototype_jump_4_2far,price_query,20000,47,72,236,53002,0,0
time,13,sorted_deque,prototype_jump_4_2far,intent_to_command,20000,155,426,1187,30574,0,0
time,13,sorted_deque,prototype_jump_4_2far,intent_queued,20000,43,212,907,22393,0,0
time,13,sorted_deque,prototype_jump_4_2far,replace_report,20000,184,444,1259,49752,0,0
time,13,sorted_deque,prototype_jump_4_2far,ready_to_command,20000,240,625,1362,47042,0,0
time,13,sorted_deque,prototype_rolling_32_2far,price_query,20000,49,84,892,26809,0,0
time,13,sorted_deque,prototype_rolling_32_2far,intent_to_command,20000,155,354,1125,70354,0,0
time,13,sorted_deque,prototype_rolling_32_2far,intent_queued,20000,43,216,948,51924,0,0
time,13,sorted_deque,prototype_rolling_32_2far,replace_report,20000,148,393,1136,50180,0,0
time,13,sorted_deque,prototype_rolling_32_2far,ready_to_command,20000,187,442,1211,48899,0,0
time,13,sorted_deque,prototype_jump_32_2far,price_query,20000,51,85,142,29606,0,0
time,13,sorted_deque,prototype_jump_32_2far,intent_to_command,20000,159,350,1122,50648,0,0
time,13,sorted_deque,prototype_jump_32_2far,intent_queued,20000,44,221,590,48522,0,0
time,13,sorted_deque,prototype_jump_32_2far,replace_report,20000,156,399,1101,30509,0,0
time,13,sorted_deque,prototype_jump_32_2far,ready_to_command,20000,196,465,1272,69330,0,0
time,13,pool_pages,rolling_4,price_query,20000,36,60,111,932,0,0
time,13,pool_pages,rolling_4,near_range8,20000,52,191,530,52250,0,0
time,13,pool_pages,rolling_4,index_submit,20000,108,218,683,33646,0,0
time,13,pool_pages,rolling_4,index_ack,20000,102,204,475,28077,0,0
time,13,pool_pages,rolling_4,cross_page_submit_subset,314,126,505,819,1296,0,0
time,13,pool_pages,rolling_4,page_creation_subset,78,292,819,819,1296,0,0
time,13,pool_pages,outliers_4,price_query,20000,32,34,51,20061,0,0
time,13,pool_pages,outliers_4,near_range8,20000,39,56,138,29574,0,0
time,13,pool_pages,outliers_4,index_submit,20000,72,195,333,19236,0,0
time,13,pool_pages,outliers_4,index_ack,20000,78,109,266,19589,0,0
time,13,pool_pages,outliers_4,cross_page_submit_subset,314,77,280,1012,3154,0,0
time,13,pool_pages,outliers_4,page_creation_subset,78,188,403,403,1012,0,0
time,13,pool_pages,outliers_4,far_query,20000,32,43,129,56910,0,0
time,13,pool_pages,boundary_4,price_query,20000,32,56,83,23442,0,0
time,13,pool_pages,boundary_4,near_range8,20000,45,124,283,6315,0,0
time,13,pool_pages,boundary_4,index_submit,20000,76,195,342,35884,0,0
time,13,pool_pages,boundary_4,index_ack,20000,99,245,478,44384,0,0
time,13,pool_pages,boundary_4,cross_page_submit_subset,5000,68,231,372,995,0,0
time,13,pool_pages,jump_4,price_query,20000,39,64,162,21485,0,0
time,13,pool_pages,jump_4,near_range8,20000,57,116,365,22695,0,0
time,13,pool_pages,jump_4,index_submit,20000,127,291,440,35455,0,0
time,13,pool_pages,jump_4,index_ack,20000,120,296,499,38141,0,0
time,13,pool_pages,jump_4,cross_page_submit_subset,3746,147,339,553,35455,0,0
time,13,pool_pages,jump_4,page_creation_subset,1248,241,412,553,22804,0,0
time,13,pool_pages,jump_4,jump_submit_subset,2496,165,365,1077,35455,0,0
time,13,pool_pages,rolling_32,price_query,20000,50,65,148,37694,0,0
time,13,pool_pages,rolling_32,near_range8,20000,98,135,273,85655,0,0
time,13,pool_pages,rolling_32,index_submit,20000,141,205,654,26778,0,0
time,13,pool_pages,rolling_32,index_ack,20000,124,205,496,24321,0,0
time,13,pool_pages,rolling_32,cross_page_submit_subset,305,155,672,715,1600,0,0
time,13,pool_pages,rolling_32,page_creation_subset,10,657,715,715,1600,0,0
time,13,pool_pages,outliers_32,price_query,20000,32,57,164,28495,0,0
time,13,pool_pages,outliers_32,near_range8,20000,51,148,362,1563461,0,0
time,13,pool_pages,outliers_32,index_submit,20000,69,213,558,57205,0,0
time,13,pool_pages,outliers_32,index_ack,20000,62,180,548,95444,0,0
time,13,pool_pages,outliers_32,cross_page_submit_subset,305,79,650,1453,1674,0,0
time,13,pool_pages,outliers_32,page_creation_subset,10,649,1453,1453,1674,0,0
time,13,pool_pages,outliers_32,far_query,20000,32,68,211,4031,0,0
time,13,pool_pages,boundary_32,price_query,20000,32,51,95,26101,0,0
time,13,pool_pages,boundary_32,near_range8,20000,53,133,395,23160,0,0
time,13,pool_pages,boundary_32,index_submit,20000,68,207,343,44939,0,0
time,13,pool_pages,boundary_32,index_ack,20000,95,209,463,22641,0,0
time,13,pool_pages,boundary_32,cross_page_submit_subset,625,68,150,202,272,0,0
time,13,pool_pages,jump_32,price_query,20000,32,58,113,26745,0,0
time,13,pool_pages,jump_32,near_range8,20000,51,140,424,24366,0,0
time,13,pool_pages,jump_32,index_submit,20000,70,210,394,31510,0,0
time,13,pool_pages,jump_32,index_ack,20000,63,205,401,50146,0,0
time,13,pool_pages,jump_32,cross_page_submit_subset,2652,83,322,480,1030,0,0
time,13,pool_pages,jump_32,page_creation_subset,156,194,470,507,566,0,0
time,13,pool_pages,jump_32,jump_submit_subset,2496,84,322,480,1030,0,0
time,13,pool_pages,rolling_128,price_query,20000,32,47,62,38410,0,0
time,13,pool_pages,rolling_128,near_range8,20000,50,93,184,17001,0,0
time,13,pool_pages,rolling_128,index_submit,20000,68,141,256,19436,0,0
time,13,pool_pages,rolling_128,index_ack,20000,67,125,248,174001,0,0
time,13,pool_pages,rolling_128,cross_page_submit_subset,312,87,155,475,1321,0,0
time,13,pool_pages,rolling_128,page_creation_subset,3,475,475,475,1321,0,0
time,13,pool_pages,outliers_128,price_query,20000,32,50,73,28513,0,0
time,13,pool_pages,outliers_128,near_range8,20000,51,101,174,59080,0,0
time,13,pool_pages,outliers_128,index_submit,20000,69,196,335,17735,0,0
time,13,pool_pages,outliers_128,index_ack,20000,67,133,256,25043,0,0
time,13,pool_pages,outliers_128,cross_page_submit_subset,312,86,258,1016,1515,0,0
time,13,pool_pages,outliers_128,page_creation_subset,3,440,440,440,1515,0,0
time,13,pool_pages,outliers_128,far_query,20000,32,57,133,33822,0,0
time,13,pool_pages,boundary_128,price_query,20000,32,47,77,23479,0,0
time,13,pool_pages,boundary_128,near_range8,20000,53,102,211,28997,0,0
time,13,pool_pages,boundary_128,index_submit,20000,68,143,267,4691,0,0
time,13,pool_pages,boundary_128,index_ack,20000,97,170,292,20619,0,0
time,13,pool_pages,boundary_128,cross_page_submit_subset,313,72,132,142,219,0,0
time,13,pool_pages,jump_128,price_query,20000,32,54,82,23996,0,0
time,13,pool_pages,jump_128,near_range8,20000,51,118,218,32732,0,0
time,13,pool_pages,jump_128,index_submit,20000,69,194,392,5137,0,0
time,13,pool_pages,jump_128,index_ack,20000,69,192,431,72142,0,0
time,13,pool_pages,jump_128,cross_page_submit_subset,2704,82,299,1005,1923,0,0
time,13,pool_pages,jump_128,page_creation_subset,77,228,873,873,1183,0,0
time,13,pool_pages,jump_128,jump_submit_subset,2432,82,286,694,1923,0,0
time,13,pool_pages,4096books_4near_2far,price_query,20000,405,1336,5977,46928,0,0
time,13,pool_pages,new_book_growth,index_insert,20000,399,16164,54596,655169,0,0
time,13,pool_pages,new_book_growth,page_block_growth_subset,313,16723,84662,190696,234303,0,0
time,13,pool_pages,new_book_growth,every64_subset,313,16723,84662,190696,234303,0,0
time,13,pool_pages,cancel_rehang_4near,index_cancel,20000,49,126,259,45297,0,0
time,13,pool_pages,cancel_rehang_4near,index_new,20000,147,289,684,31373,0,0
time,13,pool_pages,cancel_rehang_4near,index_accepted,20000,72,244,553,24265,0,0
time,13,pool_pages,cancel_rehang_4near,index_canceled,20000,101,231,428,44526,0,0
time,13,pool_pages,prototype_rolling_4_2far,price_query,20000,35,54,80,3683,0,0
time,13,pool_pages,prototype_rolling_4_2far,intent_to_command,20000,84,185,335,5583,0,0
time,13,pool_pages,prototype_rolling_4_2far,intent_queued,20000,32,47,114,23470,0,0
time,13,pool_pages,prototype_rolling_4_2far,replace_report,20000,100,242,476,132179,0,0
time,13,pool_pages,prototype_rolling_4_2far,ready_to_command,20000,114,245,405,18419,0,0
time,13,pool_pages,prototype_jump_4_2far,price_query,20000,36,61,115,18608,0,0
time,13,pool_pages,prototype_jump_4_2far,intent_to_command,20000,85,262,525,25453,0,0
time,13,pool_pages,prototype_jump_4_2far,intent_queued,20000,32,64,197,23910,0,0
time,13,pool_pages,prototype_jump_4_2far,replace_report,20000,100,318,739,90526,0,0
time,13,pool_pages,prototype_jump_4_2far,ready_to_command,20000,115,290,619,34656,0,0
time,13,pool_pages,prototype_rolling_32_2far,price_query,20000,36,67,103,24013,0,0
time,13,pool_pages,prototype_rolling_32_2far,intent_to_command,20000,85,227,594,73621,0,0
time,13,pool_pages,prototype_rolling_32_2far,intent_queued,20000,32,56,185,55497,0,0
time,13,pool_pages,prototype_rolling_32_2far,replace_report,20000,83,266,514,41054,0,0
time,13,pool_pages,prototype_rolling_32_2far,ready_to_command,20000,100,276,1110,162707,0,0
time,13,pool_pages,prototype_jump_32_2far,price_query,20000,44,75,125,17607,0,0
time,13,pool_pages,prototype_jump_32_2far,intent_to_command,20000,129,326,1050,60674,0,0
time,13,pool_pages,prototype_jump_32_2far,intent_queued,20000,36,190,439,6674,0,0
time,13,pool_pages,prototype_jump_32_2far,replace_report,20000,133,369,880,55849,0,0
time,13,pool_pages,prototype_jump_32_2far,ready_to_command,20000,162,364,829,50522,0,0
time,13,absl_btree,rolling_4,price_query,20000,41,59,102,30972,0,0
time,13,absl_btree,rolling_4,near_range8,20000,59,187,502,52126,0,0
time,13,absl_btree,rolling_4,index_submit,20000,130,218,498,31217,0,0
time,13,absl_btree,rolling_4,index_ack,20000,123,254,425,32965,0,0
time,13,absl_btree,rolling_4,cross_page_submit_subset,314,131,212,265,1652,0,0
time,13,absl_btree,outliers_4,price_query,20000,45,62,91,34864,0,0
time,13,absl_btree,outliers_4,near_range8,20000,65,180,485,78067,0,0
time,13,absl_btree,outliers_4,index_submit,20000,138,226,454,54227,0,0
time,13,absl_btree,outliers_4,index_ack,20000,129,261,394,33425,0,0
time,13,absl_btree,outliers_4,cross_page_submit_subset,314,138,217,220,6172,0,0
time,13,absl_btree,outliers_4,far_query,20000,47,58,112,32029,0,0
time,13,absl_btree,boundary_4,price_query,20000,43,60,103,32170,0,0
time,13,absl_btree,boundary_4,near_range8,20000,64,180,475,57666,0,0
time,13,absl_btree,boundary_4,index_submit,20000,136,216,392,68294,0,0
time,13,absl_btree,boundary_4,index_ack,20000,164,285,464,32226,0,0
time,13,absl_btree,boundary_4,cross_page_submit_subset,5000,129,185,293,28482,0,0
time,13,absl_btree,jump_4,price_query,20000,44,62,119,932,0,0
time,13,absl_btree,jump_4,near_range8,20000,62,181,482,34564,0,0
time,13,absl_btree,jump_4,index_submit,20000,138,223,478,45134,0,0
time,13,absl_btree,jump_4,index_ack,20000,135,289,427,56612,0,0
time,13,absl_btree,jump_4,cross_page_submit_subset,3746,155,230,330,25504,0,0
time,13,absl_btree,jump_4,jump_submit_subset,2496,187,238,344,25504,0,0
time,13,absl_btree,rolling_32,price_query,20000,48,75,114,46117,0,0
time,13,absl_btree,rolling_32,near_range8,20000,95,186,463,6674,0,0
time,13,absl_btree,rolling_32,index_submit,20000,140,273,502,32405,0,0
time,13,absl_btree,rolling_32,index_ack,20000,113,298,691,34149,0,0
time,13,absl_btree,rolling_32,cross_page_submit_subset,305,140,243,280,385,0,0
time,13,absl_btree,outliers_32,price_query,20000,47,80,114,29082,0,0
time,13,absl_btree,outliers_32,near_range8,20000,94,183,433,6393,0,0
time,13,absl_btree,outliers_32,index_submit,20000,139,285,656,48532,0,0
time,13,absl_btree,outliers_32,index_ack,20000,111,301,513,28542,0,0
time,13,absl_btree,outliers_32,cross_page_submit_subset,305,141,308,333,333,0,0
time,13,absl_btree,outliers_32,far_query,20000,52,78,140,75549,0,0
time,13,absl_btree,boundary_32,price_query,20000,48,66,148,28203,0,0
time,13,absl_btree,boundary_32,near_range8,20000,90,199,516,46356,0,0
time,13,absl_btree,boundary_32,index_submit,20000,136,276,433,45029,0,0
time,13,absl_btree,boundary_32,index_ack,20000,157,340,787,53207,0,0
time,13,absl_btree,boundary_32,cross_page_submit_subset,625,134,170,196,206,0,0
time,13,absl_btree,jump_32,price_query,20000,46,81,134,5970,0,0
time,13,absl_btree,jump_32,near_range8,20000,86,196,518,35108,0,0
time,13,absl_btree,jump_32,index_submit,20000,135,300,561,52279,0,0
time,13,absl_btree,jump_32,index_ack,20000,108,376,732,41765,0,0
time,13,absl_btree,jump_32,cross_page_submit_subset,2652,203,367,573,52279,0,0
time,13,absl_btree,jump_32,jump_submit_subset,2496,207,374,573,52279,0,0
time,13,absl_btree,rolling_128,price_query,20000,54,94,117,935,0,0
time,13,absl_btree,rolling_128,near_range8,20000,95,188,528,32898,0,0
time,13,absl_btree,rolling_128,index_submit,20000,152,278,637,48542,0,0
time,13,absl_btree,rolling_128,index_ack,20000,113,264,967,64418,0,0
time,13,absl_btree,rolling_128,cross_page_submit_subset,312,153,232,333,339,0,0
time,13,absl_btree,outliers_128,price_query,20000,48,91,208,18177,0,0
time,13,absl_btree,outliers_128,near_range8,20000,77,183,956,48521,0,0
time,13,absl_btree,outliers_128,index_submit,20000,135,283,1044,42743,0,0
time,13,absl_btree,outliers_128,index_ack,20000,94,238,1014,32603,0,0
time,13,absl_btree,outliers_128,cross_page_submit_subset,312,137,312,690,1047,0,0
time,13,absl_btree,outliers_128,far_query,20000,47,88,205,1038,0,0
time,13,absl_btree,boundary_128,price_query,20000,43,79,176,28557,0,0
time,13,absl_btree,boundary_128,near_range8,20000,67,175,956,46487,0,0
time,13,absl_btree,boundary_128,index_submit,20000,116,260,1035,24266,0,0
time,13,absl_btree,boundary_128,index_ack,20000,138,383,1218,43322,0,0
time,13,absl_btree,boundary_128,cross_page_submit_subset,313,119,275,1026,13132,0,0
time,13,absl_btree,jump_128,price_query,20000,41,85,145,15945,0,0
time,13,absl_btree,jump_128,near_range8,20000,52,140,352,23575,0,0
time,13,absl_btree,jump_128,index_submit,20000,100,292,700,55820,0,0
time,13,absl_btree,jump_128,index_ack,20000,68,391,696,45425,0,0
time,13,absl_btree,jump_128,cross_page_submit_subset,2704,164,440,1133,3929,0,0
time,13,absl_btree,jump_128,jump_submit_subset,2432,167,440,1133,3929,0,0
time,13,absl_btree,4096books_4near_2far,price_query,20000,246,907,1647,50267,0,0
time,13,absl_btree,new_book_growth,index_insert,20000,357,4955,12218,554233,0,0
time,13,absl_btree,new_book_growth,every64_subset,313,5108,23501,40260,65912,0,0
time,13,absl_btree,cancel_rehang_4near,index_cancel,20000,50,131,249,30215,0,0
time,13,absl_btree,cancel_rehang_4near,index_new,20000,110,240,396,59799,0,0
time,13,absl_btree,cancel_rehang_4near,index_accepted,20000,71,265,544,28980,0,0
time,13,absl_btree,cancel_rehang_4near,index_canceled,20000,104,236,389,51535,0,0
time,13,absl_btree,prototype_rolling_4_2far,price_query,20000,30,52,72,183,0,0
time,13,absl_btree,prototype_rolling_4_2far,intent_to_command,20000,86,228,490,49198,0,0
time,13,absl_btree,prototype_rolling_4_2far,intent_queued,20000,32,55,183,22693,0,0
time,13,absl_btree,prototype_rolling_4_2far,replace_report,20000,134,300,579,26447,0,0
time,13,absl_btree,prototype_rolling_4_2far,ready_to_command,20000,125,286,486,34161,0,0
time,13,absl_btree,prototype_jump_4_2far,price_query,20000,30,50,81,4542,0,0
time,13,absl_btree,prototype_jump_4_2far,intent_to_command,20000,86,215,448,34763,0,0
time,13,absl_btree,prototype_jump_4_2far,intent_queued,20000,32,56,174,18235,0,0
time,13,absl_btree,prototype_jump_4_2far,replace_report,20000,134,311,673,32938,0,0
time,13,absl_btree,prototype_jump_4_2far,ready_to_command,20000,124,276,477,22919,0,0
time,13,absl_btree,prototype_rolling_32_2far,price_query,20000,51,90,118,33145,0,0
time,13,absl_btree,prototype_rolling_32_2far,intent_to_command,20000,160,302,673,72512,0,0
time,13,absl_btree,prototype_rolling_32_2far,intent_queued,20000,43,181,414,48038,0,0
time,13,absl_btree,prototype_rolling_32_2far,replace_report,20000,158,460,802,37504,0,0
time,13,absl_btree,prototype_rolling_32_2far,ready_to_command,20000,197,415,749,27868,0,0
time,13,absl_btree,prototype_jump_32_2far,price_query,20000,46,98,173,35254,0,0
time,13,absl_btree,prototype_jump_32_2far,intent_to_command,20000,109,326,585,30685,0,0
time,13,absl_btree,prototype_jump_32_2far,intent_queued,20000,33,172,273,6560,0,0
time,13,absl_btree,prototype_jump_32_2far,replace_report,20000,134,469,767,64750,0,0
time,13,absl_btree,prototype_jump_32_2far,ready_to_command,20000,159,439,768,67982,0,0
time,13,window128,rolling_4,price_query,20000,34,48,66,335,0,0
time,13,window128,rolling_4,near_range8,20000,38,72,167,958,0,0
time,13,window128,rolling_4,index_submit,20000,81,198,338,35325,0,0
time,13,window128,rolling_4,index_ack,20000,76,152,260,28169,0,0
time,13,window128,rolling_4,cross_page_submit_subset,314,81,157,170,172,0,0
time,13,window128,outliers_4,price_query,20000,49,66,85,33269,0,0
time,13,window128,outliers_4,near_range8,20000,66,143,280,28302,0,0
time,13,window128,outliers_4,index_submit,20000,141,262,375,31464,0,0
time,13,window128,outliers_4,index_ack,20000,121,195,303,47458,0,0
time,13,window128,outliers_4,cross_page_submit_subset,314,140,266,340,1330,0,0
time,13,window128,outliers_4,far_query,20000,47,64,145,32356,0,0
time,13,window128,boundary_4,price_query,20000,51,66,118,31732,0,0
time,13,window128,boundary_4,near_range8,20000,70,168,315,72602,0,0
time,13,window128,boundary_4,index_submit,20000,143,216,296,28196,0,0
time,13,window128,boundary_4,index_ack,20000,147,209,298,44363,0,0
time,13,window128,boundary_4,cross_page_submit_subset,5000,142,230,310,6522,0,0
time,13,window128,jump_4,price_query,20000,35,54,105,18237,0,0
time,13,window128,jump_4,near_range8,20000,38,80,222,18056,0,0
time,13,window128,jump_4,index_submit,20000,83,204,361,186934,0,0
time,13,window128,jump_4,index_ack,20000,78,158,241,24864,0,0
time,13,window128,jump_4,cross_page_submit_subset,3746,106,219,296,24248,0,0
time,13,window128,jump_4,jump_submit_subset,2496,110,210,259,342,0,0
time,13,window128,rolling_32,price_query,20000,28,42,59,18490,0,0
time,13,window128,rolling_32,near_range8,20000,60,113,216,5186,0,0
time,13,window128,rolling_32,index_submit,20000,70,145,269,26761,0,0
time,13,window128,rolling_32,index_ack,20000,61,110,178,11171,0,0
time,13,window128,rolling_32,cross_page_submit_subset,305,70,133,147,234,0,0
time,13,window128,outliers_32,price_query,20000,28,44,62,200,0,0
time,13,window128,outliers_32,near_range8,20000,60,124,225,17801,0,0
time,13,window128,outliers_32,index_submit,20000,72,200,362,41568,0,0
time,13,window128,outliers_32,index_ack,20000,61,124,220,42921,0,0
time,13,window128,outliers_32,cross_page_submit_subset,305,72,225,271,563,0,0
time,13,window128,outliers_32,far_query,20000,32,49,81,4150,0,0
time,13,window128,boundary_32,price_query,20000,29,52,77,21060,0,0
time,13,window128,boundary_32,near_range8,20000,61,153,272,99585,0,0
time,13,window128,boundary_32,index_submit,20000,73,168,270,18281,0,0
time,13,window128,boundary_32,index_ack,20000,89,192,306,28070,0,0
time,13,window128,boundary_32,cross_page_submit_subset,625,77,156,178,190,0,0
time,13,window128,jump_32,price_query,20000,29,64,157,35240,0,0
time,13,window128,jump_32,near_range8,20000,60,162,399,21757,0,0
time,13,window128,jump_32,index_submit,20000,75,238,1705,26441,0,0
time,13,window128,jump_32,index_ack,20000,63,211,271,24769,0,0
time,13,window128,jump_32,cross_page_submit_subset,2652,107,263,405,480,0,0
time,13,window128,jump_32,jump_submit_subset,2496,108,271,405,480,0,0
time,13,window128,rolling_128,price_query,20000,30,65,108,27051,0,0
time,13,window128,rolling_128,near_range8,20000,65,186,547,54114,0,0
time,13,window128,rolling_128,index_submit,20000,82,205,532,23525,0,0
time,13,window128,rolling_128,index_ack,20000,69,187,316,27738,0,0
time,13,window128,rolling_128,cross_page_submit_subset,312,80,212,279,286,0,0
time,13,window128,outliers_128,price_query,20000,33,71,128,27920,0,0
time,13,window128,outliers_128,near_range8,20000,75,236,604,108715,0,0
time,13,window128,outliers_128,index_submit,20000,100,224,987,49570,0,0
time,13,window128,outliers_128,index_ack,20000,89,205,451,25069,0,0
time,13,window128,outliers_128,cross_page_submit_subset,312,100,220,289,3487,0,0
time,13,window128,outliers_128,far_query,20000,39,67,158,43003,0,0
time,13,window128,boundary_128,price_query,20000,40,73,217,24370,0,0
time,13,window128,boundary_128,near_range8,20000,104,224,3710,39518,0,0
time,13,window128,boundary_128,index_submit,20000,125,1497,6104,49915,0,0
time,13,window128,boundary_128,index_ack,20000,119,249,3759,102849,0,0
time,13,window128,boundary_128,cross_page_submit_subset,313,126,236,280,2960,0,0
time,13,window128,jump_128,price_query,20000,54,124,566,87198,0,0
time,13,window128,jump_128,near_range8,20000,112,261,3721,59949,0,0
time,13,window128,jump_128,index_submit,20000,147,431,8290,113438,0,0
time,13,window128,jump_128,index_ack,20000,120,369,3850,56497,0,0
time,13,window128,jump_128,cross_page_submit_subset,2704,222,600,4252,38521,0,0
time,13,window128,jump_128,jump_submit_subset,2432,230,611,4252,38521,0,0
time,13,window128,4096books_4near_2far,price_query,20000,471,1186,7600,61740,0,0
time,13,window128,new_book_growth,index_insert,20000,536,7549,38165,1236657,0,0
time,13,window128,new_book_growth,every64_subset,313,7192,42411,58595,73416,0,0
time,13,window128,cancel_rehang_4near,index_cancel,20000,50,142,384,28127,0,0
time,13,window128,cancel_rehang_4near,index_new,20000,98,225,604,28648,0,0
time,13,window128,cancel_rehang_4near,index_accepted,20000,70,264,529,4530,0,0
time,13,window128,cancel_rehang_4near,index_canceled,20000,64,166,291,32471,0,0
time,13,window128,prototype_rolling_4_2far,price_query,20000,38,42,66,20608,0,0
time,13,window128,prototype_rolling_4_2far,intent_to_command,20000,93,167,262,17633,0,0
time,13,window128,prototype_rolling_4_2far,intent_queued,20000,32,34,48,16824,0,0
time,13,window128,prototype_rolling_4_2far,replace_report,20000,105,161,334,21806,0,0
time,13,window128,prototype_rolling_4_2far,ready_to_command,20000,142,203,376,36427,0,0
time,13,window128,prototype_jump_4_2far,price_query,20000,38,51,78,3664,0,0
time,13,window128,prototype_jump_4_2far,intent_to_command,20000,94,185,342,22171,0,0
time,13,window128,prototype_jump_4_2far,intent_queued,20000,32,43,63,33870,0,0
time,13,window128,prototype_jump_4_2far,replace_report,20000,105,211,348,63260,0,0
time,13,window128,prototype_jump_4_2far,ready_to_command,20000,141,250,466,22588,0,0
time,13,window128,prototype_rolling_32_2far,price_query,20000,48,62,88,3612,0,0
time,13,window128,prototype_rolling_32_2far,intent_to_command,20000,168,243,346,25637,0,0
time,13,window128,prototype_rolling_32_2far,intent_queued,20000,51,113,213,26691,0,0
time,13,window128,prototype_rolling_32_2far,replace_report,20000,164,275,566,44422,0,0
time,13,window128,prototype_rolling_32_2far,ready_to_command,20000,200,301,533,32554,0,0
time,13,window128,prototype_jump_32_2far,price_query,20000,48,64,124,188,0,0
time,13,window128,prototype_jump_32_2far,intent_to_command,20000,168,292,575,28061,0,0
time,13,window128,prototype_jump_32_2far,intent_queued,20000,51,130,235,4129,0,0
time,13,window128,prototype_jump_32_2far,replace_report,20000,164,295,655,59957,0,0
time,13,window128,prototype_jump_32_2far,ready_to_command,20000,201,384,2417,32819,0,0
time,0,timer,baseline,timer,20000,32,35,123,24425,0,0
