round,backend,scenario,metric,per_op_p50_ns,per_op_p90_ns
0,absl_btree,w4,get,14.16,15.49
0,absl_btree,w4,best,3.32,3.37
0,absl_btree,w4,range8,18.62,18.88
0,absl_btree,w4,set_working,22.77,24.79
0,absl_btree,w4,reprice_to_top,92.54,101.48
0,absl_btree,w4,roll,67.93,83.07
0,absl_btree,w4,aggressive_in_out,82.81,87.78
0,absl_btree,w16,get,22.98,24.86
0,absl_btree,w16,best,3.34,3.37
0,absl_btree,w16,range8,31.50,31.72
0,absl_btree,w16,set_working,31.33,33.45
0,absl_btree,w16,reprice_to_top,125.17,144.58
0,absl_btree,w16,roll,92.73,119.59
0,absl_btree,w16,aggressive_in_out,84.18,99.19
0,absl_btree,w32,get,24.86,28.25
0,absl_btree,w32,best,2.89,3.57
0,absl_btree,w32,range8,29.39,30.84
0,absl_btree,w32,set_working,35.27,37.29
0,absl_btree,w32,reprice_to_top,170.39,197.20
0,absl_btree,w32,roll,113.95,131.91
0,absl_btree,w32,aggressive_in_out,99.86,112.42
0,absl_btree,w128,get,31.26,34.54
0,absl_btree,w128,best,2.42,2.92
0,absl_btree,w128,range8,24.20,35.06
0,absl_btree,w128,set_working,49.16,53.91
0,absl_btree,w128,reprice_to_top,204.42,277.46
0,absl_btree,w128,roll,134.39,195.21
0,absl_btree,w128,aggressive_in_out,60.87,85.73
0,absl_btree,w512,get,38.21,42.06
0,absl_btree,w512,best,2.30,2.88
0,absl_btree,w512,range8,26.28,30.57
0,absl_btree,w512,set_working,54.94,59.57
0,absl_btree,w512,reprice_to_top,333.77,420.68
0,absl_btree,w512,roll,210.91,237.28
0,absl_btree,w512,aggressive_in_out,136.62,155.47
0,absl_btree,rolling_4,update,117.56,129.84
0,absl_btree,rolling_4,query,21.89,23.76
0,absl_btree,outliers_4,update,126.02,133.28
0,absl_btree,outliers_4,query,21.38,22.88
0,absl_btree,jump_4,update,111.59,131.02
0,absl_btree,jump_4,query,17.23,21.05
0,absl_btree,rolling_16,update,56.30,56.65
0,absl_btree,rolling_16,query,28.43,31.21
0,absl_btree,outliers_16,update,56.84,57.38
0,absl_btree,outliers_16,query,28.35,29.07
0,absl_btree,jump_16,update,63.12,89.83
0,absl_btree,jump_16,query,26.93,27.59
0,absl_btree,rolling_32,update,55.60,72.98
0,absl_btree,rolling_32,query,31.08,31.93
0,absl_btree,outliers_32,update,55.21,55.80
0,absl_btree,outliers_32,query,31.93,32.66
0,absl_btree,jump_32,update,71.90,82.06
0,absl_btree,jump_32,query,31.21,34.14
0,absl_btree,rolling_128,update,57.32,60.20
0,absl_btree,rolling_128,query,40.65,41.55
0,absl_btree,outliers_128,update,58.39,68.54
0,absl_btree,outliers_128,query,40.64,45.77
0,absl_btree,jump_128,update,59.57,181.81
0,absl_btree,jump_128,query,40.67,42.02
0,absl_btree,4096books,query,74.61,143.82
0,absl_btree,4096books,update,1139.21,1488.24
0,absl_btree,new_books,first_insert,971.34,1364.65
0,pool_pages,w4,get,15.38,16.27
0,pool_pages,w4,best,14.91,16.07
0,pool_pages,w4,range8,18.95,23.18
0,pool_pages,w4,set_working,23.05,24.85
0,pool_pages,w4,reprice_to_top,56.98,59.20
0,pool_pages,w4,roll,54.16,54.72
0,pool_pages,w4,aggressive_in_out,233.99,259.83
0,pool_pages,w16,get,11.64,12.26
0,pool_pages,w16,best,14.84,15.13
0,pool_pages,w16,range8,20.30,20.69
0,pool_pages,w16,set_working,18.19,21.52
0,pool_pages,w16,reprice_to_top,52.23,53.56
0,pool_pages,w16,roll,48.62,54.70
0,pool_pages,w16,aggressive_in_out,238.19,318.27
0,pool_pages,w32,get,11.57,12.18
0,pool_pages,w32,best,14.34,15.36
0,pool_pages,w32,range8,19.63,21.11
0,pool_pages,w32,set_working,17.61,18.88
0,pool_pages,w32,reprice_to_top,56.48,81.86
0,pool_pages,w32,roll,36.78,40.71
0,pool_pages,w32,aggressive_in_out,229.86,260.27
0,pool_pages,w128,get,14.24,14.88
0,pool_pages,w128,best,15.00,15.37
0,pool_pages,w128,range8,11.35,20.67
0,pool_pages,w128,set_working,18.76,19.35
0,pool_pages,w128,reprice_to_top,74.55,80.37
0,pool_pages,w128,roll,52.39,58.14
0,pool_pages,w128,aggressive_in_out,240.91,269.97
0,pool_pages,w512,get,20.80,35.15
0,pool_pages,w512,best,16.16,17.20
0,pool_pages,w512,range8,19.66,21.14
0,pool_pages,w512,set_working,26.74,27.74
0,pool_pages,w512,reprice_to_top,88.90,96.94
0,pool_pages,w512,roll,60.92,64.08
0,pool_pages,w512,aggressive_in_out,269.10,341.98
0,pool_pages,rolling_4,update,121.26,126.55
0,pool_pages,rolling_4,query,23.59,24.41
0,pool_pages,outliers_4,update,122.49,145.18
0,pool_pages,outliers_4,query,24.03,24.92
0,pool_pages,jump_4,update,140.23,176.12
0,pool_pages,jump_4,query,18.43,19.41
0,pool_pages,rolling_16,update,113.07,131.64
0,pool_pages,rolling_16,query,20.27,20.97
0,pool_pages,outliers_16,update,115.14,124.99
0,pool_pages,outliers_16,query,20.96,24.71
0,pool_pages,jump_16,update,123.14,127.31
0,pool_pages,jump_16,query,18.19,19.23
0,pool_pages,rolling_32,update,113.19,135.96
0,pool_pages,rolling_32,query,19.79,20.60
0,pool_pages,outliers_32,update,120.09,145.10
0,pool_pages,outliers_32,query,20.62,20.86
0,pool_pages,jump_32,update,127.92,143.54
0,pool_pages,jump_32,query,12.91,18.96
0,pool_pages,rolling_128,update,111.18,120.38
0,pool_pages,rolling_128,query,24.71,25.89
0,pool_pages,outliers_128,update,108.41,123.08
0,pool_pages,outliers_128,query,25.53,27.01
0,pool_pages,jump_128,update,112.28,177.54
0,pool_pages,jump_128,query,23.05,25.32
0,pool_pages,4096books,query,204.35,310.34
0,pool_pages,4096books,update,1367.27,1601.80
0,pool_pages,new_books,first_insert,1876.04,2327.86
0,sorted_deque,w4,get,13.06,14.04
0,sorted_deque,w4,best,3.12,3.46
0,sorted_deque,w4,range8,15.22,16.41
0,sorted_deque,w4,set_working,10.22,11.05
0,sorted_deque,w4,reprice_to_top,74.45,81.43
0,sorted_deque,w4,roll,66.29,76.17
0,sorted_deque,w4,aggressive_in_out,78.03,78.95
0,sorted_deque,w16,get,27.09,36.71
0,sorted_deque,w16,best,3.16,3.41
0,sorted_deque,w16,range8,18.02,19.84
0,sorted_deque,w16,set_working,29.04,32.11
0,sorted_deque,w16,reprice_to_top,86.47,91.50
0,sorted_deque,w16,roll,80.81,83.17
0,sorted_deque,w16,aggressive_in_out,69.94,76.32
0,sorted_deque,w32,get,30.89,49.87
0,sorted_deque,w32,best,3.37,3.38
0,sorted_deque,w32,range8,20.69,21.09
0,sorted_deque,w32,set_working,34.74,38.27
0,sorted_deque,w32,reprice_to_top,102.92,105.48
0,sorted_deque,w32,roll,86.98,93.03
0,sorted_deque,w32,aggressive_in_out,78.09,87.97
0,sorted_deque,w128,get,47.12,49.69
0,sorted_deque,w128,best,3.37,10.66
0,sorted_deque,w128,range8,23.27,24.66
0,sorted_deque,w128,set_working,51.68,54.35
0,sorted_deque,w128,reprice_to_top,137.16,162.20
0,sorted_deque,w128,roll,100.32,112.30
0,sorted_deque,w128,aggressive_in_out,88.04,158.46
0,sorted_deque,w512,get,58.77,61.27
0,sorted_deque,w512,best,3.57,3.59
0,sorted_deque,w512,range8,27.86,30.14
0,sorted_deque,w512,set_working,65.30,73.61
0,sorted_deque,w512,reprice_to_top,223.82,259.05
0,sorted_deque,w512,roll,113.58,168.45
0,sorted_deque,w512,aggressive_in_out,109.45,124.95
0,sorted_deque,rolling_4,update,119.05,131.47
0,sorted_deque,rolling_4,query,18.28,19.24
0,sorted_deque,outliers_4,update,126.00,196.67
0,sorted_deque,outliers_4,query,20.53,32.50
0,sorted_deque,jump_4,update,127.35,131.85
0,sorted_deque,jump_4,query,18.77,18.96
0,sorted_deque,rolling_16,update,119.70,141.72
0,sorted_deque,rolling_16,query,26.74,29.17
0,sorted_deque,outliers_16,update,114.34,115.95
0,sorted_deque,outliers_16,query,40.71,42.17
0,sorted_deque,jump_16,update,130.77,166.11
0,sorted_deque,jump_16,query,28.09,29.33
0,sorted_deque,rolling_32,update,115.26,122.53
0,sorted_deque,rolling_32,query,44.38,48.29
0,sorted_deque,outliers_32,update,114.27,141.50
0,sorted_deque,outliers_32,query,47.28,48.91
0,sorted_deque,jump_32,update,124.43,170.03
0,sorted_deque,jump_32,query,49.07,60.29
0,sorted_deque,rolling_128,update,116.91,140.48
0,sorted_deque,rolling_128,query,66.29,70.14
0,sorted_deque,outliers_128,update,115.41,139.36
0,sorted_deque,outliers_128,query,66.57,83.26
0,sorted_deque,jump_128,update,117.80,214.70
0,sorted_deque,jump_128,query,67.29,84.18
0,sorted_deque,4096books,query,107.58,194.83
0,sorted_deque,4096books,update,956.14,1154.56
0,sorted_deque,new_books,first_insert,862.77,1265.84
0,adaptive,w4,get,11.47,12.29
0,adaptive,w4,best,2.64,2.69
0,adaptive,w4,range8,10.29,10.73
0,adaptive,w4,set_working,10.32,11.02
0,adaptive,w4,reprice_to_top,68.34,78.09
0,adaptive,w4,roll,87.36,88.48
0,adaptive,w4,aggressive_in_out,85.31,114.86
0,adaptive,w16,get,26.49,27.92
0,adaptive,w16,best,4.54,4.55
0,adaptive,w16,range8,21.29,21.35
0,adaptive,w16,set_working,32.14,33.31
0,adaptive,w16,reprice_to_top,95.44,130.39
0,adaptive,w16,roll,63.82,74.34
0,adaptive,w16,aggressive_in_out,54.17,84.34
0,adaptive,w32,get,58.28,74.99
0,adaptive,w32,best,4.00,4.45
0,adaptive,w32,range8,19.94,22.09
0,adaptive,w32,set_working,38.33,39.64
0,adaptive,w32,reprice_to_top,99.41,112.11
0,adaptive,w32,roll,40.11,67.95
0,adaptive,w32,aggressive_in_out,37.28,66.86
0,adaptive,w128,get,33.91,39.26
0,adaptive,w128,best,2.00,2.80
0,adaptive,w128,range8,12.52,15.19
0,adaptive,w128,set_working,43.17,45.83
0,adaptive,w128,reprice_to_top,89.47,178.32
0,adaptive,w128,roll,48.50,49.07
0,adaptive,w128,aggressive_in_out,51.70,80.90
0,adaptive,w512,get,43.47,47.07
0,adaptive,w512,best,1.71,1.71
0,adaptive,w512,range8,14.74,14.82
0,adaptive,w512,set_working,54.38,61.89
0,adaptive,w512,reprice_to_top,132.55,318.76
0,adaptive,w512,roll,100.86,107.12
0,adaptive,w512,aggressive_in_out,96.68,100.81
0,adaptive,rolling_4,update,104.88,118.58
0,adaptive,rolling_4,query,16.10,18.58
0,adaptive,outliers_4,update,113.58,119.92
0,adaptive,outliers_4,query,17.63,19.03
0,adaptive,jump_4,update,112.73,129.56
0,adaptive,jump_4,query,15.69,20.32
0,adaptive,rolling_16,update,93.32,114.23
0,adaptive,rolling_16,query,20.11,24.67
0,adaptive,outliers_16,update,89.68,105.86
0,adaptive,outliers_16,query,29.23,30.55
0,adaptive,jump_16,update,66.81,80.80
0,adaptive,jump_16,query,13.88,25.60
0,adaptive,rolling_32,update,59.89,91.20
0,adaptive,rolling_32,query,35.56,39.06
0,adaptive,outliers_32,update,60.57,100.29
0,adaptive,outliers_32,query,41.02,44.10
0,adaptive,jump_32,update,104.42,133.98
0,adaptive,jump_32,query,36.11,38.16
0,adaptive,rolling_128,update,62.08,72.93
0,adaptive,rolling_128,query,56.71,66.26
0,adaptive,outliers_128,update,98.72,106.17
0,adaptive,outliers_128,query,57.33,59.64
0,adaptive,jump_128,update,98.07,163.28
0,adaptive,jump_128,query,47.22,50.49
0,adaptive,4096books,query,58.89,107.59
0,adaptive,4096books,update,564.82,712.49
0,adaptive,new_books,first_insert,443.57,801.85
0,window64,w4,get,7.85,8.34
0,window64,w4,best,2.44,2.45
0,window64,w4,range8,7.15,7.16
0,window64,w4,set_working,5.68,5.69
0,window64,w4,reprice_to_top,43.77,44.67
0,window64,w4,roll,35.12,36.03
0,window64,w4,aggressive_in_out,37.32,37.94
0,window64,w16,get,6.18,6.88
0,window64,w16,best,3.18,3.18
0,window64,w16,range8,6.57,6.58
0,window64,w16,set_working,4.57,5.66
0,window64,w16,reprice_to_top,11.72,18.38
0,window64,w16,roll,9.85,9.99
0,window64,w16,aggressive_in_out,36.06,36.54
0,window64,w32,get,5.23,5.69
0,window64,w32,best,3.18,3.19
0,window64,w32,range8,6.27,6.28
0,window64,w32,set_working,3.16,3.38
0,window64,w32,reprice_to_top,20.83,27.25
0,window64,w32,roll,9.87,10.08
0,window64,w32,aggressive_in_out,35.83,62.07
0,window64,w128,get,23.50,26.63
0,window64,w128,best,3.18,3.19
0,window64,w128,range8,12.75,12.80
0,window64,w128,set_working,28.79,30.66
0,window64,w128,reprice_to_top,62.46,83.03
0,window64,w128,roll,45.24,46.77
0,window64,w128,aggressive_in_out,43.62,44.14
0,window64,w512,get,39.16,41.59
0,window64,w512,best,3.04,3.04
0,window64,w512,range8,15.16,15.23
0,window64,w512,set_working,48.94,50.72
0,window64,w512,reprice_to_top,112.45,127.21
0,window64,w512,roll,55.31,57.55
0,window64,w512,aggressive_in_out,57.96,58.58
0,window64,rolling_4,update,60.30,60.58
0,window64,rolling_4,query,9.61,9.65
0,window64,outliers_4,update,63.02,63.52
0,window64,outliers_4,query,10.64,17.80
0,window64,jump_4,update,63.43,63.75
0,window64,jump_4,query,9.68,9.84
0,window64,rolling_16,update,52.83,53.23
0,window64,rolling_16,query,6.24,6.27
0,window64,outliers_16,update,52.95,53.19
0,window64,outliers_16,query,6.25,6.29
0,window64,jump_16,update,59.06,59.55
0,window64,jump_16,query,6.24,6.27
0,window64,rolling_32,update,52.85,53.36
0,window64,rolling_32,query,6.27,6.30
0,window64,outliers_32,update,52.20,52.45
0,window64,outliers_32,query,6.26,6.29
0,window64,jump_32,update,64.21,126.89
0,window64,jump_32,query,11.66,121.04
0,window64,rolling_128,update,61.66,612.87
0,window64,rolling_128,query,32.18,38.61
0,window64,outliers_128,update,57.27,101.36
0,window64,outliers_128,query,37.21,187.12
0,window64,jump_128,update,95.80,164.56
0,window64,jump_128,query,36.52,42.41
0,window64,4096books,query,77.92,142.34
0,window64,4096books,update,585.30,746.08
0,window64,new_books,first_insert,531.06,754.51
0,window128,w4,get,7.95,11.29
0,window128,w4,best,4.50,4.82
0,window128,w4,range8,6.91,6.95
0,window128,w4,set_working,6.27,10.46
0,window128,w4,reprice_to_top,70.96,83.54
0,window128,w4,roll,69.53,82.22
0,window128,w4,aggressive_in_out,65.70,82.24
0,window128,w16,get,8.60,9.67
0,window128,w16,best,9.03,10.40
0,window128,w16,range8,22.10,26.38
0,window128,w16,set_working,7.45,8.75
0,window128,w16,reprice_to_top,18.66,22.36
0,window128,w16,roll,16.09,20.78
0,window128,w16,aggressive_in_out,60.82,70.36
0,window128,w32,get,7.38,8.40
0,window128,w32,best,9.70,11.27
0,window128,w32,range8,21.84,25.72
0,window128,w32,set_working,7.39,8.25
0,window128,w32,reprice_to_top,13.70,25.51
0,window128,w32,roll,9.62,12.28
0,window128,w32,aggressive_in_out,35.52,58.02
0,window128,w128,get,7.09,8.05
0,window128,w128,best,5.20,9.58
0,window128,w128,range8,12.24,19.58
0,window128,w128,set_working,4.83,5.25
0,window128,w128,reprice_to_top,47.42,63.50
0,window128,w128,roll,41.32,41.96
0,window128,w128,aggressive_in_out,46.35,70.48
0,window128,w512,get,35.49,38.36
0,window128,w512,best,5.12,5.14
0,window128,w512,range8,15.43,15.48
0,window128,w512,set_working,44.89,46.64
0,window128,w512,reprice_to_top,103.88,112.58
0,window128,w512,roll,59.80,61.27
0,window128,w512,aggressive_in_out,57.80,58.12
0,window128,rolling_4,update,61.37,98.36
0,window128,rolling_4,query,9.49,9.63
0,window128,outliers_4,update,63.83,348.19
0,window128,outliers_4,query,10.84,10.88
0,window128,jump_4,update,63.88,64.27
0,window128,jump_4,query,9.48,9.53
0,window128,rolling_16,update,54.56,55.07
0,window128,rolling_16,query,7.34,7.38
0,window128,outliers_16,update,53.34,83.76
0,window128,outliers_16,query,7.34,11.19
0,window128,jump_16,update,60.73,63.98
0,window128,jump_16,query,7.30,7.33
0,window128,rolling_32,update,53.14,53.62
0,window128,rolling_32,query,7.36,7.41
0,window128,outliers_32,update,74.73,99.11
0,window128,outliers_32,query,7.34,7.39
0,window128,jump_32,update,64.34,79.22
0,window128,jump_32,query,7.34,7.39
0,window128,rolling_128,update,55.01,57.01
0,window128,rolling_128,query,9.57,9.99
0,window128,outliers_128,update,54.07,55.29
0,window128,outliers_128,query,11.01,11.85
0,window128,jump_128,update,58.38,89.87
0,window128,jump_128,query,26.55,31.93
0,window128,4096books,query,58.38,139.33
0,window128,4096books,update,656.38,997.62
0,window128,new_books,first_insert,626.70,865.46
1,pool_pages,w4,get,10.77,12.25
1,pool_pages,w4,best,6.12,6.13
1,pool_pages,w4,range8,8.02,8.04
1,pool_pages,w4,set_working,14.86,16.66
1,pool_pages,w4,reprice_to_top,22.59,34.21
1,pool_pages,w4,roll,20.33,20.76
1,pool_pages,w4,aggressive_in_out,169.80,227.95
1,pool_pages,w16,get,11.68,12.18
1,pool_pages,w16,best,14.84,15.15
1,pool_pages,w16,range8,20.07,20.74
1,pool_pages,w16,set_working,18.40,19.37
1,pool_pages,w16,reprice_to_top,57.35,58.93
1,pool_pages,w16,roll,46.05,49.23
1,pool_pages,w16,aggressive_in_out,113.21,209.79
1,pool_pages,w32,get,7.34,7.87
1,pool_pages,w32,best,9.33,14.91
1,pool_pages,w32,range8,20.43,20.48
1,pool_pages,w32,set_working,18.04,18.65
1,pool_pages,w32,reprice_to_top,59.76,62.36
1,pool_pages,w32,roll,52.55,53.75
1,pool_pages,w32,aggressive_in_out,230.34,256.13
1,pool_pages,w128,get,15.04,15.65
1,pool_pages,w128,best,14.71,15.21
1,pool_pages,w128,range8,19.78,20.35
1,pool_pages,w128,set_working,19.71,20.52
1,pool_pages,w128,reprice_to_top,72.73,90.53
1,pool_pages,w128,roll,52.84,54.27
1,pool_pages,w128,aggressive_in_out,236.56,257.44
1,pool_pages,w512,get,20.21,20.71
1,pool_pages,w512,best,16.82,16.95
1,pool_pages,w512,range8,20.34,20.49
1,pool_pages,w512,set_working,25.77,26.70
1,pool_pages,w512,reprice_to_top,88.73,95.08
1,pool_pages,w512,roll,63.43,63.99
1,pool_pages,w512,aggressive_in_out,267.08,332.47
1,pool_pages,rolling_4,update,119.11,133.05
1,pool_pages,rolling_4,query,19.91,23.00
1,pool_pages,outliers_4,update,121.17,123.24
1,pool_pages,outliers_4,query,23.20,23.92
1,pool_pages,jump_4,update,133.96,181.43
1,pool_pages,jump_4,query,18.14,18.68
1,pool_pages,rolling_16,update,112.02,116.93
1,pool_pages,rolling_16,query,19.90,20.28
1,pool_pages,outliers_16,update,111.27,126.08
1,pool_pages,outliers_16,query,20.66,20.89
1,pool_pages,jump_16,update,124.03,152.93
1,pool_pages,jump_16,query,18.66,18.72
1,pool_pages,rolling_32,update,110.34,126.49
1,pool_pages,rolling_32,query,19.88,20.00
1,pool_pages,outliers_32,update,111.69,114.25
1,pool_pages,outliers_32,query,20.48,20.60
1,pool_pages,jump_32,update,123.05,140.67
1,pool_pages,jump_32,query,18.27,18.71
1,pool_pages,rolling_128,update,91.52,108.59
1,pool_pages,rolling_128,query,15.96,16.64
1,pool_pages,outliers_128,update,53.80,91.45
1,pool_pages,outliers_128,query,16.76,22.05
1,pool_pages,jump_128,update,54.41,82.10
1,pool_pages,jump_128,query,15.82,16.91
1,pool_pages,4096books,query,91.82,184.95
1,pool_pages,4096books,update,904.04,1169.19
1,pool_pages,new_books,first_insert,1577.88,2338.33
1,sorted_deque,w4,get,7.52,7.88
1,sorted_deque,w4,best,1.41,1.42
1,sorted_deque,w4,range8,6.28,11.82
1,sorted_deque,w4,set_working,4.22,4.22
1,sorted_deque,w4,reprice_to_top,36.96,38.09
1,sorted_deque,w4,roll,28.13,54.58
1,sorted_deque,w4,aggressive_in_out,29.53,29.78
1,sorted_deque,w16,get,20.84,21.92
1,sorted_deque,w16,best,1.34,1.35
1,sorted_deque,w16,range8,8.94,9.02
1,sorted_deque,w16,set_working,21.59,22.37
1,sorted_deque,w16,reprice_to_top,54.38,56.22
1,sorted_deque,w16,roll,31.14,49.70
1,sorted_deque,w16,aggressive_in_out,27.79,46.60
1,sorted_deque,w32,get,24.62,26.45
1,sorted_deque,w32,best,1.41,1.42
1,sorted_deque,w32,range8,11.58,15.12
1,sorted_deque,w32,set_working,27.34,31.26
1,sorted_deque,w32,reprice_to_top,63.75,131.37
1,sorted_deque,w32,roll,35.05,61.50
1,sorted_deque,w32,aggressive_in_out,32.82,33.57
1,sorted_deque,w128,get,34.09,37.79
1,sorted_deque,w128,best,1.34,2.71
1,sorted_deque,w128,range8,11.95,12.03
1,sorted_deque,w128,set_working,39.44,45.59
1,sorted_deque,w128,reprice_to_top,86.63,116.16
1,sorted_deque,w128,roll,42.48,43.03
1,sorted_deque,w128,aggressive_in_out,46.89,78.16
1,sorted_deque,w512,get,49.98,55.01
1,sorted_deque,w512,best,1.42,1.43
1,sorted_deque,w512,range8,14.24,14.30
1,sorted_deque,w512,set_working,50.14,55.00
1,sorted_deque,w512,reprice_to_top,124.95,174.45
1,sorted_deque,w512,roll,52.76,53.25
1,sorted_deque,w512,aggressive_in_out,53.09,94.42
1,sorted_deque,rolling_4,update,58.38,107.27
1,sorted_deque,rolling_4,query,8.32,8.38
1,sorted_deque,outliers_4,update,61.05,61.88
1,sorted_deque,outliers_4,query,9.89,9.96
1,sorted_deque,jump_4,update,61.24,72.19
1,sorted_deque,jump_4,query,8.32,8.34
1,sorted_deque,rolling_16,update,58.43,96.63
1,sorted_deque,rolling_16,query,16.29,24.38
1,sorted_deque,outliers_16,update,54.33,98.39
1,sorted_deque,outliers_16,query,30.75,36.76
1,sorted_deque,jump_16,update,63.57,103.57
1,sorted_deque,jump_16,query,13.38,20.59
1,sorted_deque,rolling_32,update,54.23,89.88
1,sorted_deque,rolling_32,query,41.64,53.89
1,sorted_deque,outliers_32,update,93.60,111.73
1,sorted_deque,outliers_32,query,41.53,43.70
1,sorted_deque,jump_32,update,103.14,116.47
1,sorted_deque,jump_32,query,41.87,43.62
1,sorted_deque,rolling_128,update,96.16,101.61
1,sorted_deque,rolling_128,query,49.54,57.67
1,sorted_deque,outliers_128,update,95.97,106.43
1,sorted_deque,outliers_128,query,54.29,58.59
1,sorted_deque,jump_128,update,61.95,131.63
1,sorted_deque,jump_128,query,59.20,62.27
1,sorted_deque,4096books,query,100.77,207.70
1,sorted_deque,4096books,update,930.57,1103.56
1,sorted_deque,new_books,first_insert,682.68,889.78
1,adaptive,w4,get,11.20,12.64
1,adaptive,w4,best,3.18,4.07
1,adaptive,w4,range8,11.96,14.19
1,adaptive,w4,set_working,10.34,12.27
1,adaptive,w4,reprice_to_top,66.23,72.38
1,adaptive,w4,roll,65.44,74.63
1,adaptive,w4,aggressive_in_out,66.17,74.78
1,adaptive,w16,get,24.48,26.31
1,adaptive,w16,best,3.17,4.00
1,adaptive,w16,range8,14.95,17.60
1,adaptive,w16,set_working,28.34,29.85
1,adaptive,w16,reprice_to_top,81.72,95.88
1,adaptive,w16,roll,68.41,77.02
1,adaptive,w16,aggressive_in_out,59.93,66.74
1,adaptive,w32,get,28.76,30.40
1,adaptive,w32,best,3.12,3.98
1,adaptive,w32,range8,16.05,18.43
1,adaptive,w32,set_working,34.48,35.96
1,adaptive,w32,reprice_to_top,95.55,101.98
1,adaptive,w32,roll,75.35,82.75
1,adaptive,w32,aggressive_in_out,67.42,74.95
1,adaptive,w128,get,39.41,41.80
1,adaptive,w128,best,3.19,3.94
1,adaptive,w128,range8,19.87,21.91
1,adaptive,w128,set_working,49.57,51.94
1,adaptive,w128,reprice_to_top,128.14,140.81
1,adaptive,w128,roll,83.83,92.79
1,adaptive,w128,aggressive_in_out,51.71,97.26
1,adaptive,w512,get,42.97,45.41
1,adaptive,w512,best,1.71,1.71
1,adaptive,w512,range8,14.74,14.80
1,adaptive,w512,set_working,53.72,54.90
1,adaptive,w512,reprice_to_top,126.93,145.14
1,adaptive,w512,roll,58.01,58.42
1,adaptive,w512,aggressive_in_out,56.68,57.14
1,adaptive,rolling_4,update,64.22,64.95
1,adaptive,rolling_4,query,9.22,9.26
1,adaptive,outliers_4,update,120.45,129.36
1,adaptive,outliers_4,query,20.90,21.86
1,adaptive,jump_4,update,121.64,132.03
1,adaptive,jump_4,query,16.61,18.71
1,adaptive,rolling_16,update,113.00,121.90
1,adaptive,rolling_16,query,22.82,24.77
1,adaptive,outliers_16,update,98.40,105.68
1,adaptive,outliers_16,query,34.86,36.63
1,adaptive,jump_16,update,111.10,119.26
1,adaptive,jump_16,query,22.16,24.43
1,adaptive,rolling_32,update,97.53,106.68
1,adaptive,rolling_32,query,41.41,43.95
1,adaptive,outliers_32,update,100.68,107.56
1,adaptive,outliers_32,query,41.47,43.65
1,adaptive,jump_32,update,107.09,123.67
1,adaptive,jump_32,query,41.93,43.96
1,adaptive,rolling_128,update,100.60,106.99
1,adaptive,rolling_128,query,56.22,60.07
1,adaptive,outliers_128,update,102.64,115.97
1,adaptive,outliers_128,query,56.54,58.82
1,adaptive,jump_128,update,103.37,164.25
1,adaptive,jump_128,query,57.86,60.69
1,adaptive,4096books,query,109.78,212.17
1,adaptive,4096books,update,1006.10,1159.84
1,adaptive,new_books,first_insert,790.28,1019.03
1,window64,w4,get,10.41,11.13
1,window64,w4,best,4.20,4.43
1,window64,w4,range8,10.99,11.80
1,window64,w4,set_working,9.59,10.61
1,window64,w4,reprice_to_top,67.36,75.43
1,window64,w4,roll,61.21,75.77
1,window64,w4,aggressive_in_out,62.57,82.55
1,window64,w16,get,7.11,8.05
1,window64,w16,best,5.03,5.74
1,window64,w16,range8,9.39,11.05
1,window64,w16,set_working,5.14,6.53
1,window64,w16,reprice_to_top,17.67,18.80
1,window64,w16,roll,16.14,16.89
1,window64,w16,aggressive_in_out,51.56,59.44
1,window64,w32,get,5.96,7.16
1,window64,w32,best,5.23,5.68
1,window64,w32,range8,9.92,10.85
1,window64,w32,set_working,4.48,5.20
1,window64,w32,reprice_to_top,30.92,34.22
1,window64,w32,roll,16.32,17.88
1,window64,w32,aggressive_in_out,58.43,93.88
1,window64,w128,get,26.70,28.61
1,window64,w128,best,5.51,6.52
1,window64,w128,range8,19.00,23.30
1,window64,w128,set_working,32.37,34.88
1,window64,w128,reprice_to_top,81.27,89.18
1,window64,w128,roll,73.93,91.80
1,window64,w128,aggressive_in_out,68.30,80.32
1,window64,w512,get,39.34,47.52
1,window64,w512,best,3.04,3.18
1,window64,w512,range8,19.63,23.26
1,window64,w512,set_working,56.86,61.98
1,window64,w512,reprice_to_top,161.77,252.93
1,window64,w512,roll,109.96,224.66
1,window64,w512,aggressive_in_out,97.77,115.89
1,window64,rolling_4,update,120.13,138.44
1,window64,rolling_4,query,15.68,25.65
1,window64,outliers_4,update,105.85,242.14
1,window64,outliers_4,query,16.98,22.86
1,window64,jump_4,update,122.98,160.43
1,window64,jump_4,query,25.19,29.56
1,window64,rolling_16,update,91.79,118.45
1,window64,rolling_16,query,9.75,10.93
1,window64,outliers_16,update,98.04,107.77
1,window64,outliers_16,query,11.09,11.84
1,window64,jump_16,update,104.23,108.75
1,window64,jump_16,query,9.98,10.75
1,window64,rolling_32,update,90.72,109.93
1,window64,rolling_32,query,9.62,12.14
1,window64,outliers_32,update,94.32,109.79
1,window64,outliers_32,query,9.82,12.31
1,window64,jump_32,update,102.68,137.06
1,window64,jump_32,query,16.31,18.56
1,window64,rolling_128,update,93.47,125.12
1,window64,rolling_128,query,45.69,50.35
1,window64,outliers_128,update,105.21,120.93
1,window64,outliers_128,query,48.38,54.36
1,window64,jump_128,update,95.87,171.69
1,window64,jump_128,query,42.47,46.38
1,window64,4096books,query,126.58,239.16
1,window64,4096books,update,1161.72,1341.13
1,window64,new_books,first_insert,629.24,818.54
1,window128,w4,get,8.12,8.50
1,window128,w4,best,2.89,2.89
1,window128,w4,range8,7.45,7.45
1,window128,w4,set_working,5.69,5.69
1,window128,w4,reprice_to_top,42.75,43.90
1,window128,w4,roll,35.21,35.97
1,window128,w4,aggressive_in_out,38.17,61.99
1,window128,w16,get,6.49,7.10
1,window128,w16,best,5.12,5.14
1,window128,w16,range8,12.33,12.36
1,window128,w16,set_working,4.89,5.11
1,window128,w16,reprice_to_top,11.28,11.59
1,window128,w16,roll,9.61,16.79
1,window128,w16,aggressive_in_out,31.26,33.07
1,window128,w32,get,5.51,5.98
1,window128,w32,best,5.13,5.15
1,window128,w32,range8,12.32,12.38
1,window128,w32,set_working,4.21,4.42
1,window128,w32,reprice_to_top,13.13,14.07
1,window128,w32,roll,9.62,9.70
1,window128,w32,aggressive_in_out,31.09,31.91
1,window128,w128,get,7.02,7.81
1,window128,w128,best,5.12,5.15
1,window128,w128,range8,12.19,12.26
1,window128,w128,set_working,4.82,5.18
1,window128,w128,reprice_to_top,47.23,49.82
1,window128,w128,roll,41.39,42.27
1,window128,w128,aggressive_in_out,45.11,45.48
1,window128,w512,get,35.70,37.51
1,window128,w512,best,5.12,5.14
1,window128,w512,range8,15.42,15.47
1,window128,w512,set_working,44.95,46.84
1,window128,w512,reprice_to_top,103.91,113.08
1,window128,w512,roll,59.83,61.26
1,window128,w512,aggressive_in_out,57.76,58.15
1,window128,rolling_4,update,61.41,61.81
1,window128,rolling_4,query,9.48,9.59
1,window128,outliers_4,update,64.00,64.41
1,window128,outliers_4,query,10.84,10.87
1,window128,jump_4,update,63.99,64.66
1,window128,jump_4,query,9.48,9.52
1,window128,rolling_16,update,53.68,54.13
1,window128,rolling_16,query,7.38,7.43
1,window128,outliers_16,update,53.43,53.83
1,window128,outliers_16,query,7.33,7.37
1,window128,jump_16,update,60.01,84.03
1,window128,jump_16,query,7.37,7.42
1,window128,rolling_32,update,53.37,77.73
1,window128,rolling_32,query,11.28,15.45
1,window128,outliers_32,update,80.53,117.99
1,window128,outliers_32,query,7.34,7.39
1,window128,jump_32,update,64.45,79.80
1,window128,jump_32,query,7.36,7.41
1,window128,rolling_128,update,54.30,56.55
1,window128,rolling_128,query,9.52,9.95
1,window128,outliers_128,update,54.90,56.63
1,window128,outliers_128,query,10.98,11.80
1,window128,jump_128,update,57.55,88.50
1,window128,jump_128,query,26.23,28.01
1,window128,4096books,query,56.90,122.29
1,window128,4096books,update,583.43,739.01
1,window128,new_books,first_insert,534.21,761.00
1,absl_btree,w4,get,13.95,14.35
1,absl_btree,w4,best,1.57,1.57
1,absl_btree,w4,range8,7.45,7.45
1,absl_btree,w4,set_working,18.77,19.95
1,absl_btree,w4,reprice_to_top,48.14,69.17
1,absl_btree,w4,roll,32.66,54.19
1,absl_btree,w4,aggressive_in_out,36.20,37.09
1,absl_btree,w16,get,19.58,20.57
1,absl_btree,w16,best,1.57,1.57
1,absl_btree,w16,range8,12.20,12.50
1,absl_btree,w16,set_working,25.56,26.88
1,absl_btree,w16,reprice_to_top,78.68,103.72
1,absl_btree,w16,roll,50.11,83.40
1,absl_btree,w16,aggressive_in_out,50.07,53.93
1,absl_btree,w32,get,22.78,23.76
1,absl_btree,w32,best,1.56,1.56
1,absl_btree,w32,range8,13.38,13.39
1,absl_btree,w32,set_working,29.41,31.13
1,absl_btree,w32,reprice_to_top,121.11,148.68
1,absl_btree,w32,roll,64.99,65.78
1,absl_btree,w32,aggressive_in_out,53.52,53.88
1,absl_btree,w128,get,29.53,34.71
1,absl_btree,w128,best,1.56,1.56
1,absl_btree,w128,range8,14.80,14.83
1,absl_btree,w128,set_working,42.06,43.95
1,absl_btree,w128,reprice_to_top,206.02,280.90
1,absl_btree,w128,roll,128.25,156.73
1,absl_btree,w128,aggressive_in_out,60.61,61.60
1,absl_btree,w512,get,37.59,41.50
1,absl_btree,w512,best,2.47,2.84
1,absl_btree,w512,range8,14.51,14.52
1,absl_btree,w512,set_working,49.67,54.63
1,absl_btree,w512,reprice_to_top,244.64,318.91
1,absl_btree,w512,roll,154.30,173.38
1,absl_btree,w512,aggressive_in_out,85.49,95.78
1,absl_btree,rolling_4,update,61.27,96.56
1,absl_btree,rolling_4,query,17.17,17.67
1,absl_btree,outliers_4,update,61.73,64.58
1,absl_btree,outliers_4,query,17.91,18.41
1,absl_btree,jump_4,update,66.15,66.96
1,absl_btree,jump_4,query,17.08,17.62
1,absl_btree,rolling_16,update,56.38,59.56
1,absl_btree,rolling_16,query,28.23,28.98
1,absl_btree,outliers_16,update,55.96,57.16
1,absl_btree,outliers_16,query,28.64,29.36
1,absl_btree,jump_16,update,63.21,112.41
1,absl_btree,jump_16,query,27.06,27.65
1,absl_btree,rolling_32,update,55.36,56.91
1,absl_btree,rolling_32,query,30.65,31.38
1,absl_btree,outliers_32,update,55.77,89.56
1,absl_btree,outliers_32,query,31.65,34.97
1,absl_btree,jump_32,update,83.19,143.72
1,absl_btree,jump_32,query,33.54,37.90
1,absl_btree,rolling_128,update,57.86,63.04
1,absl_btree,rolling_128,query,40.69,43.18
1,absl_btree,outliers_128,update,57.88,59.79
1,absl_btree,outliers_128,query,40.86,46.66
1,absl_btree,jump_128,update,58.02,168.23
1,absl_btree,jump_128,query,40.55,43.11
1,absl_btree,4096books,query,79.42,156.81
1,absl_btree,4096books,update,1037.54,1217.98
1,absl_btree,new_books,first_insert,602.19,905.35
2,sorted_deque,w4,get,10.52,11.50
2,sorted_deque,w4,best,2.31,2.80
2,sorted_deque,w4,range8,10.12,11.48
2,sorted_deque,w4,set_working,7.20,8.21
2,sorted_deque,w4,reprice_to_top,58.96,65.09
2,sorted_deque,w4,roll,54.26,62.63
2,sorted_deque,w4,aggressive_in_out,53.00,66.60
2,sorted_deque,w16,get,24.25,26.50
2,sorted_deque,w16,best,2.20,2.92
2,sorted_deque,w16,range8,15.04,17.10
2,sorted_deque,w16,set_working,25.95,28.07
2,sorted_deque,w16,reprice_to_top,78.42,82.63
2,sorted_deque,w16,roll,59.81,71.64
2,sorted_deque,w16,aggressive_in_out,59.93,67.85
2,sorted_deque,w32,get,30.41,32.23
2,sorted_deque,w32,best,2.95,3.21
2,sorted_deque,w32,range8,16.97,18.87
2,sorted_deque,w32,set_working,31.26,34.14
2,sorted_deque,w32,reprice_to_top,91.68,97.18
2,sorted_deque,w32,roll,67.61,77.70
2,sorted_deque,w32,aggressive_in_out,68.50,75.11
2,sorted_deque,w128,get,41.05,44.37
2,sorted_deque,w128,best,2.68,3.13
2,sorted_deque,w128,range8,18.73,21.70
2,sorted_deque,w128,set_working,46.54,50.86
2,sorted_deque,w128,reprice_to_top,128.62,139.48
2,sorted_deque,w128,roll,60.30,94.08
2,sorted_deque,w128,aggressive_in_out,65.00,71.68
2,sorted_deque,w512,get,53.05,55.91
2,sorted_deque,w512,best,2.68,3.19
2,sorted_deque,w512,range8,21.84,24.11
2,sorted_deque,w512,set_working,49.58,60.05
2,sorted_deque,w512,reprice_to_top,193.14,232.77
2,sorted_deque,w512,roll,92.13,109.05
2,sorted_deque,w512,aggressive_in_out,93.60,109.21
2,sorted_deque,rolling_4,update,99.27,113.59
2,sorted_deque,rolling_4,query,14.45,16.42
2,sorted_deque,outliers_4,update,61.49,116.59
2,sorted_deque,outliers_4,query,15.53,18.71
2,sorted_deque,jump_4,update,61.18,108.58
2,sorted_deque,jump_4,query,14.93,16.53
2,sorted_deque,rolling_16,update,103.53,112.42
2,sorted_deque,rolling_16,query,20.66,22.12
2,sorted_deque,outliers_16,update,101.79,113.79
2,sorted_deque,outliers_16,query,36.85,39.41
2,sorted_deque,jump_16,update,113.15,124.21
2,sorted_deque,jump_16,query,21.20,23.40
2,sorted_deque,rolling_32,update,101.73,107.21
2,sorted_deque,rolling_32,query,43.79,45.50
2,sorted_deque,outliers_32,update,92.58,110.14
2,sorted_deque,outliers_32,query,44.74,46.50
2,sorted_deque,jump_32,update,104.30,120.40
2,sorted_deque,jump_32,query,43.16,46.02
2,sorted_deque,rolling_128,update,103.70,109.32
2,sorted_deque,rolling_128,query,60.70,63.80
2,sorted_deque,outliers_128,update,106.30,115.09
2,sorted_deque,outliers_128,query,60.09,64.54
2,sorted_deque,jump_128,update,109.53,216.49
2,sorted_deque,jump_128,query,61.23,64.82
2,sorted_deque,4096books,query,109.96,192.76
2,sorted_deque,4096books,update,992.17,1210.86
2,sorted_deque,new_books,first_insert,695.50,948.04
2,adaptive,w4,get,7.57,7.96
2,adaptive,w4,best,1.71,1.72
2,adaptive,w4,range8,6.86,6.86
2,adaptive,w4,set_working,5.39,5.40
2,adaptive,w4,reprice_to_top,42.34,43.64
2,adaptive,w4,roll,35.61,36.03
2,adaptive,w4,aggressive_in_out,34.71,35.47
2,adaptive,w16,get,21.18,21.98
2,adaptive,w16,best,1.71,1.71
2,adaptive,w16,range8,9.54,9.56
2,adaptive,w16,set_working,24.79,25.51
2,adaptive,w16,reprice_to_top,58.79,107.43
2,adaptive,w16,roll,36.57,36.94
2,adaptive,w16,aggressive_in_out,32.29,32.48
2,adaptive,w32,get,25.04,27.60
2,adaptive,w32,best,1.86,1.86
2,adaptive,w32,range8,10.52,10.57
2,adaptive,w32,set_working,29.96,31.07
2,adaptive,w32,reprice_to_top,67.73,69.09
2,adaptive,w32,roll,40.13,40.66
2,adaptive,w32,aggressive_in_out,37.23,37.54
2,adaptive,w128,get,34.59,35.92
2,adaptive,w128,best,1.71,1.71
2,adaptive,w128,range8,12.52,12.57
2,adaptive,w128,set_working,43.55,47.84
2,adaptive,w128,reprice_to_top,110.66,133.35
2,adaptive,w128,roll,48.16,48.64
2,adaptive,w128,aggressive_in_out,46.66,51.64
2,adaptive,w512,get,43.78,51.61
2,adaptive,w512,best,1.71,1.71
2,adaptive,w512,range8,14.74,14.79
2,adaptive,w512,set_working,53.94,61.47
2,adaptive,w512,reprice_to_top,127.96,267.94
2,adaptive,w512,roll,58.05,89.72
2,adaptive,w512,aggressive_in_out,56.79,57.27
2,adaptive,rolling_4,update,62.40,110.59
2,adaptive,rolling_4,query,9.23,9.27
2,adaptive,outliers_4,update,65.57,124.01
2,adaptive,outliers_4,query,10.31,10.35
2,adaptive,jump_4,update,65.43,112.07
2,adaptive,jump_4,query,9.23,9.27
2,adaptive,rolling_16,update,102.97,114.84
2,adaptive,rolling_16,query,27.20,27.92
2,adaptive,outliers_16,update,110.72,117.41
2,adaptive,outliers_16,query,36.82,39.26
2,adaptive,jump_16,update,125.80,135.47
2,adaptive,jump_16,query,23.44,26.34
2,adaptive,rolling_32,update,105.59,113.17
2,adaptive,rolling_32,query,42.66,45.40
2,adaptive,outliers_32,update,113.29,116.88
2,adaptive,outliers_32,query,44.63,47.39
2,adaptive,jump_32,update,115.17,135.66
2,adaptive,jump_32,query,44.16,46.44
2,adaptive,rolling_128,update,107.73,116.01
2,adaptive,rolling_128,query,60.61,62.93
2,adaptive,outliers_128,update,108.94,119.71
2,adaptive,outliers_128,query,61.11,64.04
2,adaptive,jump_128,update,114.05,180.16
2,adaptive,jump_128,query,48.86,59.71
2,adaptive,4096books,query,116.22,232.68
2,adaptive,4096books,update,766.94,1181.46
2,adaptive,new_books,first_insert,662.45,1072.29
2,window64,w4,get,7.87,8.26
2,window64,w4,best,4.12,4.43
2,window64,w4,range8,6.87,15.57
2,window64,w4,set_working,5.68,5.69
2,window64,w4,reprice_to_top,44.06,68.24
2,window64,w4,roll,35.89,41.20
2,window64,w4,aggressive_in_out,37.18,37.88
2,window64,w16,get,6.21,6.89
2,window64,w16,best,3.19,3.20
2,window64,w16,range8,6.27,6.28
2,window64,w16,set_working,3.79,4.10
2,window64,w16,reprice_to_top,11.43,12.24
2,window64,w16,roll,9.74,9.85
2,window64,w16,aggressive_in_out,36.18,36.70
2,window64,w32,get,4.98,5.48
2,window64,w32,best,3.32,3.34
2,window64,w32,range8,6.27,6.28
2,window64,w32,set_working,3.15,3.37
2,window64,w32,reprice_to_top,20.76,22.47
2,window64,w32,roll,9.84,9.98
2,window64,w32,aggressive_in_out,35.78,36.48
2,window64,w128,get,23.04,24.25
2,window64,w128,best,3.04,3.04
2,window64,w128,range8,12.76,12.81
2,window64,w128,set_working,29.45,30.81
2,window64,w128,reprice_to_top,62.13,91.98
2,window64,w128,roll,43.84,45.58
2,window64,w128,aggressive_in_out,43.48,43.95
2,window64,w512,get,38.41,40.54
2,window64,w512,best,3.04,3.04
2,window64,w512,range8,15.17,15.23
2,window64,w512,set_working,49.88,59.28
2,window64,w512,reprice_to_top,112.30,120.18
2,window64,w512,roll,76.66,125.25
2,window64,w512,aggressive_in_out,112.26,140.13
2,window64,rolling_4,update,118.21,127.98
2,window64,rolling_4,query,21.90,21.91
2,window64,outliers_4,update,128.64,204.80
2,window64,outliers_4,query,20.70,24.85
2,window64,jump_4,update,123.69,135.82
2,window64,jump_4,query,17.19,21.90
2,window64,rolling_16,update,101.53,110.33
2,window64,rolling_16,query,10.09,13.66
2,window64,outliers_16,update,101.80,110.73
2,window64,outliers_16,query,11.52,13.68
2,window64,jump_16,update,113.54,133.17
2,window64,jump_16,query,11.49,13.22
2,window64,rolling_32,update,100.37,110.25
2,window64,rolling_32,query,12.01,13.67
2,window64,outliers_32,update,105.45,112.50
2,window64,outliers_32,query,12.99,13.29
2,window64,jump_32,update,106.75,135.77
2,window64,jump_32,query,10.50,12.16
2,window64,rolling_128,update,106.20,117.54
2,window64,rolling_128,query,36.91,40.09
2,window64,outliers_128,update,59.49,104.38
2,window64,outliers_128,query,36.51,40.61
2,window64,jump_128,update,60.28,127.45
2,window64,jump_128,query,36.50,37.77
2,window64,4096books,query,117.73,241.93
2,window64,4096books,update,786.72,1157.66
2,window64,new_books,first_insert,672.85,921.76
2,window128,w4,get,7.92,8.29
2,window128,w4,best,2.73,2.73
2,window128,w4,range8,6.91,6.93
2,window128,w4,set_working,5.68,5.69
2,window128,w4,reprice_to_top,42.74,43.58
2,window128,w4,roll,35.68,58.13
2,window128,w4,aggressive_in_out,37.57,37.94
2,window128,w16,get,6.47,7.12
2,window128,w16,best,5.12,5.14
2,window128,w16,range8,12.34,12.38
2,window128,w16,set_working,4.81,5.10
2,window128,w16,reprice_to_top,11.38,11.73
2,window128,w16,roll,9.61,9.67
2,window128,w16,aggressive_in_out,31.03,71.58
2,window128,w32,get,5.55,6.08
2,window128,w32,best,5.12,5.14
2,window128,w32,range8,12.33,12.37
2,window128,w32,set_working,4.20,4.39
2,window128,w32,reprice_to_top,13.29,14.14
2,window128,w32,roll,9.59,9.62
2,window128,w32,aggressive_in_out,35.56,36.71
2,window128,w128,get,7.06,7.84
2,window128,w128,best,5.18,5.21
2,window128,w128,range8,12.23,12.27
2,window128,w128,set_working,7.23,8.64
2,window128,w128,reprice_to_top,47.65,67.97
2,window128,w128,roll,41.66,74.54
2,window128,w128,aggressive_in_out,46.28,61.28
2,window128,w512,get,40.62,45.93
2,window128,w512,best,5.12,9.99
2,window128,w512,range8,15.43,15.48
2,window128,w512,set_working,43.85,49.77
2,window128,w512,reprice_to_top,106.27,212.88
2,window128,w512,roll,59.93,61.33
2,window128,w512,aggressive_in_out,57.66,103.46
2,window128,rolling_4,update,60.23,100.89
2,window128,rolling_4,query,9.48,15.21
2,window128,outliers_4,update,63.29,110.14
2,window128,outliers_4,query,10.84,10.88
2,window128,jump_4,update,63.27,111.61
2,window128,jump_4,query,9.54,16.55
2,window128,rolling_16,update,53.56,87.39
2,window128,rolling_16,query,7.51,13.20
2,window128,outliers_16,update,53.07,91.76
2,window128,outliers_16,query,7.30,7.34
2,window128,jump_16,update,59.58,61.59
2,window128,jump_16,query,7.31,7.36
2,window128,rolling_32,update,53.06,53.59
2,window128,rolling_32,query,7.36,7.41
2,window128,outliers_32,update,52.99,81.02
2,window128,outliers_32,query,7.30,7.35
2,window128,jump_32,update,64.18,89.27
2,window128,jump_32,query,7.37,7.42
2,window128,rolling_128,update,54.36,57.03
2,window128,rolling_128,query,9.66,10.11
2,window128,outliers_128,update,54.75,58.46
2,window128,outliers_128,query,11.50,12.47
2,window128,jump_128,update,58.27,98.80
2,window128,jump_128,query,27.61,34.98
2,window128,4096books,query,87.72,146.70
2,window128,4096books,update,723.48,1022.43
2,window128,new_books,first_insert,679.17,918.87
2,absl_btree,w4,get,13.96,14.37
2,absl_btree,w4,best,1.57,1.58
2,absl_btree,w4,range8,6.87,7.20
2,absl_btree,w4,set_working,18.75,20.14
2,absl_btree,w4,reprice_to_top,47.72,48.88
2,absl_btree,w4,roll,31.60,31.97
2,absl_btree,w4,aggressive_in_out,37.12,44.03
2,absl_btree,w16,get,20.27,21.07
2,absl_btree,w16,best,1.56,1.57
2,absl_btree,w16,range8,12.44,12.45
2,absl_btree,w16,set_working,25.84,28.11
2,absl_btree,w16,reprice_to_top,79.00,117.36
2,absl_btree,w16,roll,50.66,51.45
2,absl_btree,w16,aggressive_in_out,50.17,50.70
2,absl_btree,w32,get,22.63,24.58
2,absl_btree,w32,best,1.56,1.57
2,absl_btree,w32,range8,13.66,13.95
2,absl_btree,w32,set_working,30.18,33.30
2,absl_btree,w32,reprice_to_top,121.79,165.89
2,absl_btree,w32,roll,64.65,105.19
2,absl_btree,w32,aggressive_in_out,55.91,91.57
2,absl_btree,w128,get,29.21,31.23
2,absl_btree,w128,best,1.57,1.57
2,absl_btree,w128,range8,22.29,35.09
2,absl_btree,w128,set_working,43.83,46.37
2,absl_btree,w128,reprice_to_top,204.59,293.46
2,absl_btree,w128,roll,167.77,209.69
2,absl_btree,w128,aggressive_in_out,68.48,114.07
2,absl_btree,w512,get,37.13,39.70
2,absl_btree,w512,best,1.56,1.57
2,absl_btree,w512,range8,14.56,20.72
2,absl_btree,w512,set_working,48.07,57.68
2,absl_btree,w512,reprice_to_top,243.96,369.02
2,absl_btree,w512,roll,154.09,222.03
2,absl_btree,w512,aggressive_in_out,84.11,138.48
2,absl_btree,rolling_4,update,60.83,113.37
2,absl_btree,rolling_4,query,26.57,40.50
2,absl_btree,outliers_4,update,128.67,184.24
2,absl_btree,outliers_4,query,22.80,23.57
2,absl_btree,jump_4,update,134.97,146.05
2,absl_btree,jump_4,query,22.45,23.16
2,absl_btree,rolling_16,update,110.68,115.43
2,absl_btree,rolling_16,query,28.59,31.51
2,absl_btree,outliers_16,update,56.26,90.31
2,absl_btree,outliers_16,query,28.54,31.62
2,absl_btree,jump_16,update,62.90,116.82
2,absl_btree,jump_16,query,26.93,30.33
2,absl_btree,rolling_32,update,56.29,66.90
2,absl_btree,rolling_32,query,31.02,31.84
2,absl_btree,outliers_32,update,55.41,78.50
2,absl_btree,outliers_32,query,31.71,32.46
2,absl_btree,jump_32,update,73.39,87.77
2,absl_btree,jump_32,query,31.28,32.18
2,absl_btree,rolling_128,update,59.48,76.73
2,absl_btree,rolling_128,query,41.09,45.56
2,absl_btree,outliers_128,update,80.99,106.02
2,absl_btree,outliers_128,query,40.46,45.95
2,absl_btree,jump_128,update,59.17,172.88
2,absl_btree,jump_128,query,40.44,41.98
2,absl_btree,4096books,query,74.57,146.58
2,absl_btree,4096books,update,1095.85,1321.53
2,absl_btree,new_books,first_insert,712.33,1039.00
2,pool_pages,w4,get,14.74,16.06
2,pool_pages,w4,best,12.59,15.06
2,pool_pages,w4,range8,14.09,16.64
2,pool_pages,w4,set_working,20.57,23.38
2,pool_pages,w4,reprice_to_top,44.60,53.95
2,pool_pages,w4,roll,41.28,50.08
2,pool_pages,w4,aggressive_in_out,218.09,307.62
2,pool_pages,w16,get,11.08,12.48
2,pool_pages,w16,best,11.89,13.84
2,pool_pages,w16,range8,15.83,20.12
2,pool_pages,w16,set_working,15.41,19.34
2,pool_pages,w16,reprice_to_top,52.71,59.12
2,pool_pages,w16,roll,43.30,52.60
2,pool_pages,w16,aggressive_in_out,215.22,316.02
2,pool_pages,w32,get,10.62,11.22
2,pool_pages,w32,best,10.26,12.78
2,pool_pages,w32,range8,16.26,19.33
2,pool_pages,w32,set_working,12.47,15.39
2,pool_pages,w32,reprice_to_top,52.73,60.98
2,pool_pages,w32,roll,35.75,43.99
2,pool_pages,w32,aggressive_in_out,215.40,336.19
2,pool_pages,w128,get,15.18,16.42
2,pool_pages,w128,best,12.03,15.01
2,pool_pages,w128,range8,15.04,18.62
2,pool_pages,w128,set_working,18.82,20.55
2,pool_pages,w128,reprice_to_top,66.18,75.03
2,pool_pages,w128,roll,42.55,49.05
2,pool_pages,w128,aggressive_in_out,210.86,334.14
2,pool_pages,w512,get,19.16,19.93
2,pool_pages,w512,best,13.12,15.03
2,pool_pages,w512,range8,12.16,15.48
2,pool_pages,w512,set_working,22.22,25.61
2,pool_pages,w512,reprice_to_top,87.84,100.28
2,pool_pages,w512,roll,44.82,58.77
2,pool_pages,w512,aggressive_in_out,227.84,367.62
2,pool_pages,rolling_4,update,101.22,110.03
2,pool_pages,rolling_4,query,21.27,24.26
2,pool_pages,outliers_4,update,107.45,125.69
2,pool_pages,outliers_4,query,21.26,22.41
2,pool_pages,jump_4,update,62.97,119.79
2,pool_pages,jump_4,query,14.04,18.96
2,pool_pages,rolling_16,update,53.88,90.73
2,pool_pages,rolling_16,query,11.17,11.50
2,pool_pages,outliers_16,update,53.79,54.46
2,pool_pages,outliers_16,query,11.48,11.76
2,pool_pages,jump_16,update,57.32,57.82
2,pool_pages,jump_16,query,9.48,9.54
2,pool_pages,rolling_32,update,53.02,53.41
2,pool_pages,rolling_32,query,10.40,10.66
2,pool_pages,outliers_32,update,53.36,53.87
2,pool_pages,outliers_32,query,10.74,11.00
2,pool_pages,jump_32,update,59.36,60.39
2,pool_pages,jump_32,query,9.50,9.54
2,pool_pages,rolling_128,update,53.91,54.37
2,pool_pages,rolling_128,query,16.02,16.58
2,pool_pages,outliers_128,update,53.97,54.33
2,pool_pages,outliers_128,query,16.46,17.16
2,pool_pages,jump_128,update,54.36,81.80
2,pool_pages,jump_128,query,15.87,16.38
2,pool_pages,4096books,query,93.68,180.64
2,pool_pages,4096books,update,870.02,1325.42
2,pool_pages,new_books,first_insert,1505.78,2240.08
3,adaptive,w4,get,7.75,8.30
3,adaptive,w4,best,1.86,1.86
3,adaptive,w4,range8,7.15,7.16
3,adaptive,w4,set_working,5.39,5.40
3,adaptive,w4,reprice_to_top,42.97,105.75
3,adaptive,w4,roll,49.68,68.43
3,adaptive,w4,aggressive_in_out,35.23,73.70
3,adaptive,w16,get,21.16,24.00
3,adaptive,w16,best,1.71,1.71
3,adaptive,w16,range8,9.52,9.56
3,adaptive,w16,set_working,25.49,27.03
3,adaptive,w16,reprice_to_top,59.29,65.80
3,adaptive,w16,roll,36.91,54.32
3,adaptive,w16,aggressive_in_out,32.39,48.96
3,adaptive,w32,get,25.79,27.88
3,adaptive,w32,best,2.71,3.38
3,adaptive,w32,range8,10.52,11.55
3,adaptive,w32,set_working,30.01,33.86
3,adaptive,w32,reprice_to_top,67.92,92.34
3,adaptive,w32,roll,39.87,68.29
3,adaptive,w32,aggressive_in_out,37.02,66.16
3,adaptive,w128,get,36.66,44.39
3,adaptive,w128,best,1.71,1.72
3,adaptive,w128,range8,12.52,12.61
3,adaptive,w128,set_working,43.50,44.72
3,adaptive,w128,reprice_to_top,88.97,129.39
3,adaptive,w128,roll,48.52,84.38
3,adaptive,w128,aggressive_in_out,75.59,106.72
3,adaptive,w512,get,60.44,63.47
3,adaptive,w512,best,2.83,3.32
3,adaptive,w512,range8,19.93,23.02
3,adaptive,w512,set_working,64.72,70.54
3,adaptive,w512,reprice_to_top,128.99,304.21
3,adaptive,w512,roll,58.38,99.85
3,adaptive,w512,aggressive_in_out,57.02,87.86
3,adaptive,rolling_4,update,62.89,98.76
3,adaptive,rolling_4,query,9.25,9.28
3,adaptive,outliers_4,update,78.89,127.07
3,adaptive,outliers_4,query,10.31,10.36
3,adaptive,jump_4,update,66.20,120.07
3,adaptive,jump_4,query,9.22,9.26
3,adaptive,rolling_16,update,62.25,107.50
3,adaptive,rolling_16,query,14.04,14.11
3,adaptive,outliers_16,update,59.57,95.82
3,adaptive,outliers_16,query,29.39,34.70
3,adaptive,jump_16,update,66.72,102.17
3,adaptive,jump_16,query,14.09,22.00
3,adaptive,rolling_32,update,62.79,103.74
3,adaptive,rolling_32,query,36.08,43.86
3,adaptive,outliers_32,update,59.83,100.51
3,adaptive,outliers_32,query,43.24,48.43
3,adaptive,jump_32,update,65.81,97.05
3,adaptive,jump_32,query,35.06,36.12
3,adaptive,rolling_128,update,63.59,97.93
3,adaptive,rolling_128,query,48.07,56.29
3,adaptive,outliers_128,update,69.92,107.58
3,adaptive,outliers_128,query,47.95,58.76
3,adaptive,jump_128,update,63.06,138.66
3,adaptive,jump_128,query,53.69,63.14
3,adaptive,4096books,query,98.95,160.26
3,adaptive,4096books,update,781.02,1137.81
3,adaptive,new_books,first_insert,771.92,1225.28
3,window64,w4,get,7.86,8.32
3,window64,w4,best,4.28,4.68
3,window64,w4,range8,6.86,15.60
3,window64,w4,set_working,9.34,10.62
3,window64,w4,reprice_to_top,68.34,85.36
3,window64,w4,roll,64.68,79.41
3,window64,w4,aggressive_in_out,74.23,84.64
3,window64,w16,get,7.84,9.09
3,window64,w16,best,5.29,6.57
3,window64,w16,range8,10.57,13.09
3,window64,w16,set_working,5.85,6.65
3,window64,w16,reprice_to_top,21.26,23.79
3,window64,w16,roll,17.07,26.41
3,window64,w16,aggressive_in_out,53.88,87.82
3,window64,w32,get,6.89,8.07
3,window64,w32,best,5.98,7.61
3,window64,w32,range8,11.10,12.51
3,window64,w32,set_working,4.78,5.46
3,window64,w32,reprice_to_top,34.10,40.27
3,window64,w32,roll,15.96,19.65
3,window64,w32,aggressive_in_out,52.67,60.12
3,window64,w128,get,27.58,30.03
3,window64,w128,best,5.41,6.80
3,window64,w128,range8,18.95,24.96
3,window64,w128,set_working,34.01,37.70
3,window64,w128,reprice_to_top,87.86,96.46
3,window64,w128,roll,80.25,95.08
3,window64,w128,aggressive_in_out,76.89,92.93
3,window64,w512,get,47.69,51.34
3,window64,w512,best,5.21,7.06
3,window64,w512,range8,24.89,29.98
3,window64,w512,set_working,59.96,65.73
3,window64,w512,reprice_to_top,175.16,206.76
3,window64,w512,roll,99.31,120.91
3,window64,w512,aggressive_in_out,58.12,90.30
3,window64,rolling_4,update,60.84,117.24
3,window64,rolling_4,query,9.62,17.33
3,window64,outliers_4,update,63.57,106.65
3,window64,outliers_4,query,10.61,10.65
3,window64,jump_4,update,63.86,77.11
3,window64,jump_4,query,9.62,9.69
3,window64,rolling_16,update,52.80,54.38
3,window64,rolling_16,query,6.24,6.27
3,window64,outliers_16,update,52.74,69.41
3,window64,outliers_16,query,6.31,6.35
3,window64,jump_16,update,58.66,60.66
3,window64,jump_16,query,6.25,6.29
3,window64,rolling_32,update,51.74,52.17
3,window64,rolling_32,query,6.29,6.32
3,window64,outliers_32,update,52.43,53.28
3,window64,outliers_32,query,6.25,6.30
3,window64,jump_32,update,63.45,65.45
3,window64,jump_32,query,6.29,6.37
3,window64,rolling_128,update,56.92,85.05
3,window64,rolling_128,query,32.01,37.20
3,window64,outliers_128,update,59.64,108.74
3,window64,outliers_128,query,31.70,37.70
3,window64,jump_128,update,58.02,91.91
3,window64,jump_128,query,36.14,38.10
3,window64,4096books,query,94.66,164.57
3,window64,4096books,update,686.57,954.30
3,window64,new_books,first_insert,579.55,842.75
3,window128,w4,get,8.38,8.87
3,window128,w4,best,4.18,4.68
3,window128,w4,range8,6.91,12.15
3,window128,w4,set_working,6.27,6.28
3,window128,w4,reprice_to_top,42.90,43.90
3,window128,w4,roll,35.41,36.22
3,window128,w4,aggressive_in_out,37.64,52.24
3,window128,w16,get,6.43,7.05
3,window128,w16,best,5.12,5.14
3,window128,w16,range8,12.36,12.41
3,window128,w16,set_working,4.82,5.11
3,window128,w16,reprice_to_top,11.43,18.20
3,window128,w16,roll,13.67,18.52
3,window128,w16,aggressive_in_out,45.99,60.78
3,window128,w32,get,6.51,7.41
3,window128,w32,best,7.93,9.42
3,window128,w32,range8,18.69,26.95
3,window128,w32,set_working,6.04,7.75
3,window128,w32,reprice_to_top,21.12,25.82
3,window128,w32,roll,17.05,21.80
3,window128,w32,aggressive_in_out,30.93,31.70
3,window128,w128,get,7.51,10.77
3,window128,w128,best,5.13,9.62
3,window128,w128,range8,12.21,21.32
3,window128,w128,set_working,10.90,13.51
3,window128,w128,reprice_to_top,69.49,98.38
3,window128,w128,roll,41.54,115.51
3,window128,w128,aggressive_in_out,109.98,117.12
3,window128,w512,get,47.40,51.82
3,window128,w512,best,12.73,13.12
3,window128,w512,range8,32.20,34.84
3,window128,w512,set_working,57.25,60.39
3,window128,w512,reprice_to_top,196.11,244.24
3,window128,w512,roll,133.18,240.79
3,window128,w512,aggressive_in_out,107.14,113.19
3,window128,rolling_4,update,118.19,120.78
3,window128,rolling_4,query,18.09,18.68
3,window128,outliers_4,update,120.57,124.49
3,window128,outliers_4,query,20.62,21.02
3,window128,jump_4,update,123.57,125.15
3,window128,jump_4,query,18.07,19.22
3,window128,rolling_16,update,104.98,106.03
3,window128,rolling_16,query,13.41,13.82
3,window128,outliers_16,update,105.23,148.81
3,window128,outliers_16,query,10.28,11.92
3,window128,jump_16,update,112.07,171.57
3,window128,jump_16,query,14.20,15.17
3,window128,rolling_32,update,117.54,172.07
3,window128,rolling_32,query,14.77,14.84
3,window128,outliers_32,update,110.50,111.46
3,window128,outliers_32,query,14.79,14.84
3,window128,jump_32,update,123.08,153.29
3,window128,jump_32,query,13.77,14.00
3,window128,rolling_128,update,105.38,109.55
3,window128,rolling_128,query,16.18,16.87
3,window128,outliers_128,update,107.93,182.41
3,window128,outliers_128,query,22.00,35.34
3,window128,jump_128,update,104.45,182.06
3,window128,jump_128,query,33.55,35.82
3,window128,4096books,query,194.98,326.12
3,window128,4096books,update,1289.22,1597.89
3,window128,new_books,first_insert,800.93,1124.01
3,absl_btree,w4,get,16.90,17.99
3,absl_btree,w4,best,3.37,3.38
3,absl_btree,w4,range8,18.31,18.96
3,absl_btree,w4,set_working,18.61,22.51
3,absl_btree,w4,reprice_to_top,50.37,51.61
3,absl_btree,w4,roll,32.87,45.88
3,absl_btree,w4,aggressive_in_out,37.11,39.27
3,absl_btree,w16,get,20.44,21.25
3,absl_btree,w16,best,1.56,1.57
3,absl_btree,w16,range8,17.70,22.80
3,absl_btree,w16,set_working,25.74,27.18
3,absl_btree,w16,reprice_to_top,78.59,100.45
3,absl_btree,w16,roll,50.44,79.54
3,absl_btree,w16,aggressive_in_out,50.13,51.20
3,absl_btree,w32,get,22.71,23.48
3,absl_btree,w32,best,1.56,1.56
3,absl_btree,w32,range8,13.34,27.89
3,absl_btree,w32,set_working,30.52,36.39
3,absl_btree,w32,reprice_to_top,121.38,174.03
3,absl_btree,w32,roll,64.82,83.18
3,absl_btree,w32,aggressive_in_out,54.61,86.72
3,absl_btree,w128,get,30.20,34.42
3,absl_btree,w128,best,2.85,2.97
3,absl_btree,w128,range8,14.79,24.50
3,absl_btree,w128,set_working,41.79,50.62
3,absl_btree,w128,reprice_to_top,203.75,276.39
3,absl_btree,w128,roll,129.46,145.03
3,absl_btree,w128,aggressive_in_out,59.56,61.41
3,absl_btree,w512,get,37.28,39.82
3,absl_btree,w512,best,1.56,1.57
3,absl_btree,w512,range8,14.27,14.86
3,absl_btree,w512,set_working,47.50,54.92
3,absl_btree,w512,reprice_to_top,244.95,336.70
3,absl_btree,w512,roll,156.50,220.90
3,absl_btree,w512,aggressive_in_out,82.73,130.55
3,absl_btree,rolling_4,update,105.90,122.17
3,absl_btree,rolling_4,query,17.54,21.88
3,absl_btree,outliers_4,update,61.77,120.52
3,absl_btree,outliers_4,query,18.61,22.23
3,absl_btree,jump_4,update,66.09,120.96
3,absl_btree,jump_4,query,18.28,20.68
3,absl_btree,rolling_16,update,63.68,118.98
3,absl_btree,rolling_16,query,30.13,35.73
3,absl_btree,outliers_16,update,56.21,99.77
3,absl_btree,outliers_16,query,28.58,29.31
3,absl_btree,jump_16,update,64.14,113.45
3,absl_btree,jump_16,query,27.25,31.26
3,absl_btree,rolling_32,update,55.89,91.67
3,absl_btree,rolling_32,query,30.74,31.66
3,absl_btree,outliers_32,update,55.92,63.06
3,absl_btree,outliers_32,query,31.97,36.18
3,absl_btree,jump_32,update,74.72,123.41
3,absl_btree,jump_32,query,30.98,32.16
3,absl_btree,rolling_128,update,57.96,76.64
3,absl_btree,rolling_128,query,41.08,46.97
3,absl_btree,outliers_128,update,58.43,60.04
3,absl_btree,outliers_128,query,40.84,46.97
3,absl_btree,jump_128,update,58.59,184.09
3,absl_btree,jump_128,query,40.62,45.24
3,absl_btree,4096books,query,77.29,118.01
3,absl_btree,4096books,update,1140.32,1463.69
3,absl_btree,new_books,first_insert,718.11,1018.43
3,pool_pages,w4,get,14.18,15.42
3,pool_pages,w4,best,12.63,15.03
3,pool_pages,w4,range8,13.89,17.43
3,pool_pages,w4,set_working,21.86,24.54
3,pool_pages,w4,reprice_to_top,44.88,56.72
3,pool_pages,w4,roll,47.02,49.97
3,pool_pages,w4,aggressive_in_out,214.41,248.73
3,pool_pages,w16,get,11.40,12.26
3,pool_pages,w16,best,11.31,13.53
3,pool_pages,w16,range8,15.16,18.75
3,pool_pages,w16,set_working,16.64,18.22
3,pool_pages,w16,reprice_to_top,47.61,54.22
3,pool_pages,w16,roll,37.18,43.11
3,pool_pages,w16,aggressive_in_out,204.64,235.35
3,pool_pages,w32,get,10.97,11.75
3,pool_pages,w32,best,12.44,13.66
3,pool_pages,w32,range8,16.83,19.32
3,pool_pages,w32,set_working,12.58,16.57
3,pool_pages,w32,reprice_to_top,50.10,57.45
3,pool_pages,w32,roll,39.59,47.14
3,pool_pages,w32,aggressive_in_out,208.65,237.84
3,pool_pages,w128,get,12.94,13.86
3,pool_pages,w128,best,9.76,11.28
3,pool_pages,w128,range8,12.19,14.69
3,pool_pages,w128,set_working,15.68,17.59
3,pool_pages,w128,reprice_to_top,62.13,70.84
3,pool_pages,w128,roll,40.71,48.05
3,pool_pages,w128,aggressive_in_out,210.31,248.79
3,pool_pages,w512,get,19.44,20.27
3,pool_pages,w512,best,12.09,15.14
3,pool_pages,w512,range8,13.07,16.27
3,pool_pages,w512,set_working,22.77,26.79
3,pool_pages,w512,reprice_to_top,79.27,87.51
3,pool_pages,w512,roll,49.34,53.70
3,pool_pages,w512,aggressive_in_out,129.48,251.39
3,pool_pages,rolling_4,update,59.11,60.51
3,pool_pages,rolling_4,query,15.55,16.04
3,pool_pages,outliers_4,update,60.01,77.45
3,pool_pages,outliers_4,query,19.45,20.88
3,pool_pages,jump_4,update,64.29,120.87
3,pool_pages,jump_4,query,9.46,13.98
3,pool_pages,rolling_16,update,55.65,57.05
3,pool_pages,rolling_16,query,11.18,11.62
3,pool_pages,outliers_16,update,55.68,56.47
3,pool_pages,outliers_16,query,11.50,11.87
3,pool_pages,jump_16,update,59.46,95.30
3,pool_pages,jump_16,query,9.57,14.66
3,pool_pages,rolling_32,update,54.25,74.79
3,pool_pages,rolling_32,query,10.38,10.66
3,pool_pages,outliers_32,update,54.91,55.72
3,pool_pages,outliers_32,query,10.77,11.01
3,pool_pages,jump_32,update,60.72,62.12
3,pool_pages,jump_32,query,9.50,9.55
3,pool_pages,rolling_128,update,54.06,77.75
3,pool_pages,rolling_128,query,15.98,16.84
3,pool_pages,outliers_128,update,54.74,61.06
3,pool_pages,outliers_128,query,16.57,17.23
3,pool_pages,jump_128,update,54.40,79.91
3,pool_pages,jump_128,query,15.82,16.36
3,pool_pages,4096books,query,145.79,289.89
3,pool_pages,4096books,update,962.55,1284.10
3,pool_pages,new_books,first_insert,1299.11,2113.35
3,sorted_deque,w4,get,12.87,13.48
3,sorted_deque,w4,best,2.12,2.59
3,sorted_deque,w4,range8,13.61,16.02
3,sorted_deque,w4,set_working,6.63,9.04
3,sorted_deque,w4,reprice_to_top,61.82,76.98
3,sorted_deque,w4,roll,49.55,73.31
3,sorted_deque,w4,aggressive_in_out,57.38,78.79
3,sorted_deque,w16,get,26.60,28.58
3,sorted_deque,w16,best,2.02,2.34
3,sorted_deque,w16,range8,12.45,14.31
3,sorted_deque,w16,set_working,24.28,27.99
3,sorted_deque,w16,reprice_to_top,75.25,85.93
3,sorted_deque,w16,roll,56.56,82.68
3,sorted_deque,w16,aggressive_in_out,47.40,62.54
3,sorted_deque,w32,get,29.61,31.76
3,sorted_deque,w32,best,2.30,2.76
3,sorted_deque,w32,range8,15.23,17.11
3,sorted_deque,w32,set_working,30.58,32.41
3,sorted_deque,w32,reprice_to_top,89.85,154.29
3,sorted_deque,w32,roll,65.25,73.84
3,sorted_deque,w32,aggressive_in_out,59.09,71.28
3,sorted_deque,w128,get,40.55,43.93
3,sorted_deque,w128,best,2.67,3.23
3,sorted_deque,w128,range8,19.54,24.00
3,sorted_deque,w128,set_working,45.64,48.31
3,sorted_deque,w128,reprice_to_top,120.23,138.62
3,sorted_deque,w128,roll,101.66,119.70
3,sorted_deque,w128,aggressive_in_out,41.53,58.84
3,sorted_deque,w512,get,49.54,52.82
3,sorted_deque,w512,best,2.27,2.96
3,sorted_deque,w512,range8,19.91,23.10
3,sorted_deque,w512,set_working,55.05,57.97
3,sorted_deque,w512,reprice_to_top,125.96,202.76
3,sorted_deque,w512,roll,52.88,53.25
3,sorted_deque,w512,aggressive_in_out,52.70,60.25
3,sorted_deque,rolling_4,update,57.67,58.05
3,sorted_deque,rolling_4,query,8.32,8.37
3,sorted_deque,outliers_4,update,60.70,61.33
3,sorted_deque,outliers_4,query,9.88,9.91
3,sorted_deque,jump_4,update,60.68,83.47
3,sorted_deque,jump_4,query,8.33,8.36
3,sorted_deque,rolling_16,update,57.66,60.38
3,sorted_deque,rolling_16,query,13.28,13.35
3,sorted_deque,outliers_16,update,54.37,54.80
3,sorted_deque,outliers_16,query,30.00,34.23
3,sorted_deque,jump_16,update,62.77,102.90
3,sorted_deque,jump_16,query,13.30,13.43
3,sorted_deque,rolling_32,update,54.81,92.13
3,sorted_deque,rolling_32,query,36.64,37.92
3,sorted_deque,outliers_32,update,61.46,175.44
3,sorted_deque,outliers_32,query,42.59,115.07
3,sorted_deque,jump_32,update,61.13,74.44
3,sorted_deque,jump_32,query,36.26,41.09
3,sorted_deque,rolling_128,update,57.96,90.45
3,sorted_deque,rolling_128,query,48.43,52.18
3,sorted_deque,outliers_128,update,58.15,69.94
3,sorted_deque,outliers_128,query,48.71,53.76
3,sorted_deque,jump_128,update,59.49,183.68
3,sorted_deque,jump_128,query,48.75,49.95
3,sorted_deque,4096books,query,109.73,209.34
3,sorted_deque,4096books,update,617.39,869.06
3,sorted_deque,new_books,first_insert,637.14,920.32
4,window64,w4,get,7.86,8.33
4,window64,w4,best,2.44,2.45
4,window64,w4,range8,6.87,6.88
4,window64,w4,set_working,5.68,5.70
4,window64,w4,reprice_to_top,44.02,44.86
4,window64,w4,roll,35.98,57.86
4,window64,w4,aggressive_in_out,37.79,39.91
4,window64,w16,get,6.22,7.73
4,window64,w16,best,3.48,3.48
4,window64,w16,range8,6.28,6.57
4,window64,w16,set_working,3.68,3.96
4,window64,w16,reprice_to_top,11.95,12.66
4,window64,w16,roll,10.47,10.61
4,window64,w16,aggressive_in_out,30.58,31.00
4,window64,w32,get,5.05,5.73
4,window64,w32,best,3.04,3.33
4,window64,w32,range8,6.56,10.23
4,window64,w32,set_working,3.08,3.27
4,window64,w32,reprice_to_top,21.42,33.62
4,window64,w32,roll,10.38,10.58
4,window64,w32,aggressive_in_out,30.62,44.48
4,window64,w128,get,26.14,29.46
4,window64,w128,best,4.57,4.95
4,window64,w128,range8,19.77,26.02
4,window64,w128,set_working,33.20,36.44
4,window64,w128,reprice_to_top,62.80,95.52
4,window64,w128,roll,46.18,88.27
4,window64,w128,aggressive_in_out,74.23,99.61
4,window64,w512,get,45.59,49.04
4,window64,w512,best,5.57,7.12
4,window64,w512,range8,15.22,29.58
4,window64,w512,set_working,55.84,61.89
4,window64,w512,reprice_to_top,175.72,275.46
4,window64,w512,roll,54.58,111.87
4,window64,w512,aggressive_in_out,58.18,100.43
4,window64,rolling_4,update,61.98,116.07
4,window64,rolling_4,query,9.61,9.64
4,window64,outliers_4,update,103.10,121.02
4,window64,outliers_4,query,10.63,10.68
4,window64,jump_4,update,106.75,124.37
4,window64,jump_4,query,16.32,19.95
4,window64,rolling_16,update,98.05,106.81
4,window64,rolling_16,query,10.57,12.77
4,window64,outliers_16,update,95.36,100.83
4,window64,outliers_16,query,6.33,12.13
4,window64,jump_16,update,97.52,114.05
4,window64,jump_16,query,11.09,11.99
4,window64,rolling_32,update,94.49,99.68
4,window64,rolling_32,query,10.57,14.32
4,window64,outliers_32,update,94.08,99.73
4,window64,outliers_32,query,10.16,12.10
4,window64,jump_32,update,97.18,120.37
4,window64,jump_32,query,6.29,6.32
4,window64,rolling_128,update,97.81,106.59
4,window64,rolling_128,query,39.52,43.18
4,window64,outliers_128,update,104.13,142.05
4,window64,outliers_128,query,39.25,49.88
4,window64,jump_128,update,105.09,200.84
4,window64,jump_128,query,44.25,48.31
4,window64,4096books,query,110.12,224.54
4,window64,4096books,update,892.69,1122.39
4,window64,new_books,first_insert,793.98,1466.32
4,window128,w4,get,7.84,8.24
4,window128,w4,best,2.88,2.89
4,window128,w4,range8,6.91,6.93
4,window128,w4,set_working,6.27,6.28
4,window128,w4,reprice_to_top,42.87,64.22
4,window128,w4,roll,35.20,58.07
4,window128,w4,aggressive_in_out,37.85,38.67
4,window128,w16,get,6.51,7.34
4,window128,w16,best,5.14,9.23
4,window128,w16,range8,12.33,19.32
4,window128,w16,set_working,4.79,5.04
4,window128,w16,reprice_to_top,11.30,11.70
4,window128,w16,roll,9.62,9.69
4,window128,w16,aggressive_in_out,31.23,53.15
4,window128,w32,get,5.61,6.62
4,window128,w32,best,8.08,11.42
4,window128,w32,range8,12.33,12.38
4,window128,w32,set_working,4.22,4.44
4,window128,w32,reprice_to_top,13.12,14.08
4,window128,w32,roll,9.69,9.75
4,window128,w32,aggressive_in_out,30.79,45.45
4,window128,w128,get,7.13,8.14
4,window128,w128,best,5.12,5.15
4,window128,w128,range8,12.75,18.52
4,window128,w128,set_working,7.27,8.86
4,window128,w128,reprice_to_top,61.65,93.24
4,window128,w128,roll,41.74,71.71
4,window128,w128,aggressive_in_out,45.81,94.44
4,window128,w512,get,35.76,43.23
4,window128,w512,best,5.39,5.45
4,window128,w512,range8,15.43,17.88
4,window128,w512,set_working,47.07,55.75
4,window128,w512,reprice_to_top,106.15,214.49
4,window128,w512,roll,60.04,61.40
4,window128,w512,aggressive_in_out,57.59,92.48
4,window128,rolling_4,update,61.29,183.73
4,window128,rolling_4,query,29.38,32.19
4,window128,outliers_4,update,117.21,184.14
4,window128,outliers_4,query,10.85,10.89
4,window128,jump_4,update,63.64,99.74
4,window128,jump_4,query,9.48,9.52
4,window128,rolling_16,update,53.75,88.68
4,window128,rolling_16,query,7.32,11.67
4,window128,outliers_16,update,53.46,86.81
4,window128,outliers_16,query,7.38,7.43
4,window128,jump_16,update,59.66,103.13
4,window128,jump_16,query,7.34,11.48
4,window128,rolling_32,update,52.71,91.55
4,window128,rolling_32,query,7.33,7.38
4,window128,outliers_32,update,53.20,89.79
4,window128,outliers_32,query,13.26,17.18
4,window128,jump_32,update,64.66,118.76
4,window128,jump_32,query,10.43,14.27
4,window128,rolling_128,update,58.73,122.04
4,window128,rolling_128,query,9.54,9.99
4,window128,outliers_128,update,55.08,100.52
4,window128,outliers_128,query,11.10,11.91
4,window128,jump_128,update,58.78,107.74
4,window128,jump_128,query,26.64,29.68
4,window128,4096books,query,73.23,139.59
4,window128,4096books,update,664.82,958.03
4,window128,new_books,first_insert,566.53,764.99
4,absl_btree,w4,get,13.97,14.53
4,absl_btree,w4,best,1.56,1.71
4,absl_btree,w4,range8,7.20,12.23
4,absl_btree,w4,set_working,19.14,20.01
4,absl_btree,w4,reprice_to_top,48.71,74.98
4,absl_btree,w4,roll,31.58,42.54
4,absl_btree,w4,aggressive_in_out,39.02,60.16
4,absl_btree,w16,get,21.30,22.49
4,absl_btree,w16,best,1.56,1.57
4,absl_btree,w16,range8,12.73,12.74
4,absl_btree,w16,set_working,25.63,26.90
4,absl_btree,w16,reprice_to_top,78.68,96.55
4,absl_btree,w16,roll,50.77,55.30
4,absl_btree,w16,aggressive_in_out,49.85,50.75
4,absl_btree,w32,get,23.20,25.57
4,absl_btree,w32,best,1.57,1.57
4,absl_btree,w32,range8,13.09,13.12
4,absl_btree,w32,set_working,30.79,35.69
4,absl_btree,w32,reprice_to_top,119.02,138.70
4,absl_btree,w32,roll,65.47,114.93
4,absl_btree,w32,aggressive_in_out,86.25,97.75
4,absl_btree,w128,get,28.87,29.80
4,absl_btree,w128,best,1.71,1.72
4,absl_btree,w128,range8,14.21,14.22
4,absl_btree,w128,set_working,43.36,46.69
4,absl_btree,w128,reprice_to_top,225.56,387.62
4,absl_btree,w128,roll,129.80,293.10
4,absl_btree,w128,aggressive_in_out,94.66,125.62
4,absl_btree,w512,get,41.94,44.26
4,absl_btree,w512,best,3.06,3.26
4,absl_btree,w512,range8,22.62,28.69
4,absl_btree,w512,set_working,52.59,57.95
4,absl_btree,w512,reprice_to_top,347.37,460.63
4,absl_btree,w512,roll,225.48,271.63
4,absl_btree,w512,aggressive_in_out,130.22,154.33
4,absl_btree,rolling_4,update,108.57,127.50
4,absl_btree,rolling_4,query,20.28,22.26
4,absl_btree,outliers_4,update,105.54,124.38
4,absl_btree,outliers_4,query,20.64,23.63
4,absl_btree,jump_4,update,116.27,138.72
4,absl_btree,jump_4,query,21.41,22.29
4,absl_btree,rolling_16,update,102.16,109.73
4,absl_btree,rolling_16,query,33.47,35.67
4,absl_btree,outliers_16,update,109.32,112.99
4,absl_btree,outliers_16,query,32.26,34.14
4,absl_btree,jump_16,update,116.46,134.43
4,absl_btree,jump_16,query,31.16,32.80
4,absl_btree,rolling_32,update,99.29,113.36
4,absl_btree,rolling_32,query,35.06,37.48
4,absl_btree,outliers_32,update,101.93,116.98
4,absl_btree,outliers_32,query,37.86,39.80
4,absl_btree,jump_32,update,128.16,165.29
4,absl_btree,jump_32,query,35.80,37.32
4,absl_btree,rolling_128,update,105.45,118.91
4,absl_btree,rolling_128,query,47.78,51.01
4,absl_btree,outliers_128,update,106.41,117.73
4,absl_btree,outliers_128,query,48.20,50.41
4,absl_btree,jump_128,update,99.27,276.29
4,absl_btree,jump_128,query,47.23,49.35
4,absl_btree,4096books,query,97.69,177.26
4,absl_btree,4096books,update,1256.07,1489.57
4,absl_btree,new_books,first_insert,692.68,964.79
4,pool_pages,w4,get,13.12,14.74
4,pool_pages,w4,best,10.32,12.56
4,pool_pages,w4,range8,11.48,14.75
4,pool_pages,w4,set_working,23.00,24.79
4,pool_pages,w4,reprice_to_top,51.52,56.30
4,pool_pages,w4,roll,39.32,48.02
4,pool_pages,w4,aggressive_in_out,215.36,238.68
4,pool_pages,w16,get,11.87,12.36
4,pool_pages,w16,best,12.66,13.66
4,pool_pages,w16,range8,17.59,18.50
4,pool_pages,w16,set_working,17.28,18.42
4,pool_pages,w16,reprice_to_top,51.07,57.01
4,pool_pages,w16,roll,36.75,48.73
4,pool_pages,w16,aggressive_in_out,192.07,231.79
4,pool_pages,w32,get,8.88,10.02
4,pool_pages,w32,best,9.62,11.59
4,pool_pages,w32,range8,12.21,14.43
4,pool_pages,w32,set_working,11.72,13.65
4,pool_pages,w32,reprice_to_top,46.51,61.08
4,pool_pages,w32,roll,39.20,49.36
4,pool_pages,w32,aggressive_in_out,197.09,236.25
4,pool_pages,w128,get,12.95,14.37
4,pool_pages,w128,best,9.70,11.01
4,pool_pages,w128,range8,12.32,14.94
4,pool_pages,w128,set_working,15.34,16.91
4,pool_pages,w128,reprice_to_top,64.82,72.60
4,pool_pages,w128,roll,34.31,46.90
4,pool_pages,w128,aggressive_in_out,193.50,228.59
4,pool_pages,w512,get,18.48,20.47
4,pool_pages,w512,best,14.29,16.49
4,pool_pages,w512,range8,16.53,19.37
4,pool_pages,w512,set_working,22.64,24.29
4,pool_pages,w512,reprice_to_top,77.58,83.99
4,pool_pages,w512,roll,59.72,66.84
4,pool_pages,w512,aggressive_in_out,215.32,260.90
4,pool_pages,rolling_4,update,110.07,122.32
4,pool_pages,rolling_4,query,21.30,22.49
4,pool_pages,outliers_4,update,118.19,123.39
4,pool_pages,outliers_4,query,22.64,23.39
4,pool_pages,jump_4,update,121.40,130.13
4,pool_pages,jump_4,query,17.00,18.95
4,pool_pages,rolling_16,update,87.38,113.01
4,pool_pages,rolling_16,query,15.16,16.62
4,pool_pages,outliers_16,update,88.57,102.61
4,pool_pages,outliers_16,query,15.76,18.08
4,pool_pages,jump_16,update,57.96,78.67
4,pool_pages,jump_16,query,9.50,9.55
4,pool_pages,rolling_32,update,54.43,88.78
4,pool_pages,rolling_32,query,10.41,10.66
4,pool_pages,outliers_32,update,53.13,53.59
4,pool_pages,outliers_32,query,10.77,11.02
4,pool_pages,jump_32,update,59.69,60.40
4,pool_pages,jump_32,query,9.50,9.57
4,pool_pages,rolling_128,update,54.06,54.77
4,pool_pages,rolling_128,query,16.09,16.64
4,pool_pages,outliers_128,update,53.68,54.25
4,pool_pages,outliers_128,query,16.60,17.21
4,pool_pages,jump_128,update,54.85,79.53
4,pool_pages,jump_128,query,17.80,20.11
4,pool_pages,4096books,query,157.37,230.19
4,pool_pages,4096books,update,1001.96,1873.46
4,pool_pages,new_books,first_insert,1399.16,2247.82
4,sorted_deque,w4,get,7.62,7.99
4,sorted_deque,w4,best,1.34,1.35
4,sorted_deque,w4,range8,6.28,7.31
4,sorted_deque,w4,set_working,4.23,8.98
4,sorted_deque,w4,reprice_to_top,37.32,56.27
4,sorted_deque,w4,roll,28.62,29.10
4,sorted_deque,w4,aggressive_in_out,29.82,55.99
4,sorted_deque,w16,get,20.98,21.86
4,sorted_deque,w16,best,1.41,1.42
4,sorted_deque,w16,range8,8.95,8.98
4,sorted_deque,w16,set_working,21.86,23.80
4,sorted_deque,w16,reprice_to_top,54.82,67.55
4,sorted_deque,w16,roll,31.57,31.81
4,sorted_deque,w16,aggressive_in_out,28.00,28.36
4,sorted_deque,w32,get,25.14,28.61
4,sorted_deque,w32,best,2.21,2.89
4,sorted_deque,w32,range8,14.07,18.71
4,sorted_deque,w32,set_working,31.57,34.88
4,sorted_deque,w32,reprice_to_top,82.17,93.64
4,sorted_deque,w32,roll,34.94,35.25
4,sorted_deque,w32,aggressive_in_out,32.57,58.61
4,sorted_deque,w128,get,34.26,38.46
4,sorted_deque,w128,best,1.34,1.35
4,sorted_deque,w128,range8,11.96,20.41
4,sorted_deque,w128,set_working,39.94,43.62
4,sorted_deque,w128,reprice_to_top,92.69,137.45
4,sorted_deque,w128,roll,42.61,77.53
4,sorted_deque,w128,aggressive_in_out,41.45,55.96
4,sorted_deque,w512,get,43.50,55.12
4,sorted_deque,w512,best,1.41,1.42
4,sorted_deque,w512,range8,14.26,20.02
4,sorted_deque,w512,set_working,51.05,59.82
4,sorted_deque,w512,reprice_to_top,129.67,219.62
4,sorted_deque,w512,roll,53.02,91.84
4,sorted_deque,w512,aggressive_in_out,90.80,111.05
4,sorted_deque,rolling_4,update,109.95,115.43
4,sorted_deque,rolling_4,query,14.11,17.16
4,sorted_deque,outliers_4,update,108.07,117.52
4,sorted_deque,outliers_4,query,15.41,17.43
4,sorted_deque,jump_4,update,113.34,123.62
4,sorted_deque,jump_4,query,14.82,17.03
4,sorted_deque,rolling_16,update,100.99,111.75
4,sorted_deque,rolling_16,query,20.13,22.46
4,sorted_deque,outliers_16,update,99.84,109.84
4,sorted_deque,outliers_16,query,36.38,38.05
4,sorted_deque,jump_16,update,62.40,108.35
4,sorted_deque,jump_16,query,13.30,20.66
4,sorted_deque,rolling_32,update,87.52,106.56
4,sorted_deque,rolling_32,query,42.66,44.86
4,sorted_deque,outliers_32,update,93.80,105.81
4,sorted_deque,outliers_32,query,43.90,49.74
4,sorted_deque,jump_32,update,100.74,124.29
4,sorted_deque,jump_32,query,43.05,45.06
4,sorted_deque,rolling_128,update,102.91,131.26
4,sorted_deque,rolling_128,query,58.25,61.34
4,sorted_deque,outliers_128,update,104.02,110.17
4,sorted_deque,outliers_128,query,59.70,61.76
4,sorted_deque,jump_128,update,104.23,215.65
4,sorted_deque,jump_128,query,59.19,62.15
4,sorted_deque,4096books,query,114.59,235.86
4,sorted_deque,4096books,update,950.36,1138.63
4,sorted_deque,new_books,first_insert,785.83,1284.38
4,adaptive,w4,get,9.46,10.52
4,adaptive,w4,best,2.54,2.76
4,adaptive,w4,range8,9.62,10.00
4,adaptive,w4,set_working,8.45,9.14
4,adaptive,w4,reprice_to_top,58.28,62.04
4,adaptive,w4,roll,52.99,55.60
4,adaptive,w4,aggressive_in_out,55.32,59.68
4,adaptive,w16,get,26.90,29.48
4,adaptive,w16,best,2.61,2.68
4,adaptive,w16,range8,12.70,13.15
4,adaptive,w16,set_working,30.74,33.91
4,adaptive,w16,reprice_to_top,80.64,88.69
4,adaptive,w16,roll,67.62,116.63
4,adaptive,w16,aggressive_in_out,97.66,113.30
4,adaptive,w32,get,35.47,40.57
4,adaptive,w32,best,2.72,2.88
4,adaptive,w32,range8,15.82,16.80
4,adaptive,w32,set_working,40.67,49.91
4,adaptive,w32,reprice_to_top,101.22,106.75
4,adaptive,w32,roll,86.29,90.03
4,adaptive,w32,aggressive_in_out,76.44,83.66
4,adaptive,w128,get,41.55,43.87
4,adaptive,w128,best,4.05,4.07
4,adaptive,w128,range8,23.23,23.44
4,adaptive,w128,set_working,52.77,54.47
4,adaptive,w128,reprice_to_top,139.05,159.70
4,adaptive,w128,roll,94.82,98.81
4,adaptive,w128,aggressive_in_out,66.15,75.79
4,adaptive,w512,get,59.25,79.07
4,adaptive,w512,best,2.52,3.22
4,adaptive,w512,range8,19.85,20.91
4,adaptive,w512,set_working,102.20,118.47
4,adaptive,w512,reprice_to_top,131.79,300.30
4,adaptive,w512,roll,58.26,76.59
4,adaptive,w512,aggressive_in_out,86.70,119.71
4,adaptive,rolling_4,update,119.37,131.21
4,adaptive,rolling_4,query,18.39,20.72
4,adaptive,outliers_4,update,126.13,131.12
4,adaptive,outliers_4,query,21.46,23.63
4,adaptive,jump_4,update,126.48,147.75
4,adaptive,jump_4,query,19.07,20.72
4,adaptive,rolling_16,update,117.25,123.78
4,adaptive,rolling_16,query,27.01,29.55
4,adaptive,outliers_16,update,114.09,120.11
4,adaptive,outliers_16,query,37.84,39.43
4,adaptive,jump_16,update,100.61,132.45
4,adaptive,jump_16,query,17.63,24.88
4,adaptive,rolling_32,update,99.47,108.95
4,adaptive,rolling_32,query,40.70,43.27
4,adaptive,outliers_32,update,112.22,117.43
4,adaptive,outliers_32,query,44.89,46.56
4,adaptive,jump_32,update,120.93,135.35
4,adaptive,jump_32,query,44.82,46.89
4,adaptive,rolling_128,update,115.44,121.61
4,adaptive,rolling_128,query,61.64,64.40
4,adaptive,outliers_128,update,114.01,119.54
4,adaptive,outliers_128,query,61.90,64.14
4,adaptive,jump_128,update,117.27,221.06
4,adaptive,jump_128,query,61.49,64.12
4,adaptive,4096books,query,128.61,249.23
4,adaptive,4096books,update,1138.43,1360.57
4,adaptive,new_books,first_insert,791.82,999.52
5,window128,w4,get,9.23,13.22
5,window128,w4,best,2.73,2.74
5,window128,w4,range8,6.91,6.93
5,window128,w4,set_working,6.27,10.93
5,window128,w4,reprice_to_top,42.99,65.05
5,window128,w4,roll,35.38,36.25
5,window128,w4,aggressive_in_out,37.65,46.49
5,window128,w16,get,6.66,7.37
5,window128,w16,best,5.12,5.14
5,window128,w16,range8,12.32,12.36
5,window128,w16,set_working,4.80,5.05
5,window128,w16,reprice_to_top,11.34,11.67
5,window128,w16,roll,9.60,9.65
5,window128,w16,aggressive_in_out,30.86,31.37
5,window128,w32,get,5.68,7.84
5,window128,w32,best,5.12,5.14
5,window128,w32,range8,12.32,12.36
5,window128,w32,set_working,4.21,6.36
5,window128,w32,reprice_to_top,13.38,21.32
5,window128,w32,roll,9.61,9.67
5,window128,w32,aggressive_in_out,35.60,36.61
5,window128,w128,get,7.48,9.08
5,window128,w128,best,7.04,10.58
5,window128,w128,range8,12.20,12.29
5,window128,w128,set_working,4.82,5.28
5,window128,w128,reprice_to_top,47.48,50.10
5,window128,w128,roll,41.89,76.49
5,window128,w128,aggressive_in_out,46.52,47.14
5,window128,w512,get,35.79,41.98
5,window128,w512,best,5.13,5.16
5,window128,w512,range8,15.43,15.48
5,window128,w512,set_working,44.43,52.11
5,window128,w512,reprice_to_top,104.98,146.60
5,window128,w512,roll,60.89,102.90
5,window128,w512,aggressive_in_out,57.77,84.81
5,window128,rolling_4,update,67.15,74.92
5,window128,rolling_4,query,9.49,9.54
5,window128,outliers_4,update,68.61,69.33
5,window128,outliers_4,query,10.89,10.93
5,window128,jump_4,update,68.62,76.16
5,window128,jump_4,query,9.50,9.55
5,window128,rolling_16,update,55.97,63.97
5,window128,rolling_16,query,7.37,11.19
5,window128,outliers_16,update,56.34,91.71
5,window128,outliers_16,query,7.37,7.52
5,window128,jump_16,update,62.65,110.38
5,window128,jump_16,query,7.31,7.36
5,window128,rolling_32,update,54.77,55.34
5,window128,rolling_32,query,7.40,7.45
5,window128,outliers_32,update,56.09,72.96
5,window128,outliers_32,query,7.30,7.35
5,window128,jump_32,update,65.85,101.77
5,window128,jump_32,query,7.35,7.40
5,window128,rolling_128,update,54.27,100.47
5,window128,rolling_128,query,14.75,16.91
5,window128,outliers_128,update,63.97,110.87
5,window128,outliers_128,query,11.86,16.85
5,window128,jump_128,update,66.32,128.21
5,window128,jump_128,query,27.11,33.18
5,window128,4096books,query,97.23,161.12
5,window128,4096books,update,1069.61,1402.32
5,window128,new_books,first_insert,838.95,1102.75
5,absl_btree,w4,get,17.37,18.52
5,absl_btree,w4,best,3.22,3.29
5,absl_btree,w4,range8,17.36,18.88
5,absl_btree,w4,set_working,23.45,25.14
5,absl_btree,w4,reprice_to_top,86.99,91.21
5,absl_btree,w4,roll,74.95,80.16
5,absl_btree,w4,aggressive_in_out,80.37,86.52
5,absl_btree,w16,get,23.53,24.78
5,absl_btree,w16,best,3.07,3.29
5,absl_btree,w16,range8,28.68,31.03
5,absl_btree,w16,set_working,31.93,33.85
5,absl_btree,w16,reprice_to_top,138.88,152.16
5,absl_btree,w16,roll,111.66,119.23
5,absl_btree,w16,aggressive_in_out,106.96,113.61
5,absl_btree,w32,get,26.73,28.36
5,absl_btree,w32,best,3.16,3.28
5,absl_btree,w32,range8,30.14,32.82
5,absl_btree,w32,set_working,36.38,38.66
5,absl_btree,w32,reprice_to_top,190.62,248.43
5,absl_btree,w32,roll,140.09,148.82
5,absl_btree,w32,aggressive_in_out,105.45,111.56
5,absl_btree,w128,get,33.50,35.80
5,absl_btree,w128,best,3.12,3.37
5,absl_btree,w128,range8,30.04,34.22
5,absl_btree,w128,set_working,51.36,54.01
5,absl_btree,w128,reprice_to_top,288.99,389.85
5,absl_btree,w128,roll,199.63,258.74
5,absl_btree,w128,aggressive_in_out,122.79,128.62
5,absl_btree,w512,get,43.70,47.00
5,absl_btree,w512,best,3.04,3.37
5,absl_btree,w512,range8,29.85,33.81
5,absl_btree,w512,set_working,58.62,62.62
5,absl_btree,w512,reprice_to_top,351.44,449.72
5,absl_btree,w512,roll,228.66,261.11
5,absl_btree,w512,aggressive_in_out,146.33,160.86
5,absl_btree,rolling_4,update,128.24,140.30
5,absl_btree,rolling_4,query,23.87,24.68
5,absl_btree,outliers_4,update,129.99,137.21
5,absl_btree,outliers_4,query,24.14,24.76
5,absl_btree,jump_4,update,136.22,141.97
5,absl_btree,jump_4,query,23.77,24.62
5,absl_btree,rolling_16,update,113.46,127.74
5,absl_btree,rolling_16,query,34.43,47.94
5,absl_btree,outliers_16,update,115.54,137.70
5,absl_btree,outliers_16,query,34.55,36.03
5,absl_btree,jump_16,update,126.71,138.11
5,absl_btree,jump_16,query,32.85,33.74
5,absl_btree,rolling_32,update,111.65,117.13
5,absl_btree,rolling_32,query,37.87,39.28
5,absl_btree,outliers_32,update,110.71,113.96
5,absl_btree,outliers_32,query,38.71,40.21
5,absl_btree,jump_32,update,141.00,157.93
5,absl_btree,jump_32,query,37.43,38.67
5,absl_btree,rolling_128,update,111.32,115.05
5,absl_btree,rolling_128,query,49.27,50.39
5,absl_btree,outliers_128,update,112.83,117.95
5,absl_btree,outliers_128,query,49.85,51.12
5,absl_btree,jump_128,update,113.09,289.82
5,absl_btree,jump_128,query,49.32,51.39
5,absl_btree,4096books,query,79.60,151.12
5,absl_btree,4096books,update,1048.58,1235.53
5,absl_btree,new_books,first_insert,650.87,901.67
5,pool_pages,w4,get,15.02,16.02
5,pool_pages,w4,best,13.16,14.42
5,pool_pages,w4,range8,16.52,18.01
5,pool_pages,w4,set_working,23.37,25.42
5,pool_pages,w4,reprice_to_top,53.98,60.98
5,pool_pages,w4,roll,48.54,52.66
5,pool_pages,w4,aggressive_in_out,218.80,239.04
5,pool_pages,w16,get,12.08,12.64
5,pool_pages,w16,best,14.12,14.82
5,pool_pages,w16,range8,18.33,19.91
5,pool_pages,w16,set_working,17.53,18.60
5,pool_pages,w16,reprice_to_top,53.35,56.41
5,pool_pages,w16,roll,47.93,53.24
5,pool_pages,w16,aggressive_in_out,220.98,245.27
5,pool_pages,w32,get,11.51,11.94
5,pool_pages,w32,best,13.73,15.13
5,pool_pages,w32,range8,17.70,19.92
5,pool_pages,w32,set_working,17.36,18.36
5,pool_pages,w32,reprice_to_top,58.32,62.15
5,pool_pages,w32,roll,52.14,54.66
5,pool_pages,w32,aggressive_in_out,227.50,295.24
5,pool_pages,w128,get,14.86,15.72
5,pool_pages,w128,best,14.88,15.39
5,pool_pages,w128,range8,19.72,20.63
5,pool_pages,w128,set_working,19.27,20.00
5,pool_pages,w128,reprice_to_top,71.32,77.80
5,pool_pages,w128,roll,51.51,55.37
5,pool_pages,w128,aggressive_in_out,236.79,324.02
5,pool_pages,w512,get,19.46,20.11
5,pool_pages,w512,best,17.19,17.24
5,pool_pages,w512,range8,20.65,20.73
5,pool_pages,w512,set_working,24.31,25.20
5,pool_pages,w512,reprice_to_top,86.57,92.74
5,pool_pages,w512,roll,63.44,64.04
5,pool_pages,w512,aggressive_in_out,259.59,343.70
5,pool_pages,rolling_4,update,120.35,131.16
5,pool_pages,rolling_4,query,22.34,22.98
5,pool_pages,outliers_4,update,121.48,123.25
5,pool_pages,outliers_4,query,24.07,24.74
5,pool_pages,jump_4,update,131.32,147.36
5,pool_pages,jump_4,query,17.81,18.59
5,pool_pages,rolling_16,update,110.48,113.27
5,pool_pages,rolling_16,query,20.23,20.60
5,pool_pages,outliers_16,update,110.81,115.18
5,pool_pages,outliers_16,query,20.95,21.33
5,pool_pages,jump_16,update,117.69,123.42
5,pool_pages,jump_16,query,17.98,18.57
5,pool_pages,rolling_32,update,108.43,122.59
5,pool_pages,rolling_32,query,19.61,20.23
5,pool_pages,outliers_32,update,109.98,113.08
5,pool_pages,outliers_32,query,20.43,20.89
5,pool_pages,jump_32,update,121.75,129.48
5,pool_pages,jump_32,query,18.41,18.96
5,pool_pages,rolling_128,update,108.48,118.05
5,pool_pages,rolling_128,query,24.86,25.71
5,pool_pages,outliers_128,update,109.91,126.65
5,pool_pages,outliers_128,query,25.40,26.65
5,pool_pages,jump_128,update,111.46,167.34
5,pool_pages,jump_128,query,24.15,25.34
5,pool_pages,4096books,query,149.78,287.08
5,pool_pages,4096books,update,1332.28,1657.66
5,pool_pages,new_books,first_insert,1754.34,2276.47
5,sorted_deque,w4,get,13.48,14.02
5,sorted_deque,w4,best,3.10,3.28
5,sorted_deque,w4,range8,15.38,16.02
5,sorted_deque,w4,set_working,10.33,10.86
5,sorted_deque,w4,reprice_to_top,74.60,134.14
5,sorted_deque,w4,roll,72.51,78.12
5,sorted_deque,w4,aggressive_in_out,75.46,79.27
5,sorted_deque,w16,get,27.56,30.70
5,sorted_deque,w16,best,3.37,3.38
5,sorted_deque,w16,range8,19.23,19.55
5,sorted_deque,w16,set_working,28.46,36.92
5,sorted_deque,w16,reprice_to_top,82.48,86.27
5,sorted_deque,w16,roll,74.25,81.12
5,sorted_deque,w16,aggressive_in_out,67.29,73.59
5,sorted_deque,w32,get,31.61,33.34
5,sorted_deque,w32,best,3.36,3.38
5,sorted_deque,w32,range8,20.00,21.27
5,sorted_deque,w32,set_working,33.75,35.18
5,sorted_deque,w32,reprice_to_top,98.70,101.14
5,sorted_deque,w32,roll,82.39,91.47
5,sorted_deque,w32,aggressive_in_out,74.11,81.26
5,sorted_deque,w128,get,43.01,45.84
5,sorted_deque,w128,best,2.98,3.34
5,sorted_deque,w128,range8,21.86,24.06
5,sorted_deque,w128,set_working,48.02,51.90
5,sorted_deque,w128,reprice_to_top,136.56,151.32
5,sorted_deque,w128,roll,100.18,106.15
5,sorted_deque,w128,aggressive_in_out,93.91,99.22
5,sorted_deque,w512,get,56.42,59.15
5,sorted_deque,w512,best,3.25,3.37
5,sorted_deque,w512,range8,27.42,28.35
5,sorted_deque,w512,set_working,62.32,64.36
5,sorted_deque,w512,reprice_to_top,213.09,237.68
5,sorted_deque,w512,roll,116.25,120.41
5,sorted_deque,w512,aggressive_in_out,82.41,104.26
5,sorted_deque,rolling_4,update,112.53,178.10
5,sorted_deque,rolling_4,query,18.83,18.96
5,sorted_deque,outliers_4,update,125.42,142.61
5,sorted_deque,outliers_4,query,21.03,21.30
5,sorted_deque,jump_4,update,126.26,136.63
5,sorted_deque,jump_4,query,18.57,18.95
5,sorted_deque,rolling_16,update,118.75,134.51
5,sorted_deque,rolling_16,query,27.36,27.78
5,sorted_deque,outliers_16,update,115.15,125.88
5,sorted_deque,outliers_16,query,38.26,39.27
5,sorted_deque,jump_16,update,127.50,143.03
5,sorted_deque,jump_16,query,27.30,27.79
5,sorted_deque,rolling_32,update,112.89,114.27
5,sorted_deque,rolling_32,query,45.50,47.27
5,sorted_deque,outliers_32,update,112.61,114.56
5,sorted_deque,outliers_32,query,45.46,46.80
5,sorted_deque,jump_32,update,122.98,133.25
5,sorted_deque,jump_32,query,45.86,46.94
5,sorted_deque,rolling_128,update,115.93,122.05
5,sorted_deque,rolling_128,query,60.84,62.37
5,sorted_deque,outliers_128,update,115.25,122.41
5,sorted_deque,outliers_128,query,61.20,62.57
5,sorted_deque,jump_128,update,117.13,215.69
5,sorted_deque,jump_128,query,61.06,62.61
5,sorted_deque,4096books,query,86.43,179.41
5,sorted_deque,4096books,update,858.25,1059.06
5,sorted_deque,new_books,first_insert,742.85,1172.06
5,adaptive,w4,get,13.98,14.47
5,adaptive,w4,best,4.30,4.54
5,adaptive,w4,range8,15.87,16.69
5,adaptive,w4,set_working,13.18,31.44
5,adaptive,w4,reprice_to_top,81.82,83.51
5,adaptive,w4,roll,79.95,85.29
5,adaptive,w4,aggressive_in_out,81.76,85.29
5,adaptive,w16,get,26.74,28.97
5,adaptive,w16,best,3.93,4.44
5,adaptive,w16,range8,19.77,20.74
5,adaptive,w16,set_working,30.77,32.51
5,adaptive,w16,reprice_to_top,95.02,125.64
5,adaptive,w16,roll,86.41,90.61
5,adaptive,w16,aggressive_in_out,78.80,83.28
5,adaptive,w32,get,31.93,34.01
5,adaptive,w32,best,4.35,4.55
5,adaptive,w32,range8,21.62,22.74
5,adaptive,w32,set_working,37.86,40.36
5,adaptive,w32,reprice_to_top,110.61,130.28
5,adaptive,w32,roll,93.86,99.75
5,adaptive,w32,aggressive_in_out,87.21,93.80
5,adaptive,w128,get,43.40,48.25
5,adaptive,w128,best,4.35,4.54
5,adaptive,w128,range8,25.25,26.46
5,adaptive,w128,set_working,54.86,60.10
5,adaptive,w128,reprice_to_top,148.89,167.60
5,adaptive,w128,roll,113.60,118.87
5,adaptive,w128,aggressive_in_out,106.00,111.40
5,adaptive,w512,get,56.75,59.87
5,adaptive,w512,best,4.41,4.55
5,adaptive,w512,range8,27.89,30.10
5,adaptive,w512,set_working,68.98,71.88
5,adaptive,w512,reprice_to_top,218.35,248.44
5,adaptive,w512,roll,123.33,133.54
5,adaptive,w512,aggressive_in_out,119.54,128.65
5,adaptive,rolling_4,update,122.52,135.15
5,adaptive,rolling_4,query,19.86,20.62
5,adaptive,outliers_4,update,127.87,150.47
5,adaptive,outliers_4,query,22.92,23.66
5,adaptive,jump_4,update,128.37,132.68
5,adaptive,jump_4,query,19.93,47.20
5,adaptive,rolling_16,update,120.20,124.79
5,adaptive,rolling_16,query,29.02,29.51
5,adaptive,outliers_16,update,116.04,124.23
5,adaptive,outliers_16,query,39.30,40.55
5,adaptive,jump_16,update,129.86,142.00
5,adaptive,jump_16,query,28.48,29.50
5,adaptive,rolling_32,update,114.91,119.42
5,adaptive,rolling_32,query,46.09,47.39
5,adaptive,outliers_32,update,114.67,119.05
5,adaptive,outliers_32,query,46.10,47.59
5,adaptive,jump_32,update,127.61,163.95
5,adaptive,jump_32,query,46.23,47.90
5,adaptive,rolling_128,update,117.21,129.31
5,adaptive,rolling_128,query,62.36,65.57
5,adaptive,outliers_128,update,117.84,122.25
5,adaptive,outliers_128,query,62.11,64.67
5,adaptive,jump_128,update,119.64,213.68
5,adaptive,jump_128,query,63.07,66.29
5,adaptive,4096books,query,110.01,216.89
5,adaptive,4096books,update,1011.93,1203.05
5,adaptive,new_books,first_insert,792.41,1258.84
5,window64,w4,get,7.89,8.29
5,window64,w4,best,2.72,2.73
5,window64,w4,range8,6.87,6.88
5,window64,w4,set_working,5.68,5.70
5,window64,w4,reprice_to_top,43.73,44.78
5,window64,w4,roll,35.37,81.04
5,window64,w4,aggressive_in_out,37.50,69.91
5,window64,w16,get,7.12,8.40
5,window64,w16,best,3.33,3.34
5,window64,w16,range8,6.27,7.69
5,window64,w16,set_working,4.88,6.07
5,window64,w16,reprice_to_top,11.68,19.27
5,window64,w16,roll,14.47,17.59
5,window64,w16,aggressive_in_out,31.15,83.23
5,window64,w32,get,5.74,7.10
5,window64,w32,best,3.04,3.04
5,window64,w32,range8,6.28,11.08
5,window64,w32,set_working,4.52,5.65
5,window64,w32,reprice_to_top,20.91,29.89
5,window64,w32,roll,9.84,9.97
5,window64,w32,aggressive_in_out,30.88,62.19
5,window64,w128,get,25.64,29.45
5,window64,w128,best,3.04,3.05
5,window64,w128,range8,12.96,13.02
5,window64,w128,set_working,32.23,36.39
5,window64,w128,reprice_to_top,105.11,129.54
5,window64,w128,roll,81.72,113.18
5,window64,w128,aggressive_in_out,94.70,104.02
5,window64,w512,get,48.21,52.54
5,window64,w512,best,3.33,6.71
5,window64,w512,range8,22.10,28.16
5,window64,w512,set_working,49.86,60.80
5,window64,w512,reprice_to_top,113.07,162.44
5,window64,w512,roll,53.88,70.57
5,window64,w512,aggressive_in_out,57.96,79.96
5,window64,rolling_4,update,60.68,108.89
5,window64,rolling_4,query,9.62,9.70
5,window64,outliers_4,update,63.41,89.20
5,window64,outliers_4,query,10.62,10.71
5,window64,jump_4,update,63.77,80.27
5,window64,jump_4,query,9.80,18.08
5,window64,rolling_16,update,52.20,93.75
5,window64,rolling_16,query,6.26,10.24
5,window64,outliers_16,update,52.27,85.36
5,window64,outliers_16,query,6.31,6.34
5,window64,jump_16,update,58.29,101.89
5,window64,jump_16,query,10.68,11.51
5,window64,rolling_32,update,91.45,106.82
5,window64,rolling_32,query,10.91,11.71
5,window64,outliers_32,update,91.85,109.02
5,window64,outliers_32,query,11.04,11.94
5,window64,jump_32,update,109.77,125.44
5,window64,jump_32,query,11.11,12.48
5,window64,rolling_128,update,97.57,109.23
5,window64,rolling_128,query,38.37,40.93
5,window64,outliers_128,update,91.82,103.20
5,window64,outliers_128,query,38.26,42.75
5,window64,jump_128,update,109.09,178.96
5,window64,jump_128,query,49.06,52.81
5,window64,4096books,query,63.15,155.84
5,window64,4096books,update,1074.79,1286.69
5,window64,new_books,first_insert,758.29,1023.85
6,window128,w4,get,14.33,14.80
6,window128,w4,best,5.04,5.22
6,window128,w4,range8,15.52,16.96
6,window128,w4,set_working,13.40,14.19
6,window128,w4,reprice_to_top,88.05,93.73
6,window128,w4,roll,86.30,91.78
6,window128,w4,aggressive_in_out,86.26,93.08
6,window128,w16,get,9.57,10.27
6,window128,w16,best,11.96,12.54
6,window128,w16,range8,27.04,29.42
6,window128,w16,set_working,9.13,9.47
6,window128,w16,reprice_to_top,25.46,26.21
6,window128,w16,roll,21.78,23.01
6,window128,w16,aggressive_in_out,69.79,75.94
6,window128,w32,get,8.57,9.12
6,window128,w32,best,11.97,12.50
6,window128,w32,range8,26.41,28.91
6,window128,w32,set_working,8.69,9.15
6,window128,w32,reprice_to_top,28.13,29.70
6,window128,w32,roll,21.50,23.00
6,window128,w32,aggressive_in_out,76.70,109.30
6,window128,w128,get,11.50,12.82
6,window128,w128,best,12.09,12.44
6,window128,w128,range8,26.70,28.46
6,window128,w128,set_working,9.80,10.33
6,window128,w128,reprice_to_top,78.53,84.05
6,window128,w128,roll,92.98,108.61
6,window128,w128,aggressive_in_out,106.41,111.13
6,window128,w512,get,46.94,50.30
6,window128,w512,best,12.11,12.57
6,window128,w512,range8,30.88,33.77
6,window128,w512,set_working,55.81,58.29
6,window128,w512,reprice_to_top,178.92,211.86
6,window128,w512,roll,127.34,140.76
6,window128,w512,aggressive_in_out,122.22,130.84
6,window128,rolling_4,update,119.89,131.23
6,window128,rolling_4,query,19.54,20.19
6,window128,outliers_4,update,129.66,147.52
6,window128,outliers_4,query,22.46,23.45
6,window128,jump_4,update,127.34,141.16
6,window128,jump_4,query,19.53,20.16
6,window128,rolling_16,update,105.73,108.62
6,window128,rolling_16,query,14.88,15.96
6,window128,outliers_16,update,105.72,109.08
6,window128,outliers_16,query,14.84,16.01
6,window128,jump_16,update,118.69,129.16
6,window128,jump_16,query,15.13,16.09
6,window128,rolling_32,update,104.91,107.42
6,window128,rolling_32,query,14.94,16.36
6,window128,outliers_32,update,104.91,108.38
6,window128,outliers_32,query,10.66,16.07
6,window128,jump_32,update,64.90,67.22
6,window128,jump_32,query,7.40,7.44
6,window128,rolling_128,update,54.61,60.07
6,window128,rolling_128,query,9.69,10.22
6,window128,outliers_128,update,54.67,55.97
6,window128,outliers_128,query,10.98,11.92
6,window128,jump_128,update,57.93,87.44
6,window128,jump_128,query,26.43,28.23
6,window128,4096books,query,65.83,127.17
6,window128,4096books,update,797.25,1106.99
6,window128,new_books,first_insert,581.56,879.80
6,window64,w4,get,11.18,13.18
6,window64,w4,best,4.51,5.02
6,window64,w4,range8,11.64,15.52
6,window64,w4,set_working,9.38,12.79
6,window64,w4,reprice_to_top,73.49,89.72
6,window64,w4,roll,89.05,92.93
6,window64,w4,aggressive_in_out,91.34,94.91
6,window64,w16,get,8.66,9.55
6,window64,w16,best,7.26,7.75
6,window64,w16,range8,13.69,14.18
6,window64,w16,set_working,5.77,6.68
6,window64,w16,reprice_to_top,18.86,20.31
6,window64,w16,roll,16.69,17.62
6,window64,w16,aggressive_in_out,70.33,77.16
6,window64,w32,get,7.79,10.48
6,window64,w32,best,7.53,8.07
6,window64,w32,range8,13.72,14.45
6,window64,w32,set_working,6.14,6.45
6,window64,w32,reprice_to_top,37.29,40.83
6,window64,w32,roll,20.33,21.16
6,window64,w32,aggressive_in_out,56.82,72.06
6,window64,w128,get,28.08,30.60
6,window64,w128,best,8.09,8.52
6,window64,w128,range8,19.33,21.70
6,window64,w128,set_working,32.44,35.29
6,window64,w128,reprice_to_top,85.78,97.96
6,window64,w128,roll,80.09,99.82
6,window64,w128,aggressive_in_out,97.75,105.93
6,window64,w512,get,46.26,50.71
6,window64,w512,best,5.67,6.42
6,window64,w512,range8,24.55,30.05
6,window64,w512,set_working,61.11,63.68
6,window64,w512,reprice_to_top,190.13,244.36
6,window64,w512,roll,104.95,123.16
6,window64,w512,aggressive_in_out,95.00,125.39
6,window64,rolling_4,update,100.85,116.32
6,window64,rolling_4,query,15.28,18.33
6,window64,outliers_4,update,127.08,132.33
6,window64,outliers_4,query,22.26,23.44
6,window64,jump_4,update,121.04,132.51
6,window64,jump_4,query,16.79,20.62
6,window64,rolling_16,update,103.60,107.03
6,window64,rolling_16,query,12.76,13.06
6,window64,outliers_16,update,104.93,107.52
6,window64,outliers_16,query,11.89,13.17
6,window64,jump_16,update,109.38,158.63
6,window64,jump_16,query,12.71,13.00
6,window64,rolling_32,update,100.62,104.95
6,window64,rolling_32,query,12.77,13.19
6,window64,outliers_32,update,87.38,105.29
6,window64,outliers_32,query,6.27,6.29
6,window64,jump_32,update,65.25,99.18
6,window64,jump_32,query,11.64,12.95
6,window64,rolling_128,update,95.63,102.74
6,window64,rolling_128,query,37.95,40.92
6,window64,outliers_128,update,106.77,110.16
6,window64,outliers_128,query,38.23,42.43
6,window64,jump_128,update,108.21,185.04
6,window64,jump_128,query,46.34,48.36
6,window64,4096books,query,109.18,220.43
6,window64,4096books,update,909.23,1136.97
6,window64,new_books,first_insert,822.02,1057.01
6,adaptive,w4,get,13.20,13.51
6,adaptive,w4,best,4.30,4.33
6,adaptive,w4,range8,15.85,16.31
6,adaptive,w4,set_working,13.43,13.62
6,adaptive,w4,reprice_to_top,68.43,76.58
6,adaptive,w4,roll,67.22,75.19
6,adaptive,w4,aggressive_in_out,34.93,72.66
6,adaptive,w16,get,22.56,26.84
6,adaptive,w16,best,1.71,1.72
6,adaptive,w16,range8,9.54,9.58
6,adaptive,w16,set_working,24.88,27.88
6,adaptive,w16,reprice_to_top,59.68,110.54
6,adaptive,w16,roll,36.16,36.80
6,adaptive,w16,aggressive_in_out,32.54,32.89
6,adaptive,w32,get,25.15,26.29
6,adaptive,w32,best,1.86,1.86
6,adaptive,w32,range8,10.52,10.56
6,adaptive,w32,set_working,29.93,32.85
6,adaptive,w32,reprice_to_top,99.03,103.52
6,adaptive,w32,roll,39.67,88.11
6,adaptive,w32,aggressive_in_out,36.72,37.21
6,adaptive,w128,get,33.70,35.57
6,adaptive,w128,best,1.71,1.71
6,adaptive,w128,range8,12.52,12.57
6,adaptive,w128,set_working,43.53,45.19
6,adaptive,w128,reprice_to_top,89.04,96.16
6,adaptive,w128,roll,48.60,49.03
6,adaptive,w128,aggressive_in_out,76.23,92.84
6,adaptive,w512,get,43.48,51.04
6,adaptive,w512,best,1.71,1.71
6,adaptive,w512,range8,14.74,14.80
6,adaptive,w512,set_working,53.99,56.63
6,adaptive,w512,reprice_to_top,126.84,130.32
6,adaptive,w512,roll,62.16,113.27
6,adaptive,w512,aggressive_in_out,56.67,57.86
6,adaptive,rolling_4,update,62.23,63.20
6,adaptive,rolling_4,query,9.25,9.28
6,adaptive,outliers_4,update,64.76,65.75
6,adaptive,outliers_4,query,10.33,17.73
6,adaptive,jump_4,update,65.71,119.72
6,adaptive,jump_4,query,9.22,10.50
6,adaptive,rolling_16,update,62.55,111.41
6,adaptive,rolling_16,query,13.85,13.89
6,adaptive,outliers_16,update,59.21,100.12
6,adaptive,outliers_16,query,29.38,33.82
6,adaptive,jump_16,update,65.48,72.39
6,adaptive,jump_16,query,13.86,20.96
6,adaptive,rolling_32,update,60.85,100.87
6,adaptive,rolling_32,query,44.14,45.60
6,adaptive,outliers_32,update,110.29,115.37
6,adaptive,outliers_32,query,42.34,44.79
6,adaptive,jump_32,update,118.77,140.61
6,adaptive,jump_32,query,44.50,45.75
6,adaptive,rolling_128,update,101.27,118.32
6,adaptive,rolling_128,query,54.67,57.84
6,adaptive,outliers_128,update,143.07,211.37
6,adaptive,outliers_128,query,56.93,61.09
6,adaptive,jump_128,update,108.22,218.16
6,adaptive,jump_128,query,57.61,60.97
6,adaptive,4096books,query,109.79,242.77
6,adaptive,4096books,update,1061.73,1297.77
6,adaptive,new_books,first_insert,768.68,1030.64
6,sorted_deque,w4,get,10.88,11.64
6,sorted_deque,w4,best,2.35,2.61
6,sorted_deque,w4,range8,10.66,11.30
6,sorted_deque,w4,set_working,7.93,8.58
6,sorted_deque,w4,reprice_to_top,58.34,60.93
6,sorted_deque,w4,roll,56.79,65.84
6,sorted_deque,w4,aggressive_in_out,58.13,70.75
6,sorted_deque,w16,get,25.25,26.66
6,sorted_deque,w16,best,1.90,3.55
6,sorted_deque,w16,range8,11.12,13.75
6,sorted_deque,w16,set_working,24.09,26.26
6,sorted_deque,w16,reprice_to_top,88.66,135.84
6,sorted_deque,w16,roll,57.08,108.63
6,sorted_deque,w16,aggressive_in_out,49.90,52.54
6,sorted_deque,w32,get,28.90,30.70
6,sorted_deque,w32,best,2.36,2.70
6,sorted_deque,w32,range8,14.29,14.83
6,sorted_deque,w32,set_working,30.52,31.59
6,sorted_deque,w32,reprice_to_top,105.44,130.81
6,sorted_deque,w32,roll,65.40,68.29
6,sorted_deque,w32,aggressive_in_out,60.11,63.41
6,sorted_deque,w128,get,41.43,46.32
6,sorted_deque,w128,best,3.02,3.41
6,sorted_deque,w128,range8,17.55,31.78
6,sorted_deque,w128,set_working,46.69,50.75
6,sorted_deque,w128,reprice_to_top,107.24,123.36
6,sorted_deque,w128,roll,44.33,44.95
6,sorted_deque,w128,aggressive_in_out,41.38,41.87
6,sorted_deque,w512,get,44.09,45.81
6,sorted_deque,w512,best,1.41,1.42
6,sorted_deque,w512,range8,14.26,19.35
6,sorted_deque,w512,set_working,49.59,51.00
6,sorted_deque,w512,reprice_to_top,125.21,169.92
6,sorted_deque,w512,roll,52.80,53.35
6,sorted_deque,w512,aggressive_in_out,52.55,60.05
6,sorted_deque,rolling_4,update,58.53,63.40
6,sorted_deque,rolling_4,query,8.34,8.52
6,sorted_deque,outliers_4,update,61.17,93.66
6,sorted_deque,outliers_4,query,9.88,15.01
6,sorted_deque,jump_4,update,61.53,113.05
6,sorted_deque,jump_4,query,8.34,8.45
6,sorted_deque,rolling_16,update,57.56,58.09
6,sorted_deque,rolling_16,query,13.31,13.49
6,sorted_deque,outliers_16,update,54.64,55.11
6,sorted_deque,outliers_16,query,29.85,30.88
6,sorted_deque,jump_16,update,61.88,63.33
6,sorted_deque,jump_16,query,13.30,13.34
6,sorted_deque,rolling_32,update,54.11,54.62
6,sorted_deque,rolling_32,query,35.71,36.53
6,sorted_deque,outliers_32,update,63.74,80.86
6,sorted_deque,outliers_32,query,35.48,36.32
6,sorted_deque,jump_32,update,60.87,87.18
6,sorted_deque,jump_32,query,36.00,44.27
6,sorted_deque,rolling_128,update,58.30,97.95
6,sorted_deque,rolling_128,query,48.32,49.80
6,sorted_deque,outliers_128,update,56.80,65.41
6,sorted_deque,outliers_128,query,48.05,49.18
6,sorted_deque,jump_128,update,58.40,88.40
6,sorted_deque,jump_128,query,49.43,56.31
6,sorted_deque,4096books,query,59.36,139.43
6,sorted_deque,4096books,update,587.84,739.28
6,sorted_deque,new_books,first_insert,573.28,894.53
6,pool_pages,w4,get,13.47,14.69
6,pool_pages,w4,best,6.04,6.18
6,pool_pages,w4,range8,8.03,16.64
6,pool_pages,w4,set_working,14.69,16.74
6,pool_pages,w4,reprice_to_top,24.52,39.97
6,pool_pages,w4,roll,21.27,34.92
6,pool_pages,w4,aggressive_in_out,101.40,226.35
6,pool_pages,w16,get,8.57,11.12
6,pool_pages,w16,best,6.27,6.42
6,pool_pages,w16,range8,7.72,7.77
6,pool_pages,w16,set_working,9.26,10.00
6,pool_pages,w16,reprice_to_top,25.55,26.54
6,pool_pages,w16,roll,20.75,44.12
6,pool_pages,w16,aggressive_in_out,199.68,311.52
6,pool_pages,w32,get,11.23,11.66
6,pool_pages,w32,best,13.71,14.96
6,pool_pages,w32,range8,18.62,20.62
6,pool_pages,w32,set_working,16.95,17.97
6,pool_pages,w32,reprice_to_top,56.49,61.17
6,pool_pages,w32,roll,53.06,56.34
6,pool_pages,w32,aggressive_in_out,230.36,260.06
6,pool_pages,w128,get,16.20,16.92
6,pool_pages,w128,best,14.70,15.70
6,pool_pages,w128,range8,19.84,20.64
6,pool_pages,w128,set_working,20.52,21.25
6,pool_pages,w128,reprice_to_top,75.38,82.47
6,pool_pages,w128,roll,54.18,58.59
6,pool_pages,w128,aggressive_in_out,249.79,277.96
6,pool_pages,w512,get,21.24,21.99
6,pool_pages,w512,best,14.13,16.17
6,pool_pages,w512,range8,15.04,16.10
6,pool_pages,w512,set_working,24.22,27.83
6,pool_pages,w512,reprice_to_top,85.97,105.85
6,pool_pages,w512,roll,56.21,63.19
6,pool_pages,w512,aggressive_in_out,119.95,153.71
6,pool_pages,rolling_4,update,106.76,111.36
6,pool_pages,rolling_4,query,15.52,16.08
6,pool_pages,outliers_4,update,58.19,104.04
6,pool_pages,outliers_4,query,15.85,16.52
6,pool_pages,jump_4,update,68.31,113.95
6,pool_pages,jump_4,query,9.44,9.50
6,pool_pages,rolling_16,update,80.24,106.60
6,pool_pages,rolling_16,query,11.30,18.05
6,pool_pages,outliers_16,update,55.07,96.77
6,pool_pages,outliers_16,query,11.67,16.72
6,pool_pages,jump_16,update,94.88,113.81
6,pool_pages,jump_16,query,9.48,9.55
6,pool_pages,rolling_32,update,53.26,91.19
6,pool_pages,rolling_32,query,10.42,10.66
6,pool_pages,outliers_32,update,53.23,54.33
6,pool_pages,outliers_32,query,10.91,15.79
6,pool_pages,jump_32,update,59.41,60.32
6,pool_pages,jump_32,query,11.68,13.95
6,pool_pages,rolling_128,update,54.58,55.27
6,pool_pages,rolling_128,query,16.64,22.02
6,pool_pages,outliers_128,update,53.92,85.69
6,pool_pages,outliers_128,query,16.79,21.95
6,pool_pages,jump_128,update,97.34,148.24
6,pool_pages,jump_128,query,20.23,21.67
6,pool_pages,4096books,query,92.50,215.87
6,pool_pages,4096books,update,955.22,1271.09
6,pool_pages,new_books,first_insert,1814.55,2313.35
6,absl_btree,w4,get,16.82,17.68
6,absl_btree,w4,best,2.98,3.21
6,absl_btree,w4,range8,17.28,18.82
6,absl_btree,w4,set_working,22.92,24.93
6,absl_btree,w4,reprice_to_top,87.54,93.81
6,absl_btree,w4,roll,74.77,79.61
6,absl_btree,w4,aggressive_in_out,81.96,87.42
6,absl_btree,w16,get,24.29,25.25
6,absl_btree,w16,best,2.89,3.26
6,absl_btree,w16,range8,27.31,30.45
6,absl_btree,w16,set_working,31.12,33.29
6,absl_btree,w16,reprice_to_top,136.07,152.47
6,absl_btree,w16,roll,114.04,119.34
6,absl_btree,w16,aggressive_in_out,105.74,114.04
6,absl_btree,w32,get,26.73,28.09
6,absl_btree,w32,best,3.25,3.37
6,absl_btree,w32,range8,32.29,32.84
6,absl_btree,w32,set_working,36.39,38.18
6,absl_btree,w32,reprice_to_top,191.14,220.54
6,absl_btree,w32,roll,142.99,154.74
6,absl_btree,w32,aggressive_in_out,107.25,115.09
6,absl_btree,w128,get,33.48,35.44
6,absl_btree,w128,best,3.10,3.35
6,absl_btree,w128,range8,31.98,34.77
6,absl_btree,w128,set_working,50.76,53.39
6,absl_btree,w128,reprice_to_top,298.23,328.63
6,absl_btree,w128,roll,210.66,235.36
6,absl_btree,w128,aggressive_in_out,124.04,131.44
6,absl_btree,w512,get,42.85,46.88
6,absl_btree,w512,best,3.14,3.36
6,absl_btree,w512,range8,32.11,34.83
6,absl_btree,w512,set_working,59.55,64.56
6,absl_btree,w512,reprice_to_top,359.17,450.00
6,absl_btree,w512,roll,234.58,256.55
6,absl_btree,w512,aggressive_in_out,147.37,158.57
6,absl_btree,rolling_4,update,128.17,132.06
6,absl_btree,rolling_4,query,22.91,23.56
6,absl_btree,outliers_4,update,130.39,142.97
6,absl_btree,outliers_4,query,23.19,23.77
6,absl_btree,jump_4,update,139.91,153.43
6,absl_btree,jump_4,query,22.76,23.69
6,absl_btree,rolling_16,update,115.58,127.77
6,absl_btree,rolling_16,query,34.25,35.10
6,absl_btree,outliers_16,update,116.23,131.72
6,absl_btree,outliers_16,query,34.35,35.32
6,absl_btree,jump_16,update,130.82,146.08
6,absl_btree,jump_16,query,32.82,34.13
6,absl_btree,rolling_32,update,113.95,117.43
6,absl_btree,rolling_32,query,37.20,38.23
6,absl_btree,outliers_32,update,114.84,121.13
6,absl_btree,outliers_32,query,33.89,37.52
6,absl_btree,jump_32,update,142.51,163.60
6,absl_btree,jump_32,query,36.77,38.76
6,absl_btree,rolling_128,update,113.76,118.58
6,absl_btree,rolling_128,query,49.55,50.97
6,absl_btree,outliers_128,update,114.83,120.00
6,absl_btree,outliers_128,query,49.71,50.95
6,absl_btree,jump_128,update,116.99,305.19
6,absl_btree,jump_128,query,49.43,50.47
6,absl_btree,4096books,query,99.12,196.44
6,absl_btree,4096books,update,1146.36,1419.17
6,absl_btree,new_books,first_insert,710.07,980.91
7,absl_btree,w4,get,16.54,17.20
7,absl_btree,w4,best,3.23,3.31
7,absl_btree,w4,range8,18.26,18.88
7,absl_btree,w4,set_working,21.94,24.43
7,absl_btree,w4,reprice_to_top,86.84,92.63
7,absl_btree,w4,roll,75.20,82.45
7,absl_btree,w4,aggressive_in_out,79.70,87.03
7,absl_btree,w16,get,22.78,24.11
7,absl_btree,w16,best,3.30,3.32
7,absl_btree,w16,range8,26.01,30.65
7,absl_btree,w16,set_working,30.78,33.19
7,absl_btree,w16,reprice_to_top,135.88,154.87
7,absl_btree,w16,roll,112.43,119.01
7,absl_btree,w16,aggressive_in_out,100.72,112.47
7,absl_btree,w32,get,26.05,28.39
7,absl_btree,w32,best,3.37,3.38
7,absl_btree,w32,range8,30.85,32.86
7,absl_btree,w32,set_working,34.95,36.94
7,absl_btree,w32,reprice_to_top,183.69,209.25
7,absl_btree,w32,roll,137.65,148.18
7,absl_btree,w32,aggressive_in_out,102.19,113.86
7,absl_btree,w128,get,32.58,35.54
7,absl_btree,w128,best,3.34,3.37
7,absl_btree,w128,range8,33.66,35.23
7,absl_btree,w128,set_working,48.85,52.06
7,absl_btree,w128,reprice_to_top,290.07,329.99
7,absl_btree,w128,roll,198.80,223.55
7,absl_btree,w128,aggressive_in_out,121.41,134.93
7,absl_btree,w512,get,40.68,43.94
7,absl_btree,w512,best,3.31,3.35
7,absl_btree,w512,range8,29.39,34.73
7,absl_btree,w512,set_working,55.88,59.75
7,absl_btree,w512,reprice_to_top,348.11,443.24
7,absl_btree,w512,roll,228.84,249.83
7,absl_btree,w512,aggressive_in_out,147.14,160.69
7,absl_btree,rolling_4,update,126.54,132.79
7,absl_btree,rolling_4,query,21.84,22.93
7,absl_btree,outliers_4,update,130.90,150.65
7,absl_btree,outliers_4,query,22.04,23.45
7,absl_btree,jump_4,update,133.39,144.55
7,absl_btree,jump_4,query,21.56,22.55
7,absl_btree,rolling_16,update,116.32,120.77
7,absl_btree,rolling_16,query,33.11,34.09
7,absl_btree,outliers_16,update,118.27,121.84
7,absl_btree,outliers_16,query,33.16,34.26
7,absl_btree,jump_16,update,132.41,142.67
7,absl_btree,jump_16,query,30.09,32.21
7,absl_btree,rolling_32,update,107.90,119.56
7,absl_btree,rolling_32,query,37.32,38.93
7,absl_btree,outliers_32,update,112.20,116.99
7,absl_btree,outliers_32,query,38.04,39.72
7,absl_btree,jump_32,update,121.92,166.45
7,absl_btree,jump_32,query,36.11,37.34
7,absl_btree,rolling_128,update,114.03,121.35
7,absl_btree,rolling_128,query,48.17,49.56
7,absl_btree,outliers_128,update,113.95,131.32
7,absl_btree,outliers_128,query,47.87,49.69
7,absl_btree,jump_128,update,115.66,323.95
7,absl_btree,jump_128,query,47.77,50.18
7,absl_btree,4096books,query,69.82,153.39
7,absl_btree,4096books,update,1074.71,1311.27
7,absl_btree,new_books,first_insert,675.31,1020.74
7,window128,w4,get,13.70,14.21
7,window128,w4,best,4.49,5.21
7,window128,w4,range8,14.16,17.02
7,window128,w4,set_working,13.13,14.24
7,window128,w4,reprice_to_top,90.26,96.73
7,window128,w4,roll,77.92,94.42
7,window128,w4,aggressive_in_out,91.14,97.96
7,window128,w16,get,9.02,9.65
7,window128,w16,best,12.62,12.99
7,window128,w16,range8,26.88,29.98
7,window128,w16,set_working,8.88,9.17
7,window128,w16,reprice_to_top,23.78,25.51
7,window128,w16,roll,22.45,23.51
7,window128,w16,aggressive_in_out,73.72,79.98
7,window128,w32,get,7.90,8.59
7,window128,w32,best,12.85,13.01
7,window128,w32,range8,27.54,30.21
7,window128,w32,set_working,8.11,8.94
7,window128,w32,reprice_to_top,26.72,28.55
7,window128,w32,roll,22.54,23.55
7,window128,w32,aggressive_in_out,71.02,79.67
7,window128,w128,get,10.06,11.07
7,window128,w128,best,12.93,13.05
7,window128,w128,range8,26.83,29.09
7,window128,w128,set_working,9.09,9.80
7,window128,w128,reprice_to_top,75.52,83.48
7,window128,w128,roll,93.94,103.02
7,window128,w128,aggressive_in_out,108.32,114.98
7,window128,w512,get,44.50,47.76
7,window128,w512,best,11.66,12.69
7,window128,w512,range8,30.84,34.25
7,window128,w512,set_working,55.73,59.57
7,window128,w512,reprice_to_top,173.84,191.92
7,window128,w512,roll,131.18,146.50
7,window128,w512,aggressive_in_out,126.29,138.43
7,window128,rolling_4,update,123.92,128.22
7,window128,rolling_4,query,18.20,19.66
7,window128,outliers_4,update,131.38,142.32
7,window128,outliers_4,query,21.75,22.93
7,window128,jump_4,update,131.19,137.21
7,window128,jump_4,query,19.48,20.08
7,window128,rolling_16,update,106.49,113.11
7,window128,rolling_16,query,12.12,14.61
7,window128,outliers_16,update,107.34,110.72
7,window128,outliers_16,query,14.04,14.62
7,window128,jump_16,update,123.29,127.37
7,window128,jump_16,query,14.11,14.61
7,window128,rolling_32,update,107.83,111.33
7,window128,rolling_32,query,14.09,14.79
7,window128,outliers_32,update,106.09,111.23
7,window128,outliers_32,query,11.92,14.81
7,window128,jump_32,update,119.77,137.43
7,window128,jump_32,query,14.65,14.85
7,window128,rolling_128,update,108.38,114.62
7,window128,rolling_128,query,16.62,17.66
7,window128,outliers_128,update,108.15,115.33
7,window128,outliers_128,query,16.72,18.41
7,window128,jump_128,update,114.91,187.91
7,window128,jump_128,query,34.79,36.93
7,window128,4096books,query,109.45,211.59
7,window128,4096books,update,1070.01,1326.80
7,window128,new_books,first_insert,776.52,1084.28
7,window64,w4,get,13.12,13.91
7,window64,w4,best,4.26,5.11
7,window64,w4,range8,15.19,16.87
7,window64,w4,set_working,12.93,14.31
7,window64,w4,reprice_to_top,92.27,97.03
7,window64,w4,roll,88.14,95.68
7,window64,w4,aggressive_in_out,93.36,98.64
7,window64,w16,get,7.90,8.94
7,window64,w16,best,7.39,7.97
7,window64,w16,range8,12.59,14.22
7,window64,w16,set_working,6.41,6.71
7,window64,w16,reprice_to_top,22.12,23.77
7,window64,w16,roll,19.16,21.01
7,window64,w16,aggressive_in_out,81.30,85.30
7,window64,w32,get,6.00,7.66
7,window64,w32,best,4.31,5.26
7,window64,w32,range8,9.75,13.96
7,window64,w32,set_working,5.09,5.67
7,window64,w32,reprice_to_top,37.71,41.19
7,window64,w32,roll,18.69,20.58
7,window64,w32,aggressive_in_out,83.02,85.50
7,window64,w128,get,27.22,30.22
7,window64,w128,best,7.00,7.74
7,window64,w128,range8,27.96,30.10
7,window64,w128,set_working,35.62,37.99
7,window64,w128,reprice_to_top,98.50,110.42
7,window64,w128,roll,105.88,114.05
7,window64,w128,aggressive_in_out,97.71,113.05
7,window64,w512,get,50.04,54.27
7,window64,w512,best,7.48,8.04
7,window64,w512,range8,32.89,34.15
7,window64,w512,set_working,60.83,63.21
7,window64,w512,reprice_to_top,189.80,206.89
7,window64,w512,roll,122.45,135.26
7,window64,w512,aggressive_in_out,129.82,138.77
7,window64,rolling_4,update,124.35,128.62
7,window64,rolling_4,query,21.41,21.86
7,window64,outliers_4,update,129.21,146.81
7,window64,outliers_4,query,23.96,24.78
7,window64,jump_4,update,130.08,137.90
7,window64,jump_4,query,19.93,21.45
7,window64,rolling_16,update,106.25,112.10
7,window64,rolling_16,query,12.71,13.25
7,window64,outliers_16,update,105.75,110.32
7,window64,outliers_16,query,12.86,13.57
7,window64,jump_16,update,120.23,126.55
7,window64,jump_16,query,13.49,13.64
7,window64,rolling_32,update,101.71,107.18
7,window64,rolling_32,query,12.38,13.10
7,window64,outliers_32,update,105.76,109.62
7,window64,outliers_32,query,11.88,12.92
7,window64,jump_32,update,114.38,137.66
7,window64,jump_32,query,13.47,13.63
7,window64,rolling_128,update,109.76,115.85
7,window64,rolling_128,query,40.68,43.67
7,window64,outliers_128,update,105.55,113.94
7,window64,outliers_128,query,39.86,43.55
7,window64,jump_128,update,114.67,200.10
7,window64,jump_128,query,47.18,52.77
7,window64,4096books,query,114.00,224.80
7,window64,4096books,update,1072.98,1396.45
7,window64,new_books,first_insert,835.94,1042.79
7,adaptive,w4,get,13.20,13.90
7,adaptive,w4,best,4.48,4.54
7,adaptive,w4,range8,12.22,17.01
7,adaptive,w4,set_working,13.24,14.15
7,adaptive,w4,reprice_to_top,81.00,84.78
7,adaptive,w4,roll,81.09,86.88
7,adaptive,w4,aggressive_in_out,81.33,87.74
7,adaptive,w16,get,25.07,26.48
7,adaptive,w16,best,4.48,4.50
7,adaptive,w16,range8,18.81,20.94
7,adaptive,w16,set_working,29.56,31.59
7,adaptive,w16,reprice_to_top,90.55,95.80
7,adaptive,w16,roll,79.11,90.65
7,adaptive,w16,aggressive_in_out,78.76,84.55
7,adaptive,w32,get,29.49,31.03
7,adaptive,w32,best,3.12,4.02
7,adaptive,w32,range8,20.18,22.38
7,adaptive,w32,set_working,35.70,37.45
7,adaptive,w32,reprice_to_top,106.76,112.18
7,adaptive,w32,roll,91.45,99.58
7,adaptive,w32,aggressive_in_out,83.77,92.34
7,adaptive,w128,get,38.75,42.78
7,adaptive,w128,best,4.47,4.51
7,adaptive,w128,range8,23.47,26.13
7,adaptive,w128,set_working,52.30,55.79
7,adaptive,w128,reprice_to_top,139.50,151.40
7,adaptive,w128,roll,111.10,118.35
7,adaptive,w128,aggressive_in_out,103.18,110.24
7,adaptive,w512,get,51.38,55.80
7,adaptive,w512,best,2.70,4.04
7,adaptive,w512,range8,26.62,28.62
7,adaptive,w512,set_working,66.23,71.80
7,adaptive,w512,reprice_to_top,211.60,230.86
7,adaptive,w512,roll,118.54,133.68
7,adaptive,w512,aggressive_in_out,114.84,128.08
7,adaptive,rolling_4,update,122.11,127.21
7,adaptive,rolling_4,query,18.09,20.23
7,adaptive,outliers_4,update,126.06,132.53
7,adaptive,outliers_4,query,22.88,23.60
7,adaptive,jump_4,update,126.07,139.36
7,adaptive,jump_4,query,18.66,20.73
7,adaptive,rolling_16,update,119.41,132.29
7,adaptive,rolling_16,query,26.90,29.09
7,adaptive,outliers_16,update,119.09,134.03
7,adaptive,outliers_16,query,36.35,37.84
7,adaptive,jump_16,update,129.01,143.85
7,adaptive,jump_16,query,24.73,28.00
7,adaptive,rolling_32,update,112.86,122.23
7,adaptive,rolling_32,query,44.30,47.67
7,adaptive,outliers_32,update,113.61,119.56
7,adaptive,outliers_32,query,43.59,47.08
7,adaptive,jump_32,update,120.36,139.36
7,adaptive,jump_32,query,43.72,47.23
7,adaptive,rolling_128,update,114.51,123.43
7,adaptive,rolling_128,query,60.45,62.87
7,adaptive,outliers_128,update,115.59,123.11
7,adaptive,outliers_128,query,60.78,66.25
7,adaptive,jump_128,update,117.40,180.36
7,adaptive,jump_128,query,59.39,64.57
7,adaptive,4096books,query,109.98,203.67
7,adaptive,4096books,update,984.18,1245.25
7,adaptive,new_books,first_insert,830.14,1108.02
7,sorted_deque,w4,get,12.09,12.66
7,sorted_deque,w4,best,2.51,3.33
7,sorted_deque,w4,range8,14.93,15.78
7,sorted_deque,w4,set_working,10.52,10.59
7,sorted_deque,w4,reprice_to_top,71.10,75.12
7,sorted_deque,w4,roll,71.75,75.97
7,sorted_deque,w4,aggressive_in_out,73.71,78.39
7,sorted_deque,w16,get,25.16,26.42
7,sorted_deque,w16,best,2.56,3.06
7,sorted_deque,w16,range8,11.12,17.34
7,sorted_deque,w16,set_working,26.05,27.69
7,sorted_deque,w16,reprice_to_top,81.79,86.78
7,sorted_deque,w16,roll,77.65,82.57
7,sorted_deque,w16,aggressive_in_out,69.20,73.73
7,sorted_deque,w32,get,30.14,32.01
7,sorted_deque,w32,best,2.95,3.37
7,sorted_deque,w32,range8,20.28,21.29
7,sorted_deque,w32,set_working,33.37,34.45
7,sorted_deque,w32,reprice_to_top,96.35,100.14
7,sorted_deque,w32,roll,77.68,88.40
7,sorted_deque,w32,aggressive_in_out,77.43,82.76
7,sorted_deque,w128,get,40.56,44.24
7,sorted_deque,w128,best,3.27,3.33
7,sorted_deque,w128,range8,22.68,24.44
7,sorted_deque,w128,set_working,47.07,49.57
7,sorted_deque,w128,reprice_to_top,132.98,144.33
7,sorted_deque,w128,roll,95.74,107.32
7,sorted_deque,w128,aggressive_in_out,87.90,97.07
7,sorted_deque,w512,get,54.63,58.82
7,sorted_deque,w512,best,3.34,3.37
7,sorted_deque,w512,range8,27.66,28.29
7,sorted_deque,w512,set_working,59.79,61.87
7,sorted_deque,w512,reprice_to_top,203.55,230.30
7,sorted_deque,w512,roll,111.28,123.50
7,sorted_deque,w512,aggressive_in_out,108.63,117.29
7,sorted_deque,rolling_4,update,120.69,125.48
7,sorted_deque,rolling_4,query,17.07,18.70
7,sorted_deque,outliers_4,update,127.76,132.39
7,sorted_deque,outliers_4,query,16.31,20.81
7,sorted_deque,jump_4,update,125.46,131.18
7,sorted_deque,jump_4,query,17.14,18.29
7,sorted_deque,rolling_16,update,117.50,121.86
7,sorted_deque,rolling_16,query,27.19,27.39
7,sorted_deque,outliers_16,update,111.50,120.53
7,sorted_deque,outliers_16,query,37.66,39.22
7,sorted_deque,jump_16,update,123.09,131.74
7,sorted_deque,jump_16,query,24.37,26.52
7,sorted_deque,rolling_32,update,112.14,115.22
7,sorted_deque,rolling_32,query,44.54,45.88
7,sorted_deque,outliers_32,update,107.92,121.61
7,sorted_deque,outliers_32,query,44.28,45.46
7,sorted_deque,jump_32,update,113.24,133.95
7,sorted_deque,jump_32,query,43.85,45.80
7,sorted_deque,rolling_128,update,111.36,116.16
7,sorted_deque,rolling_128,query,59.46,61.96
7,sorted_deque,outliers_128,update,112.33,129.51
7,sorted_deque,outliers_128,query,59.75,61.32
7,sorted_deque,jump_128,update,112.93,217.45
7,sorted_deque,jump_128,query,59.76,61.82
7,sorted_deque,4096books,query,114.64,226.48
7,sorted_deque,4096books,update,948.57,1152.69
7,sorted_deque,new_books,first_insert,623.52,871.32
7,pool_pages,w4,get,14.07,14.88
7,pool_pages,w4,best,14.55,15.13
7,pool_pages,w4,range8,18.16,18.93
7,pool_pages,w4,set_working,23.30,25.07
7,pool_pages,w4,reprice_to_top,52.57,57.88
7,pool_pages,w4,roll,51.27,53.83
7,pool_pages,w4,aggressive_in_out,225.30,251.71
7,pool_pages,w16,get,11.44,12.02
7,pool_pages,w16,best,13.88,14.89
7,pool_pages,w16,range8,16.68,19.42
7,pool_pages,w16,set_working,13.50,17.61
7,pool_pages,w16,reprice_to_top,53.84,58.38
7,pool_pages,w16,roll,46.63,52.10
7,pool_pages,w16,aggressive_in_out,221.80,250.24
7,pool_pages,w32,get,9.82,10.49
7,pool_pages,w32,best,12.88,14.81
7,pool_pages,w32,range8,16.98,18.56
7,pool_pages,w32,set_working,16.84,17.57
7,pool_pages,w32,reprice_to_top,56.03,58.34
7,pool_pages,w32,roll,51.91,52.59
7,pool_pages,w32,aggressive_in_out,226.10,247.36
7,pool_pages,w128,get,14.36,14.99
7,pool_pages,w128,best,14.77,14.95
7,pool_pages,w128,range8,18.84,20.14
7,pool_pages,w128,set_working,12.36,18.07
7,pool_pages,w128,reprice_to_top,43.18,57.60
7,pool_pages,w128,roll,20.85,21.38
7,pool_pages,w128,aggressive_in_out,105.68,260.57
7,pool_pages,w512,get,15.72,17.22
7,pool_pages,w512,best,7.16,12.32
7,pool_pages,w512,range8,7.72,7.75
7,pool_pages,w512,set_working,17.57,18.22
7,pool_pages,w512,reprice_to_top,58.81,79.95
7,pool_pages,w512,roll,26.97,52.58
7,pool_pages,w512,aggressive_in_out,120.05,136.17
7,pool_pages,rolling_4,update,63.15,115.72
7,pool_pages,rolling_4,query,15.72,20.45
7,pool_pages,outliers_4,update,62.65,63.96
7,pool_pages,outliers_4,query,17.76,21.57
7,pool_pages,jump_4,update,67.77,113.84
7,pool_pages,jump_4,query,9.48,9.54
7,pool_pages,rolling_16,update,60.23,79.53
7,pool_pages,rolling_16,query,11.17,11.57
7,pool_pages,outliers_16,update,60.12,62.11
7,pool_pages,outliers_16,query,11.49,11.82
7,pool_pages,jump_16,update,63.66,93.74
7,pool_pages,jump_16,query,9.52,14.57
7,pool_pages,rolling_32,update,57.62,80.23
7,pool_pages,rolling_32,query,10.53,14.92
7,pool_pages,outliers_32,update,55.03,62.16
7,pool_pages,outliers_32,query,10.75,11.00
7,pool_pages,jump_32,update,63.46,71.80
7,pool_pages,jump_32,query,9.51,9.58
7,pool_pages,rolling_128,update,80.97,105.00
7,pool_pages,rolling_128,query,23.32,24.34
7,pool_pages,outliers_128,update,99.39,128.27
7,pool_pages,outliers_128,query,21.63,26.42
7,pool_pages,jump_128,update,93.03,136.75
7,pool_pages,jump_128,query,24.12,30.68
7,pool_pages,4096books,query,144.76,274.34
7,pool_pages,4096books,update,1194.97,1454.75
7,pool_pages,new_books,first_insert,695.62,956.95
8,pool_pages,w4,get,10.93,11.69
8,pool_pages,w4,best,5.99,10.11
8,pool_pages,w4,range8,8.03,12.00
8,pool_pages,w4,set_working,15.24,22.38
8,pool_pages,w4,reprice_to_top,23.41,25.69
8,pool_pages,w4,roll,20.35,35.43
8,pool_pages,w4,aggressive_in_out,101.50,119.83
8,pool_pages,w16,get,7.90,8.55
8,pool_pages,w16,best,6.12,6.20
8,pool_pages,w16,range8,7.90,7.91
8,pool_pages,w16,set_working,9.08,9.73
8,pool_pages,w16,reprice_to_top,25.39,30.46
8,pool_pages,w16,roll,20.65,20.84
8,pool_pages,w16,aggressive_in_out,101.74,165.24
8,pool_pages,w32,get,7.26,7.73
8,pool_pages,w32,best,6.12,6.85
8,pool_pages,w32,range8,7.91,8.05
8,pool_pages,w32,set_working,8.03,8.57
8,pool_pages,w32,reprice_to_top,29.50,31.94
8,pool_pages,w32,roll,20.77,36.85
8,pool_pages,w32,aggressive_in_out,102.06,211.55
8,pool_pages,w128,get,11.25,14.61
8,pool_pages,w128,best,6.85,6.89
8,pool_pages,w128,range8,7.73,7.77
8,pool_pages,w128,set_working,12.11,12.71
8,pool_pages,w128,reprice_to_top,42.95,65.39
8,pool_pages,w128,roll,20.84,21.16
8,pool_pages,w128,aggressive_in_out,105.37,119.30
8,pool_pages,w512,get,15.84,16.49
8,pool_pages,w512,best,7.16,7.22
8,pool_pages,w512,range8,7.75,8.05
8,pool_pages,w512,set_working,17.75,18.38
8,pool_pages,w512,reprice_to_top,57.52,63.17
8,pool_pages,w512,roll,35.97,49.44
8,pool_pages,w512,aggressive_in_out,137.06,256.39
8,pool_pages,rolling_4,update,62.66,79.32
8,pool_pages,rolling_4,query,15.61,16.13
8,pool_pages,outliers_4,update,62.61,83.68
8,pool_pages,outliers_4,query,15.91,16.47
8,pool_pages,jump_4,update,71.32,116.88
8,pool_pages,jump_4,query,9.45,9.51
8,pool_pages,rolling_16,update,61.31,62.79
8,pool_pages,rolling_16,query,11.18,11.59
8,pool_pages,outliers_16,update,60.05,65.97
8,pool_pages,outliers_16,query,11.52,11.89
8,pool_pages,jump_16,update,64.71,72.04
8,pool_pages,jump_16,query,9.49,9.54
8,pool_pages,rolling_32,update,57.65,93.33
8,pool_pages,rolling_32,query,10.41,10.73
8,pool_pages,outliers_32,update,54.80,59.82
8,pool_pages,outliers_32,query,10.87,17.73
8,pool_pages,jump_32,update,63.36,103.01
8,pool_pages,jump_32,query,9.53,15.16
8,pool_pages,rolling_128,update,56.05,63.30
8,pool_pages,rolling_128,query,16.10,16.81
8,pool_pages,outliers_128,update,56.07,63.92
8,pool_pages,outliers_128,query,16.50,17.14
8,pool_pages,jump_128,update,56.50,88.20
8,pool_pages,jump_128,query,15.93,16.48
8,pool_pages,4096books,query,155.50,290.58
8,pool_pages,4096books,update,1315.39,1569.88
8,pool_pages,new_books,first_insert,774.21,993.84
8,absl_btree,w4,get,14.00,14.48
8,absl_btree,w4,best,1.56,1.56
8,absl_btree,w4,range8,6.91,7.16
8,absl_btree,w4,set_working,17.96,19.10
8,absl_btree,w4,reprice_to_top,48.64,49.58
8,absl_btree,w4,roll,32.21,49.70
8,absl_btree,w4,aggressive_in_out,37.15,38.00
8,absl_btree,w16,get,20.08,28.40
8,absl_btree,w16,best,1.56,1.56
8,absl_btree,w16,range8,12.20,20.22
8,absl_btree,w16,set_working,25.79,27.85
8,absl_btree,w16,reprice_to_top,77.83,95.18
8,absl_btree,w16,roll,50.05,50.81
8,absl_btree,w16,aggressive_in_out,49.87,51.96
8,absl_btree,w32,get,22.55,23.50
8,absl_btree,w32,best,1.56,1.56
8,absl_btree,w32,range8,13.09,13.10
8,absl_btree,w32,set_working,30.00,31.24
8,absl_btree,w32,reprice_to_top,120.83,143.37
8,absl_btree,w32,roll,65.08,104.55
8,absl_btree,w32,aggressive_in_out,53.81,86.66
8,absl_btree,w128,get,28.39,32.95
8,absl_btree,w128,best,1.56,1.56
8,absl_btree,w128,range8,14.51,14.55
8,absl_btree,w128,set_working,44.28,46.89
8,absl_btree,w128,reprice_to_top,205.52,223.41
8,absl_btree,w128,roll,128.65,211.38
8,absl_btree,w128,aggressive_in_out,60.72,65.27
8,absl_btree,w512,get,37.94,40.28
8,absl_btree,w512,best,1.56,1.56
8,absl_btree,w512,range8,14.51,14.79
8,absl_btree,w512,set_working,47.92,51.10
8,absl_btree,w512,reprice_to_top,246.02,318.48
8,absl_btree,w512,roll,153.20,192.22
8,absl_btree,w512,aggressive_in_out,84.32,163.21
8,absl_btree,rolling_4,update,208.87,395.26
8,absl_btree,rolling_4,query,17.53,22.05
8,absl_btree,outliers_4,update,61.52,115.11
8,absl_btree,outliers_4,query,19.00,22.46
8,absl_btree,jump_4,update,65.98,110.52
8,absl_btree,jump_4,query,17.14,17.80
8,absl_btree,rolling_16,update,59.78,70.06
8,absl_btree,rolling_16,query,28.09,28.83
8,absl_btree,outliers_16,update,59.35,98.50
8,absl_btree,outliers_16,query,28.32,30.17
8,absl_btree,jump_16,update,67.50,118.13
8,absl_btree,jump_16,query,26.94,30.65
8,absl_btree,rolling_32,update,57.83,70.21
8,absl_btree,rolling_32,query,31.09,36.27
8,absl_btree,outliers_32,update,96.79,107.42
8,absl_btree,outliers_32,query,36.18,40.39
8,absl_btree,jump_32,update,74.64,93.70
8,absl_btree,jump_32,query,30.82,31.64
8,absl_btree,rolling_128,update,58.10,59.92
8,absl_btree,rolling_128,query,40.15,40.92
8,absl_btree,outliers_128,update,58.15,76.33
8,absl_btree,outliers_128,query,40.77,45.36
8,absl_btree,jump_128,update,60.66,195.08
8,absl_btree,jump_128,query,40.64,46.95
8,absl_btree,4096books,query,47.27,89.54
8,absl_btree,4096books,update,637.98,959.96
8,absl_btree,new_books,first_insert,586.31,833.39
8,window128,w4,get,7.84,8.29
8,window128,w4,best,2.88,2.89
8,window128,w4,range8,6.91,6.93
8,window128,w4,set_working,5.68,5.69
8,window128,w4,reprice_to_top,43.07,50.23
8,window128,w4,roll,36.12,36.50
8,window128,w4,aggressive_in_out,37.67,38.15
8,window128,w16,get,6.52,7.24
8,window128,w16,best,5.13,5.14
8,window128,w16,range8,12.33,17.71
8,window128,w16,set_working,5.76,7.75
8,window128,w16,reprice_to_top,11.33,19.32
8,window128,w16,roll,9.61,9.65
8,window128,w16,aggressive_in_out,35.71,52.77
8,window128,w32,get,5.49,6.07
8,window128,w32,best,5.12,5.14
8,window128,w32,range8,12.33,12.37
8,window128,w32,set_working,4.25,4.45
8,window128,w32,reprice_to_top,13.09,13.98
8,window128,w32,roll,9.60,9.68
8,window128,w32,aggressive_in_out,31.06,54.46
8,window128,w128,get,7.01,7.87
8,window128,w128,best,5.12,5.14
8,window128,w128,range8,12.20,16.27
8,window128,w128,set_working,5.21,7.52
8,window128,w128,reprice_to_top,47.70,71.52
8,window128,w128,roll,41.97,42.77
8,window128,w128,aggressive_in_out,45.30,46.00
8,window128,w512,get,35.57,41.54
8,window128,w512,best,5.40,7.16
8,window128,w512,range8,15.43,15.48
8,window128,w512,set_working,43.75,45.79
8,window128,w512,reprice_to_top,106.11,162.57
8,window128,w512,roll,60.01,61.25
8,window128,w512,aggressive_in_out,57.20,64.57
8,window128,rolling_4,update,60.04,60.64
8,window128,rolling_4,query,9.57,9.60
8,window128,outliers_4,update,62.87,118.89
8,window128,outliers_4,query,10.98,11.04
8,window128,jump_4,update,62.74,110.69
8,window128,jump_4,query,9.54,9.66
8,window128,rolling_16,update,55.57,57.86
8,window128,rolling_16,query,7.43,11.51
8,window128,outliers_16,update,55.56,103.36
8,window128,outliers_16,query,7.49,11.65
8,window128,jump_16,update,61.89,107.50
8,window128,jump_16,query,7.44,7.49
8,window128,rolling_32,update,54.34,102.14
8,window128,rolling_32,query,7.48,7.51
8,window128,outliers_32,update,52.78,70.33
8,window128,outliers_32,query,7.47,7.52
8,window128,jump_32,update,65.48,109.86
8,window128,jump_32,query,7.46,7.58
8,window128,rolling_128,update,54.72,96.49
8,window128,rolling_128,query,10.09,15.09
8,window128,outliers_128,update,54.37,93.20
8,window128,outliers_128,query,11.06,11.82
8,window128,jump_128,update,59.30,123.00
8,window128,jump_128,query,26.75,32.07
8,window128,4096books,query,116.28,216.51
8,window128,4096books,update,904.84,1212.54
8,window128,new_books,first_insert,637.28,963.16
8,window64,w4,get,8.18,12.13
8,window64,w4,best,2.45,2.45
8,window64,w4,range8,6.88,14.52
8,window64,w4,set_working,10.92,13.05
8,window64,w4,reprice_to_top,43.97,81.83
8,window64,w4,roll,36.08,60.67
8,window64,w4,aggressive_in_out,37.51,70.00
8,window64,w16,get,6.26,6.95
8,window64,w16,best,3.33,3.34
8,window64,w16,range8,6.27,10.32
8,window64,w16,set_working,3.66,3.94
8,window64,w16,reprice_to_top,11.46,18.00
8,window64,w16,roll,9.85,9.99
8,window64,w16,aggressive_in_out,30.52,30.95
8,window64,w32,get,5.17,5.73
8,window64,w32,best,3.18,3.19
8,window64,w32,range8,6.27,6.28
8,window64,w32,set_working,4.14,5.12
8,window64,w32,reprice_to_top,21.11,33.73
8,window64,w32,roll,9.89,14.49
8,window64,w32,aggressive_in_out,30.80,50.68
8,window64,w128,get,23.64,26.36
8,window64,w128,best,3.33,5.31
8,window64,w128,range8,12.80,14.73
8,window64,w128,set_working,29.71,32.76
8,window64,w128,reprice_to_top,62.02,99.61
8,window64,w128,roll,44.25,45.88
8,window64,w128,aggressive_in_out,110.19,114.81
8,window64,w512,get,48.62,53.38
8,window64,w512,best,3.04,3.05
8,window64,w512,range8,15.16,15.22
8,window64,w512,set_working,49.85,57.47
8,window64,w512,reprice_to_top,112.52,137.96
8,window64,w512,roll,53.81,56.39
8,window64,w512,aggressive_in_out,57.95,78.96
8,window64,rolling_4,update,60.56,60.84
8,window64,rolling_4,query,9.74,15.88
8,window64,outliers_4,update,63.14,79.00
8,window64,outliers_4,query,10.74,18.32
8,window64,jump_4,update,63.71,83.71
8,window64,jump_4,query,9.74,9.82
8,window64,rolling_16,update,54.29,79.21
8,window64,rolling_16,query,6.39,6.41
8,window64,outliers_16,update,54.65,91.60
8,window64,outliers_16,query,6.42,10.54
8,window64,jump_16,update,60.48,72.65
8,window64,jump_16,query,6.39,6.42
8,window64,rolling_32,update,53.21,53.69
8,window64,rolling_32,query,6.41,6.45
8,window64,outliers_32,update,52.16,52.59
8,window64,outliers_32,query,6.41,10.43
8,window64,jump_32,update,64.70,79.75
8,window64,jump_32,query,6.43,6.46
8,window64,rolling_128,update,57.71,73.86
8,window64,rolling_128,query,31.64,33.24
8,window64,outliers_128,update,56.96,86.88
8,window64,outliers_128,query,31.50,38.08
8,window64,jump_128,update,59.15,103.16
8,window64,jump_128,query,36.38,38.47
8,window64,4096books,query,77.09,130.52
8,window64,4096books,update,503.56,747.33
8,window64,new_books,first_insert,502.82,925.23
8,adaptive,w4,get,8.72,11.57
8,adaptive,w4,best,2.89,3.98
8,adaptive,w4,range8,6.86,7.15
8,adaptive,w4,set_working,5.39,5.40
8,adaptive,w4,reprice_to_top,42.95,98.96
8,adaptive,w4,roll,35.62,36.30
8,adaptive,w4,aggressive_in_out,34.80,35.70
8,adaptive,w16,get,21.09,26.14
8,adaptive,w16,best,1.86,1.86
8,adaptive,w16,range8,9.54,14.75
8,adaptive,w16,set_working,26.01,28.45
8,adaptive,w16,reprice_to_top,59.00,74.14
8,adaptive,w16,roll,36.18,36.56
8,adaptive,w16,aggressive_in_out,32.80,33.34
8,adaptive,w32,get,25.59,27.44
8,adaptive,w32,best,2.59,3.19
8,adaptive,w32,range8,12.54,16.43
8,adaptive,w32,set_working,36.30,59.18
8,adaptive,w32,reprice_to_top,71.62,91.19
8,adaptive,w32,roll,39.60,59.29
8,adaptive,w32,aggressive_in_out,36.98,61.23
8,adaptive,w128,get,34.92,41.95
8,adaptive,w128,best,1.71,1.71
8,adaptive,w128,range8,12.54,19.09
8,adaptive,w128,set_working,43.25,47.32
8,adaptive,w128,reprice_to_top,89.11,96.70
8,adaptive,w128,roll,48.19,50.37
8,adaptive,w128,aggressive_in_out,46.65,47.09
8,adaptive,w512,get,43.83,47.38
8,adaptive,w512,best,1.71,1.71
8,adaptive,w512,range8,14.75,14.83
8,adaptive,w512,set_working,54.37,63.20
8,adaptive,w512,reprice_to_top,187.83,212.15
8,adaptive,w512,roll,101.34,104.27
8,adaptive,w512,aggressive_in_out,96.12,98.96
8,adaptive,rolling_4,update,62.51,64.73
8,adaptive,rolling_4,query,9.32,9.36
8,adaptive,outliers_4,update,64.87,72.80
8,adaptive,outliers_4,query,10.39,10.43
8,adaptive,jump_4,update,65.21,66.95
8,adaptive,jump_4,query,9.29,9.32
8,adaptive,rolling_16,update,64.52,65.72
8,adaptive,rolling_16,query,13.85,13.90
8,adaptive,outliers_16,update,62.68,63.50
8,adaptive,outliers_16,query,29.21,29.88
8,adaptive,jump_16,update,76.64,114.95
8,adaptive,jump_16,query,27.86,29.55
8,adaptive,rolling_32,update,113.79,118.65
8,adaptive,rolling_32,query,45.24,47.18
8,adaptive,outliers_32,update,113.54,118.19
8,adaptive,outliers_32,query,44.54,46.62
8,adaptive,jump_32,update,119.14,136.24
8,adaptive,jump_32,query,45.04,46.88
8,adaptive,rolling_128,update,115.15,131.27
8,adaptive,rolling_128,query,60.59,64.29
8,adaptive,outliers_128,update,108.52,113.97
8,adaptive,outliers_128,query,59.88,62.01
8,adaptive,jump_128,update,92.22,179.24
8,adaptive,jump_128,query,54.73,60.38
8,adaptive,4096books,query,61.67,130.28
8,adaptive,4096books,update,567.80,817.41
8,adaptive,new_books,first_insert,537.54,765.08
8,sorted_deque,w4,get,7.46,7.90
8,sorted_deque,w4,best,1.41,2.09
8,sorted_deque,w4,range8,6.27,10.60
8,sorted_deque,w4,set_working,4.22,4.23
8,sorted_deque,w4,reprice_to_top,37.99,38.69
8,sorted_deque,w4,roll,29.40,29.62
8,sorted_deque,w4,aggressive_in_out,29.72,30.01
8,sorted_deque,w16,get,20.94,21.88
8,sorted_deque,w16,best,1.34,1.35
8,sorted_deque,w16,range8,8.94,8.96
8,sorted_deque,w16,set_working,21.46,22.20
8,sorted_deque,w16,reprice_to_top,54.52,55.66
8,sorted_deque,w16,roll,32.21,32.67
8,sorted_deque,w16,aggressive_in_out,28.05,28.59
8,sorted_deque,w32,get,26.90,29.17
8,sorted_deque,w32,best,2.36,3.16
8,sorted_deque,w32,range8,17.30,19.86
8,sorted_deque,w32,set_working,32.20,34.37
8,sorted_deque,w32,reprice_to_top,63.64,88.48
8,sorted_deque,w32,roll,35.03,36.08
8,sorted_deque,w32,aggressive_in_out,32.54,33.15
8,sorted_deque,w128,get,33.81,35.18
8,sorted_deque,w128,best,1.34,1.35
8,sorted_deque,w128,range8,11.96,12.03
8,sorted_deque,w128,set_working,39.92,43.93
8,sorted_deque,w128,reprice_to_top,86.08,98.49
8,sorted_deque,w128,roll,42.32,50.90
8,sorted_deque,w128,aggressive_in_out,41.39,41.76
8,sorted_deque,w512,get,44.28,45.93
8,sorted_deque,w512,best,1.34,1.35
8,sorted_deque,w512,range8,14.25,19.23
8,sorted_deque,w512,set_working,48.21,49.94
8,sorted_deque,w512,reprice_to_top,124.70,136.37
8,sorted_deque,w512,roll,52.90,81.65
8,sorted_deque,w512,aggressive_in_out,78.02,86.79
8,sorted_deque,rolling_4,update,59.38,103.65
8,sorted_deque,rolling_4,query,14.43,16.75
8,sorted_deque,outliers_4,update,109.30,120.28
8,sorted_deque,outliers_4,query,17.41,19.45
8,sorted_deque,jump_4,update,62.69,118.24
8,sorted_deque,jump_4,query,8.40,8.45
8,sorted_deque,rolling_16,update,99.63,114.30
8,sorted_deque,rolling_16,query,22.37,25.80
8,sorted_deque,outliers_16,update,58.45,62.46
8,sorted_deque,outliers_16,query,30.18,36.45
8,sorted_deque,jump_16,update,66.42,110.32
8,sorted_deque,jump_16,query,13.44,13.50
8,sorted_deque,rolling_32,update,57.11,58.03
8,sorted_deque,rolling_32,query,36.31,38.84
8,sorted_deque,outliers_32,update,55.45,66.44
8,sorted_deque,outliers_32,query,35.77,36.66
8,sorted_deque,jump_32,update,63.67,67.16
8,sorted_deque,jump_32,query,36.16,36.99
8,sorted_deque,rolling_128,update,58.33,61.92
8,sorted_deque,rolling_128,query,48.77,49.80
8,sorted_deque,outliers_128,update,58.68,65.34
8,sorted_deque,outliers_128,query,48.52,49.58
8,sorted_deque,jump_128,update,58.22,87.66
8,sorted_deque,jump_128,query,48.85,50.22
8,sorted_deque,4096books,query,53.56,117.39
8,sorted_deque,4096books,update,517.91,644.80
8,sorted_deque,new_books,first_insert,418.92,633.43
9,sorted_deque,w4,get,7.57,9.85
9,sorted_deque,w4,best,1.41,1.42
9,sorted_deque,w4,range8,6.27,6.28
9,sorted_deque,w4,set_working,4.22,4.23
9,sorted_deque,w4,reprice_to_top,39.00,60.60
9,sorted_deque,w4,roll,29.96,30.46
9,sorted_deque,w4,aggressive_in_out,30.83,45.27
9,sorted_deque,w16,get,20.89,21.96
9,sorted_deque,w16,best,1.41,1.42
9,sorted_deque,w16,range8,8.95,12.95
9,sorted_deque,w16,set_working,22.05,25.36
9,sorted_deque,w16,reprice_to_top,54.24,55.87
9,sorted_deque,w16,roll,31.62,31.92
9,sorted_deque,w16,aggressive_in_out,28.02,28.40
9,sorted_deque,w32,get,24.84,26.05
9,sorted_deque,w32,best,1.41,1.42
9,sorted_deque,w32,range8,9.86,10.70
9,sorted_deque,w32,set_working,26.88,27.77
9,sorted_deque,w32,reprice_to_top,63.30,66.94
9,sorted_deque,w32,roll,35.11,57.77
9,sorted_deque,w32,aggressive_in_out,32.66,33.36
9,sorted_deque,w128,get,34.57,36.09
9,sorted_deque,w128,best,1.41,1.42
9,sorted_deque,w128,range8,11.96,12.00
9,sorted_deque,w128,set_working,40.50,47.30
9,sorted_deque,w128,reprice_to_top,86.60,118.04
9,sorted_deque,w128,roll,42.58,72.11
9,sorted_deque,w128,aggressive_in_out,41.55,71.65
9,sorted_deque,w512,get,44.65,54.88
9,sorted_deque,w512,best,2.18,2.48
9,sorted_deque,w512,range8,14.24,19.93
9,sorted_deque,w512,set_working,50.02,55.36
9,sorted_deque,w512,reprice_to_top,127.25,274.78
9,sorted_deque,w512,roll,53.01,84.11
9,sorted_deque,w512,aggressive_in_out,52.68,53.22
9,sorted_deque,rolling_4,update,59.62,100.16
9,sorted_deque,rolling_4,query,8.32,8.45
9,sorted_deque,outliers_4,update,62.55,96.34
9,sorted_deque,outliers_4,query,9.88,9.92
9,sorted_deque,jump_4,update,62.62,71.89
9,sorted_deque,jump_4,query,8.36,14.22
9,sorted_deque,rolling_16,update,62.43,63.32
9,sorted_deque,rolling_16,query,13.31,19.73
9,sorted_deque,outliers_16,update,58.60,75.95
9,sorted_deque,outliers_16,query,29.63,30.45
9,sorted_deque,jump_16,update,66.45,74.74
9,sorted_deque,jump_16,query,13.32,13.47
9,sorted_deque,rolling_32,update,57.30,58.41
9,sorted_deque,rolling_32,query,35.98,37.29
9,sorted_deque,outliers_32,update,55.51,83.86
9,sorted_deque,outliers_32,query,35.75,41.32
9,sorted_deque,jump_32,update,63.52,69.72
9,sorted_deque,jump_32,query,35.67,36.49
9,sorted_deque,rolling_128,update,57.66,62.06
9,sorted_deque,rolling_128,query,47.82,48.97
9,sorted_deque,outliers_128,update,58.36,65.43
9,sorted_deque,outliers_128,query,47.88,49.09
9,sorted_deque,jump_128,update,58.71,132.45
9,sorted_deque,jump_128,query,48.91,50.37
9,sorted_deque,4096books,query,49.75,97.92
9,sorted_deque,4096books,update,508.63,656.08
9,sorted_deque,new_books,first_insert,427.52,586.16
9,pool_pages,w4,get,10.90,11.55
9,pool_pages,w4,best,6.05,6.13
9,pool_pages,w4,range8,8.02,8.03
9,pool_pages,w4,set_working,14.77,16.27
9,pool_pages,w4,reprice_to_top,22.56,25.47
9,pool_pages,w4,roll,20.38,20.63
9,pool_pages,w4,aggressive_in_out,101.24,103.91
9,pool_pages,w16,get,8.01,8.52
9,pool_pages,w16,best,5.98,6.05
9,pool_pages,w16,range8,7.72,8.38
9,pool_pages,w16,set_working,9.10,9.87
9,pool_pages,w16,reprice_to_top,25.28,26.10
9,pool_pages,w16,roll,20.55,20.75
9,pool_pages,w16,aggressive_in_out,100.99,103.66
9,pool_pages,w32,get,7.26,7.67
9,pool_pages,w32,best,6.13,6.13
9,pool_pages,w32,range8,7.74,7.78
9,pool_pages,w32,set_working,8.05,8.54
9,pool_pages,w32,reprice_to_top,29.46,30.85
9,pool_pages,w32,roll,20.67,20.81
9,pool_pages,w32,aggressive_in_out,101.86,167.34
9,pool_pages,w128,get,10.90,11.43
9,pool_pages,w128,best,6.88,6.92
9,pool_pages,w128,range8,7.73,7.77
9,pool_pages,w128,set_working,12.04,12.48
9,pool_pages,w128,reprice_to_top,42.46,46.60
9,pool_pages,w128,roll,20.83,21.09
9,pool_pages,w128,aggressive_in_out,105.77,124.61
9,pool_pages,w512,get,15.69,16.12
9,pool_pages,w512,best,7.16,7.23
9,pool_pages,w512,range8,7.72,7.76
9,pool_pages,w512,set_working,17.59,18.69
9,pool_pages,w512,reprice_to_top,57.96,63.26
9,pool_pages,w512,roll,26.91,45.73
9,pool_pages,w512,aggressive_in_out,119.23,134.84
9,pool_pages,rolling_4,update,58.04,64.03
9,pool_pages,rolling_4,query,15.64,20.56
9,pool_pages,outliers_4,update,58.40,66.42
9,pool_pages,outliers_4,query,15.89,16.42
9,pool_pages,jump_4,update,64.75,110.28
9,pool_pages,jump_4,query,12.31,14.38
9,pool_pages,rolling_16,update,58.76,82.84
9,pool_pages,rolling_16,query,11.37,15.88
9,pool_pages,outliers_16,update,58.86,86.96
9,pool_pages,outliers_16,query,11.52,11.99
9,pool_pages,jump_16,update,63.38,107.41
9,pool_pages,jump_16,query,9.51,14.18
9,pool_pages,rolling_32,update,57.00,93.21
9,pool_pages,rolling_32,query,10.39,10.68
9,pool_pages,outliers_32,update,54.34,55.55
9,pool_pages,outliers_32,query,10.86,15.56
9,pool_pages,jump_32,update,62.88,64.47
9,pool_pages,jump_32,query,9.52,9.57
9,pool_pages,rolling_128,update,54.62,55.20
9,pool_pages,rolling_128,query,16.04,16.66
9,pool_pages,outliers_128,update,54.71,55.99
9,pool_pages,outliers_128,query,16.51,17.10
9,pool_pages,jump_128,update,54.93,82.98
9,pool_pages,jump_128,query,15.81,16.41
9,pool_pages,4096books,query,86.49,257.18
9,pool_pages,4096books,update,692.42,882.09
9,pool_pages,new_books,first_insert,757.57,1050.41
9,absl_btree,w4,get,13.97,14.53
9,absl_btree,w4,best,1.57,1.57
9,absl_btree,w4,range8,7.45,7.45
9,absl_btree,w4,set_working,18.29,20.30
9,absl_btree,w4,reprice_to_top,49.57,72.55
9,absl_btree,w4,roll,32.59,36.95
9,absl_btree,w4,aggressive_in_out,36.68,38.82
9,absl_btree,w16,get,20.09,21.68
9,absl_btree,w16,best,2.27,2.64
9,absl_btree,w16,range8,12.21,12.21
9,absl_btree,w16,set_working,25.90,28.89
9,absl_btree,w16,reprice_to_top,79.48,80.52
9,absl_btree,w16,roll,50.68,51.46
9,absl_btree,w16,aggressive_in_out,49.62,59.80
9,absl_btree,w32,get,22.82,23.89
9,absl_btree,w32,best,1.56,1.56
9,absl_btree,w32,range8,13.33,13.36
9,absl_btree,w32,set_working,30.50,32.04
9,absl_btree,w32,reprice_to_top,121.37,134.45
9,absl_btree,w32,roll,65.30,81.80
9,absl_btree,w32,aggressive_in_out,53.56,62.02
9,absl_btree,w128,get,28.23,29.87
9,absl_btree,w128,best,1.56,1.56
9,absl_btree,w128,range8,14.24,14.51
9,absl_btree,w128,set_working,41.31,43.89
9,absl_btree,w128,reprice_to_top,204.22,263.51
9,absl_btree,w128,roll,129.52,158.05
9,absl_btree,w128,aggressive_in_out,60.25,61.27
9,absl_btree,w512,get,36.76,38.46
9,absl_btree,w512,best,1.56,1.56
9,absl_btree,w512,range8,14.50,14.51
9,absl_btree,w512,set_working,47.46,50.38
9,absl_btree,w512,reprice_to_top,242.32,280.57
9,absl_btree,w512,roll,152.93,191.52
9,absl_btree,w512,aggressive_in_out,82.36,95.08
9,absl_btree,rolling_4,update,60.62,91.23
9,absl_btree,rolling_4,query,17.46,18.07
9,absl_btree,outliers_4,update,61.09,77.88
9,absl_btree,outliers_4,query,17.98,21.40
9,absl_btree,jump_4,update,65.51,74.89
9,absl_btree,jump_4,query,17.48,20.80
9,absl_btree,rolling_16,update,55.95,92.17
9,absl_btree,rolling_16,query,28.17,31.25
9,absl_btree,outliers_16,update,56.82,57.14
9,absl_btree,outliers_16,query,28.63,29.63
9,absl_btree,jump_16,update,62.73,71.05
9,absl_btree,jump_16,query,27.26,29.93
9,absl_btree,rolling_32,update,55.48,77.87
9,absl_btree,rolling_32,query,31.13,33.91
9,absl_btree,outliers_32,update,56.02,60.15
9,absl_btree,outliers_32,query,31.63,32.55
9,absl_btree,jump_32,update,71.56,88.32
9,absl_btree,jump_32,query,30.93,31.59
9,absl_btree,rolling_128,update,60.48,62.77
9,absl_btree,rolling_128,query,40.32,41.22
9,absl_btree,outliers_128,update,58.96,60.37
9,absl_btree,outliers_128,query,40.38,41.23
9,absl_btree,jump_128,update,60.68,174.21
9,absl_btree,jump_128,query,40.60,42.05
9,absl_btree,4096books,query,41.83,78.11
9,absl_btree,4096books,update,583.35,771.98
9,absl_btree,new_books,first_insert,408.54,564.30
9,window128,w4,get,7.77,8.12
9,window128,w4,best,2.88,2.89
9,window128,w4,range8,7.06,7.09
9,window128,w4,set_working,5.69,9.84
9,window128,w4,reprice_to_top,43.04,44.11
9,window128,w4,roll,36.27,68.18
9,window128,w4,aggressive_in_out,37.66,38.16
9,window128,w16,get,6.47,7.06
9,window128,w16,best,5.14,5.15
9,window128,w16,range8,12.34,18.50
9,window128,w16,set_working,4.80,5.05
9,window128,w16,reprice_to_top,11.20,11.46
9,window128,w16,roll,9.61,9.72
9,window128,w16,aggressive_in_out,30.73,31.01
9,window128,w32,get,5.45,5.98
9,window128,w32,best,5.12,5.15
9,window128,w32,range8,12.33,19.08
9,window128,w32,set_working,4.20,4.38
9,window128,w32,reprice_to_top,20.83,23.82
9,window128,w32,roll,16.98,19.54
9,window128,w32,aggressive_in_out,58.84,63.24
9,window128,w128,get,9.55,11.96
9,window128,w128,best,9.31,12.55
9,window128,w128,range8,21.62,26.20
9,window128,w128,set_working,7.82,9.61
9,window128,w128,reprice_to_top,65.95,75.58
9,window128,w128,roll,41.46,42.09
9,window128,w128,aggressive_in_out,45.33,45.78
9,window128,w512,get,35.32,37.66
9,window128,w512,best,5.12,5.15
9,window128,w512,range8,15.43,15.48
9,window128,w512,set_working,45.12,47.89
9,window128,w512,reprice_to_top,156.07,172.32
9,window128,w512,roll,112.57,118.10
9,window128,w512,aggressive_in_out,103.66,107.85
9,window128,rolling_4,update,113.81,116.67
9,window128,rolling_4,query,15.32,19.22
9,window128,outliers_4,update,120.98,136.23
9,window128,outliers_4,query,17.41,21.11
9,window128,jump_4,update,122.29,128.85
9,window128,jump_4,query,15.43,19.06
9,window128,rolling_16,update,100.09,102.70
9,window128,rolling_16,query,11.41,15.27
9,window128,outliers_16,update,101.14,104.54
9,window128,outliers_16,query,11.56,15.28
9,window128,jump_16,update,114.18,117.07
9,window128,jump_16,query,11.44,15.20
9,window128,rolling_32,update,99.77,102.75
9,window128,rolling_32,query,11.47,15.21
9,window128,outliers_32,update,99.70,102.34
9,window128,outliers_32,query,11.46,15.20
9,window128,jump_32,update,120.15,128.05
9,window128,jump_32,query,11.43,15.00
9,window128,rolling_128,update,99.80,102.99
9,window128,rolling_128,query,14.55,17.90
9,window128,outliers_128,update,99.61,102.84
9,window128,outliers_128,query,16.08,19.07
9,window128,jump_128,update,104.58,167.43
9,window128,jump_128,query,33.43,36.79
9,window128,4096books,query,91.44,202.05
9,window128,4096books,update,1027.11,1225.67
9,window128,new_books,first_insert,679.04,977.88
9,window64,w4,get,11.77,12.22
9,window64,w4,best,4.50,4.83
9,window64,w4,range8,13.04,13.40
9,window64,w4,set_working,10.95,11.54
9,window64,w4,reprice_to_top,75.90,77.10
9,window64,w4,roll,70.69,79.13
9,window64,w4,aggressive_in_out,37.70,87.26
9,window64,w16,get,6.07,6.70
9,window64,w16,best,3.04,3.05
9,window64,w16,range8,6.27,7.64
9,window64,w16,set_working,3.79,4.11
9,window64,w16,reprice_to_top,11.93,19.33
9,window64,w16,roll,9.83,9.98
9,window64,w16,aggressive_in_out,35.64,36.71
9,window64,w32,get,5.20,5.68
9,window64,w32,best,3.18,3.19
9,window64,w32,range8,6.27,6.28
9,window64,w32,set_working,3.15,3.34
9,window64,w32,reprice_to_top,20.83,22.88
9,window64,w32,roll,9.78,9.90
9,window64,w32,aggressive_in_out,35.57,50.07
9,window64,w128,get,23.32,25.73
9,window64,w128,best,3.04,3.07
9,window64,w128,range8,12.76,12.80
9,window64,w128,set_working,29.27,30.83
9,window64,w128,reprice_to_top,61.45,75.84
9,window64,w128,roll,44.76,45.48
9,window64,w128,aggressive_in_out,43.41,44.68
9,window64,w512,get,38.73,40.91
9,window64,w512,best,3.04,3.05
9,window64,w512,range8,15.16,15.20
9,window64,w512,set_working,49.34,50.99
9,window64,w512,reprice_to_top,112.30,124.88
9,window64,w512,roll,53.89,55.92
9,window64,w512,aggressive_in_out,85.04,116.96
9,window64,rolling_4,update,105.48,115.99
9,window64,rolling_4,query,15.58,18.36
9,window64,outliers_4,update,63.94,118.80
9,window64,outliers_4,query,10.72,18.17
9,window64,jump_4,update,63.81,99.86
9,window64,jump_4,query,14.62,16.45
9,window64,rolling_16,update,80.24,92.61
9,window64,rolling_16,query,6.43,10.59
9,window64,outliers_16,update,56.37,71.77
9,window64,outliers_16,query,6.42,6.48
9,window64,jump_16,update,63.53,109.05
9,window64,jump_16,query,10.44,12.12
9,window64,rolling_32,update,88.84,98.15
9,window64,rolling_32,query,9.95,11.38
9,window64,outliers_32,update,91.95,102.24
9,window64,outliers_32,query,10.14,11.91
9,window64,jump_32,update,67.84,118.91
9,window64,jump_32,query,8.86,11.05
9,window64,rolling_128,update,57.39,88.44
9,window64,rolling_128,query,31.59,33.52
9,window64,outliers_128,update,58.09,91.76
9,window64,outliers_128,query,31.11,32.59
9,window64,jump_128,update,58.36,91.81
9,window64,jump_128,query,35.84,37.23
9,window64,4096books,query,55.20,123.00
9,window64,4096books,update,546.88,721.12
9,window64,new_books,first_insert,655.36,1124.52
9,adaptive,w4,get,7.66,8.02
9,adaptive,w4,best,1.71,1.71
9,adaptive,w4,range8,6.86,7.17
9,adaptive,w4,set_working,5.39,5.40
9,adaptive,w4,reprice_to_top,42.55,43.45
9,adaptive,w4,roll,37.18,68.16
9,adaptive,w4,aggressive_in_out,49.98,69.75
9,adaptive,w16,get,21.71,24.66
9,adaptive,w16,best,1.71,1.71
9,adaptive,w16,range8,9.54,9.58
9,adaptive,w16,set_working,27.47,30.33
9,adaptive,w16,reprice_to_top,60.13,85.06
9,adaptive,w16,roll,55.05,82.15
9,adaptive,w16,aggressive_in_out,49.57,70.15
9,adaptive,w32,get,29.21,31.94
9,adaptive,w32,best,2.93,3.33
9,adaptive,w32,range8,15.46,21.09
9,adaptive,w32,set_working,32.95,36.41
9,adaptive,w32,reprice_to_top,89.98,101.75
9,adaptive,w32,roll,40.39,79.20
9,adaptive,w32,aggressive_in_out,37.08,59.74
9,adaptive,w128,get,39.03,43.95
9,adaptive,w128,best,2.82,3.51
9,adaptive,w128,range8,16.46,18.61
9,adaptive,w128,set_working,43.05,50.10
9,adaptive,w128,reprice_to_top,118.80,133.95
9,adaptive,w128,roll,76.51,97.61
9,adaptive,w128,aggressive_in_out,76.89,107.26
9,adaptive,w512,get,49.84,54.16
9,adaptive,w512,best,2.86,3.32
9,adaptive,w512,range8,18.67,21.51
9,adaptive,w512,set_working,62.37,66.53
9,adaptive,w512,reprice_to_top,184.45,205.68
9,adaptive,w512,roll,102.01,115.21
9,adaptive,w512,aggressive_in_out,56.80,81.20
9,adaptive,rolling_4,update,63.39,64.04
9,adaptive,rolling_4,query,12.28,16.38
9,adaptive,outliers_4,update,113.91,120.06
9,adaptive,outliers_4,query,19.65,20.66
9,adaptive,jump_4,update,67.07,118.88
9,adaptive,jump_4,query,9.30,9.33
9,adaptive,rolling_16,update,65.43,114.05
9,adaptive,rolling_16,query,13.86,20.62
9,adaptive,outliers_16,update,95.17,114.41
9,adaptive,outliers_16,query,35.18,38.66
9,adaptive,jump_16,update,121.25,136.54
9,adaptive,jump_16,query,21.96,27.62
9,adaptive,rolling_32,update,110.72,127.21
9,adaptive,rolling_32,query,42.83,46.30
9,adaptive,outliers_32,update,94.35,114.41
9,adaptive,outliers_32,query,40.14,44.01
9,adaptive,jump_32,update,113.02,139.31
9,adaptive,jump_32,query,42.08,44.03
9,adaptive,rolling_128,update,96.02,106.98
9,adaptive,rolling_128,query,55.83,60.45
9,adaptive,outliers_128,update,97.56,107.14
9,adaptive,outliers_128,query,55.53,60.23
9,adaptive,jump_128,update,99.08,168.57
9,adaptive,jump_128,query,48.07,51.09
9,adaptive,4096books,query,56.80,120.09
9,adaptive,4096books,update,577.78,794.00
9,adaptive,new_books,first_insert,522.43,762.51
10,adaptive,w4,get,9.32,11.45
10,adaptive,w4,best,1.71,2.50
10,adaptive,w4,range8,6.64,6.66
10,adaptive,w4,set_working,5.98,5.98
10,adaptive,w4,reprice_to_top,42.79,60.12
10,adaptive,w4,roll,36.29,45.59
10,adaptive,w4,aggressive_in_out,34.93,50.63
10,adaptive,w16,get,20.93,22.47
10,adaptive,w16,best,1.86,1.86
10,adaptive,w16,range8,9.53,9.57
10,adaptive,w16,set_working,25.49,26.26
10,adaptive,w16,reprice_to_top,59.64,86.65
10,adaptive,w16,roll,36.37,37.14
10,adaptive,w16,aggressive_in_out,32.30,32.66
10,adaptive,w32,get,26.09,27.11
10,adaptive,w32,best,1.71,1.71
10,adaptive,w32,range8,10.52,10.55
10,adaptive,w32,set_working,29.43,30.33
10,adaptive,w32,reprice_to_top,67.62,69.20
10,adaptive,w32,roll,40.52,71.98
10,adaptive,w32,aggressive_in_out,36.63,40.39
10,adaptive,w128,get,33.81,38.12
10,adaptive,w128,best,1.71,1.71
10,adaptive,w128,range8,12.52,12.57
10,adaptive,w128,set_working,47.15,51.74
10,adaptive,w128,reprice_to_top,121.87,134.97
10,adaptive,w128,roll,48.22,87.22
10,adaptive,w128,aggressive_in_out,46.57,76.57
10,adaptive,w512,get,51.11,55.58
10,adaptive,w512,best,2.66,3.18
10,adaptive,w512,range8,19.11,22.19
10,adaptive,w512,set_working,61.99,65.33
10,adaptive,w512,reprice_to_top,180.76,206.29
10,adaptive,w512,roll,104.21,136.24
10,adaptive,w512,aggressive_in_out,93.66,128.61
10,adaptive,rolling_4,update,115.40,127.18
10,adaptive,rolling_4,query,20.51,20.65
10,adaptive,outliers_4,update,105.09,157.77
10,adaptive,outliers_4,query,10.36,10.40
10,adaptive,jump_4,update,68.41,119.54
10,adaptive,jump_4,query,14.82,17.75
10,adaptive,rolling_16,update,69.54,112.65
10,adaptive,rolling_16,query,13.87,23.00
10,adaptive,outliers_16,update,101.05,108.16
10,adaptive,outliers_16,query,34.59,37.52
10,adaptive,jump_16,update,116.09,123.95
10,adaptive,jump_16,query,23.21,25.25
10,adaptive,rolling_32,update,102.69,109.16
10,adaptive,rolling_32,query,41.65,45.45
10,adaptive,outliers_32,update,101.80,109.45
10,adaptive,outliers_32,query,35.33,43.21
10,adaptive,jump_32,update,69.25,73.71
10,adaptive,jump_32,query,35.31,36.14
10,adaptive,rolling_128,update,62.64,65.38
10,adaptive,rolling_128,query,48.08,49.29
10,adaptive,outliers_128,update,62.99,67.22
10,adaptive,outliers_128,query,47.65,48.88
10,adaptive,jump_128,update,63.83,94.86
10,adaptive,jump_128,query,48.06,49.18
10,adaptive,4096books,query,59.83,140.40
10,adaptive,4096books,update,640.20,769.52
10,adaptive,new_books,first_insert,566.58,843.49
10,sorted_deque,w4,get,13.26,13.52
10,sorted_deque,w4,best,3.37,3.38
10,sorted_deque,w4,range8,16.02,16.04
10,sorted_deque,w4,set_working,10.73,10.74
10,sorted_deque,w4,reprice_to_top,76.87,77.30
10,sorted_deque,w4,roll,76.64,77.01
10,sorted_deque,w4,aggressive_in_out,78.96,79.24
10,sorted_deque,w16,get,27.55,28.55
10,sorted_deque,w16,best,3.37,3.38
10,sorted_deque,w16,range8,19.52,19.55
10,sorted_deque,w16,set_working,28.40,29.23
10,sorted_deque,w16,reprice_to_top,87.50,89.23
10,sorted_deque,w16,roll,82.80,82.96
10,sorted_deque,w16,aggressive_in_out,73.99,74.77
10,sorted_deque,w32,get,32.38,34.00
10,sorted_deque,w32,best,2.39,3.37
10,sorted_deque,w32,range8,21.31,21.32
10,sorted_deque,w32,set_working,35.07,36.35
10,sorted_deque,w32,reprice_to_top,103.44,107.42
10,sorted_deque,w32,roll,91.00,91.34
10,sorted_deque,w32,aggressive_in_out,82.88,83.68
10,sorted_deque,w128,get,43.78,46.65
10,sorted_deque,w128,best,3.37,3.38
10,sorted_deque,w128,range8,24.84,24.85
10,sorted_deque,w128,set_working,50.93,52.20
10,sorted_deque,w128,reprice_to_top,143.09,147.87
10,sorted_deque,w128,roll,107.58,108.18
10,sorted_deque,w128,aggressive_in_out,99.98,101.25
10,sorted_deque,w512,get,43.72,50.62
10,sorted_deque,w512,best,1.41,1.42
10,sorted_deque,w512,range8,14.24,14.30
10,sorted_deque,w512,set_working,49.70,51.21
10,sorted_deque,w512,reprice_to_top,125.18,175.51
10,sorted_deque,w512,roll,52.75,53.24
10,sorted_deque,w512,aggressive_in_out,52.51,53.01
10,sorted_deque,rolling_4,update,59.07,59.50
10,sorted_deque,rolling_4,query,8.38,8.49
10,sorted_deque,outliers_4,update,62.06,66.87
10,sorted_deque,outliers_4,query,9.90,9.93
10,sorted_deque,jump_4,update,62.02,62.46
10,sorted_deque,jump_4,query,8.48,8.57
10,sorted_deque,rolling_16,update,64.85,70.40
10,sorted_deque,rolling_16,query,18.14,21.06
10,sorted_deque,outliers_16,update,62.38,101.03
10,sorted_deque,outliers_16,query,36.30,38.31
10,sorted_deque,jump_16,update,68.97,111.52
10,sorted_deque,jump_16,query,20.21,22.02
10,sorted_deque,rolling_32,update,115.44,116.10
10,sorted_deque,rolling_32,query,44.50,46.49
10,sorted_deque,outliers_32,update,102.30,108.31
10,sorted_deque,outliers_32,query,44.29,45.58
10,sorted_deque,jump_32,update,117.86,135.99
10,sorted_deque,jump_32,query,42.55,45.32
10,sorted_deque,rolling_128,update,115.56,120.89
10,sorted_deque,rolling_128,query,60.17,66.81
10,sorted_deque,outliers_128,update,115.15,118.95
10,sorted_deque,outliers_128,query,59.98,61.94
10,sorted_deque,jump_128,update,108.11,165.47
10,sorted_deque,jump_128,query,63.18,66.09
10,sorted_deque,4096books,query,98.86,194.30
10,sorted_deque,4096books,update,928.59,1103.22
10,sorted_deque,new_books,first_insert,694.73,931.26
10,pool_pages,w4,get,10.81,11.40
10,pool_pages,w4,best,6.27,10.01
10,pool_pages,w4,range8,9.79,13.14
10,pool_pages,w4,set_working,14.60,16.21
10,pool_pages,w4,reprice_to_top,22.54,24.21
10,pool_pages,w4,roll,20.34,20.48
10,pool_pages,w4,aggressive_in_out,100.95,117.43
10,pool_pages,w16,get,8.12,10.15
10,pool_pages,w16,best,6.12,6.20
10,pool_pages,w16,range8,7.74,8.74
10,pool_pages,w16,set_working,9.19,10.09
10,pool_pages,w16,reprice_to_top,25.24,26.17
10,pool_pages,w16,roll,20.63,20.78
10,pool_pages,w16,aggressive_in_out,104.01,203.76
10,pool_pages,w32,get,7.23,7.77
10,pool_pages,w32,best,6.13,11.61
10,pool_pages,w32,range8,7.75,13.82
10,pool_pages,w32,set_working,7.89,8.47
10,pool_pages,w32,reprice_to_top,29.58,31.07
10,pool_pages,w32,roll,20.95,21.15
10,pool_pages,w32,aggressive_in_out,101.49,119.16
10,pool_pages,w128,get,10.78,11.24
10,pool_pages,w128,best,9.23,11.37
10,pool_pages,w128,range8,7.72,10.46
10,pool_pages,w128,set_working,12.03,12.52
10,pool_pages,w128,reprice_to_top,43.54,47.89
10,pool_pages,w128,roll,20.88,29.50
10,pool_pages,w128,aggressive_in_out,108.04,125.46
10,pool_pages,w512,get,16.02,16.70
10,pool_pages,w512,best,7.16,7.45
10,pool_pages,w512,range8,10.89,15.01
10,pool_pages,w512,set_working,17.80,19.17
10,pool_pages,w512,reprice_to_top,58.68,69.00
10,pool_pages,w512,roll,26.83,47.25
10,pool_pages,w512,aggressive_in_out,120.04,193.68
10,pool_pages,rolling_4,update,59.93,74.21
10,pool_pages,rolling_4,query,17.34,20.54
10,pool_pages,outliers_4,update,105.14,117.24
10,pool_pages,outliers_4,query,15.89,16.47
10,pool_pages,jump_4,update,65.49,107.82
10,pool_pages,jump_4,query,9.45,9.52
10,pool_pages,rolling_16,update,55.59,56.68
10,pool_pages,rolling_16,query,11.29,16.06
10,pool_pages,outliers_16,update,57.81,103.44
10,pool_pages,outliers_16,query,11.95,18.06
10,pool_pages,jump_16,update,60.60,104.15
10,pool_pages,jump_16,query,9.46,9.53
10,pool_pages,rolling_32,update,55.85,84.94
10,pool_pages,rolling_32,query,10.43,10.69
10,pool_pages,outliers_32,update,55.36,72.45
10,pool_pages,outliers_32,query,10.78,11.00
10,pool_pages,jump_32,update,61.88,67.83
10,pool_pages,jump_32,query,9.49,9.55
10,pool_pages,rolling_128,update,54.46,81.34
10,pool_pages,rolling_128,query,15.93,16.54
10,pool_pages,outliers_128,update,54.60,80.11
10,pool_pages,outliers_128,query,17.25,21.80
10,pool_pages,jump_128,update,54.29,85.41
10,pool_pages,jump_128,query,15.83,16.41
10,pool_pages,4096books,query,90.38,195.43
10,pool_pages,4096books,update,940.10,1343.80
10,pool_pages,new_books,first_insert,1050.08,1787.22
10,absl_btree,w4,get,17.50,18.12
10,absl_btree,w4,best,3.11,3.37
10,absl_btree,w4,range8,17.31,18.53
10,absl_btree,w4,set_working,23.70,25.43
10,absl_btree,w4,reprice_to_top,88.17,91.80
10,absl_btree,w4,roll,79.09,81.47
10,absl_btree,w4,aggressive_in_out,82.39,85.11
10,absl_btree,w16,get,24.01,25.14
10,absl_btree,w16,best,2.89,3.27
10,absl_btree,w16,range8,29.49,30.97
10,absl_btree,w16,set_working,32.38,34.42
10,absl_btree,w16,reprice_to_top,126.38,140.28
10,absl_btree,w16,roll,117.21,119.98
10,absl_btree,w16,aggressive_in_out,108.15,113.74
10,absl_btree,w32,get,28.02,29.44
10,absl_btree,w32,best,3.01,3.36
10,absl_btree,w32,range8,28.64,31.57
10,absl_btree,w32,set_working,36.20,39.27
10,absl_btree,w32,reprice_to_top,191.98,203.53
10,absl_btree,w32,roll,137.55,142.93
10,absl_btree,w32,aggressive_in_out,103.98,110.08
10,absl_btree,w128,get,33.79,37.05
10,absl_btree,w128,best,2.33,3.17
10,absl_btree,w128,range8,28.11,34.26
10,absl_btree,w128,set_working,52.52,55.20
10,absl_btree,w128,reprice_to_top,302.10,406.48
10,absl_btree,w128,roll,215.62,238.43
10,absl_btree,w128,aggressive_in_out,122.62,125.88
10,absl_btree,w512,get,40.07,44.27
10,absl_btree,w512,best,3.07,3.19
10,absl_btree,w512,range8,26.63,32.53
10,absl_btree,w512,set_working,61.15,66.50
10,absl_btree,w512,reprice_to_top,365.98,481.20
10,absl_btree,w512,roll,237.27,255.08
10,absl_btree,w512,aggressive_in_out,146.67,150.38
10,absl_btree,rolling_4,update,123.59,128.78
10,absl_btree,rolling_4,query,23.53,24.18
10,absl_btree,outliers_4,update,127.40,129.37
10,absl_btree,outliers_4,query,24.06,24.91
10,absl_btree,jump_4,update,135.84,137.89
10,absl_btree,jump_4,query,23.46,24.31
10,absl_btree,rolling_16,update,113.61,117.07
10,absl_btree,rolling_16,query,34.36,35.58
10,absl_btree,outliers_16,update,115.07,116.59
10,absl_btree,outliers_16,query,34.95,35.75
10,absl_btree,jump_16,update,129.02,132.57
10,absl_btree,jump_16,query,32.84,34.14
10,absl_btree,rolling_32,update,113.64,116.20
10,absl_btree,rolling_32,query,38.27,40.96
10,absl_btree,outliers_32,update,113.30,117.85
10,absl_btree,outliers_32,query,39.09,40.30
10,absl_btree,jump_32,update,131.50,163.24
10,absl_btree,jump_32,query,35.66,38.11
10,absl_btree,rolling_128,update,115.22,118.58
10,absl_btree,rolling_128,query,50.82,52.87
10,absl_btree,outliers_128,update,115.21,126.75
10,absl_btree,outliers_128,query,51.03,53.43
10,absl_btree,jump_128,update,117.47,299.79
10,absl_btree,jump_128,query,50.75,52.59
10,absl_btree,4096books,query,66.60,131.71
10,absl_btree,4096books,update,738.85,1005.98
10,absl_btree,new_books,first_insert,390.61,600.87
10,window128,w4,get,7.82,8.20
10,window128,w4,best,2.88,2.89
10,window128,w4,range8,10.86,12.77
10,window128,w4,set_working,5.69,5.70
10,window128,w4,reprice_to_top,64.81,84.76
10,window128,w4,roll,67.42,79.29
10,window128,w4,aggressive_in_out,65.55,78.08
10,window128,w16,get,6.40,7.00
10,window128,w16,best,5.12,5.26
10,window128,w16,range8,12.31,12.36
10,window128,w16,set_working,4.88,5.16
10,window128,w16,reprice_to_top,11.23,11.55
10,window128,w16,roll,9.64,18.29
10,window128,w16,aggressive_in_out,35.90,59.30
10,window128,w32,get,5.45,5.98
10,window128,w32,best,5.12,5.14
10,window128,w32,range8,12.32,12.36
10,window128,w32,set_working,4.24,4.44
10,window128,w32,reprice_to_top,13.23,14.02
10,window128,w32,roll,9.60,9.66
10,window128,w32,aggressive_in_out,31.19,31.92
10,window128,w128,get,7.02,7.79
10,window128,w128,best,5.13,5.40
10,window128,w128,range8,12.16,12.22
10,window128,w128,set_working,4.82,5.24
10,window128,w128,reprice_to_top,47.23,49.59
10,window128,w128,roll,41.57,71.46
10,window128,w128,aggressive_in_out,45.11,45.93
10,window128,w512,get,35.50,43.56
10,window128,w512,best,5.13,5.16
10,window128,w512,range8,15.42,15.46
10,window128,w512,set_working,44.26,46.43
10,window128,w512,reprice_to_top,105.32,150.29
10,window128,w512,roll,61.05,71.20
10,window128,w512,aggressive_in_out,57.66,58.45
10,window128,rolling_4,update,60.12,64.87
10,window128,rolling_4,query,9.59,16.93
10,window128,outliers_4,update,63.10,114.51
10,window128,outliers_4,query,10.97,17.45
10,window128,jump_4,update,62.88,87.96
10,window128,jump_4,query,9.54,9.58
10,window128,rolling_16,update,53.45,64.16
10,window128,rolling_16,query,7.50,7.55
10,window128,outliers_16,update,53.64,54.18
10,window128,outliers_16,query,7.50,7.54
10,window128,jump_16,update,59.67,110.23
10,window128,jump_16,query,7.49,7.54
10,window128,rolling_32,update,55.90,74.90
10,window128,rolling_32,query,7.50,7.55
10,window128,outliers_32,update,53.16,85.64
10,window128,outliers_32,query,7.46,11.77
10,window128,jump_32,update,66.94,73.25
10,window128,jump_32,query,7.44,7.48
10,window128,rolling_128,update,56.11,57.58
10,window128,rolling_128,query,9.53,10.00
10,window128,outliers_128,update,56.07,57.04
10,window128,outliers_128,query,11.12,11.85
10,window128,jump_128,update,60.27,95.94
10,window128,jump_128,query,26.41,27.89
10,window128,4096books,query,63.29,145.49
10,window128,4096books,update,605.49,832.10
10,window128,new_books,first_insert,550.34,791.73
10,window64,w4,get,7.88,8.28
10,window64,w4,best,2.44,2.45
10,window64,w4,range8,6.83,6.86
10,window64,w4,set_working,5.68,5.69
10,window64,w4,reprice_to_top,43.91,44.62
10,window64,w4,roll,35.46,57.57
10,window64,w4,aggressive_in_out,37.78,69.77
10,window64,w16,get,6.04,6.61
10,window64,w16,best,3.62,3.63
10,window64,w16,range8,6.27,6.28
10,window64,w16,set_working,3.70,3.97
10,window64,w16,reprice_to_top,11.53,18.95
10,window64,w16,roll,9.84,9.97
10,window64,w16,aggressive_in_out,30.56,58.85
10,window64,w32,get,5.23,5.67
10,window64,w32,best,3.33,3.34
10,window64,w32,range8,6.27,6.87
10,window64,w32,set_working,3.08,3.30
10,window64,w32,reprice_to_top,21.41,36.82
10,window64,w32,roll,9.99,17.71
10,window64,w32,aggressive_in_out,30.70,31.26
10,window64,w128,get,23.30,25.05
10,window64,w128,best,3.18,5.65
10,window64,w128,range8,12.76,12.81
10,window64,w128,set_working,29.14,33.14
10,window64,w128,reprice_to_top,63.10,96.24
10,window64,w128,roll,46.70,82.45
10,window64,w128,aggressive_in_out,43.55,76.74
10,window64,w512,get,39.17,46.20
10,window64,w512,best,3.33,3.34
10,window64,w512,range8,15.16,15.21
10,window64,w512,set_working,49.45,57.87
10,window64,w512,reprice_to_top,112.47,228.63
10,window64,w512,roll,54.01,55.42
10,window64,w512,aggressive_in_out,58.20,58.88
10,window64,rolling_4,update,61.60,91.60
10,window64,rolling_4,query,9.77,18.98
10,window64,outliers_4,update,64.38,64.77
10,window64,outliers_4,query,10.72,10.76
10,window64,jump_4,update,65.07,107.05
10,window64,jump_4,query,9.72,9.76
10,window64,rolling_16,update,54.09,88.86
10,window64,rolling_16,query,6.43,6.46
10,window64,outliers_16,update,54.28,93.18
10,window64,outliers_16,query,6.42,6.45
10,window64,jump_16,update,60.01,62.02
10,window64,jump_16,query,6.44,10.74
10,window64,rolling_32,update,56.05,78.74
10,window64,rolling_32,query,6.42,6.44
10,window64,outliers_32,update,53.69,68.31
10,window64,outliers_32,query,6.41,6.44
10,window64,jump_32,update,66.71,68.23
10,window64,jump_32,query,6.41,6.43
10,window64,rolling_128,update,59.25,64.07
10,window64,rolling_128,query,31.86,37.79
10,window64,outliers_128,update,56.79,59.51
10,window64,outliers_128,query,31.31,32.69
10,window64,jump_128,update,60.95,115.61
10,window64,jump_128,query,36.48,37.79
10,window64,4096books,query,74.32,135.74
10,window64,4096books,update,610.20,843.39
10,window64,new_books,first_insert,505.30,758.20
11,window64,w4,get,14.39,14.66
11,window64,w4,best,4.50,5.05
11,window64,w4,range8,11.36,17.59
11,window64,w4,set_working,14.55,14.82
11,window64,w4,reprice_to_top,95.86,97.00
11,window64,w4,roll,84.54,96.07
11,window64,w4,aggressive_in_out,87.04,112.46
11,window64,w16,get,8.05,10.91
11,window64,w16,best,5.47,6.53
11,window64,w16,range8,10.16,11.64
11,window64,w16,set_working,5.25,5.80
11,window64,w16,reprice_to_top,18.15,19.51
11,window64,w16,roll,15.70,17.10
11,window64,w16,aggressive_in_out,59.43,92.64
11,window64,w32,get,4.95,5.45
11,window64,w32,best,3.32,3.34
11,window64,w32,range8,6.27,10.95
11,window64,w32,set_working,3.20,4.12
11,window64,w32,reprice_to_top,20.95,33.49
11,window64,w32,roll,9.86,10.00
11,window64,w32,aggressive_in_out,35.98,36.48
11,window64,w128,get,23.82,28.03
11,window64,w128,best,3.32,3.34
11,window64,w128,range8,12.77,12.81
11,window64,w128,set_working,28.80,30.90
11,window64,w128,reprice_to_top,62.06,86.87
11,window64,w128,roll,46.16,70.40
11,window64,w128,aggressive_in_out,43.57,46.15
11,window64,w512,get,39.27,41.55
11,window64,w512,best,3.05,3.19
11,window64,w512,range8,15.18,22.79
11,window64,w512,set_working,49.47,51.31
11,window64,w512,reprice_to_top,112.57,126.10
11,window64,w512,roll,53.80,56.21
11,window64,w512,aggressive_in_out,57.73,58.27
11,window64,rolling_4,update,60.65,61.00
11,window64,rolling_4,query,9.73,9.81
11,window64,outliers_4,update,63.69,111.10
11,window64,outliers_4,query,10.73,10.77
11,window64,jump_4,update,64.02,115.60
11,window64,jump_4,query,9.74,16.90
11,window64,rolling_16,update,52.30,82.77
11,window64,rolling_16,query,6.41,6.44
11,window64,outliers_16,update,53.11,60.62
11,window64,outliers_16,query,6.43,6.46
11,window64,jump_16,update,58.50,59.93
11,window64,jump_16,query,6.38,6.41
11,window64,rolling_32,update,54.35,54.82
11,window64,rolling_32,query,6.42,7.47
11,window64,outliers_32,update,52.50,52.89
11,window64,outliers_32,query,6.41,6.43
11,window64,jump_32,update,65.64,94.65
11,window64,jump_32,query,6.41,6.44
11,window64,rolling_128,update,58.38,60.18
11,window64,rolling_128,query,31.44,33.21
11,window64,outliers_128,update,57.03,71.59
11,window64,outliers_128,query,31.42,32.97
11,window64,jump_128,update,60.04,93.53
11,window64,jump_128,query,36.21,38.32
11,window64,4096books,query,55.02,118.79
11,window64,4096books,update,581.26,775.95
11,window64,new_books,first_insert,504.12,742.08
11,adaptive,w4,get,12.57,13.09
11,adaptive,w4,best,3.55,4.25
11,adaptive,w4,range8,13.77,14.07
11,adaptive,w4,set_working,11.83,12.26
11,adaptive,w4,reprice_to_top,71.42,76.89
11,adaptive,w4,roll,69.43,70.97
11,adaptive,w4,aggressive_in_out,70.57,72.29
11,adaptive,w16,get,25.69,26.63
11,adaptive,w16,best,3.27,4.25
11,adaptive,w16,range8,16.62,17.22
11,adaptive,w16,set_working,28.94,29.98
11,adaptive,w16,reprice_to_top,85.28,148.46
11,adaptive,w16,roll,68.60,71.27
11,adaptive,w16,aggressive_in_out,61.95,63.91
11,adaptive,w32,get,28.40,31.86
11,adaptive,w32,best,3.12,3.48
11,adaptive,w32,range8,16.09,20.24
11,adaptive,w32,set_working,33.86,37.57
11,adaptive,w32,reprice_to_top,98.39,100.98
11,adaptive,w32,roll,75.63,78.21
11,adaptive,w32,aggressive_in_out,74.61,76.59
11,adaptive,w128,get,40.59,43.07
11,adaptive,w128,best,3.62,4.27
11,adaptive,w128,range8,21.19,22.20
11,adaptive,w128,set_working,50.87,52.97
11,adaptive,w128,reprice_to_top,131.29,154.46
11,adaptive,w128,roll,86.04,94.31
11,adaptive,w128,aggressive_in_out,81.16,84.29
11,adaptive,w512,get,52.05,56.85
11,adaptive,w512,best,3.12,3.53
11,adaptive,w512,range8,21.11,25.22
11,adaptive,w512,set_working,64.16,67.27
11,adaptive,w512,reprice_to_top,201.05,231.11
11,adaptive,w512,roll,99.64,102.77
11,adaptive,w512,aggressive_in_out,95.11,98.63
11,adaptive,rolling_4,update,112.00,115.05
11,adaptive,rolling_4,query,15.35,19.09
11,adaptive,outliers_4,update,122.98,137.43
11,adaptive,outliers_4,query,19.60,20.80
11,adaptive,jump_4,update,118.33,131.84
11,adaptive,jump_4,query,15.29,18.86
11,adaptive,rolling_16,update,109.35,112.18
11,adaptive,rolling_16,query,21.44,25.18
11,adaptive,outliers_16,update,107.41,112.47
11,adaptive,outliers_16,query,35.38,38.46
11,adaptive,jump_16,update,118.59,126.52
11,adaptive,jump_16,query,21.49,25.25
11,adaptive,rolling_32,update,104.59,107.13
11,adaptive,rolling_32,query,42.35,45.55
11,adaptive,outliers_32,update,105.51,107.88
11,adaptive,outliers_32,query,42.34,45.03
11,adaptive,jump_32,update,108.36,125.40
11,adaptive,jump_32,query,43.57,46.36
11,adaptive,rolling_128,update,105.75,111.55
11,adaptive,rolling_128,query,59.78,62.08
11,adaptive,outliers_128,update,104.41,106.84
11,adaptive,outliers_128,query,57.09,61.07
11,adaptive,jump_128,update,107.17,168.02
11,adaptive,jump_128,query,59.90,62.75
11,adaptive,4096books,query,104.35,213.88
11,adaptive,4096books,update,894.65,1040.29
11,adaptive,new_books,first_insert,752.00,1016.06
11,sorted_deque,w4,get,10.63,13.34
11,sorted_deque,w4,best,2.38,2.70
11,sorted_deque,w4,range8,11.08,14.64
11,sorted_deque,w4,set_working,7.47,9.16
11,sorted_deque,w4,reprice_to_top,61.95,64.73
11,sorted_deque,w4,roll,56.47,60.10
11,sorted_deque,w4,aggressive_in_out,57.80,60.99
11,sorted_deque,w16,get,24.43,28.29
11,sorted_deque,w16,best,2.36,2.59
11,sorted_deque,w16,range8,13.71,17.79
11,sorted_deque,w16,set_working,25.05,28.88
11,sorted_deque,w16,reprice_to_top,77.01,80.93
11,sorted_deque,w16,roll,60.78,63.51
11,sorted_deque,w16,aggressive_in_out,53.55,56.88
11,sorted_deque,w32,get,29.75,34.04
11,sorted_deque,w32,best,2.38,2.68
11,sorted_deque,w32,range8,14.94,18.80
11,sorted_deque,w32,set_working,30.87,34.62
11,sorted_deque,w32,reprice_to_top,89.29,92.78
11,sorted_deque,w32,roll,66.26,68.98
11,sorted_deque,w32,aggressive_in_out,59.95,63.27
11,sorted_deque,w128,get,40.66,44.20
11,sorted_deque,w128,best,2.36,2.68
11,sorted_deque,w128,range8,18.26,21.93
11,sorted_deque,w128,set_working,45.45,49.19
11,sorted_deque,w128,reprice_to_top,123.61,137.73
11,sorted_deque,w128,roll,78.70,81.62
11,sorted_deque,w128,aggressive_in_out,73.77,76.22
11,sorted_deque,w512,get,53.64,57.44
11,sorted_deque,w512,best,2.39,2.73
11,sorted_deque,w512,range8,20.17,24.06
11,sorted_deque,w512,set_working,59.30,61.83
11,sorted_deque,w512,reprice_to_top,186.39,202.83
11,sorted_deque,w512,roll,92.55,96.13
11,sorted_deque,w512,aggressive_in_out,87.88,130.34
11,sorted_deque,rolling_4,update,106.31,108.80
11,sorted_deque,rolling_4,query,14.16,17.87
11,sorted_deque,outliers_4,update,111.98,113.92
11,sorted_deque,outliers_4,query,15.94,19.75
11,sorted_deque,jump_4,update,114.11,122.87
11,sorted_deque,jump_4,query,14.21,17.88
11,sorted_deque,rolling_16,update,103.04,105.07
11,sorted_deque,rolling_16,query,20.61,24.48
11,sorted_deque,outliers_16,update,100.87,106.23
11,sorted_deque,outliers_16,query,36.34,39.31
11,sorted_deque,jump_16,update,111.35,114.57
11,sorted_deque,jump_16,query,20.98,24.85
11,sorted_deque,rolling_32,update,99.19,101.39
11,sorted_deque,rolling_32,query,43.13,46.38
11,sorted_deque,outliers_32,update,100.54,104.15
11,sorted_deque,outliers_32,query,42.99,45.93
11,sorted_deque,jump_32,update,109.91,119.38
11,sorted_deque,jump_32,query,43.06,46.03
11,sorted_deque,rolling_128,update,100.92,106.72
11,sorted_deque,rolling_128,query,58.58,61.56
11,sorted_deque,outliers_128,update,101.10,105.40
11,sorted_deque,outliers_128,query,58.64,61.77
11,sorted_deque,jump_128,update,102.02,168.36
11,sorted_deque,jump_128,query,58.40,61.49
11,sorted_deque,4096books,query,105.20,199.20
11,sorted_deque,4096books,update,862.06,1044.98
11,sorted_deque,new_books,first_insert,627.13,880.54
11,pool_pages,w4,get,13.54,16.41
11,pool_pages,w4,best,10.62,14.69
11,pool_pages,w4,range8,13.17,16.95
11,pool_pages,w4,set_working,20.96,24.98
11,pool_pages,w4,reprice_to_top,37.77,46.72
11,pool_pages,w4,roll,34.32,34.44
11,pool_pages,w4,aggressive_in_out,101.52,175.72
11,pool_pages,w16,get,7.75,8.30
11,pool_pages,w16,best,5.98,6.12
11,pool_pages,w16,range8,7.71,7.74
11,pool_pages,w16,set_working,9.20,9.90
11,pool_pages,w16,reprice_to_top,25.34,26.39
11,pool_pages,w16,roll,20.54,20.72
11,pool_pages,w16,aggressive_in_out,100.76,101.75
11,pool_pages,w32,get,7.14,7.54
11,pool_pages,w32,best,6.19,6.34
11,pool_pages,w32,range8,7.75,8.09
11,pool_pages,w32,set_working,7.89,8.32
11,pool_pages,w32,reprice_to_top,29.27,30.83
11,pool_pages,w32,roll,20.81,20.96
11,pool_pages,w32,aggressive_in_out,101.48,170.29
11,pool_pages,w128,get,11.21,12.98
11,pool_pages,w128,best,6.85,10.68
11,pool_pages,w128,range8,7.71,7.76
11,pool_pages,w128,set_working,12.18,12.71
11,pool_pages,w128,reprice_to_top,42.73,47.57
11,pool_pages,w128,roll,20.89,37.14
11,pool_pages,w128,aggressive_in_out,105.78,189.40
11,pool_pages,w512,get,15.89,16.92
11,pool_pages,w512,best,7.16,7.17
11,pool_pages,w512,range8,7.72,7.75
11,pool_pages,w512,set_working,21.35,23.32
11,pool_pages,w512,reprice_to_top,77.71,89.94
11,pool_pages,w512,roll,26.77,27.98
11,pool_pages,w512,aggressive_in_out,198.07,216.45
11,pool_pages,rolling_4,update,91.15,109.92
11,pool_pages,rolling_4,query,15.52,16.14
11,pool_pages,outliers_4,update,99.08,186.90
11,pool_pages,outliers_4,query,21.18,22.12
11,pool_pages,jump_4,update,64.50,124.38
11,pool_pages,jump_4,query,9.50,15.85
11,pool_pages,rolling_16,update,84.34,85.89
11,pool_pages,rolling_16,query,14.09,14.48
11,pool_pages,outliers_16,update,83.20,106.62
11,pool_pages,outliers_16,query,14.55,21.28
11,pool_pages,jump_16,update,120.02,129.81
11,pool_pages,jump_16,query,13.15,39.51
11,pool_pages,rolling_32,update,114.28,150.31
11,pool_pages,rolling_32,query,14.24,19.32
11,pool_pages,outliers_32,update,106.54,136.05
11,pool_pages,outliers_32,query,20.92,26.15
11,pool_pages,jump_32,update,119.15,141.70
11,pool_pages,jump_32,query,18.43,18.92
11,pool_pages,rolling_128,update,107.95,134.39
11,pool_pages,rolling_128,query,22.58,24.09
11,pool_pages,outliers_128,update,109.17,131.39
11,pool_pages,outliers_128,query,22.97,24.18
11,pool_pages,jump_128,update,111.90,167.10
11,pool_pages,jump_128,query,22.61,26.86
11,pool_pages,4096books,query,187.69,340.93
11,pool_pages,4096books,update,1458.35,1790.10
11,pool_pages,new_books,first_insert,1212.46,1663.72
11,absl_btree,w4,get,18.42,21.12
11,absl_btree,w4,best,6.39,7.10
11,absl_btree,w4,range8,14.17,48.05
11,absl_btree,w4,set_working,20.24,21.66
11,absl_btree,w4,reprice_to_top,92.03,94.02
11,absl_btree,w4,roll,81.06,96.28
11,absl_btree,w4,aggressive_in_out,82.52,92.42
11,absl_btree,w16,get,23.52,33.36
11,absl_btree,w16,best,3.35,3.37
11,absl_btree,w16,range8,31.38,31.86
11,absl_btree,w16,set_working,31.13,33.49
11,absl_btree,w16,reprice_to_top,141.56,152.86
11,absl_btree,w16,roll,118.52,119.57
11,absl_btree,w16,aggressive_in_out,107.28,120.72
11,absl_btree,w32,get,26.99,27.93
11,absl_btree,w32,best,3.58,10.95
11,absl_btree,w32,range8,32.51,34.65
11,absl_btree,w32,set_working,36.99,39.04
11,absl_btree,w32,reprice_to_top,180.24,219.70
11,absl_btree,w32,roll,142.09,166.48
11,absl_btree,w32,aggressive_in_out,106.12,121.17
11,absl_btree,w128,get,32.71,35.38
11,absl_btree,w128,best,3.32,3.37
11,absl_btree,w128,range8,31.63,35.36
11,absl_btree,w128,set_working,52.55,55.23
11,absl_btree,w128,reprice_to_top,297.69,386.30
11,absl_btree,w128,roll,208.02,235.57
11,absl_btree,w128,aggressive_in_out,130.50,157.70
11,absl_btree,w512,get,44.42,72.41
11,absl_btree,w512,best,3.11,3.33
11,absl_btree,w512,range8,34.68,35.39
11,absl_btree,w512,set_working,56.93,60.14
11,absl_btree,w512,reprice_to_top,347.14,464.61
11,absl_btree,w512,roll,245.68,288.07
11,absl_btree,w512,aggressive_in_out,146.39,175.41
11,absl_btree,rolling_4,update,133.86,149.01
11,absl_btree,rolling_4,query,23.99,25.10
11,absl_btree,outliers_4,update,124.74,135.91
11,absl_btree,outliers_4,query,22.91,23.72
11,absl_btree,jump_4,update,139.71,150.57
11,absl_btree,jump_4,query,22.05,22.90
11,absl_btree,rolling_16,update,109.06,114.07
11,absl_btree,rolling_16,query,33.29,34.53
11,absl_btree,outliers_16,update,113.63,136.64
11,absl_btree,outliers_16,query,36.48,37.73
11,absl_btree,jump_16,update,123.29,134.40
11,absl_btree,jump_16,query,32.08,33.02
11,absl_btree,rolling_32,update,108.70,114.18
11,absl_btree,rolling_32,query,38.88,48.14
11,absl_btree,outliers_32,update,126.11,191.15
11,absl_btree,outliers_32,query,39.89,52.67
11,absl_btree,jump_32,update,148.41,210.38
11,absl_btree,jump_32,query,33.98,38.76
11,absl_btree,rolling_128,update,119.93,166.57
11,absl_btree,rolling_128,query,49.30,52.04
11,absl_btree,outliers_128,update,120.14,134.22
11,absl_btree,outliers_128,query,53.62,60.31
11,absl_btree,jump_128,update,110.65,270.11
11,absl_btree,jump_128,query,48.33,50.00
11,absl_btree,4096books,query,74.10,159.92
11,absl_btree,4096books,update,1201.54,1484.84
11,absl_btree,new_books,first_insert,761.88,1109.31
11,window128,w4,get,14.48,14.69
11,window128,w4,best,5.26,5.43
11,window128,w4,range8,16.34,17.14
11,window128,w4,set_working,13.43,14.51
11,window128,w4,reprice_to_top,96.49,97.46
11,window128,w4,roll,88.48,93.75
11,window128,w4,aggressive_in_out,58.25,68.29
11,window128,w16,get,8.70,9.62
11,window128,w16,best,9.18,9.81
11,window128,w16,range8,26.87,28.14
11,window128,w16,set_working,8.61,9.61
11,window128,w16,reprice_to_top,26.41,26.73
11,window128,w16,roll,23.73,23.93
11,window128,w16,aggressive_in_out,80.56,207.05
11,window128,w32,get,7.00,8.15
11,window128,w32,best,13.05,13.08
11,window128,w32,range8,30.36,30.70
11,window128,w32,set_working,8.29,9.21
11,window128,w32,reprice_to_top,28.62,74.87
11,window128,w32,roll,23.46,23.80
11,window128,w32,aggressive_in_out,78.66,81.12
11,window128,w128,get,9.21,10.68
11,window128,w128,best,13.05,13.09
11,window128,w128,range8,29.21,29.52
11,window128,w128,set_working,9.25,10.07
11,window128,w128,reprice_to_top,77.60,99.31
11,window128,w128,roll,101.33,104.51
11,window128,w128,aggressive_in_out,109.05,115.83
11,window128,w512,get,45.05,48.02
11,window128,w512,best,11.66,13.05
11,window128,w512,range8,30.57,96.20
11,window128,w512,set_working,59.29,62.67
11,window128,w512,reprice_to_top,184.55,214.07
11,window128,w512,roll,138.39,146.07
11,window128,w512,aggressive_in_out,126.17,136.18
11,window128,rolling_4,update,122.32,135.86
11,window128,rolling_4,query,13.92,20.10
11,window128,outliers_4,update,125.12,132.00
11,window128,outliers_4,query,15.14,22.94
11,window128,jump_4,update,125.75,133.46
11,window128,jump_4,query,13.35,17.76
11,window128,rolling_16,update,104.43,113.96
11,window128,rolling_16,query,14.82,14.85
11,window128,outliers_16,update,108.73,121.50
11,window128,outliers_16,query,14.64,17.26
11,window128,jump_16,update,124.92,136.92
11,window128,jump_16,query,14.66,14.83
11,window128,rolling_32,update,112.01,114.20
11,window128,rolling_32,query,14.61,14.82
11,window128,outliers_32,update,108.68,140.99
11,window128,outliers_32,query,14.64,14.79
11,window128,jump_32,update,124.38,135.81
11,window128,jump_32,query,14.30,14.73
11,window128,rolling_128,update,110.15,113.92
11,window128,rolling_128,query,16.51,17.12
11,window128,outliers_128,update,110.69,173.96
11,window128,outliers_128,query,18.10,19.04
11,window128,jump_128,update,120.99,219.18
11,window128,jump_128,query,37.84,41.45
11,window128,4096books,query,110.34,207.89
11,window128,4096books,update,1044.50,1348.13
11,window128,new_books,first_insert,846.40,1154.18
