pass,round,backend,scenario,metric,n,p50_ns,p99_ns,p999_ns,max_ns,allocations,frees
time,0,legacy,small,price_hit,20000,97,157,230,60695,0,0
time,0,legacy,small,price_miss,20000,91,234,528,55524,0,0
time,0,legacy,small,best,20000,85,233,558,74175,0,0
time,0,legacy,small,range_first8,20000,101,244,498,113548,0,0
time,0,legacy,small,index_update,20000,257,521,1931,45228,0,0
time,0,legacy,crowded,price_hit,20000,110,138,956,45369,0,0
time,0,legacy,crowded,price_miss,20000,110,188,954,81967,0,0
time,0,legacy,crowded,best,20000,106,169,389,64067,0,0
time,0,legacy,crowded,range_first8,20000,120,195,682,69023,0,0
time,0,legacy,crowded,index_update,20000,340,825,1658,42067,0,0
time,0,legacy,many_prices,price_hit,20000,202,396,840,91192,0,0
time,0,legacy,many_prices,price_miss,20000,169,281,613,31724,0,0
time,0,legacy,many_prices,best,20000,110,201,413,31665,0,0
time,0,legacy,many_prices,range_first8,20000,207,329,672,60977,0,0
time,0,legacy,many_prices,index_update,20000,758,1626,29195,62710,0,0
time,0,legacy,many_books,price_hit,20000,126,318,778,27826,0,0
time,0,legacy,many_books,price_miss,20000,123,266,546,37949,0,0
time,0,legacy,many_books,best,20000,107,262,653,69522,0,0
time,0,legacy,many_books,range_first8,20000,145,352,726,27570,0,0
time,0,legacy,many_books,index_update,20000,344,679,5603,143286,0,0
time,0,legacy,churn,price_hit,20000,142,191,297,75463,0,0
time,0,legacy,churn,price_miss,20000,146,221,363,43443,0,0
time,0,legacy,churn,best,20000,109,212,455,45438,0,0
time,0,legacy,churn,range_first8,20000,177,285,530,28292,0,0
time,0,legacy,churn,index_update,20000,482,908,1792,31588,0,0
time,0,legacy,growth,index_update,20000,310,4633,12944,72092,0,0
time,0,standard,small,price_hit,20000,137,185,240,39971,0,0
time,0,standard,small,price_miss,20000,136,250,495,44603,0,0
time,0,standard,small,best,20000,115,234,349,36592,0,0
time,0,standard,small,range_first8,20000,182,308,540,40012,0,0
time,0,standard,small,handle_hit,20000,58,151,282,5509,0,0
time,0,standard,small,index_update,20000,103,249,466,30149,0,0
time,0,standard,crowded,price_hit,20000,134,150,262,27593,0,0
time,0,standard,crowded,price_miss,20000,131,293,632,41790,0,0
time,0,standard,crowded,best,20000,115,276,636,43512,0,0
time,0,standard,crowded,range_first8,20000,154,317,688,56336,0,0
time,0,standard,crowded,handle_hit,20000,52,206,519,30164,0,0
time,0,standard,crowded,index_update,20000,258,751,1205,57737,0,0
time,0,standard,many_prices,price_hit,20000,292,762,1505,44074,0,0
time,0,standard,many_prices,price_miss,20000,194,359,685,66417,0,0
time,0,standard,many_prices,best,20000,115,299,617,37434,0,0
time,0,standard,many_prices,range_first8,20000,289,496,828,33197,0,0
time,0,standard,many_prices,handle_hit,20000,116,219,518,51675,0,0
time,0,standard,many_prices,index_update,20000,279,800,1231,47863,0,0
time,0,standard,many_books,price_hit,20000,118,268,701,36423,0,0
time,0,standard,many_books,price_miss,20000,77,281,492,34541,0,0
time,0,standard,many_books,best,20000,66,239,494,39568,0,0
time,0,standard,many_books,range_first8,20000,137,369,746,126912,0,0
time,0,standard,many_books,handle_hit,20000,52,176,394,38906,0,0
time,0,standard,many_books,index_update,20000,96,291,628,77187,0,0
time,0,standard,churn,price_hit,20000,111,198,463,678720,0,0
time,0,standard,churn,price_miss,20000,101,231,438,35431,0,0
time,0,standard,churn,best,20000,64,203,377,253446,0,0
time,0,standard,churn,range_first8,20000,133,310,619,37708,0,0
time,0,standard,churn,handle_hit,20000,65,122,356,43246,0,0
time,0,standard,churn,index_update,20000,284,746,2126,70408,0,0
time,0,standard,growth,index_update,20000,333,7731,15728,58214,0,0
time,0,standard,growth,block_growth_subset,313,7975,36134,49730,55276,0,0
time,0,standard,engine,intent_immediate,20000,1443,5279,39999,1711672,0,0
time,0,standard,engine,intent_queued,20000,767,3823,30475,255015,0,0
time,0,standard,engine,ready_to_command,20000,1141,4346,38011,250760,0,0
time,0,standard,engine,replace_report,20000,1271,6530,36342,352738,0,0
time,0,standard,engine_growth,new_to_command,20000,1724,18765,51655,1797106,0,0
time,0,standard,burst64_period100000ns,fill_service,20000,816,4030,38080,794402,0,0
time,0,standard,burst64_period100000ns,scheduled_arrival_to_visible,20000,182835,1628026,1659937,1673989,0,0
time,0,pooled,small,price_hit,20000,88,114,233,28832,0,0
time,0,pooled,small,price_miss,20000,86,168,287,36256,0,0
time,0,pooled,small,best,20000,63,132,247,17904,0,0
time,0,pooled,small,range_first8,20000,108,225,366,22533,0,0
time,0,pooled,small,handle_hit,20000,44,58,82,3825,0,0
time,0,pooled,small,index_update,20000,55,156,332,17699,0,0
time,0,pooled,crowded,price_hit,20000,77,118,227,25367,0,0
time,0,pooled,crowded,price_miss,20000,73,254,548,32642,0,0
time,0,pooled,crowded,best,20000,63,236,531,31197,0,0
time,0,pooled,crowded,range_first8,20000,74,267,571,32812,0,0
time,0,pooled,crowded,handle_hit,20000,35,58,187,31240,0,0
time,0,pooled,crowded,index_update,20000,102,516,729,19717,0,0
time,0,pooled,many_prices,price_hit,20000,260,1067,2667,592018,0,0
time,0,pooled,many_prices,price_miss,20000,159,343,813,121851,0,0
time,0,pooled,many_prices,best,20000,63,232,533,1293596,0,0
time,0,pooled,many_prices,range_first8,20000,208,424,4313,115186,0,0
time,0,pooled,many_prices,handle_hit,20000,116,144,288,314683,0,0
time,0,pooled,many_prices,index_update,20000,168,674,1200,46217,0,0
time,0,pooled,many_books,price_hit,20000,121,264,730,79465,0,0
time,0,pooled,many_books,price_miss,20000,104,282,623,53470,0,0
time,0,pooled,many_books,best,20000,64,226,500,53019,0,0
time,0,pooled,many_books,range_first8,20000,171,432,1068,152626,0,0
time,0,pooled,many_books,handle_hit,20000,56,125,236,207410,0,0
time,0,pooled,many_books,index_update,20000,77,292,618,39534,0,0
time,0,pooled,churn,price_hit,20000,132,314,1032,79883,0,0
time,0,pooled,churn,price_miss,20000,124,314,1025,188941,0,0
time,0,pooled,churn,best,20000,65,222,500,134099,0,0
time,0,pooled,churn,range_first8,20000,185,446,4081,430121,0,0
time,0,pooled,churn,handle_hit,20000,82,174,374,77865,0,0
time,0,pooled,churn,index_update,20000,695,1726,40759,198145,0,0
time,0,pooled,growth,index_update,20000,581,3752,9099,245372,0,0
time,0,pooled,growth,block_growth_subset,313,3778,6818,9043,9099,0,0
time,0,pooled,engine,intent_immediate,20000,1614,2741,40119,2050498,0,0
time,0,pooled,engine,intent_queued,20000,817,1521,23831,366537,0,0
time,0,pooled,engine,ready_to_command,20000,1351,2270,33509,178145,0,0
time,0,pooled,engine,replace_report,20000,1328,5075,50089,2235767,0,0
time,0,pooled,engine_growth,new_to_command,20000,1734,20524,45287,2162722,0,0
time,0,pooled,burst64_period100000ns,fill_service,20000,1017,2987,33325,74543,0,0
time,0,pooled,burst64_period100000ns,scheduled_arrival_to_visible,20000,48278,292668,323532,335569,0,0
time,0,adaptive,small,price_hit,20000,140,166,232,25278,0,0
time,0,adaptive,small,price_miss,20000,124,275,556,46242,0,0
time,0,adaptive,small,best,20000,100,254,511,48172,0,0
time,0,adaptive,small,range_first8,20000,156,316,602,64341,0,0
time,0,adaptive,small,handle_hit,20000,65,190,510,71110,0,0
time,0,adaptive,small,index_update,20000,98,256,589,43247,0,0
time,0,adaptive,crowded,price_hit,20000,128,157,285,60531,0,0
time,0,adaptive,crowded,price_miss,20000,120,302,655,57560,0,0
time,0,adaptive,crowded,best,20000,100,284,649,33014,0,0
time,0,adaptive,crowded,range_first8,20000,132,314,671,35799,0,0
time,0,adaptive,crowded,handle_hit,20000,55,214,520,6839,0,0
time,0,adaptive,crowded,index_update,20000,278,794,1179,79577,0,0
time,0,adaptive,many_prices,price_hit,20000,320,763,1220,37027,0,0
time,0,adaptive,many_prices,price_miss,20000,168,357,697,58733,0,0
time,0,adaptive,many_prices,best,20000,99,291,646,65015,0,0
time,0,adaptive,many_prices,range_first8,20000,269,492,1194,63196,0,0
time,0,adaptive,many_prices,handle_hit,20000,120,223,575,56325,0,0
time,0,adaptive,many_prices,index_update,20000,317,838,1337,55910,0,0
time,0,adaptive,many_books,price_hit,20000,142,272,1030,60577,0,0
time,0,adaptive,many_books,price_miss,20000,111,300,986,29913,0,0
time,0,adaptive,many_books,best,20000,90,266,621,7084,0,0
time,0,adaptive,many_books,range_first8,20000,165,403,1067,49866,0,0
time,0,adaptive,many_books,handle_hit,20000,64,209,567,7714,0,0
time,0,adaptive,many_books,index_update,20000,122,410,1044,53846,0,0
time,0,adaptive,churn,price_hit,20000,159,206,353,28139,0,0
time,0,adaptive,churn,price_miss,20000,137,300,610,31058,0,0
time,0,adaptive,churn,best,20000,104,264,611,33961,0,0
time,0,adaptive,churn,range_first8,20000,198,371,795,52749,0,0
time,0,adaptive,churn,handle_hit,20000,75,196,510,71974,0,0
time,0,adaptive,churn,index_update,20000,272,493,1263,66438,0,0
time,0,adaptive,growth,index_update,20000,345,2552,6516,67371,0,0
time,0,adaptive,growth,block_growth_subset,313,2664,6516,12852,46662,0,0
time,0,adaptive,engine,intent_immediate,20000,1836,2744,35283,69026,0,0
time,0,adaptive,engine,intent_queued,20000,977,1658,29304,82282,0,0
time,0,adaptive,engine,ready_to_command,20000,1522,2323,35189,79679,0,0
time,0,adaptive,engine,replace_report,20000,1540,6426,42751,112737,0,0
time,0,adaptive,engine_growth,new_to_command,20000,1507,14701,42653,2608917,0,0
time,0,adaptive,burst64_period100000ns,fill_service,20000,1069,3954,28652,46553,0,0
time,0,adaptive,burst64_period100000ns,scheduled_arrival_to_visible,20000,70457,1258792,1286668,1297449,0,0
time,0,window,small,price_hit,20000,139,158,268,47272,0,0
time,0,window,small,price_miss,20000,128,225,500,37484,0,0
time,0,window,small,best,20000,106,214,345,38451,0,0
time,0,window,small,range_first8,20000,167,299,499,65884,0,0
time,0,window,small,handle_hit,20000,58,159,216,5351,0,0
time,0,window,small,index_update,20000,102,216,381,23578,0,0
time,0,window,crowded,price_hit,20000,137,173,287,38073,0,0
time,0,window,crowded,price_miss,20000,128,303,619,41942,0,0
time,0,window,crowded,best,20000,108,279,592,24547,0,0
time,0,window,crowded,range_first8,20000,142,329,690,44459,0,0
time,0,window,crowded,handle_hit,20000,57,218,513,26439,0,0
time,0,window,crowded,index_update,20000,214,702,1033,41198,0,0
time,0,window,many_prices,price_hit,20000,251,708,1364,29354,0,0
time,0,window,many_prices,price_miss,20000,94,348,1110,36911,0,0
time,0,window,many_prices,best,20000,64,283,958,4453,0,0
time,0,window,many_prices,range_first8,20000,195,664,4715,92028,0,0
time,0,window,many_prices,handle_hit,20000,94,210,974,31894,0,0
time,0,window,many_prices,index_update,20000,231,766,1866,52016,0,0
time,0,window,many_books,price_hit,20000,99,284,1028,177530,0,0
time,0,window,many_books,price_miss,20000,73,243,638,27597,0,0
time,0,window,many_books,best,20000,64,242,554,51127,0,0
time,0,window,many_books,range_first8,20000,102,385,1143,641306,0,0
time,0,window,many_books,handle_hit,20000,44,185,455,48932,0,0
time,0,window,many_books,index_update,20000,67,413,1148,100868,0,0
time,0,window,churn,price_hit,20000,154,206,565,36958,0,0
time,0,window,churn,price_miss,20000,138,310,638,35720,0,0
time,0,window,churn,best,20000,103,274,636,34125,0,0
time,0,window,churn,range_first8,20000,246,438,937,53950,0,0
time,0,window,churn,handle_hit,20000,73,214,530,53943,0,0
time,0,window,churn,index_update,20000,285,540,4654,88470,0,0
time,0,window,growth,index_update,20000,344,2663,7668,71700,0,0
time,0,window,growth,block_growth_subset,313,2759,7756,37536,52376,0,0
time,0,window,engine,intent_immediate,20000,1883,2878,37481,107140,0,0
time,0,window,engine,intent_queued,20000,1021,1746,33870,56136,0,0
time,0,window,engine,ready_to_command,20000,1530,2275,38422,87236,0,0
time,0,window,engine,replace_report,20000,1611,6756,37522,76196,0,0
time,0,window,engine_growth,new_to_command,20000,1768,19767,42687,2148367,0,0
time,0,window,burst64_period100000ns,fill_service,20000,1103,4254,36098,59383,0,0
time,0,window,burst64_period100000ns,scheduled_arrival_to_visible,20000,306202,1627158,1664557,1682435,0,0
time,1,standard,small,price_hit,20000,136,166,240,26749,0,0
time,1,standard,small,price_miss,20000,126,275,615,51816,0,0
time,1,standard,small,best,20000,103,250,557,50302,0,0
time,1,standard,small,range_first8,20000,169,330,670,59027,0,0
time,1,standard,small,handle_hit,20000,60,184,430,29893,0,0
time,1,standard,small,index_update,20000,105,256,547,28665,0,0
time,1,standard,crowded,price_hit,20000,121,156,373,29902,0,0
time,1,standard,crowded,price_miss,20000,116,299,667,57685,0,0
time,1,standard,crowded,best,20000,100,279,605,29542,0,0
time,1,standard,crowded,range_first8,20000,137,338,673,30047,0,0
time,1,standard,crowded,handle_hit,20000,49,224,536,36873,0,0
time,1,standard,crowded,index_update,20000,250,751,1293,70947,0,0
time,1,standard,many_prices,price_hit,20000,335,811,1209,37318,0,0
time,1,standard,many_prices,price_miss,20000,167,359,699,60992,0,0
time,1,standard,many_prices,best,20000,99,303,646,81181,0,0
time,1,standard,many_prices,range_first8,20000,262,501,6669,70942,0,0
time,1,standard,many_prices,handle_hit,20000,118,242,593,34739,0,0
time,1,standard,many_prices,index_update,20000,348,891,1811,39197,0,0
time,1,standard,many_books,price_hit,20000,152,302,530,38228,0,0
time,1,standard,many_books,price_miss,20000,123,313,660,74722,0,0
time,1,standard,many_books,best,20000,96,288,593,56059,0,0
time,1,standard,many_books,range_first8,20000,203,473,1099,59954,0,0
time,1,standard,many_books,handle_hit,20000,64,225,519,35171,0,0
time,1,standard,many_books,index_update,20000,138,463,782,78087,0,0
time,1,standard,churn,price_hit,20000,170,240,558,57141,0,0
time,1,standard,churn,price_miss,20000,156,332,662,35183,0,0
time,1,standard,churn,best,20000,98,270,602,33358,0,0
time,1,standard,churn,range_first8,20000,237,438,832,65441,0,0
time,1,standard,churn,handle_hit,20000,90,213,544,62195,0,0
time,1,standard,churn,index_update,20000,459,991,6787,86883,0,0
time,1,standard,growth,index_update,20000,212,2365,3870,56782,0,0
time,1,standard,growth,block_growth_subset,313,2476,6099,40742,56782,0,0
time,1,standard,engine,intent_immediate,20000,1829,2790,37983,85783,0,0
time,1,standard,engine,intent_queued,20000,980,1663,35082,66350,0,0
time,1,standard,engine,ready_to_command,20000,1486,2263,34384,79441,0,0
time,1,standard,engine,replace_report,20000,1599,7007,38919,69113,0,0
time,1,standard,engine_growth,new_to_command,20000,1173,13775,36139,1770761,0,0
time,1,standard,burst64_period100000ns,fill_service,20000,730,2786,28167,545834,0,0
time,1,standard,burst64_period100000ns,scheduled_arrival_to_visible,20000,42317,1339469,1437067,1461201,0,0
time,1,pooled,small,price_hit,20000,90,139,247,70349,0,0
time,1,pooled,small,price_miss,20000,86,225,335,36186,0,0
time,1,pooled,small,best,20000,63,195,311,39927,0,0
time,1,pooled,small,range_first8,20000,107,269,613,31467,0,0
time,1,pooled,small,handle_hit,20000,44,80,210,19578,0,0
time,1,pooled,small,index_update,20000,54,216,462,3627,0,0
time,1,pooled,crowded,price_hit,20000,77,129,232,24168,0,0
time,1,pooled,crowded,price_miss,20000,73,259,580,62448,0,0
time,1,pooled,crowded,best,20000,63,248,594,46104,0,0
time,1,pooled,crowded,range_first8,20000,75,278,606,75216,0,0
time,1,pooled,crowded,handle_hit,20000,35,113,265,27459,0,0
time,1,pooled,crowded,index_update,20000,148,603,923,408121,0,0
time,1,pooled,many_prices,price_hit,20000,402,1048,1989,63668,0,0
time,1,pooled,many_prices,price_miss,20000,197,458,1092,41680,0,0
time,1,pooled,many_prices,best,20000,83,290,620,134204,0,0
time,1,pooled,many_prices,range_first8,20000,272,568,1433,120011,0,0
time,1,pooled,many_prices,handle_hit,20000,129,244,774,84429,0,0
time,1,pooled,many_prices,index_update,20000,299,838,3625,167585,0,0
time,1,pooled,many_books,price_hit,20000,120,457,1153,151897,0,0
time,1,pooled,many_books,price_miss,20000,104,320,930,1363902,0,0
time,1,pooled,many_books,best,20000,64,222,470,118163,0,0
time,1,pooled,many_books,range_first8,20000,170,591,2033,219820,0,0
time,1,pooled,many_books,handle_hit,20000,54,137,400,144844,0,0
time,1,pooled,many_books,index_update,20000,69,413,818,178928,0,0
time,1,pooled,churn,price_hit,20000,124,193,299,33053,0,0
time,1,pooled,churn,price_miss,20000,120,250,470,56503,0,0
time,1,pooled,churn,best,20000,63,198,485,29092,0,0
time,1,pooled,churn,range_first8,20000,177,338,698,37900,0,0
time,1,pooled,churn,handle_hit,20000,78,107,191,42734,0,0
time,1,pooled,churn,index_update,20000,678,1196,15763,50145,0,0
time,1,pooled,growth,index_update,20000,585,4311,29398,574649,0,0
time,1,pooled,growth,block_growth_subset,313,4312,25572,40522,49861,0,0
time,1,pooled,engine,intent_immediate,20000,2022,3316,49380,134787,0,0
time,1,pooled,engine,intent_queued,20000,1037,1808,31317,124646,0,0
time,1,pooled,engine,ready_to_command,20000,1672,2752,33600,120830,0,0
time,1,pooled,engine,replace_report,20000,1647,7120,36695,97784,0,0
time,1,pooled,engine_growth,new_to_command,20000,3014,30520,63408,2882569,0,0
time,1,pooled,burst64_period100000ns,fill_service,20000,1138,3927,31744,104191,0,0
time,1,pooled,burst64_period100000ns,scheduled_arrival_to_visible,20000,512421,1294446,1313457,1324159,0,0
time,1,adaptive,small,price_hit,20000,146,426,548,31693,0,0
time,1,adaptive,small,price_miss,20000,140,366,599,24800,0,0
time,1,adaptive,small,best,20000,115,290,547,28101,0,0
time,1,adaptive,small,range_first8,20000,174,394,698,56650,0,0
time,1,adaptive,small,handle_hit,20000,67,192,468,50588,0,0
time,1,adaptive,small,index_update,20000,107,275,664,70306,0,0
time,1,adaptive,crowded,price_hit,20000,140,379,528,34505,0,0
time,1,adaptive,crowded,price_miss,20000,134,388,664,69798,0,0
time,1,adaptive,crowded,best,20000,113,332,630,5577,0,0
time,1,adaptive,crowded,range_first8,20000,149,377,746,46472,0,0
time,1,adaptive,crowded,handle_hit,20000,61,228,534,35631,0,0
time,1,adaptive,crowded,index_update,20000,327,894,5687,48901,0,0
time,1,adaptive,many_prices,price_hit,20000,344,915,1774,85389,0,0
time,1,adaptive,many_prices,price_miss,20000,195,515,1026,47712,0,0
time,1,adaptive,many_prices,best,20000,115,378,623,27790,0,0
time,1,adaptive,many_prices,range_first8,20000,301,691,2668,56249,0,0
time,1,adaptive,many_prices,handle_hit,20000,123,343,586,18251,0,0
time,1,adaptive,many_prices,index_update,20000,370,950,6193,57890,0,0
time,1,adaptive,many_books,price_hit,20000,165,485,600,52234,0,0
time,1,adaptive,many_books,price_miss,20000,145,420,625,71685,0,0
time,1,adaptive,many_books,best,20000,116,322,510,5517,0,0
time,1,adaptive,many_books,range_first8,20000,204,470,1309,56199,0,0
time,1,adaptive,many_books,handle_hit,20000,73,216,513,23468,0,0
time,1,adaptive,many_books,index_update,20000,125,404,760,52004,0,0
time,1,adaptive,churn,price_hit,20000,166,405,560,41454,0,0
time,1,adaptive,churn,price_miss,20000,146,309,476,21157,0,0
time,1,adaptive,churn,best,20000,115,261,477,67222,0,0
time,1,adaptive,churn,range_first8,20000,212,377,708,48468,0,0
time,1,adaptive,churn,handle_hit,20000,79,186,456,45960,0,0
time,1,adaptive,churn,index_update,20000,283,656,2528,97492,0,0
time,1,adaptive,growth,index_update,20000,380,2618,6793,55659,0,0
time,1,adaptive,growth,block_growth_subset,313,2685,6185,31940,53671,0,0
time,1,adaptive,engine,intent_immediate,20000,2062,3164,34331,120059,0,0
time,1,adaptive,engine,intent_queued,20000,1075,1787,29603,114149,0,0
time,1,adaptive,engine,ready_to_command,20000,1723,2655,34127,142830,0,0
time,1,adaptive,engine,replace_report,20000,1677,6483,38391,103119,0,0
time,1,adaptive,engine_growth,new_to_command,20000,1675,19164,41921,2512926,0,0
time,1,adaptive,burst64_period100000ns,fill_service,20000,1002,3806,32376,104004,0,0
time,1,adaptive,burst64_period100000ns,scheduled_arrival_to_visible,20000,63901,1198011,1226330,1247592,0,0
time,1,window,small,price_hit,20000,112,156,266,66727,0,0
time,1,window,small,price_miss,20000,105,275,596,6661,0,0
time,1,window,small,best,20000,88,257,590,41344,0,0
time,1,window,small,range_first8,20000,137,315,650,42927,0,0
time,1,window,small,handle_hit,20000,52,193,517,49404,0,0
time,1,window,small,index_update,20000,92,254,546,32222,0,0
time,1,window,crowded,price_hit,20000,109,150,267,67378,0,0
time,1,window,crowded,price_miss,20000,103,291,655,49120,0,0
time,1,window,crowded,best,20000,88,266,544,31905,0,0
time,1,window,crowded,range_first8,20000,114,305,641,28820,0,0
time,1,window,crowded,handle_hit,20000,50,199,486,44715,0,0
time,1,window,crowded,index_update,20000,241,739,1138,61839,0,0
time,1,window,many_prices,price_hit,20000,251,712,1214,43463,0,0
time,1,window,many_prices,price_miss,20000,97,336,618,33780,0,0
time,1,window,many_prices,best,20000,66,258,567,30114,0,0
time,1,window,many_prices,range_first8,20000,196,572,1319,47560,0,0
time,1,window,many_prices,handle_hit,20000,93,182,485,35894,0,0
time,1,window,many_prices,index_update,20000,242,747,1374,49809,0,0
time,1,window,many_books,price_hit,20000,100,150,297,52249,0,0
time,1,window,many_books,price_miss,20000,75,170,352,19742,0,0
time,1,window,many_books,best,20000,66,157,334,56864,0,0
time,1,window,many_books,range_first8,20000,103,240,479,34598,0,0
time,1,window,many_books,handle_hit,20000,44,63,140,19711,0,0
time,1,window,many_books,index_update,20000,66,207,483,44967,0,0
time,1,window,churn,price_hit,20000,103,221,397,57335,0,0
time,1,window,churn,price_miss,20000,90,268,627,53346,0,0
time,1,window,churn,best,20000,64,234,471,28409,0,0
time,1,window,churn,range_first8,20000,128,387,757,53065,0,0
time,1,window,churn,handle_hit,20000,57,171,284,3863,0,0
time,1,window,churn,index_update,20000,187,428,1166,259533,0,0
time,1,window,growth,index_update,20000,202,2103,4550,65689,0,0
time,1,window,growth,block_growth_subset,313,2171,3680,6699,7143,0,0
time,1,window,engine,intent_immediate,20000,1126,2554,31447,954217,0,0
time,1,window,engine,intent_queued,20000,630,1451,23361,818062,0,0
time,1,window,engine,ready_to_command,20000,908,2125,28519,157986,0,0
time,1,window,engine,replace_report,20000,1025,4646,37489,487263,0,0
time,1,window,engine_growth,new_to_command,20000,1955,21289,51586,2614698,0,0
time,1,window,burst64_period100000ns,fill_service,20000,1083,4316,28256,111815,0,0
time,1,window,burst64_period100000ns,scheduled_arrival_to_visible,20000,414330,1695389,1728591,1735512,0,0
time,1,legacy,small,price_hit,20000,118,163,258,24458,0,0
time,1,legacy,small,price_miss,20000,110,200,338,51543,0,0
time,1,legacy,small,best,20000,101,203,307,27197,0,0
time,1,legacy,small,range_first8,20000,124,253,577,25490,0,0
time,1,legacy,small,index_update,20000,322,480,989,41490,0,0
time,1,legacy,crowded,price_hit,20000,106,170,270,24884,0,0
time,1,legacy,crowded,price_miss,20000,104,246,553,38874,0,0
time,1,legacy,crowded,best,20000,100,246,535,15331,0,0
time,1,legacy,crowded,range_first8,20000,113,263,595,34088,0,0
time,1,legacy,crowded,index_update,20000,363,759,5885,49640,0,0
time,1,legacy,many_prices,price_hit,20000,210,398,736,47287,0,0
time,1,legacy,many_prices,price_miss,20000,163,335,649,45085,0,0
time,1,legacy,many_prices,best,20000,110,282,617,45965,0,0
time,1,legacy,many_prices,range_first8,20000,206,397,732,73589,0,0
time,1,legacy,many_prices,index_update,20000,816,1824,29348,55411,0,0
time,1,legacy,many_books,price_hit,20000,129,162,292,42827,0,0
time,1,legacy,many_books,price_miss,20000,114,250,522,27167,0,0
time,1,legacy,many_books,best,20000,101,246,536,27297,0,0
time,1,legacy,many_books,range_first8,20000,134,277,541,26475,0,0
time,1,legacy,many_books,index_update,20000,343,514,947,42800,0,0
time,1,legacy,churn,price_hit,20000,131,245,996,173263,0,0
time,1,legacy,churn,price_miss,20000,127,266,999,120968,0,0
time,1,legacy,churn,best,20000,92,241,951,465611,0,0
time,1,legacy,churn,range_first8,20000,154,330,1109,45123,0,0
time,1,legacy,churn,index_update,20000,484,1256,6990,49573,0,0
time,1,legacy,growth,index_update,20000,185,743,1338,28658,0,0
time,2,pooled,small,price_hit,20000,89,138,182,18928,0,0
time,2,pooled,small,price_miss,20000,86,213,472,48667,0,0
time,2,pooled,small,best,20000,63,209,432,35971,0,0
time,2,pooled,small,range_first8,20000,108,254,411,23010,0,0
time,2,pooled,small,handle_hit,20000,44,74,227,19739,0,0
time,2,pooled,small,index_update,20000,56,201,368,1074,0,0
time,2,pooled,crowded,price_hit,20000,78,100,181,21784,0,0
time,2,pooled,crowded,price_miss,20000,73,265,562,37307,0,0
time,2,pooled,crowded,best,20000,63,267,560,18486,0,0
time,2,pooled,crowded,range_first8,20000,77,280,573,17331,0,0
time,2,pooled,crowded,handle_hit,20000,35,47,122,17281,0,0
time,2,pooled,crowded,index_update,20000,106,585,942,31309,0,0
time,2,pooled,many_prices,price_hit,20000,315,970,4047,47252,0,0
time,2,pooled,many_prices,price_miss,20000,159,391,1047,107885,0,0
time,2,pooled,many_prices,best,20000,64,284,611,21447,0,0
time,2,pooled,many_prices,range_first8,20000,212,471,2647,40585,0,0
time,2,pooled,many_prices,handle_hit,20000,117,182,499,51082,0,0
time,2,pooled,many_prices,index_update,20000,237,775,1443,48242,0,0
time,2,pooled,many_books,price_hit,20000,121,376,1012,45858,0,0
time,2,pooled,many_books,price_miss,20000,104,345,686,47780,0,0
time,2,pooled,many_books,best,20000,64,257,528,46461,0,0
time,2,pooled,many_books,range_first8,20000,172,616,1137,24954,0,0
time,2,pooled,many_books,handle_hit,20000,54,185,347,27371,0,0
time,2,pooled,many_books,index_update,20000,70,343,656,34562,0,0
time,2,pooled,churn,price_hit,20000,123,185,280,25110,0,0
time,2,pooled,churn,price_miss,20000,119,222,488,36646,0,0
time,2,pooled,churn,best,20000,63,182,298,24791,0,0
time,2,pooled,churn,range_first8,20000,176,329,563,19655,0,0
time,2,pooled,churn,handle_hit,20000,76,103,189,18468,0,0
time,2,pooled,churn,index_update,20000,670,1172,9700,75769,0,0
time,2,pooled,growth,index_update,20000,595,4288,24887,381882,0,0
time,2,pooled,growth,block_growth_subset,313,4319,10987,21419,30036,0,0
time,2,pooled,engine,intent_immediate,20000,1353,2953,27495,57528,0,0
time,2,pooled,engine,intent_queued,20000,763,1637,27046,74122,0,0
time,2,pooled,engine,ready_to_command,20000,1085,2663,33835,51899,0,0
time,2,pooled,engine,replace_report,20000,1237,5844,36534,537196,0,0
time,2,pooled,engine_growth,new_to_command,20000,1707,19488,41781,1768227,0,0
time,2,pooled,burst64_period100000ns,fill_service,20000,667,2790,19582,67929,0,0
time,2,pooled,burst64_period100000ns,scheduled_arrival_to_visible,20000,28089,224094,261677,273028,0,0
time,2,adaptive,small,price_hit,20000,90,151,332,48842,0,0
time,2,adaptive,small,price_miss,20000,72,228,481,289365,0,0
time,2,adaptive,small,best,20000,63,220,555,29675,0,0
time,2,adaptive,small,range_first8,20000,85,265,629,25537,0,0
time,2,adaptive,small,handle_hit,20000,46,144,292,19029,0,0
time,2,adaptive,small,index_update,20000,54,233,535,25255,0,0
time,2,adaptive,crowded,price_hit,20000,80,160,276,283365,0,0
time,2,adaptive,crowded,price_miss,20000,71,282,727,136203,0,0
time,2,adaptive,crowded,best,20000,63,279,596,23365,0,0
time,2,adaptive,crowded,range_first8,20000,79,294,658,4566,0,0
time,2,adaptive,crowded,handle_hit,20000,37,170,381,28467,0,0
time,2,adaptive,crowded,index_update,20000,189,718,1644,125711,0,0
time,2,adaptive,many_prices,price_hit,20000,184,604,1117,46325,0,0
time,2,adaptive,many_prices,price_miss,20000,94,316,664,45957,0,0
time,2,adaptive,many_prices,best,20000,63,256,564,20755,0,0
time,2,adaptive,many_prices,range_first8,20000,138,404,1290,40068,0,0
time,2,adaptive,many_prices,handle_hit,20000,84,156,327,28303,0,0
time,2,adaptive,many_prices,index_update,20000,180,687,1173,49114,0,0
time,2,adaptive,many_books,price_hit,20000,108,166,306,24382,0,0
time,2,adaptive,many_books,price_miss,20000,77,215,464,25601,0,0
time,2,adaptive,many_books,best,20000,65,195,306,69246,0,0
time,2,adaptive,many_books,range_first8,20000,103,256,536,45287,0,0
time,2,adaptive,many_books,handle_hit,20000,52,76,195,19161,0,0
time,2,adaptive,many_books,index_update,20000,65,245,561,39881,0,0
time,2,adaptive,churn,price_hit,20000,106,176,333,24311,0,0
time,2,adaptive,churn,price_miss,20000,89,230,635,36488,0,0
time,2,adaptive,churn,best,20000,64,211,438,122728,0,0
time,2,adaptive,churn,range_first8,20000,113,273,644,37398,0,0
time,2,adaptive,churn,handle_hit,20000,59,102,209,122645,0,0
time,2,adaptive,churn,index_update,20000,177,377,1109,40428,0,0
time,2,adaptive,growth,index_update,20000,215,2281,4387,58919,0,0
time,2,adaptive,growth,block_growth_subset,313,2436,4810,6599,39472,0,0
time,2,adaptive,engine,intent_immediate,20000,1290,2723,29863,591588,0,0
time,2,adaptive,engine,intent_queued,20000,768,1630,27374,210647,0,0
time,2,adaptive,engine,ready_to_command,20000,993,2234,31037,102484,0,0
time,2,adaptive,engine,replace_report,20000,1224,5457,36401,727328,0,0
time,2,adaptive,engine_growth,new_to_command,20000,1824,20308,53612,2608589,0,0
time,2,adaptive,burst64_period100000ns,fill_service,20000,1063,3790,33725,66302,0,0
time,2,adaptive,burst64_period100000ns,scheduled_arrival_to_visible,20000,68954,970178,1001768,1012254,0,0
time,2,window,small,price_hit,20000,129,160,299,51684,0,0
time,2,window,small,price_miss,20000,121,290,560,32014,0,0
time,2,window,small,best,20000,99,278,589,67062,0,0
time,2,window,small,range_first8,20000,160,337,1030,54413,0,0
time,2,window,small,handle_hit,20000,56,214,484,29824,0,0
time,2,window,small,index_update,20000,100,286,603,56627,0,0
time,2,window,crowded,price_hit,20000,129,160,322,123975,0,0
time,2,window,crowded,price_miss,20000,121,313,615,61509,0,0
time,2,window,crowded,best,20000,101,300,608,28535,0,0
time,2,window,crowded,range_first8,20000,135,333,667,59398,0,0
time,2,window,crowded,handle_hit,20000,55,235,533,30485,0,0
time,2,window,crowded,index_update,20000,294,845,1416,55099,0,0
time,2,window,many_prices,price_hit,20000,366,921,5748,189681,0,0
time,2,window,many_prices,price_miss,20000,175,367,740,76945,0,0
time,2,window,many_prices,best,20000,102,301,605,35503,0,0
time,2,window,many_prices,range_first8,20000,380,622,1565,85081,0,0
time,2,window,many_prices,handle_hit,20000,123,245,599,213751,0,0
time,2,window,many_prices,index_update,20000,387,954,5730,65035,0,0
time,2,window,many_books,price_hit,20000,145,229,516,33528,0,0
time,2,window,many_books,price_miss,20000,127,296,660,53312,0,0
time,2,window,many_books,best,20000,102,284,634,57077,0,0
time,2,window,many_books,range_first8,20000,197,395,685,60487,0,0
time,2,window,many_books,handle_hit,20000,61,217,548,26560,0,0
time,2,window,many_books,index_update,20000,126,438,681,59456,0,0
time,2,window,churn,price_hit,20000,155,184,312,53469,0,0
time,2,window,churn,price_miss,20000,139,285,581,59479,0,0
time,2,window,churn,best,20000,100,257,524,32114,0,0
time,2,window,churn,range_first8,20000,236,405,768,34035,0,0
time,2,window,churn,handle_hit,20000,72,188,482,58226,0,0
time,2,window,churn,index_update,20000,270,454,1113,85312,0,0
time,2,window,growth,index_update,20000,352,2582,6827,66321,0,0
time,2,window,growth,block_growth_subset,313,2653,4840,8169,9384,0,0
time,2,window,engine,intent_immediate,20000,1822,2710,39348,132151,0,0
time,2,window,engine,intent_queued,20000,983,1642,30323,68105,0,0
time,2,window,engine,ready_to_command,20000,1471,2211,36503,60993,0,0
time,2,window,engine,replace_report,20000,1547,6657,35621,77443,0,0
time,2,window,engine_growth,new_to_command,20000,1677,18472,53183,2546457,0,0
time,2,window,burst64_period100000ns,fill_service,20000,774,3156,25518,80933,0,0
time,2,window,burst64_period100000ns,scheduled_arrival_to_visible,20000,33188,418094,463790,481773,0,0
time,2,legacy,small,price_hit,20000,71,87,98,15549,0,0
time,2,legacy,small,price_miss,20000,62,80,204,37362,0,0
time,2,legacy,small,best,20000,60,78,207,3463,0,0
time,2,legacy,small,range_first8,20000,66,141,263,25887,0,0
time,2,legacy,small,index_update,20000,160,272,557,27399,0,0
time,2,legacy,crowded,price_hit,20000,61,118,187,6480,0,0
time,2,legacy,crowded,price_miss,20000,61,255,586,52685,0,0
time,2,legacy,crowded,best,20000,61,263,575,31127,0,0
time,2,legacy,crowded,range_first8,20000,63,266,597,37348,0,0
time,2,legacy,crowded,index_update,20000,240,634,1395,38237,0,0
time,2,legacy,many_prices,price_hit,20000,180,543,916,68047,0,0
time,2,legacy,many_prices,price_miss,20000,125,325,647,60732,0,0
time,2,legacy,many_prices,best,20000,89,289,598,30488,0,0
time,2,legacy,many_prices,range_first8,20000,160,374,739,69365,0,0
time,2,legacy,many_prices,index_update,20000,743,1848,10369,74782,0,0
time,2,legacy,many_books,price_hit,20000,82,104,153,30792,0,0
time,2,legacy,many_books,price_miss,20000,66,138,279,27632,0,0
time,2,legacy,many_books,best,20000,64,141,273,4158,0,0
time,2,legacy,many_books,range_first8,20000,72,144,257,19828,0,0
time,2,legacy,many_books,index_update,20000,175,303,626,21295,0,0
time,2,legacy,churn,price_hit,20000,93,126,163,16981,0,0
time,2,legacy,churn,price_miss,20000,87,165,280,20516,0,0
time,2,legacy,churn,best,20000,66,141,250,17863,0,0
time,2,legacy,churn,range_first8,20000,92,181,283,26430,0,0
time,2,legacy,churn,index_update,20000,304,611,912,55053,0,0
time,2,legacy,growth,index_update,20000,185,750,1544,46996,0,0
time,2,standard,small,price_hit,20000,87,188,983,43178,0,0
time,2,standard,small,price_miss,20000,72,244,959,31326,0,0
time,2,standard,small,best,20000,64,248,947,30389,0,0
time,2,standard,small,range_first8,20000,86,316,1079,41996,0,0
time,2,standard,small,handle_hit,20000,44,163,401,33641,0,0
time,2,standard,small,index_update,20000,56,239,968,24963,0,0
time,2,standard,crowded,price_hit,20000,76,137,279,24449,0,0
time,2,standard,crowded,price_miss,20000,70,276,604,38674,0,0
time,2,standard,crowded,best,20000,64,275,610,46078,0,0
time,2,standard,crowded,range_first8,20000,79,302,626,23640,0,0
time,2,standard,crowded,handle_hit,20000,33,160,399,30419,0,0
time,2,standard,crowded,index_update,20000,166,690,1339,28078,0,0
time,2,standard,many_prices,price_hit,20000,252,735,2417,33887,0,0
time,2,standard,many_prices,price_miss,20000,96,358,655,39559,0,0
time,2,standard,many_prices,best,20000,65,293,663,59100,0,0
time,2,standard,many_prices,range_first8,20000,148,440,920,33132,0,0
time,2,standard,many_prices,handle_hit,20000,91,187,484,19234,0,0
time,2,standard,many_prices,index_update,20000,258,798,1395,56783,0,0
time,2,standard,many_books,price_hit,20000,107,201,451,26530,0,0
time,2,standard,many_books,price_miss,20000,74,261,452,4459,0,0
time,2,standard,many_books,best,20000,63,240,401,53027,0,0
time,2,standard,many_books,range_first8,20000,112,337,664,322179,0,0
time,2,standard,many_books,handle_hit,20000,49,179,321,25327,0,0
time,2,standard,many_books,index_update,20000,66,280,609,216017,0,0
time,2,standard,churn,price_hit,20000,158,229,462,36349,0,0
time,2,standard,churn,price_miss,20000,146,307,648,57934,0,0
time,2,standard,churn,best,20000,92,257,537,58510,0,0
time,2,standard,churn,range_first8,20000,218,406,820,94674,0,0
time,2,standard,churn,handle_hit,20000,82,190,440,29596,0,0
time,2,standard,churn,index_update,20000,419,940,4608,301299,0,0
time,2,standard,growth,index_update,20000,345,2714,6094,61255,0,0
time,2,standard,growth,block_growth_subset,313,2789,5057,10485,55091,0,0
time,2,standard,engine,intent_immediate,20000,1864,2870,38895,86410,0,0
time,2,standard,engine,intent_queued,20000,997,1702,16110,68052,0,0
time,2,standard,engine,ready_to_command,20000,1518,2348,36834,66668,0,0
time,2,standard,engine,replace_report,20000,1587,7308,40636,160202,0,0
time,2,standard,engine_growth,new_to_command,20000,1271,13983,38443,1721635,0,0
time,2,standard,burst64_period100000ns,fill_service,20000,690,2793,19174,78097,0,0
time,2,standard,burst64_period100000ns,scheduled_arrival_to_visible,20000,31736,251902,281207,291196,0,0
time,3,adaptive,small,price_hit,20000,89,104,117,4284,0,0
time,3,adaptive,small,price_miss,20000,72,90,231,18864,0,0
time,3,adaptive,small,best,20000,63,82,209,18664,0,0
time,3,adaptive,small,range_first8,20000,84,158,268,37616,0,0
time,3,adaptive,small,handle_hit,20000,46,56,74,18335,0,0
time,3,adaptive,small,index_update,20000,55,151,246,17387,0,0
time,3,adaptive,crowded,price_hit,20000,79,96,120,37734,0,0
time,3,adaptive,crowded,price_miss,20000,71,265,560,29750,0,0
time,3,adaptive,crowded,best,20000,63,260,550,19077,0,0
time,3,adaptive,crowded,range_first8,20000,79,279,590,49456,0,0
time,3,adaptive,crowded,handle_hit,20000,37,43,69,43860,0,0
time,3,adaptive,crowded,index_update,20000,94,587,862,20602,0,0
time,3,adaptive,many_prices,price_hit,20000,162,463,1031,39348,0,0
time,3,adaptive,many_prices,price_miss,20000,93,279,601,38049,0,0
time,3,adaptive,many_prices,best,20000,63,245,540,65118,0,0
time,3,adaptive,many_prices,range_first8,20000,137,332,669,23176,0,0
time,3,adaptive,many_prices,handle_hit,20000,83,119,168,21754,0,0
time,3,adaptive,many_prices,index_update,20000,110,600,927,23235,0,0
time,3,adaptive,many_books,price_hit,20000,107,131,209,24736,0,0
time,3,adaptive,many_books,price_miss,20000,75,110,230,41760,0,0
time,3,adaptive,many_books,best,20000,63,84,229,21175,0,0
time,3,adaptive,many_books,range_first8,20000,100,188,307,20683,0,0
time,3,adaptive,many_books,handle_hit,20000,51,63,86,4526,0,0
time,3,adaptive,many_books,index_update,20000,64,162,263,30721,0,0
time,3,adaptive,churn,price_hit,20000,105,125,171,27219,0,0
time,3,adaptive,churn,price_miss,20000,89,109,264,20421,0,0
time,3,adaptive,churn,best,20000,64,83,222,33252,0,0
time,3,adaptive,churn,range_first8,20000,113,150,275,25819,0,0
time,3,adaptive,churn,handle_hit,20000,59,69,83,18017,0,0
time,3,adaptive,churn,index_update,20000,172,247,473,27318,0,0
time,3,adaptive,growth,index_update,20000,203,2117,3266,43098,0,0
time,3,adaptive,growth,block_growth_subset,313,2201,4388,5387,42099,0,0
time,3,adaptive,engine,intent_immediate,20000,1033,1669,19957,53863,0,0
time,3,adaptive,engine,intent_queued,20000,536,1100,5371,39153,0,0
time,3,adaptive,engine,ready_to_command,20000,884,1409,5549,49498,0,0
time,3,adaptive,engine,replace_report,20000,858,4396,20968,75305,0,0
time,3,adaptive,engine_growth,new_to_command,20000,1104,13996,27264,1765676,0,0
time,3,adaptive,burst64_period100000ns,fill_service,20000,725,2800,23455,579942,0,0
time,3,adaptive,burst64_period100000ns,scheduled_arrival_to_visible,20000,49907,2108577,2200069,2221869,0,0
time,3,window,small,price_hit,20000,80,144,277,218775,0,0
time,3,window,small,price_miss,20000,71,243,597,112424,0,0
time,3,window,small,best,20000,64,204,344,18744,0,0
time,3,window,small,range_first8,20000,83,278,766,42304,0,0
time,3,window,small,handle_hit,20000,39,136,221,25672,0,0
time,3,window,small,index_update,20000,56,220,558,186788,0,0
time,3,window,crowded,price_hit,20000,79,156,338,21426,0,0
time,3,window,crowded,price_miss,20000,70,272,633,38035,0,0
time,3,window,crowded,best,20000,64,257,621,493703,0,0
time,3,window,crowded,range_first8,20000,78,294,671,251218,0,0
time,3,window,crowded,handle_hit,20000,37,170,382,18273,0,0
time,3,window,crowded,index_update,20000,194,714,1490,232043,0,0
time,3,window,many_prices,price_hit,20000,204,658,1368,82392,0,0
time,3,window,many_prices,price_miss,20000,93,324,659,49132,0,0
time,3,window,many_prices,best,20000,64,264,610,20471,0,0
time,3,window,many_prices,range_first8,20000,191,539,1281,30714,0,0
time,3,window,many_prices,handle_hit,20000,89,178,355,55306,0,0
time,3,window,many_prices,index_update,20000,216,730,1423,45152,0,0
time,3,window,many_books,price_hit,20000,100,169,503,29845,0,0
time,3,window,many_books,price_miss,20000,73,201,308,24248,0,0
time,3,window,many_books,best,20000,64,216,521,50462,0,0
time,3,window,many_books,range_first8,20000,101,280,592,40996,0,0
time,3,window,many_books,handle_hit,20000,44,72,191,19593,0,0
time,3,window,many_books,index_update,20000,67,247,592,178915,0,0
time,3,window,churn,price_hit,20000,102,166,292,29608,0,0
time,3,window,churn,price_miss,20000,89,217,477,21490,0,0
time,3,window,churn,best,20000,64,202,298,39193,0,0
time,3,window,churn,range_first8,20000,128,291,1121,50109,0,0
time,3,window,churn,handle_hit,20000,56,82,187,52069,0,0
time,3,window,churn,index_update,20000,185,381,1255,44077,0,0
time,3,window,growth,index_update,20000,205,2214,4205,65244,0,0
time,3,window,growth,block_growth_subset,313,2317,3604,5093,5573,0,0
time,3,window,engine,intent_immediate,20000,1080,2263,26921,785006,0,0
time,3,window,engine,intent_queued,20000,586,1321,22154,54276,0,0
time,3,window,engine,ready_to_command,20000,890,1916,23787,196701,0,0
time,3,window,engine,replace_report,20000,944,5391,26478,142767,0,0
time,3,window,engine_growth,new_to_command,20000,1259,15363,52486,1988241,0,0
time,3,window,burst64_period100000ns,fill_service,20000,880,3766,34348,1240999,0,0
time,3,window,burst64_period100000ns,scheduled_arrival_to_visible,20000,477221,2856650,2950694,2964289,0,0
time,3,legacy,small,price_hit,20000,73,130,205,14274,0,0
time,3,legacy,small,price_miss,20000,64,237,550,22804,0,0
time,3,legacy,small,best,20000,61,220,518,40397,0,0
time,3,legacy,small,range_first8,20000,67,248,552,29866,0,0
time,3,legacy,small,index_update,20000,167,431,1214,31515,0,0
time,3,legacy,crowded,price_hit,20000,61,103,195,115330,0,0
time,3,legacy,crowded,price_miss,20000,60,213,469,28973,0,0
time,3,legacy,crowded,best,20000,60,221,509,23120,0,0
time,3,legacy,crowded,range_first8,20000,62,226,547,4671,0,0
time,3,legacy,crowded,index_update,20000,223,523,1177,42647,0,0
time,3,legacy,many_prices,price_hit,20000,135,347,840,41159,0,0
time,3,legacy,many_prices,price_miss,20000,85,262,564,22305,0,0
time,3,legacy,many_prices,best,20000,69,243,571,220385,0,0
time,3,legacy,many_prices,range_first8,20000,106,305,597,51124,0,0
time,3,legacy,many_prices,index_update,20000,539,1325,5626,70821,0,0
time,3,legacy,many_books,price_hit,20000,82,280,666,36772,0,0
time,3,legacy,many_books,price_miss,20000,66,207,329,1848539,0,0
time,3,legacy,many_books,best,20000,64,216,494,26641,0,0
time,3,legacy,many_books,range_first8,20000,73,234,496,17318,0,0
time,3,legacy,many_books,index_update,20000,177,482,980,34519,0,0
time,3,legacy,churn,price_hit,20000,95,160,293,36450,0,0
time,3,legacy,churn,price_miss,20000,89,208,521,37875,0,0
time,3,legacy,churn,best,20000,66,190,427,64852,0,0
time,3,legacy,churn,range_first8,20000,93,241,541,75600,0,0
time,3,legacy,churn,index_update,20000,322,789,20754,194339,0,0
time,3,legacy,growth,index_update,20000,197,858,1910,280680,0,0
time,3,standard,small,price_hit,20000,107,169,1001,36810,0,0
time,3,standard,small,price_miss,20000,98,266,1004,51310,0,0
time,3,standard,small,best,20000,83,236,712,27812,0,0
time,3,standard,small,range_first8,20000,130,312,1099,38278,0,0
time,3,standard,small,handle_hit,20000,48,178,443,36444,0,0
time,3,standard,small,index_update,20000,85,251,964,21155,0,0
time,3,standard,crowded,price_hit,20000,87,163,302,34391,0,0
time,3,standard,crowded,price_miss,20000,85,278,630,34275,0,0
time,3,standard,crowded,best,20000,76,275,577,64148,0,0
time,3,standard,crowded,range_first8,20000,101,312,648,26344,0,0
time,3,standard,crowded,handle_hit,20000,36,183,470,30595,0,0
time,3,standard,crowded,index_update,20000,240,760,1323,44941,0,0
time,3,standard,many_prices,price_hit,20000,213,665,1192,34525,0,0
time,3,standard,many_prices,price_miss,20000,94,322,661,51992,0,0
time,3,standard,many_prices,best,20000,63,256,616,54636,0,0
time,3,standard,many_prices,range_first8,20000,139,422,1097,65670,0,0
time,3,standard,many_prices,handle_hit,20000,86,177,382,22117,0,0
time,3,standard,many_prices,index_update,20000,217,696,1005,57337,0,0
time,3,standard,many_books,price_hit,20000,109,352,764,35073,0,0
time,3,standard,many_books,price_miss,20000,75,277,548,34213,0,0
time,3,standard,many_books,best,20000,64,243,570,29952,0,0
time,3,standard,many_books,range_first8,20000,115,437,882,49839,0,0
time,3,standard,many_books,handle_hit,20000,50,158,346,7836,0,0
time,3,standard,many_books,index_update,20000,82,358,676,59013,0,0
time,3,standard,churn,price_hit,20000,116,227,479,39993,0,0
time,3,standard,churn,price_miss,20000,104,285,626,23716,0,0
time,3,standard,churn,best,20000,65,224,381,20514,0,0
time,3,standard,churn,range_first8,20000,136,370,710,32023,0,0
time,3,standard,churn,handle_hit,20000,67,154,369,25264,0,0
time,3,standard,churn,index_update,20000,305,847,4175,82247,0,0
time,3,standard,growth,index_update,20000,241,2270,4363,112981,0,0
time,3,standard,growth,block_growth_subset,313,2363,4363,6407,10189,0,0
time,3,standard,engine,intent_immediate,20000,1119,2398,25073,112739,0,0
time,3,standard,engine,intent_queued,20000,618,1434,25224,52904,0,0
time,3,standard,engine,ready_to_command,20000,900,1981,27929,467635,0,0
time,3,standard,engine,replace_report,20000,998,5838,34411,434595,0,0
time,3,standard,engine_growth,new_to_command,20000,1220,14731,45296,2110783,0,0
time,3,standard,burst64_period100000ns,fill_service,20000,732,2986,24628,42339,0,0
time,3,standard,burst64_period100000ns,scheduled_arrival_to_visible,20000,33946,370338,415655,426798,0,0
time,3,pooled,small,price_hit,20000,89,137,245,38981,0,0
time,3,pooled,small,price_miss,20000,86,215,351,26676,0,0
time,3,pooled,small,best,20000,63,193,341,21960,0,0
time,3,pooled,small,range_first8,20000,107,249,520,35140,0,0
time,3,pooled,small,handle_hit,20000,44,70,187,130439,0,0
time,3,pooled,small,index_update,20000,55,204,487,31206,0,0
time,3,pooled,crowded,price_hit,20000,93,166,365,130789,0,0
time,3,pooled,crowded,price_miss,20000,90,276,599,44287,0,0
time,3,pooled,crowded,best,20000,76,265,610,202992,0,0
time,3,pooled,crowded,range_first8,20000,95,293,625,23794,0,0
time,3,pooled,crowded,handle_hit,20000,37,185,485,200368,0,0
time,3,pooled,crowded,index_update,20000,200,686,1085,298057,0,0
time,3,pooled,many_prices,price_hit,20000,391,928,1444,41875,0,0
time,3,pooled,many_prices,price_miss,20000,197,409,810,57954,0,0
time,3,pooled,many_prices,best,20000,85,269,625,54289,0,0
time,3,pooled,many_prices,range_first8,20000,272,517,5329,84324,0,0
time,3,pooled,many_prices,handle_hit,20000,128,227,569,53779,0,0
time,3,pooled,many_prices,index_update,20000,298,808,1437,51280,0,0
time,3,pooled,many_books,price_hit,20000,118,154,382,132182,0,0
time,3,pooled,many_books,price_miss,20000,105,190,294,21770,0,0
time,3,pooled,many_books,best,20000,65,145,240,36736,0,0
time,3,pooled,many_books,range_first8,20000,174,308,886,38762,0,0
time,3,pooled,many_books,handle_hit,20000,55,74,100,4372,0,0
time,3,pooled,many_books,index_update,20000,66,215,415,29037,0,0
time,3,pooled,churn,price_hit,20000,125,181,262,38202,0,0
time,3,pooled,churn,price_miss,20000,122,215,344,25675,0,0
time,3,pooled,churn,best,20000,65,161,275,59712,0,0
time,3,pooled,churn,range_first8,20000,178,320,594,25420,0,0
time,3,pooled,churn,handle_hit,20000,76,102,180,4665,0,0
time,3,pooled,churn,index_update,20000,672,1114,16965,37527,0,0
time,3,pooled,growth,index_update,20000,855,4782,27433,279131,0,0
time,3,pooled,growth,block_growth_subset,313,4753,8046,9819,13164,0,0
time,3,pooled,engine,intent_immediate,20000,1181,2570,30091,131349,0,0
time,3,pooled,engine,intent_queued,20000,648,1413,24723,169901,0,0
time,3,pooled,engine,ready_to_command,20000,947,2125,26587,249629,0,0
time,3,pooled,engine,replace_report,20000,1063,5319,35378,140733,0,0
time,3,pooled,engine_growth,new_to_command,20000,1739,20554,49996,2021566,0,0
time,3,pooled,burst64_period100000ns,fill_service,20000,1101,4076,33337,154713,0,0
time,3,pooled,burst64_period100000ns,scheduled_arrival_to_visible,20000,131282,1396463,1431976,1448467,0,0
time,4,window,small,price_hit,20000,132,163,292,44788,0,0
time,4,window,small,price_miss,20000,125,280,612,51442,0,0
time,4,window,small,best,20000,103,267,631,74471,0,0
time,4,window,small,range_first8,20000,167,332,724,37789,0,0
time,4,window,small,handle_hit,20000,58,199,490,29221,0,0
time,4,window,small,index_update,20000,110,269,567,44644,0,0
time,4,window,crowded,price_hit,20000,132,166,325,77482,0,0
time,4,window,crowded,price_miss,20000,124,291,603,49676,0,0
time,4,window,crowded,best,20000,103,279,601,31028,0,0
time,4,window,crowded,range_first8,20000,139,320,727,57384,0,0
time,4,window,crowded,handle_hit,20000,57,221,563,50786,0,0
time,4,window,crowded,index_update,20000,257,758,1180,112424,0,0
time,4,window,many_prices,price_hit,20000,339,813,5046,82216,0,0
time,4,window,many_prices,price_miss,20000,178,360,708,113233,0,0
time,4,window,many_prices,best,20000,104,292,639,34101,0,0
time,4,window,many_prices,range_first8,20000,392,645,1367,45470,0,0
time,4,window,many_prices,handle_hit,20000,124,231,593,77780,0,0
time,4,window,many_prices,index_update,20000,335,868,1383,75609,0,0
time,4,window,many_books,price_hit,20000,146,351,1448,63630,0,0
time,4,window,many_books,price_miss,20000,126,306,685,8973,0,0
time,4,window,many_books,best,20000,101,288,648,32679,0,0
time,4,window,many_books,range_first8,20000,201,461,1079,65870,0,0
time,4,window,many_books,handle_hit,20000,62,224,529,34230,0,0
time,4,window,many_books,index_update,20000,137,490,1076,34394,0,0
time,4,window,churn,price_hit,20000,161,205,460,48820,0,0
time,4,window,churn,price_miss,20000,146,297,682,79527,0,0
time,4,window,churn,best,20000,109,263,595,58810,0,0
time,4,window,churn,range_first8,20000,260,427,767,62922,0,0
time,4,window,churn,handle_hit,20000,77,195,445,56376,0,0
time,4,window,churn,index_update,20000,302,512,5088,81313,0,0
time,4,window,growth,index_update,20000,349,2619,7670,77075,0,0
time,4,window,growth,block_growth_subset,313,2695,7670,10098,12559,0,0
time,4,window,engine,intent_immediate,20000,1896,2891,38411,124014,0,0
time,4,window,engine,intent_queued,20000,1002,1690,28495,68045,0,0
time,4,window,engine,ready_to_command,20000,1555,2365,37410,66861,0,0
time,4,window,engine,replace_report,20000,1585,6519,38465,115667,0,0
time,4,window,engine_growth,new_to_command,20000,1278,16098,53849,2132852,0,0
time,4,window,burst64_period100000ns,fill_service,20000,800,3425,11452,86920,0,0
time,4,window,burst64_period100000ns,scheduled_arrival_to_visible,20000,41715,561545,607441,622185,0,0
time,4,legacy,small,price_hit,20000,72,121,180,36603,0,0
time,4,legacy,small,price_miss,20000,63,177,322,32781,0,0
time,4,legacy,small,best,20000,60,150,320,31423,0,0
time,4,legacy,small,range_first8,20000,66,185,503,28876,0,0
time,4,legacy,small,index_update,20000,160,389,1208,31037,0,0
time,4,legacy,crowded,price_hit,20000,110,124,167,46205,0,0
time,4,legacy,crowded,price_miss,20000,110,266,599,1063,0,0
time,4,legacy,crowded,best,20000,105,263,595,92347,0,0
time,4,legacy,crowded,range_first8,20000,120,268,575,32721,0,0
time,4,legacy,crowded,index_update,20000,357,725,1160,40401,0,0
time,4,legacy,many_prices,price_hit,20000,139,368,711,1137259,0,0
time,4,legacy,many_prices,price_miss,20000,86,260,591,31702,0,0
time,4,legacy,many_prices,best,20000,70,245,570,116486,0,0
time,4,legacy,many_prices,range_first8,20000,108,346,702,304718,0,0
time,4,legacy,many_prices,index_update,20000,552,1393,21096,80135,0,0
time,4,legacy,many_books,price_hit,20000,127,274,610,43343,0,0
time,4,legacy,many_books,price_miss,20000,123,245,420,24234,0,0
time,4,legacy,many_books,best,20000,107,245,599,26188,0,0
time,4,legacy,many_books,range_first8,20000,145,286,595,25823,0,0
time,4,legacy,many_books,index_update,20000,340,563,1436,60580,0,0
time,4,legacy,churn,price_hit,20000,140,179,256,38878,0,0
time,4,legacy,churn,price_miss,20000,145,243,469,29525,0,0
time,4,legacy,churn,best,20000,109,190,417,25984,0,0
time,4,legacy,churn,range_first8,20000,177,273,619,25601,0,0
time,4,legacy,churn,index_update,20000,464,908,4245,63766,0,0
time,4,legacy,growth,index_update,20000,187,742,1406,48464,0,0
time,4,standard,small,price_hit,20000,84,104,168,34257,0,0
time,4,standard,small,price_miss,20000,70,186,339,488752,0,0
time,4,standard,small,best,20000,63,152,271,4720,0,0
time,4,standard,small,range_first8,20000,84,202,342,334244,0,0
time,4,standard,small,handle_hit,20000,42,54,79,16848,0,0
time,4,standard,small,index_update,20000,55,175,479,17135,0,0
time,4,standard,crowded,price_hit,20000,80,144,261,34503,0,0
time,4,standard,crowded,price_miss,20000,73,272,581,37158,0,0
time,4,standard,crowded,best,20000,65,244,584,438933,0,0
time,4,standard,crowded,range_first8,20000,80,295,588,76527,0,0
time,4,standard,crowded,handle_hit,20000,34,180,360,20624,0,0
time,4,standard,crowded,index_update,20000,164,653,933,33754,0,0
time,4,standard,many_prices,price_hit,20000,280,769,1251,53316,0,0
time,4,standard,many_prices,price_miss,20000,130,344,677,46497,0,0
time,4,standard,many_prices,best,20000,79,268,612,31598,0,0
time,4,standard,many_prices,range_first8,20000,200,469,1205,71225,0,0
time,4,standard,many_prices,handle_hit,20000,99,208,541,33526,0,0
time,4,standard,many_prices,index_update,20000,287,823,1273,62153,0,0
time,4,standard,many_books,price_hit,20000,105,163,297,41318,0,0
time,4,standard,many_books,price_miss,20000,74,183,464,37980,0,0
time,4,standard,many_books,best,20000,63,159,294,20074,0,0
time,4,standard,many_books,range_first8,20000,112,272,578,26366,0,0
time,4,standard,many_books,handle_hit,20000,47,73,158,55901,0,0
time,4,standard,many_books,index_update,20000,65,226,513,122182,0,0
time,4,standard,churn,price_hit,20000,171,493,812,34793,0,0
time,4,standard,churn,price_miss,20000,141,429,688,58689,0,0
time,4,standard,churn,best,20000,94,295,550,74898,0,0
time,4,standard,churn,range_first8,20000,224,646,1158,105198,0,0
time,4,standard,churn,handle_hit,20000,84,236,496,33939,0,0
time,4,standard,churn,index_update,20000,427,1437,5244,95963,0,0
time,4,standard,growth,index_update,20000,331,2638,7488,63928,0,0
time,4,standard,growth,block_growth_subset,313,2764,7269,9521,10078,0,0
time,4,standard,engine,intent_immediate,20000,1809,2869,30484,72622,0,0
time,4,standard,engine,intent_queued,20000,940,1660,29363,71800,0,0
time,4,standard,engine,ready_to_command,20000,1500,2435,31067,2926265,0,0
time,4,standard,engine,replace_report,20000,1490,6485,33633,76770,0,0
time,4,standard,engine_growth,new_to_command,20000,1723,18875,44732,2515744,0,0
time,4,standard,burst64_period100000ns,fill_service,20000,1022,3961,30432,123641,0,0
time,4,standard,burst64_period100000ns,scheduled_arrival_to_visible,20000,66837,1293256,1325210,1337011,0,0
time,4,pooled,small,price_hit,20000,131,193,314,45580,0,0
time,4,pooled,small,price_miss,20000,127,293,646,49079,0,0
time,4,pooled,small,best,20000,98,253,575,27102,0,0
time,4,pooled,small,range_first8,20000,180,350,715,46161,0,0
time,4,pooled,small,handle_hit,20000,62,191,454,26289,0,0
time,4,pooled,small,index_update,20000,110,267,595,26551,0,0
time,4,pooled,crowded,price_hit,20000,122,162,244,48581,0,0
time,4,pooled,crowded,price_miss,20000,112,289,603,47558,0,0
time,4,pooled,crowded,best,20000,95,279,709,46106,0,0
time,4,pooled,crowded,range_first8,20000,125,301,677,29127,0,0
time,4,pooled,crowded,handle_hit,20000,50,203,500,30455,0,0
time,4,pooled,crowded,index_update,20000,254,772,1171,48445,0,0
time,4,pooled,many_prices,price_hit,20000,428,1034,6187,54885,0,0
time,4,pooled,many_prices,price_miss,20000,212,419,751,34483,0,0
time,4,pooled,many_prices,best,20000,93,280,557,34491,0,0
time,4,pooled,many_prices,range_first8,20000,292,518,1094,46021,0,0
time,4,pooled,many_prices,handle_hit,20000,136,241,511,32865,0,0
time,4,pooled,many_prices,index_update,20000,336,872,1639,75385,0,0
time,4,pooled,many_books,price_hit,20000,149,327,647,30719,0,0
time,4,pooled,many_books,price_miss,20000,128,366,661,31271,0,0
time,4,pooled,many_books,best,20000,80,275,590,60783,0,0
time,4,pooled,many_books,range_first8,20000,225,561,1376,120670,0,0
time,4,pooled,many_books,handle_hit,20000,66,218,516,41784,0,0
time,4,pooled,many_books,index_update,20000,122,475,826,54908,0,0
time,4,pooled,churn,price_hit,20000,177,263,502,32197,0,0
time,4,pooled,churn,price_miss,20000,171,347,693,27365,0,0
time,4,pooled,churn,best,20000,101,265,588,27798,0,0
time,4,pooled,churn,range_first8,20000,285,493,924,72214,0,0
time,4,pooled,churn,handle_hit,20000,96,209,546,99976,0,0
time,4,pooled,churn,index_update,20000,1099,1578,26926,71301,0,0
time,4,pooled,growth,index_update,20000,900,4642,31426,105553,0,0
time,4,pooled,growth,block_growth_subset,313,4635,10164,37370,60077,0,0
time,4,pooled,engine,intent_immediate,20000,1847,3044,30511,66111,0,0
time,4,pooled,engine,intent_queued,20000,931,1671,26064,49094,0,0
time,4,pooled,engine,ready_to_command,20000,1549,2580,32007,72841,0,0
time,4,pooled,engine,replace_report,20000,1454,6416,35831,73113,0,0
time,4,pooled,engine_growth,new_to_command,20000,2560,26460,52464,2382490,0,0
time,4,pooled,burst64_period100000ns,fill_service,20000,1032,4010,30429,105483,0,0
time,4,pooled,burst64_period100000ns,scheduled_arrival_to_visible,20000,66907,1291869,1318768,1332756,0,0
time,4,adaptive,small,price_hit,20000,130,180,302,27176,0,0
time,4,adaptive,small,price_miss,20000,120,302,635,45699,0,0
time,4,adaptive,small,best,20000,96,251,613,26811,0,0
time,4,adaptive,small,range_first8,20000,155,334,679,27703,0,0
time,4,adaptive,small,handle_hit,20000,65,197,516,23285,0,0
time,4,adaptive,small,index_update,20000,110,286,584,24452,0,0
time,4,adaptive,crowded,price_hit,20000,120,159,235,14815,0,0
time,4,adaptive,crowded,price_miss,20000,114,281,633,28132,0,0
time,4,adaptive,crowded,best,20000,95,267,563,28773,0,0
time,4,adaptive,crowded,range_first8,20000,132,304,684,48061,0,0
time,4,adaptive,crowded,handle_hit,20000,56,195,520,36322,0,0
time,4,adaptive,crowded,index_update,20000,221,728,1076,28641,0,0
time,4,adaptive,many_prices,price_hit,20000,253,643,936,74702,0,0
time,4,adaptive,many_prices,price_miss,20000,156,344,708,47742,0,0
time,4,adaptive,many_prices,best,20000,92,268,596,44216,0,0
time,4,adaptive,many_prices,range_first8,20000,245,472,829,95903,0,0
time,4,adaptive,many_prices,handle_hit,20000,116,219,567,43775,0,0
time,4,adaptive,many_prices,index_update,20000,240,731,1061,46927,0,0
time,4,adaptive,many_books,price_hit,20000,147,290,513,49361,0,0
time,4,adaptive,many_books,price_miss,20000,120,296,615,45539,0,0
time,4,adaptive,many_books,best,20000,94,264,593,43975,0,0
time,4,adaptive,many_books,range_first8,20000,180,390,708,55528,0,0
time,4,adaptive,many_books,handle_hit,20000,68,200,515,27244,0,0
time,4,adaptive,many_books,index_update,20000,122,346,695,28999,0,0
time,4,adaptive,churn,price_hit,20000,137,303,434,29224,0,0
time,4,adaptive,churn,price_miss,20000,115,293,600,41624,0,0
time,4,adaptive,churn,best,20000,85,260,596,32138,0,0
time,4,adaptive,churn,range_first8,20000,166,384,727,27266,0,0
time,4,adaptive,churn,handle_hit,20000,73,193,492,26025,0,0
time,4,adaptive,churn,index_update,20000,254,632,821,45799,0,0
time,4,adaptive,growth,index_update,20000,326,2366,6690,54243,0,0
time,4,adaptive,growth,block_growth_subset,313,2459,7628,16599,54243,0,0
time,4,adaptive,engine,intent_immediate,20000,1071,2429,26128,128613,0,0
time,4,adaptive,engine,intent_queued,20000,579,1359,20802,59583,0,0
time,4,adaptive,engine,ready_to_command,20000,896,2042,22425,132047,0,0
time,4,adaptive,engine,replace_report,20000,940,4815,24290,488047,0,0
time,4,adaptive,engine_growth,new_to_command,20000,1241,14131,34220,1987136,0,0
time,4,adaptive,burst64_period100000ns,fill_service,20000,1051,3162,33777,351554,0,0
time,4,adaptive,burst64_period100000ns,scheduled_arrival_to_visible,20000,209992,1261117,1356866,1385230,0,0
time,5,window,small,price_hit,20000,138,161,252,34250,0,0
time,5,window,small,price_miss,20000,130,305,730,36551,0,0
time,5,window,small,best,20000,110,290,593,52060,0,0
time,5,window,small,range_first8,20000,173,354,659,56920,0,0
time,5,window,small,handle_hit,20000,59,230,565,59735,0,0
time,5,window,small,index_update,20000,111,300,615,59237,0,0
time,5,window,crowded,price_hit,20000,138,164,389,32898,0,0
time,5,window,crowded,price_miss,20000,129,316,642,127813,0,0
time,5,window,crowded,best,20000,110,310,617,63344,0,0
time,5,window,crowded,range_first8,20000,146,335,692,62347,0,0
time,5,window,crowded,handle_hit,20000,58,232,565,35861,0,0
time,5,window,crowded,index_update,20000,339,872,1448,66203,0,0
time,5,window,many_prices,price_hit,20000,358,823,1325,108874,0,0
time,5,window,many_prices,price_miss,20000,190,384,705,70552,0,0
time,5,window,many_prices,best,20000,111,285,578,113846,0,0
time,5,window,many_prices,range_first8,20000,401,622,6472,92015,0,0
time,5,window,many_prices,handle_hit,20000,128,224,555,28873,0,0
time,5,window,many_prices,index_update,20000,372,912,3460,98148,0,0
time,5,window,many_books,price_hit,20000,147,251,518,62095,0,0
time,5,window,many_books,price_miss,20000,130,293,647,33664,0,0
time,5,window,many_books,best,20000,106,277,616,51709,0,0
time,5,window,many_books,range_first8,20000,203,394,748,107982,0,0
time,5,window,many_books,handle_hit,20000,65,207,516,5583,0,0
time,5,window,many_books,index_update,20000,132,448,810,54997,0,0
time,5,window,churn,price_hit,20000,162,202,508,99680,0,0
time,5,window,churn,price_miss,20000,144,300,620,28581,0,0
time,5,window,churn,best,20000,108,271,594,206075,0,0
time,5,window,churn,range_first8,20000,254,425,757,59220,0,0
time,5,window,churn,handle_hit,20000,76,204,535,57070,0,0
time,5,window,churn,index_update,20000,312,515,1262,104755,0,0
time,5,window,growth,index_update,20000,362,2563,9092,85204,0,0
time,5,window,growth,block_growth_subset,313,2632,9499,33253,59992,0,0
time,5,window,engine,intent_immediate,20000,1937,2941,36716,143881,0,0
time,5,window,engine,intent_queued,20000,1030,1684,32994,142653,0,0
time,5,window,engine,ready_to_command,20000,1597,2434,36576,180053,0,0
time,5,window,engine,replace_report,20000,1627,7260,40407,153197,0,0
time,5,window,engine_growth,new_to_command,20000,1906,20056,52366,2320956,0,0
time,5,window,burst64_period100000ns,fill_service,20000,1119,4160,35042,121445,0,0
time,5,window,burst64_period100000ns,scheduled_arrival_to_visible,20000,729813,1495862,1523054,1542121,0,0
time,5,adaptive,small,price_hit,20000,144,173,300,31186,0,0
time,5,adaptive,small,price_miss,20000,134,291,579,80577,0,0
time,5,adaptive,small,best,20000,110,274,567,51864,0,0
time,5,adaptive,small,range_first8,20000,168,333,688,30472,0,0
time,5,adaptive,small,handle_hit,20000,67,198,520,5708,0,0
time,5,adaptive,small,index_update,20000,112,276,619,49046,0,0
time,5,adaptive,crowded,price_hit,20000,137,168,279,65004,0,0
time,5,adaptive,crowded,price_miss,20000,128,310,649,104567,0,0
time,5,adaptive,crowded,best,20000,108,274,595,102614,0,0
time,5,adaptive,crowded,range_first8,20000,144,323,650,27517,0,0
time,5,adaptive,crowded,handle_hit,20000,60,206,521,26304,0,0
time,5,adaptive,crowded,index_update,20000,233,712,1189,79553,0,0
time,5,adaptive,many_prices,price_hit,20000,326,789,1710,58126,0,0
time,5,adaptive,many_prices,price_miss,20000,185,373,704,95143,0,0
time,5,adaptive,many_prices,best,20000,109,297,601,55737,0,0
time,5,adaptive,many_prices,range_first8,20000,288,492,834,109716,0,0
time,5,adaptive,many_prices,handle_hit,20000,121,237,563,107363,0,0
time,5,adaptive,many_prices,index_update,20000,338,869,1405,111275,0,0
time,5,adaptive,many_books,price_hit,20000,159,276,731,63497,0,0
time,5,adaptive,many_books,price_miss,20000,138,314,662,58981,0,0
time,5,adaptive,many_books,best,20000,110,286,603,32884,0,0
time,5,adaptive,many_books,range_first8,20000,201,406,783,57459,0,0
time,5,adaptive,many_books,handle_hit,20000,72,219,531,36029,0,0
time,5,adaptive,many_books,index_update,20000,144,474,829,56229,0,0
time,5,adaptive,churn,price_hit,20000,163,203,581,113987,0,0
time,5,adaptive,churn,price_miss,20000,141,292,603,103582,0,0
time,5,adaptive,churn,best,20000,110,266,553,31670,0,0
time,5,adaptive,churn,range_first8,20000,207,364,674,54212,0,0
time,5,adaptive,churn,handle_hit,20000,77,192,455,28516,0,0
time,5,adaptive,churn,index_update,20000,285,478,1061,57605,0,0
time,5,adaptive,growth,index_update,20000,360,2573,7330,68858,0,0
time,5,adaptive,growth,block_growth_subset,313,2656,7640,55813,60581,0,0
time,5,adaptive,engine,intent_immediate,20000,1918,2882,55235,124571,0,0
time,5,adaptive,engine,intent_queued,20000,1005,1683,28021,109922,0,0
time,5,adaptive,engine,ready_to_command,20000,1598,2402,39041,163971,0,0
time,5,adaptive,engine,replace_report,20000,1575,6947,39686,132728,0,0
time,5,adaptive,engine_growth,new_to_command,20000,1919,20692,49139,2607598,0,0
time,5,adaptive,burst64_period100000ns,fill_service,20000,1107,3954,36577,130621,0,0
time,5,adaptive,burst64_period100000ns,scheduled_arrival_to_visible,20000,236694,1258906,1284600,1296080,0,0
time,5,pooled,small,price_hit,20000,140,177,505,116434,0,0
time,5,pooled,small,price_miss,20000,137,296,617,32833,0,0
time,5,pooled,small,best,20000,110,268,594,34963,0,0
time,5,pooled,small,range_first8,20000,195,361,627,78581,0,0
time,5,pooled,small,handle_hit,20000,61,199,532,158464,0,0
time,5,pooled,small,index_update,20000,111,271,648,29387,0,0
time,5,pooled,crowded,price_hit,20000,134,163,370,16399,0,0
time,5,pooled,crowded,price_miss,20000,127,309,598,7409,0,0
time,5,pooled,crowded,best,20000,111,290,608,65667,0,0
time,5,pooled,crowded,range_first8,20000,137,330,679,93584,0,0
time,5,pooled,crowded,handle_hit,20000,53,214,564,59791,0,0
time,5,pooled,crowded,index_update,20000,294,844,1508,65455,0,0
time,5,pooled,many_prices,price_hit,20000,463,1106,7698,86804,0,0
time,5,pooled,many_prices,price_miss,20000,225,420,805,103577,0,0
time,5,pooled,many_prices,best,20000,112,292,628,101891,0,0
time,5,pooled,many_prices,range_first8,20000,321,527,1212,57977,0,0
time,5,pooled,many_prices,handle_hit,20000,145,249,557,61369,0,0
time,5,pooled,many_prices,index_update,20000,382,916,1611,94195,0,0
time,5,pooled,many_books,price_hit,20000,174,326,880,87369,0,0
time,5,pooled,many_books,price_miss,20000,156,352,703,95089,0,0
time,5,pooled,many_books,best,20000,111,294,593,32985,0,0
time,5,pooled,many_books,range_first8,20000,276,541,946,34109,0,0
time,5,pooled,many_books,handle_hit,20000,73,223,560,32990,0,0
time,5,pooled,many_books,index_update,20000,145,490,827,92202,0,0
time,5,pooled,churn,price_hit,20000,194,247,503,27601,0,0
time,5,pooled,churn,price_miss,20000,181,327,667,58964,0,0
time,5,pooled,churn,best,20000,111,264,583,28509,0,0
time,5,pooled,churn,range_first8,20000,302,471,856,71861,0,0
time,5,pooled,churn,handle_hit,20000,98,183,477,33955,0,0
time,5,pooled,churn,index_update,20000,1230,1539,27486,76495,0,0
time,5,pooled,growth,index_update,20000,985,4827,28789,71238,0,0
time,5,pooled,growth,block_growth_subset,313,4827,22389,33336,53704,0,0
time,5,pooled,engine,intent_immediate,20000,1871,2856,35034,119528,0,0
time,5,pooled,engine,intent_queued,20000,940,1638,31449,233076,0,0
time,5,pooled,engine,ready_to_command,20000,1570,2420,36012,85985,0,0
time,5,pooled,engine,replace_report,20000,1468,6858,36573,207468,0,0
time,5,pooled,engine_growth,new_to_command,20000,2615,27137,60053,2442540,0,0
time,5,pooled,burst64_period100000ns,fill_service,20000,692,2725,24276,87939,0,0
time,5,pooled,burst64_period100000ns,scheduled_arrival_to_visible,20000,30336,265939,308095,317059,0,0
time,5,standard,small,price_hit,20000,86,152,185,49755,0,0
time,5,standard,small,price_miss,20000,71,232,450,17070,0,0
time,5,standard,small,best,20000,63,230,368,50833,0,0
time,5,standard,small,range_first8,20000,84,273,490,31590,0,0
time,5,standard,small,handle_hit,20000,43,162,223,30747,0,0
time,5,standard,small,index_update,20000,55,227,492,32791,0,0
time,5,standard,crowded,price_hit,20000,76,142,204,22730,0,0
time,5,standard,crowded,price_miss,20000,69,268,586,52700,0,0
time,5,standard,crowded,best,20000,63,266,585,43280,0,0
time,5,standard,crowded,range_first8,20000,78,279,597,40557,0,0
time,5,standard,crowded,handle_hit,20000,34,176,384,49704,0,0
time,5,standard,crowded,index_update,20000,166,644,1004,48153,0,0
time,5,standard,many_prices,price_hit,20000,164,407,706,36000,0,0
time,5,standard,many_prices,price_miss,20000,93,280,604,91295,0,0
time,5,standard,many_prices,best,20000,63,221,543,22545,0,0
time,5,standard,many_prices,range_first8,20000,136,366,786,50880,0,0
time,5,standard,many_prices,handle_hit,20000,83,132,223,19282,0,0
time,5,standard,many_prices,index_update,20000,100,518,782,7820,0,0
time,5,standard,many_books,price_hit,20000,105,148,248,31412,0,0
time,5,standard,many_books,price_miss,20000,73,158,286,23223,0,0
time,5,standard,many_books,best,20000,63,189,282,4918,0,0
time,5,standard,many_books,range_first8,20000,111,235,401,5623,0,0
time,5,standard,many_books,handle_hit,20000,47,66,167,3397,0,0
time,5,standard,many_books,index_update,20000,64,194,456,25620,0,0
time,5,standard,churn,price_hit,20000,112,210,314,17662,0,0
time,5,standard,churn,price_miss,20000,101,247,498,45903,0,0
time,5,standard,churn,best,20000,64,213,440,17445,0,0
time,5,standard,churn,range_first8,20000,133,332,527,106110,0,0
time,5,standard,churn,handle_hit,20000,66,157,257,35090,0,0
time,5,standard,churn,index_update,20000,289,754,1631,33684,0,0
time,5,standard,growth,index_update,20000,348,2520,6896,55197,0,0
time,5,standard,growth,block_growth_subset,313,2602,4484,9747,10618,0,0
time,5,standard,engine,intent_immediate,20000,1114,2575,24915,192455,0,0
time,5,standard,engine,intent_queued,20000,616,1468,7702,84579,0,0
time,5,standard,engine,ready_to_command,20000,925,2171,29436,102124,0,0
time,5,standard,engine,replace_report,20000,977,5776,29851,77032,0,0
time,5,standard,engine_growth,new_to_command,20000,1147,13942,38812,2010680,0,0
time,5,standard,burst64_period100000ns,fill_service,20000,1014,3687,30867,54898,0,0
time,5,standard,burst64_period100000ns,scheduled_arrival_to_visible,20000,59030,878555,902155,922573,0,0
time,5,legacy,small,price_hit,20000,103,134,163,45376,0,0
time,5,legacy,small,price_miss,20000,98,259,578,58345,0,0
time,5,legacy,small,best,20000,90,258,567,53241,0,0
time,5,legacy,small,range_first8,20000,110,280,610,30525,0,0
time,5,legacy,small,index_update,20000,291,498,1284,33186,0,0
time,5,legacy,crowded,price_hit,20000,69,123,213,47606,0,0
time,5,legacy,crowded,price_miss,20000,70,248,540,35214,0,0
time,5,legacy,crowded,best,20000,69,250,670,27566,0,0
time,5,legacy,crowded,range_first8,20000,74,254,585,60098,0,0
time,5,legacy,crowded,index_update,20000,278,666,3954,46487,0,0
time,5,legacy,many_prices,price_hit,20000,132,292,647,37501,0,0
time,5,legacy,many_prices,price_miss,20000,85,259,575,39115,0,0
time,5,legacy,many_prices,best,20000,69,237,554,22369,0,0
time,5,legacy,many_prices,range_first8,20000,105,294,583,27854,0,0
time,5,legacy,many_prices,index_update,20000,525,1172,6096,204150,0,0
time,5,legacy,many_books,price_hit,20000,82,105,134,20240,0,0
time,5,legacy,many_books,price_miss,20000,66,133,256,19554,0,0
time,5,legacy,many_books,best,20000,64,96,241,19863,0,0
time,5,legacy,many_books,range_first8,20000,72,124,269,19528,0,0
time,5,legacy,many_books,index_update,20000,175,303,574,31851,0,0
time,5,legacy,churn,price_hit,20000,94,143,189,5553,0,0
time,5,legacy,churn,price_miss,20000,87,174,284,17526,0,0
time,5,legacy,churn,best,20000,66,155,254,4071,0,0
time,5,legacy,churn,range_first8,20000,92,183,273,21427,0,0
time,5,legacy,churn,index_update,20000,307,657,4505,46690,0,0
time,5,legacy,growth,index_update,20000,183,684,1188,45054,0,0
time,6,legacy,small,price_hit,20000,72,124,184,88785,0,0
time,6,legacy,small,price_miss,20000,63,217,507,44025,0,0
time,6,legacy,small,best,20000,60,203,414,29310,0,0
time,6,legacy,small,range_first8,20000,66,209,516,59288,0,0
time,6,legacy,small,index_update,20000,162,409,1074,260893,0,0
time,6,legacy,crowded,price_hit,20000,61,98,149,108057,0,0
time,6,legacy,crowded,price_miss,20000,60,205,490,34252,0,0
time,6,legacy,crowded,best,20000,60,205,533,151448,0,0
time,6,legacy,crowded,range_first8,20000,62,210,545,30963,0,0
time,6,legacy,crowded,index_update,20000,223,504,1291,46211,0,0
time,6,legacy,many_prices,price_hit,20000,134,306,614,28807,0,0
time,6,legacy,many_prices,price_miss,20000,85,258,994,30413,0,0
time,6,legacy,many_prices,best,20000,70,235,551,71339,0,0
time,6,legacy,many_prices,range_first8,20000,106,306,607,22596,0,0
time,6,legacy,many_prices,index_update,20000,533,1236,13483,52793,0,0
time,6,legacy,many_books,price_hit,20000,82,127,212,42580,0,0
time,6,legacy,many_books,price_miss,20000,66,189,312,18471,0,0
time,6,legacy,many_books,best,20000,64,160,276,27305,0,0
time,6,legacy,many_books,range_first8,20000,73,175,296,22303,0,0
time,6,legacy,many_books,index_update,20000,177,373,746,32594,0,0
time,6,legacy,churn,price_hit,20000,94,139,194,19868,0,0
time,6,legacy,churn,price_miss,20000,88,183,276,23398,0,0
time,6,legacy,churn,best,20000,66,146,240,23047,0,0
time,6,legacy,churn,range_first8,20000,93,194,319,21937,0,0
time,6,legacy,churn,index_update,20000,307,646,1026,41523,0,0
time,6,legacy,growth,index_update,20000,186,746,1600,40213,0,0
time,6,window,small,price_hit,20000,83,136,251,21146,0,0
time,6,window,small,price_miss,20000,73,223,472,27382,0,0
time,6,window,small,best,20000,63,184,488,23893,0,0
time,6,window,small,range_first8,20000,84,241,446,35713,0,0
time,6,window,small,handle_hit,20000,39,116,190,921,0,0
time,6,window,small,index_update,20000,56,206,471,36777,0,0
time,6,window,crowded,price_hit,20000,79,124,240,31691,0,0
time,6,window,crowded,price_miss,20000,70,249,554,20099,0,0
time,6,window,crowded,best,20000,63,230,508,7161,0,0
time,6,window,crowded,range_first8,20000,77,252,569,41676,0,0
time,6,window,crowded,handle_hit,20000,39,60,195,3599,0,0
time,6,window,crowded,index_update,20000,123,556,839,44050,0,0
time,6,window,many_prices,price_hit,20000,230,823,4732,1353009,0,0
time,6,window,many_prices,price_miss,20000,94,292,626,205594,0,0
time,6,window,many_prices,best,20000,65,241,544,58809,0,0
time,6,window,many_prices,range_first8,20000,190,525,1254,54207,0,0
time,6,window,many_prices,handle_hit,20000,90,171,515,42234,0,0
time,6,window,many_prices,index_update,20000,221,760,1336,1027188,0,0
time,6,window,many_books,price_hit,20000,101,179,505,34967,0,0
time,6,window,many_books,price_miss,20000,75,213,470,24825,0,0
time,6,window,many_books,best,20000,66,195,460,46664,0,0
time,6,window,many_books,range_first8,20000,103,289,591,26189,0,0
time,6,window,many_books,handle_hit,20000,44,106,196,24895,0,0
time,6,window,many_books,index_update,20000,66,249,618,23059,0,0
time,6,window,churn,price_hit,20000,102,164,292,34020,0,0
time,6,window,churn,price_miss,20000,89,221,490,21235,0,0
time,6,window,churn,best,20000,64,187,388,16907,0,0
time,6,window,churn,range_first8,20000,127,302,629,28773,0,0
time,6,window,churn,handle_hit,20000,56,83,180,19002,0,0
time,6,window,churn,index_update,20000,184,380,1290,39900,0,0
time,6,window,growth,index_update,20000,204,2020,3789,42288,0,0
time,6,window,growth,block_growth_subset,313,2142,5628,8475,27581,0,0
time,6,window,engine,intent_immediate,20000,1064,2344,25709,2522847,0,0
time,6,window,engine,intent_queued,20000,569,1286,18784,1459828,0,0
time,6,window,engine,ready_to_command,20000,890,1850,18603,86477,0,0
time,6,window,engine,replace_report,20000,896,4572,21903,998504,0,0
time,6,window,engine_growth,new_to_command,20000,1108,13687,32594,1774605,0,0
time,6,window,burst64_period100000ns,fill_service,20000,731,3075,25824,66523,0,0
time,6,window,burst64_period100000ns,scheduled_arrival_to_visible,20000,31575,348024,406139,442173,0,0
time,6,adaptive,small,price_hit,20000,91,140,235,34122,0,0
time,6,adaptive,small,price_miss,20000,73,199,377,23527,0,0
time,6,adaptive,small,best,20000,64,170,271,528358,0,0
time,6,adaptive,small,range_first8,20000,85,227,439,19965,0,0
time,6,adaptive,small,handle_hit,20000,47,72,184,185124,0,0
time,6,adaptive,small,index_update,20000,55,194,424,4806,0,0
time,6,adaptive,crowded,price_hit,20000,82,148,277,20169,0,0
time,6,adaptive,crowded,price_miss,20000,72,268,621,25735,0,0
time,6,adaptive,crowded,best,20000,65,275,621,186439,0,0
time,6,adaptive,crowded,range_first8,20000,80,286,714,27222,0,0
time,6,adaptive,crowded,handle_hit,20000,39,180,464,48242,0,0
time,6,adaptive,crowded,index_update,20000,150,689,1461,741401,0,0
time,6,adaptive,many_prices,price_hit,20000,312,795,2236,115608,0,0
time,6,adaptive,many_prices,price_miss,20000,198,342,846,43609,0,0
time,6,adaptive,many_prices,best,20000,114,257,492,53820,0,0
time,6,adaptive,many_prices,range_first8,20000,337,508,1361,66848,0,0
time,6,adaptive,many_prices,handle_hit,20000,130,200,548,41703,0,0
time,6,adaptive,many_prices,index_update,20000,309,939,5029,37524,0,0
time,6,adaptive,many_books,price_hit,20000,163,208,603,45581,0,0
time,6,adaptive,many_books,price_miss,20000,139,178,386,37528,0,0
time,6,adaptive,many_books,best,20000,112,134,288,87112,0,0
time,6,adaptive,many_books,range_first8,20000,206,310,949,30467,0,0
time,6,adaptive,many_books,handle_hit,20000,73,104,212,5556,0,0
time,6,adaptive,many_books,index_update,20000,127,282,680,51273,0,0
time,6,adaptive,churn,price_hit,20000,170,202,301,21197,0,0
time,6,adaptive,churn,price_miss,20000,144,180,352,48844,0,0
time,6,adaptive,churn,best,20000,112,132,283,49768,0,0
time,6,adaptive,churn,range_first8,20000,219,306,700,42813,0,0
time,6,adaptive,churn,handle_hit,20000,80,109,243,41815,0,0
time,6,adaptive,churn,index_update,20000,312,421,1887,40762,0,0
time,6,adaptive,growth,index_update,20000,385,2636,6032,58076,0,0
time,6,adaptive,growth,block_growth_subset,313,2716,7938,32898,52795,0,0
time,6,adaptive,engine,intent_immediate,20000,1129,2808,30269,1050383,0,0
time,6,adaptive,engine,intent_queued,20000,635,1557,24518,337757,0,0
time,6,adaptive,engine,ready_to_command,20000,895,2214,22952,605916,0,0
time,6,adaptive,engine,replace_report,20000,1013,6454,34484,1059154,0,0
time,6,adaptive,engine_growth,new_to_command,20000,1173,13847,38232,1917170,0,0
time,6,adaptive,burst64_period100000ns,fill_service,20000,803,4085,29525,557578,0,0
time,6,adaptive,burst64_period100000ns,scheduled_arrival_to_visible,20000,58427,1401994,1477633,1497577,0,0
time,6,pooled,small,price_hit,20000,110,170,760,55222,0,0
time,6,pooled,small,price_miss,20000,105,287,629,26770,0,0
time,6,pooled,small,best,20000,78,261,664,8327,0,0
time,6,pooled,small,range_first8,20000,142,349,1078,61035,0,0
time,6,pooled,small,handle_hit,20000,53,195,535,112094,0,0
time,6,pooled,small,index_update,20000,86,270,618,7053,0,0
time,6,pooled,crowded,price_hit,20000,108,166,430,51635,0,0
time,6,pooled,crowded,price_miss,20000,103,284,740,56411,0,0
time,6,pooled,crowded,best,20000,87,280,627,109613,0,0
time,6,pooled,crowded,range_first8,20000,112,313,1011,34210,0,0
time,6,pooled,crowded,handle_hit,20000,45,205,517,31240,0,0
time,6,pooled,crowded,index_update,20000,268,807,1465,57155,0,0
time,6,pooled,many_prices,price_hit,20000,385,1001,6629,65982,0,0
time,6,pooled,many_prices,price_miss,20000,189,403,902,50021,0,0
time,6,pooled,many_prices,best,20000,78,263,588,26953,0,0
time,6,pooled,many_prices,range_first8,20000,258,512,1187,90770,0,0
time,6,pooled,many_prices,handle_hit,20000,125,214,639,74453,0,0
time,6,pooled,many_prices,index_update,20000,291,828,4852,39312,0,0
time,6,pooled,many_books,price_hit,20000,122,227,473,97966,0,0
time,6,pooled,many_books,price_miss,20000,107,271,629,43496,0,0
time,6,pooled,many_books,best,20000,65,222,574,322288,0,0
time,6,pooled,many_books,range_first8,20000,174,396,1172,59221,0,0
time,6,pooled,many_books,handle_hit,20000,56,117,244,38534,0,0
time,6,pooled,many_books,index_update,20000,75,265,634,171213,0,0
time,6,pooled,churn,price_hit,20000,128,255,1043,106124,0,0
time,6,pooled,churn,price_miss,20000,120,272,629,292844,0,0
time,6,pooled,churn,best,20000,64,217,625,89639,0,0
time,6,pooled,churn,range_first8,20000,180,404,1193,596612,0,0
time,6,pooled,churn,handle_hit,20000,78,132,303,157653,0,0
time,6,pooled,churn,index_update,20000,702,1411,24478,241763,0,0
time,6,pooled,growth,index_update,20000,583,3992,21052,1411791,0,0
time,6,pooled,growth,block_growth_subset,313,4023,8706,10175,11183,0,0
time,6,pooled,engine,intent_immediate,20000,1131,2327,23328,225862,0,0
time,6,pooled,engine,intent_queued,20000,606,1324,22713,232653,0,0
time,6,pooled,engine,ready_to_command,20000,926,1945,25404,272789,0,0
time,6,pooled,engine,replace_report,20000,995,4569,25970,66261,0,0
time,6,pooled,engine_growth,new_to_command,20000,2891,31471,71349,2783808,0,0
time,6,pooled,burst64_period100000ns,fill_service,20000,1120,4001,32430,117724,0,0
time,6,pooled,burst64_period100000ns,scheduled_arrival_to_visible,20000,422027,1470377,1499765,1508438,0,0
time,6,standard,small,price_hit,20000,140,169,272,31659,0,0
time,6,standard,small,price_miss,20000,130,293,618,37145,0,0
time,6,standard,small,best,20000,110,281,611,33032,0,0
time,6,standard,small,range_first8,20000,176,346,724,75136,0,0
time,6,standard,small,handle_hit,20000,63,205,521,34078,0,0
time,6,standard,small,index_update,20000,116,292,640,84563,0,0
time,6,standard,crowded,price_hit,20000,132,160,315,34132,0,0
time,6,standard,crowded,price_miss,20000,125,295,613,64836,0,0
time,6,standard,crowded,best,20000,110,284,634,93986,0,0
time,6,standard,crowded,range_first8,20000,148,339,685,33364,0,0
time,6,standard,crowded,handle_hit,20000,54,209,531,33180,0,0
time,6,standard,crowded,index_update,20000,284,795,1118,66899,0,0
time,6,standard,many_prices,price_hit,20000,345,811,8092,112507,0,0
time,6,standard,many_prices,price_miss,20000,186,370,715,150890,0,0
time,6,standard,many_prices,best,20000,110,300,661,67218,0,0
time,6,standard,many_prices,range_first8,20000,280,484,1016,63152,0,0
time,6,standard,many_prices,handle_hit,20000,123,215,534,73203,0,0
time,6,standard,many_prices,index_update,20000,341,858,1576,93836,0,0
time,6,standard,many_books,price_hit,20000,164,280,628,32538,0,0
time,6,standard,many_books,price_miss,20000,138,315,650,85235,0,0
time,6,standard,many_books,best,20000,110,281,592,141409,0,0
time,6,standard,many_books,range_first8,20000,218,442,779,53839,0,0
time,6,standard,many_books,handle_hit,20000,68,214,533,35351,0,0
time,6,standard,many_books,index_update,20000,148,444,751,140830,0,0
time,6,standard,churn,price_hit,20000,190,242,388,31651,0,0
time,6,standard,churn,price_miss,20000,170,330,674,57015,0,0
time,6,standard,churn,best,20000,110,268,598,33135,0,0
time,6,standard,churn,range_first8,20000,258,435,930,56786,0,0
time,6,standard,churn,handle_hit,20000,97,197,500,35476,0,0
time,6,standard,churn,index_update,20000,489,1006,7982,97796,0,0
time,6,standard,growth,index_update,20000,356,2619,8302,62990,0,0
time,6,standard,growth,block_growth_subset,313,2690,7342,10638,36585,0,0
time,6,standard,engine,intent_immediate,20000,1961,2972,38049,114620,0,0
time,6,standard,engine,intent_queued,20000,1036,1705,32206,148852,0,0
time,6,standard,engine,ready_to_command,20000,1596,2461,38404,153390,0,0
time,6,standard,engine,replace_report,20000,1653,6780,41592,116134,0,0
time,6,standard,engine_growth,new_to_command,20000,1913,20501,57988,2712586,0,0
time,6,standard,burst64_period100000ns,fill_service,20000,1136,3922,33696,71439,0,0
time,6,standard,burst64_period100000ns,scheduled_arrival_to_visible,20000,506306,1339206,1365354,1378490,0,0
time,7,standard,small,price_hit,20000,140,169,330,93566,0,0
time,7,standard,small,price_miss,20000,130,296,641,67044,0,0
time,7,standard,small,best,20000,110,284,598,34101,0,0
time,7,standard,small,range_first8,20000,176,345,690,109437,0,0
time,7,standard,small,handle_hit,20000,63,204,523,6424,0,0
time,7,standard,small,index_update,20000,115,277,624,30373,0,0
time,7,standard,crowded,price_hit,20000,132,159,347,80379,0,0
time,7,standard,crowded,price_miss,20000,125,300,616,89394,0,0
time,7,standard,crowded,best,20000,110,298,636,59720,0,0
time,7,standard,crowded,range_first8,20000,148,341,642,40347,0,0
time,7,standard,crowded,handle_hit,20000,53,221,524,11967,0,0
time,7,standard,crowded,index_update,20000,279,800,1448,87671,0,0
time,7,standard,many_prices,price_hit,20000,363,863,1565,97482,0,0
time,7,standard,many_prices,price_miss,20000,186,390,1133,70120,0,0
time,7,standard,many_prices,best,20000,110,307,642,36396,0,0
time,7,standard,many_prices,range_first8,20000,279,484,860,70335,0,0
time,7,standard,many_prices,handle_hit,20000,123,228,541,85858,0,0
time,7,standard,many_prices,index_update,20000,380,944,2261,72208,0,0
time,7,standard,many_books,price_hit,20000,164,298,610,59007,0,0
time,7,standard,many_books,price_miss,20000,137,321,683,85348,0,0
time,7,standard,many_books,best,20000,110,300,653,87912,0,0
time,7,standard,many_books,range_first8,20000,217,476,972,56645,0,0
time,7,standard,many_books,handle_hit,20000,68,219,568,39352,0,0
time,7,standard,many_books,index_update,20000,150,479,786,33136,0,0
time,7,standard,churn,price_hit,20000,186,239,474,60760,0,0
time,7,standard,churn,price_miss,20000,169,328,678,73088,0,0
time,7,standard,churn,best,20000,110,267,612,58606,0,0
time,7,standard,churn,range_first8,20000,257,433,797,31664,0,0
time,7,standard,churn,handle_hit,20000,95,190,499,32450,0,0
time,7,standard,churn,index_update,20000,485,994,7950,82924,0,0
time,7,standard,growth,index_update,20000,354,2584,7864,188822,0,0
time,7,standard,growth,block_growth_subset,313,2676,5822,37140,60145,0,0
time,7,standard,engine,intent_immediate,20000,1766,2951,41704,1779864,0,0
time,7,standard,engine,intent_queued,20000,948,1661,33352,295840,0,0
time,7,standard,engine,ready_to_command,20000,1446,2381,33837,86069,0,0
time,7,standard,engine,replace_report,20000,1542,6533,37248,196982,0,0
time,7,standard,engine_growth,new_to_command,20000,1814,20594,54973,2591393,0,0
time,7,standard,burst64_period100000ns,fill_service,20000,1108,4067,34230,102243,0,0
time,7,standard,burst64_period100000ns,scheduled_arrival_to_visible,20000,364465,1422581,1448308,1458823,0,0
time,7,legacy,small,price_hit,20000,104,210,298,6780,0,0
time,7,legacy,small,price_miss,20000,100,274,567,31472,0,0
time,7,legacy,small,best,20000,91,275,573,64038,0,0
time,7,legacy,small,range_first8,20000,113,303,646,55083,0,0
time,7,legacy,small,index_update,20000,308,619,1445,58706,0,0
time,7,legacy,crowded,price_hit,20000,98,127,195,34190,0,0
time,7,legacy,crowded,price_miss,20000,100,266,564,34589,0,0
time,7,legacy,crowded,best,20000,95,269,580,35664,0,0
time,7,legacy,crowded,range_first8,20000,107,282,659,34267,0,0
time,7,legacy,crowded,index_update,20000,343,733,1276,61377,0,0
time,7,legacy,many_prices,price_hit,20000,204,443,805,36746,0,0
time,7,legacy,many_prices,price_miss,20000,150,322,715,63717,0,0
time,7,legacy,many_prices,best,20000,103,282,632,67533,0,0
time,7,legacy,many_prices,range_first8,20000,194,386,724,85028,0,0
time,7,legacy,many_prices,index_update,20000,801,1800,22560,61144,0,0
time,7,legacy,many_books,price_hit,20000,120,199,416,60433,0,0
time,7,legacy,many_books,price_miss,20000,107,272,607,37845,0,0
time,7,legacy,many_books,best,20000,96,286,561,35458,0,0
time,7,legacy,many_books,range_first8,20000,130,316,681,62536,0,0
time,7,legacy,many_books,index_update,20000,339,605,1822,65401,0,0
time,7,legacy,churn,price_hit,20000,141,200,484,72353,0,0
time,7,legacy,churn,price_miss,20000,138,294,629,31194,0,0
time,7,legacy,churn,best,20000,100,255,561,55137,0,0
time,7,legacy,churn,range_first8,20000,169,344,671,59036,0,0
time,7,legacy,churn,index_update,20000,531,1083,6228,66216,0,0
time,7,legacy,growth,index_update,20000,312,1041,6559,64410,0,0
time,7,window,small,price_hit,20000,127,162,301,36993,0,0
time,7,window,small,price_miss,20000,120,285,637,56931,0,0
time,7,window,small,best,20000,99,267,623,62814,0,0
time,7,window,small,range_first8,20000,162,329,650,61561,0,0
time,7,window,small,handle_hit,20000,57,207,540,33069,0,0
time,7,window,small,index_update,20000,107,270,607,96190,0,0
time,7,window,crowded,price_hit,20000,122,164,369,53277,0,0
time,7,window,crowded,price_miss,20000,116,321,612,32612,0,0
time,7,window,crowded,best,20000,97,293,638,61373,0,0
time,7,window,crowded,range_first8,20000,132,332,678,35587,0,0
time,7,window,crowded,handle_hit,20000,55,227,552,7733,0,0
time,7,window,crowded,index_update,20000,295,816,1220,81307,0,0
time,7,window,many_prices,price_hit,20000,325,805,5970,60594,0,0
time,7,window,many_prices,price_miss,20000,171,383,803,36268,0,0
time,7,window,many_prices,best,20000,100,294,653,34454,0,0
time,7,window,many_prices,range_first8,20000,372,646,1332,63826,0,0
time,7,window,many_prices,handle_hit,20000,122,248,567,34231,0,0
time,7,window,many_prices,index_update,20000,330,903,1888,90016,0,0
time,7,window,many_books,price_hit,20000,146,315,672,74032,0,0
time,7,window,many_books,price_miss,20000,126,297,645,39167,0,0
time,7,window,many_books,best,20000,102,279,646,87836,0,0
time,7,window,many_books,range_first8,20000,201,464,777,53245,0,0
time,7,window,many_books,handle_hit,20000,62,224,528,36216,0,0
time,7,window,many_books,index_update,20000,135,449,814,37378,0,0
time,7,window,churn,price_hit,20000,149,199,507,54884,0,0
time,7,window,churn,price_miss,20000,134,313,732,70538,0,0
time,7,window,churn,best,20000,97,288,623,54204,0,0
time,7,window,churn,range_first8,20000,234,431,1191,66844,0,0
time,7,window,churn,handle_hit,20000,72,219,531,8145,0,0
time,7,window,churn,index_update,20000,290,544,1207,64439,0,0
time,7,window,growth,index_update,20000,319,2454,5504,64264,0,0
time,7,window,growth,block_growth_subset,313,2541,4152,6243,7897,0,0
time,7,window,engine,intent_immediate,20000,1850,2877,38111,119693,0,0
time,7,window,engine,intent_queued,20000,1003,1677,27042,91670,0,0
time,7,window,engine,ready_to_command,20000,1528,2414,36864,65857,0,0
time,7,window,engine,replace_report,20000,1548,6527,38022,72326,0,0
time,7,window,engine_growth,new_to_command,20000,1840,19658,53215,2538845,0,0
time,7,window,burst64_period100000ns,fill_service,20000,1106,4085,34953,70966,0,0
time,7,window,burst64_period100000ns,scheduled_arrival_to_visible,20000,379784,1539732,1566225,1576432,0,0
time,7,adaptive,small,price_hit,20000,134,174,384,34677,0,0
time,7,adaptive,small,price_miss,20000,123,299,623,66187,0,0
time,7,adaptive,small,best,20000,100,277,600,151892,0,0
time,7,adaptive,small,range_first8,20000,159,330,679,25894,0,0
time,7,adaptive,small,handle_hit,20000,64,209,532,33814,0,0
time,7,adaptive,small,index_update,20000,111,282,637,33700,0,0
time,7,adaptive,crowded,price_hit,20000,130,166,377,37307,0,0
time,7,adaptive,crowded,price_miss,20000,122,312,705,55354,0,0
time,7,adaptive,crowded,best,20000,102,295,603,35331,0,0
time,7,adaptive,crowded,range_first8,20000,139,327,679,60717,0,0
time,7,adaptive,crowded,handle_hit,20000,57,224,513,32717,0,0
time,7,adaptive,crowded,index_update,20000,271,770,1092,105163,0,0
time,7,adaptive,many_prices,price_hit,20000,318,770,1087,78721,0,0
time,7,adaptive,many_prices,price_miss,20000,170,382,740,33033,0,0
time,7,adaptive,many_prices,best,20000,101,297,631,57429,0,0
time,7,adaptive,many_prices,range_first8,20000,270,504,5444,62275,0,0
time,7,adaptive,many_prices,handle_hit,20000,119,250,597,36062,0,0
time,7,adaptive,many_prices,index_update,20000,329,864,1260,40185,0,0
time,7,adaptive,many_books,price_hit,20000,150,303,749,69979,0,0
time,7,adaptive,many_books,price_miss,20000,121,300,603,32713,0,0
time,7,adaptive,many_books,best,20000,93,275,619,37886,0,0
time,7,adaptive,many_books,range_first8,20000,183,439,1121,58098,0,0
time,7,adaptive,many_books,handle_hit,20000,68,218,591,56678,0,0
time,7,adaptive,many_books,index_update,20000,134,430,747,37013,0,0
time,7,adaptive,churn,price_hit,20000,156,202,352,35797,0,0
time,7,adaptive,churn,price_miss,20000,134,294,608,31992,0,0
time,7,adaptive,churn,best,20000,101,262,568,58462,0,0
time,7,adaptive,churn,range_first8,20000,197,364,740,58473,0,0
time,7,adaptive,churn,handle_hit,20000,75,194,518,34775,0,0
time,7,adaptive,churn,index_update,20000,283,491,1329,75960,0,0
time,7,adaptive,growth,index_update,20000,348,2580,7253,86552,0,0
time,7,adaptive,growth,block_growth_subset,313,2658,4652,7001,50976,0,0
time,7,adaptive,engine,intent_immediate,20000,1831,2800,38645,85054,0,0
time,7,adaptive,engine,intent_queued,20000,1002,1695,34962,66015,0,0
time,7,adaptive,engine,ready_to_command,20000,1497,2374,38592,128403,0,0
time,7,adaptive,engine,replace_report,20000,1599,7105,42208,269043,0,0
time,7,adaptive,engine_growth,new_to_command,20000,1824,20286,57294,2496239,0,0
time,7,adaptive,burst64_period100000ns,fill_service,20000,1087,3992,36964,88854,0,0
time,7,adaptive,burst64_period100000ns,scheduled_arrival_to_visible,20000,119206,1116474,1142205,1154308,0,0
time,7,pooled,small,price_hit,20000,137,173,327,51699,0,0
time,7,pooled,small,price_miss,20000,132,293,617,33201,0,0
time,7,pooled,small,best,20000,102,267,550,34376,0,0
time,7,pooled,small,range_first8,20000,188,354,711,52850,0,0
time,7,pooled,small,handle_hit,20000,62,203,531,55805,0,0
time,7,pooled,small,index_update,20000,104,278,560,28797,0,0
time,7,pooled,crowded,price_hit,20000,121,164,337,59291,0,0
time,7,pooled,crowded,price_miss,20000,115,304,660,38596,0,0
time,7,pooled,crowded,best,20000,98,276,586,33783,0,0
time,7,pooled,crowded,range_first8,20000,125,314,654,51635,0,0
time,7,pooled,crowded,handle_hit,20000,50,210,529,32430,0,0
time,7,pooled,crowded,index_update,20000,243,728,1081,48978,0,0
time,7,pooled,many_prices,price_hit,20000,432,1034,8798,71762,0,0
time,7,pooled,many_prices,price_miss,20000,204,424,912,60330,0,0
time,7,pooled,many_prices,best,20000,90,291,634,42875,0,0
time,7,pooled,many_prices,range_first8,20000,286,560,1594,60182,0,0
time,7,pooled,many_prices,handle_hit,20000,132,242,608,61426,0,0
time,7,pooled,many_prices,index_update,20000,330,864,1352,41554,0,0
time,7,pooled,many_books,price_hit,20000,171,367,865,41279,0,0
time,7,pooled,many_books,price_miss,20000,151,376,776,78401,0,0
time,7,pooled,many_books,best,20000,100,299,653,57621,0,0
time,7,pooled,many_books,range_first8,20000,267,578,1247,71051,0,0
time,7,pooled,many_books,handle_hit,20000,68,226,552,36870,0,0
time,7,pooled,many_books,index_update,20000,142,472,818,62013,0,0
time,7,pooled,churn,price_hit,20000,181,311,616,63355,0,0
time,7,pooled,churn,price_miss,20000,170,330,727,56147,0,0
time,7,pooled,churn,best,20000,102,264,506,25344,0,0
time,7,pooled,churn,range_first8,20000,289,486,1851,55367,0,0
time,7,pooled,churn,handle_hit,20000,94,195,508,33702,0,0
time,7,pooled,churn,index_update,20000,1143,1502,31103,89104,0,0
time,7,pooled,growth,index_update,20000,970,4945,32199,89607,0,0
time,7,pooled,growth,block_growth_subset,313,4945,35812,65621,66951,0,0
time,7,pooled,engine,intent_immediate,20000,1920,2956,35365,91097,0,0
time,7,pooled,engine,intent_queued,20000,970,1668,31972,88074,0,0
time,7,pooled,engine,ready_to_command,20000,1596,2447,34414,65748,0,0
time,7,pooled,engine,replace_report,20000,1558,7002,33278,97902,0,0
time,7,pooled,engine_growth,new_to_command,20000,2805,27659,60079,2491650,0,0
time,7,pooled,burst64_period100000ns,fill_service,20000,988,3962,11583,114170,0,0
time,7,pooled,burst64_period100000ns,scheduled_arrival_to_visible,20000,58706,1265624,1319635,1335165,0,0
time,8,pooled,small,price_hit,20000,123,160,200,39792,0,0
time,8,pooled,small,price_miss,20000,119,272,554,60555,0,0
time,8,pooled,small,best,20000,92,248,586,41054,0,0
time,8,pooled,small,range_first8,20000,170,332,634,29635,0,0
time,8,pooled,small,handle_hit,20000,58,184,518,33853,0,0
time,8,pooled,small,index_update,20000,102,255,559,30612,0,0
time,8,pooled,crowded,price_hit,20000,116,150,262,27841,0,0
time,8,pooled,crowded,price_miss,20000,109,280,614,40055,0,0
time,8,pooled,crowded,best,20000,93,268,596,25858,0,0
time,8,pooled,crowded,range_first8,20000,119,290,616,28513,0,0
time,8,pooled,crowded,handle_hit,20000,49,198,524,1017,0,0
time,8,pooled,crowded,index_update,20000,158,609,1030,26439,0,0
time,8,pooled,many_prices,price_hit,20000,341,876,1428,31895,0,0
time,8,pooled,many_prices,price_miss,20000,206,395,786,66980,0,0
time,8,pooled,many_prices,best,20000,94,269,603,45424,0,0
time,8,pooled,many_prices,range_first8,20000,293,493,1772,97149,0,0
time,8,pooled,many_prices,handle_hit,20000,136,229,559,31891,0,0
time,8,pooled,many_prices,index_update,20000,257,769,1302,50402,0,0
time,8,pooled,many_books,price_hit,20000,161,224,405,45005,0,0
time,8,pooled,many_books,price_miss,20000,141,308,643,29660,0,0
time,8,pooled,many_books,best,20000,94,261,575,25145,0,0
time,8,pooled,many_books,range_first8,20000,245,434,760,112300,0,0
time,8,pooled,many_books,handle_hit,20000,69,196,530,27909,0,0
time,8,pooled,many_books,index_update,20000,118,336,640,50183,0,0
time,8,pooled,churn,price_hit,20000,173,220,319,40617,0,0
time,8,pooled,churn,price_miss,20000,161,287,475,23802,0,0
time,8,pooled,churn,best,20000,95,236,443,30032,0,0
time,8,pooled,churn,range_first8,20000,271,414,782,41389,0,0
time,8,pooled,churn,handle_hit,20000,92,169,283,28460,0,0
time,8,pooled,churn,index_update,20000,1059,1354,25296,53346,0,0
time,8,pooled,growth,index_update,20000,1004,4744,30640,62751,0,0
time,8,pooled,growth,block_growth_subset,313,4717,10704,13336,20896,0,0
time,8,pooled,engine,intent_immediate,20000,1843,3739,37532,79687,0,0
time,8,pooled,engine,intent_queued,20000,975,1736,34073,90475,0,0
time,8,pooled,engine,ready_to_command,20000,1491,3324,36659,96073,0,0
time,8,pooled,engine,replace_report,20000,1616,6590,39770,268664,0,0
time,8,pooled,engine_growth,new_to_command,20000,1856,20103,46705,1741957,0,0
time,8,pooled,burst64_period100000ns,fill_service,20000,699,2934,6421,51931,0,0
time,8,pooled,burst64_period100000ns,scheduled_arrival_to_visible,20000,30649,359917,424109,448801,0,0
time,8,standard,small,price_hit,20000,108,217,563,34728,0,0
time,8,standard,small,price_miss,20000,98,286,649,24818,0,0
time,8,standard,small,best,20000,82,270,627,30871,0,0
time,8,standard,small,range_first8,20000,131,343,1033,50156,0,0
time,8,standard,small,handle_hit,20000,51,193,483,23948,0,0
time,8,standard,small,index_update,20000,83,255,603,45974,0,0
time,8,standard,crowded,price_hit,20000,79,144,293,42880,0,0
time,8,standard,crowded,price_miss,20000,72,276,618,230155,0,0
time,8,standard,crowded,best,20000,66,267,554,27363,0,0
time,8,standard,crowded,range_first8,20000,81,293,1034,1910007,0,0
time,8,standard,crowded,handle_hit,20000,34,185,464,175897,0,0
time,8,standard,crowded,index_update,20000,218,826,1454,1875574,0,0
time,8,standard,many_prices,price_hit,20000,166,443,725,34104,0,0
time,8,standard,many_prices,price_miss,20000,96,268,579,33708,0,0
time,8,standard,many_prices,best,20000,65,247,544,31228,0,0
time,8,standard,many_prices,range_first8,20000,138,327,639,33765,0,0
time,8,standard,many_prices,handle_hit,20000,83,113,187,19910,0,0
time,8,standard,many_prices,index_update,20000,109,566,848,20853,0,0
time,8,standard,many_books,price_hit,20000,105,174,558,64097,0,0
time,8,standard,many_books,price_miss,20000,73,179,325,185186,0,0
time,8,standard,many_books,best,20000,63,157,276,33785,0,0
time,8,standard,many_books,range_first8,20000,111,251,510,676109,0,0
time,8,standard,many_books,handle_hit,20000,47,66,117,37696,0,0
time,8,standard,many_books,index_update,20000,64,223,531,77228,0,0
time,8,standard,churn,price_hit,20000,113,163,291,81161,0,0
time,8,standard,churn,price_miss,20000,100,202,347,125592,0,0
time,8,standard,churn,best,20000,66,148,277,10430,0,0
time,8,standard,churn,range_first8,20000,133,265,565,250890,0,0
time,8,standard,churn,handle_hit,20000,63,96,140,25480,0,0
time,8,standard,churn,index_update,20000,273,627,1793,40577,0,0
time,8,standard,growth,index_update,20000,205,2208,3353,140194,0,0
time,8,standard,growth,block_growth_subset,313,2318,4869,25633,36015,0,0
time,8,standard,engine,intent_immediate,20000,1760,3013,40308,1134290,0,0
time,8,standard,engine,intent_queued,20000,952,1696,35186,122111,0,0
time,8,standard,engine,ready_to_command,20000,1429,2548,36003,67905,0,0
time,8,standard,engine,replace_report,20000,1559,4626,38894,1629350,0,0
time,8,standard,engine_growth,new_to_command,20000,1163,14519,47369,1829636,0,0
time,8,standard,burst64_period100000ns,fill_service,20000,702,2686,28441,138186,0,0
time,8,standard,burst64_period100000ns,scheduled_arrival_to_visible,20000,32112,259102,287149,297017,0,0
time,8,legacy,small,price_hit,20000,72,121,150,997,0,0
time,8,legacy,small,price_miss,20000,63,198,357,33553,0,0
time,8,legacy,small,best,20000,60,174,441,28752,0,0
time,8,legacy,small,range_first8,20000,66,213,508,1031,0,0
time,8,legacy,small,index_update,20000,160,409,736,54283,0,0
time,8,legacy,crowded,price_hit,20000,61,102,187,25988,0,0
time,8,legacy,crowded,price_miss,20000,60,210,488,164804,0,0
time,8,legacy,crowded,best,20000,60,214,565,413213,0,0
time,8,legacy,crowded,range_first8,20000,62,223,523,117438,0,0
time,8,legacy,crowded,index_update,20000,225,672,2068,804936,0,0
time,8,legacy,many_prices,price_hit,20000,158,591,1250,83148,0,0
time,8,legacy,many_prices,price_miss,20000,96,328,1036,892967,0,0
time,8,legacy,many_prices,best,20000,71,267,592,35013,0,0
time,8,legacy,many_prices,range_first8,20000,115,412,1118,354977,0,0
time,8,legacy,many_prices,index_update,20000,653,1974,29336,1940985,0,0
time,8,legacy,many_books,price_hit,20000,83,226,528,217090,0,0
time,8,legacy,many_books,price_miss,20000,66,206,553,318572,0,0
time,8,legacy,many_books,best,20000,64,220,530,147374,0,0
time,8,legacy,many_books,range_first8,20000,73,235,517,23359,0,0
time,8,legacy,many_books,index_update,20000,179,502,4085,163151,0,0
time,8,legacy,churn,price_hit,20000,97,185,398,291337,0,0
time,8,legacy,churn,price_miss,20000,92,267,611,26539,0,0
time,8,legacy,churn,best,20000,66,223,512,206854,0,0
time,8,legacy,churn,range_first8,20000,95,283,653,36298,0,0
time,8,legacy,churn,index_update,20000,341,902,3662,192049,0,0
time,8,legacy,growth,index_update,20000,183,726,1538,40278,0,0
time,8,window,small,price_hit,20000,85,142,262,23373,0,0
time,8,window,small,price_miss,20000,76,222,404,41840,0,0
time,8,window,small,best,20000,65,195,391,29987,0,0
time,8,window,small,range_first8,20000,85,249,507,257144,0,0
time,8,window,small,handle_hit,20000,39,77,194,17819,0,0
time,8,window,small,index_update,20000,56,203,472,24800,0,0
time,8,window,crowded,price_hit,20000,82,140,293,45285,0,0
time,8,window,crowded,price_miss,20000,72,242,577,57543,0,0
time,8,window,crowded,best,20000,66,246,621,49761,0,0
time,8,window,crowded,range_first8,20000,80,279,576,6239,0,0
time,8,window,crowded,handle_hit,20000,39,121,232,160577,0,0
time,8,window,crowded,index_update,20000,152,627,1184,212473,0,0
time,8,window,many_prices,price_hit,20000,242,914,5109,1828854,0,0
time,8,window,many_prices,price_miss,20000,93,332,742,2094242,0,0
time,8,window,many_prices,best,20000,64,263,616,48444,0,0
time,8,window,many_prices,range_first8,20000,193,593,4746,377698,0,0
time,8,window,many_prices,handle_hit,20000,92,185,969,84086,0,0
time,8,window,many_prices,index_update,20000,235,844,3823,724655,0,0
time,8,window,many_books,price_hit,20000,101,381,899,38687,0,0
time,8,window,many_books,price_miss,20000,73,277,653,99296,0,0
time,8,window,many_books,best,20000,64,258,646,67359,0,0
time,8,window,many_books,range_first8,20000,103,430,1075,191041,0,0
time,8,window,many_books,handle_hit,20000,45,193,395,48719,0,0
time,8,window,many_books,index_update,20000,86,432,813,30591,0,0
time,8,window,churn,price_hit,20000,103,196,328,110652,0,0
time,8,window,churn,price_miss,20000,90,230,516,604302,0,0
time,8,window,churn,best,20000,65,211,481,23691,0,0
time,8,window,churn,range_first8,20000,129,313,758,40458,0,0
time,8,window,churn,handle_hit,20000,56,84,235,523329,0,0
time,8,window,churn,index_update,20000,182,421,870,331024,0,0
time,8,window,growth,index_update,20000,205,2369,14085,2448758,0,0
time,8,window,growth,block_growth_subset,313,2440,4688,19294,308869,0,0
time,8,window,engine,intent_immediate,20000,1865,2961,44255,949407,0,0
time,8,window,engine,intent_queued,20000,879,1683,22452,1788914,0,0
time,8,window,engine,ready_to_command,20000,1613,2593,29885,140230,0,0
time,8,window,engine,replace_report,20000,1388,6362,38255,195420,0,0
time,8,window,engine_growth,new_to_command,20000,1981,20734,49977,2783548,0,0
time,8,window,burst64_period100000ns,fill_service,20000,812,4162,24521,79731,0,0
time,8,window,burst64_period100000ns,scheduled_arrival_to_visible,20000,45416,1422358,1449579,1466822,0,0
time,8,adaptive,small,price_hit,20000,92,166,366,305680,0,0
time,8,adaptive,small,price_miss,20000,74,257,633,30425,0,0
time,8,adaptive,small,best,20000,65,243,463,46199,0,0
time,8,adaptive,small,range_first8,20000,86,305,1026,43910,0,0
time,8,adaptive,small,handle_hit,20000,48,170,288,33589,0,0
time,8,adaptive,small,index_update,20000,56,247,597,136481,0,0
time,8,adaptive,crowded,price_hit,20000,82,153,368,115515,0,0
time,8,adaptive,crowded,price_miss,20000,72,277,592,23590,0,0
time,8,adaptive,crowded,best,20000,65,259,635,50390,0,0
time,8,adaptive,crowded,range_first8,20000,81,283,655,40542,0,0
time,8,adaptive,crowded,handle_hit,20000,39,173,417,36356,0,0
time,8,adaptive,crowded,index_update,20000,158,629,1127,302801,0,0
time,8,adaptive,many_prices,price_hit,20000,253,744,1446,142735,0,0
time,8,adaptive,many_prices,price_miss,20000,94,330,1038,214399,0,0
time,8,adaptive,many_prices,best,20000,63,255,574,54685,0,0
time,8,adaptive,many_prices,range_first8,20000,139,457,1317,192825,0,0
time,8,adaptive,many_prices,handle_hit,20000,86,174,475,142635,0,0
time,8,adaptive,many_prices,index_update,20000,275,793,1411,92350,0,0
time,8,adaptive,many_books,price_hit,20000,106,193,471,26838,0,0
time,8,adaptive,many_books,price_miss,20000,75,215,447,103467,0,0
time,8,adaptive,many_books,best,20000,63,204,308,39394,0,0
time,8,adaptive,many_books,range_first8,20000,101,281,548,318267,0,0
time,8,adaptive,many_books,handle_hit,20000,51,83,202,126777,0,0
time,8,adaptive,many_books,index_update,20000,66,246,577,55053,0,0
time,8,adaptive,churn,price_hit,20000,106,170,480,42609,0,0
time,8,adaptive,churn,price_miss,20000,89,216,378,25672,0,0
time,8,adaptive,churn,best,20000,64,205,316,28968,0,0
time,8,adaptive,churn,range_first8,20000,113,274,642,92020,0,0
time,8,adaptive,churn,handle_hit,20000,59,92,219,31440,0,0
time,8,adaptive,churn,index_update,20000,174,370,864,252870,0,0
time,8,adaptive,growth,index_update,20000,215,2240,5889,134402,0,0
time,8,adaptive,growth,block_growth_subset,313,2331,4664,30289,43758,0,0
time,8,adaptive,engine,intent_immediate,20000,1576,3131,35000,599017,0,0
time,8,adaptive,engine,intent_queued,20000,834,1634,25220,108476,0,0
time,8,adaptive,engine,ready_to_command,20000,1310,2811,29608,77100,0,0
time,8,adaptive,engine,replace_report,20000,1385,5332,37027,219998,0,0
time,8,adaptive,engine_growth,new_to_command,20000,1842,19338,60889,4223648,0,0
time,8,adaptive,burst64_period100000ns,fill_service,20000,803,4917,44487,404101,0,0
time,8,adaptive,burst64_period100000ns,scheduled_arrival_to_visible,20000,513627,2323650,2383739,2405172,0,0
time,9,adaptive,small,price_hit,20000,124,169,335,58182,0,0
time,9,adaptive,small,price_miss,20000,113,295,685,20539,0,0
time,9,adaptive,small,best,20000,91,268,585,59409,0,0
time,9,adaptive,small,range_first8,20000,146,332,1043,58324,0,0
time,9,adaptive,small,handle_hit,20000,61,205,520,53299,0,0
time,9,adaptive,small,index_update,20000,101,280,770,58791,0,0
time,9,adaptive,crowded,price_hit,20000,94,192,1015,225069,0,0
time,9,adaptive,crowded,price_miss,20000,89,289,1013,68146,0,0
time,9,adaptive,crowded,best,20000,77,272,1042,238255,0,0
time,9,adaptive,crowded,range_first8,20000,99,315,1024,53545,0,0
time,9,adaptive,crowded,handle_hit,20000,40,189,549,33237,0,0
time,9,adaptive,crowded,index_update,20000,280,854,25440,211471,0,0
time,9,adaptive,many_prices,price_hit,20000,208,683,4695,98093,0,0
time,9,adaptive,many_prices,price_miss,20000,94,327,757,184094,0,0
time,9,adaptive,many_prices,best,20000,63,247,561,26842,0,0
time,9,adaptive,many_prices,range_first8,20000,139,436,748,49837,0,0
time,9,adaptive,many_prices,handle_hit,20000,84,174,416,116213,0,0
time,9,adaptive,many_prices,index_update,20000,221,740,1343,46630,0,0
time,9,adaptive,many_books,price_hit,20000,118,407,762,143204,0,0
time,9,adaptive,many_books,price_miss,20000,86,309,629,40733,0,0
time,9,adaptive,many_books,best,20000,72,281,618,53873,0,0
time,9,adaptive,many_books,range_first8,20000,123,494,891,55586,0,0
time,9,adaptive,many_books,handle_hit,20000,54,211,542,159688,0,0
time,9,adaptive,many_books,index_update,20000,100,428,746,45182,0,0
time,9,adaptive,churn,price_hit,20000,113,265,721,34359,0,0
time,9,adaptive,churn,price_miss,20000,92,282,641,39435,0,0
time,9,adaptive,churn,best,20000,66,254,549,33308,0,0
time,9,adaptive,churn,range_first8,20000,117,357,781,44093,0,0
time,9,adaptive,churn,handle_hit,20000,61,185,455,28303,0,0
time,9,adaptive,churn,index_update,20000,200,552,1478,145294,0,0
time,9,adaptive,growth,index_update,20000,315,2632,6203,80970,0,0
time,9,adaptive,growth,block_growth_subset,313,2729,7282,40073,52652,0,0
time,9,adaptive,engine,intent_immediate,20000,1881,3266,36776,88274,0,0
time,9,adaptive,engine,intent_queued,20000,1034,1826,33123,73832,0,0
time,9,adaptive,engine,ready_to_command,20000,1533,2858,36751,81714,0,0
time,9,adaptive,engine,replace_report,20000,1628,7215,41167,67165,0,0
time,9,adaptive,engine_growth,new_to_command,20000,1912,20215,53012,2620537,0,0
time,9,adaptive,burst64_period100000ns,fill_service,20000,1086,3976,33030,79023,0,0
time,9,adaptive,burst64_period100000ns,scheduled_arrival_to_visible,20000,87688,1234992,1268193,1287678,0,0
time,9,pooled,small,price_hit,20000,138,170,301,70067,0,0
time,9,pooled,small,price_miss,20000,132,284,589,27450,0,0
time,9,pooled,small,best,20000,107,264,520,55263,0,0
time,9,pooled,small,range_first8,20000,191,345,708,31637,0,0
time,9,pooled,small,handle_hit,20000,60,190,510,4572,0,0
time,9,pooled,small,index_update,20000,115,261,564,29861,0,0
time,9,pooled,crowded,price_hit,20000,129,155,264,30969,0,0
time,9,pooled,crowded,price_miss,20000,124,308,626,114657,0,0
time,9,pooled,crowded,best,20000,109,291,635,33575,0,0
time,9,pooled,crowded,range_first8,20000,134,329,662,33917,0,0
time,9,pooled,crowded,handle_hit,20000,51,226,588,6993,0,0
time,9,pooled,crowded,index_update,20000,282,822,1701,90857,0,0
time,9,pooled,many_prices,price_hit,20000,420,1008,6788,59468,0,0
time,9,pooled,many_prices,price_miss,20000,222,418,1063,65560,0,0
time,9,pooled,many_prices,best,20000,109,292,621,29311,0,0
time,9,pooled,many_prices,range_first8,20000,315,533,1123,54895,0,0
time,9,pooled,many_prices,handle_hit,20000,144,234,580,57034,0,0
time,9,pooled,many_prices,index_update,20000,341,886,3081,77590,0,0
time,9,pooled,many_books,price_hit,20000,173,301,493,54748,0,0
time,9,pooled,many_books,price_miss,20000,152,351,678,30032,0,0
time,9,pooled,many_books,best,20000,108,283,637,53560,0,0
time,9,pooled,many_books,range_first8,20000,273,508,835,72069,0,0
time,9,pooled,many_books,handle_hit,20000,74,218,570,32030,0,0
time,9,pooled,many_books,index_update,20000,140,431,714,57138,0,0
time,9,pooled,churn,price_hit,20000,190,238,567,57751,0,0
time,9,pooled,churn,price_miss,20000,176,318,597,29869,0,0
time,9,pooled,churn,best,20000,108,254,519,51382,0,0
time,9,pooled,churn,range_first8,20000,293,454,828,31429,0,0
time,9,pooled,churn,handle_hit,20000,96,187,473,56147,0,0
time,9,pooled,churn,index_update,20000,1200,1480,29725,69715,0,0
time,9,pooled,growth,index_update,20000,1038,4814,30304,93089,0,0
time,9,pooled,growth,block_growth_subset,313,4772,8349,11961,34057,0,0
time,9,pooled,engine,intent_immediate,20000,1948,2872,33860,71628,0,0
time,9,pooled,engine,intent_queued,20000,974,1637,29750,55337,0,0
time,9,pooled,engine,ready_to_command,20000,1616,2404,32342,60058,0,0
time,9,pooled,engine,replace_report,20000,1541,6428,36941,255035,0,0
time,9,pooled,engine_growth,new_to_command,20000,1663,19138,33365,1790474,0,0
time,9,pooled,burst64_period100000ns,fill_service,20000,716,2865,19576,81874,0,0
time,9,pooled,burst64_period100000ns,scheduled_arrival_to_visible,20000,31530,265510,310856,322675,0,0
time,9,standard,small,price_hit,20000,85,102,116,30931,0,0
time,9,standard,small,price_miss,20000,72,90,222,18297,0,0
time,9,standard,small,best,20000,64,83,214,39314,0,0
time,9,standard,small,range_first8,20000,85,152,288,28583,0,0
time,9,standard,small,handle_hit,20000,42,51,69,10561,0,0
time,9,standard,small,index_update,20000,54,154,237,16624,0,0
time,9,standard,crowded,price_hit,20000,76,114,158,4640,0,0
time,9,standard,crowded,price_miss,20000,70,267,623,32837,0,0
time,9,standard,crowded,best,20000,64,249,536,52966,0,0
time,9,standard,crowded,range_first8,20000,79,260,594,25744,0,0
time,9,standard,crowded,handle_hit,20000,32,52,191,39542,0,0
time,9,standard,crowded,index_update,20000,107,566,909,31475,0,0
time,9,standard,many_prices,price_hit,20000,173,595,951,26140,0,0
time,9,standard,many_prices,price_miss,20000,93,293,624,45480,0,0
time,9,standard,many_prices,best,20000,63,252,559,40955,0,0
time,9,standard,many_prices,range_first8,20000,136,370,670,26064,0,0
time,9,standard,many_prices,handle_hit,20000,82,129,190,19545,0,0
time,9,standard,many_prices,index_update,20000,157,645,990,28403,0,0
time,9,standard,many_books,price_hit,20000,105,176,319,44156,0,0
time,9,standard,many_books,price_miss,20000,73,213,357,18905,0,0
time,9,standard,many_books,best,20000,63,207,291,4084,0,0
time,9,standard,many_books,range_first8,20000,111,279,496,18433,0,0
time,9,standard,many_books,handle_hit,20000,47,74,216,30149,0,0
time,9,standard,many_books,index_update,20000,64,246,465,26260,0,0
time,9,standard,churn,price_hit,20000,112,170,248,24775,0,0
time,9,standard,churn,price_miss,20000,99,201,319,17884,0,0
time,9,standard,churn,best,20000,65,160,278,4795,0,0
time,9,standard,churn,range_first8,20000,132,265,432,47622,0,0
time,9,standard,churn,handle_hit,20000,63,99,139,36587,0,0
time,9,standard,churn,index_update,20000,271,600,1172,21723,0,0
time,9,standard,growth,index_update,20000,207,2108,3650,51213,0,0
time,9,standard,growth,block_growth_subset,313,2210,6265,31214,35935,0,0
time,9,standard,engine,intent_immediate,20000,1093,2066,23507,60419,0,0
time,9,standard,engine,intent_queued,20000,603,1249,5891,43419,0,0
time,9,standard,engine,ready_to_command,20000,888,1726,21001,187269,0,0
time,9,standard,engine,replace_report,20000,992,4398,21855,50407,0,0
time,9,standard,engine_growth,new_to_command,20000,1235,15173,35831,2109566,0,0
time,9,standard,burst64_period100000ns,fill_service,20000,701,2771,4961,55676,0,0
time,9,standard,burst64_period100000ns,scheduled_arrival_to_visible,20000,30316,228030,280636,293322,0,0
time,9,legacy,small,price_hit,20000,71,110,154,49640,0,0
time,9,legacy,small,price_miss,20000,63,146,241,21717,0,0
time,9,legacy,small,best,20000,60,131,236,18429,0,0
time,9,legacy,small,range_first8,20000,66,168,307,17781,0,0
time,9,legacy,small,index_update,20000,159,329,645,54014,0,0
time,9,legacy,crowded,price_hit,20000,61,106,215,49388,0,0
time,9,legacy,crowded,price_miss,20000,60,208,544,23565,0,0
time,9,legacy,crowded,best,20000,60,221,500,25588,0,0
time,9,legacy,crowded,range_first8,20000,62,218,488,35434,0,0
time,9,legacy,crowded,index_update,20000,224,534,1222,37612,0,0
time,9,legacy,many_prices,price_hit,20000,134,312,535,28961,0,0
time,9,legacy,many_prices,price_miss,20000,86,247,556,1092,0,0
time,9,legacy,many_prices,best,20000,69,232,545,24104,0,0
time,9,legacy,many_prices,range_first8,20000,106,301,597,24187,0,0
time,9,legacy,many_prices,index_update,20000,535,1289,2964,57692,0,0
time,9,legacy,many_books,price_hit,20000,82,128,296,403532,0,0
time,9,legacy,many_books,price_miss,20000,66,179,276,134289,0,0
time,9,legacy,many_books,best,20000,64,162,410,43770,0,0
time,9,legacy,many_books,range_first8,20000,73,191,390,23633,0,0
time,9,legacy,many_books,index_update,20000,177,359,683,58134,0,0
time,9,legacy,churn,price_hit,20000,94,153,261,23074,0,0
time,9,legacy,churn,price_miss,20000,88,218,488,36627,0,0
time,9,legacy,churn,best,20000,66,166,351,32461,0,0
time,9,legacy,churn,range_first8,20000,93,226,427,41090,0,0
time,9,legacy,churn,index_update,20000,312,704,1464,38231,0,0
time,9,legacy,growth,index_update,20000,185,721,1186,38225,0,0
time,9,window,small,price_hit,20000,81,124,194,33504,0,0
time,9,window,small,price_miss,20000,72,171,274,50095,0,0
time,9,window,small,best,20000,64,150,257,31248,0,0
time,9,window,small,range_first8,20000,84,193,383,3901,0,0
time,9,window,small,handle_hit,20000,38,57,118,17003,0,0
time,9,window,small,index_update,20000,56,169,430,44517,0,0
time,9,window,crowded,price_hit,20000,80,141,227,45555,0,0
time,9,window,crowded,price_miss,20000,71,271,571,42521,0,0
time,9,window,crowded,best,20000,65,239,549,36313,0,0
time,9,window,crowded,range_first8,20000,79,282,593,42507,0,0
time,9,window,crowded,handle_hit,20000,37,176,428,16660,0,0
time,9,window,crowded,index_update,20000,157,611,1046,228713,0,0
time,9,window,many_prices,price_hit,20000,176,555,847,34812,0,0
time,9,window,many_prices,price_miss,20000,93,280,598,78537,0,0
time,9,window,many_prices,best,20000,65,234,554,33803,0,0
time,9,window,many_prices,range_first8,20000,191,478,824,33689,0,0
time,9,window,many_prices,handle_hit,20000,86,145,282,24776,0,0
time,9,window,many_prices,index_update,20000,148,590,838,84043,0,0
time,9,window,many_books,price_hit,20000,99,148,297,24112,0,0
time,9,window,many_books,price_miss,20000,72,150,262,22584,0,0
time,9,window,many_books,best,20000,64,140,246,26833,0,0
time,9,window,many_books,range_first8,20000,101,235,443,33350,0,0
time,9,window,many_books,handle_hit,20000,44,61,115,203,0,0
time,9,window,many_books,index_update,20000,65,200,459,135699,0,0
time,9,window,churn,price_hit,20000,102,163,264,28750,0,0
time,9,window,churn,price_miss,20000,89,208,445,24675,0,0
time,9,window,churn,best,20000,64,152,238,14341,0,0
time,9,window,churn,range_first8,20000,127,272,563,31886,0,0
time,9,window,churn,handle_hit,20000,56,77,185,29931,0,0
time,9,window,churn,index_update,20000,183,336,889,73026,0,0
time,9,window,growth,index_update,20000,204,1960,3327,82443,0,0
time,9,window,growth,block_growth_subset,313,2056,3939,33607,38995,0,0
time,9,window,engine,intent_immediate,20000,1072,2500,26824,644910,0,0
time,9,window,engine,intent_queued,20000,579,1340,6006,41320,0,0
time,9,window,engine,ready_to_command,20000,888,2132,23395,140020,0,0
time,9,window,engine,replace_report,20000,930,4272,28889,176392,0,0
time,9,window,engine_growth,new_to_command,20000,1201,15047,47925,1938596,0,0
time,9,window,burst64_period100000ns,fill_service,20000,730,2924,21385,2202450,0,0
time,9,window,burst64_period100000ns,scheduled_arrival_to_visible,20000,38377,2287257,2318254,2329532,0,0
alloc,0,legacy,small,price_hit,20000,0,0,0,0,0,0
alloc,0,legacy,small,price_miss,20000,0,0,0,0,0,0
alloc,0,legacy,small,best,20000,0,0,0,0,0,0
alloc,0,legacy,small,range_first8,20000,0,0,0,0,0,0
alloc,0,legacy,small,index_update,20000,0,0,0,0,20000,20000
alloc,0,legacy,crowded,price_hit,20000,0,0,0,0,0,0
alloc,0,legacy,crowded,price_miss,20000,0,0,0,0,0,0
alloc,0,legacy,crowded,best,20000,0,0,0,0,0,0
alloc,0,legacy,crowded,range_first8,20000,0,0,0,0,0,0
alloc,0,legacy,crowded,index_update,20000,0,0,0,0,1140,1276
alloc,0,legacy,many_prices,price_hit,20000,0,0,0,0,0,0
alloc,0,legacy,many_prices,price_miss,20000,0,0,0,0,0,0
alloc,0,legacy,many_prices,best,20000,0,0,0,0,0,0
alloc,0,legacy,many_prices,range_first8,20000,0,0,0,0,0,0
alloc,0,legacy,many_prices,index_update,20000,0,0,0,0,22280,22552
alloc,0,legacy,many_books,price_hit,20000,0,0,0,0,0,0
alloc,0,legacy,many_books,price_miss,20000,0,0,0,0,0,0
alloc,0,legacy,many_books,best,20000,0,0,0,0,0,0
alloc,0,legacy,many_books,range_first8,20000,0,0,0,0,0,0
alloc,0,legacy,many_books,index_update,20000,0,0,0,0,20000,20000
alloc,0,legacy,churn,price_hit,20000,0,0,0,0,0,0
alloc,0,legacy,churn,price_miss,20000,0,0,0,0,0,0
alloc,0,legacy,churn,best,20000,0,0,0,0,0,0
alloc,0,legacy,churn,range_first8,20000,0,0,0,0,0,0
alloc,0,legacy,churn,index_update,20000,0,0,0,0,25696,25702
alloc,0,legacy,growth,index_update,20000,0,0,0,0,26665,0
alloc,0,standard,small,price_hit,20000,0,0,0,0,0,0
alloc,0,standard,small,price_miss,20000,0,0,0,0,0,0
alloc,0,standard,small,best,20000,0,0,0,0,0,0
alloc,0,standard,small,range_first8,20000,0,0,0,0,0,0
alloc,0,standard,small,handle_hit,20000,0,0,0,0,0,0
alloc,0,standard,small,index_update,20000,0,0,0,0,0,0
alloc,0,standard,crowded,price_hit,20000,0,0,0,0,0,0
alloc,0,standard,crowded,price_miss,20000,0,0,0,0,0,0
alloc,0,standard,crowded,best,20000,0,0,0,0,0,0
alloc,0,standard,crowded,range_first8,20000,0,0,0,0,0,0
alloc,0,standard,crowded,handle_hit,20000,0,0,0,0,0,0
alloc,0,standard,crowded,index_update,20000,0,0,0,0,0,0
alloc,0,standard,many_prices,price_hit,20000,0,0,0,0,0,0
alloc,0,standard,many_prices,price_miss,20000,0,0,0,0,0,0
alloc,0,standard,many_prices,best,20000,0,0,0,0,0,0
alloc,0,standard,many_prices,range_first8,20000,0,0,0,0,0,0
alloc,0,standard,many_prices,handle_hit,20000,0,0,0,0,0,0
alloc,0,standard,many_prices,index_update,20000,0,0,0,0,0,0
alloc,0,standard,many_books,price_hit,20000,0,0,0,0,0,0
alloc,0,standard,many_books,price_miss,20000,0,0,0,0,0,0
alloc,0,standard,many_books,best,20000,0,0,0,0,0,0
alloc,0,standard,many_books,range_first8,20000,0,0,0,0,0,0
alloc,0,standard,many_books,handle_hit,20000,0,0,0,0,0,0
alloc,0,standard,many_books,index_update,20000,0,0,0,0,0,0
alloc,0,standard,churn,price_hit,20000,0,0,0,0,0,0
alloc,0,standard,churn,price_miss,20000,0,0,0,0,0,0
alloc,0,standard,churn,best,20000,0,0,0,0,0,0
alloc,0,standard,churn,range_first8,20000,0,0,0,0,0,0
alloc,0,standard,churn,handle_hit,20000,0,0,0,0,0,0
alloc,0,standard,churn,index_update,20000,0,0,0,0,5696,5702
alloc,0,standard,growth,index_update,20000,0,0,0,0,7309,14
alloc,0,standard,growth,block_growth_subset,313,0,0,0,0,749,14
alloc,0,standard,engine,intent_immediate,20000,0,0,0,0,0,0
alloc,0,standard,engine,intent_queued,20000,0,0,0,0,1,0
alloc,0,standard,engine,ready_to_command,20000,0,0,0,0,0,0
alloc,0,standard,engine,replace_report,20000,0,0,0,0,0,0
alloc,0,standard,engine_growth,new_to_command,20000,0,0,0,0,4326,47
alloc,0,pooled,small,price_hit,20000,0,0,0,0,0,0
alloc,0,pooled,small,price_miss,20000,0,0,0,0,0,0
alloc,0,pooled,small,best,20000,0,0,0,0,0,0
alloc,0,pooled,small,range_first8,20000,0,0,0,0,0,0
alloc,0,pooled,small,handle_hit,20000,0,0,0,0,0,0
alloc,0,pooled,small,index_update,20000,0,0,0,0,0,0
alloc,0,pooled,crowded,price_hit,20000,0,0,0,0,0,0
alloc,0,pooled,crowded,price_miss,20000,0,0,0,0,0,0
alloc,0,pooled,crowded,best,20000,0,0,0,0,0,0
alloc,0,pooled,crowded,range_first8,20000,0,0,0,0,0,0
alloc,0,pooled,crowded,handle_hit,20000,0,0,0,0,0,0
alloc,0,pooled,crowded,index_update,20000,0,0,0,0,0,0
alloc,0,pooled,many_prices,price_hit,20000,0,0,0,0,0,0
alloc,0,pooled,many_prices,price_miss,20000,0,0,0,0,0,0
alloc,0,pooled,many_prices,best,20000,0,0,0,0,0,0
alloc,0,pooled,many_prices,range_first8,20000,0,0,0,0,0,0
alloc,0,pooled,many_prices,handle_hit,20000,0,0,0,0,0,0
alloc,0,pooled,many_prices,index_update,20000,0,0,0,0,0,0
alloc,0,pooled,many_books,price_hit,20000,0,0,0,0,0,0
alloc,0,pooled,many_books,price_miss,20000,0,0,0,0,0,0
alloc,0,pooled,many_books,best,20000,0,0,0,0,0,0
alloc,0,pooled,many_books,range_first8,20000,0,0,0,0,0,0
alloc,0,pooled,many_books,handle_hit,20000,0,0,0,0,0,0
alloc,0,pooled,many_books,index_update,20000,0,0,0,0,0,0
alloc,0,pooled,churn,price_hit,20000,0,0,0,0,0,0
alloc,0,pooled,churn,price_miss,20000,0,0,0,0,0,0
alloc,0,pooled,churn,best,20000,0,0,0,0,0,0
alloc,0,pooled,churn,range_first8,20000,0,0,0,0,0,0
alloc,0,pooled,churn,handle_hit,20000,0,0,0,0,0,0
alloc,0,pooled,churn,index_update,20000,0,0,0,0,0,0
alloc,0,pooled,growth,index_update,20000,0,0,0,0,966,21
alloc,0,pooled,growth,block_growth_subset,313,0,0,0,0,966,21
alloc,0,pooled,engine,intent_immediate,20000,0,0,0,0,0,0
alloc,0,pooled,engine,intent_queued,20000,0,0,0,0,1,0
alloc,0,pooled,engine,ready_to_command,20000,0,0,0,0,0,0
alloc,0,pooled,engine,replace_report,20000,0,0,0,0,0,0
alloc,0,pooled,engine_growth,new_to_command,20000,0,0,0,0,1315,54
alloc,0,adaptive,small,price_hit,20000,0,0,0,0,0,0
alloc,0,adaptive,small,price_miss,20000,0,0,0,0,0,0
alloc,0,adaptive,small,best,20000,0,0,0,0,0,0
alloc,0,adaptive,small,range_first8,20000,0,0,0,0,0,0
alloc,0,adaptive,small,handle_hit,20000,0,0,0,0,0,0
alloc,0,adaptive,small,index_update,20000,0,0,0,0,0,0
alloc,0,adaptive,crowded,price_hit,20000,0,0,0,0,0,0
alloc,0,adaptive,crowded,price_miss,20000,0,0,0,0,0,0
alloc,0,adaptive,crowded,best,20000,0,0,0,0,0,0
alloc,0,adaptive,crowded,range_first8,20000,0,0,0,0,0,0
alloc,0,adaptive,crowded,handle_hit,20000,0,0,0,0,0,0
alloc,0,adaptive,crowded,index_update,20000,0,0,0,0,0,0
alloc,0,adaptive,many_prices,price_hit,20000,0,0,0,0,0,0
alloc,0,adaptive,many_prices,price_miss,20000,0,0,0,0,0,0
alloc,0,adaptive,many_prices,best,20000,0,0,0,0,0,0
alloc,0,adaptive,many_prices,range_first8,20000,0,0,0,0,0,0
alloc,0,adaptive,many_prices,handle_hit,20000,0,0,0,0,0,0
alloc,0,adaptive,many_prices,index_update,20000,0,0,0,0,0,0
alloc,0,adaptive,many_books,price_hit,20000,0,0,0,0,0,0
alloc,0,adaptive,many_books,price_miss,20000,0,0,0,0,0,0
alloc,0,adaptive,many_books,best,20000,0,0,0,0,0,0
alloc,0,adaptive,many_books,range_first8,20000,0,0,0,0,0,0
alloc,0,adaptive,many_books,handle_hit,20000,0,0,0,0,0,0
alloc,0,adaptive,many_books,index_update,20000,0,0,0,0,0,0
alloc,0,adaptive,churn,price_hit,20000,0,0,0,0,0,0
alloc,0,adaptive,churn,price_miss,20000,0,0,0,0,0,0
alloc,0,adaptive,churn,best,20000,0,0,0,0,0,0
alloc,0,adaptive,churn,range_first8,20000,0,0,0,0,0,0
alloc,0,adaptive,churn,handle_hit,20000,0,0,0,0,0,0
alloc,0,adaptive,churn,index_update,20000,0,0,0,0,0,0
alloc,0,adaptive,growth,index_update,20000,0,0,0,0,7180,37
alloc,0,adaptive,growth,block_growth_subset,313,0,0,0,0,952,33
alloc,0,adaptive,engine,intent_immediate,20000,0,0,0,0,0,0
alloc,0,adaptive,engine,intent_queued,20000,0,0,0,0,1,0
alloc,0,adaptive,engine,ready_to_command,20000,0,0,0,0,0,0
alloc,0,adaptive,engine,replace_report,20000,0,0,0,0,0,0
alloc,0,adaptive,engine_growth,new_to_command,20000,0,0,0,0,4262,59
alloc,0,window,small,price_hit,20000,0,0,0,0,0,0
alloc,0,window,small,price_miss,20000,0,0,0,0,0,0
alloc,0,window,small,best,20000,0,0,0,0,0,0
alloc,0,window,small,range_first8,20000,0,0,0,0,0,0
alloc,0,window,small,handle_hit,20000,0,0,0,0,0,0
alloc,0,window,small,index_update,20000,0,0,0,0,0,0
alloc,0,window,crowded,price_hit,20000,0,0,0,0,0,0
alloc,0,window,crowded,price_miss,20000,0,0,0,0,0,0
alloc,0,window,crowded,best,20000,0,0,0,0,0,0
alloc,0,window,crowded,range_first8,20000,0,0,0,0,0,0
alloc,0,window,crowded,handle_hit,20000,0,0,0,0,0,0
alloc,0,window,crowded,index_update,20000,0,0,0,0,0,0
alloc,0,window,many_prices,price_hit,20000,0,0,0,0,0,0
alloc,0,window,many_prices,price_miss,20000,0,0,0,0,0,0
alloc,0,window,many_prices,best,20000,0,0,0,0,0,0
alloc,0,window,many_prices,range_first8,20000,0,0,0,0,0,0
alloc,0,window,many_prices,handle_hit,20000,0,0,0,0,0,0
alloc,0,window,many_prices,index_update,20000,0,0,0,0,0,0
alloc,0,window,many_books,price_hit,20000,0,0,0,0,0,0
alloc,0,window,many_books,price_miss,20000,0,0,0,0,0,0
alloc,0,window,many_books,best,20000,0,0,0,0,0,0
alloc,0,window,many_books,range_first8,20000,0,0,0,0,0,0
alloc,0,window,many_books,handle_hit,20000,0,0,0,0,0,0
alloc,0,window,many_books,index_update,20000,0,0,0,0,0,0
alloc,0,window,churn,price_hit,20000,0,0,0,0,0,0
alloc,0,window,churn,price_miss,20000,0,0,0,0,0,0
alloc,0,window,churn,best,20000,0,0,0,0,0,0
alloc,0,window,churn,range_first8,20000,0,0,0,0,0,0
alloc,0,window,churn,handle_hit,20000,0,0,0,0,0,0
alloc,0,window,churn,index_update,20000,0,0,0,0,0,0
alloc,0,window,growth,index_update,20000,0,0,0,0,7180,36
alloc,0,window,growth,block_growth_subset,313,0,0,0,0,746,14
alloc,0,window,engine,intent_immediate,20000,0,0,0,0,0,0
alloc,0,window,engine,intent_queued,20000,0,0,0,0,1,0
alloc,0,window,engine,ready_to_command,20000,0,0,0,0,0,0
alloc,0,window,engine,replace_report,20000,0,0,0,0,0,0
alloc,0,window,engine_growth,new_to_command,20000,0,0,0,0,4262,58
time,0,timer,baseline,timer,20000,19,20,28,59794,0,0
