pass,round,backend,scenario,metric,n,p50_ns,p99_ns,p999_ns,max_ns,allocations,allocated_bytes
time,0,standard,rolling_4,price_query,20000,32,65,200,748880,0,0
time,0,standard,rolling_4,near_range8,20000,50,134,376,22437,0,0
time,0,standard,rolling_4,index_submit,20000,75,160,467,29631,0,0
time,0,standard,rolling_4,index_ack,20000,73,201,937,2641079,0,0
time,0,standard,rolling_4,cross_page_submit_subset,314,76,161,232,258,0,0
time,0,standard,outliers_4,price_query,20000,34,75,186,5043,0,0
time,0,standard,outliers_4,near_range8,20000,54,158,340,53202,0,0
time,0,standard,outliers_4,index_submit,20000,76,203,881,100765,0,0
time,0,standard,outliers_4,index_ack,20000,79,250,1002,3129336,0,0
time,0,standard,outliers_4,cross_page_submit_subset,314,75,198,208,1159,0,0
time,0,standard,outliers_4,far_query,20000,33,75,190,51265,0,0
time,0,standard,boundary_4,price_query,20000,32,58,97,6148,0,0
time,0,standard,boundary_4,near_range8,20000,53,159,315,25980,0,0
time,0,standard,boundary_4,index_submit,20000,75,157,249,18470,0,0
time,0,standard,boundary_4,index_ack,20000,94,222,400,36511,0,0
time,0,standard,boundary_4,cross_page_submit_subset,5000,74,145,202,17735,0,0
time,0,standard,jump_4,price_query,20000,32,47,79,19855,0,0
time,0,standard,jump_4,near_range8,20000,51,115,223,53176,0,0
time,0,standard,jump_4,index_submit,20000,74,123,262,29491,0,0
time,0,standard,jump_4,index_ack,20000,73,145,291,18198,0,0
time,0,standard,jump_4,cross_page_submit_subset,3746,84,127,186,352,0,0
time,0,standard,jump_4,jump_submit_subset,2496,87,128,192,352,0,0
time,0,standard,rolling_32,price_query,20000,34,57,85,20900,0,0
time,0,standard,rolling_32,near_range8,20000,78,134,298,19181,0,0
time,0,standard,rolling_32,index_submit,20000,81,130,293,32097,0,0
time,0,standard,rolling_32,index_ack,20000,67,152,336,18966,0,0
time,0,standard,rolling_32,cross_page_submit_subset,305,82,121,138,256,0,0
time,0,standard,outliers_32,price_query,20000,34,57,88,17519,0,0
time,0,standard,outliers_32,near_range8,20000,77,155,285,23472,0,0
time,0,standard,outliers_32,index_submit,20000,99,154,273,19470,0,0
time,0,standard,outliers_32,index_ack,20000,66,157,389,51561,0,0
time,0,standard,outliers_32,cross_page_submit_subset,305,98,135,157,213,0,0
time,0,standard,outliers_32,far_query,20000,37,60,87,19585,0,0
time,0,standard,boundary_32,price_query,20000,34,58,105,49416,0,0
time,0,standard,boundary_32,near_range8,20000,75,170,390,24699,0,0
time,0,standard,boundary_32,index_submit,20000,78,144,278,21814,0,0
time,0,standard,boundary_32,index_ack,20000,94,207,414,59394,0,0
time,0,standard,boundary_32,cross_page_submit_subset,625,78,130,152,17631,0,0
time,0,standard,jump_32,price_query,20000,35,59,99,5433,0,0
time,0,standard,jump_32,near_range8,20000,79,159,294,18178,0,0
time,0,standard,jump_32,index_submit,20000,88,150,274,32598,0,0
time,0,standard,jump_32,index_ack,20000,70,233,375,51778,0,0
time,0,standard,jump_32,cross_page_submit_subset,2652,109,222,378,17032,0,0
time,0,standard,jump_32,jump_submit_subset,2496,110,229,378,17032,0,0
time,0,standard,rolling_128,price_query,20000,40,78,124,18524,0,0
time,0,standard,rolling_128,near_range8,20000,82,208,382,24261,0,0
time,0,standard,rolling_128,index_submit,20000,104,181,350,171354,0,0
time,0,standard,rolling_128,index_ack,20000,72,146,608,25617,0,0
time,0,standard,rolling_128,cross_page_submit_subset,312,100,165,219,232,0,0
time,0,standard,outliers_128,price_query,20000,41,81,128,33284,0,0
time,0,standard,outliers_128,near_range8,20000,83,206,391,58033,0,0
time,0,standard,outliers_128,index_submit,20000,102,194,401,23073,0,0
time,0,standard,outliers_128,index_ack,20000,70,161,487,18630,0,0
time,0,standard,outliers_128,cross_page_submit_subset,312,100,202,343,18091,0,0
time,0,standard,outliers_128,far_query,20000,44,87,157,31408,0,0
time,0,standard,boundary_128,price_query,20000,39,69,167,18669,0,0
time,0,standard,boundary_128,near_range8,20000,81,186,335,24213,0,0
time,0,standard,boundary_128,index_submit,20000,92,161,288,18153,0,0
time,0,standard,boundary_128,index_ack,20000,98,277,478,33755,0,0
time,0,standard,boundary_128,cross_page_submit_subset,313,92,138,161,207,0,0
time,0,standard,jump_128,price_query,20000,40,76,95,175,0,0
time,0,standard,jump_128,near_range8,20000,80,157,284,22932,0,0
time,0,standard,jump_128,index_submit,20000,110,182,370,33731,0,0
time,0,standard,jump_128,index_ack,20000,71,298,488,27230,0,0
time,0,standard,jump_128,cross_page_submit_subset,2704,124,296,525,1618,0,0
time,0,standard,jump_128,jump_submit_subset,2432,126,303,525,1618,0,0
time,0,standard,4096books_4near_2far,price_query,20000,265,919,1655,61653,0,0
time,0,standard,new_book_growth,index_insert,20000,291,6343,22573,1455953,0,0
time,0,standard,engine_cancel_rehang_4near,cancel_to_command,20000,1090,4425,38071,1595027,0,0
time,0,standard,engine_cancel_rehang_4near,new_to_command,20000,1427,8980,67424,1728850,0,0
time,0,standard,engine_cancel_rehang_4near,accepted_report,20000,977,4324,32517,178358,0,0
time,0,standard,engine_cancel_rehang_4near,canceled_report,20000,1015,4889,32106,77736,0,0
time,0,standard,engine_rolling_4_2far,price_query,20000,63,137,426,27193,0,0
time,0,standard,engine_rolling_4_2far,intent_to_command,20000,1805,5244,32735,144344,0,0
time,0,standard,engine_rolling_4_2far,intent_queued,20000,897,4052,29832,709683,0,0
time,0,standard,engine_rolling_4_2far,replace_report,20000,1409,5589,34315,372293,0,0
time,0,standard,engine_rolling_4_2far,ready_to_command,20000,1512,4820,33247,2331437,0,0
time,0,standard,engine_jump_4_2far,price_query,20000,34,103,170,96403,0,0
time,0,standard,engine_jump_4_2far,intent_to_command,20000,1106,2258,34634,815874,0,0
time,0,standard,engine_jump_4_2far,intent_queued,20000,615,1343,23350,61642,0,0
time,0,standard,engine_jump_4_2far,replace_report,20000,922,4742,26714,609875,0,0
time,0,standard,engine_jump_4_2far,ready_to_command,20000,892,1922,24274,247650,0,0
time,0,standard,engine_jump_4_2far,jump_intent_subset,2496,1125,2300,22320,40532,0,0
time,0,standard,engine_rolling_32_2far,price_query,20000,86,162,383,36107,0,0
time,0,standard,engine_rolling_32_2far,intent_to_command,20000,1820,5584,38322,80734,0,0
time,0,standard,engine_rolling_32_2far,intent_queued,20000,880,4195,33068,92246,0,0
time,0,standard,engine_rolling_32_2far,replace_report,20000,1369,6656,38347,71534,0,0
time,0,standard,engine_rolling_32_2far,ready_to_command,20000,1438,4896,36905,87631,0,0
time,0,standard,engine_jump_32_2far,price_query,20000,82,152,351,6139,0,0
time,0,standard,engine_jump_32_2far,intent_to_command,20000,1846,2769,38252,64698,0,0
time,0,standard,engine_jump_32_2far,intent_queued,20000,937,1580,32824,59387,0,0
time,0,standard,engine_jump_32_2far,replace_report,20000,1391,6082,36483,84019,0,0
time,0,standard,engine_jump_32_2far,ready_to_command,20000,1510,2255,37912,73292,0,0
time,0,standard,engine_jump_32_2far,jump_intent_subset,2496,1857,2621,9075,45735,0,0
time,0,pages,rolling_4,price_query,20000,49,188,493,5816,0,0
time,0,pages,rolling_4,near_range8,20000,93,265,568,54670,0,0
time,0,pages,rolling_4,index_submit,20000,134,213,466,36955,0,0
time,0,pages,rolling_4,index_ack,20000,118,208,394,52742,0,0
time,0,pages,rolling_4,cross_page_submit_subset,314,141,484,518,626,0,0
time,0,pages,rolling_4,page_creation_subset,78,273,518,518,626,0,0
time,0,pages,outliers_4,price_query,20000,55,178,489,30824,0,0
time,0,pages,outliers_4,near_range8,20000,110,254,570,75551,0,0
time,0,pages,outliers_4,index_submit,20000,154,227,597,52127,0,0
time,0,pages,outliers_4,index_ack,20000,134,224,478,30260,0,0
time,0,pages,outliers_4,cross_page_submit_subset,314,165,597,713,782,0,0
time,0,pages,outliers_4,page_creation_subset,78,377,713,713,782,0,0
time,0,pages,outliers_4,far_query,20000,55,180,444,37314,0,0
time,0,pages,boundary_4,price_query,20000,54,190,538,53786,0,0
time,0,pages,boundary_4,near_range8,20000,116,266,587,48448,0,0
time,0,pages,boundary_4,index_submit,20000,150,204,350,7129,0,0
time,0,pages,boundary_4,index_ack,20000,149,262,487,36497,0,0
time,0,pages,boundary_4,cross_page_submit_subset,5000,148,193,350,7129,0,0
time,0,pages,jump_4,price_query,20000,52,197,498,49075,0,0
time,0,pages,jump_4,near_range8,20000,104,258,547,58047,0,0
time,0,pages,jump_4,index_submit,20000,151,287,446,56312,0,0
time,0,pages,jump_4,index_ack,20000,131,282,487,47552,0,0
time,0,pages,jump_4,cross_page_submit_subset,3746,169,324,597,1106,0,0
time,0,pages,jump_4,page_creation_subset,1248,250,423,653,1106,0,0
time,0,pages,jump_4,jump_submit_subset,2496,192,348,623,1106,0,0
time,0,pages,rolling_32,price_query,20000,41,174,420,5779,0,0
time,0,pages,rolling_32,near_range8,20000,95,271,555,37639,0,0
time,0,pages,rolling_32,index_submit,20000,112,205,413,78498,0,0
time,0,pages,rolling_32,index_ack,20000,92,189,336,35127,0,0
time,0,pages,rolling_32,cross_page_submit_subset,305,126,570,675,732,0,0
time,0,pages,rolling_32,page_creation_subset,10,545,675,675,732,0,0
time,0,pages,outliers_32,price_query,20000,37,42,57,17436,0,0
time,0,pages,outliers_32,near_range8,20000,74,162,270,27391,0,0
time,0,pages,outliers_32,index_submit,20000,82,116,239,78876,0,0
time,0,pages,outliers_32,index_ack,20000,67,106,215,17229,0,0
time,0,pages,outliers_32,cross_page_submit_subset,305,91,289,370,379,0,0
time,0,pages,outliers_32,page_creation_subset,10,286,370,370,379,0,0
time,0,pages,outliers_32,far_query,20000,37,40,61,3602,0,0
time,0,pages,boundary_32,price_query,20000,37,57,115,3657,0,0
time,0,pages,boundary_32,near_range8,20000,78,181,334,22549,0,0
time,0,pages,boundary_32,index_submit,20000,79,151,236,23300,0,0
time,0,pages,boundary_32,index_ack,20000,82,151,255,6258,0,0
time,0,pages,boundary_32,cross_page_submit_subset,625,85,138,156,162,0,0
time,0,pages,jump_32,price_query,20000,37,42,58,29609,0,0
time,0,pages,jump_32,near_range8,20000,74,130,254,17129,0,0
time,0,pages,jump_32,index_submit,20000,81,130,228,26501,0,0
time,0,pages,jump_32,index_ack,20000,68,130,262,16785,0,0
time,0,pages,jump_32,cross_page_submit_subset,2652,90,184,261,26501,0,0
time,0,pages,jump_32,page_creation_subset,156,157,255,261,285,0,0
time,0,pages,jump_32,jump_submit_subset,2496,90,187,261,26501,0,0
time,0,pages,rolling_128,price_query,20000,37,48,62,17913,0,0
time,0,pages,rolling_128,near_range8,20000,75,130,295,15277,0,0
time,0,pages,rolling_128,index_submit,20000,81,125,185,29948,0,0
time,0,pages,rolling_128,index_ack,20000,71,108,218,82216,0,0
time,0,pages,rolling_128,cross_page_submit_subset,312,91,152,267,329,0,0
time,0,pages,rolling_128,page_creation_subset,3,267,267,267,329,0,0
time,0,pages,outliers_128,price_query,20000,38,58,167,3705,0,0
time,0,pages,outliers_128,near_range8,20000,75,161,280,22509,0,0
time,0,pages,outliers_128,index_submit,20000,84,160,346,34015,0,0
time,0,pages,outliers_128,index_ack,20000,71,125,226,31184,0,0
time,0,pages,outliers_128,cross_page_submit_subset,312,95,206,378,389,0,0
time,0,pages,outliers_128,page_creation_subset,3,346,346,346,389,0,0
time,0,pages,outliers_128,far_query,20000,38,59,171,20067,0,0
time,0,pages,boundary_128,price_query,20000,37,57,102,24390,0,0
time,0,pages,boundary_128,near_range8,20000,79,175,398,23904,0,0
time,0,pages,boundary_128,index_submit,20000,82,159,301,36674,0,0
time,0,pages,boundary_128,index_ack,20000,83,152,286,22331,0,0
time,0,pages,boundary_128,cross_page_submit_subset,313,94,156,163,178,0,0
time,0,pages,jump_128,price_query,20000,37,48,68,4178,0,0
time,0,pages,jump_128,near_range8,20000,75,139,282,18705,0,0
time,0,pages,jump_128,index_submit,20000,82,142,283,26145,0,0
time,0,pages,jump_128,index_ack,20000,71,126,245,47694,0,0
time,0,pages,jump_128,cross_page_submit_subset,2704,93,206,380,21197,0,0
time,0,pages,jump_128,page_creation_subset,77,180,380,380,415,0,0
time,0,pages,jump_128,jump_submit_subset,2432,93,203,334,1597,0,0
time,0,pages,4096books_4near_2far,price_query,20000,420,1376,5179,122066,0,0
time,0,pages,new_book_growth,index_insert,20000,391,37850,52872,1587625,0,0
time,0,pages,new_book_growth,page_block_growth_subset,313,38682,170339,729990,1587625,0,0
time,0,pages,engine_cancel_rehang_4near,cancel_to_command,20000,1139,2909,35526,1144095,0,0
time,0,pages,engine_cancel_rehang_4near,new_to_command,20000,1508,8259,34435,491350,0,0
time,0,pages,engine_cancel_rehang_4near,accepted_report,20000,1038,4718,30558,134628,0,0
time,0,pages,engine_cancel_rehang_4near,canceled_report,20000,1064,4830,30332,141682,0,0
time,0,pages,engine_rolling_4_2far,price_query,20000,66,117,226,29689,0,0
time,0,pages,engine_rolling_4_2far,intent_to_command,20000,1730,5138,49750,217035,0,0
time,0,pages,engine_rolling_4_2far,intent_queued,20000,845,3951,31677,288880,0,0
time,0,pages,engine_rolling_4_2far,replace_report,20000,1253,5228,39735,255364,0,0
time,0,pages,engine_rolling_4_2far,ready_to_command,20000,1446,4802,47320,307303,0,0
time,0,pages,engine_jump_4_2far,price_query,20000,44,114,169,20890,0,0
time,0,pages,engine_jump_4_2far,intent_to_command,20000,1272,4767,30128,101644,0,0
time,0,pages,engine_jump_4_2far,intent_queued,20000,722,3560,24802,69888,0,0
time,0,pages,engine_jump_4_2far,replace_report,20000,1084,5278,27355,91883,0,0
time,0,pages,engine_jump_4_2far,ready_to_command,20000,963,4356,29122,469219,0,0
time,0,pages,engine_jump_4_2far,jump_intent_subset,2496,1273,3359,29762,42263,0,0
time,0,pages,engine_rolling_32_2far,price_query,20000,51,86,131,30667,0,0
time,0,pages,engine_rolling_32_2far,intent_to_command,20000,1021,3249,19554,50109,0,0
time,0,pages,engine_rolling_32_2far,intent_queued,20000,526,2658,6657,32003,0,0
time,0,pages,engine_rolling_32_2far,replace_report,20000,730,4248,19802,44719,0,0
time,0,pages,engine_rolling_32_2far,ready_to_command,20000,880,2886,20434,55831,0,0
time,0,pages,engine_jump_32_2far,price_query,20000,42,84,143,34691,0,0
time,0,pages,engine_jump_32_2far,intent_to_command,20000,1032,3248,20613,32634,0,0
time,0,pages,engine_jump_32_2far,intent_queued,20000,532,2593,8946,41954,0,0
time,0,pages,engine_jump_32_2far,replace_report,20000,752,4143,20090,72849,0,0
time,0,pages,engine_jump_32_2far,ready_to_command,20000,884,2916,21707,52622,0,0
time,0,pages,engine_jump_32_2far,jump_intent_subset,2496,1035,2626,27131,32634,0,0
time,0,adaptive,rolling_4,price_query,20000,36,52,93,2892,0,0
time,0,adaptive,rolling_4,near_range8,20000,48,164,390,20808,0,0
time,0,adaptive,rolling_4,index_submit,20000,80,118,178,21771,0,0
time,0,adaptive,rolling_4,index_ack,20000,75,124,232,52373,0,0
time,0,adaptive,rolling_4,cross_page_submit_subset,314,80,132,167,267,0,0
time,0,adaptive,outliers_4,price_query,20000,36,70,150,30061,0,0
time,0,adaptive,outliers_4,near_range8,20000,50,163,345,46416,0,0
time,0,adaptive,outliers_4,index_submit,20000,81,179,335,55861,0,0
time,0,adaptive,outliers_4,index_ack,20000,85,178,327,627268,0,0
time,0,adaptive,outliers_4,cross_page_submit_subset,314,80,177,222,289,0,0
time,0,adaptive,outliers_4,far_query,20000,36,68,157,18837,0,0
time,0,adaptive,boundary_4,price_query,20000,36,81,190,6829,0,0
time,0,adaptive,boundary_4,near_range8,20000,50,193,469,38964,0,0
time,0,adaptive,boundary_4,index_submit,20000,83,180,354,94109,0,0
time,0,adaptive,boundary_4,index_ack,20000,86,212,487,93639,0,0
time,0,adaptive,boundary_4,cross_page_submit_subset,5000,81,164,270,4813,0,0
time,0,adaptive,jump_4,price_query,20000,36,82,180,545,0,0
time,0,adaptive,jump_4,near_range8,20000,48,189,446,38289,0,0
time,0,adaptive,jump_4,index_submit,20000,80,171,268,22574,0,0
time,0,adaptive,jump_4,index_ack,20000,79,190,291,46690,0,0
time,0,adaptive,jump_4,cross_page_submit_subset,3746,89,189,311,5789,0,0
time,0,adaptive,jump_4,jump_submit_subset,2496,95,196,311,4622,0,0
time,0,adaptive,rolling_32,price_query,20000,51,79,202,134284,0,0
time,0,adaptive,rolling_32,near_range8,20000,68,195,396,172433,0,0
time,0,adaptive,rolling_32,index_submit,20000,91,164,315,59968,0,0
time,0,adaptive,rolling_32,index_ack,20000,69,147,310,245126,0,0
time,0,adaptive,rolling_32,cross_page_submit_subset,305,91,152,173,305,0,0
time,0,adaptive,outliers_32,price_query,20000,53,157,452,113068,0,0
time,0,adaptive,outliers_32,near_range8,20000,71,250,565,51858,0,0
time,0,adaptive,outliers_32,index_submit,20000,96,234,1023,35934,0,0
time,0,adaptive,outliers_32,index_ack,20000,71,230,642,107068,0,0
time,0,adaptive,outliers_32,cross_page_submit_subset,305,102,176,216,276,0,0
time,0,adaptive,outliers_32,far_query,20000,54,171,326,20858,0,0
time,0,adaptive,boundary_32,price_query,20000,52,77,189,23339,0,0
time,0,adaptive,boundary_32,near_range8,20000,69,190,379,199215,0,0
time,0,adaptive,boundary_32,index_submit,20000,92,169,300,53750,0,0
time,0,adaptive,boundary_32,index_ack,20000,104,189,364,84486,0,0
time,0,adaptive,boundary_32,cross_page_submit_subset,625,98,170,198,215,0,0
time,0,adaptive,jump_32,price_query,20000,51,72,146,17294,0,0
time,0,adaptive,jump_32,near_range8,20000,68,180,364,23104,0,0
time,0,adaptive,jump_32,index_submit,20000,90,170,326,29776,0,0
time,0,adaptive,jump_32,index_ack,20000,67,199,310,46087,0,0
time,0,adaptive,jump_32,cross_page_submit_subset,2652,109,202,337,11383,0,0
time,0,adaptive,jump_32,jump_submit_subset,2496,110,203,337,11383,0,0
time,0,adaptive,rolling_128,price_query,20000,56,81,181,18276,0,0
time,0,adaptive,rolling_128,near_range8,20000,74,190,988,50409,0,0
time,0,adaptive,rolling_128,index_submit,20000,98,178,323,22815,0,0
time,0,adaptive,rolling_128,index_ack,20000,73,144,280,16078,0,0
time,0,adaptive,rolling_128,cross_page_submit_subset,312,98,163,176,271,0,0
time,0,adaptive,outliers_128,price_query,20000,59,134,250,29273,0,0
time,0,adaptive,outliers_128,near_range8,20000,76,225,529,39122,0,0
time,0,adaptive,outliers_128,index_submit,20000,101,232,674,80525,0,0
time,0,adaptive,outliers_128,index_ack,20000,72,189,293,38022,0,0
time,0,adaptive,outliers_128,cross_page_submit_subset,312,103,214,277,504,0,0
time,0,adaptive,outliers_128,far_query,20000,57,147,339,30934,0,0
time,0,adaptive,boundary_128,price_query,20000,58,81,186,41594,0,0
time,0,adaptive,boundary_128,near_range8,20000,75,190,448,48837,0,0
time,0,adaptive,boundary_128,index_submit,20000,98,170,302,158211,0,0
time,0,adaptive,boundary_128,index_ack,20000,109,188,309,19558,0,0
time,0,adaptive,boundary_128,cross_page_submit_subset,313,109,187,214,222,0,0
time,0,adaptive,jump_128,price_query,20000,57,87,223,35301,0,0
time,0,adaptive,jump_128,near_range8,20000,74,190,464,57245,0,0
time,0,adaptive,jump_128,index_submit,20000,98,203,346,23490,0,0
time,0,adaptive,jump_128,index_ack,20000,73,263,497,32318,0,0
time,0,adaptive,jump_128,cross_page_submit_subset,2704,121,255,1017,17465,0,0
time,0,adaptive,jump_128,jump_submit_subset,2432,123,257,454,17465,0,0
time,0,adaptive,4096books_4near_2far,price_query,20000,310,1187,3807,2454249,0,0
time,0,adaptive,new_book_growth,index_insert,20000,277,3412,16593,1578329,0,0
time,0,adaptive,engine_cancel_rehang_4near,cancel_to_command,20000,1015,2610,29054,1134625,0,0
time,0,adaptive,engine_cancel_rehang_4near,new_to_command,20000,1261,8638,35581,353911,0,0
time,0,adaptive,engine_cancel_rehang_4near,accepted_report,20000,847,4618,29865,219510,0,0
time,0,adaptive,engine_cancel_rehang_4near,canceled_report,20000,849,4527,20760,78387,0,0
time,0,adaptive,engine_rolling_4_2far,price_query,20000,52,101,162,68358,0,0
time,0,adaptive,engine_rolling_4_2far,intent_to_command,20000,1057,3396,21797,205528,0,0
time,0,adaptive,engine_rolling_4_2far,intent_queued,20000,557,2801,20944,96301,0,0
time,0,adaptive,engine_rolling_4_2far,replace_report,20000,826,4527,22215,90764,0,0
time,0,adaptive,engine_rolling_4_2far,ready_to_command,20000,893,2962,24665,94134,0,0
time,0,adaptive,engine_jump_4_2far,price_query,20000,41,128,256,27674,0,0
time,0,adaptive,engine_jump_4_2far,intent_to_command,20000,1290,4652,35153,132819,0,0
time,0,adaptive,engine_jump_4_2far,intent_queued,20000,710,3549,26248,156806,0,0
time,0,adaptive,engine_jump_4_2far,replace_report,20000,1092,4894,32088,167619,0,0
time,0,adaptive,engine_jump_4_2far,ready_to_command,20000,966,4214,29251,146342,0,0
time,0,adaptive,engine_jump_4_2far,jump_intent_subset,2496,1246,2786,4424,36785,0,0
time,0,adaptive,engine_rolling_32_2far,price_query,20000,67,145,319,64939,0,0
time,0,adaptive,engine_rolling_32_2far,intent_to_command,20000,1112,4301,29279,986921,0,0
time,0,adaptive,engine_rolling_32_2far,intent_queued,20000,593,3254,27822,207810,0,0
time,0,adaptive,engine_rolling_32_2far,replace_report,20000,878,5338,30464,361981,0,0
time,0,adaptive,engine_rolling_32_2far,ready_to_command,20000,899,3460,26758,558207,0,0
time,0,adaptive,engine_jump_32_2far,price_query,20000,57,167,358,32479,0,0
time,0,adaptive,engine_jump_32_2far,intent_to_command,20000,1164,5018,77667,536532,0,0
time,0,adaptive,engine_jump_32_2far,intent_queued,20000,649,3507,29100,115627,0,0
time,0,adaptive,engine_jump_32_2far,replace_report,20000,954,5819,52774,172302,0,0
time,0,adaptive,engine_jump_32_2far,ready_to_command,20000,920,4137,60316,751087,0,0
time,0,adaptive,engine_jump_32_2far,jump_intent_subset,2496,1167,4090,32955,45399,0,0
time,0,window,rolling_4,price_query,20000,49,170,425,5605,0,0
time,0,window,rolling_4,near_range8,20000,82,221,476,51306,0,0
time,0,window,rolling_4,index_submit,20000,131,220,405,28577,0,0
time,0,window,rolling_4,index_ack,20000,115,203,358,27671,0,0
time,0,window,rolling_4,cross_page_submit_subset,314,130,225,247,314,0,0
time,0,window,outliers_4,price_query,20000,38,118,226,22114,0,0
time,0,window,outliers_4,near_range8,20000,52,191,508,90178,0,0
time,0,window,outliers_4,index_submit,20000,100,234,308,64679,0,0
time,0,window,outliers_4,index_ack,20000,88,218,350,25703,0,0
time,0,window,outliers_4,cross_page_submit_subset,314,98,238,252,258,0,0
time,0,window,outliers_4,far_query,20000,37,86,208,911,0,0
time,0,window,boundary_4,price_query,20000,37,61,121,58877,0,0
time,0,window,boundary_4,near_range8,20000,51,150,265,989,0,0
time,0,window,boundary_4,index_submit,20000,84,157,236,94511,0,0
time,0,window,boundary_4,index_ack,20000,88,175,300,55365,0,0
time,0,window,boundary_4,cross_page_submit_subset,5000,82,148,263,94511,0,0
time,0,window,jump_4,price_query,20000,37,53,88,27728,0,0
time,0,window,jump_4,near_range8,20000,48,108,218,26905,0,0
time,0,window,jump_4,index_submit,20000,85,134,217,24727,0,0
time,0,window,jump_4,index_ack,20000,75,134,254,23904,0,0
time,0,window,jump_4,cross_page_submit_subset,3746,89,141,226,18018,0,0
time,0,window,jump_4,jump_submit_subset,2496,93,145,230,18018,0,0
time,0,window,rolling_32,price_query,20000,31,57,184,686,0,0
time,0,window,rolling_32,near_range8,20000,72,188,441,27718,0,0
time,0,window,rolling_32,index_submit,20000,74,152,347,125714,0,0
time,0,window,rolling_32,index_ack,20000,68,145,247,21127,0,0
time,0,window,rolling_32,cross_page_submit_subset,305,73,139,154,165,0,0
time,0,window,outliers_32,price_query,20000,31,54,164,34086,0,0
time,0,window,outliers_32,near_range8,20000,75,194,300,23412,0,0
time,0,window,outliers_32,index_submit,20000,74,155,274,23732,0,0
time,0,window,outliers_32,index_ack,20000,67,140,258,21461,0,0
time,0,window,outliers_32,cross_page_submit_subset,305,74,141,156,199,0,0
time,0,window,outliers_32,far_query,20000,36,62,176,40605,0,0
time,0,window,boundary_32,price_query,20000,31,54,112,18436,0,0
time,0,window,boundary_32,near_range8,20000,72,188,425,24273,0,0
time,0,window,boundary_32,index_submit,20000,76,150,259,29959,0,0
time,0,window,boundary_32,index_ack,20000,79,166,285,51918,0,0
time,0,window,boundary_32,cross_page_submit_subset,625,82,152,185,195,0,0
time,0,window,jump_32,price_query,20000,32,64,161,1320,0,0
time,0,window,jump_32,near_range8,20000,73,200,434,23450,0,0
time,0,window,jump_32,index_submit,20000,76,177,1143,32304,0,0
time,0,window,jump_32,index_ack,20000,68,171,277,35508,0,0
time,0,window,jump_32,cross_page_submit_subset,2652,96,194,355,1079,0,0
time,0,window,jump_32,jump_submit_subset,2496,97,196,355,1079,0,0
time,0,window,rolling_128,price_query,20000,31,62,118,935,0,0
time,0,window,rolling_128,near_range8,20000,77,191,350,56653,0,0
time,0,window,rolling_128,index_submit,20000,76,156,579,32279,0,0
time,0,window,rolling_128,index_ack,20000,73,135,265,1030,0,0
time,0,window,rolling_128,cross_page_submit_subset,312,77,178,270,317,0,0
time,0,window,outliers_128,price_query,20000,32,113,233,22927,0,0
time,0,window,outliers_128,near_range8,20000,80,239,586,53873,0,0
time,0,window,outliers_128,index_submit,20000,78,176,1008,65415,0,0
time,0,window,outliers_128,index_ack,20000,73,149,342,6002,0,0
time,0,window,outliers_128,cross_page_submit_subset,312,80,181,1050,38692,0,0
time,0,window,outliers_128,far_query,20000,49,121,293,319002,0,0
time,0,window,boundary_128,price_query,20000,32,57,109,17130,0,0
time,0,window,boundary_128,near_range8,20000,90,186,464,247763,0,0
time,0,window,boundary_128,index_submit,20000,76,180,2803,356568,0,0
time,0,window,boundary_128,index_ack,20000,77,144,277,33210,0,0
time,0,window,boundary_128,cross_page_submit_subset,313,79,133,146,179,0,0
time,0,window,jump_128,price_query,20000,52,79,178,4170,0,0
time,0,window,jump_128,near_range8,20000,80,200,339,22522,0,0
time,0,window,jump_128,index_submit,20000,96,194,4218,447999,0,0
time,0,window,jump_128,index_ack,20000,72,237,410,34162,0,0
time,0,window,jump_128,cross_page_submit_subset,2704,120,290,2092,23473,0,0
time,0,window,jump_128,jump_submit_subset,2432,121,305,2092,23473,0,0
time,0,window,4096books_4near_2far,price_query,20000,275,978,1816,66644,0,0
time,0,window,new_book_growth,index_insert,20000,295,3787,16725,1750955,0,0
time,0,window,engine_cancel_rehang_4near,cancel_to_command,20000,1798,2610,43899,1736457,0,0
time,0,window,engine_cancel_rehang_4near,new_to_command,20000,2109,15010,51854,445430,0,0
time,0,window,engine_cancel_rehang_4near,accepted_report,20000,1442,5853,42207,149232,0,0
time,0,window,engine_cancel_rehang_4near,canceled_report,20000,1446,5910,42638,2123831,0,0
time,0,window,engine_rolling_4_2far,price_query,20000,56,93,184,19214,0,0
time,0,window,engine_rolling_4_2far,intent_to_command,20000,1036,3198,21359,66483,0,0
time,0,window,engine_rolling_4_2far,intent_queued,20000,541,2654,18278,54011,0,0
time,0,window,engine_rolling_4_2far,replace_report,20000,804,4137,21779,56933,0,0
time,0,window,engine_rolling_4_2far,ready_to_command,20000,888,2893,20251,62754,0,0
time,0,window,engine_jump_4_2far,price_query,20000,42,128,330,42054,0,0
time,0,window,engine_jump_4_2far,intent_to_command,20000,1118,4170,28453,559635,0,0
time,0,window,engine_jump_4_2far,intent_queued,20000,616,3171,24352,398860,0,0
time,0,window,engine_jump_4_2far,replace_report,20000,927,4923,29557,582905,0,0
time,0,window,engine_jump_4_2far,ready_to_command,20000,903,3782,28457,777564,0,0
time,0,window,engine_jump_4_2far,jump_intent_subset,2496,1105,3390,31001,330764,0,0
time,0,window,engine_rolling_32_2far,price_query,20000,50,130,378,405312,0,0
time,0,window,engine_rolling_32_2far,intent_to_command,20000,1124,4960,33145,141035,0,0
time,0,window,engine_rolling_32_2far,intent_queued,20000,622,3727,24958,310477,0,0
time,0,window,engine_rolling_32_2far,replace_report,20000,895,5679,34004,350577,0,0
time,0,window,engine_rolling_32_2far,ready_to_command,20000,892,4348,36820,1638594,0,0
time,0,window,engine_jump_32_2far,price_query,20000,48,128,290,43038,0,0
time,0,window,engine_jump_32_2far,intent_to_command,20000,1641,5270,36552,79142,0,0
time,0,window,engine_jump_32_2far,intent_queued,20000,806,3791,19432,44633,0,0
time,0,window,engine_jump_32_2far,replace_report,20000,1188,5446,34562,338843,0,0
time,0,window,engine_jump_32_2far,ready_to_command,20000,1306,4712,36537,83488,0,0
time,0,window,engine_jump_32_2far,jump_intent_subset,2496,1560,3030,28403,64053,0,0
time,1,pages,rolling_4,price_query,20000,37,41,57,34607,0,0
time,1,pages,rolling_4,near_range8,20000,62,173,455,61321,0,0
time,1,pages,rolling_4,index_submit,20000,86,120,249,21956,0,0
time,1,pages,rolling_4,index_ack,20000,75,114,225,19395,0,0
time,1,pages,rolling_4,cross_page_submit_subset,314,87,236,253,274,0,0
time,1,pages,rolling_4,page_creation_subset,78,153,253,253,274,0,0
time,1,pages,outliers_4,price_query,20000,37,52,99,20423,0,0
time,1,pages,outliers_4,near_range8,20000,62,173,293,3859,0,0
time,1,pages,outliers_4,index_submit,20000,85,156,266,20723,0,0
time,1,pages,outliers_4,index_ack,20000,77,144,244,22934,0,0
time,1,pages,outliers_4,cross_page_submit_subset,314,93,274,288,544,0,0
time,1,pages,outliers_4,page_creation_subset,78,166,288,288,544,0,0
time,1,pages,outliers_4,far_query,20000,37,50,91,17668,0,0
time,1,pages,boundary_4,price_query,20000,37,41,63,3830,0,0
time,1,pages,boundary_4,near_range8,20000,66,177,413,20922,0,0
time,1,pages,boundary_4,index_submit,20000,84,108,181,43960,0,0
time,1,pages,boundary_4,index_ack,20000,87,130,239,3081,0,0
time,1,pages,boundary_4,cross_page_submit_subset,5000,84,104,158,18054,0,0
time,1,pages,jump_4,price_query,20000,37,59,183,3790,0,0
time,1,pages,jump_4,near_range8,20000,63,197,476,160325,0,0
time,1,pages,jump_4,index_submit,20000,88,206,393,44736,0,0
time,1,pages,jump_4,index_ack,20000,74,207,484,42186,0,0
time,1,pages,jump_4,cross_page_submit_subset,3746,91,287,445,993,0,0
time,1,pages,jump_4,page_creation_subset,1248,146,325,487,966,0,0
time,1,pages,jump_4,jump_submit_subset,2496,128,300,445,966,0,0
time,1,pages,rolling_32,price_query,20000,37,57,156,24571,0,0
time,1,pages,rolling_32,near_range8,20000,74,201,427,96003,0,0
time,1,pages,rolling_32,index_submit,20000,82,165,296,26103,0,0
time,1,pages,rolling_32,index_ack,20000,69,140,334,154728,0,0
time,1,pages,rolling_32,cross_page_submit_subset,305,90,252,638,806,0,0
time,1,pages,rolling_32,page_creation_subset,10,251,638,638,806,0,0
time,1,pages,outliers_32,price_query,20000,38,70,206,924,0,0
time,1,pages,outliers_32,near_range8,20000,75,226,543,72775,0,0
time,1,pages,outliers_32,index_submit,20000,82,182,631,104723,0,0
time,1,pages,outliers_32,index_ack,20000,68,156,334,306377,0,0
time,1,pages,outliers_32,cross_page_submit_subset,305,92,610,960,1322,0,0
time,1,pages,outliers_32,page_creation_subset,10,568,960,960,1322,0,0
time,1,pages,outliers_32,far_query,20000,37,69,207,737747,0,0
time,1,pages,boundary_32,price_query,20000,37,78,201,221291,0,0
time,1,pages,boundary_32,near_range8,20000,79,258,512,76327,0,0
time,1,pages,boundary_32,index_submit,20000,79,188,475,386606,0,0
time,1,pages,boundary_32,index_ack,20000,83,198,379,46191,0,0
time,1,pages,boundary_32,cross_page_submit_subset,625,86,199,237,253,0,0
time,1,pages,jump_32,price_query,20000,46,174,899,36162,0,0
time,1,pages,jump_32,near_range8,20000,116,276,1025,91630,0,0
time,1,pages,jump_32,index_submit,20000,132,239,1049,77999,0,0
time,1,pages,jump_32,index_ack,20000,106,261,1017,28942,0,0
time,1,pages,jump_32,cross_page_submit_subset,2652,150,349,1065,15094,0,0
time,1,pages,jump_32,page_creation_subset,156,261,572,2051,15094,0,0
time,1,pages,jump_32,jump_submit_subset,2496,151,351,1053,15094,0,0
time,1,pages,rolling_128,price_query,20000,37,57,119,27269,0,0
time,1,pages,rolling_128,near_range8,20000,75,216,395,20876,0,0
time,1,pages,rolling_128,index_submit,20000,82,155,280,33681,0,0
time,1,pages,rolling_128,index_ack,20000,72,119,245,40886,0,0
time,1,pages,rolling_128,cross_page_submit_subset,312,93,215,655,20745,0,0
time,1,pages,rolling_128,page_creation_subset,3,556,556,556,655,0,0
time,1,pages,outliers_128,price_query,20000,38,48,63,18950,0,0
time,1,pages,outliers_128,near_range8,20000,75,151,265,27307,0,0
time,1,pages,outliers_128,index_submit,20000,83,116,218,108873,0,0
time,1,pages,outliers_128,index_ack,20000,71,111,212,33433,0,0
time,1,pages,outliers_128,cross_page_submit_subset,312,95,132,364,634,0,0
time,1,pages,outliers_128,page_creation_subset,3,364,364,364,634,0,0
time,1,pages,outliers_128,far_query,20000,38,44,62,23782,0,0
time,1,pages,boundary_128,price_query,20000,37,53,70,17283,0,0
time,1,pages,boundary_128,near_range8,20000,79,176,364,40468,0,0
time,1,pages,boundary_128,index_submit,20000,82,144,256,23074,0,0
time,1,pages,boundary_128,index_ack,20000,82,140,299,45001,0,0
time,1,pages,boundary_128,cross_page_submit_subset,313,92,135,201,288,0,0
time,1,pages,jump_128,price_query,20000,37,50,104,21429,0,0
time,1,pages,jump_128,near_range8,20000,75,169,370,42591,0,0
time,1,pages,jump_128,index_submit,20000,82,143,293,22868,0,0
time,1,pages,jump_128,index_ack,20000,72,136,253,35535,0,0
time,1,pages,jump_128,cross_page_submit_subset,2704,93,221,474,3836,0,0
time,1,pages,jump_128,page_creation_subset,77,193,474,474,496,0,0
time,1,pages,jump_128,jump_submit_subset,2432,93,216,344,3836,0,0
time,1,pages,4096books_4near_2far,price_query,20000,638,1606,9859,140047,0,0
time,1,pages,new_book_growth,index_insert,20000,626,53773,97450,2824638,0,0
time,1,pages,new_book_growth,page_block_growth_subset,313,55596,310003,1230306,2824638,0,0
time,1,pages,engine_cancel_rehang_4near,cancel_to_command,20000,1749,4699,42295,1779336,0,0
time,1,pages,engine_cancel_rehang_4near,new_to_command,20000,2211,12843,54091,667290,0,0
time,1,pages,engine_cancel_rehang_4near,accepted_report,20000,1483,8195,38924,270946,0,0
time,1,pages,engine_cancel_rehang_4near,canceled_report,20000,1529,8235,38934,114740,0,0
time,1,pages,engine_rolling_4_2far,price_query,20000,63,304,691,65284,0,0
time,1,pages,engine_rolling_4_2far,intent_to_command,20000,1672,7304,41976,115372,0,0
time,1,pages,engine_rolling_4_2far,intent_queued,20000,860,5062,29969,172385,0,0
time,1,pages,engine_rolling_4_2far,replace_report,20000,1300,9505,37431,105280,0,0
time,1,pages,engine_rolling_4_2far,ready_to_command,20000,1354,5278,33815,75555,0,0
time,1,pages,engine_jump_4_2far,price_query,20000,44,130,494,27247,0,0
time,1,pages,engine_jump_4_2far,intent_to_command,20000,1290,4970,32534,454548,0,0
time,1,pages,engine_jump_4_2far,intent_queued,20000,719,3717,27661,164319,0,0
time,1,pages,engine_jump_4_2far,replace_report,20000,1096,5068,39709,743566,0,0
time,1,pages,engine_jump_4_2far,ready_to_command,20000,968,4511,28351,291497,0,0
time,1,pages,engine_jump_4_2far,jump_intent_subset,2496,1274,3088,9932,97136,0,0
time,1,pages,engine_rolling_32_2far,price_query,20000,52,102,213,25238,0,0
time,1,pages,engine_rolling_32_2far,intent_to_command,20000,1061,3532,27854,76211,0,0
time,1,pages,engine_rolling_32_2far,intent_queued,20000,559,2777,10626,73531,0,0
time,1,pages,engine_rolling_32_2far,replace_report,20000,832,4362,24367,154317,0,0
time,1,pages,engine_rolling_32_2far,ready_to_command,20000,884,2978,26937,160670,0,0
time,1,pages,engine_jump_32_2far,price_query,20000,51,127,368,12236,0,0
time,1,pages,engine_jump_32_2far,intent_to_command,20000,1428,4598,36031,1058984,0,0
time,1,pages,engine_jump_32_2far,intent_queued,20000,736,3604,25710,110441,0,0
time,1,pages,engine_jump_32_2far,replace_report,20000,1120,4809,36080,702379,0,0
time,1,pages,engine_jump_32_2far,ready_to_command,20000,1135,4040,29898,72248,0,0
time,1,pages,engine_jump_32_2far,jump_intent_subset,2496,1439,3143,23864,47512,0,0
time,1,adaptive,rolling_4,price_query,20000,36,54,83,780,0,0
time,1,adaptive,rolling_4,near_range8,20000,48,172,388,33166,0,0
time,1,adaptive,rolling_4,index_submit,20000,79,124,212,17645,0,0
time,1,adaptive,rolling_4,index_ack,20000,74,123,271,62154,0,0
time,1,adaptive,rolling_4,cross_page_submit_subset,314,80,120,158,212,0,0
time,1,adaptive,outliers_4,price_query,20000,36,53,170,4504,0,0
time,1,adaptive,outliers_4,near_range8,20000,50,149,248,73127,0,0
time,1,adaptive,outliers_4,index_submit,20000,80,130,198,18869,0,0
time,1,adaptive,outliers_4,index_ack,20000,76,127,240,43620,0,0
time,1,adaptive,outliers_4,cross_page_submit_subset,314,80,116,148,224,0,0
time,1,adaptive,outliers_4,far_query,20000,36,54,120,17236,0,0
time,1,adaptive,boundary_4,price_query,20000,36,64,200,3074,0,0
time,1,adaptive,boundary_4,near_range8,20000,49,181,377,6572,0,0
time,1,adaptive,boundary_4,index_submit,20000,82,152,290,93526,0,0
time,1,adaptive,boundary_4,index_ack,20000,85,180,314,178900,0,0
time,1,adaptive,boundary_4,cross_page_submit_subset,5000,81,145,276,22820,0,0
time,1,adaptive,jump_4,price_query,20000,36,67,178,37456,0,0
time,1,adaptive,jump_4,near_range8,20000,48,174,306,4727,0,0
time,1,adaptive,jump_4,index_submit,20000,82,165,263,5314,0,0
time,1,adaptive,jump_4,index_ack,20000,78,181,376,34344,0,0
time,1,adaptive,jump_4,cross_page_submit_subset,3746,91,181,248,998,0,0
time,1,adaptive,jump_4,jump_submit_subset,2496,98,188,250,998,0,0
time,1,adaptive,rolling_32,price_query,20000,51,65,113,4965,0,0
time,1,adaptive,rolling_32,near_range8,20000,68,165,299,1176,0,0
time,1,adaptive,rolling_32,index_submit,20000,89,146,223,31892,0,0
time,1,adaptive,rolling_32,index_ack,20000,66,122,245,19741,0,0
time,1,adaptive,rolling_32,cross_page_submit_subset,305,89,149,173,18286,0,0
time,1,adaptive,outliers_32,price_query,20000,52,68,116,4356,0,0
time,1,adaptive,outliers_32,near_range8,20000,70,154,259,31176,0,0
time,1,adaptive,outliers_32,index_submit,20000,93,155,242,21298,0,0
time,1,adaptive,outliers_32,index_ack,20000,68,129,232,353,0,0
time,1,adaptive,outliers_32,cross_page_submit_subset,305,95,172,193,255,0,0
time,1,adaptive,outliers_32,far_query,20000,52,72,107,56811,0,0
time,1,adaptive,boundary_32,price_query,20000,52,73,176,24463,0,0
time,1,adaptive,boundary_32,near_range8,20000,69,197,444,68319,0,0
time,1,adaptive,boundary_32,index_submit,20000,91,164,282,26850,0,0
time,1,adaptive,boundary_32,index_ack,20000,102,187,282,16330,0,0
time,1,adaptive,boundary_32,cross_page_submit_subset,625,96,165,200,268,0,0
time,1,adaptive,jump_32,price_query,20000,51,103,327,51425,0,0
time,1,adaptive,jump_32,near_range8,20000,69,203,988,21870,0,0
time,1,adaptive,jump_32,index_submit,20000,94,208,650,26522,0,0
time,1,adaptive,jump_32,index_ack,20000,72,239,398,38031,0,0
time,1,adaptive,jump_32,cross_page_submit_subset,2652,116,230,639,1141,0,0
time,1,adaptive,jump_32,jump_submit_subset,2496,116,232,639,1141,0,0
time,1,adaptive,rolling_128,price_query,20000,56,79,146,4126,0,0
time,1,adaptive,rolling_128,near_range8,20000,74,190,478,21770,0,0
time,1,adaptive,rolling_128,index_submit,20000,96,172,348,145049,0,0
time,1,adaptive,rolling_128,index_ack,20000,71,140,279,78728,0,0
time,1,adaptive,rolling_128,cross_page_submit_subset,312,95,160,172,279,0,0
time,1,adaptive,outliers_128,price_query,20000,58,86,187,44839,0,0
time,1,adaptive,outliers_128,near_range8,20000,76,205,461,22016,0,0
time,1,adaptive,outliers_128,index_submit,20000,99,181,401,24867,0,0
time,1,adaptive,outliers_128,index_ack,20000,71,148,335,80051,0,0
time,1,adaptive,outliers_128,cross_page_submit_subset,312,100,176,193,226,0,0
time,1,adaptive,outliers_128,far_query,20000,57,82,213,37464,0,0
time,1,adaptive,boundary_128,price_query,20000,57,77,209,32182,0,0
time,1,adaptive,boundary_128,near_range8,20000,75,193,439,38351,0,0
time,1,adaptive,boundary_128,index_submit,20000,98,168,290,21829,0,0
time,1,adaptive,boundary_128,index_ack,20000,110,189,274,4368,0,0
time,1,adaptive,boundary_128,cross_page_submit_subset,313,106,161,177,272,0,0
time,1,adaptive,jump_128,price_query,20000,57,96,239,24855,0,0
time,1,adaptive,jump_128,near_range8,20000,74,209,425,60681,0,0
time,1,adaptive,jump_128,index_submit,20000,98,198,880,99623,0,0
time,1,adaptive,jump_128,index_ack,20000,73,242,394,6275,0,0
time,1,adaptive,jump_128,cross_page_submit_subset,2704,119,238,1027,6368,0,0
time,1,adaptive,jump_128,jump_submit_subset,2432,121,238,1027,6368,0,0
time,1,adaptive,4096books_4near_2far,price_query,20000,315,980,8030,270894,0,0
time,1,adaptive,new_book_growth,index_insert,20000,455,4500,29271,2281657,0,0
time,1,adaptive,engine_cancel_rehang_4near,cancel_to_command,20000,1605,3796,37321,1209471,0,0
time,1,adaptive,engine_cancel_rehang_4near,new_to_command,20000,1902,10234,44818,274678,0,0
time,1,adaptive,engine_cancel_rehang_4near,accepted_report,20000,1340,6776,37114,128369,0,0
time,1,adaptive,engine_cancel_rehang_4near,canceled_report,20000,1341,6519,32890,1137308,0,0
time,1,adaptive,engine_rolling_4_2far,price_query,20000,52,115,220,25728,0,0
time,1,adaptive,engine_rolling_4_2far,intent_to_command,20000,1079,4253,26480,337044,0,0
time,1,adaptive,engine_rolling_4_2far,intent_queued,20000,576,3287,19134,235880,0,0
time,1,adaptive,engine_rolling_4_2far,replace_report,20000,881,5676,29134,387034,0,0
time,1,adaptive,engine_rolling_4_2far,ready_to_command,20000,899,3114,23454,167342,0,0
time,1,adaptive,engine_jump_4_2far,price_query,20000,42,140,302,36256,0,0
time,1,adaptive,engine_jump_4_2far,intent_to_command,20000,1210,4888,39688,239358,0,0
time,1,adaptive,engine_jump_4_2far,intent_queued,20000,677,3550,20984,208111,0,0
time,1,adaptive,engine_jump_4_2far,replace_report,20000,1024,5164,32921,126463,0,0
time,1,adaptive,engine_jump_4_2far,ready_to_command,20000,945,4158,31156,93409,0,0
time,1,adaptive,engine_jump_4_2far,jump_intent_subset,2496,1203,3535,31472,137144,0,0
time,1,adaptive,engine_rolling_32_2far,price_query,20000,86,160,383,81822,0,0
time,1,adaptive,engine_rolling_32_2far,intent_to_command,20000,1932,5380,36615,824742,0,0
time,1,adaptive,engine_rolling_32_2far,intent_queued,20000,943,3982,29299,70991,0,0
time,1,adaptive,engine_rolling_32_2far,replace_report,20000,1387,5988,34776,421046,0,0
time,1,adaptive,engine_rolling_32_2far,ready_to_command,20000,1586,4690,33425,100988,0,0
time,1,adaptive,engine_jump_32_2far,price_query,20000,84,156,395,43085,0,0
time,1,adaptive,engine_jump_32_2far,intent_to_command,20000,1955,5454,35454,88558,0,0
time,1,adaptive,engine_jump_32_2far,intent_queued,20000,977,4176,30427,114612,0,0
time,1,adaptive,engine_jump_32_2far,replace_report,20000,1458,6542,33696,174137,0,0
time,1,adaptive,engine_jump_32_2far,ready_to_command,20000,1585,4676,34862,325603,0,0
time,1,adaptive,engine_jump_32_2far,jump_intent_subset,2496,1958,4178,31624,36855,0,0
time,1,window,rolling_4,price_query,20000,62,178,474,30742,0,0
time,1,window,rolling_4,near_range8,20000,105,229,570,68824,0,0
time,1,window,rolling_4,index_submit,20000,162,226,378,81643,0,0
time,1,window,rolling_4,index_ack,20000,146,212,362,27841,0,0
time,1,window,rolling_4,cross_page_submit_subset,314,162,235,345,380,0,0
time,1,window,outliers_4,price_query,20000,65,179,399,23918,0,0
time,1,window,outliers_4,near_range8,20000,110,224,551,55549,0,0
time,1,window,outliers_4,index_submit,20000,167,252,443,74533,0,0
time,1,window,outliers_4,index_ack,20000,152,224,377,28373,0,0
time,1,window,outliers_4,cross_page_submit_subset,314,167,243,250,262,0,0
time,1,window,outliers_4,far_query,20000,64,169,375,82982,0,0
time,1,window,boundary_4,price_query,20000,63,189,463,24074,0,0
time,1,window,boundary_4,near_range8,20000,109,222,456,67371,0,0
time,1,window,boundary_4,index_submit,20000,163,204,348,29773,0,0
time,1,window,boundary_4,index_ack,20000,180,231,394,55861,0,0
time,1,window,boundary_4,cross_page_submit_subset,5000,159,190,252,5236,0,0
time,1,window,jump_4,price_query,20000,64,213,538,83371,0,0
time,1,window,jump_4,near_range8,20000,105,231,548,78842,0,0
time,1,window,jump_4,index_submit,20000,165,223,302,51105,0,0
time,1,window,jump_4,index_ack,20000,151,248,363,34088,0,0
time,1,window,jump_4,cross_page_submit_subset,3746,180,233,330,502,0,0
time,1,window,jump_4,jump_submit_subset,2496,191,239,339,502,0,0
time,1,window,rolling_32,price_query,20000,51,166,329,27993,0,0
time,1,window,rolling_32,near_range8,20000,155,252,565,33993,0,0
time,1,window,rolling_32,index_submit,20000,150,186,445,57310,0,0
time,1,window,rolling_32,index_ack,20000,127,185,321,56270,0,0
time,1,window,rolling_32,cross_page_submit_subset,305,150,219,249,367,0,0
time,1,window,outliers_32,price_query,20000,52,172,377,63828,0,0
time,1,window,outliers_32,near_range8,20000,160,277,553,32030,0,0
time,1,window,outliers_32,index_submit,20000,154,191,426,78492,0,0
time,1,window,outliers_32,index_ack,20000,127,193,361,58056,0,0
time,1,window,outliers_32,cross_page_submit_subset,305,153,300,399,426,0,0
time,1,window,outliers_32,far_query,20000,60,180,395,1047,0,0
time,1,window,boundary_32,price_query,20000,51,168,337,84910,0,0
time,1,window,boundary_32,near_range8,20000,155,250,434,79941,0,0
time,1,window,boundary_32,index_submit,20000,150,183,246,70538,0,0
time,1,window,boundary_32,index_ack,20000,141,204,324,70515,0,0
time,1,window,boundary_32,cross_page_submit_subset,625,147,183,204,219,0,0
time,1,window,jump_32,price_query,20000,54,190,458,29559,0,0
time,1,window,jump_32,near_range8,20000,158,266,474,27741,0,0
time,1,window,jump_32,index_submit,20000,155,226,2197,61293,0,0
time,1,window,jump_32,index_ack,20000,130,246,385,54878,0,0
time,1,window,jump_32,cross_page_submit_subset,2652,193,261,950,49878,0,0
time,1,window,jump_32,jump_submit_subset,2496,194,266,950,49878,0,0
time,1,window,rolling_128,price_query,20000,50,201,475,55365,0,0
time,1,window,rolling_128,near_range8,20000,158,321,617,72815,0,0
time,1,window,rolling_128,index_submit,20000,145,259,1023,86991,0,0
time,1,window,rolling_128,index_ack,20000,122,230,490,70092,0,0
time,1,window,rolling_128,cross_page_submit_subset,312,145,265,311,1017,0,0
time,1,window,outliers_128,price_query,20000,35,194,507,47957,0,0
time,1,window,outliers_128,near_range8,20000,103,289,601,58931,0,0
time,1,window,outliers_128,index_submit,20000,102,194,561,36031,0,0
time,1,window,outliers_128,index_ack,20000,92,186,425,151689,0,0
time,1,window,outliers_128,cross_page_submit_subset,312,103,202,403,516,0,0
time,1,window,outliers_128,far_query,20000,50,192,491,114542,0,0
time,1,window,boundary_128,price_query,20000,32,66,180,48207,0,0
time,1,window,boundary_128,near_range8,20000,90,200,435,63103,0,0
time,1,window,boundary_128,index_submit,20000,76,202,2877,38097,0,0
time,1,window,boundary_128,index_ack,20000,77,153,327,212332,0,0
time,1,window,boundary_128,cross_page_submit_subset,313,80,180,237,383,0,0
time,1,window,jump_128,price_query,20000,51,77,191,194598,0,0
time,1,window,jump_128,near_range8,20000,80,218,513,144875,0,0
time,1,window,jump_128,index_submit,20000,97,216,4105,120085,0,0
time,1,window,jump_128,index_ack,20000,74,235,610,208296,0,0
time,1,window,jump_128,cross_page_submit_subset,2704,116,292,852,1494,0,0
time,1,window,jump_128,jump_submit_subset,2432,117,289,852,1494,0,0
time,1,window,4096books_4near_2far,price_query,20000,448,1357,19322,292780,0,0
time,1,window,new_book_growth,index_insert,20000,355,4964,30727,1824207,0,0
time,1,window,engine_cancel_rehang_4near,cancel_to_command,20000,1717,2840,40765,1719269,0,0
time,1,window,engine_cancel_rehang_4near,new_to_command,20000,2050,12948,41555,523072,0,0
time,1,window,engine_cancel_rehang_4near,accepted_report,20000,1400,6513,33873,80783,0,0
time,1,window,engine_cancel_rehang_4near,canceled_report,20000,1416,7573,38064,115000,0,0
time,1,window,engine_rolling_4_2far,price_query,20000,56,137,267,25942,0,0
time,1,window,engine_rolling_4_2far,intent_to_command,20000,1139,4819,32780,203996,0,0
time,1,window,engine_rolling_4_2far,intent_queued,20000,637,3790,26202,175177,0,0
time,1,window,engine_rolling_4_2far,replace_report,20000,978,6283,28056,60907,0,0
time,1,window,engine_rolling_4_2far,ready_to_command,20000,902,3580,25355,65516,0,0
time,1,window,engine_jump_4_2far,price_query,20000,73,172,810,94495,0,0
time,1,window,engine_jump_4_2far,intent_to_command,20000,1862,4959,43378,805045,0,0
time,1,window,engine_jump_4_2far,intent_queued,20000,924,3907,36665,226092,0,0
time,1,window,engine_jump_4_2far,replace_report,20000,1444,5627,40705,187224,0,0
time,1,window,engine_jump_4_2far,ready_to_command,20000,1565,4550,43057,196155,0,0
time,1,window,engine_jump_4_2far,jump_intent_subset,2496,1857,3451,36717,73888,0,0
time,1,window,engine_rolling_32_2far,price_query,20000,50,197,611,58284,0,0
time,1,window,engine_rolling_32_2far,intent_to_command,20000,1351,5391,51455,772329,0,0
time,1,window,engine_rolling_32_2far,intent_queued,20000,762,4068,31972,169690,0,0
time,1,window,engine_rolling_32_2far,replace_report,20000,1122,6529,40791,250051,0,0
time,1,window,engine_rolling_32_2far,ready_to_command,20000,977,4285,36067,271432,0,0
time,1,window,engine_jump_32_2far,price_query,20000,60,130,380,85948,0,0
time,1,window,engine_jump_32_2far,intent_to_command,20000,1971,5960,38736,81564,0,0
time,1,window,engine_jump_32_2far,intent_queued,20000,980,4349,34145,83422,0,0
time,1,window,engine_jump_32_2far,replace_report,20000,1468,6572,39798,106583,0,0
time,1,window,engine_jump_32_2far,ready_to_command,20000,1542,5062,37437,80332,0,0
time,1,window,engine_jump_32_2far,jump_intent_subset,2496,1998,4575,37031,39919,0,0
time,1,standard,rolling_4,price_query,20000,55,192,492,80342,0,0
time,1,standard,rolling_4,near_range8,20000,107,263,614,82729,0,0
time,1,standard,rolling_4,index_submit,20000,148,194,410,37458,0,0
time,1,standard,rolling_4,index_ack,20000,140,247,987,81378,0,0
time,1,standard,rolling_4,cross_page_submit_subset,314,147,187,214,276,0,0
time,1,standard,outliers_4,price_query,20000,57,211,508,29913,0,0
time,1,standard,outliers_4,near_range8,20000,113,288,662,62515,0,0
time,1,standard,outliers_4,index_submit,20000,152,214,358,31205,0,0
time,1,standard,outliers_4,index_ack,20000,140,246,598,82972,0,0
time,1,standard,outliers_4,cross_page_submit_subset,314,154,209,216,246,0,0
time,1,standard,outliers_4,far_query,20000,59,223,550,31380,0,0
time,1,standard,boundary_4,price_query,20000,54,220,496,57645,0,0
time,1,standard,boundary_4,near_range8,20000,109,292,637,61515,0,0
time,1,standard,boundary_4,index_submit,20000,149,198,337,79270,0,0
time,1,standard,boundary_4,index_ack,20000,163,285,652,103779,0,0
time,1,standard,boundary_4,cross_page_submit_subset,5000,146,186,337,35270,0,0
time,1,standard,jump_4,price_query,20000,56,268,587,29192,0,0
time,1,standard,jump_4,near_range8,20000,108,276,530,32440,0,0
time,1,standard,jump_4,index_submit,20000,150,204,313,51360,0,0
time,1,standard,jump_4,index_ack,20000,144,283,481,64527,0,0
time,1,standard,jump_4,cross_page_submit_subset,3746,159,217,306,6921,0,0
time,1,standard,jump_4,jump_submit_subset,2496,177,226,306,1890,0,0
time,1,standard,rolling_32,price_query,20000,63,185,462,10535,0,0
time,1,standard,rolling_32,near_range8,20000,167,318,656,68923,0,0
time,1,standard,rolling_32,index_submit,20000,162,224,588,66328,0,0
time,1,standard,rolling_32,index_ack,20000,124,265,664,53746,0,0
time,1,standard,rolling_32,cross_page_submit_subset,305,164,244,280,327,0,0
time,1,standard,outliers_32,price_query,20000,60,207,543,6991,0,0
time,1,standard,outliers_32,near_range8,20000,170,349,679,72283,0,0
time,1,standard,outliers_32,index_submit,20000,167,241,693,58202,0,0
time,1,standard,outliers_32,index_ack,20000,123,268,733,35917,0,0
time,1,standard,outliers_32,cross_page_submit_subset,305,166,242,309,617,0,0
time,1,standard,outliers_32,far_query,20000,69,220,564,33272,0,0
time,1,standard,boundary_32,price_query,20000,61,222,566,76176,0,0
time,1,standard,boundary_32,near_range8,20000,161,350,723,37904,0,0
time,1,standard,boundary_32,index_submit,20000,154,234,394,80531,0,0
time,1,standard,boundary_32,index_ack,20000,142,369,641,33850,0,0
time,1,standard,boundary_32,cross_page_submit_subset,625,150,194,259,26977,0,0
time,1,standard,jump_32,price_query,20000,63,196,465,61850,0,0
time,1,standard,jump_32,near_range8,20000,168,323,620,33289,0,0
time,1,standard,jump_32,index_submit,20000,162,271,621,80276,0,0
time,1,standard,jump_32,index_ack,20000,126,432,815,62364,0,0
time,1,standard,jump_32,cross_page_submit_subset,2652,200,367,1429,29362,0,0
time,1,standard,jump_32,jump_submit_subset,2496,201,371,1429,29362,0,0
time,1,standard,rolling_128,price_query,20000,74,197,527,32511,0,0
time,1,standard,rolling_128,near_range8,20000,190,361,699,63912,0,0
time,1,standard,rolling_128,index_submit,20000,179,236,676,81499,0,0
time,1,standard,rolling_128,index_ack,20000,125,253,1196,58418,0,0
time,1,standard,rolling_128,cross_page_submit_subset,312,177,218,245,319,0,0
time,1,standard,outliers_128,price_query,20000,72,191,475,31098,0,0
time,1,standard,outliers_128,near_range8,20000,191,350,704,78126,0,0
time,1,standard,outliers_128,index_submit,20000,180,246,1134,60217,0,0
time,1,standard,outliers_128,index_ack,20000,124,259,907,51327,0,0
time,1,standard,outliers_128,cross_page_submit_subset,312,184,226,248,277,0,0
time,1,standard,outliers_128,far_query,20000,81,200,503,28856,0,0
time,1,standard,boundary_128,price_query,20000,72,189,504,51666,0,0
time,1,standard,boundary_128,near_range8,20000,189,355,855,99630,0,0
time,1,standard,boundary_128,index_submit,20000,171,224,591,36627,0,0
time,1,standard,boundary_128,index_ack,20000,157,458,934,38822,0,0
time,1,standard,boundary_128,cross_page_submit_subset,313,172,227,382,591,0,0
time,1,standard,jump_128,price_query,20000,76,196,501,7819,0,0
time,1,standard,jump_128,near_range8,20000,190,357,675,56928,0,0
time,1,standard,jump_128,index_submit,20000,184,359,816,31027,0,0
time,1,standard,jump_128,index_ack,20000,126,527,997,73625,0,0
time,1,standard,jump_128,cross_page_submit_subset,2704,222,630,1205,28874,0,0
time,1,standard,jump_128,jump_submit_subset,2432,226,633,1184,2190,0,0
time,1,standard,4096books_4near_2far,price_query,20000,436,1240,7842,74275,0,0
time,1,standard,new_book_growth,index_insert,20000,556,7221,35715,2371075,0,0
time,1,standard,engine_cancel_rehang_4near,cancel_to_command,20000,1737,2752,39376,2489887,0,0
time,1,standard,engine_cancel_rehang_4near,new_to_command,20000,2057,11072,58129,315748,0,0
time,1,standard,engine_cancel_rehang_4near,accepted_report,20000,1452,5654,37556,938270,0,0
time,1,standard,engine_cancel_rehang_4near,canceled_report,20000,1494,5683,35944,127265,0,0
time,1,standard,engine_rolling_4_2far,price_query,20000,56,159,615,7781,0,0
time,1,standard,engine_rolling_4_2far,intent_to_command,20000,1696,5654,49563,227697,0,0
time,1,standard,engine_rolling_4_2far,intent_queued,20000,873,4361,30618,657926,0,0
time,1,standard,engine_rolling_4_2far,replace_report,20000,1429,6069,40098,687915,0,0
time,1,standard,engine_rolling_4_2far,ready_to_command,20000,1335,5083,44034,477856,0,0
time,1,standard,engine_jump_4_2far,price_query,20000,60,147,432,28584,0,0
time,1,standard,engine_jump_4_2far,intent_to_command,20000,1811,5844,34759,69048,0,0
time,1,standard,engine_jump_4_2far,intent_queued,20000,938,4518,31065,265860,0,0
time,1,standard,engine_jump_4_2far,replace_report,20000,1500,7496,49302,291175,0,0
time,1,standard,engine_jump_4_2far,ready_to_command,20000,1425,4935,32458,93825,0,0
time,1,standard,engine_jump_4_2far,jump_intent_subset,2496,1794,4835,20276,69048,0,0
time,1,standard,engine_rolling_32_2far,price_query,20000,87,191,564,23269,0,0
time,1,standard,engine_rolling_32_2far,intent_to_command,20000,1821,5594,35050,107226,0,0
time,1,standard,engine_rolling_32_2far,intent_queued,20000,894,4335,32339,70999,0,0
time,1,standard,engine_rolling_32_2far,replace_report,20000,1373,6874,33505,71977,0,0
time,1,standard,engine_rolling_32_2far,ready_to_command,20000,1436,4844,32729,90383,0,0
time,1,standard,engine_jump_32_2far,price_query,20000,82,179,503,22333,0,0
time,1,standard,engine_jump_32_2far,intent_to_command,20000,1800,5701,38962,153221,0,0
time,1,standard,engine_jump_32_2far,intent_queued,20000,883,4261,31349,85432,0,0
time,1,standard,engine_jump_32_2far,replace_report,20000,1370,6689,33993,65710,0,0
time,1,standard,engine_jump_32_2far,ready_to_command,20000,1419,4894,31163,54164,0,0
time,1,standard,engine_jump_32_2far,jump_intent_subset,2496,1798,4260,46648,153221,0,0
time,2,adaptive,rolling_4,price_query,20000,57,231,519,23262,0,0
time,2,adaptive,rolling_4,near_range8,20000,92,275,640,71068,0,0
time,2,adaptive,rolling_4,index_submit,20000,137,248,441,51879,0,0
time,2,adaptive,rolling_4,index_ack,20000,127,231,473,163314,0,0
time,2,adaptive,rolling_4,cross_page_submit_subset,314,134,264,411,920,0,0
time,2,adaptive,outliers_4,price_query,20000,57,224,527,22727,0,0
time,2,adaptive,outliers_4,near_range8,20000,94,277,611,23974,0,0
time,2,adaptive,outliers_4,index_submit,20000,143,216,480,71641,0,0
time,2,adaptive,outliers_4,index_ack,20000,131,207,669,31764,0,0
time,2,adaptive,outliers_4,cross_page_submit_subset,314,139,208,256,320,0,0
time,2,adaptive,outliers_4,far_query,20000,58,238,597,31551,0,0
time,2,adaptive,boundary_4,price_query,20000,57,243,521,24419,0,0
time,2,adaptive,boundary_4,near_range8,20000,94,281,589,57946,0,0
time,2,adaptive,boundary_4,index_submit,20000,137,195,286,25599,0,0
time,2,adaptive,boundary_4,index_ack,20000,140,229,359,54837,0,0
time,2,adaptive,boundary_4,cross_page_submit_subset,5000,134,189,243,25599,0,0
time,2,adaptive,jump_4,price_query,20000,49,307,612,68313,0,0
time,2,adaptive,jump_4,near_range8,20000,78,275,594,26161,0,0
time,2,adaptive,jump_4,index_submit,20000,124,351,636,61210,0,0
time,2,adaptive,jump_4,index_ack,20000,123,325,565,44395,0,0
time,2,adaptive,jump_4,cross_page_submit_subset,3746,137,369,496,29488,0,0
time,2,adaptive,jump_4,jump_submit_subset,2496,144,397,496,29488,0,0
time,2,adaptive,rolling_32,price_query,20000,64,243,569,31919,0,0
time,2,adaptive,rolling_32,near_range8,20000,117,336,840,37847,0,0
time,2,adaptive,rolling_32,index_submit,20000,143,383,1076,59578,0,0
time,2,adaptive,rolling_32,index_ack,20000,113,335,451,27839,0,0
time,2,adaptive,rolling_32,cross_page_submit_subset,305,143,407,445,5442,0,0
time,2,adaptive,outliers_32,price_query,20000,60,253,590,28217,0,0
time,2,adaptive,outliers_32,near_range8,20000,103,328,679,76296,0,0
time,2,adaptive,outliers_32,index_submit,20000,127,352,535,59408,0,0
time,2,adaptive,outliers_32,index_ack,20000,101,311,410,67809,0,0
time,2,adaptive,outliers_32,cross_page_submit_subset,305,130,351,473,39251,0,0
time,2,adaptive,outliers_32,far_query,20000,65,259,555,22698,0,0
time,2,adaptive,boundary_32,price_query,20000,66,246,553,24335,0,0
time,2,adaptive,boundary_32,near_range8,20000,128,325,653,47433,0,0
time,2,adaptive,boundary_32,index_submit,20000,146,357,449,48805,0,0
time,2,adaptive,boundary_32,index_ack,20000,141,352,493,97445,0,0
time,2,adaptive,boundary_32,cross_page_submit_subset,625,152,348,388,572,0,0
time,2,adaptive,jump_32,price_query,20000,65,252,558,23027,0,0
time,2,adaptive,jump_32,near_range8,20000,126,336,646,77736,0,0
time,2,adaptive,jump_32,index_submit,20000,150,356,501,61636,0,0
time,2,adaptive,jump_32,index_ack,20000,119,343,544,26636,0,0
time,2,adaptive,jump_32,cross_page_submit_subset,2652,176,426,521,1088,0,0
time,2,adaptive,jump_32,jump_submit_subset,2496,177,436,521,1088,0,0
time,2,adaptive,rolling_128,price_query,20000,70,234,514,55200,0,0
time,2,adaptive,rolling_128,near_range8,20000,129,334,660,53763,0,0
time,2,adaptive,rolling_128,index_submit,20000,149,252,438,28742,0,0
time,2,adaptive,rolling_128,index_ack,20000,111,224,379,36732,0,0
time,2,adaptive,rolling_128,cross_page_submit_subset,312,150,251,377,409,0,0
time,2,adaptive,outliers_128,price_query,20000,71,269,550,38618,0,0
time,2,adaptive,outliers_128,near_range8,20000,131,346,684,46725,0,0
time,2,adaptive,outliers_128,index_submit,20000,151,227,1002,116909,0,0
time,2,adaptive,outliers_128,index_ack,20000,109,197,399,139357,0,0
time,2,adaptive,outliers_128,cross_page_submit_subset,312,149,211,227,254,0,0
time,2,adaptive,outliers_128,far_query,20000,70,279,597,26886,0,0
time,2,adaptive,boundary_128,price_query,20000,64,230,570,29169,0,0
time,2,adaptive,boundary_128,near_range8,20000,104,320,642,28211,0,0
time,2,adaptive,boundary_128,index_submit,20000,130,322,1022,86582,0,0
time,2,adaptive,boundary_128,index_ack,20000,145,315,516,53148,0,0
time,2,adaptive,boundary_128,cross_page_submit_subset,313,137,226,356,475,0,0
time,2,adaptive,jump_128,price_query,20000,70,230,535,45486,0,0
time,2,adaptive,jump_128,near_range8,20000,129,307,674,67995,0,0
time,2,adaptive,jump_128,index_submit,20000,153,364,1047,29436,0,0
time,2,adaptive,jump_128,index_ack,20000,115,376,699,73285,0,0
time,2,adaptive,jump_128,cross_page_submit_subset,2704,182,508,1875,29436,0,0
time,2,adaptive,jump_128,jump_submit_subset,2432,185,522,1875,29436,0,0
time,2,adaptive,4096books_4near_2far,price_query,20000,356,1183,4532,73291,0,0
time,2,adaptive,new_book_growth,index_insert,20000,482,5506,29942,2397851,0,0
time,2,adaptive,engine_cancel_rehang_4near,cancel_to_command,20000,1790,4494,37473,1903467,0,0
time,2,adaptive,engine_cancel_rehang_4near,new_to_command,20000,2149,13699,54399,489393,0,0
time,2,adaptive,engine_cancel_rehang_4near,accepted_report,20000,1560,7274,35512,83689,0,0
time,2,adaptive,engine_cancel_rehang_4near,canceled_report,20000,1560,7289,35366,109861,0,0
time,2,adaptive,engine_rolling_4_2far,price_query,20000,67,170,533,30155,0,0
time,2,adaptive,engine_rolling_4_2far,intent_to_command,20000,1782,5610,35066,127423,0,0
time,2,adaptive,engine_rolling_4_2far,intent_queued,20000,894,4394,30302,115301,0,0
time,2,adaptive,engine_rolling_4_2far,replace_report,20000,1416,7038,34630,83157,0,0
time,2,adaptive,engine_rolling_4_2far,ready_to_command,20000,1437,5022,33134,86475,0,0
time,2,adaptive,engine_jump_4_2far,price_query,20000,62,184,507,26330,0,0
time,2,adaptive,engine_jump_4_2far,intent_to_command,20000,1791,5706,34813,150873,0,0
time,2,adaptive,engine_jump_4_2far,intent_queued,20000,891,4185,32699,295801,0,0
time,2,adaptive,engine_jump_4_2far,replace_report,20000,1427,6896,33862,172955,0,0
time,2,adaptive,engine_jump_4_2far,ready_to_command,20000,1451,5014,32477,125049,0,0
time,2,adaptive,engine_jump_4_2far,jump_intent_subset,2496,1786,4392,21449,111371,0,0
time,2,adaptive,engine_rolling_32_2far,price_query,20000,83,192,516,29446,0,0
time,2,adaptive,engine_rolling_32_2far,intent_to_command,20000,1820,5725,34945,110851,0,0
time,2,adaptive,engine_rolling_32_2far,intent_queued,20000,903,4208,29515,116790,0,0
time,2,adaptive,engine_rolling_32_2far,replace_report,20000,1360,6452,33588,87685,0,0
time,2,adaptive,engine_rolling_32_2far,ready_to_command,20000,1434,4962,33150,62206,0,0
time,2,adaptive,engine_jump_32_2far,price_query,20000,80,197,497,29958,0,0
time,2,adaptive,engine_jump_32_2far,intent_to_command,20000,1803,5839,33835,57935,0,0
time,2,adaptive,engine_jump_32_2far,intent_queued,20000,876,4268,29431,72343,0,0
time,2,adaptive,engine_jump_32_2far,replace_report,20000,1355,6776,35766,70460,0,0
time,2,adaptive,engine_jump_32_2far,ready_to_command,20000,1433,4887,34194,201450,0,0
time,2,adaptive,engine_jump_32_2far,jump_intent_subset,2496,1805,4379,20063,32654,0,0
time,2,window,rolling_4,price_query,20000,56,227,551,108116,0,0
time,2,window,rolling_4,near_range8,20000,94,258,560,18441,0,0
time,2,window,rolling_4,index_submit,20000,144,218,330,23046,0,0
time,2,window,rolling_4,index_ack,20000,128,199,394,56467,0,0
time,2,window,rolling_4,cross_page_submit_subset,314,143,221,228,404,0,0
time,2,window,outliers_4,price_query,20000,58,216,533,27327,0,0
time,2,window,outliers_4,near_range8,20000,97,275,638,54648,0,0
time,2,window,outliers_4,index_submit,20000,151,283,731,54271,0,0
time,2,window,outliers_4,index_ack,20000,132,254,404,6341,0,0
time,2,window,outliers_4,cross_page_submit_subset,314,150,285,311,363,0,0
time,2,window,outliers_4,far_query,20000,57,231,571,30579,0,0
time,2,window,boundary_4,price_query,20000,58,226,525,45660,0,0
time,2,window,boundary_4,near_range8,20000,96,267,585,27817,0,0
time,2,window,boundary_4,index_submit,20000,141,220,394,121176,0,0
time,2,window,boundary_4,index_ack,20000,137,243,488,25028,0,0
time,2,window,boundary_4,cross_page_submit_subset,5000,136,218,424,24528,0,0
time,2,window,jump_4,price_query,20000,42,291,584,34606,0,0
time,2,window,jump_4,near_range8,20000,65,249,559,27889,0,0
time,2,window,jump_4,index_submit,20000,115,195,335,49693,0,0
time,2,window,jump_4,index_ack,20000,108,212,366,39034,0,0
time,2,window,jump_4,cross_page_submit_subset,3746,123,208,332,18701,0,0
time,2,window,jump_4,jump_submit_subset,2496,130,215,355,18701,0,0
time,2,window,rolling_32,price_query,20000,46,206,497,49545,0,0
time,2,window,rolling_32,near_range8,20000,136,297,629,26747,0,0
time,2,window,rolling_32,index_submit,20000,130,175,376,51045,0,0
time,2,window,rolling_32,index_ack,20000,114,174,302,25698,0,0
time,2,window,rolling_32,cross_page_submit_subset,305,131,174,176,179,0,0
time,2,window,outliers_32,price_query,20000,46,191,494,27995,0,0
time,2,window,outliers_32,near_range8,20000,141,302,656,68795,0,0
time,2,window,outliers_32,index_submit,20000,134,250,407,31054,0,0
time,2,window,outliers_32,index_ack,20000,115,215,377,50697,0,0
time,2,window,outliers_32,cross_page_submit_subset,305,132,236,380,733,0,0
time,2,window,outliers_32,far_query,20000,54,206,520,24771,0,0
time,2,window,boundary_32,price_query,20000,46,206,532,23587,0,0
time,2,window,boundary_32,near_range8,20000,136,299,674,51597,0,0
time,2,window,boundary_32,index_submit,20000,129,170,239,30924,0,0
time,2,window,boundary_32,index_ack,20000,121,190,302,134378,0,0
time,2,window,boundary_32,cross_page_submit_subset,625,130,169,987,21554,0,0
time,2,window,jump_32,price_query,20000,50,212,525,1053,0,0
time,2,window,jump_32,near_range8,20000,140,317,654,52029,0,0
time,2,window,jump_32,index_submit,20000,139,390,2089,66318,0,0
time,2,window,jump_32,index_ack,20000,120,339,468,6921,0,0
time,2,window,jump_32,cross_page_submit_subset,2652,168,423,1071,27133,0,0
time,2,window,jump_32,jump_submit_subset,2496,170,422,1071,27133,0,0
time,2,window,rolling_128,price_query,20000,50,193,477,70507,0,0
time,2,window,rolling_128,near_range8,20000,151,353,680,55275,0,0
time,2,window,rolling_128,index_submit,20000,141,384,985,32597,0,0
time,2,window,rolling_128,index_ack,20000,118,354,630,55789,0,0
time,2,window,rolling_128,cross_page_submit_subset,312,145,362,370,420,0,0
time,2,window,outliers_128,price_query,20000,39,199,507,5054,0,0
time,2,window,outliers_128,near_range8,20000,114,307,598,32791,0,0
time,2,window,outliers_128,index_submit,20000,112,217,490,102322,0,0
time,2,window,outliers_128,index_ack,20000,98,203,389,56684,0,0
time,2,window,outliers_128,cross_page_submit_subset,312,113,218,348,401,0,0
time,2,window,outliers_128,far_query,20000,55,222,538,26120,0,0
time,2,window,boundary_128,price_query,20000,50,203,521,109136,0,0
time,2,window,boundary_128,near_range8,20000,159,328,656,133249,0,0
time,2,window,boundary_128,index_submit,20000,136,231,4213,57801,0,0
time,2,window,boundary_128,index_ack,20000,123,201,360,28360,0,0
time,2,window,boundary_128,cross_page_submit_subset,313,136,198,212,277,0,0
time,2,window,jump_128,price_query,20000,58,212,506,27425,0,0
time,2,window,jump_128,near_range8,20000,144,320,691,97624,0,0
time,2,window,jump_128,index_submit,20000,145,243,5498,27008,0,0
time,2,window,jump_128,index_ack,20000,115,311,429,5733,0,0
time,2,window,jump_128,cross_page_submit_subset,2704,180,291,1474,25310,0,0
time,2,window,jump_128,jump_submit_subset,2432,185,304,1474,25310,0,0
time,2,window,4096books_4near_2far,price_query,20000,328,1073,3485,55772,0,0
time,2,window,new_book_growth,index_insert,20000,447,5211,35532,2297184,0,0
time,2,window,engine_cancel_rehang_4near,cancel_to_command,20000,1756,2762,39732,1661992,0,0
time,2,window,engine_cancel_rehang_4near,new_to_command,20000,2066,12973,37201,511878,0,0
time,2,window,engine_cancel_rehang_4near,accepted_report,20000,1485,6389,33273,113518,0,0
time,2,window,engine_cancel_rehang_4near,canceled_report,20000,1480,6496,33017,54324,0,0
time,2,window,engine_rolling_4_2far,price_query,20000,71,209,549,24756,0,0
time,2,window,engine_rolling_4_2far,intent_to_command,20000,1761,5324,33574,151443,0,0
time,2,window,engine_rolling_4_2far,intent_queued,20000,884,4182,29436,96181,0,0
time,2,window,engine_rolling_4_2far,replace_report,20000,1395,6700,31739,112084,0,0
time,2,window,engine_rolling_4_2far,ready_to_command,20000,1467,4650,31587,95369,0,0
time,2,window,engine_jump_4_2far,price_query,20000,69,182,506,5691,0,0
time,2,window,engine_jump_4_2far,intent_to_command,20000,1793,5357,35394,134609,0,0
time,2,window,engine_jump_4_2far,intent_queued,20000,906,4208,30620,110885,0,0
time,2,window,engine_jump_4_2far,replace_report,20000,1425,6877,39788,112228,0,0
time,2,window,engine_jump_4_2far,ready_to_command,20000,1480,4710,31841,115572,0,0
time,2,window,engine_jump_4_2far,jump_intent_subset,2496,1796,4696,36017,56473,0,0
time,2,window,engine_rolling_32_2far,price_query,20000,63,142,491,1108,0,0
time,2,window,engine_rolling_32_2far,intent_to_command,20000,1755,5379,32432,85091,0,0
time,2,window,engine_rolling_32_2far,intent_queued,20000,866,4114,30331,85722,0,0
time,2,window,engine_rolling_32_2far,replace_report,20000,1313,6462,33144,139166,0,0
time,2,window,engine_rolling_32_2far,ready_to_command,20000,1400,4660,33267,101730,0,0
time,2,window,engine_jump_32_2far,price_query,20000,56,136,428,36776,0,0
time,2,window,engine_jump_32_2far,intent_to_command,20000,1759,5273,32513,180578,0,0
time,2,window,engine_jump_32_2far,intent_queued,20000,861,4129,29355,114665,0,0
time,2,window,engine_jump_32_2far,replace_report,20000,1315,6393,32146,135008,0,0
time,2,window,engine_jump_32_2far,ready_to_command,20000,1407,4567,31837,97244,0,0
time,2,window,engine_jump_32_2far,jump_intent_subset,2496,1798,4541,30344,38820,0,0
time,2,standard,rolling_4,price_query,20000,39,200,523,6150,0,0
time,2,standard,rolling_4,near_range8,20000,71,260,580,36115,0,0
time,2,standard,rolling_4,index_submit,20000,110,180,280,91916,0,0
time,2,standard,rolling_4,index_ack,20000,109,234,465,111007,0,0
time,2,standard,rolling_4,cross_page_submit_subset,314,110,173,180,293,0,0
time,2,standard,outliers_4,price_query,20000,53,202,530,5992,0,0
time,2,standard,outliers_4,near_range8,20000,104,275,598,5616,0,0
time,2,standard,outliers_4,index_submit,20000,140,233,398,24637,0,0
time,2,standard,outliers_4,index_ack,20000,136,254,494,28759,0,0
time,2,standard,outliers_4,cross_page_submit_subset,314,143,207,346,363,0,0
time,2,standard,outliers_4,far_query,20000,55,211,541,24592,0,0
time,2,standard,boundary_4,price_query,20000,51,210,490,24691,0,0
time,2,standard,boundary_4,near_range8,20000,101,285,612,43214,0,0
time,2,standard,boundary_4,index_submit,20000,137,221,381,25677,0,0
time,2,standard,boundary_4,index_ack,20000,156,286,480,31442,0,0
time,2,standard,boundary_4,cross_page_submit_subset,5000,132,211,329,25677,0,0
time,2,standard,jump_4,price_query,20000,33,166,451,49769,0,0
time,2,standard,jump_4,near_range8,20000,52,227,599,39680,0,0
time,2,standard,jump_4,index_submit,20000,81,187,330,2498482,0,0
time,2,standard,jump_4,index_ack,20000,98,254,995,100652,0,0
time,2,standard,jump_4,cross_page_submit_subset,3746,89,197,330,4059,0,0
time,2,standard,jump_4,jump_submit_subset,2496,99,204,330,4059,0,0
time,2,standard,rolling_32,price_query,20000,35,120,250,25721,0,0
time,2,standard,rolling_32,near_range8,20000,82,277,648,26041,0,0
time,2,standard,rolling_32,index_submit,20000,84,179,420,50705,0,0
time,2,standard,rolling_32,index_ack,20000,67,203,649,101178,0,0
time,2,standard,rolling_32,cross_page_submit_subset,305,89,172,190,212,0,0
time,2,standard,outliers_32,price_query,20000,35,142,262,7234,0,0
time,2,standard,outliers_32,near_range8,20000,79,289,594,43163,0,0
time,2,standard,outliers_32,index_submit,20000,101,195,347,47228,0,0
time,2,standard,outliers_32,index_ack,20000,68,208,507,25763,0,0
time,2,standard,outliers_32,cross_page_submit_subset,305,102,185,193,288,0,0
time,2,standard,outliers_32,far_query,20000,38,168,386,28037,0,0
time,2,standard,boundary_32,price_query,20000,35,80,193,31926,0,0
time,2,standard,boundary_32,near_range8,20000,75,237,502,137243,0,0
time,2,standard,boundary_32,index_submit,20000,75,161,290,89989,0,0
time,2,standard,boundary_32,index_ack,20000,93,233,475,34664,0,0
time,2,standard,boundary_32,cross_page_submit_subset,625,83,162,21482,24007,0,0
time,2,standard,jump_32,price_query,20000,36,122,255,624,0,0
time,2,standard,jump_32,near_range8,20000,81,258,589,40564,0,0
time,2,standard,jump_32,index_submit,20000,86,193,381,36745,0,0
time,2,standard,jump_32,index_ack,20000,68,295,510,43303,0,0
time,2,standard,jump_32,cross_page_submit_subset,2652,107,284,683,8160,0,0
time,2,standard,jump_32,jump_submit_subset,2496,108,296,683,8160,0,0
time,2,standard,rolling_128,price_query,20000,40,97,181,43677,0,0
time,2,standard,rolling_128,near_range8,20000,82,254,572,29248,0,0
time,2,standard,rolling_128,index_submit,20000,103,190,348,48650,0,0
time,2,standard,rolling_128,index_ack,20000,71,152,574,29842,0,0
time,2,standard,rolling_128,cross_page_submit_subset,312,100,189,230,282,0,0
time,2,standard,outliers_128,price_query,20000,42,112,219,43209,0,0
time,2,standard,outliers_128,near_range8,20000,83,283,486,40133,0,0
time,2,standard,outliers_128,index_submit,20000,100,195,524,25871,0,0
time,2,standard,outliers_128,index_ack,20000,71,162,512,5498,0,0
time,2,standard,outliers_128,cross_page_submit_subset,312,100,187,361,1022,0,0
time,2,standard,outliers_128,far_query,20000,44,156,242,24600,0,0
time,2,standard,boundary_128,price_query,20000,40,106,193,25876,0,0
time,2,standard,boundary_128,near_range8,20000,81,261,647,45289,0,0
time,2,standard,boundary_128,index_submit,20000,93,181,302,27134,0,0
time,2,standard,boundary_128,index_ack,20000,102,294,593,88853,0,0
time,2,standard,boundary_128,cross_page_submit_subset,313,96,168,211,216,0,0
time,2,standard,jump_128,price_query,20000,46,146,254,127454,0,0
time,2,standard,jump_128,near_range8,20000,82,285,576,33351,0,0
time,2,standard,jump_128,index_submit,20000,111,260,713,48361,0,0
time,2,standard,jump_128,index_ack,20000,74,373,822,39986,0,0
time,2,standard,jump_128,cross_page_submit_subset,2704,128,446,1837,24098,0,0
time,2,standard,jump_128,jump_submit_subset,2432,129,474,1837,24098,0,0
time,2,standard,4096books_4near_2far,price_query,20000,234,844,1450,40036,0,0
time,2,standard,new_book_growth,index_insert,20000,317,4362,27584,1557554,0,0
time,2,standard,engine_cancel_rehang_4near,cancel_to_command,20000,1369,2640,42500,1642455,0,0
time,2,standard,engine_cancel_rehang_4near,new_to_command,20000,1697,10941,47414,1360605,0,0
time,2,standard,engine_cancel_rehang_4near,accepted_report,20000,1157,3913,29646,368314,0,0
time,2,standard,engine_cancel_rehang_4near,canceled_report,20000,1189,4290,34912,1157832,0,0
time,2,standard,engine_rolling_4_2far,price_query,20000,45,89,162,18901,0,0
time,2,standard,engine_rolling_4_2far,intent_to_command,20000,1062,3543,21695,57703,0,0
time,2,standard,engine_rolling_4_2far,intent_queued,20000,565,2795,6626,37792,0,0
time,2,standard,engine_rolling_4_2far,replace_report,20000,855,4758,20072,113294,0,0
time,2,standard,engine_rolling_4_2far,ready_to_command,20000,884,2969,20250,234796,0,0
time,2,standard,engine_jump_4_2far,price_query,20000,35,98,218,39057,0,0
time,2,standard,engine_jump_4_2far,intent_to_command,20000,1103,3839,26548,98113,0,0
time,2,standard,engine_jump_4_2far,intent_queued,20000,607,3101,9650,193149,0,0
time,2,standard,engine_jump_4_2far,replace_report,20000,921,4795,27815,639382,0,0
time,2,standard,engine_jump_4_2far,ready_to_command,20000,891,3177,26267,267332,0,0
time,2,standard,engine_jump_4_2far,jump_intent_subset,2496,1083,2966,4896,98113,0,0
time,2,standard,engine_rolling_32_2far,price_query,20000,72,148,448,99968,0,0
time,2,standard,engine_rolling_32_2far,intent_to_command,20000,1197,4691,32555,2190829,0,0
time,2,standard,engine_rolling_32_2far,intent_queued,20000,664,3599,19788,141648,0,0
time,2,standard,engine_rolling_32_2far,replace_report,20000,1000,5446,27965,869559,0,0
time,2,standard,engine_rolling_32_2far,ready_to_command,20000,926,4045,27278,416195,0,0
time,2,standard,engine_jump_32_2far,price_query,20000,83,156,417,22573,0,0
time,2,standard,engine_jump_32_2far,intent_to_command,20000,1802,5195,42034,164188,0,0
time,2,standard,engine_jump_32_2far,intent_queued,20000,862,4049,33508,136767,0,0
time,2,standard,engine_jump_32_2far,replace_report,20000,1332,5189,36782,152627,0,0
time,2,standard,engine_jump_32_2far,ready_to_command,20000,1455,4665,33705,120597,0,0
time,2,standard,engine_jump_32_2far,jump_intent_subset,2496,1808,3218,65144,111739,0,0
time,2,pages,rolling_4,price_query,20000,50,203,540,32724,0,0
time,2,pages,rolling_4,near_range8,20000,98,267,562,39099,0,0
time,2,pages,rolling_4,index_submit,20000,137,223,537,40883,0,0
time,2,pages,rolling_4,index_ack,20000,120,216,491,65087,0,0
time,2,pages,rolling_4,cross_page_submit_subset,314,148,537,665,788,0,0
time,2,pages,rolling_4,page_creation_subset,78,293,630,630,665,0,0
time,2,pages,outliers_4,price_query,20000,50,198,516,79074,0,0
time,2,pages,outliers_4,near_range8,20000,96,278,607,97935,0,0
time,2,pages,outliers_4,index_submit,20000,138,249,582,93369,0,0
time,2,pages,outliers_4,index_ack,20000,123,240,478,143886,0,0
time,2,pages,outliers_4,cross_page_submit_subset,314,150,668,854,915,0,0
time,2,pages,outliers_4,page_creation_subset,78,334,854,854,915,0,0
time,2,pages,outliers_4,far_query,20000,49,212,515,653,0,0
time,2,pages,boundary_4,price_query,20000,53,191,422,6946,0,0
time,2,pages,boundary_4,near_range8,20000,112,258,524,5879,0,0
time,2,pages,boundary_4,index_submit,20000,144,270,470,106565,0,0
time,2,pages,boundary_4,index_ack,20000,144,277,448,28033,0,0
time,2,pages,boundary_4,cross_page_submit_subset,5000,142,268,470,32026,0,0
time,2,pages,jump_4,price_query,20000,50,195,474,971,0,0
time,2,pages,jump_4,near_range8,20000,97,244,536,80411,0,0
time,2,pages,jump_4,index_submit,20000,140,262,583,83131,0,0
time,2,pages,jump_4,index_ack,20000,124,253,453,79790,0,0
time,2,pages,jump_4,cross_page_submit_subset,3746,157,295,583,4797,0,0
time,2,pages,jump_4,page_creation_subset,1248,230,340,496,1113,0,0
time,2,pages,jump_4,jump_submit_subset,2496,187,305,455,1113,0,0
time,2,pages,rolling_32,price_query,20000,55,102,217,21831,0,0
time,2,pages,rolling_32,near_range8,20000,141,225,346,126439,0,0
time,2,pages,rolling_32,index_submit,20000,165,211,428,83507,0,0
time,2,pages,rolling_32,index_ack,20000,127,212,326,14026,0,0
time,2,pages,rolling_32,cross_page_submit_subset,305,176,428,1421,22137,0,0
time,2,pages,rolling_32,page_creation_subset,10,390,740,740,1421,0,0
time,2,pages,outliers_32,price_query,20000,56,80,193,21440,0,0
time,2,pages,outliers_32,near_range8,20000,143,225,394,65212,0,0
time,2,pages,outliers_32,index_submit,20000,168,218,418,35037,0,0
time,2,pages,outliers_32,index_ack,20000,126,213,340,24211,0,0
time,2,pages,outliers_32,cross_page_submit_subset,305,179,459,519,1626,0,0
time,2,pages,outliers_32,page_creation_subset,10,458,519,519,1626,0,0
time,2,pages,outliers_32,far_query,20000,58,76,195,35281,0,0
time,2,pages,boundary_32,price_query,20000,37,51,75,492,0,0
time,2,pages,boundary_32,near_range8,20000,78,188,302,28675,0,0
time,2,pages,boundary_32,index_submit,20000,79,139,214,17317,0,0
time,2,pages,boundary_32,index_ack,20000,82,138,261,4209,0,0
time,2,pages,boundary_32,cross_page_submit_subset,625,85,142,268,1024,0,0
time,2,pages,jump_32,price_query,20000,37,41,55,26882,0,0
time,2,pages,jump_32,near_range8,20000,74,171,318,72266,0,0
time,2,pages,jump_32,index_submit,20000,81,126,225,17576,0,0
time,2,pages,jump_32,index_ack,20000,68,125,226,18125,0,0
time,2,pages,jump_32,cross_page_submit_subset,2652,90,178,274,17134,0,0
time,2,pages,jump_32,page_creation_subset,156,156,274,314,351,0,0
time,2,pages,jump_32,jump_submit_subset,2496,90,185,274,17134,0,0
time,2,pages,rolling_128,price_query,20000,37,42,61,20722,0,0
time,2,pages,rolling_128,near_range8,20000,75,134,288,17520,0,0
time,2,pages,rolling_128,index_submit,20000,81,112,162,3631,0,0
time,2,pages,rolling_128,index_ack,20000,70,106,194,17822,0,0
time,2,pages,rolling_128,cross_page_submit_subset,312,92,131,258,262,0,0
time,2,pages,rolling_128,page_creation_subset,3,258,258,258,262,0,0
time,2,pages,outliers_128,price_query,20000,39,122,290,115280,0,0
time,2,pages,outliers_128,near_range8,20000,78,256,570,46115,0,0
time,2,pages,outliers_128,index_submit,20000,88,324,731,29842,0,0
time,2,pages,outliers_128,index_ack,20000,74,286,690,34221,0,0
time,2,pages,outliers_128,cross_page_submit_subset,312,100,373,1366,2000,0,0
time,2,pages,outliers_128,page_creation_subset,3,1366,1366,1366,2000,0,0
time,2,pages,outliers_128,far_query,20000,39,156,330,19069,0,0
time,2,pages,boundary_128,price_query,20000,55,174,433,36481,0,0
time,2,pages,boundary_128,near_range8,20000,144,296,620,73710,0,0
time,2,pages,boundary_128,index_submit,20000,150,299,552,37080,0,0
time,2,pages,boundary_128,index_ack,20000,127,300,523,124045,0,0
time,2,pages,boundary_128,cross_page_submit_subset,313,153,278,324,410,0,0
time,2,pages,jump_128,price_query,20000,57,105,219,5875,0,0
time,2,pages,jump_128,near_range8,20000,145,239,381,21496,0,0
time,2,pages,jump_128,index_submit,20000,169,235,485,62331,0,0
time,2,pages,jump_128,index_ack,20000,127,252,432,35633,0,0
time,2,pages,jump_128,cross_page_submit_subset,2704,201,373,493,2048,0,0
time,2,pages,jump_128,page_creation_subset,77,341,506,506,673,0,0
time,2,pages,jump_128,jump_submit_subset,2432,202,357,493,2048,0,0
time,2,pages,4096books_4near_2far,price_query,20000,625,1638,6564,127469,0,0
time,2,pages,new_book_growth,index_insert,20000,678,57387,91854,2608502,0,0
time,2,pages,new_book_growth,page_block_growth_subset,313,58404,280544,1349693,2608502,0,0
time,2,pages,engine_cancel_rehang_4near,cancel_to_command,20000,1769,4307,38172,1706973,0,0
time,2,pages,engine_cancel_rehang_4near,new_to_command,20000,2045,9461,37369,615380,0,0
time,2,pages,engine_cancel_rehang_4near,accepted_report,20000,1356,6334,30181,103246,0,0
time,2,pages,engine_cancel_rehang_4near,canceled_report,20000,1400,6551,26579,108194,0,0
time,2,pages,engine_rolling_4_2far,price_query,20000,50,112,226,80442,0,0
time,2,pages,engine_rolling_4_2far,intent_to_command,20000,1112,3794,30023,409689,0,0
time,2,pages,engine_rolling_4_2far,intent_queued,20000,614,3052,22577,86491,0,0
time,2,pages,engine_rolling_4_2far,replace_report,20000,927,5038,27480,551334,0,0
time,2,pages,engine_rolling_4_2far,ready_to_command,20000,884,3160,29329,106185,0,0
time,2,pages,engine_jump_4_2far,price_query,20000,72,126,219,22767,0,0
time,2,pages,engine_jump_4_2far,intent_to_command,20000,1904,4896,32223,109370,0,0
time,2,pages,engine_jump_4_2far,intent_queued,20000,888,3744,23589,94547,0,0
time,2,pages,engine_jump_4_2far,replace_report,20000,1328,5208,24853,2094203,0,0
time,2,pages,engine_jump_4_2far,ready_to_command,20000,1657,4617,29175,318025,0,0
time,2,pages,engine_jump_4_2far,jump_intent_subset,2496,1929,3424,30727,36934,0,0
time,2,pages,engine_rolling_32_2far,price_query,20000,77,131,259,26906,0,0
time,2,pages,engine_rolling_32_2far,intent_to_command,20000,1955,5160,27733,119825,0,0
time,2,pages,engine_rolling_32_2far,intent_queued,20000,916,3975,22971,83989,0,0
time,2,pages,engine_rolling_32_2far,replace_report,20000,1339,5954,25671,91806,0,0
time,2,pages,engine_rolling_32_2far,ready_to_command,20000,1668,4687,26388,95049,0,0
time,2,pages,engine_jump_32_2far,price_query,20000,74,129,261,956,0,0
time,2,pages,engine_jump_32_2far,intent_to_command,20000,1891,4853,25217,127886,0,0
time,2,pages,engine_jump_32_2far,intent_queued,20000,864,3755,21456,89238,0,0
time,2,pages,engine_jump_32_2far,replace_report,20000,1250,5557,24665,105009,0,0
time,2,pages,engine_jump_32_2far,ready_to_command,20000,1637,4429,26899,72735,0,0
time,2,pages,engine_jump_32_2far,jump_intent_subset,2496,1893,3689,24428,77195,0,0
time,3,window,rolling_4,price_query,20000,39,160,328,22478,0,0
time,3,window,rolling_4,near_range8,20000,60,192,465,25694,0,0
time,3,window,rolling_4,index_submit,20000,113,217,303,9084,0,0
time,3,window,rolling_4,index_ack,20000,94,206,338,64542,0,0
time,3,window,rolling_4,cross_page_submit_subset,314,117,224,267,436,0,0
time,3,window,outliers_4,price_query,20000,60,185,459,92946,0,0
time,3,window,outliers_4,near_range8,20000,95,227,550,33291,0,0
time,3,window,outliers_4,index_submit,20000,141,207,358,68420,0,0
time,3,window,outliers_4,index_ack,20000,126,189,342,28556,0,0
time,3,window,outliers_4,cross_page_submit_subset,314,142,208,255,295,0,0
time,3,window,outliers_4,far_query,20000,60,183,458,31126,0,0
time,3,window,boundary_4,price_query,20000,37,65,188,21311,0,0
time,3,window,boundary_4,near_range8,20000,51,163,323,18267,0,0
time,3,window,boundary_4,index_submit,20000,84,162,235,19987,0,0
time,3,window,boundary_4,index_ack,20000,87,186,256,121198,0,0
time,3,window,boundary_4,cross_page_submit_subset,5000,84,154,211,18582,0,0
time,3,window,jump_4,price_query,20000,61,91,202,931,0,0
time,3,window,jump_4,near_range8,20000,104,156,247,4071,0,0
time,3,window,jump_4,index_submit,20000,160,219,291,61744,0,0
time,3,window,jump_4,index_ack,20000,140,246,347,70205,0,0
time,3,window,jump_4,cross_page_submit_subset,3746,167,228,282,1070,0,0
time,3,window,jump_4,jump_submit_subset,2496,185,233,282,1070,0,0
time,3,window,rolling_32,price_query,20000,50,86,220,928,0,0
time,3,window,rolling_32,near_range8,20000,158,222,355,24946,0,0
time,3,window,rolling_32,index_submit,20000,149,184,303,22569,0,0
time,3,window,rolling_32,index_ack,20000,128,193,307,63675,0,0
time,3,window,rolling_32,cross_page_submit_subset,305,150,183,239,250,0,0
time,3,window,outliers_32,price_query,20000,51,85,220,22358,0,0
time,3,window,outliers_32,near_range8,20000,164,236,353,28484,0,0
time,3,window,outliers_32,index_submit,20000,155,185,302,79281,0,0
time,3,window,outliers_32,index_ack,20000,127,202,317,23571,0,0
time,3,window,outliers_32,cross_page_submit_subset,305,156,181,190,732,0,0
time,3,window,outliers_32,far_query,20000,59,90,201,60297,0,0
time,3,window,boundary_32,price_query,20000,51,91,209,58842,0,0
time,3,window,boundary_32,near_range8,20000,158,221,392,61226,0,0
time,3,window,boundary_32,index_submit,20000,149,177,275,24347,0,0
time,3,window,boundary_32,index_ack,20000,154,207,305,68193,0,0
time,3,window,boundary_32,cross_page_submit_subset,625,147,180,224,237,0,0
time,3,window,jump_32,price_query,20000,51,123,215,932,0,0
time,3,window,jump_32,near_range8,20000,159,236,514,26401,0,0
time,3,window,jump_32,index_submit,20000,153,230,2373,83981,0,0
time,3,window,jump_32,index_ack,20000,129,245,352,22653,0,0
time,3,window,jump_32,cross_page_submit_subset,2652,196,263,1521,83981,0,0
time,3,window,jump_32,jump_submit_subset,2496,196,270,1521,83981,0,0
time,3,window,rolling_128,price_query,20000,51,111,214,22542,0,0
time,3,window,rolling_128,near_range8,20000,166,250,561,65427,0,0
time,3,window,rolling_128,index_submit,20000,152,199,2105,24591,0,0
time,3,window,rolling_128,index_ack,20000,127,203,987,29181,0,0
time,3,window,rolling_128,cross_page_submit_subset,312,152,216,3054,4416,0,0
time,3,window,outliers_128,price_query,20000,51,97,214,5105,0,0
time,3,window,outliers_128,near_range8,20000,175,248,416,77808,0,0
time,3,window,outliers_128,index_submit,20000,160,205,1001,82108,0,0
time,3,window,outliers_128,index_ack,20000,127,204,393,60606,0,0
time,3,window,outliers_128,cross_page_submit_subset,312,161,250,742,5785,0,0
time,3,window,outliers_128,far_query,20000,69,106,215,27810,0,0
time,3,window,boundary_128,price_query,20000,52,113,226,56528,0,0
time,3,window,boundary_128,near_range8,20000,183,273,490,57053,0,0
time,3,window,boundary_128,index_submit,20000,154,272,4800,77421,0,0
time,3,window,boundary_128,index_ack,20000,143,220,352,45018,0,0
time,3,window,boundary_128,cross_page_submit_subset,313,153,214,245,247,0,0
time,3,window,jump_128,price_query,20000,54,105,208,17943,0,0
time,3,window,jump_128,near_range8,20000,159,225,398,54931,0,0
time,3,window,jump_128,index_submit,20000,151,257,4115,25086,0,0
time,3,window,jump_128,index_ack,20000,125,328,474,79533,0,0
time,3,window,jump_128,cross_page_submit_subset,2704,192,282,1919,25086,0,0
time,3,window,jump_128,jump_submit_subset,2432,198,287,1919,25086,0,0
time,3,window,4096books_4near_2far,price_query,20000,333,1017,1791,198158,0,0
time,3,window,new_book_growth,index_insert,20000,312,3952,18092,1463952,0,0
time,3,window,engine_cancel_rehang_4near,cancel_to_command,20000,1668,2438,26852,1199044,0,0
time,3,window,engine_cancel_rehang_4near,new_to_command,20000,1758,7446,30109,270694,0,0
time,3,window,engine_cancel_rehang_4near,accepted_report,20000,1168,5981,24973,90214,0,0
time,3,window,engine_cancel_rehang_4near,canceled_report,20000,1198,6022,25647,121584,0,0
time,3,window,engine_rolling_4_2far,price_query,20000,57,106,205,18566,0,0
time,3,window,engine_rolling_4_2far,intent_to_command,20000,1038,3488,21720,98846,0,0
time,3,window,engine_rolling_4_2far,intent_queued,20000,540,2774,6088,88541,0,0
time,3,window,engine_rolling_4_2far,replace_report,20000,808,4546,19739,74485,0,0
time,3,window,engine_rolling_4_2far,ready_to_command,20000,895,2922,19880,117981,0,0
time,3,window,engine_jump_4_2far,price_query,20000,54,147,323,36811,0,0
time,3,window,engine_jump_4_2far,intent_to_command,20000,1574,4977,38473,174885,0,0
time,3,window,engine_jump_4_2far,intent_queued,20000,802,3801,28348,176912,0,0
time,3,window,engine_jump_4_2far,replace_report,20000,1260,5256,36952,333963,0,0
time,3,window,engine_jump_4_2far,ready_to_command,20000,1278,4436,30665,191095,0,0
time,3,window,engine_jump_4_2far,jump_intent_subset,2496,1556,3215,11008,174885,0,0
time,3,window,engine_rolling_32_2far,price_query,20000,47,100,236,7020,0,0
time,3,window,engine_rolling_32_2far,intent_to_command,20000,1083,4369,25594,851782,0,0
time,3,window,engine_rolling_32_2far,intent_queued,20000,586,3174,11057,142044,0,0
time,3,window,engine_rolling_32_2far,replace_report,20000,875,5433,24473,105566,0,0
time,3,window,engine_rolling_32_2far,ready_to_command,20000,880,3106,26610,493604,0,0
time,3,window,engine_jump_32_2far,price_query,20000,67,149,351,55673,0,0
time,3,window,engine_jump_32_2far,intent_to_command,20000,1892,6325,35063,198542,0,0
time,3,window,engine_jump_32_2far,intent_queued,20000,882,4719,23894,646638,0,0
time,3,window,engine_jump_32_2far,replace_report,20000,1312,6098,29719,201108,0,0
time,3,window,engine_jump_32_2far,ready_to_command,20000,1607,5900,28702,460188,0,0
time,3,window,engine_jump_32_2far,jump_intent_subset,2496,1926,6109,29685,123474,0,0
time,3,standard,rolling_4,price_query,20000,33,134,350,38419,0,0
time,3,standard,rolling_4,near_range8,20000,52,232,471,77435,0,0
time,3,standard,rolling_4,index_submit,20000,80,178,314,75218,0,0
time,3,standard,rolling_4,index_ack,20000,76,227,743,142337,0,0
time,3,standard,rolling_4,cross_page_submit_subset,314,80,174,241,310,0,0
time,3,standard,outliers_4,price_query,20000,48,224,544,28391,0,0
time,3,standard,outliers_4,near_range8,20000,91,284,626,42304,0,0
time,3,standard,outliers_4,index_submit,20000,129,211,432,28423,0,0
time,3,standard,outliers_4,index_ack,20000,124,267,1088,96497,0,0
time,3,standard,outliers_4,cross_page_submit_subset,314,130,210,261,380,0,0
time,3,standard,outliers_4,far_query,20000,50,218,521,30751,0,0
time,3,standard,boundary_4,price_query,20000,32,111,317,116047,0,0
time,3,standard,boundary_4,near_range8,20000,53,228,679,183386,0,0
time,3,standard,boundary_4,index_submit,20000,80,187,1051,237540,0,0
time,3,standard,boundary_4,index_ack,20000,94,276,1122,260470,0,0
time,3,standard,boundary_4,cross_page_submit_subset,5000,80,176,2657,237540,0,0
time,3,standard,jump_4,price_query,20000,34,148,914,26478,0,0
time,3,standard,jump_4,near_range8,20000,54,233,962,28035,0,0
time,3,standard,jump_4,index_submit,20000,83,193,1031,5843,0,0
time,3,standard,jump_4,index_ack,20000,100,261,2970,64512,0,0
time,3,standard,jump_4,cross_page_submit_subset,3746,99,209,983,3778,0,0
time,3,standard,jump_4,jump_submit_subset,2496,102,219,358,3429,0,0
time,3,standard,rolling_32,price_query,20000,35,101,324,6306,0,0
time,3,standard,rolling_32,near_range8,20000,80,249,649,25612,0,0
time,3,standard,rolling_32,index_submit,20000,82,208,3159,67392,0,0
time,3,standard,rolling_32,index_ack,20000,67,251,1318,236673,0,0
time,3,standard,rolling_32,cross_page_submit_subset,305,83,182,231,387,0,0
time,3,standard,outliers_32,price_query,20000,35,69,175,19378,0,0
time,3,standard,outliers_32,near_range8,20000,76,227,497,116238,0,0
time,3,standard,outliers_32,index_submit,20000,97,178,346,128313,0,0
time,3,standard,outliers_32,index_ack,20000,66,185,635,121601,0,0
time,3,standard,outliers_32,cross_page_submit_subset,305,98,167,176,198,0,0
time,3,standard,outliers_32,far_query,20000,37,70,178,2511483,0,0
time,3,standard,boundary_32,price_query,20000,35,77,187,24093,0,0
time,3,standard,boundary_32,near_range8,20000,75,231,1695,25532,0,0
time,3,standard,boundary_32,index_submit,20000,78,170,365,207551,0,0
time,3,standard,boundary_32,index_ack,20000,94,260,643,61555,0,0
time,3,standard,boundary_32,cross_page_submit_subset,625,83,167,204,26334,0,0
time,3,standard,jump_32,price_query,20000,35,63,157,22838,0,0
time,3,standard,jump_32,near_range8,20000,79,198,517,98123,0,0
time,3,standard,jump_32,index_submit,20000,83,163,422,216739,0,0
time,3,standard,jump_32,index_ack,20000,67,235,495,77390,0,0
time,3,standard,jump_32,cross_page_submit_subset,2652,101,236,703,3284,0,0
time,3,standard,jump_32,jump_submit_subset,2496,103,242,703,3284,0,0
time,3,standard,rolling_128,price_query,20000,50,150,601,5870,0,0
time,3,standard,rolling_128,near_range8,20000,114,284,1091,28092,0,0
time,3,standard,rolling_128,index_submit,20000,123,230,3193,52596,0,0
time,3,standard,rolling_128,index_ack,20000,86,238,1510,57989,0,0
time,3,standard,rolling_128,cross_page_submit_subset,312,120,216,237,239,0,0
time,3,standard,outliers_128,price_query,20000,46,107,218,216212,0,0
time,3,standard,outliers_128,near_range8,20000,85,267,645,122038,0,0
time,3,standard,outliers_128,index_submit,20000,103,213,1019,233786,0,0
time,3,standard,outliers_128,index_ack,20000,72,197,702,23663,0,0
time,3,standard,outliers_128,cross_page_submit_subset,312,103,205,247,3033,0,0
time,3,standard,outliers_128,far_query,20000,44,112,223,24368,0,0
time,3,standard,boundary_128,price_query,20000,50,180,504,22078,0,0
time,3,standard,boundary_128,near_range8,20000,115,320,3544,105742,0,0
time,3,standard,boundary_128,index_submit,20000,118,238,1487,770231,0,0
time,3,standard,boundary_128,index_ack,20000,120,455,3818,82201,0,0
time,3,standard,boundary_128,cross_page_submit_subset,313,124,218,238,352,0,0
time,3,standard,jump_128,price_query,20000,74,189,974,123168,0,0
time,3,standard,jump_128,near_range8,20000,173,323,3665,76630,0,0
time,3,standard,jump_128,index_submit,20000,169,357,3740,35788,0,0
time,3,standard,jump_128,index_ack,20000,117,544,3634,59142,0,0
time,3,standard,jump_128,cross_page_submit_subset,2704,200,636,3827,32237,0,0
time,3,standard,jump_128,jump_submit_subset,2432,204,661,3827,32237,0,0
time,3,standard,4096books_4near_2far,price_query,20000,316,1187,4560,64542,0,0
time,3,standard,new_book_growth,index_insert,20000,334,5045,35923,1590006,0,0
time,3,standard,engine_cancel_rehang_4near,cancel_to_command,20000,1105,3063,49386,1343324,0,0
time,3,standard,engine_cancel_rehang_4near,new_to_command,20000,1396,10126,61962,398205,0,0
time,3,standard,engine_cancel_rehang_4near,accepted_report,20000,999,4057,38270,411275,0,0
time,3,standard,engine_cancel_rehang_4near,canceled_report,20000,1018,4074,44055,979944,0,0
time,3,standard,engine_rolling_4_2far,price_query,20000,45,109,284,7798,0,0
time,3,standard,engine_rolling_4_2far,intent_to_command,20000,1120,4091,30282,3210458,0,0
time,3,standard,engine_rolling_4_2far,intent_queued,20000,621,3201,16602,118759,0,0
time,3,standard,engine_rolling_4_2far,replace_report,20000,946,4726,26128,534119,0,0
time,3,standard,engine_rolling_4_2far,ready_to_command,20000,892,3170,27421,2140305,0,0
time,3,standard,engine_jump_4_2far,price_query,20000,34,101,242,28195,0,0
time,3,standard,engine_jump_4_2far,intent_to_command,20000,1104,4112,26750,921212,0,0
time,3,standard,engine_jump_4_2far,intent_queued,20000,606,3111,10432,282538,0,0
time,3,standard,engine_jump_4_2far,replace_report,20000,941,4842,26832,1093389,0,0
time,3,standard,engine_jump_4_2far,ready_to_command,20000,893,3151,22981,112610,0,0
time,3,standard,engine_jump_4_2far,jump_intent_subset,2496,1089,3801,26750,112308,0,0
time,3,standard,engine_rolling_32_2far,price_query,20000,70,139,260,3625,0,0
time,3,standard,engine_rolling_32_2far,intent_to_command,20000,1144,4162,28983,90280,0,0
time,3,standard,engine_rolling_32_2far,intent_queued,20000,614,3248,8284,80690,0,0
time,3,standard,engine_rolling_32_2far,replace_report,20000,918,4677,22786,147289,0,0
time,3,standard,engine_rolling_32_2far,ready_to_command,20000,916,3705,32451,1190297,0,0
time,3,standard,engine_jump_32_2far,price_query,20000,90,191,345,26215,0,0
time,3,standard,engine_jump_32_2far,intent_to_command,20000,1962,5449,34892,116984,0,0
time,3,standard,engine_jump_32_2far,intent_queued,20000,937,4047,15938,100523,0,0
time,3,standard,engine_jump_32_2far,replace_report,20000,1423,5518,35466,99465,0,0
time,3,standard,engine_jump_32_2far,ready_to_command,20000,1632,4953,32855,82275,0,0
time,3,standard,engine_jump_32_2far,jump_intent_subset,2496,1969,4046,8387,78656,0,0
time,3,pages,rolling_4,price_query,20000,56,181,472,28868,0,0
time,3,pages,rolling_4,near_range8,20000,110,262,535,33512,0,0
time,3,pages,rolling_4,index_submit,20000,159,331,476,26725,0,0
time,3,pages,rolling_4,index_ack,20000,139,314,690,91668,0,0
time,3,pages,rolling_4,cross_page_submit_subset,314,164,497,534,1170,0,0
time,3,pages,rolling_4,page_creation_subset,78,290,534,534,1170,0,0
time,3,pages,outliers_4,price_query,20000,58,176,491,35519,0,0
time,3,pages,outliers_4,near_range8,20000,114,261,654,28923,0,0
time,3,pages,outliers_4,index_submit,20000,162,352,641,38140,0,0
time,3,pages,outliers_4,index_ack,20000,145,322,3574,77834,0,0
time,3,pages,outliers_4,cross_page_submit_subset,314,177,594,641,902,0,0
time,3,pages,outliers_4,page_creation_subset,78,338,641,641,902,0,0
time,3,pages,outliers_4,far_query,20000,59,182,486,7801,0,0
time,3,pages,boundary_4,price_query,20000,57,190,518,85188,0,0
time,3,pages,boundary_4,near_range8,20000,121,286,624,172649,0,0
time,3,pages,boundary_4,index_submit,20000,150,255,484,95973,0,0
time,3,pages,boundary_4,index_ack,20000,154,312,3045,64332,0,0
time,3,pages,boundary_4,cross_page_submit_subset,5000,147,250,484,95973,0,0
time,3,pages,jump_4,price_query,20000,57,231,637,40369,0,0
time,3,pages,jump_4,near_range8,20000,115,330,633,25438,0,0
time,3,pages,jump_4,index_submit,20000,163,583,1555,87880,0,0
time,3,pages,jump_4,index_ack,20000,146,526,1084,188505,0,0
time,3,pages,jump_4,cross_page_submit_subset,3746,185,708,1555,30038,0,0
time,3,pages,jump_4,page_creation_subset,1248,270,1042,3217,30038,0,0
time,3,pages,jump_4,jump_submit_subset,2496,215,768,3211,30038,0,0
time,3,pages,rolling_32,price_query,20000,57,180,473,3782,0,0
time,3,pages,rolling_32,near_range8,20000,143,300,842,83148,0,0
time,3,pages,rolling_32,index_submit,20000,160,364,670,41910,0,0
time,3,pages,rolling_32,index_ack,20000,130,352,662,81407,0,0
time,3,pages,rolling_32,cross_page_submit_subset,305,177,550,815,870,0,0
time,3,pages,rolling_32,page_creation_subset,10,544,815,815,870,0,0
time,3,pages,outliers_32,price_query,20000,60,164,393,6205,0,0
time,3,pages,outliers_32,near_range8,20000,146,291,3513,77111,0,0
time,3,pages,outliers_32,index_submit,20000,167,400,886,47948,0,0
time,3,pages,outliers_32,index_ack,20000,130,348,848,76379,0,0
time,3,pages,outliers_32,cross_page_submit_subset,305,178,756,766,777,0,0
time,3,pages,outliers_32,page_creation_subset,10,701,766,766,777,0,0
time,3,pages,outliers_32,far_query,20000,61,163,304,28591,0,0
time,3,pages,boundary_32,price_query,20000,58,179,423,85562,0,0
time,3,pages,boundary_32,near_range8,20000,150,308,640,76746,0,0
time,3,pages,boundary_32,index_submit,20000,158,356,3507,27355,0,0
time,3,pages,boundary_32,index_ack,20000,141,354,3384,71179,0,0
time,3,pages,boundary_32,cross_page_submit_subset,625,161,320,411,429,0,0
time,3,pages,jump_32,price_query,20000,54,159,363,28642,0,0
time,3,pages,jump_32,near_range8,20000,130,303,679,47359,0,0
time,3,pages,jump_32,index_submit,20000,146,356,793,26159,0,0
time,3,pages,jump_32,index_ack,20000,125,339,650,22491,0,0
time,3,pages,jump_32,cross_page_submit_subset,2652,165,420,793,1052,0,0
time,3,pages,jump_32,page_creation_subset,156,284,725,844,861,0,0
time,3,pages,jump_32,jump_submit_subset,2496,165,420,725,1052,0,0
time,3,pages,rolling_128,price_query,20000,40,170,370,582952,0,0
time,3,pages,rolling_128,near_range8,20000,91,265,585,56661,0,0
time,3,pages,rolling_128,index_submit,20000,102,202,1000,128134,0,0
time,3,pages,rolling_128,index_ack,20000,86,183,445,88271,0,0
time,3,pages,rolling_128,cross_page_submit_subset,312,114,272,804,1000,0,0
time,3,pages,rolling_128,page_creation_subset,3,661,661,661,804,0,0
time,3,pages,outliers_128,price_query,20000,38,165,303,129121,0,0
time,3,pages,outliers_128,near_range8,20000,76,379,536,2525015,0,0
time,3,pages,outliers_128,index_submit,20000,87,416,691,93733,0,0
time,3,pages,outliers_128,index_ack,20000,73,348,600,157614,0,0
time,3,pages,outliers_128,cross_page_submit_subset,312,100,488,1716,21847,0,0
time,3,pages,outliers_128,page_creation_subset,3,574,574,574,1716,0,0
time,3,pages,outliers_128,far_query,20000,38,172,344,1702822,0,0
time,3,pages,boundary_128,price_query,20000,58,110,238,4947,0,0
time,3,pages,boundary_128,near_range8,20000,151,263,422,63209,0,0
time,3,pages,boundary_128,index_submit,20000,170,215,402,27241,0,0
time,3,pages,boundary_128,index_ack,20000,145,238,474,80237,0,0
time,3,pages,boundary_128,cross_page_submit_subset,313,172,252,304,4435,0,0
time,3,pages,jump_128,price_query,20000,57,111,198,65612,0,0
time,3,pages,jump_128,near_range8,20000,145,246,531,41067,0,0
time,3,pages,jump_128,index_submit,20000,168,243,448,22396,0,0
time,3,pages,jump_128,index_ack,20000,128,251,423,54312,0,0
time,3,pages,jump_128,cross_page_submit_subset,2704,200,383,531,2656,0,0
time,3,pages,jump_128,page_creation_subset,77,340,531,531,719,0,0
time,3,pages,jump_128,jump_submit_subset,2432,201,366,531,2656,0,0
time,3,pages,4096books_4near_2far,price_query,20000,439,1500,6666,67074,0,0
time,3,pages,new_book_growth,index_insert,20000,407,39000,70538,1448851,0,0
time,3,pages,new_book_growth,page_block_growth_subset,313,40068,156794,727196,1448851,0,0
time,3,pages,engine_cancel_rehang_4near,cancel_to_command,20000,1741,4590,31873,1317217,0,0
time,3,pages,engine_cancel_rehang_4near,new_to_command,20000,1960,9222,31536,313655,0,0
time,3,pages,engine_cancel_rehang_4near,accepted_report,20000,1293,6378,31120,111826,0,0
time,3,pages,engine_cancel_rehang_4near,canceled_report,20000,1348,6638,30671,103382,0,0
time,3,pages,engine_rolling_4_2far,price_query,20000,76,133,299,59644,0,0
time,3,pages,engine_rolling_4_2far,intent_to_command,20000,1927,5912,34292,125091,0,0
time,3,pages,engine_rolling_4_2far,intent_queued,20000,918,4341,25052,104740,0,0
time,3,pages,engine_rolling_4_2far,replace_report,20000,1385,5852,25363,81438,0,0
time,3,pages,engine_rolling_4_2far,ready_to_command,20000,1648,5818,30390,72887,0,0
time,3,pages,engine_jump_4_2far,price_query,20000,75,137,386,28157,0,0
time,3,pages,engine_jump_4_2far,intent_to_command,20000,1904,5299,27852,103427,0,0
time,3,pages,engine_jump_4_2far,intent_queued,20000,895,4135,11894,64668,0,0
time,3,pages,engine_jump_4_2far,replace_report,20000,1330,6250,37212,111031,0,0
time,3,pages,engine_jump_4_2far,ready_to_command,20000,1648,4806,26954,96968,0,0
time,3,pages,engine_jump_4_2far,jump_intent_subset,2496,1934,4067,25230,32705,0,0
time,3,pages,engine_rolling_32_2far,price_query,20000,81,133,232,5345,0,0
time,3,pages,engine_rolling_32_2far,intent_to_command,20000,1951,5312,27882,90163,0,0
time,3,pages,engine_rolling_32_2far,intent_queued,20000,923,4130,22936,95878,0,0
time,3,pages,engine_rolling_32_2far,replace_report,20000,1346,6310,30197,111717,0,0
time,3,pages,engine_rolling_32_2far,ready_to_command,20000,1658,4906,31458,100582,0,0
time,3,pages,engine_jump_32_2far,price_query,20000,80,142,342,23995,0,0
time,3,pages,engine_jump_32_2far,intent_to_command,20000,1948,5360,29004,119984,0,0
time,3,pages,engine_jump_32_2far,intent_queued,20000,920,4189,23326,103181,0,0
time,3,pages,engine_jump_32_2far,replace_report,20000,1378,5696,25363,106976,0,0
time,3,pages,engine_jump_32_2far,ready_to_command,20000,1655,4854,25215,122327,0,0
time,3,pages,engine_jump_32_2far,jump_intent_subset,2496,1953,3422,17742,65710,0,0
time,3,adaptive,rolling_4,price_query,20000,59,164,268,55034,0,0
time,3,adaptive,rolling_4,near_range8,20000,97,210,434,15966,0,0
time,3,adaptive,rolling_4,index_submit,20000,146,199,471,23589,0,0
time,3,adaptive,rolling_4,index_ack,20000,131,220,533,75436,0,0
time,3,adaptive,rolling_4,cross_page_submit_subset,314,147,208,364,465,0,0
time,3,adaptive,outliers_4,price_query,20000,36,78,186,20523,0,0
time,3,adaptive,outliers_4,near_range8,20000,50,169,280,639,0,0
time,3,adaptive,outliers_4,index_submit,20000,79,166,256,63101,0,0
time,3,adaptive,outliers_4,index_ack,20000,76,170,283,18417,0,0
time,3,adaptive,outliers_4,cross_page_submit_subset,314,80,152,172,4062,0,0
time,3,adaptive,outliers_4,far_query,20000,36,80,176,3987,0,0
time,3,adaptive,boundary_4,price_query,20000,37,152,415,64575,0,0
time,3,adaptive,boundary_4,near_range8,20000,50,218,496,23781,0,0
time,3,adaptive,boundary_4,index_submit,20000,83,165,292,25260,0,0
time,3,adaptive,boundary_4,index_ack,20000,86,198,341,22242,0,0
time,3,adaptive,boundary_4,cross_page_submit_subset,5000,83,156,262,25260,0,0
time,3,adaptive,jump_4,price_query,20000,38,122,331,21394,0,0
time,3,adaptive,jump_4,near_range8,20000,52,199,477,73626,0,0
time,3,adaptive,jump_4,index_submit,20000,90,196,312,31955,0,0
time,3,adaptive,jump_4,index_ack,20000,89,230,308,21785,0,0
time,3,adaptive,jump_4,cross_page_submit_subset,3746,100,215,1009,17747,0,0
time,3,adaptive,jump_4,jump_submit_subset,2496,104,220,1009,1030,0,0
time,3,adaptive,rolling_32,price_query,20000,68,120,221,34207,0,0
time,3,adaptive,rolling_32,near_range8,20000,142,230,361,6092,0,0
time,3,adaptive,rolling_32,index_submit,20000,163,208,308,22195,0,0
time,3,adaptive,rolling_32,index_ack,20000,127,222,332,34151,0,0
time,3,adaptive,rolling_32,cross_page_submit_subset,305,163,197,260,315,0,0
time,3,adaptive,outliers_32,price_query,20000,70,205,259,6136,0,0
time,3,adaptive,outliers_32,near_range8,20000,151,372,472,39325,0,0
time,3,adaptive,outliers_32,index_submit,20000,172,438,1006,45756,0,0
time,3,adaptive,outliers_32,index_ack,20000,128,366,661,61880,0,0
time,3,adaptive,outliers_32,cross_page_submit_subset,305,170,430,5435,21027,0,0
time,3,adaptive,outliers_32,far_query,20000,70,193,247,26326,0,0
time,3,adaptive,boundary_32,price_query,20000,70,121,267,33486,0,0
time,3,adaptive,boundary_32,near_range8,20000,143,227,327,30254,0,0
time,3,adaptive,boundary_32,index_submit,20000,165,205,298,71804,0,0
time,3,adaptive,boundary_32,index_ack,20000,165,250,366,62615,0,0
time,3,adaptive,boundary_32,cross_page_submit_subset,625,165,226,276,305,0,0
time,3,adaptive,jump_32,price_query,20000,69,114,254,10208,0,0
time,3,adaptive,jump_32,near_range8,20000,142,205,331,62506,0,0
time,3,adaptive,jump_32,index_submit,20000,165,246,291,21543,0,0
time,3,adaptive,jump_32,index_ack,20000,129,294,427,57728,0,0
time,3,adaptive,jump_32,cross_page_submit_subset,2652,199,270,295,976,0,0
time,3,adaptive,jump_32,jump_submit_subset,2496,202,272,295,976,0,0
time,3,adaptive,rolling_128,price_query,20000,74,100,200,36316,0,0
time,3,adaptive,rolling_128,near_range8,20000,147,190,311,25272,0,0
time,3,adaptive,rolling_128,index_submit,20000,170,205,281,24458,0,0
time,3,adaptive,rolling_128,index_ack,20000,127,211,358,35433,0,0
time,3,adaptive,rolling_128,cross_page_submit_subset,312,170,202,262,292,0,0
time,3,adaptive,outliers_128,price_query,20000,77,95,194,21365,0,0
time,3,adaptive,outliers_128,near_range8,20000,154,194,313,33425,0,0
time,3,adaptive,outliers_128,index_submit,20000,180,227,340,126279,0,0
time,3,adaptive,outliers_128,index_ack,20000,128,215,356,22252,0,0
time,3,adaptive,outliers_128,cross_page_submit_subset,312,181,209,236,271,0,0
time,3,adaptive,outliers_128,far_query,20000,79,100,183,21862,0,0
time,3,adaptive,boundary_128,price_query,20000,75,102,192,24136,0,0
time,3,adaptive,boundary_128,near_range8,20000,148,216,322,23786,0,0
time,3,adaptive,boundary_128,index_submit,20000,172,209,333,63874,0,0
time,3,adaptive,boundary_128,index_ack,20000,167,245,398,34246,0,0
time,3,adaptive,boundary_128,cross_page_submit_subset,313,175,224,265,1074,0,0
time,3,adaptive,jump_128,price_query,20000,74,108,192,5102,0,0
time,3,adaptive,jump_128,near_range8,20000,146,235,363,25127,0,0
time,3,adaptive,jump_128,index_submit,20000,170,277,410,40058,0,0
time,3,adaptive,jump_128,index_ack,20000,127,365,525,34368,0,0
time,3,adaptive,jump_128,cross_page_submit_subset,2704,197,305,1077,22201,0,0
time,3,adaptive,jump_128,jump_submit_subset,2432,202,305,1077,22201,0,0
time,3,adaptive,4096books_4near_2far,price_query,20000,258,1016,1787,63959,0,0
time,3,adaptive,new_book_growth,index_insert,20000,346,3759,23496,2463292,0,0
time,3,adaptive,engine_cancel_rehang_4near,cancel_to_command,20000,1802,3804,29213,1861467,0,0
time,3,adaptive,engine_cancel_rehang_4near,new_to_command,20000,2000,11341,34807,484109,0,0
time,3,adaptive,engine_cancel_rehang_4near,accepted_report,20000,1356,6480,27521,91723,0,0
time,3,adaptive,engine_cancel_rehang_4near,canceled_report,20000,1378,6617,29031,112913,0,0
time,3,adaptive,engine_rolling_4_2far,price_query,20000,52,99,208,18879,0,0
time,3,adaptive,engine_rolling_4_2far,intent_to_command,20000,1064,3372,21702,53511,0,0
time,3,adaptive,engine_rolling_4_2far,intent_queued,20000,557,2786,7639,36158,0,0
time,3,adaptive,engine_rolling_4_2far,replace_report,20000,830,4482,20085,85224,0,0
time,3,adaptive,engine_rolling_4_2far,ready_to_command,20000,899,3017,20564,70303,0,0
time,3,adaptive,engine_jump_4_2far,price_query,20000,42,121,310,36823,0,0
time,3,adaptive,engine_jump_4_2far,intent_to_command,20000,1338,4739,34236,666011,0,0
time,3,adaptive,engine_jump_4_2far,intent_queued,20000,739,3655,27917,114765,0,0
time,3,adaptive,engine_jump_4_2far,replace_report,20000,1138,5070,29866,415497,0,0
time,3,adaptive,engine_jump_4_2far,ready_to_command,20000,1004,4392,30185,236175,0,0
time,3,adaptive,engine_jump_4_2far,jump_intent_subset,2496,1317,3115,31369,82231,0,0
time,3,adaptive,engine_rolling_32_2far,price_query,20000,78,147,309,44514,0,0
time,3,adaptive,engine_rolling_32_2far,intent_to_command,20000,1733,5229,32608,99324,0,0
time,3,adaptive,engine_rolling_32_2far,intent_queued,20000,823,3866,26652,86804,0,0
time,3,adaptive,engine_rolling_32_2far,replace_report,20000,1226,6205,33550,131351,0,0
time,3,adaptive,engine_rolling_32_2far,ready_to_command,20000,1373,4514,36045,110817,0,0
time,3,adaptive,engine_jump_32_2far,price_query,20000,62,156,250,23470,0,0
time,3,adaptive,engine_jump_32_2far,intent_to_command,20000,1249,4812,31135,185137,0,0
time,3,adaptive,engine_jump_32_2far,intent_queued,20000,702,3542,24531,222067,0,0
time,3,adaptive,engine_jump_32_2far,replace_report,20000,1039,4591,27082,63942,0,0
time,3,adaptive,engine_jump_32_2far,ready_to_command,20000,964,4382,26678,273069,0,0
time,3,adaptive,engine_jump_32_2far,jump_intent_subset,2496,1229,2750,27610,31880,0,0
time,4,window,rolling_4,price_query,20000,62,151,235,23691,0,0
time,4,window,rolling_4,near_range8,20000,111,203,331,27670,0,0
time,4,window,rolling_4,index_submit,20000,161,236,516,62816,0,0
time,4,window,rolling_4,index_ack,20000,149,240,527,26900,0,0
time,4,window,rolling_4,cross_page_submit_subset,314,161,236,427,716,0,0
time,4,window,outliers_4,price_query,20000,65,106,203,22922,0,0
time,4,window,outliers_4,near_range8,20000,114,182,286,25758,0,0
time,4,window,outliers_4,index_submit,20000,169,248,372,36713,0,0
time,4,window,outliers_4,index_ack,20000,154,242,411,61360,0,0
time,4,window,outliers_4,cross_page_submit_subset,314,170,248,258,318,0,0
time,4,window,outliers_4,far_query,20000,66,89,202,34086,0,0
time,4,window,boundary_4,price_query,20000,63,96,194,34841,0,0
time,4,window,boundary_4,near_range8,20000,112,164,300,34029,0,0
time,4,window,boundary_4,index_submit,20000,164,209,325,34759,0,0
time,4,window,boundary_4,index_ack,20000,188,241,377,21982,0,0
time,4,window,boundary_4,cross_page_submit_subset,5000,159,190,335,34759,0,0
time,4,window,jump_4,price_query,20000,63,104,200,5472,0,0
time,4,window,jump_4,near_range8,20000,108,177,279,33439,0,0
time,4,window,jump_4,index_submit,20000,166,229,340,26591,0,0
time,4,window,jump_4,index_ack,20000,154,257,411,59733,0,0
time,4,window,jump_4,cross_page_submit_subset,3746,181,247,332,1073,0,0
time,4,window,jump_4,jump_submit_subset,2496,189,254,342,1073,0,0
time,4,window,rolling_32,price_query,20000,49,71,187,929,0,0
time,4,window,rolling_32,near_range8,20000,155,213,425,35651,0,0
time,4,window,rolling_32,index_submit,20000,145,179,289,87523,0,0
time,4,window,rolling_32,index_ack,20000,125,193,297,29706,0,0
time,4,window,rolling_32,cross_page_submit_subset,305,145,170,179,194,0,0
time,4,window,outliers_32,price_query,20000,31,44,69,4435,0,0
time,4,window,outliers_32,near_range8,20000,74,159,274,36445,0,0
time,4,window,outliers_32,index_submit,20000,73,103,180,17518,0,0
time,4,window,outliers_32,index_ack,20000,66,97,187,28385,0,0
time,4,window,outliers_32,cross_page_submit_subset,305,73,96,102,115,0,0
time,4,window,outliers_32,far_query,20000,35,48,67,4240,0,0
time,4,window,boundary_32,price_query,20000,31,34,57,90,0,0
time,4,window,boundary_32,near_range8,20000,72,110,226,26365,0,0
time,4,window,boundary_32,index_submit,20000,71,92,121,28191,0,0
time,4,window,boundary_32,index_ack,20000,76,99,180,19157,0,0
time,4,window,boundary_32,cross_page_submit_subset,625,79,96,203,3849,0,0
time,4,window,jump_32,price_query,20000,32,123,233,26489,0,0
time,4,window,jump_32,near_range8,20000,74,228,611,58701,0,0
time,4,window,jump_32,index_submit,20000,76,205,1755,20166,0,0
time,4,window,jump_32,index_ack,20000,68,202,356,782335,0,0
time,4,window,jump_32,cross_page_submit_subset,2652,99,227,1092,1460,0,0
time,4,window,jump_32,jump_submit_subset,2496,99,227,1092,1460,0,0
time,4,window,rolling_128,price_query,20000,37,156,256,23574,0,0
time,4,window,rolling_128,near_range8,20000,106,274,1034,42518,0,0
time,4,window,rolling_128,index_submit,20000,100,189,1020,159321,0,0
time,4,window,rolling_128,index_ack,20000,90,182,952,26235,0,0
time,4,window,rolling_128,cross_page_submit_subset,312,100,222,246,302,0,0
time,4,window,outliers_128,price_query,20000,31,66,176,163525,0,0
time,4,window,outliers_128,near_range8,20000,79,206,597,24723,0,0
time,4,window,outliers_128,index_submit,20000,77,168,628,83671,0,0
time,4,window,outliers_128,index_ack,20000,71,152,643,47473,0,0
time,4,window,outliers_128,cross_page_submit_subset,312,78,166,229,230,0,0
time,4,window,outliers_128,far_query,20000,48,73,226,96363,0,0
time,4,window,boundary_128,price_query,20000,33,124,334,32190,0,0
time,4,window,boundary_128,near_range8,20000,90,257,614,299592,0,0
time,4,window,boundary_128,index_submit,20000,86,353,4495,874166,0,0
time,4,window,boundary_128,index_ack,20000,79,223,453,42780,0,0
time,4,window,boundary_128,cross_page_submit_subset,313,82,177,232,36864,0,0
time,4,window,jump_128,price_query,20000,51,66,155,35212,0,0
time,4,window,jump_128,near_range8,20000,80,185,287,23291,0,0
time,4,window,jump_128,index_submit,20000,96,153,4028,84359,0,0
time,4,window,jump_128,index_ack,20000,72,195,282,5068,0,0
time,4,window,jump_128,cross_page_submit_subset,2704,115,188,1928,84359,0,0
time,4,window,jump_128,jump_submit_subset,2432,117,188,1049,84359,0,0
time,4,window,4096books_4near_2far,price_query,20000,216,881,1447,33957,0,0
time,4,window,new_book_growth,index_insert,20000,302,4781,31087,1566720,0,0
time,4,window,engine_cancel_rehang_4near,cancel_to_command,20000,1375,2430,35155,1168941,0,0
time,4,window,engine_cancel_rehang_4near,new_to_command,20000,1661,9219,38987,1256026,0,0
time,4,window,engine_cancel_rehang_4near,accepted_report,20000,1179,4823,31941,203025,0,0
time,4,window,engine_cancel_rehang_4near,canceled_report,20000,1191,5239,38421,1038159,0,0
time,4,window,engine_rolling_4_2far,price_query,20000,55,135,296,71825,0,0
time,4,window,engine_rolling_4_2far,intent_to_command,20000,1094,4390,27142,71588,0,0
time,4,window,engine_rolling_4_2far,intent_queued,20000,598,3352,23457,583380,0,0
time,4,window,engine_rolling_4_2far,replace_report,20000,918,5733,26989,90727,0,0
time,4,window,engine_rolling_4_2far,ready_to_command,20000,893,3236,26577,118496,0,0
time,4,window,engine_jump_4_2far,price_query,20000,40,103,172,3574,0,0
time,4,window,engine_jump_4_2far,intent_to_command,20000,1043,3656,26876,93997,0,0
time,4,window,engine_jump_4_2far,intent_queued,20000,546,2924,18441,64629,0,0
time,4,window,engine_jump_4_2far,replace_report,20000,815,4784,26325,381621,0,0
time,4,window,engine_jump_4_2far,ready_to_command,20000,894,2897,19397,80502,0,0
time,4,window,engine_jump_4_2far,jump_intent_subset,2496,1037,3020,24944,62864,0,0
time,4,window,engine_rolling_32_2far,price_query,20000,47,116,278,57272,0,0
time,4,window,engine_rolling_32_2far,intent_to_command,20000,1056,4222,39733,842550,0,0
time,4,window,engine_rolling_32_2far,intent_queued,20000,563,2912,29830,211016,0,0
time,4,window,engine_rolling_32_2far,replace_report,20000,833,4784,33832,141322,0,0
time,4,window,engine_rolling_32_2far,ready_to_command,20000,873,3064,26796,760633,0,0
time,4,window,engine_jump_32_2far,price_query,20000,40,112,231,25314,0,0
time,4,window,engine_jump_32_2far,intent_to_command,20000,1290,4507,32559,113244,0,0
time,4,window,engine_jump_32_2far,intent_queued,20000,691,3639,10170,201993,0,0
time,4,window,engine_jump_32_2far,replace_report,20000,1011,4756,28445,115924,0,0
time,4,window,engine_jump_32_2far,ready_to_command,20000,972,4384,32708,165641,0,0
time,4,window,engine_jump_32_2far,jump_intent_subset,2496,1322,2946,34839,40135,0,0
time,4,adaptive,rolling_4,price_query,20000,61,182,455,24267,0,0
time,4,adaptive,rolling_4,near_range8,20000,98,221,499,32027,0,0
time,4,adaptive,rolling_4,index_submit,20000,150,193,269,44792,0,0
time,4,adaptive,rolling_4,index_ack,20000,138,207,416,33141,0,0
time,4,adaptive,rolling_4,cross_page_submit_subset,314,148,196,204,217,0,0
time,4,adaptive,outliers_4,price_query,20000,61,202,521,46577,0,0
time,4,adaptive,outliers_4,near_range8,20000,99,237,596,29217,0,0
time,4,adaptive,outliers_4,index_submit,20000,153,356,604,31060,0,0
time,4,adaptive,outliers_4,index_ack,20000,140,340,1120,43612,0,0
time,4,adaptive,outliers_4,cross_page_submit_subset,314,154,304,331,343,0,0
time,4,adaptive,outliers_4,far_query,20000,62,190,514,34812,0,0
time,4,adaptive,boundary_4,price_query,20000,59,201,524,6037,0,0
time,4,adaptive,boundary_4,near_range8,20000,96,240,580,34950,0,0
time,4,adaptive,boundary_4,index_submit,20000,144,200,982,64872,0,0
time,4,adaptive,boundary_4,index_ack,20000,151,240,428,32007,0,0
time,4,adaptive,boundary_4,cross_page_submit_subset,5000,141,190,593,50558,0,0
time,4,adaptive,jump_4,price_query,20000,60,275,615,6040,0,0
time,4,adaptive,jump_4,near_range8,20000,95,235,501,44707,0,0
time,4,adaptive,jump_4,index_submit,20000,147,211,426,33225,0,0
time,4,adaptive,jump_4,index_ack,20000,138,240,452,103353,0,0
time,4,adaptive,jump_4,cross_page_submit_subset,3746,157,229,274,1050,0,0
time,4,adaptive,jump_4,jump_submit_subset,2496,170,235,274,1050,0,0
time,4,adaptive,rolling_32,price_query,20000,66,192,474,28312,0,0
time,4,adaptive,rolling_32,near_range8,20000,134,264,560,40022,0,0
time,4,adaptive,rolling_32,index_submit,20000,152,212,544,40688,0,0
time,4,adaptive,rolling_32,index_ack,20000,122,216,350,42937,0,0
time,4,adaptive,rolling_32,cross_page_submit_subset,305,150,214,236,6100,0,0
time,4,adaptive,outliers_32,price_query,20000,68,207,541,33673,0,0
time,4,adaptive,outliers_32,near_range8,20000,137,278,604,77416,0,0
time,4,adaptive,outliers_32,index_submit,20000,156,234,577,45755,0,0
time,4,adaptive,outliers_32,index_ack,20000,122,222,408,30579,0,0
time,4,adaptive,outliers_32,cross_page_submit_subset,305,158,216,287,412,0,0
time,4,adaptive,outliers_32,far_query,20000,69,202,475,34480,0,0
time,4,adaptive,boundary_32,price_query,20000,68,208,486,28268,0,0
time,4,adaptive,boundary_32,near_range8,20000,135,262,572,44750,0,0
time,4,adaptive,boundary_32,index_submit,20000,154,217,476,70899,0,0
time,4,adaptive,boundary_32,index_ack,20000,144,253,453,56600,0,0
time,4,adaptive,boundary_32,cross_page_submit_subset,625,158,221,267,800,0,0
time,4,adaptive,jump_32,price_query,20000,66,228,582,69003,0,0
time,4,adaptive,jump_32,near_range8,20000,131,274,750,30666,0,0
time,4,adaptive,jump_32,index_submit,20000,150,250,701,46453,0,0
time,4,adaptive,jump_32,index_ack,20000,124,292,547,37321,0,0
time,4,adaptive,jump_32,cross_page_submit_subset,2652,177,279,477,856,0,0
time,4,adaptive,jump_32,jump_submit_subset,2496,179,280,415,684,0,0
time,4,adaptive,rolling_128,price_query,20000,58,132,250,29012,0,0
time,4,adaptive,rolling_128,near_range8,20000,76,230,576,28448,0,0
time,4,adaptive,rolling_128,index_submit,20000,99,206,1001,44834,0,0
time,4,adaptive,rolling_128,index_ack,20000,73,180,378,29445,0,0
time,4,adaptive,rolling_128,cross_page_submit_subset,312,98,230,274,300,0,0
time,4,adaptive,outliers_128,price_query,20000,58,95,210,101974,0,0
time,4,adaptive,outliers_128,near_range8,20000,76,210,530,59673,0,0
time,4,adaptive,outliers_128,index_submit,20000,100,190,605,51655,0,0
time,4,adaptive,outliers_128,index_ack,20000,71,146,301,45266,0,0
time,4,adaptive,outliers_128,cross_page_submit_subset,312,101,181,201,210,0,0
time,4,adaptive,outliers_128,far_query,20000,57,91,208,523591,0,0
time,4,adaptive,boundary_128,price_query,20000,74,172,490,55269,0,0
time,4,adaptive,boundary_128,near_range8,20000,143,255,584,52253,0,0
time,4,adaptive,boundary_128,index_submit,20000,166,214,420,33705,0,0
time,4,adaptive,boundary_128,index_ack,20000,150,239,462,46183,0,0
time,4,adaptive,boundary_128,cross_page_submit_subset,313,169,253,353,420,0,0
time,4,adaptive,jump_128,price_query,20000,73,160,422,39604,0,0
time,4,adaptive,jump_128,near_range8,20000,142,240,474,51360,0,0
time,4,adaptive,jump_128,index_submit,20000,165,267,973,36318,0,0
time,4,adaptive,jump_128,index_ack,20000,125,357,564,34888,0,0
time,4,adaptive,jump_128,cross_page_submit_subset,2704,194,346,1414,5253,0,0
time,4,adaptive,jump_128,jump_submit_subset,2432,200,348,1414,5253,0,0
time,4,adaptive,4096books_4near_2far,price_query,20000,302,995,4851,49772,0,0
time,4,adaptive,new_book_growth,index_insert,20000,473,4580,32053,2433621,0,0
time,4,adaptive,engine_cancel_rehang_4near,cancel_to_command,20000,1767,4170,41888,1603786,0,0
time,4,adaptive,engine_cancel_rehang_4near,new_to_command,20000,2103,13969,43957,506342,0,0
time,4,adaptive,engine_cancel_rehang_4near,accepted_report,20000,1434,6591,35772,102923,0,0
time,4,adaptive,engine_cancel_rehang_4near,canceled_report,20000,1440,6726,38831,92331,0,0
time,4,adaptive,engine_rolling_4_2far,price_query,20000,56,156,453,4276,0,0
time,4,adaptive,engine_rolling_4_2far,intent_to_command,20000,1481,5738,37341,3481622,0,0
time,4,adaptive,engine_rolling_4_2far,intent_queued,20000,795,4100,36167,133761,0,0
time,4,adaptive,engine_rolling_4_2far,replace_report,20000,1229,6643,41097,985348,0,0
time,4,adaptive,engine_rolling_4_2far,ready_to_command,20000,1170,4645,38149,1274788,0,0
time,4,adaptive,engine_jump_4_2far,price_query,20000,47,129,269,22972,0,0
time,4,adaptive,engine_jump_4_2far,intent_to_command,20000,1514,4974,37423,129476,0,0
time,4,adaptive,engine_jump_4_2far,intent_queued,20000,785,3989,26914,248527,0,0
time,4,adaptive,engine_jump_4_2far,replace_report,20000,1229,6439,37623,150240,0,0
time,4,adaptive,engine_jump_4_2far,ready_to_command,20000,1202,4415,36409,385153,0,0
time,4,adaptive,engine_jump_4_2far,jump_intent_subset,2496,1501,4384,9192,46559,0,0
time,4,adaptive,engine_rolling_32_2far,price_query,20000,85,210,630,72650,0,0
time,4,adaptive,engine_rolling_32_2far,intent_to_command,20000,1850,5836,42492,143934,0,0
time,4,adaptive,engine_rolling_32_2far,intent_queued,20000,902,4233,33384,220100,0,0
time,4,adaptive,engine_rolling_32_2far,replace_report,20000,1399,6481,37462,108852,0,0
time,4,adaptive,engine_rolling_32_2far,ready_to_command,20000,1443,4894,39040,95798,0,0
time,4,adaptive,engine_jump_32_2far,price_query,20000,78,221,564,47579,0,0
time,4,adaptive,engine_jump_32_2far,intent_to_command,20000,1863,5934,39852,139573,0,0
time,4,adaptive,engine_jump_32_2far,intent_queued,20000,918,4322,37484,104382,0,0
time,4,adaptive,engine_jump_32_2far,replace_report,20000,1399,6733,41349,77026,0,0
time,4,adaptive,engine_jump_32_2far,ready_to_command,20000,1457,4886,38913,235421,0,0
time,4,adaptive,engine_jump_32_2far,jump_intent_subset,2496,1864,4517,36490,48253,0,0
time,4,pages,rolling_4,price_query,20000,45,187,496,1050,0,0
time,4,pages,rolling_4,near_range8,20000,87,264,619,226773,0,0
time,4,pages,rolling_4,index_submit,20000,128,213,697,38118,0,0
time,4,pages,rolling_4,index_ack,20000,110,213,561,47841,0,0
time,4,pages,rolling_4,cross_page_submit_subset,314,137,456,636,732,0,0
time,4,pages,rolling_4,page_creation_subset,78,289,636,636,732,0,0
time,4,pages,outliers_4,price_query,20000,37,60,188,26200,0,0
time,4,pages,outliers_4,near_range8,20000,63,212,442,77644,0,0
time,4,pages,outliers_4,index_submit,20000,86,185,312,24188,0,0
time,4,pages,outliers_4,index_ack,20000,84,176,325,210446,0,0
time,4,pages,outliers_4,cross_page_submit_subset,314,93,380,527,542,0,0
time,4,pages,outliers_4,page_creation_subset,78,169,527,527,542,0,0
time,4,pages,outliers_4,far_query,20000,37,62,189,3395,0,0
time,4,pages,boundary_4,price_query,20000,37,58,147,24863,0,0
time,4,pages,boundary_4,near_range8,20000,66,206,442,40629,0,0
time,4,pages,boundary_4,index_submit,20000,84,163,298,70443,0,0
time,4,pages,boundary_4,index_ack,20000,87,191,352,27588,0,0
time,4,pages,boundary_4,cross_page_submit_subset,5000,84,157,297,3478,0,0
time,4,pages,jump_4,price_query,20000,37,53,95,2969,0,0
time,4,pages,jump_4,near_range8,20000,63,192,421,17177,0,0
time,4,pages,jump_4,index_submit,20000,86,170,293,26088,0,0
time,4,pages,jump_4,index_ack,20000,74,165,287,23098,0,0
time,4,pages,jump_4,cross_page_submit_subset,3746,91,228,327,1054,0,0
time,4,pages,jump_4,page_creation_subset,1248,144,265,330,373,0,0
time,4,pages,jump_4,jump_submit_subset,2496,126,249,330,1054,0,0
time,4,pages,rolling_32,price_query,20000,37,63,203,21710,0,0
time,4,pages,rolling_32,near_range8,20000,75,224,625,227495,0,0
time,4,pages,rolling_32,index_submit,20000,82,181,435,44825,0,0
time,4,pages,rolling_32,index_ack,20000,69,157,376,28577,0,0
time,4,pages,rolling_32,cross_page_submit_subset,305,90,443,578,659,0,0
time,4,pages,rolling_32,page_creation_subset,10,255,578,578,659,0,0
time,4,pages,outliers_32,price_query,20000,38,101,219,49961,0,0
time,4,pages,outliers_32,near_range8,20000,74,233,457,29235,0,0
time,4,pages,outliers_32,index_submit,20000,82,202,432,681597,0,0
time,4,pages,outliers_32,index_ack,20000,68,175,390,29510,0,0
time,4,pages,outliers_32,cross_page_submit_subset,305,91,349,540,803,0,0
time,4,pages,outliers_32,page_creation_subset,10,321,540,540,803,0,0
time,4,pages,outliers_32,far_query,20000,37,90,205,113255,0,0
time,4,pages,boundary_32,price_query,20000,37,73,189,23906,0,0
time,4,pages,boundary_32,near_range8,20000,79,230,541,5644,0,0
time,4,pages,boundary_32,index_submit,20000,80,173,315,120098,0,0
time,4,pages,boundary_32,index_ack,20000,83,188,318,34394,0,0
time,4,pages,boundary_32,cross_page_submit_subset,625,86,178,275,291,0,0
time,4,pages,jump_32,price_query,20000,38,161,375,25451,0,0
time,4,pages,jump_32,near_range8,20000,77,252,681,41044,0,0
time,4,pages,jump_32,index_submit,20000,88,203,438,70229,0,0
time,4,pages,jump_32,index_ack,20000,81,197,407,41902,0,0
time,4,pages,jump_32,cross_page_submit_subset,2652,94,307,1002,1064,0,0
time,4,pages,jump_32,page_creation_subset,156,181,431,508,587,0,0
time,4,pages,jump_32,jump_submit_subset,2496,94,311,587,1064,0,0
time,4,pages,rolling_128,price_query,20000,37,66,185,5481,0,0
time,4,pages,rolling_128,near_range8,20000,75,219,412,24580,0,0
time,4,pages,rolling_128,index_submit,20000,82,167,406,39305,0,0
time,4,pages,rolling_128,index_ack,20000,71,141,329,22877,0,0
time,4,pages,rolling_128,cross_page_submit_subset,312,92,175,411,422,0,0
time,4,pages,rolling_128,page_creation_subset,3,411,411,411,422,0,0
time,4,pages,outliers_128,price_query,20000,38,57,127,21430,0,0
time,4,pages,outliers_128,near_range8,20000,75,186,502,91246,0,0
time,4,pages,outliers_128,index_submit,20000,83,173,436,33662,0,0
time,4,pages,outliers_128,index_ack,20000,70,169,373,37447,0,0
time,4,pages,outliers_128,cross_page_submit_subset,312,95,494,824,2162,0,0
time,4,pages,outliers_128,page_creation_subset,3,710,710,710,824,0,0
time,4,pages,outliers_128,far_query,20000,38,57,167,376501,0,0
time,4,pages,boundary_128,price_query,20000,37,66,199,92542,0,0
time,4,pages,boundary_128,near_range8,20000,79,215,394,31624,0,0
time,4,pages,boundary_128,index_submit,20000,82,160,324,24986,0,0
time,4,pages,boundary_128,index_ack,20000,83,157,322,30033,0,0
time,4,pages,boundary_128,cross_page_submit_subset,313,96,156,210,295,0,0
time,4,pages,jump_128,price_query,20000,38,155,417,34302,0,0
time,4,pages,jump_128,near_range8,20000,76,241,608,31206,0,0
time,4,pages,jump_128,index_submit,20000,86,209,958,129272,0,0
time,4,pages,jump_128,index_ack,20000,74,220,842,73908,0,0
time,4,pages,jump_128,cross_page_submit_subset,2704,96,363,1087,27299,0,0
time,4,pages,jump_128,page_creation_subset,77,219,946,946,1087,0,0
time,4,pages,jump_128,jump_submit_subset,2432,95,339,1087,27299,0,0
time,4,pages,4096books_4near_2far,price_query,20000,560,1527,7985,49069,0,0
time,4,pages,new_book_growth,index_insert,20000,589,50969,90245,2043481,0,0
time,4,pages,new_book_growth,page_block_growth_subset,313,52829,194578,1101707,2043481,0,0
time,4,pages,engine_cancel_rehang_4near,cancel_to_command,20000,1384,4126,40095,1367603,0,0
time,4,pages,engine_cancel_rehang_4near,new_to_command,20000,1690,8893,41337,894663,0,0
time,4,pages,engine_cancel_rehang_4near,accepted_report,20000,1126,6027,39129,1100855,0,0
time,4,pages,engine_cancel_rehang_4near,canceled_report,20000,1160,6147,38259,171374,0,0
time,4,pages,engine_rolling_4_2far,price_query,20000,52,107,225,29445,0,0
time,4,pages,engine_rolling_4_2far,intent_to_command,20000,1135,4206,32453,199853,0,0
time,4,pages,engine_rolling_4_2far,intent_queued,20000,634,3362,20822,62093,0,0
time,4,pages,engine_rolling_4_2far,replace_report,20000,957,4667,26673,54986,0,0
time,4,pages,engine_rolling_4_2far,ready_to_command,20000,910,3719,25158,428210,0,0
time,4,pages,engine_jump_4_2far,price_query,20000,40,108,241,2663,0,0
time,4,pages,engine_jump_4_2far,intent_to_command,20000,1129,4523,30456,698730,0,0
time,4,pages,engine_jump_4_2far,intent_queued,20000,622,3557,24348,680115,0,0
time,4,pages,engine_jump_4_2far,replace_report,20000,939,5940,30285,652830,0,0
time,4,pages,engine_jump_4_2far,ready_to_command,20000,893,3352,28693,260857,0,0
time,4,pages,engine_jump_4_2far,jump_intent_subset,2496,1142,4419,48914,587880,0,0
time,4,pages,engine_rolling_32_2far,price_query,20000,52,107,241,57053,0,0
time,4,pages,engine_rolling_32_2far,intent_to_command,20000,1083,3982,28968,103145,0,0
time,4,pages,engine_rolling_32_2far,intent_queued,20000,580,2844,23373,49116,0,0
time,4,pages,engine_rolling_32_2far,replace_report,20000,855,4442,27795,116561,0,0
time,4,pages,engine_rolling_32_2far,ready_to_command,20000,893,3185,23991,88532,0,0
time,4,pages,engine_jump_32_2far,price_query,20000,68,137,409,28897,0,0
time,4,pages,engine_jump_32_2far,intent_to_command,20000,1847,5447,41474,577789,0,0
time,4,pages,engine_jump_32_2far,intent_queued,20000,901,4039,34179,184934,0,0
time,4,pages,engine_jump_32_2far,replace_report,20000,1362,5563,38034,202905,0,0
time,4,pages,engine_jump_32_2far,ready_to_command,20000,1493,4855,37996,147303,0,0
time,4,pages,engine_jump_32_2far,jump_intent_subset,2496,1843,3489,32280,46786,0,0
time,4,standard,rolling_4,price_query,20000,49,208,549,31655,0,0
time,4,standard,rolling_4,near_range8,20000,88,278,590,81215,0,0
time,4,standard,rolling_4,index_submit,20000,120,208,491,47950,0,0
time,4,standard,rolling_4,index_ack,20000,125,250,579,49281,0,0
time,4,standard,rolling_4,cross_page_submit_subset,314,121,193,220,230,0,0
time,4,standard,outliers_4,price_query,20000,34,169,469,5884,0,0
time,4,standard,outliers_4,near_range8,20000,56,243,974,203901,0,0
time,4,standard,outliers_4,index_submit,20000,87,225,1026,728464,0,0
time,4,standard,outliers_4,index_ack,20000,91,300,1101,45038,0,0
time,4,standard,outliers_4,cross_page_submit_subset,314,88,252,305,327,0,0
time,4,standard,outliers_4,far_query,20000,34,159,538,127598,0,0
time,4,standard,boundary_4,price_query,20000,32,64,183,34619,0,0
time,4,standard,boundary_4,near_range8,20000,53,197,456,22335,0,0
time,4,standard,boundary_4,index_submit,20000,80,158,292,22760,0,0
time,4,standard,boundary_4,index_ack,20000,92,220,396,26935,0,0
time,4,standard,boundary_4,cross_page_submit_subset,5000,79,147,283,22760,0,0
time,4,standard,jump_4,price_query,20000,32,70,173,256532,0,0
time,4,standard,jump_4,near_range8,20000,51,184,399,74722,0,0
time,4,standard,jump_4,index_submit,20000,78,167,260,21836,0,0
time,4,standard,jump_4,index_ack,20000,73,218,402,35164,0,0
time,4,standard,jump_4,cross_page_submit_subset,3746,86,187,295,21836,0,0
time,4,standard,jump_4,jump_submit_subset,2496,89,198,295,683,0,0
time,4,standard,rolling_32,price_query,20000,35,61,109,26285,0,0
time,4,standard,rolling_32,near_range8,20000,78,178,300,18084,0,0
time,4,standard,rolling_32,index_submit,20000,78,137,215,31410,0,0
time,4,standard,rolling_32,index_ack,20000,66,141,328,22495,0,0
time,4,standard,rolling_32,cross_page_submit_subset,305,77,132,165,237,0,0
time,4,standard,outliers_32,price_query,20000,35,67,145,21391,0,0
time,4,standard,outliers_32,near_range8,20000,76,215,447,297046,0,0
time,4,standard,outliers_32,index_submit,20000,97,177,308,47616,0,0
time,4,standard,outliers_32,index_ack,20000,66,187,458,24023,0,0
time,4,standard,outliers_32,cross_page_submit_subset,305,97,168,180,206,0,0
time,4,standard,outliers_32,far_query,20000,37,71,119,116882,0,0
time,4,standard,boundary_32,price_query,20000,35,62,113,289,0,0
time,4,standard,boundary_32,near_range8,20000,75,180,322,29187,0,0
time,4,standard,boundary_32,index_submit,20000,76,149,225,16479,0,0
time,4,standard,boundary_32,index_ack,20000,92,208,412,27427,0,0
time,4,standard,boundary_32,cross_page_submit_subset,625,82,149,197,200,0,0
time,4,standard,jump_32,price_query,20000,35,78,177,27451,0,0
time,4,standard,jump_32,near_range8,20000,80,217,466,69941,0,0
time,4,standard,jump_32,index_submit,20000,84,184,338,38279,0,0
time,4,standard,jump_32,index_ack,20000,67,277,514,39738,0,0
time,4,standard,jump_32,cross_page_submit_subset,2652,103,243,445,1315,0,0
time,4,standard,jump_32,jump_submit_subset,2496,104,250,445,1315,0,0
time,4,standard,rolling_128,price_query,20000,65,172,466,2993161,0,0
time,4,standard,rolling_128,near_range8,20000,150,318,1074,278671,0,0
time,4,standard,rolling_128,index_submit,20000,154,264,1078,505434,0,0
time,4,standard,rolling_128,index_ack,20000,105,260,1615,54253,0,0
time,4,standard,rolling_128,cross_page_submit_subset,312,154,252,336,884,0,0
time,4,standard,outliers_128,price_query,20000,68,190,504,14860,0,0
time,4,standard,outliers_128,near_range8,20000,166,334,655,50770,0,0
time,4,standard,outliers_128,index_submit,20000,159,241,884,82454,0,0
time,4,standard,outliers_128,index_ack,20000,110,269,1064,54402,0,0
time,4,standard,outliers_128,cross_page_submit_subset,312,163,214,270,298,0,0
time,4,standard,outliers_128,far_query,20000,72,190,514,60944,0,0
time,4,standard,boundary_128,price_query,20000,65,188,512,45064,0,0
time,4,standard,boundary_128,near_range8,20000,158,342,715,51484,0,0
time,4,standard,boundary_128,index_submit,20000,150,253,563,51768,0,0
time,4,standard,boundary_128,index_ack,20000,152,441,886,55509,0,0
time,4,standard,boundary_128,cross_page_submit_subset,313,150,248,361,1017,0,0
time,4,standard,jump_128,price_query,20000,73,189,542,55523,0,0
time,4,standard,jump_128,near_range8,20000,170,345,615,32887,0,0
time,4,standard,jump_128,index_submit,20000,168,347,854,56362,0,0
time,4,standard,jump_128,index_ack,20000,116,507,1002,31157,0,0
time,4,standard,jump_128,cross_page_submit_subset,2704,199,678,1092,33472,0,0
time,4,standard,jump_128,jump_submit_subset,2432,203,697,1092,33472,0,0
time,4,standard,4096books_4near_2far,price_query,20000,354,1075,7115,56476,0,0
time,4,standard,new_book_growth,index_insert,20000,488,5771,32851,2160640,0,0
time,4,standard,engine_cancel_rehang_4near,cancel_to_command,20000,1718,2788,38564,1646940,0,0
time,4,standard,engine_cancel_rehang_4near,new_to_command,20000,2085,14799,42409,442242,0,0
time,4,standard,engine_cancel_rehang_4near,accepted_report,20000,1500,5323,37418,146271,0,0
time,4,standard,engine_cancel_rehang_4near,canceled_report,20000,1539,6072,37854,65129,0,0
time,4,standard,engine_rolling_4_2far,price_query,20000,59,125,424,43023,0,0
time,4,standard,engine_rolling_4_2far,intent_to_command,20000,1759,5477,37403,108811,0,0
time,4,standard,engine_rolling_4_2far,intent_queued,20000,907,4202,34241,68376,0,0
time,4,standard,engine_rolling_4_2far,replace_report,20000,1429,6088,35205,110402,0,0
time,4,standard,engine_rolling_4_2far,ready_to_command,20000,1426,4781,34710,55067,0,0
time,4,standard,engine_jump_4_2far,price_query,20000,35,108,269,30646,0,0
time,4,standard,engine_jump_4_2far,intent_to_command,20000,1175,4842,33585,109651,0,0
time,4,standard,engine_jump_4_2far,intent_queued,20000,665,3733,19530,58596,0,0
time,4,standard,engine_jump_4_2far,replace_report,20000,1010,6307,25633,59838,0,0
time,4,standard,engine_jump_4_2far,ready_to_command,20000,933,4062,20549,53600,0,0
time,4,standard,engine_jump_4_2far,jump_intent_subset,2496,1155,4562,21949,51560,0,0
time,4,standard,engine_rolling_32_2far,price_query,20000,71,144,300,25391,0,0
time,4,standard,engine_rolling_32_2far,intent_to_command,20000,1160,4528,24953,62077,0,0
time,4,standard,engine_rolling_32_2far,intent_queued,20000,634,3295,11349,151838,0,0
time,4,standard,engine_rolling_32_2far,replace_report,20000,930,4574,34154,90332,0,0
time,4,standard,engine_rolling_32_2far,ready_to_command,20000,930,4208,27771,51316,0,0
time,4,standard,engine_jump_32_2far,price_query,20000,76,240,460,23197,0,0
time,4,standard,engine_jump_32_2far,intent_to_command,20000,1791,5713,42764,261880,0,0
time,4,standard,engine_jump_32_2far,intent_queued,20000,860,4130,24144,314357,0,0
time,4,standard,engine_jump_32_2far,replace_report,20000,1328,6420,36039,120548,0,0
time,4,standard,engine_jump_32_2far,ready_to_command,20000,1422,4863,34205,749263,0,0
time,4,standard,engine_jump_32_2far,jump_intent_subset,2496,1773,4495,37507,71260,0,0
time,5,standard,rolling_4,price_query,20000,33,122,571,255525,0,0
time,5,standard,rolling_4,near_range8,20000,51,237,16149,249022,0,0
time,5,standard,rolling_4,index_submit,20000,75,225,16362,127617,0,0
time,5,standard,rolling_4,index_ack,20000,72,304,20947,692243,0,0
time,5,standard,rolling_4,cross_page_submit_subset,314,75,189,205,210,0,0
time,5,standard,outliers_4,price_query,20000,42,188,543,132584,0,0
time,5,standard,outliers_4,near_range8,20000,82,267,964,31680,0,0
time,5,standard,outliers_4,index_submit,20000,116,222,1056,108933,0,0
time,5,standard,outliers_4,index_ack,20000,112,287,1011,187286,0,0
time,5,standard,outliers_4,cross_page_submit_subset,314,117,191,593,1076,0,0
time,5,standard,outliers_4,far_query,20000,42,189,501,52400,0,0
time,5,standard,boundary_4,price_query,20000,46,221,547,42467,0,0
time,5,standard,boundary_4,near_range8,20000,91,276,972,32628,0,0
time,5,standard,boundary_4,index_submit,20000,125,200,1019,49580,0,0
time,5,standard,boundary_4,index_ack,20000,147,295,1101,31886,0,0
time,5,standard,boundary_4,cross_page_submit_subset,5000,121,183,1002,22681,0,0
time,5,standard,jump_4,price_query,20000,36,180,496,25025,0,0
time,5,standard,jump_4,near_range8,20000,70,245,604,28558,0,0
time,5,standard,jump_4,index_submit,20000,103,186,299,48306,0,0
time,5,standard,jump_4,index_ack,20000,107,259,996,52418,0,0
time,5,standard,jump_4,cross_page_submit_subset,3746,114,193,251,48306,0,0
time,5,standard,jump_4,jump_submit_subset,2496,122,196,237,274,0,0
time,5,standard,rolling_32,price_query,20000,35,66,116,31010,0,0
time,5,standard,rolling_32,near_range8,20000,78,199,357,50050,0,0
time,5,standard,rolling_32,index_submit,20000,81,158,269,25466,0,0
time,5,standard,rolling_32,index_ack,20000,67,161,396,19055,0,0
time,5,standard,rolling_32,cross_page_submit_subset,305,80,154,175,195,0,0
time,5,standard,outliers_32,price_query,20000,35,77,166,4258,0,0
time,5,standard,outliers_32,near_range8,20000,77,234,530,52979,0,0
time,5,standard,outliers_32,index_submit,20000,100,189,321,31438,0,0
time,5,standard,outliers_32,index_ack,20000,67,200,453,62848,0,0
time,5,standard,outliers_32,cross_page_submit_subset,305,100,187,248,347,0,0
time,5,standard,outliers_32,far_query,20000,37,83,212,565,0,0
time,5,standard,boundary_32,price_query,20000,35,78,185,23058,0,0
time,5,standard,boundary_32,near_range8,20000,75,234,591,30034,0,0
time,5,standard,boundary_32,index_submit,20000,76,173,312,201704,0,0
time,5,standard,boundary_32,index_ack,20000,93,250,492,38930,0,0
time,5,standard,boundary_32,cross_page_submit_subset,625,78,155,199,290,0,0
time,5,standard,jump_32,price_query,20000,35,69,122,937,0,0
time,5,standard,jump_32,near_range8,20000,78,211,446,23857,0,0
time,5,standard,jump_32,index_submit,20000,85,171,308,34957,0,0
time,5,standard,jump_32,index_ack,20000,68,248,418,4767,0,0
time,5,standard,jump_32,cross_page_submit_subset,2652,104,250,4344,34957,0,0
time,5,standard,jump_32,jump_submit_subset,2496,105,253,1126,34957,0,0
time,5,standard,rolling_128,price_query,20000,42,104,260,54903,0,0
time,5,standard,rolling_128,near_range8,20000,82,259,549,58759,0,0
time,5,standard,rolling_128,index_submit,20000,106,242,568,43485,0,0
time,5,standard,rolling_128,index_ack,20000,71,238,950,24020,0,0
time,5,standard,rolling_128,cross_page_submit_subset,312,103,253,324,334,0,0
time,5,standard,outliers_128,price_query,20000,43,90,181,28500,0,0
time,5,standard,outliers_128,near_range8,20000,83,232,520,29147,0,0
time,5,standard,outliers_128,index_submit,20000,101,190,586,42370,0,0
time,5,standard,outliers_128,index_ack,20000,71,172,990,415755,0,0
time,5,standard,outliers_128,cross_page_submit_subset,312,101,182,194,240,0,0
time,5,standard,outliers_128,far_query,20000,44,95,202,3106,0,0
time,5,standard,boundary_128,price_query,20000,66,196,518,57066,0,0
time,5,standard,boundary_128,near_range8,20000,160,354,760,364512,0,0
time,5,standard,boundary_128,index_submit,20000,156,268,1037,142502,0,0
time,5,standard,boundary_128,index_ack,20000,139,508,1192,54178,0,0
time,5,standard,boundary_128,cross_page_submit_subset,313,160,252,379,1033,0,0
time,5,standard,jump_128,price_query,20000,71,206,574,66837,0,0
time,5,standard,jump_128,near_range8,20000,165,362,1091,40990,0,0
time,5,standard,jump_128,index_submit,20000,168,354,1082,54785,0,0
time,5,standard,jump_128,index_ack,20000,113,533,1170,32687,0,0
time,5,standard,jump_128,cross_page_submit_subset,2704,199,785,1742,54785,0,0
time,5,standard,jump_128,jump_submit_subset,2432,203,785,1742,54785,0,0
time,5,standard,4096books_4near_2far,price_query,20000,385,1142,8352,75245,0,0
time,5,standard,new_book_growth,index_insert,20000,535,7198,35761,2295453,0,0
time,5,standard,engine_cancel_rehang_4near,cancel_to_command,20000,1798,2739,39036,1730338,0,0
time,5,standard,engine_cancel_rehang_4near,new_to_command,20000,2157,17309,49349,397431,0,0
time,5,standard,engine_cancel_rehang_4near,accepted_report,20000,1525,5692,38480,116985,0,0
time,5,standard,engine_cancel_rehang_4near,canceled_report,20000,1558,5550,38242,57210,0,0
time,5,standard,engine_rolling_4_2far,price_query,20000,66,125,281,39029,0,0
time,5,standard,engine_rolling_4_2far,intent_to_command,20000,1833,6180,39613,176052,0,0
time,5,standard,engine_rolling_4_2far,intent_queued,20000,949,4706,34675,57262,0,0
time,5,standard,engine_rolling_4_2far,replace_report,20000,1496,7025,39015,122129,0,0
time,5,standard,engine_rolling_4_2far,ready_to_command,20000,1493,5130,36819,64667,0,0
time,5,standard,engine_jump_4_2far,price_query,20000,64,125,275,66688,0,0
time,5,standard,engine_jump_4_2far,intent_to_command,20000,1860,5743,38853,328874,0,0
time,5,standard,engine_jump_4_2far,intent_queued,20000,962,4280,33181,49347,0,0
time,5,standard,engine_jump_4_2far,replace_report,20000,1484,7142,41911,95963,0,0
time,5,standard,engine_jump_4_2far,ready_to_command,20000,1552,4950,37502,80055,0,0
time,5,standard,engine_jump_4_2far,jump_intent_subset,2496,1858,4490,35287,43453,0,0
time,5,standard,engine_rolling_32_2far,price_query,20000,92,163,401,35709,0,0
time,5,standard,engine_rolling_32_2far,intent_to_command,20000,1915,5899,39079,119009,0,0
time,5,standard,engine_rolling_32_2far,intent_queued,20000,932,4311,12821,144780,0,0
time,5,standard,engine_rolling_32_2far,replace_report,20000,1406,7139,37108,146610,0,0
time,5,standard,engine_rolling_32_2far,ready_to_command,20000,1556,5010,35485,125106,0,0
time,5,standard,engine_jump_32_2far,price_query,20000,90,158,459,47188,0,0
time,5,standard,engine_jump_32_2far,intent_to_command,20000,1959,6251,38881,80624,0,0
time,5,standard,engine_jump_32_2far,intent_queued,20000,953,4570,32388,74371,0,0
time,5,standard,engine_jump_32_2far,replace_report,20000,1501,6839,38419,99940,0,0
time,5,standard,engine_jump_32_2far,ready_to_command,20000,1551,5160,37142,55692,0,0
time,5,standard,engine_jump_32_2far,jump_intent_subset,2496,1968,4765,37340,80624,0,0
time,5,window,rolling_4,price_query,20000,58,210,558,59865,0,0
time,5,window,rolling_4,near_range8,20000,95,251,625,36206,0,0
time,5,window,rolling_4,index_submit,20000,147,222,1015,78292,0,0
time,5,window,rolling_4,index_ack,20000,130,212,456,32330,0,0
time,5,window,rolling_4,cross_page_submit_subset,314,151,230,461,529,0,0
time,5,window,outliers_4,price_query,20000,61,198,567,51383,0,0
time,5,window,outliers_4,near_range8,20000,102,260,636,33246,0,0
time,5,window,outliers_4,index_submit,20000,157,242,1058,34160,0,0
time,5,window,outliers_4,index_ack,20000,136,221,1002,51627,0,0
time,5,window,outliers_4,cross_page_submit_subset,314,157,239,269,1048,0,0
time,5,window,outliers_4,far_query,20000,61,204,557,30677,0,0
time,5,window,boundary_4,price_query,20000,60,205,527,8242,0,0
time,5,window,boundary_4,near_range8,20000,100,253,592,36885,0,0
time,5,window,boundary_4,index_submit,20000,148,208,990,32882,0,0
time,5,window,boundary_4,index_ack,20000,150,235,1056,57911,0,0
time,5,window,boundary_4,cross_page_submit_subset,5000,143,194,444,6961,0,0
time,5,window,jump_4,price_query,20000,54,268,724,36292,0,0
time,5,window,jump_4,near_range8,20000,87,244,949,47991,0,0
time,5,window,jump_4,index_submit,20000,138,238,1094,112178,0,0
time,5,window,jump_4,index_ack,20000,126,262,1044,42163,0,0
time,5,window,jump_4,cross_page_submit_subset,3746,146,256,1236,53597,0,0
time,5,window,jump_4,jump_submit_subset,2496,159,272,1074,53597,0,0
time,5,window,rolling_32,price_query,20000,49,216,536,35717,0,0
time,5,window,rolling_32,near_range8,20000,147,313,651,38456,0,0
time,5,window,rolling_32,index_submit,20000,139,182,580,32317,0,0
time,5,window,rolling_32,index_ack,20000,118,185,308,36676,0,0
time,5,window,rolling_32,cross_page_submit_subset,305,140,226,270,317,0,0
time,5,window,outliers_32,price_query,20000,49,202,538,36981,0,0
time,5,window,outliers_32,near_range8,20000,151,324,3680,61826,0,0
time,5,window,outliers_32,index_submit,20000,142,193,997,40162,0,0
time,5,window,outliers_32,index_ack,20000,118,196,3635,38850,0,0
time,5,window,outliers_32,cross_page_submit_subset,305,141,218,268,291,0,0
time,5,window,outliers_32,far_query,20000,57,235,579,71848,0,0
time,5,window,boundary_32,price_query,20000,48,196,607,58508,0,0
time,5,window,boundary_32,near_range8,20000,144,308,3844,41615,0,0
time,5,window,boundary_32,index_submit,20000,137,209,4098,103780,0,0
time,5,window,boundary_32,index_ack,20000,127,219,3952,54997,0,0
time,5,window,boundary_32,cross_page_submit_subset,625,135,216,4114,4309,0,0
time,5,window,jump_32,price_query,20000,51,220,780,40417,0,0
time,5,window,jump_32,near_range8,20000,145,325,3938,57837,0,0
time,5,window,jump_32,index_submit,20000,142,349,4357,73223,0,0
time,5,window,jump_32,index_ack,20000,119,245,3561,40949,0,0
time,5,window,jump_32,cross_page_submit_subset,2652,178,386,4054,4766,0,0
time,5,window,jump_32,jump_submit_subset,2496,180,408,4054,4766,0,0
time,5,window,rolling_128,price_query,20000,49,200,469,4142,0,0
time,5,window,rolling_128,near_range8,20000,148,341,3759,38977,0,0
time,5,window,rolling_128,index_submit,20000,138,208,3666,8000,0,0
time,5,window,rolling_128,index_ack,20000,112,215,3678,56957,0,0
time,5,window,rolling_128,cross_page_submit_subset,312,141,202,262,274,0,0
time,5,window,outliers_128,price_query,20000,50,202,562,5555,0,0
time,5,window,outliers_128,near_range8,20000,155,336,3788,52357,0,0
time,5,window,outliers_128,index_submit,20000,145,223,3762,35153,0,0
time,5,window,outliers_128,index_ack,20000,112,248,3975,72637,0,0
time,5,window,outliers_128,cross_page_submit_subset,312,151,260,288,309,0,0
time,5,window,outliers_128,far_query,20000,66,220,551,55833,0,0
time,5,window,boundary_128,price_query,20000,51,204,943,34299,0,0
time,5,window,boundary_128,near_range8,20000,162,334,4134,54684,0,0
time,5,window,boundary_128,index_submit,20000,140,460,4846,73289,0,0
time,5,window,boundary_128,index_ack,20000,126,256,3862,35559,0,0
time,5,window,boundary_128,cross_page_submit_subset,313,145,218,300,371,0,0
time,5,window,jump_128,price_query,20000,61,233,946,34561,0,0
time,5,window,jump_128,near_range8,20000,147,341,3942,83239,0,0
time,5,window,jump_128,index_submit,20000,150,305,5745,55543,0,0
time,5,window,jump_128,index_ack,20000,117,346,3685,56188,0,0
time,5,window,jump_128,cross_page_submit_subset,2704,193,513,3782,5432,0,0
time,5,window,jump_128,jump_submit_subset,2432,196,537,3782,5432,0,0
time,5,window,4096books_4near_2far,price_query,20000,415,1271,7877,70984,0,0
time,5,window,new_book_growth,index_insert,20000,509,6260,34009,2302756,0,0
time,5,window,engine_cancel_rehang_4near,cancel_to_command,20000,1703,6348,58724,2762052,0,0
time,5,window,engine_cancel_rehang_4near,new_to_command,20000,2059,12842,51899,319582,0,0
time,5,window,engine_cancel_rehang_4near,accepted_report,20000,1456,7476,44820,204168,0,0
time,5,window,engine_cancel_rehang_4near,canceled_report,20000,1458,7550,42167,332997,0,0
time,5,window,engine_rolling_4_2far,price_query,20000,73,166,610,49755,0,0
time,5,window,engine_rolling_4_2far,intent_to_command,20000,1798,5752,37786,78416,0,0
time,5,window,engine_rolling_4_2far,intent_queued,20000,929,4391,34847,99476,0,0
time,5,window,engine_rolling_4_2far,replace_report,20000,1425,6972,37739,77858,0,0
time,5,window,engine_rolling_4_2far,ready_to_command,20000,1479,4775,36271,86915,0,0
time,5,window,engine_jump_4_2far,price_query,20000,68,159,560,37126,0,0
time,5,window,engine_jump_4_2far,intent_to_command,20000,1757,5345,40049,68635,0,0
time,5,window,engine_jump_4_2far,intent_queued,20000,890,4246,37551,75743,0,0
time,5,window,engine_jump_4_2far,replace_report,20000,1377,6867,35735,115285,0,0
time,5,window,engine_jump_4_2far,ready_to_command,20000,1452,4897,36587,60949,0,0
time,5,window,engine_jump_4_2far,jump_intent_subset,2496,1757,4408,36455,47805,0,0
time,5,window,engine_rolling_32_2far,price_query,20000,63,147,453,3793,0,0
time,5,window,engine_rolling_32_2far,intent_to_command,20000,1803,5920,37878,77552,0,0
time,5,window,engine_rolling_32_2far,intent_queued,20000,894,4433,33345,61284,0,0
time,5,window,engine_rolling_32_2far,replace_report,20000,1368,6513,39888,82763,0,0
time,5,window,engine_rolling_32_2far,ready_to_command,20000,1406,4982,39084,123721,0,0
time,5,window,engine_jump_32_2far,price_query,20000,61,144,470,52852,0,0
time,5,window,engine_jump_32_2far,intent_to_command,20000,1807,6574,41630,77879,0,0
time,5,window,engine_jump_32_2far,intent_queued,20000,896,4723,34980,66636,0,0
time,5,window,engine_jump_32_2far,replace_report,20000,1360,6851,38085,110254,0,0
time,5,window,engine_jump_32_2far,ready_to_command,20000,1425,5939,36847,83088,0,0
time,5,window,engine_jump_32_2far,jump_intent_subset,2496,1845,6633,37794,50374,0,0
time,5,adaptive,rolling_4,price_query,20000,60,192,515,39126,0,0
time,5,adaptive,rolling_4,near_range8,20000,96,235,602,74323,0,0
time,5,adaptive,rolling_4,index_submit,20000,149,208,941,77909,0,0
time,5,adaptive,rolling_4,index_ack,20000,133,224,538,70704,0,0
time,5,adaptive,rolling_4,cross_page_submit_subset,314,148,193,271,8137,0,0
time,5,adaptive,outliers_4,price_query,20000,58,193,479,38038,0,0
time,5,adaptive,outliers_4,near_range8,20000,96,233,529,36746,0,0
time,5,adaptive,outliers_4,index_submit,20000,146,220,614,53637,0,0
time,5,adaptive,outliers_4,index_ack,20000,133,217,1009,38943,0,0
time,5,adaptive,outliers_4,cross_page_submit_subset,314,143,218,260,283,0,0
time,5,adaptive,outliers_4,far_query,20000,59,200,525,5158,0,0
time,5,adaptive,boundary_4,price_query,20000,58,213,553,50255,0,0
time,5,adaptive,boundary_4,near_range8,20000,95,266,598,36752,0,0
time,5,adaptive,boundary_4,index_submit,20000,144,192,334,6995,0,0
time,5,adaptive,boundary_4,index_ack,20000,144,236,670,54610,0,0
time,5,adaptive,boundary_4,cross_page_submit_subset,5000,140,179,263,5707,0,0
time,5,adaptive,jump_4,price_query,20000,58,237,520,37476,0,0
time,5,adaptive,jump_4,near_range8,20000,93,239,608,39062,0,0
time,5,adaptive,jump_4,index_submit,20000,144,214,760,57197,0,0
time,5,adaptive,jump_4,index_ack,20000,133,248,465,57233,0,0
time,5,adaptive,jump_4,cross_page_submit_subset,3746,155,229,381,6231,0,0
time,5,adaptive,jump_4,jump_submit_subset,2496,169,240,381,6231,0,0
time,5,adaptive,rolling_32,price_query,20000,65,187,503,6938,0,0
time,5,adaptive,rolling_32,near_range8,20000,131,267,667,92964,0,0
time,5,adaptive,rolling_32,index_submit,20000,152,296,669,51526,0,0
time,5,adaptive,rolling_32,index_ack,20000,118,275,594,53769,0,0
time,5,adaptive,rolling_32,cross_page_submit_subset,305,154,310,360,365,0,0
time,5,adaptive,outliers_32,price_query,20000,67,181,475,6443,0,0
time,5,adaptive,outliers_32,near_range8,20000,135,263,669,71303,0,0
time,5,adaptive,outliers_32,index_submit,20000,157,232,460,67829,0,0
time,5,adaptive,outliers_32,index_ack,20000,119,216,362,34479,0,0
time,5,adaptive,outliers_32,cross_page_submit_subset,305,156,225,300,1091,0,0
time,5,adaptive,outliers_32,far_query,20000,65,191,493,32574,0,0
time,5,adaptive,boundary_32,price_query,20000,66,183,484,27307,0,0
time,5,adaptive,boundary_32,near_range8,20000,131,263,620,78980,0,0
time,5,adaptive,boundary_32,index_submit,20000,151,212,786,49197,0,0
time,5,adaptive,boundary_32,index_ack,20000,139,240,382,36330,0,0
time,5,adaptive,boundary_32,cross_page_submit_subset,625,153,223,319,369,0,0
time,5,adaptive,jump_32,price_query,20000,66,202,527,34816,0,0
time,5,adaptive,jump_32,near_range8,20000,127,271,614,54663,0,0
time,5,adaptive,jump_32,index_submit,20000,150,242,573,37788,0,0
time,5,adaptive,jump_32,index_ack,20000,118,292,439,50993,0,0
time,5,adaptive,jump_32,cross_page_submit_subset,2652,178,307,4423,35398,0,0
time,5,adaptive,jump_32,jump_submit_subset,2496,180,307,1029,35398,0,0
time,5,adaptive,rolling_128,price_query,20000,70,190,470,5483,0,0
time,5,adaptive,rolling_128,near_range8,20000,132,273,577,34380,0,0
time,5,adaptive,rolling_128,index_submit,20000,153,220,499,112354,0,0
time,5,adaptive,rolling_128,index_ack,20000,115,211,385,68139,0,0
time,5,adaptive,rolling_128,cross_page_submit_subset,312,153,218,283,335,0,0
time,5,adaptive,outliers_128,price_query,20000,73,191,507,48751,0,0
time,5,adaptive,outliers_128,near_range8,20000,137,274,594,32625,0,0
time,5,adaptive,outliers_128,index_submit,20000,162,240,1017,50772,0,0
time,5,adaptive,outliers_128,index_ack,20000,114,219,382,55331,0,0
time,5,adaptive,outliers_128,cross_page_submit_subset,312,163,232,276,650,0,0
time,5,adaptive,outliers_128,far_query,20000,73,196,510,49095,0,0
time,5,adaptive,boundary_128,price_query,20000,69,204,490,7550,0,0
time,5,adaptive,boundary_128,near_range8,20000,121,277,630,47213,0,0
time,5,adaptive,boundary_128,index_submit,20000,145,227,602,38149,0,0
time,5,adaptive,boundary_128,index_ack,20000,143,256,598,51727,0,0
time,5,adaptive,boundary_128,cross_page_submit_subset,313,150,224,260,291,0,0
time,5,adaptive,jump_128,price_query,20000,58,178,407,4543,0,0
time,5,adaptive,jump_128,near_range8,20000,90,257,595,40317,0,0
time,5,adaptive,jump_128,index_submit,20000,116,246,835,48121,0,0
time,5,adaptive,jump_128,index_ack,20000,89,298,561,40485,0,0
time,5,adaptive,jump_128,cross_page_submit_subset,2704,136,305,2145,24734,0,0
time,5,adaptive,jump_128,jump_submit_subset,2432,137,311,823,24734,0,0
time,5,adaptive,4096books_4near_2far,price_query,20000,334,1007,5309,53428,0,0
time,5,adaptive,new_book_growth,index_insert,20000,463,4665,36399,2338823,0,0
time,5,adaptive,engine_cancel_rehang_4near,cancel_to_command,20000,1720,4841,41273,1723370,0,0
time,5,adaptive,engine_cancel_rehang_4near,new_to_command,20000,2068,15517,49926,424199,0,0
time,5,adaptive,engine_cancel_rehang_4near,accepted_report,20000,1451,6504,40722,71242,0,0
time,5,adaptive,engine_cancel_rehang_4near,canceled_report,20000,1453,6864,41995,108328,0,0
time,5,adaptive,engine_rolling_4_2far,price_query,20000,70,159,374,39597,0,0
time,5,adaptive,engine_rolling_4_2far,intent_to_command,20000,1782,5633,40843,80228,0,0
time,5,adaptive,engine_rolling_4_2far,intent_queued,20000,905,4187,28037,294596,0,0
time,5,adaptive,engine_rolling_4_2far,replace_report,20000,1401,6336,39856,153206,0,0
time,5,adaptive,engine_rolling_4_2far,ready_to_command,20000,1466,4750,39790,60582,0,0
time,5,adaptive,engine_jump_4_2far,price_query,20000,65,146,379,38200,0,0
time,5,adaptive,engine_jump_4_2far,intent_to_command,20000,1781,5637,40830,130668,0,0
time,5,adaptive,engine_jump_4_2far,intent_queued,20000,910,4374,35237,69468,0,0
time,5,adaptive,engine_jump_4_2far,replace_report,20000,1389,6487,38896,75772,0,0
time,5,adaptive,engine_jump_4_2far,ready_to_command,20000,1460,4869,39242,77011,0,0
time,5,adaptive,engine_jump_4_2far,jump_intent_subset,2496,1771,4284,32707,54350,0,0
time,5,adaptive,engine_rolling_32_2far,price_query,20000,84,205,435,34961,0,0
time,5,adaptive,engine_rolling_32_2far,intent_to_command,20000,1841,5596,40599,79338,0,0
time,5,adaptive,engine_rolling_32_2far,intent_queued,20000,885,4159,33521,58850,0,0
time,5,adaptive,engine_rolling_32_2far,replace_report,20000,1311,6176,39155,72882,0,0
time,5,adaptive,engine_rolling_32_2far,ready_to_command,20000,1470,4746,37581,71221,0,0
time,5,adaptive,engine_jump_32_2far,price_query,20000,80,219,513,101620,0,0
time,5,adaptive,engine_jump_32_2far,intent_to_command,20000,1851,5506,40323,116005,0,0
time,5,adaptive,engine_jump_32_2far,intent_queued,20000,887,4278,36885,63061,0,0
time,5,adaptive,engine_jump_32_2far,replace_report,20000,1363,6516,38249,99603,0,0
time,5,adaptive,engine_jump_32_2far,ready_to_command,20000,1465,4959,42184,80679,0,0
time,5,adaptive,engine_jump_32_2far,jump_intent_subset,2496,1850,4346,34665,57218,0,0
time,5,pages,rolling_4,price_query,20000,54,196,483,912,0,0
time,5,pages,rolling_4,near_range8,20000,109,271,586,58167,0,0
time,5,pages,rolling_4,index_submit,20000,155,224,556,39134,0,0
time,5,pages,rolling_4,index_ack,20000,134,230,565,41883,0,0
time,5,pages,rolling_4,cross_page_submit_subset,314,161,531,550,652,0,0
time,5,pages,rolling_4,page_creation_subset,78,352,550,550,652,0,0
time,5,pages,outliers_4,price_query,20000,54,187,511,41784,0,0
time,5,pages,outliers_4,near_range8,20000,110,263,618,32960,0,0
time,5,pages,outliers_4,index_submit,20000,155,228,563,41538,0,0
time,5,pages,outliers_4,index_ack,20000,135,244,504,38936,0,0
time,5,pages,outliers_4,cross_page_submit_subset,314,166,643,672,773,0,0
time,5,pages,outliers_4,page_creation_subset,78,408,672,672,773,0,0
time,5,pages,outliers_4,far_query,20000,55,191,463,30826,0,0
time,5,pages,boundary_4,price_query,20000,55,194,455,6581,0,0
time,5,pages,boundary_4,near_range8,20000,120,280,596,57080,0,0
time,5,pages,boundary_4,index_submit,20000,154,204,400,113865,0,0
time,5,pages,boundary_4,index_ack,20000,158,265,455,51241,0,0
time,5,pages,boundary_4,cross_page_submit_subset,5000,151,193,505,74088,0,0
time,5,pages,jump_4,price_query,20000,52,205,491,38367,0,0
time,5,pages,jump_4,near_range8,20000,104,258,587,50738,0,0
time,5,pages,jump_4,index_submit,20000,152,290,408,50647,0,0
time,5,pages,jump_4,index_ack,20000,132,288,449,56318,0,0
time,5,pages,jump_4,cross_page_submit_subset,3746,166,321,484,1077,0,0
time,5,pages,jump_4,page_creation_subset,1248,255,394,685,1077,0,0
time,5,pages,jump_4,jump_submit_subset,2496,189,347,553,1077,0,0
time,5,pages,rolling_32,price_query,20000,37,45,62,5760,0,0
time,5,pages,rolling_32,near_range8,20000,74,171,287,18929,0,0
time,5,pages,rolling_32,index_submit,20000,79,120,234,23342,0,0
time,5,pages,rolling_32,index_ack,20000,66,105,213,22301,0,0
time,5,pages,rolling_32,cross_page_submit_subset,305,88,248,348,397,0,0
time,5,pages,rolling_32,page_creation_subset,10,238,348,348,397,0,0
time,5,pages,outliers_32,price_query,20000,37,42,61,20290,0,0
time,5,pages,outliers_32,near_range8,20000,74,133,253,30106,0,0
time,5,pages,outliers_32,index_submit,20000,80,113,251,29482,0,0
time,5,pages,outliers_32,index_ack,20000,66,106,213,31683,0,0
time,5,pages,outliers_32,cross_page_submit_subset,305,88,290,373,573,0,0
time,5,pages,outliers_32,page_creation_subset,10,290,373,373,573,0,0
time,5,pages,outliers_32,far_query,20000,37,40,61,3957,0,0
time,5,pages,boundary_32,price_query,20000,37,46,62,19523,0,0
time,5,pages,boundary_32,near_range8,20000,78,152,263,28354,0,0
time,5,pages,boundary_32,index_submit,20000,80,119,171,40563,0,0
time,5,pages,boundary_32,index_ack,20000,82,124,236,23407,0,0
time,5,pages,boundary_32,cross_page_submit_subset,625,87,121,151,177,0,0
time,5,pages,jump_32,price_query,20000,37,42,69,343,0,0
time,5,pages,jump_32,near_range8,20000,74,146,311,28655,0,0
time,5,pages,jump_32,index_submit,20000,79,150,355,21401,0,0
time,5,pages,jump_32,index_ack,20000,66,148,380,29674,0,0
time,5,pages,jump_32,cross_page_submit_subset,2652,90,254,392,606,0,0
time,5,pages,jump_32,page_creation_subset,156,162,375,400,606,0,0
time,5,pages,jump_32,jump_submit_subset,2496,90,263,392,606,0,0
time,5,pages,rolling_128,price_query,20000,37,43,55,2020,0,0
time,5,pages,rolling_128,near_range8,20000,75,159,309,35540,0,0
time,5,pages,rolling_128,index_submit,20000,81,122,280,22630,0,0
time,5,pages,rolling_128,index_ack,20000,70,109,262,21602,0,0
time,5,pages,rolling_128,cross_page_submit_subset,312,92,190,520,843,0,0
time,5,pages,rolling_128,page_creation_subset,3,520,520,520,843,0,0
time,5,pages,outliers_128,price_query,20000,37,47,60,4910,0,0
time,5,pages,outliers_128,near_range8,20000,75,113,246,21632,0,0
time,5,pages,outliers_128,index_submit,20000,83,115,220,29455,0,0
time,5,pages,outliers_128,index_ack,20000,71,109,231,20777,0,0
time,5,pages,outliers_128,cross_page_submit_subset,312,95,277,3908,29455,0,0
time,5,pages,outliers_128,page_creation_subset,3,288,288,288,414,0,0
time,5,pages,outliers_128,far_query,20000,38,44,60,27110,0,0
time,5,pages,boundary_128,price_query,20000,37,42,61,18084,0,0
time,5,pages,boundary_128,near_range8,20000,79,110,228,20322,0,0
time,5,pages,boundary_128,index_submit,20000,82,110,175,30787,0,0
time,5,pages,boundary_128,index_ack,20000,82,111,227,31940,0,0
time,5,pages,boundary_128,cross_page_submit_subset,313,94,123,132,134,0,0
time,5,pages,jump_128,price_query,20000,37,50,66,22073,0,0
time,5,pages,jump_128,near_range8,20000,75,139,257,32867,0,0
time,5,pages,jump_128,index_submit,20000,82,150,282,35411,0,0
time,5,pages,jump_128,index_ack,20000,72,156,308,28082,0,0
time,5,pages,jump_128,cross_page_submit_subset,2704,94,231,662,4094,0,0
time,5,pages,jump_128,page_creation_subset,77,185,363,363,662,0,0
time,5,pages,jump_128,jump_submit_subset,2432,94,223,662,4094,0,0
time,5,pages,4096books_4near_2far,price_query,20000,393,1334,6095,35177,0,0
time,5,pages,new_book_growth,index_insert,20000,380,37459,68033,1449307,0,0
time,5,pages,new_book_growth,page_block_growth_subset,313,38193,239962,732868,1449307,0,0
time,5,pages,engine_cancel_rehang_4near,cancel_to_command,20000,1058,2794,29141,1178171,0,0
time,5,pages,engine_cancel_rehang_4near,new_to_command,20000,1365,8764,37362,279055,0,0
time,5,pages,engine_cancel_rehang_4near,accepted_report,20000,960,4727,30336,178247,0,0
time,5,pages,engine_cancel_rehang_4near,canceled_report,20000,976,4674,26305,648249,0,0
time,5,pages,engine_rolling_4_2far,price_query,20000,48,109,224,27894,0,0
time,5,pages,engine_rolling_4_2far,intent_to_command,20000,1094,4532,27718,1233318,0,0
time,5,pages,engine_rolling_4_2far,intent_queued,20000,585,3397,23204,213263,0,0
time,5,pages,engine_rolling_4_2far,replace_report,20000,877,5832,21932,50648,0,0
time,5,pages,engine_rolling_4_2far,ready_to_command,20000,900,3171,21877,363918,0,0
time,5,pages,engine_jump_4_2far,price_query,20000,40,91,177,13203,0,0
time,5,pages,engine_jump_4_2far,intent_to_command,20000,1072,3872,26205,47594,0,0
time,5,pages,engine_jump_4_2far,intent_queued,20000,570,2973,7393,54614,0,0
time,5,pages,engine_jump_4_2far,replace_report,20000,854,4637,22832,62585,0,0
time,5,pages,engine_jump_4_2far,ready_to_command,20000,883,3054,23419,41781,0,0
time,5,pages,engine_jump_4_2far,jump_intent_subset,2496,1090,2961,9116,42221,0,0
time,5,pages,engine_rolling_32_2far,price_query,20000,56,120,340,50104,0,0
time,5,pages,engine_rolling_32_2far,intent_to_command,20000,1257,4943,35967,714115,0,0
time,5,pages,engine_rolling_32_2far,intent_queued,20000,690,3788,27875,428165,0,0
time,5,pages,engine_rolling_32_2far,replace_report,20000,1048,5012,36506,1083806,0,0
time,5,pages,engine_rolling_32_2far,ready_to_command,20000,963,4388,31034,703892,0,0
time,5,pages,engine_jump_32_2far,price_query,20000,67,180,407,46601,0,0
time,5,pages,engine_jump_32_2far,intent_to_command,20000,1867,6736,41159,126494,0,0
time,5,pages,engine_jump_32_2far,intent_queued,20000,911,4455,36768,70748,0,0
time,5,pages,engine_jump_32_2far,replace_report,20000,1393,6944,37829,137276,0,0
time,5,pages,engine_jump_32_2far,ready_to_command,20000,1440,5065,38578,67790,0,0
time,5,pages,engine_jump_32_2far,jump_intent_subset,2496,1863,4718,39594,126494,0,0
time,6,pages,rolling_4,price_query,20000,52,190,456,38564,0,0
time,6,pages,rolling_4,near_range8,20000,103,260,599,33536,0,0
time,6,pages,rolling_4,index_submit,20000,146,216,412,54439,0,0
time,6,pages,rolling_4,index_ack,20000,126,219,568,37468,0,0
time,6,pages,rolling_4,cross_page_submit_subset,314,153,435,568,651,0,0
time,6,pages,rolling_4,page_creation_subset,78,309,568,568,651,0,0
time,6,pages,outliers_4,price_query,20000,52,190,516,34129,0,0
time,6,pages,outliers_4,near_range8,20000,103,270,622,75502,0,0
time,6,pages,outliers_4,index_submit,20000,147,240,538,6873,0,0
time,6,pages,outliers_4,index_ack,20000,128,244,649,225170,0,0
time,6,pages,outliers_4,cross_page_submit_subset,314,164,538,611,646,0,0
time,6,pages,outliers_4,page_creation_subset,78,376,611,611,646,0,0
time,6,pages,outliers_4,far_query,20000,52,197,478,35775,0,0
time,6,pages,boundary_4,price_query,20000,53,203,477,33744,0,0
time,6,pages,boundary_4,near_range8,20000,111,289,612,54805,0,0
time,6,pages,boundary_4,index_submit,20000,143,251,433,57022,0,0
time,6,pages,boundary_4,index_ack,20000,146,300,735,54359,0,0
time,6,pages,boundary_4,cross_page_submit_subset,5000,140,243,614,34739,0,0
time,6,pages,jump_4,price_query,20000,50,284,546,85034,0,0
time,6,pages,jump_4,near_range8,20000,100,272,550,32966,0,0
time,6,pages,jump_4,index_submit,20000,145,297,718,72742,0,0
time,6,pages,jump_4,index_ack,20000,128,292,600,70602,0,0
time,6,pages,jump_4,cross_page_submit_subset,3746,164,421,8070,72742,0,0
time,6,pages,jump_4,page_creation_subset,1248,245,523,849,33812,0,0
time,6,pages,jump_4,jump_submit_subset,2496,195,457,968,72742,0,0
time,6,pages,rolling_32,price_query,20000,51,197,567,30561,0,0
time,6,pages,rolling_32,near_range8,20000,125,288,617,51509,0,0
time,6,pages,rolling_32,index_submit,20000,143,210,613,36418,0,0
time,6,pages,rolling_32,index_ack,20000,112,202,529,21527,0,0
time,6,pages,rolling_32,cross_page_submit_subset,305,151,616,682,721,0,0
time,6,pages,rolling_32,page_creation_subset,10,585,682,682,721,0,0
time,6,pages,outliers_32,price_query,20000,53,185,471,57936,0,0
time,6,pages,outliers_32,near_range8,20000,129,288,646,62341,0,0
time,6,pages,outliers_32,index_submit,20000,149,215,637,32705,0,0
time,6,pages,outliers_32,index_ack,20000,113,206,702,57296,0,0
time,6,pages,outliers_32,cross_page_submit_subset,305,163,741,935,1077,0,0
time,6,pages,outliers_32,page_creation_subset,10,704,935,935,1077,0,0
time,6,pages,outliers_32,far_query,20000,53,196,517,55287,0,0
time,6,pages,boundary_32,price_query,20000,53,185,509,36742,0,0
time,6,pages,boundary_32,near_range8,20000,138,302,677,63755,0,0
time,6,pages,boundary_32,index_submit,20000,150,221,462,39236,0,0
time,6,pages,boundary_32,index_ack,20000,128,261,547,36060,0,0
time,6,pages,boundary_32,cross_page_submit_subset,625,151,200,261,263,0,0
time,6,pages,jump_32,price_query,20000,54,183,498,27645,0,0
time,6,pages,jump_32,near_range8,20000,136,282,657,46912,0,0
time,6,pages,jump_32,index_submit,20000,160,256,490,54499,0,0
time,6,pages,jump_32,index_ack,20000,122,279,457,34653,0,0
time,6,pages,jump_32,cross_page_submit_subset,2652,184,388,616,8591,0,0
time,6,pages,jump_32,page_creation_subset,156,309,616,616,1075,0,0
time,6,pages,jump_32,jump_submit_subset,2496,185,398,616,8591,0,0
time,6,pages,rolling_128,price_query,20000,54,177,428,4936,0,0
time,6,pages,rolling_128,near_range8,20000,135,282,620,53650,0,0
time,6,pages,rolling_128,index_submit,20000,157,218,530,159480,0,0
time,6,pages,rolling_128,index_ack,20000,117,210,442,34784,0,0
time,6,pages,rolling_128,cross_page_submit_subset,312,169,236,1379,1448,0,0
time,6,pages,rolling_128,page_creation_subset,3,1379,1379,1379,1448,0,0
time,6,pages,outliers_128,price_query,20000,53,187,488,64789,0,0
time,6,pages,outliers_128,near_range8,20000,129,299,650,34950,0,0
time,6,pages,outliers_128,index_submit,20000,147,221,541,59387,0,0
time,6,pages,outliers_128,index_ack,20000,108,217,423,35951,0,0
time,6,pages,outliers_128,cross_page_submit_subset,312,159,250,1382,1977,0,0
time,6,pages,outliers_128,page_creation_subset,3,1382,1382,1382,1977,0,0
time,6,pages,outliers_128,far_query,20000,55,202,509,33595,0,0
time,6,pages,boundary_128,price_query,20000,52,192,498,79136,0,0
time,6,pages,boundary_128,near_range8,20000,131,301,665,51667,0,0
time,6,pages,boundary_128,index_submit,20000,143,216,725,35024,0,0
time,6,pages,boundary_128,index_ack,20000,123,262,670,56073,0,0
time,6,pages,boundary_128,cross_page_submit_subset,313,147,235,311,29999,0,0
time,6,pages,jump_128,price_query,20000,52,193,605,124827,0,0
time,6,pages,jump_128,near_range8,20000,128,296,1035,30764,0,0
time,6,pages,jump_128,index_submit,20000,147,267,1058,36363,0,0
time,6,pages,jump_128,index_ack,20000,116,278,1034,34712,0,0
time,6,pages,jump_128,cross_page_submit_subset,2704,163,449,1059,6280,0,0
time,6,pages,jump_128,page_creation_subset,77,390,727,727,1180,0,0
time,6,pages,jump_128,jump_submit_subset,2432,164,445,1059,6280,0,0
time,6,pages,4096books_4near_2far,price_query,20000,605,1810,21710,53194,0,0
time,6,pages,new_book_growth,index_insert,20000,555,47035,88823,1503057,0,0
time,6,pages,new_book_growth,page_block_growth_subset,313,52748,247214,1079256,1503057,0,0
time,6,pages,engine_cancel_rehang_4near,cancel_to_command,20000,1448,3954,37419,2411461,0,0
time,6,pages,engine_cancel_rehang_4near,new_to_command,20000,1842,10721,42137,476173,0,0
time,6,pages,engine_cancel_rehang_4near,accepted_report,20000,1242,6525,40077,268596,0,0
time,6,pages,engine_cancel_rehang_4near,canceled_report,20000,1273,6442,42233,1127097,0,0
time,6,pages,engine_rolling_4_2far,price_query,20000,71,265,562,51193,0,0
time,6,pages,engine_rolling_4_2far,intent_to_command,20000,1784,6565,36719,77198,0,0
time,6,pages,engine_rolling_4_2far,intent_queued,20000,908,4412,28566,97144,0,0
time,6,pages,engine_rolling_4_2far,replace_report,20000,1342,7408,38021,110691,0,0
time,6,pages,engine_rolling_4_2far,ready_to_command,20000,1497,5483,37332,101964,0,0
time,6,pages,engine_jump_4_2far,price_query,20000,40,81,140,964,0,0
time,6,pages,engine_jump_4_2far,intent_to_command,20000,1019,3196,21500,52544,0,0
time,6,pages,engine_jump_4_2far,intent_queued,20000,523,2483,6175,36344,0,0
time,6,pages,engine_jump_4_2far,replace_report,20000,738,4097,20250,51635,0,0
time,6,pages,engine_jump_4_2far,ready_to_command,20000,879,2798,21679,276016,0,0
time,6,pages,engine_jump_4_2far,jump_intent_subset,2496,1033,2795,6870,34083,0,0
time,6,pages,engine_rolling_32_2far,price_query,20000,53,123,368,21806,0,0
time,6,pages,engine_rolling_32_2far,intent_to_command,20000,1158,4480,35980,3981383,0,0
time,6,pages,engine_rolling_32_2far,intent_queued,20000,650,3392,24109,117327,0,0
time,6,pages,engine_rolling_32_2far,replace_report,20000,969,4433,26922,220219,0,0
time,6,pages,engine_rolling_32_2far,ready_to_command,20000,900,3897,28948,5317096,0,0
time,6,pages,engine_jump_32_2far,price_query,20000,42,108,210,46052,0,0
time,6,pages,engine_jump_32_2far,intent_to_command,20000,1067,4892,22721,71100,0,0
time,6,pages,engine_jump_32_2far,intent_queued,20000,569,3634,9702,113041,0,0
time,6,pages,engine_jump_32_2far,replace_report,20000,836,6549,27129,88615,0,0
time,6,pages,engine_jump_32_2far,ready_to_command,20000,888,3233,21571,72325,0,0
time,6,pages,engine_jump_32_2far,jump_intent_subset,2496,1076,4666,22275,37704,0,0
time,6,standard,rolling_4,price_query,20000,33,55,121,19793,0,0
time,6,standard,rolling_4,near_range8,20000,50,181,372,50582,0,0
time,6,standard,rolling_4,index_submit,20000,77,134,238,39586,0,0
time,6,standard,rolling_4,index_ack,20000,72,174,355,62053,0,0
time,6,standard,rolling_4,cross_page_submit_subset,314,77,146,238,322,0,0
time,6,standard,outliers_4,price_query,20000,33,58,135,5729,0,0
time,6,standard,outliers_4,near_range8,20000,54,176,351,4348,0,0
time,6,standard,outliers_4,index_submit,20000,77,156,275,25835,0,0
time,6,standard,outliers_4,index_ack,20000,76,182,399,27511,0,0
time,6,standard,outliers_4,cross_page_submit_subset,314,77,162,234,263,0,0
time,6,standard,outliers_4,far_query,20000,33,58,170,3179,0,0
time,6,standard,boundary_4,price_query,20000,32,51,86,21659,0,0
time,6,standard,boundary_4,near_range8,20000,52,167,322,24203,0,0
time,6,standard,boundary_4,index_submit,20000,79,141,213,3439,0,0
time,6,standard,boundary_4,index_ack,20000,92,190,356,23914,0,0
time,6,standard,boundary_4,cross_page_submit_subset,5000,79,134,176,304,0,0
time,6,standard,jump_4,price_query,20000,32,56,114,338670,0,0
time,6,standard,jump_4,near_range8,20000,51,170,388,119784,0,0
time,6,standard,jump_4,index_submit,20000,77,152,257,35974,0,0
time,6,standard,jump_4,index_ack,20000,73,190,349,40854,0,0
time,6,standard,jump_4,cross_page_submit_subset,3746,85,168,345,35974,0,0
time,6,standard,jump_4,jump_submit_subset,2496,88,172,345,4415,0,0
time,6,standard,rolling_32,price_query,20000,35,76,174,24696,0,0
time,6,standard,rolling_32,near_range8,20000,80,209,446,34157,0,0
time,6,standard,rolling_32,index_submit,20000,80,174,310,33004,0,0
time,6,standard,rolling_32,index_ack,20000,67,188,434,22698,0,0
time,6,standard,rolling_32,cross_page_submit_subset,305,79,174,193,194,0,0
time,6,standard,outliers_32,price_query,20000,35,78,196,944125,0,0
time,6,standard,outliers_32,near_range8,20000,77,231,475,125788,0,0
time,6,standard,outliers_32,index_submit,20000,97,177,360,36039,0,0
time,6,standard,outliers_32,index_ack,20000,66,199,435,28110,0,0
time,6,standard,outliers_32,cross_page_submit_subset,305,95,172,256,321,0,0
time,6,standard,outliers_32,far_query,20000,37,80,203,3368,0,0
time,6,standard,boundary_32,price_query,20000,35,68,153,23903,0,0
time,6,standard,boundary_32,near_range8,20000,75,195,421,36211,0,0
time,6,standard,boundary_32,index_submit,20000,75,164,280,28107,0,0
time,6,standard,boundary_32,index_ack,20000,92,229,427,59238,0,0
time,6,standard,boundary_32,cross_page_submit_subset,625,83,173,251,19795,0,0
time,6,standard,jump_32,price_query,20000,36,73,179,19412,0,0
time,6,standard,jump_32,near_range8,20000,80,200,374,4378,0,0
time,6,standard,jump_32,index_submit,20000,86,177,335,21440,0,0
time,6,standard,jump_32,index_ack,20000,67,262,481,80115,0,0
time,6,standard,jump_32,cross_page_submit_subset,2652,108,242,954,21440,0,0
time,6,standard,jump_32,jump_submit_subset,2496,109,247,420,21440,0,0
time,6,standard,rolling_128,price_query,20000,43,106,208,25323,0,0
time,6,standard,rolling_128,near_range8,20000,83,256,577,52376,0,0
time,6,standard,rolling_128,index_submit,20000,108,232,715,34124,0,0
time,6,standard,rolling_128,index_ack,20000,73,226,843,35125,0,0
time,6,standard,rolling_128,cross_page_submit_subset,312,104,216,228,310,0,0
time,6,standard,outliers_128,price_query,20000,42,94,206,17530,0,0
time,6,standard,outliers_128,near_range8,20000,83,239,596,113066,0,0
time,6,standard,outliers_128,index_submit,20000,100,195,404,28615,0,0
time,6,standard,outliers_128,index_ack,20000,73,164,495,25394,0,0
time,6,standard,outliers_128,cross_page_submit_subset,312,100,187,197,203,0,0
time,6,standard,outliers_128,far_query,20000,44,103,188,32117,0,0
time,6,standard,boundary_128,price_query,20000,40,94,199,13635,0,0
time,6,standard,boundary_128,near_range8,20000,81,249,612,125411,0,0
time,6,standard,boundary_128,index_submit,20000,93,186,328,123881,0,0
time,6,standard,boundary_128,index_ack,20000,102,293,548,36835,0,0
time,6,standard,boundary_128,cross_page_submit_subset,313,95,170,205,243,0,0
time,6,standard,jump_128,price_query,20000,46,150,276,3873,0,0
time,6,standard,jump_128,near_range8,20000,84,262,603,240981,0,0
time,6,standard,jump_128,index_submit,20000,113,265,1066,496678,0,0
time,6,standard,jump_128,index_ack,20000,75,402,906,33405,0,0
time,6,standard,jump_128,cross_page_submit_subset,2704,129,435,1166,17564,0,0
time,6,standard,jump_128,jump_submit_subset,2432,130,437,1166,17564,0,0
time,6,standard,4096books_4near_2far,price_query,20000,468,1273,12892,60577,0,0
time,6,standard,new_book_growth,index_insert,20000,642,8465,44513,2949356,0,0
time,6,standard,engine_cancel_rehang_4near,cancel_to_command,20000,1878,4642,43927,2337708,0,0
time,6,standard,engine_cancel_rehang_4near,new_to_command,20000,2270,14204,63361,758897,0,0
time,6,standard,engine_cancel_rehang_4near,accepted_report,20000,1558,6087,41192,262154,0,0
time,6,standard,engine_cancel_rehang_4near,canceled_report,20000,1623,6473,43963,164180,0,0
time,6,standard,engine_rolling_4_2far,price_query,20000,46,129,383,62009,0,0
time,6,standard,engine_rolling_4_2far,intent_to_command,20000,1125,4110,41836,449407,0,0
time,6,standard,engine_rolling_4_2far,intent_queued,20000,630,3068,21693,405921,0,0
time,6,standard,engine_rolling_4_2far,replace_report,20000,945,5089,37047,683364,0,0
time,6,standard,engine_rolling_4_2far,ready_to_command,20000,885,3344,44317,628264,0,0
time,6,standard,engine_jump_4_2far,price_query,20000,38,133,286,34929,0,0
time,6,standard,engine_jump_4_2far,intent_to_command,20000,1384,5058,35645,370911,0,0
time,6,standard,engine_jump_4_2far,intent_queued,20000,761,3836,25201,431323,0,0
time,6,standard,engine_jump_4_2far,replace_report,20000,1196,5836,36818,222637,0,0
time,6,standard,engine_jump_4_2far,ready_to_command,20000,1025,4337,34036,142588,0,0
time,6,standard,engine_jump_4_2far,jump_intent_subset,2496,1327,3413,25447,78579,0,0
time,6,standard,engine_rolling_32_2far,price_query,20000,80,172,416,50249,0,0
time,6,standard,engine_rolling_32_2far,intent_to_command,20000,1750,5688,38125,146801,0,0
time,6,standard,engine_rolling_32_2far,intent_queued,20000,843,4203,35011,2554793,0,0
time,6,standard,engine_rolling_32_2far,replace_report,20000,1333,5481,33753,179963,0,0
time,6,standard,engine_rolling_32_2far,ready_to_command,20000,1345,4764,35110,543432,0,0
time,6,standard,engine_jump_32_2far,price_query,20000,83,202,711,51204,0,0
time,6,standard,engine_jump_32_2far,intent_to_command,20000,1883,6220,48406,132409,0,0
time,6,standard,engine_jump_32_2far,intent_queued,20000,911,4444,34575,76341,0,0
time,6,standard,engine_jump_32_2far,replace_report,20000,1449,6793,35342,67374,0,0
time,6,standard,engine_jump_32_2far,ready_to_command,20000,1455,5334,37959,81426,0,0
time,6,standard,engine_jump_32_2far,jump_intent_subset,2496,1900,5810,57372,95918,0,0
time,6,window,rolling_4,price_query,20000,60,171,487,8958,0,0
time,6,window,rolling_4,near_range8,20000,95,223,609,50602,0,0
time,6,window,rolling_4,index_submit,20000,153,234,984,24558,0,0
time,6,window,rolling_4,index_ack,20000,133,229,995,32120,0,0
time,6,window,rolling_4,cross_page_submit_subset,314,153,232,371,1041,0,0
time,6,window,outliers_4,price_query,20000,38,62,156,49775,0,0
time,6,window,outliers_4,near_range8,20000,50,153,397,35576,0,0
time,6,window,outliers_4,index_submit,20000,85,174,272,21674,0,0
time,6,window,outliers_4,index_ack,20000,82,158,312,23761,0,0
time,6,window,outliers_4,cross_page_submit_subset,314,83,144,181,197,0,0
time,6,window,outliers_4,far_query,20000,37,61,171,4105,0,0
time,6,window,boundary_4,price_query,20000,37,55,123,95034,0,0
time,6,window,boundary_4,near_range8,20000,50,159,395,40769,0,0
time,6,window,boundary_4,index_submit,20000,82,129,223,40140,0,0
time,6,window,boundary_4,index_ack,20000,86,141,241,38939,0,0
time,6,window,boundary_4,cross_page_submit_subset,5000,82,124,216,4262,0,0
time,6,window,jump_4,price_query,20000,37,51,168,20455,0,0
time,6,window,jump_4,near_range8,20000,48,132,301,38765,0,0
time,6,window,jump_4,index_submit,20000,85,120,297,21298,0,0
time,6,window,jump_4,index_ack,20000,74,123,271,18129,0,0
time,6,window,jump_4,cross_page_submit_subset,3746,89,128,299,21298,0,0
time,6,window,jump_4,jump_submit_subset,2496,93,134,326,21298,0,0
time,6,window,rolling_32,price_query,20000,31,60,217,1525624,0,0
time,6,window,rolling_32,near_range8,20000,72,216,468,867034,0,0
time,6,window,rolling_32,index_submit,20000,74,156,359,18520,0,0
time,6,window,rolling_32,index_ack,20000,67,144,366,102885,0,0
time,6,window,rolling_32,cross_page_submit_subset,305,73,170,285,315,0,0
time,6,window,outliers_32,price_query,20000,32,162,415,260964,0,0
time,6,window,outliers_32,near_range8,20000,85,303,674,120857,0,0
time,6,window,outliers_32,index_submit,20000,85,300,793,175921,0,0
time,6,window,outliers_32,index_ack,20000,80,273,441,37895,0,0
time,6,window,outliers_32,cross_page_submit_subset,305,80,264,317,325,0,0
time,6,window,outliers_32,far_query,20000,37,178,410,52381,0,0
time,6,window,boundary_32,price_query,20000,31,47,171,901134,0,0
time,6,window,boundary_32,near_range8,20000,72,195,437,1068309,0,0
time,6,window,boundary_32,index_submit,20000,71,133,359,21330,0,0
time,6,window,boundary_32,index_ack,20000,76,135,277,19691,0,0
time,6,window,boundary_32,cross_page_submit_subset,625,80,123,154,224,0,0
time,6,window,jump_32,price_query,20000,32,58,105,17184,0,0
time,6,window,jump_32,near_range8,20000,73,172,323,29202,0,0
time,6,window,jump_32,index_submit,20000,75,159,1044,28783,0,0
time,6,window,jump_32,index_ack,20000,68,144,244,21347,0,0
time,6,window,jump_32,cross_page_submit_subset,2652,96,177,402,936,0,0
time,6,window,jump_32,jump_submit_subset,2496,96,178,402,936,0,0
time,6,window,rolling_128,price_query,20000,31,87,194,52036,0,0
time,6,window,rolling_128,near_range8,20000,77,213,451,31033,0,0
time,6,window,rolling_128,index_submit,20000,76,159,365,29095,0,0
time,6,window,rolling_128,index_ack,20000,72,140,291,26046,0,0
time,6,window,rolling_128,cross_page_submit_subset,312,76,165,184,311,0,0
time,6,window,outliers_128,price_query,20000,32,65,171,36891,0,0
time,6,window,outliers_128,near_range8,20000,78,200,414,5574,0,0
time,6,window,outliers_128,index_submit,20000,77,163,610,34217,0,0
time,6,window,outliers_128,index_ack,20000,73,139,286,4339,0,0
time,6,window,outliers_128,cross_page_submit_subset,312,81,163,206,235,0,0
time,6,window,outliers_128,far_query,20000,48,71,181,20615,0,0
time,6,window,boundary_128,price_query,20000,32,86,205,15937,0,0
time,6,window,boundary_128,near_range8,20000,90,238,592,30884,0,0
time,6,window,boundary_128,index_submit,20000,77,248,3668,31041,0,0
time,6,window,boundary_128,index_ack,20000,78,174,306,35434,0,0
time,6,window,boundary_128,cross_page_submit_subset,313,81,166,195,253,0,0
time,6,window,jump_128,price_query,20000,51,71,176,24527,0,0
time,6,window,jump_128,near_range8,20000,80,192,380,18141,0,0
time,6,window,jump_128,index_submit,20000,97,170,3922,12670,0,0
time,6,window,jump_128,index_ack,20000,74,197,315,51848,0,0
time,6,window,jump_128,cross_page_submit_subset,2704,116,192,984,1326,0,0
time,6,window,jump_128,jump_submit_subset,2432,117,195,984,1326,0,0
time,6,window,4096books_4near_2far,price_query,20000,266,996,2013,42126,0,0
time,6,window,new_book_growth,index_insert,20000,432,4430,28779,2512751,0,0
time,6,window,engine_cancel_rehang_4near,cancel_to_command,20000,1027,2247,25431,1126857,0,0
time,6,window,engine_cancel_rehang_4near,new_to_command,20000,1266,7507,31852,269187,0,0
time,6,window,engine_cancel_rehang_4near,accepted_report,20000,879,4259,26489,118197,0,0
time,6,window,engine_cancel_rehang_4near,canceled_report,20000,881,4429,26359,80442,0,0
time,6,window,engine_rolling_4_2far,price_query,20000,56,116,240,34818,0,0
time,6,window,engine_rolling_4_2far,intent_to_command,20000,1069,3599,26605,145386,0,0
time,6,window,engine_rolling_4_2far,intent_queued,20000,572,2919,8621,114425,0,0
time,6,window,engine_rolling_4_2far,replace_report,20000,853,4390,31578,145885,0,0
time,6,window,engine_rolling_4_2far,ready_to_command,20000,896,3010,25099,54669,0,0
time,6,window,engine_jump_4_2far,price_query,20000,40,110,176,40628,0,0
time,6,window,engine_jump_4_2far,intent_to_command,20000,1078,3596,34701,201674,0,0
time,6,window,engine_jump_4_2far,intent_queued,20000,581,2829,7708,43460,0,0
time,6,window,engine_jump_4_2far,replace_report,20000,884,4533,34241,132887,0,0
time,6,window,engine_jump_4_2far,ready_to_command,20000,894,3020,23322,262930,0,0
time,6,window,engine_jump_4_2far,jump_intent_subset,2496,1070,3088,35012,131026,0,0
time,6,window,engine_rolling_32_2far,price_query,20000,48,117,286,43179,0,0
time,6,window,engine_rolling_32_2far,intent_to_command,20000,1105,4307,31483,1806679,0,0
time,6,window,engine_rolling_32_2far,intent_queued,20000,609,3175,22448,536793,0,0
time,6,window,engine_rolling_32_2far,replace_report,20000,918,4787,33878,214350,0,0
time,6,window,engine_rolling_32_2far,ready_to_command,20000,877,3927,35285,2250410,0,0
time,6,window,engine_jump_32_2far,price_query,20000,36,120,336,52059,0,0
time,6,window,engine_jump_32_2far,intent_to_command,20000,1143,4853,29303,496273,0,0
time,6,window,engine_jump_32_2far,intent_queued,20000,635,3692,30832,290363,0,0
time,6,window,engine_jump_32_2far,replace_report,20000,921,5992,27392,169305,0,0
time,6,window,engine_jump_32_2far,ready_to_command,20000,895,4027,28833,290874,0,0
time,6,window,engine_jump_32_2far,jump_intent_subset,2496,1174,4300,28611,239759,0,0
time,6,adaptive,rolling_4,price_query,20000,50,172,408,1021,0,0
time,6,adaptive,rolling_4,near_range8,20000,79,218,598,75446,0,0
time,6,adaptive,rolling_4,index_submit,20000,122,187,391,27124,0,0
time,6,adaptive,rolling_4,index_ack,20000,114,203,484,31685,0,0
time,6,adaptive,rolling_4,cross_page_submit_subset,314,124,183,186,252,0,0
time,6,adaptive,outliers_4,price_query,20000,59,182,435,961,0,0
time,6,adaptive,outliers_4,near_range8,20000,95,224,452,52680,0,0
time,6,adaptive,outliers_4,index_submit,20000,144,210,635,90728,0,0
time,6,adaptive,outliers_4,index_ack,20000,128,212,432,49064,0,0
time,6,adaptive,outliers_4,cross_page_submit_subset,314,144,220,394,1049,0,0
time,6,adaptive,outliers_4,far_query,20000,60,188,489,31669,0,0
time,6,adaptive,boundary_4,price_query,20000,40,179,479,43875,0,0
time,6,adaptive,boundary_4,near_range8,20000,67,230,551,26536,0,0
time,6,adaptive,boundary_4,index_submit,20000,106,188,376,33229,0,0
time,6,adaptive,boundary_4,index_ack,20000,108,228,1012,39059,0,0
time,6,adaptive,boundary_4,cross_page_submit_subset,5000,105,183,486,1076,0,0
time,6,adaptive,jump_4,price_query,20000,37,112,317,1500634,0,0
time,6,adaptive,jump_4,near_range8,20000,50,201,500,240228,0,0
time,6,adaptive,jump_4,index_submit,20000,84,192,392,25274,0,0
time,6,adaptive,jump_4,index_ack,20000,86,220,440,154059,0,0
time,6,adaptive,jump_4,cross_page_submit_subset,3746,96,214,630,5520,0,0
time,6,adaptive,jump_4,jump_submit_subset,2496,100,228,896,5520,0,0
time,6,adaptive,rolling_32,price_query,20000,51,88,214,4130,0,0
time,6,adaptive,rolling_32,near_range8,20000,68,199,504,23925,0,0
time,6,adaptive,rolling_32,index_submit,20000,89,174,314,28614,0,0
time,6,adaptive,rolling_32,index_ack,20000,66,156,308,37394,0,0
time,6,adaptive,rolling_32,cross_page_submit_subset,305,89,176,298,5693,0,0
time,6,adaptive,outliers_32,price_query,20000,56,180,504,21697,0,0
time,6,adaptive,outliers_32,near_range8,20000,97,264,599,7356,0,0
time,6,adaptive,outliers_32,index_submit,20000,121,251,1009,60568,0,0
time,6,adaptive,outliers_32,index_ack,20000,93,245,810,305661,0,0
time,6,adaptive,outliers_32,cross_page_submit_subset,305,124,192,232,273,0,0
time,6,adaptive,outliers_32,far_query,20000,58,190,547,13392,0,0
time,6,adaptive,boundary_32,price_query,20000,59,198,505,34503,0,0
time,6,adaptive,boundary_32,near_range8,20000,104,273,638,109569,0,0
time,6,adaptive,boundary_32,index_submit,20000,127,226,837,58506,0,0
time,6,adaptive,boundary_32,index_ack,20000,122,248,489,35060,0,0
time,6,adaptive,boundary_32,cross_page_submit_subset,625,131,229,287,621,0,0
time,6,adaptive,jump_32,price_query,20000,63,185,502,48042,0,0
time,6,adaptive,jump_32,near_range8,20000,122,264,583,32682,0,0
time,6,adaptive,jump_32,index_submit,20000,146,241,498,123090,0,0
time,6,adaptive,jump_32,index_ack,20000,120,287,1128,47671,0,0
time,6,adaptive,jump_32,cross_page_submit_subset,2652,166,277,417,1152,0,0
time,6,adaptive,jump_32,jump_submit_subset,2496,167,278,417,1152,0,0
time,6,adaptive,rolling_128,price_query,20000,63,185,449,28861,0,0
time,6,adaptive,rolling_128,near_range8,20000,106,260,635,26362,0,0
time,6,adaptive,rolling_128,index_submit,20000,131,222,573,49482,0,0
time,6,adaptive,rolling_128,index_ack,20000,98,204,558,43460,0,0
time,6,adaptive,rolling_128,cross_page_submit_subset,312,131,200,262,404,0,0
time,6,adaptive,outliers_128,price_query,20000,66,181,495,36202,0,0
time,6,adaptive,outliers_128,near_range8,20000,112,268,622,73265,0,0
time,6,adaptive,outliers_128,index_submit,20000,137,252,530,53550,0,0
time,6,adaptive,outliers_128,index_ack,20000,98,212,377,33007,0,0
time,6,adaptive,outliers_128,cross_page_submit_subset,312,138,227,314,351,0,0
time,6,adaptive,outliers_128,far_query,20000,64,194,460,36869,0,0
time,6,adaptive,boundary_128,price_query,20000,60,183,500,65194,0,0
time,6,adaptive,boundary_128,near_range8,20000,97,260,612,32831,0,0
time,6,adaptive,boundary_128,index_submit,20000,119,207,419,35809,0,0
time,6,adaptive,boundary_128,index_ack,20000,111,240,457,110028,0,0
time,6,adaptive,boundary_128,cross_page_submit_subset,313,124,218,302,419,0,0
time,6,adaptive,jump_128,price_query,20000,56,90,317,114858,0,0
time,6,adaptive,jump_128,near_range8,20000,74,203,462,598270,0,0
time,6,adaptive,jump_128,index_submit,20000,98,193,833,647003,0,0
time,6,adaptive,jump_128,index_ack,20000,73,235,528,45306,0,0
time,6,adaptive,jump_128,cross_page_submit_subset,2704,118,234,3317,5396,0,0
time,6,adaptive,jump_128,jump_submit_subset,2432,120,241,3317,5396,0,0
time,6,adaptive,4096books_4near_2far,price_query,20000,215,878,1508,34797,0,0
time,6,adaptive,new_book_growth,index_insert,20000,303,3648,22863,2179840,0,0
time,6,adaptive,engine_cancel_rehang_4near,cancel_to_command,20000,1024,2655,28673,1204475,0,0
time,6,adaptive,engine_cancel_rehang_4near,new_to_command,20000,1267,8153,31543,511849,0,0
time,6,adaptive,engine_cancel_rehang_4near,accepted_report,20000,878,4669,23309,67211,0,0
time,6,adaptive,engine_cancel_rehang_4near,canceled_report,20000,887,4576,24183,67734,0,0
time,6,adaptive,engine_rolling_4_2far,price_query,20000,67,145,250,54538,0,0
time,6,adaptive,engine_rolling_4_2far,intent_to_command,20000,1797,5062,37284,764432,0,0
time,6,adaptive,engine_rolling_4_2far,intent_queued,20000,898,3971,28757,274420,0,0
time,6,adaptive,engine_rolling_4_2far,replace_report,20000,1370,5586,35107,266485,0,0
time,6,adaptive,engine_rolling_4_2far,ready_to_command,20000,1523,4771,30188,88207,0,0
time,6,adaptive,engine_jump_4_2far,price_query,20000,68,155,275,45093,0,0
time,6,adaptive,engine_jump_4_2far,intent_to_command,20000,1903,5754,37081,75633,0,0
time,6,adaptive,engine_jump_4_2far,intent_queued,20000,964,4312,32307,78290,0,0
time,6,adaptive,engine_jump_4_2far,replace_report,20000,1452,6973,39074,143772,0,0
time,6,adaptive,engine_jump_4_2far,ready_to_command,20000,1584,4845,37004,82577,0,0
time,6,adaptive,engine_jump_4_2far,jump_intent_subset,2496,1907,5077,37517,48963,0,0
time,6,adaptive,engine_rolling_32_2far,price_query,20000,92,207,350,44563,0,0
time,6,adaptive,engine_rolling_32_2far,intent_to_command,20000,1885,5603,36734,101321,0,0
time,6,adaptive,engine_rolling_32_2far,intent_queued,20000,947,4064,33314,116812,0,0
time,6,adaptive,engine_rolling_32_2far,replace_report,20000,1354,6605,38225,91729,0,0
time,6,adaptive,engine_rolling_32_2far,ready_to_command,20000,1537,4730,34037,143266,0,0
time,6,adaptive,engine_jump_32_2far,price_query,20000,56,138,309,36004,0,0
time,6,adaptive,engine_jump_32_2far,intent_to_command,20000,1104,4677,28256,61238,0,0
time,6,adaptive,engine_jump_32_2far,intent_queued,20000,593,3609,7711,57835,0,0
time,6,adaptive,engine_jump_32_2far,replace_report,20000,890,5928,21877,94200,0,0
time,6,adaptive,engine_jump_32_2far,ready_to_command,20000,901,3294,26842,252986,0,0
time,6,adaptive,engine_jump_32_2far,jump_intent_subset,2496,1116,4401,30727,51594,0,0
time,7,adaptive,rolling_4,price_query,20000,36,80,198,23518,0,0
time,7,adaptive,rolling_4,near_range8,20000,48,192,576,64959,0,0
time,7,adaptive,rolling_4,index_submit,20000,80,165,292,45954,0,0
time,7,adaptive,rolling_4,index_ack,20000,76,171,338,230511,0,0
time,7,adaptive,rolling_4,cross_page_submit_subset,314,81,172,233,243,0,0
time,7,adaptive,outliers_4,price_query,20000,36,82,219,47751,0,0
time,7,adaptive,outliers_4,near_range8,20000,50,201,492,21317,0,0
time,7,adaptive,outliers_4,index_submit,20000,81,186,319,26655,0,0
time,7,adaptive,outliers_4,index_ack,20000,83,182,328,24624,0,0
time,7,adaptive,outliers_4,cross_page_submit_subset,314,81,178,185,190,0,0
time,7,adaptive,outliers_4,far_query,20000,36,72,184,2202,0,0
time,7,adaptive,boundary_4,price_query,20000,36,88,174,25357,0,0
time,7,adaptive,boundary_4,near_range8,20000,49,196,444,40837,0,0
time,7,adaptive,boundary_4,index_submit,20000,82,159,253,28652,0,0
time,7,adaptive,boundary_4,index_ack,20000,85,192,282,21686,0,0
time,7,adaptive,boundary_4,cross_page_submit_subset,5000,81,154,239,4592,0,0
time,7,adaptive,jump_4,price_query,20000,36,70,185,3047,0,0
time,7,adaptive,jump_4,near_range8,20000,48,168,266,85612,0,0
time,7,adaptive,jump_4,index_submit,20000,80,160,291,61977,0,0
time,7,adaptive,jump_4,index_ack,20000,76,174,288,23184,0,0
time,7,adaptive,jump_4,cross_page_submit_subset,3746,88,180,350,20304,0,0
time,7,adaptive,jump_4,jump_submit_subset,2496,94,187,342,20304,0,0
time,7,adaptive,rolling_32,price_query,20000,51,62,100,32276,0,0
time,7,adaptive,rolling_32,near_range8,20000,68,160,313,129219,0,0
time,7,adaptive,rolling_32,index_submit,20000,89,125,228,70685,0,0
time,7,adaptive,rolling_32,index_ack,20000,66,116,238,144116,0,0
time,7,adaptive,rolling_32,cross_page_submit_subset,305,89,123,130,145,0,0
time,7,adaptive,outliers_32,price_query,20000,52,71,156,5223,0,0
time,7,adaptive,outliers_32,near_range8,20000,70,185,432,19197,0,0
time,7,adaptive,outliers_32,index_submit,20000,92,166,310,27178,0,0
time,7,adaptive,outliers_32,index_ack,20000,66,141,255,30721,0,0
time,7,adaptive,outliers_32,cross_page_submit_subset,305,92,146,160,171,0,0
time,7,adaptive,outliers_32,far_query,20000,51,74,155,121142,0,0
time,7,adaptive,boundary_32,price_query,20000,52,90,244,37658,0,0
time,7,adaptive,boundary_32,near_range8,20000,70,206,554,504684,0,0
time,7,adaptive,boundary_32,index_submit,20000,92,171,443,30758,0,0
time,7,adaptive,boundary_32,index_ack,20000,102,189,327,23580,0,0
time,7,adaptive,boundary_32,cross_page_submit_subset,625,98,168,490,993,0,0
time,7,adaptive,jump_32,price_query,20000,51,72,177,903,0,0
time,7,adaptive,jump_32,near_range8,20000,68,181,363,30537,0,0
time,7,adaptive,jump_32,index_submit,20000,90,166,303,24539,0,0
time,7,adaptive,jump_32,index_ack,20000,67,199,303,62265,0,0
time,7,adaptive,jump_32,cross_page_submit_subset,2652,108,196,263,22044,0,0
time,7,adaptive,jump_32,jump_submit_subset,2496,109,196,263,22044,0,0
time,7,adaptive,rolling_128,price_query,20000,57,78,162,29550,0,0
time,7,adaptive,rolling_128,near_range8,20000,74,178,279,21140,0,0
time,7,adaptive,rolling_128,index_submit,20000,97,164,248,20985,0,0
time,7,adaptive,rolling_128,index_ack,20000,72,140,280,31430,0,0
time,7,adaptive,rolling_128,cross_page_submit_subset,312,96,190,202,213,0,0
time,7,adaptive,outliers_128,price_query,20000,58,78,169,42978,0,0
time,7,adaptive,outliers_128,near_range8,20000,75,180,402,31312,0,0
time,7,adaptive,outliers_128,index_submit,20000,100,171,285,33519,0,0
time,7,adaptive,outliers_128,index_ack,20000,72,139,254,17815,0,0
time,7,adaptive,outliers_128,cross_page_submit_subset,312,101,206,238,357,0,0
time,7,adaptive,outliers_128,far_query,20000,57,76,190,31364,0,0
time,7,adaptive,boundary_128,price_query,20000,58,75,139,25899,0,0
time,7,adaptive,boundary_128,near_range8,20000,74,177,338,30586,0,0
time,7,adaptive,boundary_128,index_submit,20000,97,166,301,25292,0,0
time,7,adaptive,boundary_128,index_ack,20000,108,189,328,24251,0,0
time,7,adaptive,boundary_128,cross_page_submit_subset,313,104,158,172,175,0,0
time,7,adaptive,jump_128,price_query,20000,56,74,153,19704,0,0
time,7,adaptive,jump_128,near_range8,20000,74,161,411,20457,0,0
time,7,adaptive,jump_128,index_submit,20000,97,178,271,28669,0,0
time,7,adaptive,jump_128,index_ack,20000,73,214,379,128156,0,0
time,7,adaptive,jump_128,cross_page_submit_subset,2704,119,220,321,1919,0,0
time,7,adaptive,jump_128,jump_submit_subset,2432,122,226,321,1919,0,0
time,7,adaptive,4096books_4near_2far,price_query,20000,246,1010,1989,55543,0,0
time,7,adaptive,new_book_growth,index_insert,20000,319,3682,29220,1731740,0,0
time,7,adaptive,engine_cancel_rehang_4near,cancel_to_command,20000,1190,3009,41433,1214003,0,0
time,7,adaptive,engine_cancel_rehang_4near,new_to_command,20000,1483,10467,51743,354678,0,0
time,7,adaptive,engine_cancel_rehang_4near,accepted_report,20000,1109,5273,35224,204050,0,0
time,7,adaptive,engine_cancel_rehang_4near,canceled_report,20000,1103,5036,37452,182544,0,0
time,7,adaptive,engine_rolling_4_2far,price_query,20000,56,135,338,56511,0,0
time,7,adaptive,engine_rolling_4_2far,intent_to_command,20000,1279,5160,35685,98664,0,0
time,7,adaptive,engine_rolling_4_2far,intent_queued,20000,713,3882,29931,248691,0,0
time,7,adaptive,engine_rolling_4_2far,replace_report,20000,1083,6127,35379,1205046,0,0
time,7,adaptive,engine_rolling_4_2far,ready_to_command,20000,955,4390,33761,184190,0,0
time,7,adaptive,engine_jump_4_2far,price_query,20000,41,126,257,28732,0,0
time,7,adaptive,engine_jump_4_2far,intent_to_command,20000,1251,4852,34633,84810,0,0
time,7,adaptive,engine_jump_4_2far,intent_queued,20000,711,3634,14251,42290,0,0
time,7,adaptive,engine_jump_4_2far,replace_report,20000,1068,6272,37899,55112,0,0
time,7,adaptive,engine_jump_4_2far,ready_to_command,20000,944,4161,29389,124229,0,0
time,7,adaptive,engine_jump_4_2far,jump_intent_subset,2496,1229,4187,22233,57102,0,0
time,7,adaptive,engine_rolling_32_2far,price_query,20000,67,135,283,34054,0,0
time,7,adaptive,engine_rolling_32_2far,intent_to_command,20000,1081,4193,23675,50815,0,0
time,7,adaptive,engine_rolling_32_2far,intent_queued,20000,564,3211,18429,69122,0,0
time,7,adaptive,engine_rolling_32_2far,replace_report,20000,827,5091,23356,207675,0,0
time,7,adaptive,engine_rolling_32_2far,ready_to_command,20000,900,3097,26189,136418,0,0
time,7,adaptive,engine_jump_32_2far,price_query,20000,58,160,308,20842,0,0
time,7,adaptive,engine_jump_32_2far,intent_to_command,20000,1117,4628,24543,196423,0,0
time,7,adaptive,engine_jump_32_2far,intent_queued,20000,595,3297,22518,95633,0,0
time,7,adaptive,engine_jump_32_2far,replace_report,20000,901,4691,31547,118463,0,0
time,7,adaptive,engine_jump_32_2far,ready_to_command,20000,919,4070,24848,827598,0,0
time,7,adaptive,engine_jump_32_2far,jump_intent_subset,2496,1116,3256,8304,38455,0,0
time,7,pages,rolling_4,price_query,20000,57,176,420,560,0,0
time,7,pages,rolling_4,near_range8,20000,116,260,571,28203,0,0
time,7,pages,rolling_4,index_submit,20000,164,267,447,79356,0,0
time,7,pages,rolling_4,index_ack,20000,147,250,411,29942,0,0
time,7,pages,rolling_4,cross_page_submit_subset,314,170,411,471,563,0,0
time,7,pages,rolling_4,page_creation_subset,78,308,471,471,563,0,0
time,7,pages,outliers_4,price_query,20000,58,176,437,28037,0,0
time,7,pages,outliers_4,near_range8,20000,118,298,595,27391,0,0
time,7,pages,outliers_4,index_submit,20000,165,455,560,26330,0,0
time,7,pages,outliers_4,index_ack,20000,150,424,531,25302,0,0
time,7,pages,outliers_4,cross_page_submit_subset,314,177,591,926,938,0,0
time,7,pages,outliers_4,page_creation_subset,78,324,926,926,938,0,0
time,7,pages,outliers_4,far_query,20000,60,183,518,29232,0,0
time,7,pages,boundary_4,price_query,20000,60,192,480,51991,0,0
time,7,pages,boundary_4,near_range8,20000,131,314,635,32556,0,0
time,7,pages,boundary_4,index_submit,20000,167,428,503,35600,0,0
time,7,pages,boundary_4,index_ack,20000,178,475,729,51986,0,0
time,7,pages,boundary_4,cross_page_submit_subset,5000,162,422,497,29672,0,0
time,7,pages,jump_4,price_query,20000,58,201,490,29809,0,0
time,7,pages,jump_4,near_range8,20000,118,276,564,48804,0,0
time,7,pages,jump_4,index_submit,20000,168,449,718,56351,0,0
time,7,pages,jump_4,index_ack,20000,151,426,701,49388,0,0
time,7,pages,jump_4,cross_page_submit_subset,3746,187,485,817,6190,0,0
time,7,pages,jump_4,page_creation_subset,1248,273,683,817,900,0,0
time,7,pages,jump_4,jump_submit_subset,2496,228,605,848,6190,0,0
time,7,pages,rolling_32,price_query,20000,57,172,388,27362,0,0
time,7,pages,rolling_32,near_range8,20000,143,288,494,21766,0,0
time,7,pages,rolling_32,index_submit,20000,158,254,437,28577,0,0
time,7,pages,rolling_32,index_ack,20000,129,226,1050,69024,0,0
time,7,pages,rolling_32,cross_page_submit_subset,305,172,597,763,954,0,0
time,7,pages,rolling_32,page_creation_subset,10,590,763,763,954,0,0
time,7,pages,outliers_32,price_query,20000,59,180,463,30757,0,0
time,7,pages,outliers_32,near_range8,20000,146,352,618,52469,0,0
time,7,pages,outliers_32,index_submit,20000,161,450,636,30736,0,0
time,7,pages,outliers_32,index_ack,20000,129,392,608,30789,0,0
time,7,pages,outliers_32,cross_page_submit_subset,305,164,635,683,708,0,0
time,7,pages,outliers_32,page_creation_subset,10,621,683,683,708,0,0
time,7,pages,outliers_32,far_query,20000,61,183,468,32107,0,0
time,7,pages,boundary_32,price_query,20000,58,174,417,37380,0,0
time,7,pages,boundary_32,near_range8,20000,152,300,566,50983,0,0
time,7,pages,boundary_32,index_submit,20000,161,246,426,50050,0,0
time,7,pages,boundary_32,index_ack,20000,155,279,461,48117,0,0
time,7,pages,boundary_32,cross_page_submit_subset,625,162,258,26061,50050,0,0
time,7,pages,jump_32,price_query,20000,57,179,399,65157,0,0
time,7,pages,jump_32,near_range8,20000,146,370,586,54804,0,0
time,7,pages,jump_32,index_submit,20000,166,458,800,75052,0,0
time,7,pages,jump_32,index_ack,20000,132,409,649,33355,0,0
time,7,pages,jump_32,cross_page_submit_subset,2652,188,506,1151,75052,0,0
time,7,pages,jump_32,page_creation_subset,156,317,842,1068,1145,0,0
time,7,pages,jump_32,jump_submit_subset,2496,191,506,1151,75052,0,0
time,7,pages,rolling_128,price_query,20000,58,171,415,24361,0,0
time,7,pages,rolling_128,near_range8,20000,145,288,588,52264,0,0
time,7,pages,rolling_128,index_submit,20000,160,227,412,26519,0,0
time,7,pages,rolling_128,index_ack,20000,129,244,408,42844,0,0
time,7,pages,rolling_128,cross_page_submit_subset,312,168,354,916,1168,0,0
time,7,pages,rolling_128,page_creation_subset,3,916,916,916,1168,0,0
time,7,pages,outliers_128,price_query,20000,60,182,391,40009,0,0
time,7,pages,outliers_128,near_range8,20000,147,362,617,30684,0,0
time,7,pages,outliers_128,index_submit,20000,162,450,774,71335,0,0
time,7,pages,outliers_128,index_ack,20000,129,379,485,42408,0,0
time,7,pages,outliers_128,cross_page_submit_subset,312,174,500,1303,1494,0,0
time,7,pages,outliers_128,page_creation_subset,3,1303,1303,1303,1494,0,0
time,7,pages,outliers_128,far_query,20000,63,184,361,5258,0,0
time,7,pages,boundary_128,price_query,20000,60,174,422,27200,0,0
time,7,pages,boundary_128,near_range8,20000,158,307,608,47960,0,0
time,7,pages,boundary_128,index_submit,20000,164,266,688,31480,0,0
time,7,pages,boundary_128,index_ack,20000,151,254,446,44525,0,0
time,7,pages,boundary_128,cross_page_submit_subset,313,167,228,373,386,0,0
time,7,pages,jump_128,price_query,20000,59,174,466,101571,0,0
time,7,pages,jump_128,near_range8,20000,148,324,646,52355,0,0
time,7,pages,jump_128,index_submit,20000,166,419,670,74021,0,0
time,7,pages,jump_128,index_ack,20000,132,370,554,49008,0,0
time,7,pages,jump_128,cross_page_submit_subset,2704,188,413,806,5432,0,0
time,7,pages,jump_128,page_creation_subset,77,357,725,725,806,0,0
time,7,pages,jump_128,jump_submit_subset,2432,190,392,806,5432,0,0
time,7,pages,4096books_4near_2far,price_query,20000,540,1484,6688,50188,0,0
time,7,pages,new_book_growth,index_insert,20000,658,54546,92509,2423573,0,0
time,7,pages,new_book_growth,page_block_growth_subset,313,56220,308013,1247133,2423573,0,0
time,7,pages,engine_cancel_rehang_4near,cancel_to_command,20000,1767,4550,38836,1672875,0,0
time,7,pages,engine_cancel_rehang_4near,new_to_command,20000,2152,12337,48108,521734,0,0
time,7,pages,engine_cancel_rehang_4near,accepted_report,20000,1413,6760,34077,88207,0,0
time,7,pages,engine_cancel_rehang_4near,canceled_report,20000,1445,6710,33532,71369,0,0
time,7,pages,engine_rolling_4_2far,price_query,20000,73,203,463,35047,0,0
time,7,pages,engine_rolling_4_2far,intent_to_command,20000,1926,6627,41912,144586,0,0
time,7,pages,engine_rolling_4_2far,intent_queued,20000,995,4603,33717,56012,0,0
time,7,pages,engine_rolling_4_2far,replace_report,20000,1500,7047,40891,87893,0,0
time,7,pages,engine_rolling_4_2far,ready_to_command,20000,1560,4963,35174,71940,0,0
time,7,pages,engine_jump_4_2far,price_query,20000,69,164,278,6167,0,0
time,7,pages,engine_jump_4_2far,intent_to_command,20000,1930,6585,36619,136412,0,0
time,7,pages,engine_jump_4_2far,intent_queued,20000,967,4369,33155,66502,0,0
time,7,pages,engine_jump_4_2far,replace_report,20000,1454,7206,37060,104557,0,0
time,7,pages,engine_jump_4_2far,ready_to_command,20000,1607,5212,35255,71414,0,0
time,7,pages,engine_jump_4_2far,jump_intent_subset,2496,1953,5495,40601,136412,0,0
time,7,pages,engine_rolling_32_2far,price_query,20000,77,170,257,34100,0,0
time,7,pages,engine_rolling_32_2far,intent_to_command,20000,1936,6017,38167,70970,0,0
time,7,pages,engine_rolling_32_2far,intent_queued,20000,960,4181,30923,58252,0,0
time,7,pages,engine_rolling_32_2far,replace_report,20000,1399,6506,35842,79671,0,0
time,7,pages,engine_rolling_32_2far,ready_to_command,20000,1600,4884,34203,81750,0,0
time,7,pages,engine_jump_32_2far,price_query,20000,74,173,296,47745,0,0
time,7,pages,engine_jump_32_2far,intent_to_command,20000,1952,6014,37727,101520,0,0
time,7,pages,engine_jump_32_2far,intent_queued,20000,979,4224,27918,45444,0,0
time,7,pages,engine_jump_32_2far,replace_report,20000,1452,7237,38523,82064,0,0
time,7,pages,engine_jump_32_2far,ready_to_command,20000,1601,4958,35055,84185,0,0
time,7,pages,engine_jump_32_2far,jump_intent_subset,2496,1960,5589,49262,101520,0,0
time,7,standard,rolling_4,price_query,20000,57,181,472,70752,0,0
time,7,standard,rolling_4,near_range8,20000,109,252,557,44312,0,0
time,7,standard,rolling_4,index_submit,20000,150,227,443,71358,0,0
time,7,standard,rolling_4,index_ack,20000,148,269,507,28538,0,0
time,7,standard,rolling_4,cross_page_submit_subset,314,151,227,375,410,0,0
time,7,standard,outliers_4,price_query,20000,59,180,446,5741,0,0
time,7,standard,outliers_4,near_range8,20000,113,263,553,27666,0,0
time,7,standard,outliers_4,index_submit,20000,155,342,487,42056,0,0
time,7,standard,outliers_4,index_ack,20000,151,360,612,31069,0,0
time,7,standard,outliers_4,cross_page_submit_subset,314,153,368,406,25481,0,0
time,7,standard,outliers_4,far_query,20000,61,186,530,31205,0,0
time,7,standard,boundary_4,price_query,20000,56,176,441,43559,0,0
time,7,standard,boundary_4,near_range8,20000,110,258,550,6060,0,0
time,7,standard,boundary_4,index_submit,20000,152,207,368,30803,0,0
time,7,standard,boundary_4,index_ack,20000,193,298,526,47508,0,0
time,7,standard,boundary_4,cross_page_submit_subset,5000,146,197,348,28178,0,0
time,7,standard,jump_4,price_query,20000,57,200,503,24837,0,0
time,7,standard,jump_4,near_range8,20000,109,274,551,46311,0,0
time,7,standard,jump_4,index_submit,20000,153,410,553,45005,0,0
time,7,standard,jump_4,index_ack,20000,155,445,795,45878,0,0
time,7,standard,jump_4,cross_page_submit_subset,3746,164,442,1091,22139,0,0
time,7,standard,jump_4,jump_submit_subset,2496,173,484,1115,22139,0,0
time,7,standard,rolling_32,price_query,20000,64,176,382,4143,0,0
time,7,standard,rolling_32,near_range8,20000,170,324,646,43114,0,0
time,7,standard,rolling_32,index_submit,20000,160,246,434,42770,0,0
time,7,standard,rolling_32,index_ack,20000,128,303,601,34588,0,0
time,7,standard,rolling_32,cross_page_submit_subset,305,161,210,229,355,0,0
time,7,standard,outliers_32,price_query,20000,65,202,484,39997,0,0
time,7,standard,outliers_32,near_range8,20000,178,473,734,47020,0,0
time,7,standard,outliers_32,index_submit,20000,176,521,655,38286,0,0
time,7,standard,outliers_32,index_ack,20000,130,423,746,24252,0,0
time,7,standard,outliers_32,cross_page_submit_subset,305,173,457,486,588,0,0
time,7,standard,outliers_32,far_query,20000,74,208,516,36164,0,0
time,7,standard,boundary_32,price_query,20000,64,186,458,28675,0,0
time,7,standard,boundary_32,near_range8,20000,170,359,630,44334,0,0
time,7,standard,boundary_32,index_submit,20000,156,378,535,28658,0,0
time,7,standard,boundary_32,index_ack,20000,190,471,810,46461,0,0
time,7,standard,boundary_32,cross_page_submit_subset,625,150,381,482,506,0,0
time,7,standard,jump_32,price_query,20000,67,190,486,25701,0,0
time,7,standard,jump_32,near_range8,20000,176,342,666,39233,0,0
time,7,standard,jump_32,index_submit,20000,168,303,455,42779,0,0
time,7,standard,jump_32,index_ack,20000,135,480,926,70341,0,0
time,7,standard,jump_32,cross_page_submit_subset,2652,208,395,863,5745,0,0
time,7,standard,jump_32,jump_submit_subset,2496,210,397,863,5745,0,0
time,7,standard,rolling_128,price_query,20000,71,193,537,36050,0,0
time,7,standard,rolling_128,near_range8,20000,181,366,686,56917,0,0
time,7,standard,rolling_128,index_submit,20000,180,382,653,61174,0,0
time,7,standard,rolling_128,index_ack,20000,124,326,1197,35298,0,0
time,7,standard,rolling_128,cross_page_submit_subset,312,176,368,461,551,0,0
time,7,standard,outliers_128,price_query,20000,69,175,384,38887,0,0
time,7,standard,outliers_128,near_range8,20000,182,328,635,74050,0,0
time,7,standard,outliers_128,index_submit,20000,169,310,858,29201,0,0
time,7,standard,outliers_128,index_ack,20000,123,313,1077,88821,0,0
time,7,standard,outliers_128,cross_page_submit_subset,312,170,257,274,393,0,0
time,7,standard,outliers_128,far_query,20000,79,181,457,33270,0,0
time,7,standard,boundary_128,price_query,20000,74,155,375,30401,0,0
time,7,standard,boundary_128,near_range8,20000,186,306,644,52678,0,0
time,7,standard,boundary_128,index_submit,20000,174,231,3615,36527,0,0
time,7,standard,boundary_128,index_ack,20000,193,490,1088,53050,0,0
time,7,standard,boundary_128,cross_page_submit_subset,313,176,230,340,29727,0,0
time,7,standard,jump_128,price_query,20000,71,178,453,33504,0,0
time,7,standard,jump_128,near_range8,20000,170,330,625,37182,0,0
time,7,standard,jump_128,index_submit,20000,173,350,995,52747,0,0
time,7,standard,jump_128,index_ack,20000,123,519,1081,81249,0,0
time,7,standard,jump_128,cross_page_submit_subset,2704,203,600,1320,6866,0,0
time,7,standard,jump_128,jump_submit_subset,2432,206,628,1320,6866,0,0
time,7,standard,4096books_4near_2far,price_query,20000,450,1228,7583,76384,0,0
time,7,standard,new_book_growth,index_insert,20000,538,6794,35375,2538074,0,0
time,7,standard,engine_cancel_rehang_4near,cancel_to_command,20000,1855,4407,48330,1613754,0,0
time,7,standard,engine_cancel_rehang_4near,new_to_command,20000,2190,14035,52744,565460,0,0
time,7,standard,engine_cancel_rehang_4near,accepted_report,20000,1501,5140,35288,73048,0,0
time,7,standard,engine_cancel_rehang_4near,canceled_report,20000,1535,5240,35467,90035,0,0
time,7,standard,engine_rolling_4_2far,price_query,20000,63,162,238,46157,0,0
time,7,standard,engine_rolling_4_2far,intent_to_command,20000,1820,5797,35585,78186,0,0
time,7,standard,engine_rolling_4_2far,intent_queued,20000,902,4154,20690,54035,0,0
time,7,standard,engine_rolling_4_2far,replace_report,20000,1366,7152,36258,111707,0,0
time,7,standard,engine_rolling_4_2far,ready_to_command,20000,1528,4774,35324,82591,0,0
time,7,standard,engine_jump_4_2far,price_query,20000,37,101,216,5444,0,0
time,7,standard,engine_jump_4_2far,intent_to_command,20000,1097,4136,30770,1821502,0,0
time,7,standard,engine_jump_4_2far,intent_queued,20000,598,2918,6661,36766,0,0
time,7,standard,engine_jump_4_2far,replace_report,20000,920,4383,25841,760334,0,0
time,7,standard,engine_jump_4_2far,ready_to_command,20000,896,3661,32930,1108455,0,0
time,7,standard,engine_jump_4_2far,jump_intent_subset,2496,1085,2948,10907,372602,0,0
time,7,standard,engine_rolling_32_2far,price_query,20000,84,178,371,36678,0,0
time,7,standard,engine_rolling_32_2far,intent_to_command,20000,1830,5944,39411,87998,0,0
time,7,standard,engine_rolling_32_2far,intent_queued,20000,874,4347,21878,662049,0,0
time,7,standard,engine_rolling_32_2far,replace_report,20000,1351,6679,36560,71485,0,0
time,7,standard,engine_rolling_32_2far,ready_to_command,20000,1413,5120,35484,406644,0,0
time,7,standard,engine_jump_32_2far,price_query,20000,88,163,274,4186,0,0
time,7,standard,engine_jump_32_2far,intent_to_command,20000,1924,5401,38906,285511,0,0
time,7,standard,engine_jump_32_2far,intent_queued,20000,883,3952,32092,55419,0,0
time,7,standard,engine_jump_32_2far,replace_report,20000,1325,5776,32129,132733,0,0
time,7,standard,engine_jump_32_2far,ready_to_command,20000,1655,4803,35634,66837,0,0
time,7,standard,engine_jump_32_2far,jump_intent_subset,2496,1926,3623,31077,64792,0,0
time,7,window,rolling_4,price_query,20000,38,168,305,4890,0,0
time,7,window,rolling_4,near_range8,20000,50,223,472,24998,0,0
time,7,window,rolling_4,index_submit,20000,92,250,524,74512,0,0
time,7,window,rolling_4,index_ack,20000,83,240,429,76925,0,0
time,7,window,rolling_4,cross_page_submit_subset,314,96,215,244,285,0,0
time,7,window,outliers_4,price_query,20000,65,120,213,35299,0,0
time,7,window,outliers_4,near_range8,20000,114,193,291,60180,0,0
time,7,window,outliers_4,index_submit,20000,170,251,438,21337,0,0
time,7,window,outliers_4,index_ack,20000,155,246,449,28478,0,0
time,7,window,outliers_4,cross_page_submit_subset,314,170,248,269,330,0,0
time,7,window,outliers_4,far_query,20000,66,114,222,28201,0,0
time,7,window,boundary_4,price_query,20000,63,152,228,16232,0,0
time,7,window,boundary_4,near_range8,20000,112,203,307,39774,0,0
time,7,window,boundary_4,index_submit,20000,164,203,437,28613,0,0
time,7,window,boundary_4,index_ack,20000,187,242,366,23864,0,0
time,7,window,boundary_4,cross_page_submit_subset,5000,160,194,324,28127,0,0
time,7,window,jump_4,price_query,20000,63,103,222,42441,0,0
time,7,window,jump_4,near_range8,20000,109,167,302,27232,0,0
time,7,window,jump_4,index_submit,20000,166,225,367,47329,0,0
time,7,window,jump_4,index_ack,20000,158,260,382,27191,0,0
time,7,window,jump_4,cross_page_submit_subset,3746,184,246,367,5625,0,0
time,7,window,jump_4,jump_submit_subset,2496,192,252,367,509,0,0
time,7,window,rolling_32,price_query,20000,50,113,196,20245,0,0
time,7,window,rolling_32,near_range8,20000,158,230,379,23662,0,0
time,7,window,rolling_32,index_submit,20000,149,187,344,26589,0,0
time,7,window,rolling_32,index_ack,20000,127,195,328,41154,0,0
time,7,window,rolling_32,cross_page_submit_subset,305,149,180,199,283,0,0
time,7,window,outliers_32,price_query,20000,50,103,209,31813,0,0
time,7,window,outliers_32,near_range8,20000,164,252,353,64305,0,0
time,7,window,outliers_32,index_submit,20000,156,188,352,22816,0,0
time,7,window,outliers_32,index_ack,20000,128,203,302,21488,0,0
time,7,window,outliers_32,cross_page_submit_subset,305,155,185,194,238,0,0
time,7,window,outliers_32,far_query,20000,59,106,213,23091,0,0
time,7,window,boundary_32,price_query,20000,50,102,192,21796,0,0
time,7,window,boundary_32,near_range8,20000,158,233,334,36602,0,0
time,7,window,boundary_32,index_submit,20000,148,179,338,46183,0,0
time,7,window,boundary_32,index_ack,20000,155,217,319,40437,0,0
time,7,window,boundary_32,cross_page_submit_subset,625,147,176,210,224,0,0
time,7,window,jump_32,price_query,20000,51,144,244,24783,0,0
time,7,window,jump_32,near_range8,20000,159,230,339,24126,0,0
time,7,window,jump_32,index_submit,20000,155,226,2254,27482,0,0
time,7,window,jump_32,index_ack,20000,128,249,394,38473,0,0
time,7,window,jump_32,cross_page_submit_subset,2652,196,255,452,990,0,0
time,7,window,jump_32,jump_submit_subset,2496,197,257,452,990,0,0
time,7,window,rolling_128,price_query,20000,51,107,190,23544,0,0
time,7,window,rolling_128,near_range8,20000,167,249,398,39663,0,0
time,7,window,rolling_128,index_submit,20000,153,202,653,37713,0,0
time,7,window,rolling_128,index_ack,20000,127,200,365,23827,0,0
time,7,window,rolling_128,cross_page_submit_subset,312,153,200,281,313,0,0
time,7,window,outliers_128,price_query,20000,51,117,221,62429,0,0
time,7,window,outliers_128,near_range8,20000,171,266,1018,56487,0,0
time,7,window,outliers_128,index_submit,20000,159,206,350,49451,0,0
time,7,window,outliers_128,index_ack,20000,126,216,404,45621,0,0
time,7,window,outliers_128,cross_page_submit_subset,312,160,226,233,267,0,0
time,7,window,outliers_128,far_query,20000,68,117,266,26284,0,0
time,7,window,boundary_128,price_query,20000,50,88,183,40533,0,0
time,7,window,boundary_128,near_range8,20000,164,260,440,39551,0,0
time,7,window,boundary_128,index_submit,20000,137,260,4629,33246,0,0
time,7,window,boundary_128,index_ack,20000,123,214,356,24730,0,0
time,7,window,boundary_128,cross_page_submit_subset,313,130,238,271,316,0,0
time,7,window,jump_128,price_query,20000,52,140,364,36648,0,0
time,7,window,jump_128,near_range8,20000,80,258,511,25323,0,0
time,7,window,jump_128,index_submit,20000,97,202,4043,27603,0,0
time,7,window,jump_128,index_ack,20000,73,230,370,26980,0,0
time,7,window,jump_128,cross_page_submit_subset,2704,122,299,5399,27603,0,0
time,7,window,jump_128,jump_submit_subset,2432,123,316,5399,27603,0,0
time,7,window,4096books_4near_2far,price_query,20000,301,1027,2248,39036,0,0
time,7,window,new_book_growth,index_insert,20000,283,3566,22885,1410844,0,0
time,7,window,engine_cancel_rehang_4near,cancel_to_command,20000,1713,2598,33834,1690098,0,0
time,7,window,engine_cancel_rehang_4near,new_to_command,20000,1952,12157,43015,2260888,0,0
time,7,window,engine_cancel_rehang_4near,accepted_report,20000,1336,4756,33653,1384880,0,0
time,7,window,engine_cancel_rehang_4near,canceled_report,20000,1352,5198,30756,126708,0,0
time,7,window,engine_rolling_4_2far,price_query,20000,58,124,246,62366,0,0
time,7,window,engine_rolling_4_2far,intent_to_command,20000,1084,4307,38159,263034,0,0
time,7,window,engine_rolling_4_2far,intent_queued,20000,583,2978,26668,255374,0,0
time,7,window,engine_rolling_4_2far,replace_report,20000,870,4673,32598,297302,0,0
time,7,window,engine_rolling_4_2far,ready_to_command,20000,900,3107,28902,231699,0,0
time,7,window,engine_jump_4_2far,price_query,20000,52,169,475,34617,0,0
time,7,window,engine_jump_4_2far,intent_to_command,20000,1556,5201,39206,83919,0,0
time,7,window,engine_jump_4_2far,intent_queued,20000,806,4097,31157,575456,0,0
time,7,window,engine_jump_4_2far,replace_report,20000,1274,5402,39036,135084,0,0
time,7,window,engine_jump_4_2far,ready_to_command,20000,1258,4781,36579,652699,0,0
time,7,window,engine_jump_4_2far,jump_intent_subset,2496,1520,2962,40158,44336,0,0
time,7,window,engine_rolling_32_2far,price_query,20000,49,123,360,35806,0,0
time,7,window,engine_rolling_32_2far,intent_to_command,20000,1341,4787,37657,1874267,0,0
time,7,window,engine_rolling_32_2far,intent_queued,20000,733,3815,23839,43568,0,0
time,7,window,engine_rolling_32_2far,replace_report,20000,1099,5485,34044,182110,0,0
time,7,window,engine_rolling_32_2far,ready_to_command,20000,984,4195,32442,463079,0,0
time,7,window,engine_jump_32_2far,price_query,20000,52,139,295,25042,0,0
time,7,window,engine_jump_32_2far,intent_to_command,20000,1727,5787,41005,90221,0,0
time,7,window,engine_jump_32_2far,intent_queued,20000,845,4094,35236,73353,0,0
time,7,window,engine_jump_32_2far,replace_report,20000,1282,6697,38297,83575,0,0
time,7,window,engine_jump_32_2far,ready_to_command,20000,1330,4578,37474,58045,0,0
time,7,window,engine_jump_32_2far,jump_intent_subset,2496,1757,4402,37700,41241,0,0
time,8,standard,rolling_4,price_query,20000,33,54,107,355,0,0
time,8,standard,rolling_4,near_range8,20000,50,158,321,3708,0,0
time,8,standard,rolling_4,index_submit,20000,77,136,253,30300,0,0
time,8,standard,rolling_4,index_ack,20000,72,183,311,27540,0,0
time,8,standard,rolling_4,cross_page_submit_subset,314,77,138,144,156,0,0
time,8,standard,outliers_4,price_query,20000,33,54,86,22597,0,0
time,8,standard,outliers_4,near_range8,20000,54,159,287,19698,0,0
time,8,standard,outliers_4,index_submit,20000,77,139,259,21101,0,0
time,8,standard,outliers_4,index_ack,20000,75,151,307,4094,0,0
time,8,standard,outliers_4,cross_page_submit_subset,314,76,117,128,166,0,0
time,8,standard,outliers_4,far_query,20000,33,53,105,18677,0,0
time,8,standard,boundary_4,price_query,20000,32,52,124,4622,0,0
time,8,standard,boundary_4,near_range8,20000,52,164,281,30885,0,0
time,8,standard,boundary_4,index_submit,20000,79,140,258,32593,0,0
time,8,standard,boundary_4,index_ack,20000,92,187,352,18540,0,0
time,8,standard,boundary_4,cross_page_submit_subset,5000,79,132,213,311,0,0
time,8,standard,jump_4,price_query,20000,32,48,84,41711,0,0
time,8,standard,jump_4,near_range8,20000,51,146,302,4192,0,0
time,8,standard,jump_4,index_submit,20000,77,126,223,46219,0,0
time,8,standard,jump_4,index_ack,20000,73,151,330,222623,0,0
time,8,standard,jump_4,cross_page_submit_subset,3746,84,129,237,3906,0,0
time,8,standard,jump_4,jump_submit_subset,2496,87,132,237,329,0,0
time,8,standard,rolling_32,price_query,20000,35,69,166,21392,0,0
time,8,standard,rolling_32,near_range8,20000,80,196,364,22454,0,0
time,8,standard,rolling_32,index_submit,20000,82,166,269,26592,0,0
time,8,standard,rolling_32,index_ack,20000,66,174,415,29199,0,0
time,8,standard,rolling_32,cross_page_submit_subset,305,80,156,164,193,0,0
time,8,standard,outliers_32,price_query,20000,35,67,179,5299,0,0
time,8,standard,outliers_32,near_range8,20000,76,203,461,18731,0,0
time,8,standard,outliers_32,index_submit,20000,97,183,296,22135,0,0
time,8,standard,outliers_32,index_ack,20000,66,184,419,30764,0,0
time,8,standard,outliers_32,cross_page_submit_subset,305,97,184,254,260,0,0
time,8,standard,outliers_32,far_query,20000,37,72,175,17937,0,0
time,8,standard,boundary_32,price_query,20000,35,72,197,332761,0,0
time,8,standard,boundary_32,near_range8,20000,75,219,490,21108,0,0
time,8,standard,boundary_32,index_submit,20000,77,170,362,45990,0,0
time,8,standard,boundary_32,index_ack,20000,93,275,662,23515,0,0
time,8,standard,boundary_32,cross_page_submit_subset,625,84,161,197,202,0,0
time,8,standard,jump_32,price_query,20000,35,79,182,4318,0,0
time,8,standard,jump_32,near_range8,20000,80,214,513,141449,0,0
time,8,standard,jump_32,index_submit,20000,84,203,519,398769,0,0
time,8,standard,jump_32,index_ack,20000,67,287,602,52806,0,0
time,8,standard,jump_32,cross_page_submit_subset,2652,107,290,605,1612,0,0
time,8,standard,jump_32,jump_submit_subset,2496,107,302,605,1612,0,0
time,8,standard,rolling_128,price_query,20000,40,88,208,241933,0,0
time,8,standard,rolling_128,near_range8,20000,81,248,482,141073,0,0
time,8,standard,rolling_128,index_submit,20000,102,179,430,39393,0,0
time,8,standard,rolling_128,index_ack,20000,71,151,643,22161,0,0
time,8,standard,rolling_128,cross_page_submit_subset,312,101,168,188,227,0,0
time,8,standard,outliers_128,price_query,20000,41,93,174,28073,0,0
time,8,standard,outliers_128,near_range8,20000,83,236,422,32432,0,0
time,8,standard,outliers_128,index_submit,20000,100,195,429,37205,0,0
time,8,standard,outliers_128,index_ack,20000,71,158,543,20458,0,0
time,8,standard,outliers_128,cross_page_submit_subset,312,100,184,222,393,0,0
time,8,standard,outliers_128,far_query,20000,44,91,178,4493,0,0
time,8,standard,boundary_128,price_query,20000,40,85,192,18268,0,0
time,8,standard,boundary_128,near_range8,20000,82,233,542,235826,0,0
time,8,standard,boundary_128,index_submit,20000,94,187,575,69028,0,0
time,8,standard,boundary_128,index_ack,20000,101,318,758,23137,0,0
time,8,standard,boundary_128,cross_page_submit_subset,313,99,179,253,328,0,0
time,8,standard,jump_128,price_query,20000,45,122,323,39818,0,0
time,8,standard,jump_128,near_range8,20000,81,242,560,18028,0,0
time,8,standard,jump_128,index_submit,20000,110,240,1010,104976,0,0
time,8,standard,jump_128,index_ack,20000,73,385,744,24745,0,0
time,8,standard,jump_128,cross_page_submit_subset,2704,127,412,1205,71848,0,0
time,8,standard,jump_128,jump_submit_subset,2432,128,412,1078,21215,0,0
time,8,standard,4096books_4near_2far,price_query,20000,294,1029,4361,58044,0,0
time,8,standard,new_book_growth,index_insert,20000,319,4169,28000,1932544,0,0
time,8,standard,engine_cancel_rehang_4near,cancel_to_command,20000,1734,2664,39619,1673001,0,0
time,8,standard,engine_cancel_rehang_4near,new_to_command,20000,2046,12556,47690,520288,0,0
time,8,standard,engine_cancel_rehang_4near,accepted_report,20000,1425,4883,36821,83489,0,0
time,8,standard,engine_cancel_rehang_4near,canceled_report,20000,1468,4555,34492,873805,0,0
time,8,standard,engine_rolling_4_2far,price_query,20000,46,96,151,4814,0,0
time,8,standard,engine_rolling_4_2far,intent_to_command,20000,1058,3508,23124,105198,0,0
time,8,standard,engine_rolling_4_2far,intent_queued,20000,563,2877,9269,56771,0,0
time,8,standard,engine_rolling_4_2far,replace_report,20000,845,4452,27029,56922,0,0
time,8,standard,engine_rolling_4_2far,ready_to_command,20000,884,3011,21504,56906,0,0
time,8,standard,engine_jump_4_2far,price_query,20000,34,119,325,42679,0,0
time,8,standard,engine_jump_4_2far,intent_to_command,20000,1126,4320,32797,392808,0,0
time,8,standard,engine_jump_4_2far,intent_queued,20000,623,3249,26504,843187,0,0
time,8,standard,engine_jump_4_2far,replace_report,20000,958,5301,30733,277105,0,0
time,8,standard,engine_jump_4_2far,ready_to_command,20000,894,3759,28815,532856,0,0
time,8,standard,engine_jump_4_2far,jump_intent_subset,2496,1106,3055,28067,392808,0,0
time,8,standard,engine_rolling_32_2far,price_query,20000,70,144,381,26254,0,0
time,8,standard,engine_rolling_32_2far,intent_to_command,20000,1136,4734,30229,149673,0,0
time,8,standard,engine_rolling_32_2far,intent_queued,20000,609,3280,25419,293490,0,0
time,8,standard,engine_rolling_32_2far,replace_report,20000,911,5403,29559,727709,0,0
time,8,standard,engine_rolling_32_2far,ready_to_command,20000,907,3406,27122,307034,0,0
time,8,standard,engine_jump_32_2far,price_query,20000,61,133,269,34682,0,0
time,8,standard,engine_jump_32_2far,intent_to_command,20000,1131,4409,36059,244813,0,0
time,8,standard,engine_jump_32_2far,intent_queued,20000,607,3158,22014,158488,0,0
time,8,standard,engine_jump_32_2far,replace_report,20000,923,4864,26173,221238,0,0
time,8,standard,engine_jump_32_2far,ready_to_command,20000,914,3605,28921,223097,0,0
time,8,standard,engine_jump_32_2far,jump_intent_subset,2496,1119,3019,33442,186839,0,0
time,8,pages,rolling_4,price_query,20000,37,62,191,20912,0,0
time,8,pages,rolling_4,near_range8,20000,62,213,443,36497,0,0
time,8,pages,rolling_4,index_submit,20000,87,169,298,37592,0,0
time,8,pages,rolling_4,index_ack,20000,73,158,297,38316,0,0
time,8,pages,rolling_4,cross_page_submit_subset,314,88,263,397,557,0,0
time,8,pages,rolling_4,page_creation_subset,78,143,397,397,557,0,0
time,8,pages,outliers_4,price_query,20000,38,136,272,15811,0,0
time,8,pages,outliers_4,near_range8,20000,63,235,468,79302,0,0
time,8,pages,outliers_4,index_submit,20000,85,212,403,27679,0,0
time,8,pages,outliers_4,index_ack,20000,75,209,379,51564,0,0
time,8,pages,outliers_4,cross_page_submit_subset,314,94,455,613,1141,0,0
time,8,pages,outliers_4,page_creation_subset,78,170,613,613,1141,0,0
time,8,pages,outliers_4,far_query,20000,37,127,264,19221,0,0
time,8,pages,boundary_4,price_query,20000,37,52,125,34619,0,0
time,8,pages,boundary_4,near_range8,20000,66,214,377,626,0,0
time,8,pages,boundary_4,index_submit,20000,84,147,242,24235,0,0
time,8,pages,boundary_4,index_ack,20000,87,163,319,201852,0,0
time,8,pages,boundary_4,cross_page_submit_subset,5000,84,146,234,24235,0,0
time,8,pages,jump_4,price_query,20000,37,55,104,3530,0,0
time,8,pages,jump_4,near_range8,20000,63,205,364,117755,0,0
time,8,pages,jump_4,index_submit,20000,87,165,291,18238,0,0
time,8,pages,jump_4,index_ack,20000,74,164,301,35403,0,0
time,8,pages,jump_4,cross_page_submit_subset,3746,90,227,321,6905,0,0
time,8,pages,jump_4,page_creation_subset,1248,145,268,324,517,0,0
time,8,pages,jump_4,jump_submit_subset,2496,125,245,324,6905,0,0
time,8,pages,rolling_32,price_query,20000,37,55,147,4786,0,0
time,8,pages,rolling_32,near_range8,20000,74,187,390,18079,0,0
time,8,pages,rolling_32,index_submit,20000,79,146,233,19607,0,0
time,8,pages,rolling_32,index_ack,20000,66,118,239,20499,0,0
time,8,pages,rolling_32,cross_page_submit_subset,305,87,233,299,487,0,0
time,8,pages,rolling_32,page_creation_subset,10,230,299,299,487,0,0
time,8,pages,outliers_32,price_query,20000,37,58,186,61318,0,0
time,8,pages,outliers_32,near_range8,20000,74,228,489,52575,0,0
time,8,pages,outliers_32,index_submit,20000,80,164,317,25186,0,0
time,8,pages,outliers_32,index_ack,20000,67,136,283,61029,0,0
time,8,pages,outliers_32,cross_page_submit_subset,305,88,359,596,675,0,0
time,8,pages,outliers_32,page_creation_subset,10,319,596,596,675,0,0
time,8,pages,outliers_32,far_query,20000,37,59,195,27186,0,0
time,8,pages,boundary_32,price_query,20000,37,58,173,4465,0,0
time,8,pages,boundary_32,near_range8,20000,79,227,445,26622,0,0
time,8,pages,boundary_32,index_submit,20000,80,160,239,24820,0,0
time,8,pages,boundary_32,index_ack,20000,82,162,277,43541,0,0
time,8,pages,boundary_32,cross_page_submit_subset,625,87,164,197,216,0,0
time,8,pages,jump_32,price_query,20000,37,55,101,23168,0,0
time,8,pages,jump_32,near_range8,20000,74,194,441,20973,0,0
time,8,pages,jump_32,index_submit,20000,79,167,273,32842,0,0
time,8,pages,jump_32,index_ack,20000,67,166,300,22762,0,0
time,8,pages,jump_32,cross_page_submit_subset,2652,90,221,341,20018,0,0
time,8,pages,jump_32,page_creation_subset,156,158,339,341,376,0,0
time,8,pages,jump_32,jump_submit_subset,2496,90,225,341,20018,0,0
time,8,pages,rolling_128,price_query,20000,38,95,209,35328,0,0
time,8,pages,rolling_128,near_range8,20000,81,241,527,182656,0,0
time,8,pages,rolling_128,index_submit,20000,87,187,507,28703,0,0
time,8,pages,rolling_128,index_ack,20000,74,160,358,42378,0,0
time,8,pages,rolling_128,cross_page_submit_subset,312,100,195,1073,1294,0,0
time,8,pages,rolling_128,page_creation_subset,3,1073,1073,1073,1294,0,0
time,8,pages,outliers_128,price_query,20000,43,189,528,99924,0,0
time,8,pages,outliers_128,near_range8,20000,106,286,593,121699,0,0
time,8,pages,outliers_128,index_submit,20000,120,227,733,234125,0,0
time,8,pages,outliers_128,index_ack,20000,101,200,804,321553,0,0
time,8,pages,outliers_128,cross_page_submit_subset,312,132,276,1335,1483,0,0
time,8,pages,outliers_128,page_creation_subset,3,1335,1335,1335,1483,0,0
time,8,pages,outliers_128,far_query,20000,44,188,532,30861,0,0
time,8,pages,boundary_128,price_query,20000,53,185,486,33708,0,0
time,8,pages,boundary_128,near_range8,20000,135,288,595,33275,0,0
time,8,pages,boundary_128,index_submit,20000,142,214,563,50153,0,0
time,8,pages,boundary_128,index_ack,20000,125,248,545,45648,0,0
time,8,pages,boundary_128,cross_page_submit_subset,313,145,212,236,315,0,0
time,8,pages,jump_128,price_query,20000,51,219,528,55668,0,0
time,8,pages,jump_128,near_range8,20000,122,303,590,72755,0,0
time,8,pages,jump_128,index_submit,20000,139,236,675,34254,0,0
time,8,pages,jump_128,index_ack,20000,110,244,622,61351,0,0
time,8,pages,jump_128,cross_page_submit_subset,2704,164,517,1103,32623,0,0
time,8,pages,jump_128,page_creation_subset,77,426,783,783,838,0,0
time,8,pages,jump_128,jump_submit_subset,2432,166,499,838,8472,0,0
time,8,pages,4096books_4near_2far,price_query,20000,625,1583,15368,71778,0,0
time,8,pages,new_book_growth,index_insert,20000,635,51797,92038,2072579,0,0
time,8,pages,new_book_growth,page_block_growth_subset,313,53373,284749,1144907,2072579,0,0
time,8,pages,engine_cancel_rehang_4near,cancel_to_command,20000,1618,4640,38727,1540592,0,0
time,8,pages,engine_cancel_rehang_4near,new_to_command,20000,2008,12378,50516,424164,0,0
time,8,pages,engine_cancel_rehang_4near,accepted_report,20000,1346,7023,38241,62279,0,0
time,8,pages,engine_cancel_rehang_4near,canceled_report,20000,1390,7329,38949,121021,0,0
time,8,pages,engine_rolling_4_2far,price_query,20000,66,130,532,7863,0,0
time,8,pages,engine_rolling_4_2far,intent_to_command,20000,1758,5338,38536,82807,0,0
time,8,pages,engine_rolling_4_2far,intent_queued,20000,888,4083,33916,72980,0,0
time,8,pages,engine_rolling_4_2far,replace_report,20000,1364,6640,39907,112623,0,0
time,8,pages,engine_rolling_4_2far,ready_to_command,20000,1429,4740,37789,51208,0,0
time,8,pages,engine_jump_4_2far,price_query,20000,64,134,516,33689,0,0
time,8,pages,engine_jump_4_2far,intent_to_command,20000,1763,5181,38992,106185,0,0
time,8,pages,engine_jump_4_2far,intent_queued,20000,873,4183,33221,74342,0,0
time,8,pages,engine_jump_4_2far,replace_report,20000,1374,6348,37124,71512,0,0
time,8,pages,engine_jump_4_2far,ready_to_command,20000,1437,4696,37028,95903,0,0
time,8,pages,engine_jump_4_2far,jump_intent_subset,2496,1800,4299,38054,106185,0,0
time,8,pages,engine_rolling_32_2far,price_query,20000,70,126,361,34927,0,0
time,8,pages,engine_rolling_32_2far,intent_to_command,20000,1826,5701,38405,108541,0,0
time,8,pages,engine_rolling_32_2far,intent_queued,20000,891,4098,35069,73369,0,0
time,8,pages,engine_rolling_32_2far,replace_report,20000,1345,6020,36338,76168,0,0
time,8,pages,engine_rolling_32_2far,ready_to_command,20000,1451,4863,39584,75457,0,0
time,8,pages,engine_jump_32_2far,price_query,20000,66,142,498,31118,0,0
time,8,pages,engine_jump_32_2far,intent_to_command,20000,1768,5747,38294,88555,0,0
time,8,pages,engine_jump_32_2far,intent_queued,20000,870,4120,33078,94262,0,0
time,8,pages,engine_jump_32_2far,replace_report,20000,1319,6441,38577,129481,0,0
time,8,pages,engine_jump_32_2far,ready_to_command,20000,1397,4815,36415,54700,0,0
time,8,pages,engine_jump_32_2far,jump_intent_subset,2496,1778,4364,34501,48806,0,0
time,8,adaptive,rolling_4,price_query,20000,60,196,522,4412,0,0
time,8,adaptive,rolling_4,near_range8,20000,94,235,545,30103,0,0
time,8,adaptive,rolling_4,index_submit,20000,141,192,447,77983,0,0
time,8,adaptive,rolling_4,index_ack,20000,128,199,347,31349,0,0
time,8,adaptive,rolling_4,cross_page_submit_subset,314,142,202,206,213,0,0
time,8,adaptive,outliers_4,price_query,20000,57,206,529,27115,0,0
time,8,adaptive,outliers_4,near_range8,20000,91,239,557,35490,0,0
time,8,adaptive,outliers_4,index_submit,20000,137,205,380,50893,0,0
time,8,adaptive,outliers_4,index_ack,20000,125,204,486,39377,0,0
time,8,adaptive,outliers_4,cross_page_submit_subset,314,137,190,195,377,0,0
time,8,adaptive,outliers_4,far_query,20000,57,193,519,77890,0,0
time,8,adaptive,boundary_4,price_query,20000,57,218,541,46345,0,0
time,8,adaptive,boundary_4,near_range8,20000,91,248,602,7055,0,0
time,8,adaptive,boundary_4,index_submit,20000,135,188,317,36464,0,0
time,8,adaptive,boundary_4,index_ack,20000,140,227,444,32337,0,0
time,8,adaptive,boundary_4,cross_page_submit_subset,5000,132,180,290,4938,0,0
time,8,adaptive,jump_4,price_query,20000,54,339,744,34141,0,0
time,8,adaptive,jump_4,near_range8,20000,86,244,590,53036,0,0
time,8,adaptive,jump_4,index_submit,20000,133,208,1036,34700,0,0
time,8,adaptive,jump_4,index_ack,20000,126,232,419,57175,0,0
time,8,adaptive,jump_4,cross_page_submit_subset,3746,144,228,2970,7268,0,0
time,8,adaptive,jump_4,jump_submit_subset,2496,153,239,2970,6085,0,0
time,8,adaptive,rolling_32,price_query,20000,62,219,539,48868,0,0
time,8,adaptive,rolling_32,near_range8,20000,115,280,627,93290,0,0
time,8,adaptive,rolling_32,index_submit,20000,132,191,410,34274,0,0
time,8,adaptive,rolling_32,index_ack,20000,105,192,333,43850,0,0
time,8,adaptive,rolling_32,cross_page_submit_subset,305,133,177,191,196,0,0
time,8,adaptive,outliers_32,price_query,20000,56,217,562,32823,0,0
time,8,adaptive,outliers_32,near_range8,20000,96,280,596,34744,0,0
time,8,adaptive,outliers_32,index_submit,20000,120,208,638,44139,0,0
time,8,adaptive,outliers_32,index_ack,20000,94,196,408,25915,0,0
time,8,adaptive,outliers_32,cross_page_submit_subset,305,120,224,1514,27196,0,0
time,8,adaptive,outliers_32,far_query,20000,59,212,540,58131,0,0
time,8,adaptive,boundary_32,price_query,20000,63,215,531,38664,0,0
time,8,adaptive,boundary_32,near_range8,20000,112,283,644,49980,0,0
time,8,adaptive,boundary_32,index_submit,20000,133,234,545,33694,0,0
time,8,adaptive,boundary_32,index_ack,20000,137,273,485,44703,0,0
time,8,adaptive,boundary_32,cross_page_submit_subset,625,135,269,5525,33285,0,0
time,8,adaptive,jump_32,price_query,20000,66,199,530,47693,0,0
time,8,adaptive,jump_32,near_range8,20000,133,257,572,32621,0,0
time,8,adaptive,jump_32,index_submit,20000,152,241,486,33781,0,0
time,8,adaptive,jump_32,index_ack,20000,122,288,494,52688,0,0
time,8,adaptive,jump_32,cross_page_submit_subset,2652,180,287,498,3807,0,0
time,8,adaptive,jump_32,jump_submit_subset,2496,181,289,498,3807,0,0
time,8,adaptive,rolling_128,price_query,20000,71,187,505,51840,0,0
time,8,adaptive,rolling_128,near_range8,20000,139,270,625,34618,0,0
time,8,adaptive,rolling_128,index_submit,20000,155,267,570,37458,0,0
time,8,adaptive,rolling_128,index_ack,20000,120,214,484,50669,0,0
time,8,adaptive,rolling_128,cross_page_submit_subset,312,155,237,356,1058,0,0
time,8,adaptive,outliers_128,price_query,20000,70,190,937,46945,0,0
time,8,adaptive,outliers_128,near_range8,20000,123,277,1078,50010,0,0
time,8,adaptive,outliers_128,index_submit,20000,148,257,1046,42294,0,0
time,8,adaptive,outliers_128,index_ack,20000,105,240,1018,30277,0,0
time,8,adaptive,outliers_128,cross_page_submit_subset,312,145,296,1073,1078,0,0
time,8,adaptive,outliers_128,far_query,20000,69,191,950,27797,0,0
time,8,adaptive,boundary_128,price_query,20000,71,187,545,47355,0,0
time,8,adaptive,boundary_128,near_range8,20000,130,264,1006,47146,0,0
time,8,adaptive,boundary_128,index_submit,20000,153,228,1040,29163,0,0
time,8,adaptive,boundary_128,index_ack,20000,146,266,1032,47229,0,0
time,8,adaptive,boundary_128,cross_page_submit_subset,313,157,205,214,359,0,0
time,8,adaptive,jump_128,price_query,20000,70,191,486,31062,0,0
time,8,adaptive,jump_128,near_range8,20000,132,255,679,47996,0,0
time,8,adaptive,jump_128,index_submit,20000,155,257,805,49312,0,0
time,8,adaptive,jump_128,index_ack,20000,118,349,660,52361,0,0
time,8,adaptive,jump_128,cross_page_submit_subset,2704,185,381,1946,33130,0,0
time,8,adaptive,jump_128,jump_submit_subset,2432,188,381,1490,33130,0,0
time,8,adaptive,4096books_4near_2far,price_query,20000,272,1013,4982,43107,0,0
time,8,adaptive,new_book_growth,index_insert,20000,463,4110,29052,2461935,0,0
time,8,adaptive,engine_cancel_rehang_4near,cancel_to_command,20000,1706,4197,37155,1363099,0,0
time,8,adaptive,engine_cancel_rehang_4near,new_to_command,20000,1849,9063,33230,644001,0,0
time,8,adaptive,engine_cancel_rehang_4near,accepted_report,20000,1236,6529,29202,58533,0,0
time,8,adaptive,engine_cancel_rehang_4near,canceled_report,20000,1262,6534,28987,13017076,0,0
time,8,adaptive,engine_rolling_4_2far,price_query,20000,54,129,588,26015,0,0
time,8,adaptive,engine_rolling_4_2far,intent_to_command,20000,1182,5113,29785,154987,0,0
time,8,adaptive,engine_rolling_4_2far,intent_queued,20000,666,3912,20674,730477,0,0
time,8,adaptive,engine_rolling_4_2far,replace_report,20000,1018,6100,34978,1465257,0,0
time,8,adaptive,engine_rolling_4_2far,ready_to_command,20000,911,4110,26911,267663,0,0
time,8,adaptive,engine_jump_4_2far,price_query,20000,38,118,281,47228,0,0
time,8,adaptive,engine_jump_4_2far,intent_to_command,20000,1136,4442,30351,217322,0,0
time,8,adaptive,engine_jump_4_2far,intent_queued,20000,630,3392,27006,170433,0,0
time,8,adaptive,engine_jump_4_2far,replace_report,20000,953,5475,29037,111176,0,0
time,8,adaptive,engine_jump_4_2far,ready_to_command,20000,901,3216,27454,235307,0,0
time,8,adaptive,engine_jump_4_2far,jump_intent_subset,2496,1130,3180,25615,37738,0,0
time,8,adaptive,engine_rolling_32_2far,price_query,20000,67,154,380,140273,0,0
time,8,adaptive,engine_rolling_32_2far,intent_to_command,20000,1145,4206,38316,160432,0,0
time,8,adaptive,engine_rolling_32_2far,intent_queued,20000,618,3144,21955,1092995,0,0
time,8,adaptive,engine_rolling_32_2far,replace_report,20000,927,4966,31740,244354,0,0
time,8,adaptive,engine_rolling_32_2far,ready_to_command,20000,904,3453,34560,556838,0,0
time,8,adaptive,engine_jump_32_2far,price_query,20000,59,186,945,47236,0,0
time,8,adaptive,engine_jump_32_2far,intent_to_command,20000,1298,5316,32831,1619162,0,0
time,8,adaptive,engine_jump_32_2far,intent_queued,20000,717,3984,28179,2551674,0,0
time,8,adaptive,engine_jump_32_2far,replace_report,20000,1100,5857,34439,573143,0,0
time,8,adaptive,engine_jump_32_2far,ready_to_command,20000,962,4536,30845,2078245,0,0
time,8,adaptive,engine_jump_32_2far,jump_intent_subset,2496,1285,4294,23403,1412282,0,0
time,8,window,rolling_4,price_query,20000,37,79,221,5780,0,0
time,8,window,rolling_4,near_range8,20000,49,180,441,5208,0,0
time,8,window,rolling_4,index_submit,20000,88,191,361,42377,0,0
time,8,window,rolling_4,index_ack,20000,74,174,326,44833,0,0
time,8,window,rolling_4,cross_page_submit_subset,314,89,181,189,202,0,0
time,8,window,outliers_4,price_query,20000,38,163,263,23218,0,0
time,8,window,outliers_4,near_range8,20000,52,219,489,189207,0,0
time,8,window,outliers_4,index_submit,20000,93,212,377,23464,0,0
time,8,window,outliers_4,index_ack,20000,83,189,349,25626,0,0
time,8,window,outliers_4,cross_page_submit_subset,314,88,196,232,251,0,0
time,8,window,outliers_4,far_query,20000,38,181,368,31297,0,0
time,8,window,boundary_4,price_query,20000,38,164,401,27317,0,0
time,8,window,boundary_4,near_range8,20000,52,229,520,175661,0,0
time,8,window,boundary_4,index_submit,20000,86,208,558,42639,0,0
time,8,window,boundary_4,index_ack,20000,89,237,502,26586,0,0
time,8,window,boundary_4,cross_page_submit_subset,5000,85,188,1040,5998,0,0
time,8,window,jump_4,price_query,20000,38,162,442,6045,0,0
time,8,window,jump_4,near_range8,20000,52,214,603,185803,0,0
time,8,window,jump_4,index_submit,20000,95,210,816,620462,0,0
time,8,window,jump_4,index_ack,20000,90,234,817,1863316,0,0
time,8,window,jump_4,cross_page_submit_subset,3746,102,239,395,1067,0,0
time,8,window,jump_4,jump_submit_subset,2496,110,247,406,1067,0,0
time,8,window,rolling_32,price_query,20000,32,150,265,23907,0,0
time,8,window,rolling_32,near_range8,20000,73,264,629,48095,0,0
time,8,window,rolling_32,index_submit,20000,73,228,674,178186,0,0
time,8,window,rolling_32,index_ack,20000,67,223,548,31028,0,0
time,8,window,rolling_32,cross_page_submit_subset,305,73,174,322,413,0,0
time,8,window,outliers_32,price_query,20000,32,139,376,41583,0,0
time,8,window,outliers_32,near_range8,20000,80,270,622,32677,0,0
time,8,window,outliers_32,index_submit,20000,77,246,612,61713,0,0
time,8,window,outliers_32,index_ack,20000,70,231,432,53510,0,0
time,8,window,outliers_32,cross_page_submit_subset,305,77,161,189,987,0,0
time,8,window,outliers_32,far_query,20000,36,164,376,28022,0,0
time,8,window,boundary_32,price_query,20000,32,174,332,9635,0,0
time,8,window,boundary_32,near_range8,20000,75,261,584,91047,0,0
time,8,window,boundary_32,index_submit,20000,74,201,397,59888,0,0
time,8,window,boundary_32,index_ack,20000,79,233,426,50160,0,0
time,8,window,boundary_32,cross_page_submit_subset,625,83,176,354,535,0,0
time,8,window,jump_32,price_query,20000,33,134,251,26182,0,0
time,8,window,jump_32,near_range8,20000,75,243,502,31914,0,0
time,8,window,jump_32,index_submit,20000,80,196,1783,28856,0,0
time,8,window,jump_32,index_ack,20000,69,198,297,17249,0,0
time,8,window,jump_32,cross_page_submit_subset,2652,100,210,503,4573,0,0
time,8,window,jump_32,jump_submit_subset,2496,100,213,503,4573,0,0
time,8,window,rolling_128,price_query,20000,33,129,335,25972,0,0
time,8,window,rolling_128,near_range8,20000,97,247,533,54561,0,0
time,8,window,rolling_128,index_submit,20000,93,181,993,31413,0,0
time,8,window,rolling_128,index_ack,20000,79,162,415,181584,0,0
time,8,window,rolling_128,cross_page_submit_subset,312,94,163,175,187,0,0
time,8,window,outliers_128,price_query,20000,32,69,202,734556,0,0
time,8,window,outliers_128,near_range8,20000,80,216,510,901243,0,0
time,8,window,outliers_128,index_submit,20000,78,182,656,118417,0,0
time,8,window,outliers_128,index_ack,20000,72,180,415,68923,0,0
time,8,window,outliers_128,cross_page_submit_subset,312,81,217,1017,118417,0,0
time,8,window,outliers_128,far_query,20000,49,76,218,23241,0,0
time,8,window,boundary_128,price_query,20000,38,168,378,58307,0,0
time,8,window,boundary_128,near_range8,20000,109,294,1019,645291,0,0
time,8,window,boundary_128,index_submit,20000,97,426,4724,208096,0,0
time,8,window,boundary_128,index_ack,20000,94,260,424,71142,0,0
time,8,window,boundary_128,cross_page_submit_subset,313,98,279,321,865,0,0
time,8,window,jump_128,price_query,20000,52,159,325,62165,0,0
time,8,window,jump_128,near_range8,20000,100,275,636,133820,0,0
time,8,window,jump_128,index_submit,20000,106,288,4228,1162870,0,0
time,8,window,jump_128,index_ack,20000,90,324,985,979320,0,0
time,8,window,jump_128,cross_page_submit_subset,2704,134,548,2435,23825,0,0
time,8,window,jump_128,jump_submit_subset,2432,138,557,2435,23825,0,0
time,8,window,4096books_4near_2far,price_query,20000,389,1500,7821,2147182,0,0
time,8,window,new_book_growth,index_insert,20000,496,6298,37155,2475312,0,0
time,8,window,engine_cancel_rehang_4near,cancel_to_command,20000,1805,3589,40258,1761492,0,0
time,8,window,engine_cancel_rehang_4near,new_to_command,20000,2182,14994,50406,473916,0,0
time,8,window,engine_cancel_rehang_4near,accepted_report,20000,1501,6803,42299,106002,0,0
time,8,window,engine_cancel_rehang_4near,canceled_report,20000,1505,6539,36514,86714,0,0
time,8,window,engine_rolling_4_2far,price_query,20000,78,237,619,73625,0,0
time,8,window,engine_rolling_4_2far,intent_to_command,20000,1842,6188,38049,116449,0,0
time,8,window,engine_rolling_4_2far,intent_queued,20000,968,4318,32258,73920,0,0
time,8,window,engine_rolling_4_2far,replace_report,20000,1449,7046,36694,157077,0,0
time,8,window,engine_rolling_4_2far,ready_to_command,20000,1516,5392,38040,58793,0,0
time,8,window,engine_jump_4_2far,price_query,20000,74,316,726,55074,0,0
time,8,window,engine_jump_4_2far,intent_to_command,20000,1986,7474,40015,139029,0,0
time,8,window,engine_jump_4_2far,intent_queued,20000,1018,5291,33213,95001,0,0
time,8,window,engine_jump_4_2far,replace_report,20000,1565,9436,37552,132991,0,0
time,8,window,engine_jump_4_2far,ready_to_command,20000,1623,5857,39994,73813,0,0
time,8,window,engine_jump_4_2far,jump_intent_subset,2496,1976,6194,33877,56215,0,0
time,8,window,engine_rolling_32_2far,price_query,20000,68,299,606,5962,0,0
time,8,window,engine_rolling_32_2far,intent_to_command,20000,1920,7376,45377,82148,0,0
time,8,window,engine_rolling_32_2far,intent_queued,20000,987,4807,33855,51171,0,0
time,8,window,engine_rolling_32_2far,replace_report,20000,1484,7353,43603,133243,0,0
time,8,window,engine_rolling_32_2far,ready_to_command,20000,1485,5375,36761,70764,0,0
time,8,window,engine_jump_32_2far,price_query,20000,57,214,453,28522,0,0
time,8,window,engine_jump_32_2far,intent_to_command,20000,1897,6451,43057,110024,0,0
time,8,window,engine_jump_32_2far,intent_queued,20000,959,4445,33280,68407,0,0
time,8,window,engine_jump_32_2far,replace_report,20000,1427,7399,38131,79516,0,0
time,8,window,engine_jump_32_2far,ready_to_command,20000,1490,5119,34386,118373,0,0
time,8,window,engine_jump_32_2far,jump_intent_subset,2496,1915,4938,33043,34520,0,0
time,9,pages,rolling_4,price_query,20000,55,200,500,33418,0,0
time,9,pages,rolling_4,near_range8,20000,110,281,643,38976,0,0
time,9,pages,rolling_4,index_submit,20000,149,209,562,61925,0,0
time,9,pages,rolling_4,index_ack,20000,130,218,663,55020,0,0
time,9,pages,rolling_4,cross_page_submit_subset,314,151,474,908,966,0,0
time,9,pages,rolling_4,page_creation_subset,78,295,908,908,966,0,0
time,9,pages,outliers_4,price_query,20000,57,166,417,26684,0,0
time,9,pages,outliers_4,near_range8,20000,112,255,575,41253,0,0
time,9,pages,outliers_4,index_submit,20000,149,215,571,44509,0,0
time,9,pages,outliers_4,index_ack,20000,128,224,466,34069,0,0
time,9,pages,outliers_4,cross_page_submit_subset,314,153,556,689,705,0,0
time,9,pages,outliers_4,page_creation_subset,78,292,689,689,705,0,0
time,9,pages,outliers_4,far_query,20000,59,175,308,37791,0,0
time,9,pages,boundary_4,price_query,20000,56,182,462,31615,0,0
time,9,pages,boundary_4,near_range8,20000,120,263,576,59493,0,0
time,9,pages,boundary_4,index_submit,20000,149,205,455,63611,0,0
time,9,pages,boundary_4,index_ack,20000,153,245,492,32206,0,0
time,9,pages,boundary_4,cross_page_submit_subset,5000,148,203,498,53081,0,0
time,9,pages,jump_4,price_query,20000,55,250,533,66370,0,0
time,9,pages,jump_4,near_range8,20000,110,272,546,51073,0,0
time,9,pages,jump_4,index_submit,20000,150,286,502,56505,0,0
time,9,pages,jump_4,index_ack,20000,135,275,539,32705,0,0
time,9,pages,jump_4,cross_page_submit_subset,3746,166,391,619,30630,0,0
time,9,pages,jump_4,page_creation_subset,1248,245,497,1328,30630,0,0
time,9,pages,jump_4,jump_submit_subset,2496,197,430,619,30630,0,0
time,9,pages,rolling_32,price_query,20000,55,169,370,37962,0,0
time,9,pages,rolling_32,near_range8,20000,141,286,538,59348,0,0
time,9,pages,rolling_32,index_submit,20000,147,323,780,37995,0,0
time,9,pages,rolling_32,index_ack,20000,128,291,637,46970,0,0
time,9,pages,rolling_32,cross_page_submit_subset,305,152,753,1251,1437,0,0
time,9,pages,rolling_32,page_creation_subset,10,595,1251,1251,1437,0,0
time,9,pages,outliers_32,price_query,20000,57,199,507,8954,0,0
time,9,pages,outliers_32,near_range8,20000,141,308,612,51515,0,0
time,9,pages,outliers_32,index_submit,20000,145,184,572,45166,0,0
time,9,pages,outliers_32,index_ack,20000,126,185,554,56582,0,0
time,9,pages,outliers_32,cross_page_submit_subset,305,147,541,632,1251,0,0
time,9,pages,outliers_32,page_creation_subset,10,528,632,632,1251,0,0
time,9,pages,outliers_32,far_query,20000,59,218,540,29709,0,0
time,9,pages,boundary_32,price_query,20000,57,225,546,31552,0,0
time,9,pages,boundary_32,near_range8,20000,147,363,699,53132,0,0
time,9,pages,boundary_32,index_submit,20000,147,502,994,36227,0,0
time,9,pages,boundary_32,index_ack,20000,140,471,978,79628,0,0
time,9,pages,boundary_32,cross_page_submit_subset,625,147,451,1060,1510,0,0
time,9,pages,jump_32,price_query,20000,47,263,557,66337,0,0
time,9,pages,jump_32,near_range8,20000,116,360,798,17658,0,0
time,9,pages,jump_32,index_submit,20000,166,582,1214,84040,0,0
time,9,pages,jump_32,index_ack,20000,153,530,914,89074,0,0
time,9,pages,jump_32,cross_page_submit_subset,2652,200,797,10661,61855,0,0
time,9,pages,jump_32,page_creation_subset,156,504,1251,1275,1993,0,0
time,9,pages,jump_32,jump_submit_subset,2496,202,806,1993,61855,0,0
time,9,pages,rolling_128,price_query,20000,54,232,501,72392,0,0
time,9,pages,rolling_128,near_range8,20000,124,352,798,32252,0,0
time,9,pages,rolling_128,index_submit,20000,150,529,1281,41622,0,0
time,9,pages,rolling_128,index_ack,20000,128,503,897,41087,0,0
time,9,pages,rolling_128,cross_page_submit_subset,312,158,671,2685,33647,0,0
time,9,pages,rolling_128,page_creation_subset,3,2326,2326,2326,2685,0,0
time,9,pages,outliers_128,price_query,20000,56,225,534,71546,0,0
time,9,pages,outliers_128,near_range8,20000,133,341,699,39059,0,0
time,9,pages,outliers_128,index_submit,20000,148,368,732,42547,0,0
time,9,pages,outliers_128,index_ack,20000,125,367,813,62048,0,0
time,9,pages,outliers_128,cross_page_submit_subset,312,155,558,2200,3359,0,0
time,9,pages,outliers_128,page_creation_subset,3,2200,2200,2200,3359,0,0
time,9,pages,outliers_128,far_query,20000,57,251,587,34041,0,0
time,9,pages,boundary_128,price_query,20000,57,180,423,41332,0,0
time,9,pages,boundary_128,near_range8,20000,151,296,660,73119,0,0
time,9,pages,boundary_128,index_submit,20000,150,324,649,5634,0,0
time,9,pages,boundary_128,index_ack,20000,139,330,713,62139,0,0
time,9,pages,boundary_128,cross_page_submit_subset,313,153,290,407,483,0,0
time,9,pages,jump_128,price_query,20000,58,188,479,61383,0,0
time,9,pages,jump_128,near_range8,20000,147,303,632,63931,0,0
time,9,pages,jump_128,index_submit,20000,170,337,859,58399,0,0
time,9,pages,jump_128,index_ack,20000,133,325,606,32376,0,0
time,9,pages,jump_128,cross_page_submit_subset,2704,199,470,928,36025,0,0
time,9,pages,jump_128,page_creation_subset,77,413,859,859,928,0,0
time,9,pages,jump_128,jump_submit_subset,2432,201,465,917,7405,0,0
time,9,pages,4096books_4near_2far,price_query,20000,669,1610,25371,104898,0,0
time,9,pages,new_book_growth,index_insert,20000,681,55627,94646,2437232,0,0
time,9,pages,new_book_growth,page_block_growth_subset,313,57068,293328,1227599,2437232,0,0
time,9,pages,engine_cancel_rehang_4near,cancel_to_command,20000,1796,4780,39655,1648560,0,0
time,9,pages,engine_cancel_rehang_4near,new_to_command,20000,2199,13125,53145,509432,0,0
time,9,pages,engine_cancel_rehang_4near,accepted_report,20000,1435,6915,36202,72676,0,0
time,9,pages,engine_cancel_rehang_4near,canceled_report,20000,1478,7443,40786,87739,0,0
time,9,pages,engine_rolling_4_2far,price_query,20000,73,231,538,73138,0,0
time,9,pages,engine_rolling_4_2far,intent_to_command,20000,1925,6429,38305,127084,0,0
time,9,pages,engine_rolling_4_2far,intent_queued,20000,996,4424,32059,112209,0,0
time,9,pages,engine_rolling_4_2far,replace_report,20000,1477,7211,38615,98299,0,0
time,9,pages,engine_rolling_4_2far,ready_to_command,20000,1557,4980,36478,68675,0,0
time,9,pages,engine_jump_4_2far,price_query,20000,63,226,501,40863,0,0
time,9,pages,engine_jump_4_2far,intent_to_command,20000,1908,6771,40183,96793,0,0
time,9,pages,engine_jump_4_2far,intent_queued,20000,1011,4917,33576,181664,0,0
time,9,pages,engine_jump_4_2far,replace_report,20000,1554,7704,38490,142973,0,0
time,9,pages,engine_jump_4_2far,ready_to_command,20000,1510,5771,38200,71559,0,0
time,9,pages,engine_jump_4_2far,jump_intent_subset,2496,1938,5637,35590,69710,0,0
time,9,pages,engine_rolling_32_2far,price_query,20000,75,322,657,31723,0,0
time,9,pages,engine_rolling_32_2far,intent_to_command,20000,1968,7456,40048,95562,0,0
time,9,pages,engine_rolling_32_2far,intent_queued,20000,986,5149,35470,87327,0,0
time,9,pages,engine_rolling_32_2far,replace_report,20000,1472,8287,38199,66257,0,0
time,9,pages,engine_rolling_32_2far,ready_to_command,20000,1498,5614,36709,95836,0,0
time,9,pages,engine_jump_32_2far,price_query,20000,74,256,584,46436,0,0
time,9,pages,engine_jump_32_2far,intent_to_command,20000,1984,6680,38585,67118,0,0
time,9,pages,engine_jump_32_2far,intent_queued,20000,997,4292,32526,64182,0,0
time,9,pages,engine_jump_32_2far,replace_report,20000,1452,7595,38783,146339,0,0
time,9,pages,engine_jump_32_2far,ready_to_command,20000,1598,5235,39137,130265,0,0
time,9,pages,engine_jump_32_2far,jump_intent_subset,2496,1990,6168,35029,53141,0,0
time,9,adaptive,rolling_4,price_query,20000,64,266,559,35928,0,0
time,9,adaptive,rolling_4,near_range8,20000,100,315,651,79304,0,0
time,9,adaptive,rolling_4,index_submit,20000,150,386,1000,133783,0,0
time,9,adaptive,rolling_4,index_ack,20000,142,415,782,66816,0,0
time,9,adaptive,rolling_4,cross_page_submit_subset,314,150,264,422,494,0,0
time,9,adaptive,outliers_4,price_query,20000,65,224,553,27571,0,0
time,9,adaptive,outliers_4,near_range8,20000,104,277,606,71076,0,0
time,9,adaptive,outliers_4,index_submit,20000,160,257,560,73795,0,0
time,9,adaptive,outliers_4,index_ack,20000,147,266,667,54228,0,0
time,9,adaptive,outliers_4,cross_page_submit_subset,314,160,230,315,367,0,0
time,9,adaptive,outliers_4,far_query,20000,66,218,552,66575,0,0
time,9,adaptive,boundary_4,price_query,20000,64,216,533,83071,0,0
time,9,adaptive,boundary_4,near_range8,20000,103,273,626,114035,0,0
time,9,adaptive,boundary_4,index_submit,20000,155,355,541,74249,0,0
time,9,adaptive,boundary_4,index_ack,20000,171,371,602,34079,0,0
time,9,adaptive,boundary_4,cross_page_submit_subset,5000,152,351,567,51362,0,0
time,9,adaptive,jump_4,price_query,20000,63,239,496,28937,0,0
time,9,adaptive,jump_4,near_range8,20000,101,239,542,53685,0,0
time,9,adaptive,jump_4,index_submit,20000,157,233,422,38032,0,0
time,9,adaptive,jump_4,index_ack,20000,148,268,1037,63566,0,0
time,9,adaptive,jump_4,cross_page_submit_subset,3746,166,250,405,597,0,0
time,9,adaptive,jump_4,jump_submit_subset,2496,176,259,422,597,0,0
time,9,adaptive,rolling_32,price_query,20000,68,186,478,6871,0,0
time,9,adaptive,rolling_32,near_range8,20000,140,291,600,28071,0,0
time,9,adaptive,rolling_32,index_submit,20000,159,302,565,38114,0,0
time,9,adaptive,rolling_32,index_ack,20000,129,280,499,55339,0,0
time,9,adaptive,rolling_32,cross_page_submit_subset,305,163,302,378,38114,0,0
time,9,adaptive,outliers_32,price_query,20000,70,207,509,6172,0,0
time,9,adaptive,outliers_32,near_range8,20000,143,324,647,63918,0,0
time,9,adaptive,outliers_32,index_submit,20000,158,347,671,58247,0,0
time,9,adaptive,outliers_32,index_ack,20000,128,301,450,27360,0,0
time,9,adaptive,outliers_32,cross_page_submit_subset,305,157,310,377,475,0,0
time,9,adaptive,outliers_32,far_query,20000,71,222,553,64446,0,0
time,9,adaptive,boundary_32,price_query,20000,70,226,474,43719,0,0
time,9,adaptive,boundary_32,near_range8,20000,142,377,616,47445,0,0
time,9,adaptive,boundary_32,index_submit,20000,150,419,533,55258,0,0
time,9,adaptive,boundary_32,index_ack,20000,153,491,683,37161,0,0
time,9,adaptive,boundary_32,cross_page_submit_subset,625,152,377,488,596,0,0
time,9,adaptive,jump_32,price_query,20000,69,232,549,54823,0,0
time,9,adaptive,jump_32,near_range8,20000,140,303,682,31897,0,0
time,9,adaptive,jump_32,index_submit,20000,152,268,575,36922,0,0
time,9,adaptive,jump_32,index_ack,20000,128,303,1031,58715,0,0
time,9,adaptive,jump_32,cross_page_submit_subset,2652,183,359,1023,2755,0,0
time,9,adaptive,jump_32,jump_submit_subset,2496,185,368,1023,2755,0,0
time,9,adaptive,rolling_128,price_query,20000,76,252,502,25356,0,0
time,9,adaptive,rolling_128,near_range8,20000,144,420,631,30062,0,0
time,9,adaptive,rolling_128,index_submit,20000,174,504,1123,76909,0,0
time,9,adaptive,rolling_128,index_ack,20000,134,468,819,72285,0,0
time,9,adaptive,rolling_128,cross_page_submit_subset,312,171,453,568,1033,0,0
time,9,adaptive,outliers_128,price_query,20000,77,222,540,66504,0,0
time,9,adaptive,outliers_128,near_range8,20000,149,340,679,35736,0,0
time,9,adaptive,outliers_128,index_submit,20000,173,498,1079,54248,0,0
time,9,adaptive,outliers_128,index_ack,20000,129,455,837,103614,0,0
time,9,adaptive,outliers_128,cross_page_submit_subset,312,174,457,613,614,0,0
time,9,adaptive,outliers_128,far_query,20000,76,226,499,36174,0,0
time,9,adaptive,boundary_128,price_query,20000,77,194,507,49002,0,0
time,9,adaptive,boundary_128,near_range8,20000,149,304,592,52239,0,0
time,9,adaptive,boundary_128,index_submit,20000,171,396,759,35873,0,0
time,9,adaptive,boundary_128,index_ack,20000,172,410,757,68779,0,0
time,9,adaptive,boundary_128,cross_page_submit_subset,313,173,405,597,16971,0,0
time,9,adaptive,jump_128,price_query,20000,74,238,474,45363,0,0
time,9,adaptive,jump_128,near_range8,20000,147,370,694,31252,0,0
time,9,adaptive,jump_128,index_submit,20000,158,426,565,37065,0,0
time,9,adaptive,jump_128,index_ack,20000,129,385,944,43274,0,0
time,9,adaptive,jump_128,cross_page_submit_subset,2704,194,518,592,3382,0,0
time,9,adaptive,jump_128,jump_submit_subset,2432,198,521,592,3382,0,0
time,9,adaptive,4096books_4near_2far,price_query,20000,417,1191,11554,70181,0,0
time,9,adaptive,new_book_growth,index_insert,20000,474,4766,33032,2413151,0,0
time,9,adaptive,engine_cancel_rehang_4near,cancel_to_command,20000,1749,3974,36616,1708202,0,0
time,9,adaptive,engine_cancel_rehang_4near,new_to_command,20000,2115,13761,42103,492977,0,0
time,9,adaptive,engine_cancel_rehang_4near,accepted_report,20000,1461,7792,38395,231885,0,0
time,9,adaptive,engine_cancel_rehang_4near,canceled_report,20000,1472,7353,36837,77072,0,0
time,9,adaptive,engine_rolling_4_2far,price_query,20000,76,274,587,56630,0,0
time,9,adaptive,engine_rolling_4_2far,intent_to_command,20000,1886,7138,38562,156881,0,0
time,9,adaptive,engine_rolling_4_2far,intent_queued,20000,995,5013,34690,106306,0,0
time,9,adaptive,engine_rolling_4_2far,replace_report,20000,1497,7439,37064,80046,0,0
time,9,adaptive,engine_rolling_4_2far,ready_to_command,20000,1521,5925,36465,93655,0,0
time,9,adaptive,engine_jump_4_2far,price_query,20000,65,180,533,38529,0,0
time,9,adaptive,engine_jump_4_2far,intent_to_command,20000,1806,6397,46775,2275861,0,0
time,9,adaptive,engine_jump_4_2far,intent_queued,20000,893,4379,28061,179061,0,0
time,9,adaptive,engine_jump_4_2far,replace_report,20000,1354,7607,36757,374835,0,0
time,9,adaptive,engine_jump_4_2far,ready_to_command,20000,1523,5273,36916,241801,0,0
time,9,adaptive,engine_jump_4_2far,jump_intent_subset,2496,1807,5256,35983,89784,0,0
time,9,adaptive,engine_rolling_32_2far,price_query,20000,90,261,643,28569,0,0
time,9,adaptive,engine_rolling_32_2far,intent_to_command,20000,1975,6646,39955,720371,0,0
time,9,adaptive,engine_rolling_32_2far,intent_queued,20000,998,4726,32212,100561,0,0
time,9,adaptive,engine_rolling_32_2far,replace_report,20000,1478,7466,37644,86022,0,0
time,9,adaptive,engine_rolling_32_2far,ready_to_command,20000,1575,5519,38138,92254,0,0
time,9,adaptive,engine_jump_32_2far,price_query,20000,81,276,672,35386,0,0
time,9,adaptive,engine_jump_32_2far,intent_to_command,20000,1954,6667,38496,109664,0,0
time,9,adaptive,engine_jump_32_2far,intent_queued,20000,961,4526,32428,55213,0,0
time,9,adaptive,engine_jump_32_2far,replace_report,20000,1455,7585,35170,88514,0,0
time,9,adaptive,engine_jump_32_2far,ready_to_command,20000,1531,5095,36296,104174,0,0
time,9,adaptive,engine_jump_32_2far,jump_intent_subset,2496,1951,4745,36577,53199,0,0
time,9,window,rolling_4,price_query,20000,59,204,560,38878,0,0
time,9,window,rolling_4,near_range8,20000,94,252,557,34592,0,0
time,9,window,rolling_4,index_submit,20000,143,202,547,77317,0,0
time,9,window,rolling_4,index_ack,20000,128,197,516,53409,0,0
time,9,window,rolling_4,cross_page_submit_subset,314,144,254,765,8565,0,0
time,9,window,outliers_4,price_query,20000,54,284,547,31236,0,0
time,9,window,outliers_4,near_range8,20000,79,304,591,15937,0,0
time,9,window,outliers_4,index_submit,20000,144,385,686,65474,0,0
time,9,window,outliers_4,index_ack,20000,133,390,706,33231,0,0
time,9,window,outliers_4,cross_page_submit_subset,314,143,302,379,491,0,0
time,9,window,outliers_4,far_query,20000,54,268,587,38655,0,0
time,9,window,boundary_4,price_query,20000,58,243,550,32158,0,0
time,9,window,boundary_4,near_range8,20000,92,263,527,29972,0,0
time,9,window,boundary_4,index_submit,20000,139,259,533,52205,0,0
time,9,window,boundary_4,index_ack,20000,146,287,577,53542,0,0
time,9,window,boundary_4,cross_page_submit_subset,5000,136,233,302,8124,0,0
time,9,window,jump_4,price_query,20000,59,189,474,53873,0,0
time,9,window,jump_4,near_range8,20000,94,223,540,66677,0,0
time,9,window,jump_4,index_submit,20000,145,220,534,36565,0,0
time,9,window,jump_4,index_ack,20000,138,230,489,51238,0,0
time,9,window,jump_4,cross_page_submit_subset,3746,162,255,735,36160,0,0
time,9,window,jump_4,jump_submit_subset,2496,167,271,558,5712,0,0
time,9,window,rolling_32,price_query,20000,50,216,513,48836,0,0
time,9,window,rolling_32,near_range8,20000,141,336,679,34599,0,0
time,9,window,rolling_32,index_submit,20000,149,483,866,64362,0,0
time,9,window,rolling_32,index_ack,20000,134,496,783,71195,0,0
time,9,window,rolling_32,cross_page_submit_subset,305,152,415,495,529,0,0
time,9,window,outliers_32,price_query,20000,52,179,499,75321,0,0
time,9,window,outliers_32,near_range8,20000,157,320,623,44669,0,0
time,9,window,outliers_32,index_submit,20000,140,356,464,29342,0,0
time,9,window,outliers_32,index_ack,20000,129,326,410,26562,0,0
time,9,window,outliers_32,cross_page_submit_subset,305,139,191,320,350,0,0
time,9,window,outliers_32,far_query,20000,60,171,464,5213,0,0
time,9,window,boundary_32,price_query,20000,52,172,431,28021,0,0
time,9,window,boundary_32,near_range8,20000,156,284,480,39122,0,0
time,9,window,boundary_32,index_submit,20000,145,207,372,44792,0,0
time,9,window,boundary_32,index_ack,20000,141,237,413,26245,0,0
time,9,window,boundary_32,cross_page_submit_subset,625,145,213,346,369,0,0
time,9,window,jump_32,price_query,20000,53,232,586,32571,0,0
time,9,window,jump_32,near_range8,20000,152,318,1017,67197,0,0
time,9,window,jump_32,index_submit,20000,152,521,2367,33374,0,0
time,9,window,jump_32,index_ack,20000,133,453,798,95088,0,0
time,9,window,jump_32,cross_page_submit_subset,2652,192,574,10990,30438,0,0
time,9,window,jump_32,jump_submit_subset,2496,193,581,10990,30438,0,0
time,9,window,rolling_128,price_query,20000,53,178,472,27747,0,0
time,9,window,rolling_128,near_range8,20000,162,308,656,67053,0,0
time,9,window,rolling_128,index_submit,20000,148,223,426,41281,0,0
time,9,window,rolling_128,index_ack,20000,128,232,547,56755,0,0
time,9,window,rolling_128,cross_page_submit_subset,312,146,238,361,372,0,0
time,9,window,outliers_128,price_query,20000,52,183,437,39881,0,0
time,9,window,outliers_128,near_range8,20000,166,363,639,29501,0,0
time,9,window,outliers_128,index_submit,20000,147,430,862,68210,0,0
time,9,window,outliers_128,index_ack,20000,129,383,480,29264,0,0
time,9,window,outliers_128,cross_page_submit_subset,312,146,440,506,516,0,0
time,9,window,outliers_128,far_query,20000,68,187,471,48700,0,0
time,9,window,boundary_128,price_query,20000,54,180,464,56458,0,0
time,9,window,boundary_128,near_range8,20000,182,378,750,38149,0,0
time,9,window,boundary_128,index_submit,20000,150,479,4913,43590,0,0
time,9,window,boundary_128,index_ack,20000,139,382,590,28507,0,0
time,9,window,boundary_128,cross_page_submit_subset,313,148,367,455,1022,0,0
time,9,window,jump_128,price_query,20000,68,185,466,43056,0,0
time,9,window,jump_128,near_range8,20000,167,363,671,69064,0,0
time,9,window,jump_128,index_submit,20000,166,409,6194,32611,0,0
time,9,window,jump_128,index_ack,20000,135,399,750,36933,0,0
time,9,window,jump_128,cross_page_submit_subset,2704,208,526,1279,3596,0,0
time,9,window,jump_128,jump_submit_subset,2432,210,605,1279,3596,0,0
time,9,window,4096books_4near_2far,price_query,20000,307,1063,5893,46853,0,0
time,9,window,new_book_growth,index_insert,20000,484,5160,35196,2404420,0,0
time,9,window,engine_cancel_rehang_4near,cancel_to_command,20000,1834,3429,35140,1658149,0,0
time,9,window,engine_cancel_rehang_4near,new_to_command,20000,2146,14059,49014,517077,0,0
time,9,window,engine_cancel_rehang_4near,accepted_report,20000,1448,6651,36397,76988,0,0
time,9,window,engine_cancel_rehang_4near,canceled_report,20000,1452,6658,37436,89355,0,0
time,9,window,engine_rolling_4_2far,price_query,20000,80,263,626,45679,0,0
time,9,window,engine_rolling_4_2far,intent_to_command,20000,1942,7262,37111,109367,0,0
time,9,window,engine_rolling_4_2far,intent_queued,20000,993,4640,33896,133429,0,0
time,9,window,engine_rolling_4_2far,replace_report,20000,1537,7708,41172,149347,0,0
time,9,window,engine_rolling_4_2far,ready_to_command,20000,1602,5684,34880,71573,0,0
time,9,window,engine_jump_4_2far,price_query,20000,73,208,541,117766,0,0
time,9,window,engine_jump_4_2far,intent_to_command,20000,1922,6021,37505,73638,0,0
time,9,window,engine_jump_4_2far,intent_queued,20000,952,4250,32783,105960,0,0
time,9,window,engine_jump_4_2far,replace_report,20000,1430,7103,36184,54235,0,0
time,9,window,engine_jump_4_2far,ready_to_command,20000,1631,5081,35617,142955,0,0
time,9,window,engine_jump_4_2far,jump_intent_subset,2496,1921,5266,32851,37505,0,0
time,9,window,engine_rolling_32_2far,price_query,20000,68,244,513,62531,0,0
time,9,window,engine_rolling_32_2far,intent_to_command,20000,1871,6357,37253,83598,0,0
time,9,window,engine_rolling_32_2far,intent_queued,20000,915,4437,33458,48493,0,0
time,9,window,engine_rolling_32_2far,replace_report,20000,1327,7205,33892,154382,0,0
time,9,window,engine_rolling_32_2far,ready_to_command,20000,1496,4618,36066,159332,0,0
time,9,window,engine_jump_32_2far,price_query,20000,65,234,498,30739,0,0
time,9,window,engine_jump_32_2far,intent_to_command,20000,1934,6783,38022,123281,0,0
time,9,window,engine_jump_32_2far,intent_queued,20000,957,4499,33118,105943,0,0
time,9,window,engine_jump_32_2far,replace_report,20000,1405,7360,34423,60035,0,0
time,9,window,engine_jump_32_2far,ready_to_command,20000,1581,4838,34392,72060,0,0
time,9,window,engine_jump_32_2far,jump_intent_subset,2496,1971,6126,53624,69076,0,0
time,9,standard,rolling_4,price_query,20000,57,201,559,33836,0,0
time,9,standard,rolling_4,near_range8,20000,108,271,596,43619,0,0
time,9,standard,rolling_4,index_submit,20000,148,294,522,48920,0,0
time,9,standard,rolling_4,index_ack,20000,144,349,590,34958,0,0
time,9,standard,rolling_4,cross_page_submit_subset,314,148,244,332,343,0,0
time,9,standard,outliers_4,price_query,20000,58,195,520,30457,0,0
time,9,standard,outliers_4,near_range8,20000,111,265,566,42036,0,0
time,9,standard,outliers_4,index_submit,20000,148,301,505,43891,0,0
time,9,standard,outliers_4,index_ack,20000,144,364,645,49868,0,0
time,9,standard,outliers_4,cross_page_submit_subset,314,149,236,348,394,0,0
time,9,standard,outliers_4,far_query,20000,60,200,524,30852,0,0
time,9,standard,boundary_4,price_query,20000,55,220,522,25879,0,0
time,9,standard,boundary_4,near_range8,20000,109,281,704,29957,0,0
time,9,standard,boundary_4,index_submit,20000,148,230,456,42812,0,0
time,9,standard,boundary_4,index_ack,20000,179,309,544,34438,0,0
time,9,standard,boundary_4,cross_page_submit_subset,5000,141,208,371,42812,0,0
time,9,standard,jump_4,price_query,20000,55,178,474,30802,0,0
time,9,standard,jump_4,near_range8,20000,102,248,460,26466,0,0
time,9,standard,jump_4,index_submit,20000,140,367,481,51014,0,0
time,9,standard,jump_4,index_ack,20000,139,381,649,45201,0,0
time,9,standard,jump_4,cross_page_submit_subset,3746,158,377,471,4716,0,0
time,9,standard,jump_4,jump_submit_subset,2496,164,421,500,4716,0,0
time,9,standard,rolling_32,price_query,20000,35,54,73,19263,0,0
time,9,standard,rolling_32,near_range8,20000,77,160,295,53605,0,0
time,9,standard,rolling_32,index_submit,20000,78,111,180,31254,0,0
time,9,standard,rolling_32,index_ack,20000,66,148,321,17709,0,0
time,9,standard,rolling_32,cross_page_submit_subset,305,78,106,118,184,0,0
time,9,standard,outliers_32,price_query,20000,35,55,78,312,0,0
time,9,standard,outliers_32,near_range8,20000,76,182,315,28663,0,0
time,9,standard,outliers_32,index_submit,20000,96,149,241,25296,0,0
time,9,standard,outliers_32,index_ack,20000,66,151,402,20006,0,0
time,9,standard,outliers_32,cross_page_submit_subset,305,96,119,126,144,0,0
time,9,standard,outliers_32,far_query,20000,37,59,165,100567,0,0
time,9,standard,boundary_32,price_query,20000,35,49,69,4095,0,0
time,9,standard,boundary_32,near_range8,20000,74,160,312,21803,0,0
time,9,standard,boundary_32,index_submit,20000,76,116,200,21002,0,0
time,9,standard,boundary_32,index_ack,20000,91,190,355,28405,0,0
time,9,standard,boundary_32,cross_page_submit_subset,625,83,109,129,171,0,0
time,9,standard,jump_32,price_query,20000,35,55,78,17299,0,0
time,9,standard,jump_32,near_range8,20000,78,160,287,18927,0,0
time,9,standard,jump_32,index_submit,20000,80,137,225,52129,0,0
time,9,standard,jump_32,index_ack,20000,67,218,350,22340,0,0
time,9,standard,jump_32,cross_page_submit_subset,2652,100,178,445,52129,0,0
time,9,standard,jump_32,jump_submit_subset,2496,103,182,445,52129,0,0
time,9,standard,rolling_128,price_query,20000,39,67,89,3762,0,0
time,9,standard,rolling_128,near_range8,20000,81,136,302,4014,0,0
time,9,standard,rolling_128,index_submit,20000,101,132,213,27349,0,0
time,9,standard,rolling_128,index_ack,20000,70,137,367,26647,0,0
time,9,standard,rolling_128,cross_page_submit_subset,312,100,123,153,182,0,0
time,9,standard,outliers_128,price_query,20000,40,71,122,26474,0,0
time,9,standard,outliers_128,near_range8,20000,82,181,325,22062,0,0
time,9,standard,outliers_128,index_submit,20000,99,157,252,27915,0,0
time,9,standard,outliers_128,index_ack,20000,71,150,393,3778,0,0
time,9,standard,outliers_128,cross_page_submit_subset,312,99,157,181,3982,0,0
time,9,standard,outliers_128,far_query,20000,43,72,152,3788,0,0
time,9,standard,boundary_128,price_query,20000,39,60,81,27580,0,0
time,9,standard,boundary_128,near_range8,20000,81,161,333,22018,0,0
time,9,standard,boundary_128,index_submit,20000,91,126,223,20640,0,0
time,9,standard,boundary_128,index_ack,20000,96,260,402,29964,0,0
time,9,standard,boundary_128,cross_page_submit_subset,313,93,137,147,157,0,0
time,9,standard,jump_128,price_query,20000,40,74,117,20098,0,0
time,9,standard,jump_128,near_range8,20000,80,170,324,37613,0,0
time,9,standard,jump_128,index_submit,20000,107,175,350,27251,0,0
time,9,standard,jump_128,index_ack,20000,71,294,461,20623,0,0
time,9,standard,jump_128,cross_page_submit_subset,2704,122,300,780,21416,0,0
time,9,standard,jump_128,jump_submit_subset,2432,123,307,780,21416,0,0
time,9,standard,4096books_4near_2far,price_query,20000,250,918,1620,44629,0,0
time,9,standard,new_book_growth,index_insert,20000,309,4100,23589,1584051,0,0
time,9,standard,engine_cancel_rehang_4near,cancel_to_command,20000,1002,1818,27356,1240387,0,0
time,9,standard,engine_cancel_rehang_4near,new_to_command,20000,1229,6615,32654,451249,0,0
time,9,standard,engine_cancel_rehang_4near,accepted_report,20000,833,3323,21525,143204,0,0
time,9,standard,engine_cancel_rehang_4near,canceled_report,20000,856,3347,27606,1695055,0,0
time,9,standard,engine_rolling_4_2far,price_query,20000,46,110,241,48785,0,0
time,9,standard,engine_rolling_4_2far,intent_to_command,20000,1100,4107,27519,2060468,0,0
time,9,standard,engine_rolling_4_2far,intent_queued,20000,608,3082,23821,192505,0,0
time,9,standard,engine_rolling_4_2far,replace_report,20000,924,4952,30971,1174734,0,0
time,9,standard,engine_rolling_4_2far,ready_to_command,20000,885,3069,23887,152075,0,0
time,9,standard,engine_jump_4_2far,price_query,20000,35,122,259,53596,0,0
time,9,standard,engine_jump_4_2far,intent_to_command,20000,1116,4346,35837,392837,0,0
time,9,standard,engine_jump_4_2far,intent_queued,20000,620,3031,26652,1432522,0,0
time,9,standard,engine_jump_4_2far,replace_report,20000,947,5096,33009,216820,0,0
time,9,standard,engine_jump_4_2far,ready_to_command,20000,889,3525,32273,4807735,0,0
time,9,standard,engine_jump_4_2far,jump_intent_subset,2496,1108,3141,32279,392837,0,0
time,9,standard,engine_rolling_32_2far,price_query,20000,82,156,432,32651,0,0
time,9,standard,engine_rolling_32_2far,intent_to_command,20000,1698,5041,32658,53011,0,0
time,9,standard,engine_rolling_32_2far,intent_queued,20000,810,3801,29457,129645,0,0
time,9,standard,engine_rolling_32_2far,replace_report,20000,1187,5870,36608,4152364,0,0
time,9,standard,engine_rolling_32_2far,ready_to_command,20000,1388,4530,33757,7106719,0,0
time,9,standard,engine_jump_32_2far,price_query,20000,58,111,220,17890,0,0
time,9,standard,engine_jump_32_2far,intent_to_command,20000,1057,3209,19700,54626,0,0
time,9,standard,engine_jump_32_2far,intent_queued,20000,542,2630,9734,55100,0,0
time,9,standard,engine_jump_32_2far,replace_report,20000,808,4205,22358,72306,0,0
time,9,standard,engine_jump_32_2far,ready_to_command,20000,903,2954,21517,80493,0,0
time,9,standard,engine_jump_32_2far,jump_intent_subset,2496,1057,2733,9141,21728,0,0
time,10,adaptive,rolling_4,price_query,20000,36,64,174,32638,0,0
time,10,adaptive,rolling_4,near_range8,20000,48,168,403,24129,0,0
time,10,adaptive,rolling_4,index_submit,20000,80,147,241,59583,0,0
time,10,adaptive,rolling_4,index_ack,20000,75,149,272,7028,0,0
time,10,adaptive,rolling_4,cross_page_submit_subset,314,80,154,174,317,0,0
time,10,adaptive,outliers_4,price_query,20000,36,54,92,4038,0,0
time,10,adaptive,outliers_4,near_range8,20000,50,121,233,17256,0,0
time,10,adaptive,outliers_4,index_submit,20000,81,123,274,34483,0,0
time,10,adaptive,outliers_4,index_ack,20000,85,126,305,400487,0,0
time,10,adaptive,outliers_4,cross_page_submit_subset,314,80,115,174,178,0,0
time,10,adaptive,outliers_4,far_query,20000,36,51,101,38550,0,0
time,10,adaptive,boundary_4,price_query,20000,36,47,90,5554,0,0
time,10,adaptive,boundary_4,near_range8,20000,49,146,277,24645,0,0
time,10,adaptive,boundary_4,index_submit,20000,80,110,220,36882,0,0
time,10,adaptive,boundary_4,index_ack,20000,84,117,247,25757,0,0
time,10,adaptive,boundary_4,cross_page_submit_subset,5000,80,102,221,19170,0,0
time,10,adaptive,jump_4,price_query,20000,36,66,132,85646,0,0
time,10,adaptive,jump_4,near_range8,20000,48,133,269,19182,0,0
time,10,adaptive,jump_4,index_submit,20000,80,166,295,32375,0,0
time,10,adaptive,jump_4,index_ack,20000,75,173,296,305680,0,0
time,10,adaptive,jump_4,cross_page_submit_subset,3746,88,182,338,3830,0,0
time,10,adaptive,jump_4,jump_submit_subset,2496,93,187,362,3830,0,0
time,10,adaptive,rolling_32,price_query,20000,50,59,88,4842,0,0
time,10,adaptive,rolling_32,near_range8,20000,68,130,263,22662,0,0
time,10,adaptive,rolling_32,index_submit,20000,89,117,251,27230,0,0
time,10,adaptive,rolling_32,index_ack,20000,67,115,235,23538,0,0
time,10,adaptive,rolling_32,cross_page_submit_subset,305,88,118,147,338,0,0
time,10,adaptive,outliers_32,price_query,20000,52,70,141,24995,0,0
time,10,adaptive,outliers_32,near_range8,20000,70,158,320,31536,0,0
time,10,adaptive,outliers_32,index_submit,20000,92,166,278,22044,0,0
time,10,adaptive,outliers_32,index_ack,20000,67,143,276,36531,0,0
time,10,adaptive,outliers_32,cross_page_submit_subset,305,92,159,169,19891,0,0
time,10,adaptive,outliers_32,far_query,20000,52,75,118,21390,0,0
time,10,adaptive,boundary_32,price_query,20000,52,61,70,21512,0,0
time,10,adaptive,boundary_32,near_range8,20000,69,142,263,20377,0,0
time,10,adaptive,boundary_32,index_submit,20000,90,115,159,4470,0,0
time,10,adaptive,boundary_32,index_ack,20000,101,131,216,47882,0,0
time,10,adaptive,boundary_32,cross_page_submit_subset,625,96,123,150,358,0,0
time,10,adaptive,jump_32,price_query,20000,51,68,169,17260,0,0
time,10,adaptive,jump_32,near_range8,20000,68,160,289,8214,0,0
time,10,adaptive,jump_32,index_submit,20000,90,160,238,36608,0,0
time,10,adaptive,jump_32,index_ack,20000,68,183,275,21005,0,0
time,10,adaptive,jump_32,cross_page_submit_subset,2652,109,171,266,3520,0,0
time,10,adaptive,jump_32,jump_submit_subset,2496,110,171,266,3520,0,0
time,10,adaptive,rolling_128,price_query,20000,57,70,112,20964,0,0
time,10,adaptive,rolling_128,near_range8,20000,74,148,289,35432,0,0
time,10,adaptive,rolling_128,index_submit,20000,96,152,243,7624,0,0
time,10,adaptive,rolling_128,index_ack,20000,71,132,242,16975,0,0
time,10,adaptive,rolling_128,cross_page_submit_subset,312,95,153,159,176,0,0
time,10,adaptive,outliers_128,price_query,20000,59,161,349,40821,0,0
time,10,adaptive,outliers_128,near_range8,20000,77,232,586,829635,0,0
time,10,adaptive,outliers_128,index_submit,20000,101,218,596,33340,0,0
time,10,adaptive,outliers_128,index_ack,20000,72,185,436,69439,0,0
time,10,adaptive,outliers_128,cross_page_submit_subset,312,103,210,218,236,0,0
time,10,adaptive,outliers_128,far_query,20000,58,153,394,85406,0,0
time,10,adaptive,boundary_128,price_query,20000,61,175,371,46187,0,0
time,10,adaptive,boundary_128,near_range8,20000,100,246,558,35117,0,0
time,10,adaptive,boundary_128,index_submit,20000,123,198,390,35745,0,0
time,10,adaptive,boundary_128,index_ack,20000,111,234,430,39169,0,0
time,10,adaptive,boundary_128,cross_page_submit_subset,313,129,194,223,238,0,0
time,10,adaptive,jump_128,price_query,20000,57,105,363,35228,0,0
time,10,adaptive,jump_128,near_range8,20000,74,195,419,31307,0,0
time,10,adaptive,jump_128,index_submit,20000,97,238,575,205053,0,0
time,10,adaptive,jump_128,index_ack,20000,73,279,628,74865,0,0
time,10,adaptive,jump_128,cross_page_submit_subset,2704,127,342,1420,205053,0,0
time,10,adaptive,jump_128,jump_submit_subset,2432,130,350,1420,205053,0,0
time,10,adaptive,4096books_4near_2far,price_query,20000,247,901,1615,115991,0,0
time,10,adaptive,new_book_growth,index_insert,20000,318,3443,17753,1656869,0,0
time,10,adaptive,engine_cancel_rehang_4near,cancel_to_command,20000,1148,2749,32179,1110607,0,0
time,10,adaptive,engine_cancel_rehang_4near,new_to_command,20000,1447,8896,35568,407115,0,0
time,10,adaptive,engine_cancel_rehang_4near,accepted_report,20000,1003,5404,26587,168567,0,0
time,10,adaptive,engine_cancel_rehang_4near,canceled_report,20000,1008,5470,29009,127298,0,0
time,10,adaptive,engine_rolling_4_2far,price_query,20000,57,128,259,9964,0,0
time,10,adaptive,engine_rolling_4_2far,intent_to_command,20000,1379,4650,35855,149490,0,0
time,10,adaptive,engine_rolling_4_2far,intent_queued,20000,730,3732,21824,115158,0,0
time,10,adaptive,engine_rolling_4_2far,replace_report,20000,1130,5271,30302,491742,0,0
time,10,adaptive,engine_rolling_4_2far,ready_to_command,20000,1090,4519,39689,321605,0,0
time,10,adaptive,engine_jump_4_2far,price_query,20000,41,148,456,102237,0,0
time,10,adaptive,engine_jump_4_2far,intent_to_command,20000,1231,5588,43095,299528,0,0
time,10,adaptive,engine_jump_4_2far,intent_queued,20000,688,4089,29083,138984,0,0
time,10,adaptive,engine_jump_4_2far,replace_report,20000,1060,5777,30792,103272,0,0
time,10,adaptive,engine_jump_4_2far,ready_to_command,20000,941,4776,28838,225941,0,0
time,10,adaptive,engine_jump_4_2far,jump_intent_subset,2496,1198,4637,31265,84741,0,0
time,10,adaptive,engine_rolling_32_2far,price_query,20000,67,155,582,75284,0,0
time,10,adaptive,engine_rolling_32_2far,intent_to_command,20000,1099,4632,33061,127287,0,0
time,10,adaptive,engine_rolling_32_2far,intent_queued,20000,579,3665,22095,517783,0,0
time,10,adaptive,engine_rolling_32_2far,replace_report,20000,863,5365,32292,379602,0,0
time,10,adaptive,engine_rolling_32_2far,ready_to_command,20000,895,4355,26657,1723424,0,0
time,10,adaptive,engine_jump_32_2far,price_query,20000,76,165,933,36637,0,0
time,10,adaptive,engine_jump_32_2far,intent_to_command,20000,1777,5448,34293,2151678,0,0
time,10,adaptive,engine_jump_32_2far,intent_queued,20000,824,3995,24261,2430577,0,0
time,10,adaptive,engine_jump_32_2far,replace_report,20000,1206,5226,36533,980212,0,0
time,10,adaptive,engine_jump_32_2far,ready_to_command,20000,1374,4895,33172,1817690,0,0
time,10,adaptive,engine_jump_32_2far,jump_intent_subset,2496,1746,4568,26213,39558,0,0
time,10,window,rolling_4,price_query,20000,62,150,270,41608,0,0
time,10,window,rolling_4,near_range8,20000,111,192,473,26190,0,0
time,10,window,rolling_4,index_submit,20000,163,230,676,26375,0,0
time,10,window,rolling_4,index_ack,20000,151,229,459,60372,0,0
time,10,window,rolling_4,cross_page_submit_subset,314,163,226,420,440,0,0
time,10,window,outliers_4,price_query,20000,65,91,226,25928,0,0
time,10,window,outliers_4,near_range8,20000,115,162,255,35895,0,0
time,10,window,outliers_4,index_submit,20000,171,253,337,24218,0,0
time,10,window,outliers_4,index_ack,20000,159,243,404,26966,0,0
time,10,window,outliers_4,cross_page_submit_subset,314,170,245,246,253,0,0
time,10,window,outliers_4,far_query,20000,66,83,197,32329,0,0
time,10,window,boundary_4,price_query,20000,38,77,196,47204,0,0
time,10,window,boundary_4,near_range8,20000,53,174,321,3850,0,0
time,10,window,boundary_4,index_submit,20000,86,195,260,26131,0,0
time,10,window,boundary_4,index_ack,20000,89,221,340,38235,0,0
time,10,window,boundary_4,cross_page_submit_subset,5000,86,177,205,18126,0,0
time,10,window,jump_4,price_query,20000,60,128,287,24021,0,0
time,10,window,jump_4,near_range8,20000,103,186,350,80691,0,0
time,10,window,jump_4,index_submit,20000,158,222,400,28912,0,0
time,10,window,jump_4,index_ack,20000,138,250,389,25090,0,0
time,10,window,jump_4,cross_page_submit_subset,3746,164,237,489,22037,0,0
time,10,window,jump_4,jump_submit_subset,2496,184,244,400,1081,0,0
time,10,window,rolling_32,price_query,20000,50,112,243,22325,0,0
time,10,window,rolling_32,near_range8,20000,158,233,377,30624,0,0
time,10,window,rolling_32,index_submit,20000,148,179,325,50658,0,0
time,10,window,rolling_32,index_ack,20000,128,188,299,24380,0,0
time,10,window,rolling_32,cross_page_submit_subset,305,148,176,190,269,0,0
time,10,window,outliers_32,price_query,20000,51,83,217,24430,0,0
time,10,window,outliers_32,near_range8,20000,164,229,340,21760,0,0
time,10,window,outliers_32,index_submit,20000,156,186,294,45236,0,0
time,10,window,outliers_32,index_ack,20000,128,202,322,36622,0,0
time,10,window,outliers_32,cross_page_submit_subset,305,156,182,188,249,0,0
time,10,window,outliers_32,far_query,20000,59,83,193,584,0,0
time,10,window,boundary_32,price_query,20000,50,87,197,25976,0,0
time,10,window,boundary_32,near_range8,20000,158,212,376,41493,0,0
time,10,window,boundary_32,index_submit,20000,149,179,270,24879,0,0
time,10,window,boundary_32,index_ack,20000,157,213,320,123359,0,0
time,10,window,boundary_32,cross_page_submit_subset,625,148,179,206,4747,0,0
time,10,window,jump_32,price_query,20000,51,124,223,28918,0,0
time,10,window,jump_32,near_range8,20000,159,218,337,35290,0,0
time,10,window,jump_32,index_submit,20000,154,230,2273,110561,0,0
time,10,window,jump_32,index_ack,20000,130,254,387,39692,0,0
time,10,window,jump_32,cross_page_submit_subset,2652,196,263,3325,23856,0,0
time,10,window,jump_32,jump_submit_subset,2496,197,264,3325,23856,0,0
time,10,window,rolling_128,price_query,20000,51,89,178,20858,0,0
time,10,window,rolling_128,near_range8,20000,167,232,356,36120,0,0
time,10,window,rolling_128,index_submit,20000,153,201,314,23764,0,0
time,10,window,rolling_128,index_ack,20000,127,199,370,57547,0,0
time,10,window,rolling_128,cross_page_submit_subset,312,152,194,302,320,0,0
time,10,window,outliers_128,price_query,20000,52,92,196,25118,0,0
time,10,window,outliers_128,near_range8,20000,176,241,366,40667,0,0
time,10,window,outliers_128,index_submit,20000,163,201,317,41258,0,0
time,10,window,outliers_128,index_ack,20000,127,207,403,37330,0,0
time,10,window,outliers_128,cross_page_submit_subset,312,164,214,242,242,0,0
time,10,window,outliers_128,far_query,20000,70,97,236,35304,0,0
time,10,window,boundary_128,price_query,20000,52,106,218,54854,0,0
time,10,window,boundary_128,near_range8,20000,184,257,442,40058,0,0
time,10,window,boundary_128,index_submit,20000,155,231,4795,34779,0,0
time,10,window,boundary_128,index_ack,20000,153,220,370,29179,0,0
time,10,window,boundary_128,cross_page_submit_subset,313,154,213,245,298,0,0
time,10,window,jump_128,price_query,20000,70,112,254,34984,0,0
time,10,window,jump_128,near_range8,20000,168,224,339,34915,0,0
time,10,window,jump_128,index_submit,20000,172,261,6198,45472,0,0
time,10,window,jump_128,index_ack,20000,128,359,489,47161,0,0
time,10,window,jump_128,cross_page_submit_subset,2704,213,292,1107,22340,0,0
time,10,window,jump_128,jump_submit_subset,2432,218,297,1107,22340,0,0
time,10,window,4096books_4near_2far,price_query,20000,266,924,1530,36364,0,0
time,10,window,new_book_growth,index_insert,20000,343,4463,35608,1663341,0,0
time,10,window,engine_cancel_rehang_4near,cancel_to_command,20000,1101,2447,34488,1845274,0,0
time,10,window,engine_cancel_rehang_4near,new_to_command,20000,1395,9517,42810,818423,0,0
time,10,window,engine_cancel_rehang_4near,accepted_report,20000,988,4802,32004,440846,0,0
time,10,window,engine_cancel_rehang_4near,canceled_report,20000,991,4868,29531,156446,0,0
time,10,window,engine_rolling_4_2far,price_query,20000,76,144,317,957,0,0
time,10,window,engine_rolling_4_2far,intent_to_command,20000,1784,5856,41590,98564,0,0
time,10,window,engine_rolling_4_2far,intent_queued,20000,908,4141,26952,70426,0,0
time,10,window,engine_rolling_4_2far,replace_report,20000,1362,6454,36615,75692,0,0
time,10,window,engine_rolling_4_2far,ready_to_command,20000,1502,4780,35858,73140,0,0
time,10,window,engine_jump_4_2far,price_query,20000,71,149,377,27835,0,0
time,10,window,engine_jump_4_2far,intent_to_command,20000,1817,5391,37966,82426,0,0
time,10,window,engine_jump_4_2far,intent_queued,20000,924,4043,32105,51927,0,0
time,10,window,engine_jump_4_2far,replace_report,20000,1404,6323,37691,71449,0,0
time,10,window,engine_jump_4_2far,ready_to_command,20000,1511,4744,35513,68089,0,0
time,10,window,engine_jump_4_2far,jump_intent_subset,2496,1806,4153,35720,46150,0,0
time,10,window,engine_rolling_32_2far,price_query,20000,61,122,237,635,0,0
time,10,window,engine_rolling_32_2far,intent_to_command,20000,1732,5355,37909,84142,0,0
time,10,window,engine_rolling_32_2far,intent_queued,20000,851,3927,28398,226401,0,0
time,10,window,engine_rolling_32_2far,replace_report,20000,1249,6509,37369,71758,0,0
time,10,window,engine_rolling_32_2far,ready_to_command,20000,1399,4460,32982,142806,0,0
time,10,window,engine_jump_32_2far,price_query,20000,35,99,170,45096,0,0
time,10,window,engine_jump_32_2far,intent_to_command,20000,1071,3779,25228,75292,0,0
time,10,window,engine_jump_32_2far,intent_queued,20000,576,3202,15565,69508,0,0
time,10,window,engine_jump_32_2far,replace_report,20000,862,4755,26355,72730,0,0
time,10,window,engine_jump_32_2far,ready_to_command,20000,879,3301,21630,73729,0,0
time,10,window,engine_jump_32_2far,jump_intent_subset,2496,1098,2710,29938,54921,0,0
time,10,standard,rolling_4,price_query,20000,33,106,268,56825,0,0
time,10,standard,rolling_4,near_range8,20000,51,211,523,60294,0,0
time,10,standard,rolling_4,index_submit,20000,79,176,387,56668,0,0
time,10,standard,rolling_4,index_ack,20000,74,220,3126,101980,0,0
time,10,standard,rolling_4,cross_page_submit_subset,314,79,168,176,334,0,0
time,10,standard,outliers_4,price_query,20000,33,102,207,167661,0,0
time,10,standard,outliers_4,near_range8,20000,54,211,629,192172,0,0
time,10,standard,outliers_4,index_submit,20000,79,188,2742,70006,0,0
time,10,standard,outliers_4,index_ack,20000,77,224,715,450233,0,0
time,10,standard,outliers_4,cross_page_submit_subset,314,78,171,341,359,0,0
time,10,standard,outliers_4,far_query,20000,33,87,225,331323,0,0
time,10,standard,boundary_4,price_query,20000,35,186,933,83506,0,0
time,10,standard,boundary_4,near_range8,20000,72,255,1012,30887,0,0
time,10,standard,boundary_4,index_submit,20000,102,210,1044,35173,0,0
time,10,standard,boundary_4,index_ack,20000,115,306,1188,47362,0,0
time,10,standard,boundary_4,cross_page_submit_subset,5000,100,194,1208,21470,0,0
time,10,standard,jump_4,price_query,20000,32,72,223,27430,0,0
time,10,standard,jump_4,near_range8,20000,51,207,551,953448,0,0
time,10,standard,jump_4,index_submit,20000,78,177,374,85694,0,0
time,10,standard,jump_4,index_ack,20000,74,238,527,72962,0,0
time,10,standard,jump_4,cross_page_submit_subset,3746,86,200,374,2668,0,0
time,10,standard,jump_4,jump_submit_subset,2496,89,219,379,2668,0,0
time,10,standard,rolling_32,price_query,20000,36,108,239,162741,0,0
time,10,standard,rolling_32,near_range8,20000,82,267,1054,31245,0,0
time,10,standard,rolling_32,index_submit,20000,86,203,1033,99266,0,0
time,10,standard,rolling_32,index_ack,20000,67,253,990,24287,0,0
time,10,standard,rolling_32,cross_page_submit_subset,305,87,179,209,219,0,0
time,10,standard,outliers_32,price_query,20000,35,96,189,4176,0,0
time,10,standard,outliers_32,near_range8,20000,78,258,580,72795,0,0
time,10,standard,outliers_32,index_submit,20000,99,203,422,53689,0,0
time,10,standard,outliers_32,index_ack,20000,67,210,510,69406,0,0
time,10,standard,outliers_32,cross_page_submit_subset,305,98,197,217,230,0,0
time,10,standard,outliers_32,far_query,20000,38,110,226,27162,0,0
time,10,standard,boundary_32,price_query,20000,54,189,941,63484,0,0
time,10,standard,boundary_32,near_range8,20000,139,336,1119,26451,0,0
time,10,standard,boundary_32,index_submit,20000,134,270,1062,28471,0,0
time,10,standard,boundary_32,index_ack,20000,144,434,1186,43873,0,0
time,10,standard,boundary_32,cross_page_submit_subset,625,129,197,1027,1062,0,0
time,10,standard,jump_32,price_query,20000,55,206,940,45475,0,0
time,10,standard,jump_32,near_range8,20000,140,319,1099,37619,0,0
time,10,standard,jump_32,index_submit,20000,140,290,1077,44947,0,0
time,10,standard,jump_32,index_ack,20000,108,452,1292,43659,0,0
time,10,standard,jump_32,cross_page_submit_subset,2652,172,400,1113,1123,0,0
time,10,standard,jump_32,jump_submit_subset,2496,174,400,1113,1123,0,0
time,10,standard,rolling_128,price_query,20000,65,184,946,28034,0,0
time,10,standard,rolling_128,near_range8,20000,159,336,1184,94759,0,0
time,10,standard,rolling_128,index_submit,20000,157,259,1066,67737,0,0
time,10,standard,rolling_128,index_ack,20000,107,308,1219,50474,0,0
time,10,standard,rolling_128,cross_page_submit_subset,312,154,244,278,1015,0,0
time,10,standard,outliers_128,price_query,20000,65,186,954,43184,0,0
time,10,standard,outliers_128,near_range8,20000,162,346,1168,42573,0,0
time,10,standard,outliers_128,index_submit,20000,156,256,1085,28221,0,0
time,10,standard,outliers_128,index_ack,20000,110,327,1102,40290,0,0
time,10,standard,outliers_128,cross_page_submit_subset,312,160,243,266,1061,0,0
time,10,standard,outliers_128,far_query,20000,71,186,952,27341,0,0
time,10,standard,boundary_128,price_query,20000,40,107,237,54862,0,0
time,10,standard,boundary_128,near_range8,20000,83,257,605,26525,0,0
time,10,standard,boundary_128,index_submit,20000,94,196,998,27548,0,0
time,10,standard,boundary_128,index_ack,20000,106,314,1065,46370,0,0
time,10,standard,boundary_128,cross_page_submit_subset,313,99,188,214,1007,0,0
time,10,standard,jump_128,price_query,20000,70,141,258,27266,0,0
time,10,standard,jump_128,near_range8,20000,184,294,571,33849,0,0
time,10,standard,jump_128,index_submit,20000,183,320,726,36519,0,0
time,10,standard,jump_128,index_ack,20000,125,496,1022,44652,0,0
time,10,standard,jump_128,cross_page_submit_subset,2704,221,477,1627,30700,0,0
time,10,standard,jump_128,jump_submit_subset,2432,225,481,726,4217,0,0
time,10,standard,4096books_4near_2far,price_query,20000,286,1006,4722,44716,0,0
time,10,standard,new_book_growth,index_insert,20000,525,6140,32129,2461436,0,0
time,10,standard,engine_cancel_rehang_4near,cancel_to_command,20000,1697,3074,31788,1151524,0,0
time,10,standard,engine_cancel_rehang_4near,new_to_command,20000,1873,9184,41774,301025,0,0
time,10,standard,engine_cancel_rehang_4near,accepted_report,20000,1262,5116,28595,108156,0,0
time,10,standard,engine_cancel_rehang_4near,canceled_report,20000,1319,5520,32545,988994,0,0
time,10,standard,engine_rolling_4_2far,price_query,20000,47,126,408,965,0,0
time,10,standard,engine_rolling_4_2far,intent_to_command,20000,1194,5161,32110,105981,0,0
time,10,standard,engine_rolling_4_2far,intent_queued,20000,676,4059,18759,71202,0,0
time,10,standard,engine_rolling_4_2far,replace_report,20000,1025,6372,29103,427504,0,0
time,10,standard,engine_rolling_4_2far,ready_to_command,20000,941,4530,28979,108123,0,0
time,10,standard,engine_jump_4_2far,price_query,20000,37,110,174,39837,0,0
time,10,standard,engine_jump_4_2far,intent_to_command,20000,1173,4573,28517,70249,0,0
time,10,standard,engine_jump_4_2far,intent_queued,20000,670,3361,18740,172507,0,0
time,10,standard,engine_jump_4_2far,replace_report,20000,1025,4577,26939,114436,0,0
time,10,standard,engine_jump_4_2far,ready_to_command,20000,925,4116,23860,49038,0,0
time,10,standard,engine_jump_4_2far,jump_intent_subset,2496,1151,2905,28464,43735,0,0
time,10,standard,engine_rolling_32_2far,price_query,20000,99,164,263,27294,0,0
time,10,standard,engine_rolling_32_2far,intent_to_command,20000,1950,5121,31584,64932,0,0
time,10,standard,engine_rolling_32_2far,intent_queued,20000,886,3890,28785,74447,0,0
time,10,standard,engine_rolling_32_2far,replace_report,20000,1277,6255,27176,130442,0,0
time,10,standard,engine_rolling_32_2far,ready_to_command,20000,1683,4617,27893,50966,0,0
time,10,standard,engine_jump_32_2far,price_query,20000,78,159,363,22982,0,0
time,10,standard,engine_jump_32_2far,intent_to_command,20000,1772,5178,32502,349187,0,0
time,10,standard,engine_jump_32_2far,intent_queued,20000,817,3865,33217,972579,0,0
time,10,standard,engine_jump_32_2far,replace_report,20000,1178,5443,28375,230273,0,0
time,10,standard,engine_jump_32_2far,ready_to_command,20000,1448,4746,30982,163225,0,0
time,10,standard,engine_jump_32_2far,jump_intent_subset,2496,1758,3255,24613,39809,0,0
time,10,pages,rolling_4,price_query,20000,57,151,299,45397,0,0
time,10,pages,rolling_4,near_range8,20000,117,227,434,23992,0,0
time,10,pages,rolling_4,index_submit,20000,168,288,527,178273,0,0
time,10,pages,rolling_4,index_ack,20000,148,263,499,68675,0,0
time,10,pages,rolling_4,cross_page_submit_subset,314,177,466,627,650,0,0
time,10,pages,rolling_4,page_creation_subset,78,306,527,527,627,0,0
time,10,pages,outliers_4,price_query,20000,58,112,221,64967,0,0
time,10,pages,outliers_4,near_range8,20000,120,210,508,27774,0,0
time,10,pages,outliers_4,index_submit,20000,173,256,1069,38197,0,0
time,10,pages,outliers_4,index_ack,20000,154,262,415,46188,0,0
time,10,pages,outliers_4,cross_page_submit_subset,314,181,497,557,5128,0,0
time,10,pages,outliers_4,page_creation_subset,78,344,557,557,5128,0,0
time,10,pages,outliers_4,far_query,20000,60,115,229,24222,0,0
time,10,pages,boundary_4,price_query,20000,58,105,243,37269,0,0
time,10,pages,boundary_4,near_range8,20000,131,223,953,34668,0,0
time,10,pages,boundary_4,index_submit,20000,170,221,365,28852,0,0
time,10,pages,boundary_4,index_ack,20000,190,277,497,40382,0,0
time,10,pages,boundary_4,cross_page_submit_subset,5000,167,217,1047,28852,0,0
time,10,pages,jump_4,price_query,20000,57,107,319,24744,0,0
time,10,pages,jump_4,near_range8,20000,117,198,377,27979,0,0
time,10,pages,jump_4,index_submit,20000,167,312,625,46823,0,0
time,10,pages,jump_4,index_ack,20000,149,305,414,23410,0,0
time,10,pages,jump_4,cross_page_submit_subset,3746,189,347,464,4846,0,0
time,10,pages,jump_4,page_creation_subset,1248,293,399,494,4846,0,0
time,10,pages,jump_4,jump_submit_subset,2496,204,372,494,4846,0,0
time,10,pages,rolling_32,price_query,20000,37,55,105,20640,0,0
time,10,pages,rolling_32,near_range8,20000,74,213,428,29587,0,0
time,10,pages,rolling_32,index_submit,20000,80,155,278,30968,0,0
time,10,pages,rolling_32,index_ack,20000,67,129,254,23125,0,0
time,10,pages,rolling_32,cross_page_submit_subset,305,89,280,323,665,0,0
time,10,pages,rolling_32,page_creation_subset,10,260,323,323,665,0,0
time,10,pages,outliers_32,price_query,20000,37,73,235,3042,0,0
time,10,pages,outliers_32,near_range8,20000,74,228,444,32514,0,0
time,10,pages,outliers_32,index_submit,20000,82,226,423,51582,0,0
time,10,pages,outliers_32,index_ack,20000,68,223,394,21800,0,0
time,10,pages,outliers_32,cross_page_submit_subset,305,90,382,1385,29413,0,0
time,10,pages,outliers_32,page_creation_subset,10,314,629,629,1385,0,0
time,10,pages,outliers_32,far_query,20000,37,100,238,17788,0,0
time,10,pages,boundary_32,price_query,20000,55,100,254,66873,0,0
time,10,pages,boundary_32,near_range8,20000,147,226,544,48024,0,0
time,10,pages,boundary_32,index_submit,20000,147,188,360,145623,0,0
time,10,pages,boundary_32,index_ack,20000,126,220,487,34324,0,0
time,10,pages,boundary_32,cross_page_submit_subset,625,145,212,769,32544,0,0
time,10,pages,jump_32,price_query,20000,37,58,182,24145,0,0
time,10,pages,jump_32,near_range8,20000,74,200,444,23467,0,0
time,10,pages,jump_32,index_submit,20000,81,172,319,25582,0,0
time,10,pages,jump_32,index_ack,20000,68,163,330,30128,0,0
time,10,pages,jump_32,cross_page_submit_subset,2652,91,249,483,1076,0,0
time,10,pages,jump_32,page_creation_subset,156,166,385,483,532,0,0
time,10,pages,jump_32,jump_submit_subset,2496,91,255,483,1076,0,0
time,10,pages,rolling_128,price_query,20000,37,60,199,20998,0,0
time,10,pages,rolling_128,near_range8,20000,75,217,435,37955,0,0
time,10,pages,rolling_128,index_submit,20000,82,164,996,41219,0,0
time,10,pages,rolling_128,index_ack,20000,71,137,309,19498,0,0
time,10,pages,rolling_128,cross_page_submit_subset,312,93,172,598,1006,0,0
time,10,pages,rolling_128,page_creation_subset,3,598,598,598,1006,0,0
time,10,pages,outliers_128,price_query,20000,38,74,196,16350,0,0
time,10,pages,outliers_128,near_range8,20000,76,216,476,93230,0,0
time,10,pages,outliers_128,index_submit,20000,84,203,464,50911,0,0
time,10,pages,outliers_128,index_ack,20000,71,176,752,132837,0,0
time,10,pages,outliers_128,cross_page_submit_subset,312,98,328,579,784,0,0
time,10,pages,outliers_128,page_creation_subset,3,570,570,570,784,0,0
time,10,pages,outliers_128,far_query,20000,38,76,213,5380,0,0
time,10,pages,boundary_128,price_query,20000,49,185,506,32153,0,0
time,10,pages,boundary_128,near_range8,20000,125,298,983,215841,0,0
time,10,pages,boundary_128,index_submit,20000,137,231,1029,30808,0,0
time,10,pages,boundary_128,index_ack,20000,120,252,1047,149150,0,0
time,10,pages,boundary_128,cross_page_submit_subset,313,140,227,244,293,0,0
time,10,pages,jump_128,price_query,20000,51,190,475,49036,0,0
time,10,pages,jump_128,near_range8,20000,127,296,674,46586,0,0
time,10,pages,jump_128,index_submit,20000,148,252,998,38862,0,0
time,10,pages,jump_128,index_ack,20000,113,261,591,18727,0,0
time,10,pages,jump_128,cross_page_submit_subset,2704,174,475,1163,38862,0,0
time,10,pages,jump_128,page_creation_subset,77,393,952,952,1163,0,0
time,10,pages,jump_128,jump_submit_subset,2432,175,454,952,6603,0,0
time,10,pages,4096books_4near_2far,price_query,20000,538,1621,8254,54505,0,0
time,10,pages,new_book_growth,index_insert,20000,409,38535,75792,1660327,0,0
time,10,pages,new_book_growth,page_block_growth_subset,313,39205,233631,713054,1660327,0,0
time,10,pages,engine_cancel_rehang_4near,cancel_to_command,20000,1027,3010,30360,1467304,0,0
time,10,pages,engine_cancel_rehang_4near,new_to_command,20000,1358,8326,38403,375890,0,0
time,10,pages,engine_cancel_rehang_4near,accepted_report,20000,915,5162,28900,68034,0,0
time,10,pages,engine_cancel_rehang_4near,canceled_report,20000,928,5227,29558,192293,0,0
time,10,pages,engine_rolling_4_2far,price_query,20000,51,105,240,66256,0,0
time,10,pages,engine_rolling_4_2far,intent_to_command,20000,1109,4290,32578,187702,0,0
time,10,pages,engine_rolling_4_2far,intent_queued,20000,610,3360,23797,2097130,0,0
time,10,pages,engine_rolling_4_2far,replace_report,20000,923,5020,26927,422403,0,0
time,10,pages,engine_rolling_4_2far,ready_to_command,20000,888,3358,29628,632788,0,0
time,10,pages,engine_jump_4_2far,price_query,20000,43,143,324,32515,0,0
time,10,pages,engine_jump_4_2far,intent_to_command,20000,1184,4762,36439,217017,0,0
time,10,pages,engine_jump_4_2far,intent_queued,20000,672,3666,27880,239698,0,0
time,10,pages,engine_jump_4_2far,replace_report,20000,1029,4890,29730,1694181,0,0
time,10,pages,engine_jump_4_2far,ready_to_command,20000,923,4522,32032,107867,0,0
time,10,pages,engine_jump_4_2far,jump_intent_subset,2496,1195,3782,33156,37003,0,0
time,10,pages,engine_rolling_32_2far,price_query,20000,69,132,348,54951,0,0
time,10,pages,engine_rolling_32_2far,intent_to_command,20000,1782,4956,32722,122362,0,0
time,10,pages,engine_rolling_32_2far,intent_queued,20000,822,3713,24223,186058,0,0
time,10,pages,engine_rolling_32_2far,replace_report,20000,1162,4683,28118,3142179,0,0
time,10,pages,engine_rolling_32_2far,ready_to_command,20000,1453,4533,30609,113104,0,0
time,10,pages,engine_jump_32_2far,price_query,20000,56,128,253,25950,0,0
time,10,pages,engine_jump_32_2far,intent_to_command,20000,1541,5051,31039,57208,0,0
time,10,pages,engine_jump_32_2far,intent_queued,20000,774,3774,25809,42086,0,0
time,10,pages,engine_jump_32_2far,replace_report,20000,1117,6251,26474,103626,0,0
time,10,pages,engine_jump_32_2far,ready_to_command,20000,1247,4512,32341,50266,0,0
time,10,pages,engine_jump_32_2far,jump_intent_subset,2496,1556,4648,21824,29531,0,0
time,11,window,rolling_4,price_query,20000,37,55,120,4575,0,0
time,11,window,rolling_4,near_range8,20000,48,155,418,52265,0,0
time,11,window,rolling_4,index_submit,20000,86,147,245,33549,0,0
time,11,window,rolling_4,index_ack,20000,73,135,258,23146,0,0
time,11,window,rolling_4,cross_page_submit_subset,314,87,135,178,227,0,0
time,11,window,outliers_4,price_query,20000,38,64,170,65227,0,0
time,11,window,outliers_4,near_range8,20000,50,164,414,18568,0,0
time,11,window,outliers_4,index_submit,20000,83,191,330,26826,0,0
time,11,window,outliers_4,index_ack,20000,75,169,295,19861,0,0
time,11,window,outliers_4,cross_page_submit_subset,314,82,195,289,292,0,0
time,11,window,outliers_4,far_query,20000,37,64,190,74646,0,0
time,11,window,boundary_4,price_query,20000,37,60,154,32532,0,0
time,11,window,boundary_4,near_range8,20000,51,150,248,34036,0,0
time,11,window,boundary_4,index_submit,20000,84,147,230,17079,0,0
time,11,window,boundary_4,index_ack,20000,87,162,267,17377,0,0
time,11,window,boundary_4,cross_page_submit_subset,5000,84,139,252,1054,0,0
time,11,window,jump_4,price_query,20000,37,57,113,32677,0,0
time,11,window,jump_4,near_range8,20000,48,137,215,19935,0,0
time,11,window,jump_4,index_submit,20000,85,156,274,4584,0,0
time,11,window,jump_4,index_ack,20000,75,161,303,23889,0,0
time,11,window,jump_4,cross_page_submit_subset,3746,89,186,277,826,0,0
time,11,window,jump_4,jump_submit_subset,2496,94,210,280,826,0,0
time,11,window,rolling_32,price_query,20000,31,48,112,20503,0,0
time,11,window,rolling_32,near_range8,20000,72,164,269,38368,0,0
time,11,window,rolling_32,index_submit,20000,71,132,221,31977,0,0
time,11,window,rolling_32,index_ack,20000,66,113,217,27936,0,0
time,11,window,rolling_32,cross_page_submit_subset,305,71,137,205,241,0,0
time,11,window,outliers_32,price_query,20000,31,50,98,181,0,0
time,11,window,outliers_32,near_range8,20000,74,179,330,17198,0,0
time,11,window,outliers_32,index_submit,20000,73,141,259,36001,0,0
time,11,window,outliers_32,index_ack,20000,66,123,230,4692,0,0
time,11,window,outliers_32,cross_page_submit_subset,305,73,113,153,154,0,0
time,11,window,outliers_32,far_query,20000,35,56,107,21339,0,0
time,11,window,boundary_32,price_query,20000,32,84,217,39044,0,0
time,11,window,boundary_32,near_range8,20000,74,219,332,5707,0,0
time,11,window,boundary_32,index_submit,20000,75,166,279,32857,0,0
time,11,window,boundary_32,index_ack,20000,80,188,277,20255,0,0
time,11,window,boundary_32,cross_page_submit_subset,625,82,163,197,6632,0,0
time,11,window,jump_32,price_query,20000,50,186,513,30872,0,0
time,11,window,jump_32,near_range8,20000,153,269,630,69823,0,0
time,11,window,jump_32,index_submit,20000,147,227,2114,47226,0,0
time,11,window,jump_32,index_ack,20000,125,234,345,34571,0,0
time,11,window,jump_32,cross_page_submit_subset,2652,187,280,719,47226,0,0
time,11,window,jump_32,jump_submit_subset,2496,188,280,588,47226,0,0
time,11,window,rolling_128,price_query,20000,31,52,77,3504,0,0
time,11,window,rolling_128,near_range8,20000,76,173,351,30164,0,0
time,11,window,rolling_128,index_submit,20000,75,120,186,22507,0,0
time,11,window,rolling_128,index_ack,20000,71,103,240,33733,0,0
time,11,window,rolling_128,cross_page_submit_subset,312,75,133,162,178,0,0
time,11,window,outliers_128,price_query,20000,31,54,67,21080,0,0
time,11,window,outliers_128,near_range8,20000,77,160,283,33065,0,0
time,11,window,outliers_128,index_submit,20000,76,119,209,31424,0,0
time,11,window,outliers_128,index_ack,20000,71,106,227,20359,0,0
time,11,window,outliers_128,cross_page_submit_subset,312,78,122,158,173,0,0
time,11,window,outliers_128,far_query,20000,48,54,68,179,0,0
time,11,window,boundary_128,price_query,20000,34,124,283,41253,0,0
time,11,window,boundary_128,near_range8,20000,91,271,1025,28769,0,0
time,11,window,boundary_128,index_submit,20000,93,275,3993,52479,0,0
time,11,window,boundary_128,index_ack,20000,81,206,382,36525,0,0
time,11,window,boundary_128,cross_page_submit_subset,313,92,165,186,199,0,0
time,11,window,jump_128,price_query,20000,53,180,449,7671,0,0
time,11,window,jump_128,near_range8,20000,103,274,610,72155,0,0
time,11,window,jump_128,index_submit,20000,112,253,4123,32689,0,0
time,11,window,jump_128,index_ack,20000,94,295,575,39994,0,0
time,11,window,jump_128,cross_page_submit_subset,2704,137,367,1369,26305,0,0
time,11,window,jump_128,jump_submit_subset,2432,141,378,1369,26305,0,0
time,11,window,4096books_4near_2far,price_query,20000,244,891,1542,30992,0,0
time,11,window,new_book_growth,index_insert,20000,298,3638,19896,1441537,0,0
time,11,window,engine_cancel_rehang_4near,cancel_to_command,20000,1010,2121,25717,1200989,0,0
time,11,window,engine_cancel_rehang_4near,new_to_command,20000,1250,6245,29322,316041,0,0
time,11,window,engine_cancel_rehang_4near,accepted_report,20000,866,4114,26664,718161,0,0
time,11,window,engine_cancel_rehang_4near,canceled_report,20000,873,4073,24247,762543,0,0
time,11,window,engine_rolling_4_2far,price_query,20000,60,138,273,42111,0,0
time,11,window,engine_rolling_4_2far,intent_to_command,20000,1157,4668,31809,312192,0,0
time,11,window,engine_rolling_4_2far,intent_queued,20000,657,3355,27559,268840,0,0
time,11,window,engine_rolling_4_2far,replace_report,20000,995,5037,32064,603920,0,0
time,11,window,engine_rolling_4_2far,ready_to_command,20000,906,4206,30989,185607,0,0
time,11,window,engine_jump_4_2far,price_query,20000,45,161,722,26433,0,0
time,11,window,engine_jump_4_2far,intent_to_command,20000,1443,5515,37201,677768,0,0
time,11,window,engine_jump_4_2far,intent_queued,20000,796,3983,30672,1550316,0,0
time,11,window,engine_jump_4_2far,replace_report,20000,1230,6035,51144,957307,0,0
time,11,window,engine_jump_4_2far,ready_to_command,20000,1050,4666,35717,381287,0,0
time,11,window,engine_jump_4_2far,jump_intent_subset,2496,1396,3428,36213,677768,0,0
time,11,window,engine_rolling_32_2far,price_query,20000,66,126,300,3574,0,0
time,11,window,engine_rolling_32_2far,intent_to_command,20000,1883,5640,37536,1532050,0,0
time,11,window,engine_rolling_32_2far,intent_queued,20000,929,4079,31868,66259,0,0
time,11,window,engine_rolling_32_2far,replace_report,20000,1386,6643,36749,1695070,0,0
time,11,window,engine_rolling_32_2far,ready_to_command,20000,1530,4571,34390,271771,0,0
time,11,window,engine_jump_32_2far,price_query,20000,64,129,378,33692,0,0
time,11,window,engine_jump_32_2far,intent_to_command,20000,1903,5602,36324,91208,0,0
time,11,window,engine_jump_32_2far,intent_queued,20000,943,4178,32828,89377,0,0
time,11,window,engine_jump_32_2far,replace_report,20000,1397,6585,34509,70990,0,0
time,11,window,engine_jump_32_2far,ready_to_command,20000,1534,4813,34753,55643,0,0
time,11,window,engine_jump_32_2far,jump_intent_subset,2496,1932,4477,34601,50976,0,0
time,11,standard,rolling_4,price_query,20000,56,165,334,31706,0,0
time,11,standard,rolling_4,near_range8,20000,107,228,391,60656,0,0
time,11,standard,rolling_4,index_submit,20000,151,188,339,49698,0,0
time,11,standard,rolling_4,index_ack,20000,142,240,475,47281,0,0
time,11,standard,rolling_4,cross_page_submit_subset,314,150,182,199,341,0,0
time,11,standard,outliers_4,price_query,20000,56,174,451,49139,0,0
time,11,standard,outliers_4,near_range8,20000,112,245,487,53822,0,0
time,11,standard,outliers_4,index_submit,20000,154,213,526,34164,0,0
time,11,standard,outliers_4,index_ack,20000,144,249,652,72182,0,0
time,11,standard,outliers_4,cross_page_submit_subset,314,152,201,210,225,0,0
time,11,standard,outliers_4,far_query,20000,59,178,460,50489,0,0
time,11,standard,boundary_4,price_query,20000,55,185,492,30497,0,0
time,11,standard,boundary_4,near_range8,20000,109,262,583,104077,0,0
time,11,standard,boundary_4,index_submit,20000,150,194,321,49861,0,0
time,11,standard,boundary_4,index_ack,20000,177,285,1021,45989,0,0
time,11,standard,boundary_4,cross_page_submit_subset,5000,146,176,293,3461,0,0
time,11,standard,jump_4,price_query,20000,55,176,447,45654,0,0
time,11,standard,jump_4,near_range8,20000,107,237,533,51802,0,0
time,11,standard,jump_4,index_submit,20000,151,205,381,46284,0,0
time,11,standard,jump_4,index_ack,20000,146,295,483,37613,0,0
time,11,standard,jump_4,cross_page_submit_subset,3746,164,219,311,31859,0,0
time,11,standard,jump_4,jump_submit_subset,2496,176,223,311,25404,0,0
time,11,standard,rolling_32,price_query,20000,62,177,404,6130,0,0
time,11,standard,rolling_32,near_range8,20000,164,306,682,43966,0,0
time,11,standard,rolling_32,index_submit,20000,160,219,566,45440,0,0
time,11,standard,rolling_32,index_ack,20000,123,273,631,53775,0,0
time,11,standard,rolling_32,cross_page_submit_subset,305,158,207,279,369,0,0
time,11,standard,outliers_32,price_query,20000,61,178,409,31575,0,0
time,11,standard,outliers_32,near_range8,20000,170,307,606,93154,0,0
time,11,standard,outliers_32,index_submit,20000,174,249,1044,53052,0,0
time,11,standard,outliers_32,index_ack,20000,125,284,749,34075,0,0
time,11,standard,outliers_32,cross_page_submit_subset,305,176,271,389,467,0,0
time,11,standard,outliers_32,far_query,20000,69,180,447,5866,0,0
time,11,standard,boundary_32,price_query,20000,61,177,446,29092,0,0
time,11,standard,boundary_32,near_range8,20000,162,297,617,55567,0,0
time,11,standard,boundary_32,index_submit,20000,157,241,478,75478,0,0
time,11,standard,boundary_32,index_ack,20000,148,370,611,27931,0,0
time,11,standard,boundary_32,cross_page_submit_subset,625,154,194,254,281,0,0
time,11,standard,jump_32,price_query,20000,63,179,474,36972,0,0
time,11,standard,jump_32,near_range8,20000,167,306,634,57756,0,0
time,11,standard,jump_32,index_submit,20000,163,274,814,42327,0,0
time,11,standard,jump_32,index_ack,20000,126,431,673,32407,0,0
time,11,standard,jump_32,cross_page_submit_subset,2652,198,366,828,42327,0,0
time,11,standard,jump_32,jump_submit_subset,2496,199,367,828,42327,0,0
time,11,standard,rolling_128,price_query,20000,72,177,402,48830,0,0
time,11,standard,rolling_128,near_range8,20000,186,330,677,76400,0,0
time,11,standard,rolling_128,index_submit,20000,179,236,498,79834,0,0
time,11,standard,rolling_128,index_ack,20000,123,250,1422,45976,0,0
time,11,standard,rolling_128,cross_page_submit_subset,312,179,216,334,403,0,0
time,11,standard,outliers_128,price_query,20000,71,172,440,51381,0,0
time,11,standard,outliers_128,near_range8,20000,188,324,641,51870,0,0
time,11,standard,outliers_128,index_submit,20000,181,238,927,36542,0,0
time,11,standard,outliers_128,index_ack,20000,123,254,846,50757,0,0
time,11,standard,outliers_128,cross_page_submit_subset,312,184,226,255,295,0,0
time,11,standard,outliers_128,far_query,20000,81,179,482,47489,0,0
time,11,standard,boundary_128,price_query,20000,72,174,419,28177,0,0
time,11,standard,boundary_128,near_range8,20000,188,330,666,255744,0,0
time,11,standard,boundary_128,index_submit,20000,172,227,617,182342,0,0
time,11,standard,boundary_128,index_ack,20000,158,461,1052,228172,0,0
time,11,standard,boundary_128,cross_page_submit_subset,313,165,219,233,265,0,0
time,11,standard,jump_128,price_query,20000,75,168,406,16530,0,0
time,11,standard,jump_128,near_range8,20000,186,328,643,48397,0,0
time,11,standard,jump_128,index_submit,20000,186,343,1085,52253,0,0
time,11,standard,jump_128,index_ack,20000,125,518,1000,53037,0,0
time,11,standard,jump_128,cross_page_submit_subset,2704,222,550,2086,28796,0,0
time,11,standard,jump_128,jump_submit_subset,2432,224,581,2086,28796,0,0
time,11,standard,4096books_4near_2far,price_query,20000,348,1078,2276,51960,0,0
time,11,standard,new_book_growth,index_insert,20000,508,6416,35064,2304902,0,0
time,11,standard,engine_cancel_rehang_4near,cancel_to_command,20000,1762,2583,39760,1694893,0,0
time,11,standard,engine_cancel_rehang_4near,new_to_command,20000,2054,13622,48760,463840,0,0
time,11,standard,engine_cancel_rehang_4near,accepted_report,20000,1405,4990,37765,563221,0,0
time,11,standard,engine_cancel_rehang_4near,canceled_report,20000,1453,5014,35922,327789,0,0
time,11,standard,engine_rolling_4_2far,price_query,20000,67,129,430,84865,0,0
time,11,standard,engine_rolling_4_2far,intent_to_command,20000,1880,6232,36783,82347,0,0
time,11,standard,engine_rolling_4_2far,intent_queued,20000,944,4153,34513,178838,0,0
time,11,standard,engine_rolling_4_2far,replace_report,20000,1468,6684,36678,247427,0,0
time,11,standard,engine_rolling_4_2far,ready_to_command,20000,1559,5114,36295,435213,0,0
time,11,standard,engine_jump_4_2far,price_query,20000,65,130,372,55619,0,0
time,11,standard,engine_jump_4_2far,intent_to_command,20000,1897,5883,37720,367800,0,0
time,11,standard,engine_jump_4_2far,intent_queued,20000,962,4363,35307,161243,0,0
time,11,standard,engine_jump_4_2far,replace_report,20000,1497,7077,40931,118350,0,0
time,11,standard,engine_jump_4_2far,ready_to_command,20000,1560,4789,35882,552456,0,0
time,11,standard,engine_jump_4_2far,jump_intent_subset,2496,1886,4470,36749,48119,0,0
time,11,standard,engine_rolling_32_2far,price_query,20000,93,160,344,37918,0,0
time,11,standard,engine_rolling_32_2far,intent_to_command,20000,1943,6003,40071,122893,0,0
time,11,standard,engine_rolling_32_2far,intent_queued,20000,957,4221,36055,150576,0,0
time,11,standard,engine_rolling_32_2far,replace_report,20000,1449,6907,38075,87918,0,0
time,11,standard,engine_rolling_32_2far,ready_to_command,20000,1557,4735,35471,83114,0,0
time,11,standard,engine_jump_32_2far,price_query,20000,84,173,720,48868,0,0
time,11,standard,engine_jump_32_2far,intent_to_command,20000,1869,6740,52786,1465589,0,0
time,11,standard,engine_jump_32_2far,intent_queued,20000,898,4439,34374,2559342,0,0
time,11,standard,engine_jump_32_2far,replace_report,20000,1415,6684,40967,762694,0,0
time,11,standard,engine_jump_32_2far,ready_to_command,20000,1466,5059,38517,1829350,0,0
time,11,standard,engine_jump_32_2far,jump_intent_subset,2496,1887,3933,39210,120359,0,0
time,11,pages,rolling_4,price_query,20000,49,206,543,33426,0,0
time,11,pages,rolling_4,near_range8,20000,94,274,664,57463,0,0
time,11,pages,rolling_4,index_submit,20000,133,230,634,81717,0,0
time,11,pages,rolling_4,index_ack,20000,118,231,486,62091,0,0
time,11,pages,rolling_4,cross_page_submit_subset,314,151,504,634,5015,0,0
time,11,pages,rolling_4,page_creation_subset,78,324,634,634,5015,0,0
time,11,pages,outliers_4,price_query,20000,51,193,520,34670,0,0
time,11,pages,outliers_4,near_range8,20000,100,262,621,67771,0,0
time,11,pages,outliers_4,index_submit,20000,142,220,547,77705,0,0
time,11,pages,outliers_4,index_ack,20000,124,230,568,29542,0,0
time,11,pages,outliers_4,cross_page_submit_subset,314,162,538,557,2190,0,0
time,11,pages,outliers_4,page_creation_subset,78,386,557,557,2190,0,0
time,11,pages,outliers_4,far_query,20000,51,188,522,38618,0,0
time,11,pages,boundary_4,price_query,20000,51,199,516,35920,0,0
time,11,pages,boundary_4,near_range8,20000,107,277,620,31528,0,0
time,11,pages,boundary_4,index_submit,20000,135,198,581,119031,0,0
time,11,pages,boundary_4,index_ack,20000,138,257,571,88134,0,0
time,11,pages,boundary_4,cross_page_submit_subset,5000,132,195,974,56003,0,0
time,11,pages,jump_4,price_query,20000,51,316,639,89841,0,0
time,11,pages,jump_4,near_range8,20000,102,279,607,33802,0,0
time,11,pages,jump_4,index_submit,20000,146,282,600,60512,0,0
time,11,pages,jump_4,index_ack,20000,129,279,524,36480,0,0
time,11,pages,jump_4,cross_page_submit_subset,3746,166,333,728,48447,0,0
time,11,pages,jump_4,page_creation_subset,1248,245,392,608,815,0,0
time,11,pages,jump_4,jump_submit_subset,2496,192,365,815,48447,0,0
time,11,pages,rolling_32,price_query,20000,51,186,516,37218,0,0
time,11,pages,rolling_32,near_range8,20000,123,289,610,31217,0,0
time,11,pages,rolling_32,index_submit,20000,138,205,758,79874,0,0
time,11,pages,rolling_32,index_ack,20000,108,192,367,7764,0,0
time,11,pages,rolling_32,cross_page_submit_subset,305,151,696,831,5743,0,0
time,11,pages,rolling_32,page_creation_subset,10,664,823,823,831,0,0
time,11,pages,outliers_32,price_query,20000,42,195,506,7132,0,0
time,11,pages,outliers_32,near_range8,20000,104,289,623,56104,0,0
time,11,pages,outliers_32,index_submit,20000,117,207,673,63500,0,0
time,11,pages,outliers_32,index_ack,20000,97,196,756,35492,0,0
time,11,pages,outliers_32,cross_page_submit_subset,305,122,623,1013,1208,0,0
time,11,pages,outliers_32,page_creation_subset,10,608,1013,1013,1208,0,0
time,11,pages,outliers_32,far_query,20000,41,205,502,72546,0,0
time,11,pages,boundary_32,price_query,20000,50,192,906,6004,0,0
time,11,pages,boundary_32,near_range8,20000,127,306,1055,152003,0,0
time,11,pages,boundary_32,index_submit,20000,139,230,1042,35239,0,0
time,11,pages,boundary_32,index_ack,20000,124,282,1045,81121,0,0
time,11,pages,boundary_32,cross_page_submit_subset,625,140,215,240,628,0,0
time,11,pages,jump_32,price_query,20000,52,206,515,37466,0,0
time,11,pages,jump_32,near_range8,20000,124,294,671,63202,0,0
time,11,pages,jump_32,index_submit,20000,142,253,572,69170,0,0
time,11,pages,jump_32,index_ack,20000,115,262,502,97749,0,0
time,11,pages,jump_32,cross_page_submit_subset,2652,162,375,1064,27553,0,0
time,11,pages,jump_32,page_creation_subset,156,297,572,1244,1279,0,0
time,11,pages,jump_32,jump_submit_subset,2496,164,382,1064,27553,0,0
time,11,pages,rolling_128,price_query,20000,49,180,499,35951,0,0
time,11,pages,rolling_128,near_range8,20000,116,289,640,65169,0,0
time,11,pages,rolling_128,index_submit,20000,131,210,1006,49293,0,0
time,11,pages,rolling_128,index_ack,20000,104,192,969,55590,0,0
time,11,pages,rolling_128,cross_page_submit_subset,312,145,231,1183,1426,0,0
time,11,pages,rolling_128,page_creation_subset,3,1183,1183,1183,1426,0,0
time,11,pages,outliers_128,price_query,20000,52,190,492,109773,0,0
time,11,pages,outliers_128,near_range8,20000,126,297,659,50595,0,0
time,11,pages,outliers_128,index_submit,20000,141,219,516,61024,0,0
time,11,pages,outliers_128,index_ack,20000,106,197,575,60934,0,0
time,11,pages,outliers_128,cross_page_submit_subset,312,155,316,1416,2058,0,0
time,11,pages,outliers_128,page_creation_subset,3,1416,1416,1416,2058,0,0
time,11,pages,outliers_128,far_query,20000,54,198,526,30413,0,0
time,11,pages,boundary_128,price_query,20000,52,174,907,30482,0,0
time,11,pages,boundary_128,near_range8,20000,131,282,1025,26964,0,0
time,11,pages,boundary_128,index_submit,20000,146,258,1076,75329,0,0
time,11,pages,boundary_128,index_ack,20000,126,289,1056,126879,0,0
time,11,pages,boundary_128,cross_page_submit_subset,313,149,238,311,776,0,0
time,11,pages,jump_128,price_query,20000,53,196,499,33365,0,0
time,11,pages,jump_128,near_range8,20000,131,289,611,52472,0,0
time,11,pages,jump_128,index_submit,20000,148,257,1040,78520,0,0
time,11,pages,jump_128,index_ack,20000,117,259,628,95942,0,0
time,11,pages,jump_128,cross_page_submit_subset,2704,172,461,849,5344,0,0
time,11,pages,jump_128,page_creation_subset,77,366,849,849,1408,0,0
time,11,pages,jump_128,jump_submit_subset,2432,173,461,849,5344,0,0
time,11,pages,4096books_4near_2far,price_query,20000,720,1744,35454,1958422,0,0
time,11,pages,new_book_growth,index_insert,20000,634,53038,92338,2176653,0,0
time,11,pages,new_book_growth,page_block_growth_subset,313,54749,251754,1041288,2176653,0,0
time,11,pages,engine_cancel_rehang_4near,cancel_to_command,20000,1649,5945,52199,1744715,0,0
time,11,pages,engine_cancel_rehang_4near,new_to_command,20000,2094,13116,55217,451765,0,0
time,11,pages,engine_cancel_rehang_4near,accepted_report,20000,1436,7291,41315,216529,0,0
time,11,pages,engine_cancel_rehang_4near,canceled_report,20000,1484,7688,44195,313696,0,0
time,11,pages,engine_rolling_4_2far,price_query,20000,67,202,985,71418,0,0
time,11,pages,engine_rolling_4_2far,intent_to_command,20000,1763,7556,57841,425051,0,0
time,11,pages,engine_rolling_4_2far,intent_queued,20000,913,5788,36607,123810,0,0
time,11,pages,engine_rolling_4_2far,replace_report,20000,1467,8678,70082,213544,0,0
time,11,pages,engine_rolling_4_2far,ready_to_command,20000,1371,6595,52863,321640,0,0
time,11,pages,engine_jump_4_2far,price_query,20000,63,177,799,119838,0,0
time,11,pages,engine_jump_4_2far,intent_to_command,20000,1796,7314,41419,95669,0,0
time,11,pages,engine_jump_4_2far,intent_queued,20000,921,5094,35168,119864,0,0
time,11,pages,engine_jump_4_2far,replace_report,20000,1494,8333,48286,160513,0,0
time,11,pages,engine_jump_4_2far,ready_to_command,20000,1414,5937,39162,155862,0,0
time,11,pages,engine_jump_4_2far,jump_intent_subset,2496,1825,6309,37529,95669,0,0
time,11,pages,engine_rolling_32_2far,price_query,20000,70,168,663,29543,0,0
time,11,pages,engine_rolling_32_2far,intent_to_command,20000,1843,6253,42611,649411,0,0
time,11,pages,engine_rolling_32_2far,intent_queued,20000,896,4346,36461,92712,0,0
time,11,pages,engine_rolling_32_2far,replace_report,20000,1404,6931,40441,89589,0,0
time,11,pages,engine_rolling_32_2far,ready_to_command,20000,1392,4988,40856,86561,0,0
time,11,pages,engine_jump_32_2far,price_query,20000,66,157,544,61709,0,0
time,11,pages,engine_jump_32_2far,intent_to_command,20000,1836,6106,42043,90573,0,0
time,11,pages,engine_jump_32_2far,intent_queued,20000,883,4454,39153,137635,0,0
time,11,pages,engine_jump_32_2far,replace_report,20000,1403,7610,40366,129774,0,0
time,11,pages,engine_jump_32_2far,ready_to_command,20000,1411,5043,40193,80247,0,0
time,11,pages,engine_jump_32_2far,jump_intent_subset,2496,1863,5170,11977,61609,0,0
time,11,adaptive,rolling_4,price_query,20000,58,195,526,37362,0,0
time,11,adaptive,rolling_4,near_range8,20000,92,242,561,33201,0,0
time,11,adaptive,rolling_4,index_submit,20000,140,190,738,82599,0,0
time,11,adaptive,rolling_4,index_ack,20000,127,205,505,55618,0,0
time,11,adaptive,rolling_4,cross_page_submit_subset,314,139,192,248,326,0,0
time,11,adaptive,outliers_4,price_query,20000,57,194,509,54416,0,0
time,11,adaptive,outliers_4,near_range8,20000,93,242,576,38015,0,0
time,11,adaptive,outliers_4,index_submit,20000,142,215,524,57586,0,0
time,11,adaptive,outliers_4,index_ack,20000,129,214,400,65969,0,0
time,11,adaptive,outliers_4,cross_page_submit_subset,314,141,210,244,271,0,0
time,11,adaptive,outliers_4,far_query,20000,57,202,543,33270,0,0
time,11,adaptive,boundary_4,price_query,20000,57,200,518,36101,0,0
time,11,adaptive,boundary_4,near_range8,20000,93,243,568,77379,0,0
time,11,adaptive,boundary_4,index_submit,20000,138,193,398,60080,0,0
time,11,adaptive,boundary_4,index_ack,20000,140,233,552,36302,0,0
time,11,adaptive,boundary_4,cross_page_submit_subset,5000,134,179,281,8432,0,0
time,11,adaptive,jump_4,price_query,20000,57,254,544,59700,0,0
time,11,adaptive,jump_4,near_range8,20000,91,241,584,37759,0,0
time,11,adaptive,jump_4,index_submit,20000,141,214,332,34862,0,0
time,11,adaptive,jump_4,index_ack,20000,130,242,452,52816,0,0
time,11,adaptive,jump_4,cross_page_submit_subset,3746,150,236,389,7339,0,0
time,11,adaptive,jump_4,jump_submit_subset,2496,164,242,392,7339,0,0
time,11,adaptive,rolling_32,price_query,20000,64,194,524,53015,0,0
time,11,adaptive,rolling_32,near_range8,20000,126,270,586,55539,0,0
time,11,adaptive,rolling_32,index_submit,20000,147,204,428,55515,0,0
time,11,adaptive,rolling_32,index_ack,20000,114,202,543,32138,0,0
time,11,adaptive,rolling_32,cross_page_submit_subset,305,147,211,251,293,0,0
time,11,adaptive,outliers_32,price_query,20000,66,189,576,27297,0,0
time,11,adaptive,outliers_32,near_range8,20000,132,267,1053,55527,0,0
time,11,adaptive,outliers_32,index_submit,20000,153,234,780,39812,0,0
time,11,adaptive,outliers_32,index_ack,20000,118,216,543,73592,0,0
time,11,adaptive,outliers_32,cross_page_submit_subset,305,153,296,627,5096,0,0
time,11,adaptive,outliers_32,far_query,20000,65,197,527,128745,0,0
time,11,adaptive,boundary_32,price_query,20000,57,230,539,31017,0,0
time,11,adaptive,boundary_32,near_range8,20000,95,312,703,30085,0,0
time,11,adaptive,boundary_32,index_submit,20000,119,200,477,29208,0,0
time,11,adaptive,boundary_32,index_ack,20000,134,218,371,91711,0,0
time,11,adaptive,boundary_32,cross_page_submit_subset,625,123,190,232,1003,0,0
time,11,adaptive,jump_32,price_query,20000,59,238,590,28217,0,0
time,11,adaptive,jump_32,near_range8,20000,106,308,682,84155,0,0
time,11,adaptive,jump_32,index_submit,20000,132,273,1137,62745,0,0
time,11,adaptive,jump_32,index_ack,20000,106,300,1002,34932,0,0
time,11,adaptive,jump_32,cross_page_submit_subset,2652,157,348,3713,6042,0,0
time,11,adaptive,jump_32,jump_submit_subset,2496,158,359,3713,6042,0,0
time,11,adaptive,rolling_128,price_query,20000,66,216,694,28380,0,0
time,11,adaptive,rolling_128,near_range8,20000,115,303,1037,37336,0,0
time,11,adaptive,rolling_128,index_submit,20000,138,250,3335,57635,0,0
time,11,adaptive,rolling_128,index_ack,20000,103,236,989,59887,0,0
time,11,adaptive,rolling_128,cross_page_submit_subset,312,138,223,310,5341,0,0
time,11,adaptive,outliers_128,price_query,20000,70,207,612,36177,0,0
time,11,adaptive,outliers_128,near_range8,20000,124,290,700,40905,0,0
time,11,adaptive,outliers_128,index_submit,20000,146,250,4646,124585,0,0
time,11,adaptive,outliers_128,index_ack,20000,105,233,521,35456,0,0
time,11,adaptive,outliers_128,cross_page_submit_subset,312,148,245,325,404,0,0
time,11,adaptive,outliers_128,far_query,20000,69,221,570,75245,0,0
time,11,adaptive,boundary_128,price_query,20000,69,204,542,61594,0,0
time,11,adaptive,boundary_128,near_range8,20000,119,276,1085,56944,0,0
time,11,adaptive,boundary_128,index_submit,20000,143,230,3792,62005,0,0
time,11,adaptive,boundary_128,index_ack,20000,144,257,629,37149,0,0
time,11,adaptive,boundary_128,cross_page_submit_subset,313,150,227,335,379,0,0
time,11,adaptive,jump_128,price_query,20000,70,197,964,50798,0,0
time,11,adaptive,jump_128,near_range8,20000,131,276,637,121582,0,0
time,11,adaptive,jump_128,index_submit,20000,152,266,4099,83822,0,0
time,11,adaptive,jump_128,index_ack,20000,117,349,1065,42928,0,0
time,11,adaptive,jump_128,cross_page_submit_subset,2704,182,345,3908,37533,0,0
time,11,adaptive,jump_128,jump_submit_subset,2432,186,349,3908,37533,0,0
time,11,adaptive,4096books_4near_2far,price_query,20000,329,1091,7657,114807,0,0
time,11,adaptive,new_book_growth,index_insert,20000,445,4354,32675,2257972,0,0
time,11,adaptive,engine_cancel_rehang_4near,cancel_to_command,20000,1389,4016,39540,1187546,0,0
time,11,adaptive,engine_cancel_rehang_4near,new_to_command,20000,1684,9019,39730,342214,0,0
time,11,adaptive,engine_cancel_rehang_4near,accepted_report,20000,1175,6423,39743,423505,0,0
time,11,adaptive,engine_cancel_rehang_4near,canceled_report,20000,1180,6460,39809,464900,0,0
time,11,adaptive,engine_rolling_4_2far,price_query,20000,53,120,290,95837,0,0
time,11,adaptive,engine_rolling_4_2far,intent_to_command,20000,1102,4459,34062,138864,0,0
time,11,adaptive,engine_rolling_4_2far,intent_queued,20000,594,3544,20676,85312,0,0
time,11,adaptive,engine_rolling_4_2far,replace_report,20000,890,6052,26155,43523,0,0
time,11,adaptive,engine_rolling_4_2far,ready_to_command,20000,903,3622,21244,65604,0,0
time,11,adaptive,engine_jump_4_2far,price_query,20000,39,135,320,209955,0,0
time,11,adaptive,engine_jump_4_2far,intent_to_command,20000,1100,5179,30073,82704,0,0
time,11,adaptive,engine_jump_4_2far,intent_queued,20000,594,3826,14472,93682,0,0
time,11,adaptive,engine_jump_4_2far,replace_report,20000,900,6388,24583,208159,0,0
time,11,adaptive,engine_jump_4_2far,ready_to_command,20000,900,3871,27383,1065173,0,0
time,11,adaptive,engine_jump_4_2far,jump_intent_subset,2496,1090,4693,22183,41817,0,0
time,11,adaptive,engine_rolling_32_2far,price_query,20000,68,138,297,35495,0,0
time,11,adaptive,engine_rolling_32_2far,intent_to_command,20000,1136,4925,34744,93800,0,0
time,11,adaptive,engine_rolling_32_2far,intent_queued,20000,613,3612,13948,58491,0,0
time,11,adaptive,engine_rolling_32_2far,replace_report,20000,898,6220,31677,67459,0,0
time,11,adaptive,engine_rolling_32_2far,ready_to_command,20000,912,3756,28026,108849,0,0
time,11,adaptive,engine_jump_32_2far,price_query,20000,59,146,324,6159,0,0
time,11,adaptive,engine_jump_32_2far,intent_to_command,20000,1182,4743,37118,910933,0,0
time,11,adaptive,engine_jump_32_2far,intent_queued,20000,651,3567,13209,101549,0,0
time,11,adaptive,engine_jump_32_2far,replace_report,20000,962,5806,30010,58428,0,0
time,11,adaptive,engine_jump_32_2far,ready_to_command,20000,935,3834,21332,102919,0,0
time,11,adaptive,engine_jump_32_2far,jump_intent_subset,2496,1154,3828,28177,40426,0,0
alloc,0,standard,rolling_4,price_query,20000,0,0,0,0,0,0
alloc,0,standard,rolling_4,near_range8,20000,0,0,0,0,0,0
alloc,0,standard,rolling_4,index_submit,20000,0,0,0,0,0,0
alloc,0,standard,rolling_4,index_ack,20000,0,0,0,0,0,0
alloc,0,standard,rolling_4,cross_page_submit_subset,314,0,0,0,0,0,0
alloc,0,standard,outliers_4,price_query,20000,0,0,0,0,0,0
alloc,0,standard,outliers_4,near_range8,20000,0,0,0,0,0,0
alloc,0,standard,outliers_4,index_submit,20000,0,0,0,0,0,0
alloc,0,standard,outliers_4,index_ack,20000,0,0,0,0,0,0
alloc,0,standard,outliers_4,cross_page_submit_subset,314,0,0,0,0,0,0
alloc,0,standard,outliers_4,far_query,20000,0,0,0,0,0,0
alloc,0,standard,boundary_4,price_query,20000,0,0,0,0,0,0
alloc,0,standard,boundary_4,near_range8,20000,0,0,0,0,0,0
alloc,0,standard,boundary_4,index_submit,20000,0,0,0,0,0,0
alloc,0,standard,boundary_4,index_ack,20000,0,0,0,0,0,0
alloc,0,standard,boundary_4,cross_page_submit_subset,5000,0,0,0,0,0,0
alloc,0,standard,jump_4,price_query,20000,0,0,0,0,0,0
alloc,0,standard,jump_4,near_range8,20000,0,0,0,0,0,0
alloc,0,standard,jump_4,index_submit,20000,0,0,0,0,0,0
alloc,0,standard,jump_4,index_ack,20000,0,0,0,0,0,0
alloc,0,standard,jump_4,cross_page_submit_subset,3746,0,0,0,0,0,0
alloc,0,standard,jump_4,jump_submit_subset,2496,0,0,0,0,0,0
alloc,0,standard,rolling_32,price_query,20000,0,0,0,0,0,0
alloc,0,standard,rolling_32,near_range8,20000,0,0,0,0,0,0
alloc,0,standard,rolling_32,index_submit,20000,0,0,0,0,90,25200
alloc,0,standard,rolling_32,index_ack,20000,0,0,0,0,90,9360
alloc,0,standard,rolling_32,cross_page_submit_subset,305,0,0,0,0,2,560
alloc,0,standard,outliers_32,price_query,20000,0,0,0,0,0,0
alloc,0,standard,outliers_32,near_range8,20000,0,0,0,0,0,0
alloc,0,standard,outliers_32,index_submit,20000,0,0,0,0,90,31064
alloc,0,standard,outliers_32,index_ack,20000,0,0,0,0,89,9256
alloc,0,standard,outliers_32,cross_page_submit_subset,305,0,0,0,0,2,560
alloc,0,standard,outliers_32,far_query,20000,0,0,0,0,0,0
alloc,0,standard,boundary_32,price_query,20000,0,0,0,0,0,0
alloc,0,standard,boundary_32,near_range8,20000,0,0,0,0,0,0
alloc,0,standard,boundary_32,index_submit,20000,0,0,0,0,313,87640
alloc,0,standard,boundary_32,index_ack,20000,0,0,0,0,371,38584
alloc,0,standard,boundary_32,cross_page_submit_subset,625,0,0,0,0,0,0
alloc,0,standard,jump_32,price_query,20000,0,0,0,0,0,0
alloc,0,standard,jump_32,near_range8,20000,0,0,0,0,0,0
alloc,0,standard,jump_32,index_submit,20000,0,0,0,0,468,131040
alloc,0,standard,jump_32,index_ack,20000,0,0,0,0,421,43784
alloc,0,standard,jump_32,cross_page_submit_subset,2652,0,0,0,0,390,109200
alloc,0,standard,jump_32,jump_submit_subset,2496,0,0,0,0,390,109200
alloc,0,standard,rolling_128,price_query,20000,0,0,0,0,0,0
alloc,0,standard,rolling_128,near_range8,20000,0,0,0,0,0,0
alloc,0,standard,rolling_128,index_submit,20000,0,0,0,0,25,25104
alloc,0,standard,rolling_128,index_ack,20000,0,0,0,0,22,2288
alloc,0,standard,rolling_128,cross_page_submit_subset,312,0,0,0,0,1,280
alloc,0,standard,outliers_128,price_query,20000,0,0,0,0,0,0
alloc,0,standard,outliers_128,near_range8,20000,0,0,0,0,0,0
alloc,0,standard,outliers_128,index_submit,20000,0,0,0,0,30,20360
alloc,0,standard,outliers_128,index_ack,20000,0,0,0,0,27,3192
alloc,0,standard,outliers_128,cross_page_submit_subset,312,0,0,0,0,0,0
alloc,0,standard,outliers_128,far_query,20000,0,0,0,0,0,0
alloc,0,standard,boundary_128,price_query,20000,0,0,0,0,0,0
alloc,0,standard,boundary_128,near_range8,20000,0,0,0,0,0,0
alloc,0,standard,boundary_128,index_submit,20000,0,0,0,0,3,18944
alloc,0,standard,boundary_128,index_ack,20000,0,0,0,0,475,50552
alloc,0,standard,boundary_128,cross_page_submit_subset,313,0,0,0,0,0,0
alloc,0,standard,jump_128,price_query,20000,0,0,0,0,0,0
alloc,0,standard,jump_128,near_range8,20000,0,0,0,0,0,0
alloc,0,standard,jump_128,index_submit,20000,0,0,0,0,423,147528
alloc,0,standard,jump_128,index_ack,20000,0,0,0,0,217,22568
alloc,0,standard,jump_128,cross_page_submit_subset,2704,0,0,0,0,410,125784
alloc,0,standard,jump_128,jump_submit_subset,2432,0,0,0,0,400,122984
alloc,0,standard,4096books_4near_2far,price_query,20000,0,0,0,0,0,0
alloc,0,standard,new_book_growth,index_insert,20000,0,0,0,0,40977,18399004
alloc,0,standard,engine_cancel_rehang_4near,cancel_to_command,20000,0,0,0,0,12,3734832
alloc,0,standard,engine_cancel_rehang_4near,new_to_command,20000,0,0,0,0,331,6766256
alloc,0,standard,engine_cancel_rehang_4near,accepted_report,20000,0,0,0,0,0,0
alloc,0,standard,engine_cancel_rehang_4near,canceled_report,20000,0,0,0,0,0,0
alloc,0,standard,engine_rolling_4_2far,price_query,20000,0,0,0,0,0,0
alloc,0,standard,engine_rolling_4_2far,intent_to_command,20000,0,0,0,0,0,0
alloc,0,standard,engine_rolling_4_2far,intent_queued,20000,0,0,0,0,1,104
alloc,0,standard,engine_rolling_4_2far,replace_report,20000,0,0,0,0,0,0
alloc,0,standard,engine_rolling_4_2far,ready_to_command,20000,0,0,0,0,0,0
alloc,0,standard,engine_jump_4_2far,price_query,20000,0,0,0,0,0,0
alloc,0,standard,engine_jump_4_2far,intent_to_command,20000,0,0,0,0,0,0
alloc,0,standard,engine_jump_4_2far,intent_queued,20000,0,0,0,0,1,104
alloc,0,standard,engine_jump_4_2far,replace_report,20000,0,0,0,0,0,0
alloc,0,standard,engine_jump_4_2far,ready_to_command,20000,0,0,0,0,0,0
alloc,0,standard,engine_jump_4_2far,jump_intent_subset,2496,0,0,0,0,0,0
alloc,0,standard,engine_rolling_32_2far,price_query,20000,0,0,0,0,0,0
alloc,0,standard,engine_rolling_32_2far,intent_to_command,20000,0,0,0,0,0,0
alloc,0,standard,engine_rolling_32_2far,intent_queued,20000,0,0,0,0,1,104
alloc,0,standard,engine_rolling_32_2far,replace_report,20000,0,0,0,0,0,0
alloc,0,standard,engine_rolling_32_2far,ready_to_command,20000,0,0,0,0,357,99960
alloc,0,standard,engine_jump_32_2far,price_query,20000,0,0,0,0,0,0
alloc,0,standard,engine_jump_32_2far,intent_to_command,20000,0,0,0,0,2,560
alloc,0,standard,engine_jump_32_2far,intent_queued,20000,0,0,0,0,1,104
alloc,0,standard,engine_jump_32_2far,replace_report,20000,0,0,0,0,2,208
alloc,0,standard,engine_jump_32_2far,ready_to_command,20000,0,0,0,0,647,181160
alloc,0,standard,engine_jump_32_2far,jump_intent_subset,2496,0,0,0,0,2,560
memory,0,standard,1books_4near_0far,resident_index_bytes,1,0,0,0,0,9,21636
capacity,0,standard,1books_4near_0far,pages_and_blocks,1,0,0,0,0,0,0
memory,0,standard,1books_4near_2far,resident_index_bytes,1,0,0,0,0,9,21636
capacity,0,standard,1books_4near_2far,pages_and_blocks,1,0,0,0,0,0,0
memory,0,standard,1books_32near_0far,resident_index_bytes,1,0,0,0,0,17,23364
capacity,0,standard,1books_32near_0far,pages_and_blocks,1,0,0,0,0,0,0
memory,0,standard,1books_32near_2far,resident_index_bytes,1,0,0,0,0,19,23748
capacity,0,standard,1books_32near_2far,pages_and_blocks,1,0,0,0,0,0,0
memory,0,standard,1books_128near_0far,resident_index_bytes,1,0,0,0,0,51,42692
capacity,0,standard,1books_128near_0far,pages_and_blocks,1,0,0,0,0,0,0
memory,0,standard,1books_128near_2far,resident_index_bytes,1,0,0,0,0,53,55492
capacity,0,standard,1books_128near_2far,pages_and_blocks,1,0,0,0,0,0,0
memory,0,standard,128books_4near_0far,resident_index_bytes,1,0,0,0,0,286,184192
capacity,0,standard,128books_4near_0far,pages_and_blocks,1,0,0,0,0,0,0
memory,0,standard,128books_4near_2far,resident_index_bytes,1,0,0,0,0,296,235648
capacity,0,standard,128books_4near_2far,pages_and_blocks,1,0,0,0,0,0,0
memory,0,standard,128books_32near_0far,resident_index_bytes,1,0,0,0,0,1428,1123968
capacity,0,standard,128books_32near_0far,pages_and_blocks,1,0,0,0,0,0,0
memory,0,standard,128books_32near_2far,resident_index_bytes,1,0,0,0,0,1694,1226368
capacity,0,standard,128books_32near_2far,pages_and_blocks,1,0,0,0,0,0,0
memory,0,standard,128books_128near_0far,resident_index_bytes,1,0,0,0,0,5912,4423296
capacity,0,standard,128books_128near_0far,pages_and_blocks,1,0,0,0,0,0,0
memory,0,standard,128books_128near_2far,resident_index_bytes,1,0,0,0,0,5922,4482688
capacity,0,standard,128books_128near_2far,pages_and_blocks,1,0,0,0,0,0,0
alloc,0,pages,rolling_4,price_query,20000,0,0,0,0,0,0
alloc,0,pages,rolling_4,near_range8,20000,0,0,0,0,0,0
alloc,0,pages,rolling_4,index_submit,20000,0,0,0,0,0,0
alloc,0,pages,rolling_4,index_ack,20000,0,0,0,0,0,0
alloc,0,pages,rolling_4,cross_page_submit_subset,314,0,0,0,0,0,0
alloc,0,pages,rolling_4,page_creation_subset,78,0,0,0,0,0,0
alloc,0,pages,outliers_4,price_query,20000,0,0,0,0,0,0
alloc,0,pages,outliers_4,near_range8,20000,0,0,0,0,0,0
alloc,0,pages,outliers_4,index_submit,20000,0,0,0,0,0,0
alloc,0,pages,outliers_4,index_ack,20000,0,0,0,0,0,0
alloc,0,pages,outliers_4,cross_page_submit_subset,314,0,0,0,0,0,0
alloc,0,pages,outliers_4,page_creation_subset,78,0,0,0,0,0,0
alloc,0,pages,outliers_4,far_query,20000,0,0,0,0,0,0
alloc,0,pages,boundary_4,price_query,20000,0,0,0,0,0,0
alloc,0,pages,boundary_4,near_range8,20000,0,0,0,0,0,0
alloc,0,pages,boundary_4,index_submit,20000,0,0,0,0,0,0
alloc,0,pages,boundary_4,index_ack,20000,0,0,0,0,0,0
alloc,0,pages,boundary_4,cross_page_submit_subset,5000,0,0,0,0,0,0
alloc,0,pages,jump_4,price_query,20000,0,0,0,0,0,0
alloc,0,pages,jump_4,near_range8,20000,0,0,0,0,0,0
alloc,0,pages,jump_4,index_submit,20000,0,0,0,0,0,0
alloc,0,pages,jump_4,index_ack,20000,0,0,0,0,0,0
alloc,0,pages,jump_4,cross_page_submit_subset,3746,0,0,0,0,0,0
alloc,0,pages,jump_4,page_creation_subset,1248,0,0,0,0,0,0
alloc,0,pages,jump_4,jump_submit_subset,2496,0,0,0,0,0,0
alloc,0,pages,rolling_32,price_query,20000,0,0,0,0,0,0
alloc,0,pages,rolling_32,near_range8,20000,0,0,0,0,0,0
alloc,0,pages,rolling_32,index_submit,20000,0,0,0,0,0,0
alloc,0,pages,rolling_32,index_ack,20000,0,0,0,0,0,0
alloc,0,pages,rolling_32,cross_page_submit_subset,305,0,0,0,0,0,0
alloc,0,pages,rolling_32,page_creation_subset,10,0,0,0,0,0,0
alloc,0,pages,outliers_32,price_query,20000,0,0,0,0,0,0
alloc,0,pages,outliers_32,near_range8,20000,0,0,0,0,0,0
alloc,0,pages,outliers_32,index_submit,20000,0,0,0,0,1,6144
alloc,0,pages,outliers_32,index_ack,20000,0,0,0,0,0,0
alloc,0,pages,outliers_32,cross_page_submit_subset,305,0,0,0,0,0,0
alloc,0,pages,outliers_32,page_creation_subset,10,0,0,0,0,0,0
alloc,0,pages,outliers_32,far_query,20000,0,0,0,0,0,0
alloc,0,pages,boundary_32,price_query,20000,0,0,0,0,0,0
alloc,0,pages,boundary_32,near_range8,20000,0,0,0,0,0,0
alloc,0,pages,boundary_32,index_submit,20000,0,0,0,0,0,0
alloc,0,pages,boundary_32,index_ack,20000,0,0,0,0,0,0
alloc,0,pages,boundary_32,cross_page_submit_subset,625,0,0,0,0,0,0
alloc,0,pages,jump_32,price_query,20000,0,0,0,0,0,0
alloc,0,pages,jump_32,near_range8,20000,0,0,0,0,0,0
alloc,0,pages,jump_32,index_submit,20000,0,0,0,0,0,0
alloc,0,pages,jump_32,index_ack,20000,0,0,0,0,0,0
alloc,0,pages,jump_32,cross_page_submit_subset,2652,0,0,0,0,0,0
alloc,0,pages,jump_32,page_creation_subset,156,0,0,0,0,0,0
alloc,0,pages,jump_32,jump_submit_subset,2496,0,0,0,0,0,0
alloc,0,pages,rolling_128,price_query,20000,0,0,0,0,0,0
alloc,0,pages,rolling_128,near_range8,20000,0,0,0,0,0,0
alloc,0,pages,rolling_128,index_submit,20000,0,0,0,0,3,18944
alloc,0,pages,rolling_128,index_ack,20000,0,0,0,0,0,0
alloc,0,pages,rolling_128,cross_page_submit_subset,312,0,0,0,0,0,0
alloc,0,pages,rolling_128,page_creation_subset,3,0,0,0,0,0,0
alloc,0,pages,outliers_128,price_query,20000,0,0,0,0,0,0
alloc,0,pages,outliers_128,near_range8,20000,0,0,0,0,0,0
alloc,0,pages,outliers_128,index_submit,20000,0,0,0,0,3,12416
alloc,0,pages,outliers_128,index_ack,20000,0,0,0,0,0,0
alloc,0,pages,outliers_128,cross_page_submit_subset,312,0,0,0,0,0,0
alloc,0,pages,outliers_128,page_creation_subset,3,0,0,0,0,0,0
alloc,0,pages,outliers_128,far_query,20000,0,0,0,0,0,0
alloc,0,pages,boundary_128,price_query,20000,0,0,0,0,0,0
alloc,0,pages,boundary_128,near_range8,20000,0,0,0,0,0,0
alloc,0,pages,boundary_128,index_submit,20000,0,0,0,0,3,18944
alloc,0,pages,boundary_128,index_ack,20000,0,0,0,0,0,0
alloc,0,pages,boundary_128,cross_page_submit_subset,313,0,0,0,0,0,0
alloc,0,pages,jump_128,price_query,20000,0,0,0,0,0,0
alloc,0,pages,jump_128,near_range8,20000,0,0,0,0,0,0
alloc,0,pages,jump_128,index_submit,20000,0,0,0,0,4,25600
alloc,0,pages,jump_128,index_ack,20000,0,0,0,0,0,0
alloc,0,pages,jump_128,cross_page_submit_subset,2704,0,0,0,0,1,6656
alloc,0,pages,jump_128,page_creation_subset,77,0,0,0,0,0,0
alloc,0,pages,jump_128,jump_submit_subset,2432,0,0,0,0,1,6656
alloc,0,pages,4096books_4near_2far,price_query,20000,0,0,0,0,0,0
alloc,0,pages,new_book_growth,index_insert,20000,0,0,0,0,41298,39889628
alloc,0,pages,new_book_growth,page_block_growth_subset,313,0,0,0,0,1917,32263668
alloc,0,pages,engine_cancel_rehang_4near,cancel_to_command,20000,0,0,0,0,12,3734832
alloc,0,pages,engine_cancel_rehang_4near,new_to_command,20000,0,0,0,0,331,6766256
alloc,0,pages,engine_cancel_rehang_4near,accepted_report,20000,0,0,0,0,0,0
alloc,0,pages,engine_cancel_rehang_4near,canceled_report,20000,0,0,0,0,0,0
alloc,0,pages,engine_rolling_4_2far,price_query,20000,0,0,0,0,0,0
alloc,0,pages,engine_rolling_4_2far,intent_to_command,20000,0,0,0,0,0,0
alloc,0,pages,engine_rolling_4_2far,intent_queued,20000,0,0,0,0,1,104
alloc,0,pages,engine_rolling_4_2far,replace_report,20000,0,0,0,0,0,0
alloc,0,pages,engine_rolling_4_2far,ready_to_command,20000,0,0,0,0,0,0
alloc,0,pages,engine_jump_4_2far,price_query,20000,0,0,0,0,0,0
alloc,0,pages,engine_jump_4_2far,intent_to_command,20000,0,0,0,0,0,0
alloc,0,pages,engine_jump_4_2far,intent_queued,20000,0,0,0,0,1,104
alloc,0,pages,engine_jump_4_2far,replace_report,20000,0,0,0,0,0,0
alloc,0,pages,engine_jump_4_2far,ready_to_command,20000,0,0,0,0,0,0
alloc,0,pages,engine_jump_4_2far,jump_intent_subset,2496,0,0,0,0,0,0
alloc,0,pages,engine_rolling_32_2far,price_query,20000,0,0,0,0,0,0
alloc,0,pages,engine_rolling_32_2far,intent_to_command,20000,0,0,0,0,0,0
alloc,0,pages,engine_rolling_32_2far,intent_queued,20000,0,0,0,0,1,104
alloc,0,pages,engine_rolling_32_2far,replace_report,20000,0,0,0,0,0,0
alloc,0,pages,engine_rolling_32_2far,ready_to_command,20000,0,0,0,0,0,0
alloc,0,pages,engine_jump_32_2far,price_query,20000,0,0,0,0,0,0
alloc,0,pages,engine_jump_32_2far,intent_to_command,20000,0,0,0,0,0,0
alloc,0,pages,engine_jump_32_2far,intent_queued,20000,0,0,0,0,1,104
alloc,0,pages,engine_jump_32_2far,replace_report,20000,0,0,0,0,0,0
alloc,0,pages,engine_jump_32_2far,ready_to_command,20000,0,0,0,0,0,0
alloc,0,pages,engine_jump_32_2far,jump_intent_subset,2496,0,0,0,0,0,0
memory,0,pages,1books_4near_0far,resident_index_bytes,1,0,0,0,0,11,90308
capacity,0,pages,1books_4near_0far,pages_and_blocks,1,0,0,0,0,2,1
memory,0,pages,1books_4near_2far,resident_index_bytes,1,0,0,0,0,11,90308
capacity,0,pages,1books_4near_2far,pages_and_blocks,1,0,0,0,0,4,1
memory,0,pages,1books_32near_0far,resident_index_bytes,1,0,0,0,0,11,90308
capacity,0,pages,1books_32near_0far,pages_and_blocks,1,0,0,0,0,2,1
memory,0,pages,1books_32near_2far,resident_index_bytes,1,0,0,0,0,11,90308
capacity,0,pages,1books_32near_2far,pages_and_blocks,1,0,0,0,0,4,1
memory,0,pages,1books_128near_0far,resident_index_bytes,1,0,0,0,0,13,103108
capacity,0,pages,1books_128near_0far,pages_and_blocks,1,0,0,0,0,3,1
memory,0,pages,1books_128near_2far,resident_index_bytes,1,0,0,0,0,15,115908
capacity,0,pages,1books_128near_2far,pages_and_blocks,1,0,0,0,0,5,1
memory,0,pages,128books_4near_0far,resident_index_bytes,1,0,0,0,0,291,458688
capacity,0,pages,128books_4near_0far,pages_and_blocks,1,0,0,0,0,256,4
memory,0,pages,128books_4near_2far,resident_index_bytes,1,0,0,0,0,306,784640
capacity,0,pages,128books_4near_2far,pages_and_blocks,1,0,0,0,0,512,8
memory,0,pages,128books_32near_0far,resident_index_bytes,1,0,0,0,0,409,1177280
capacity,0,pages,128books_32near_0far,pages_and_blocks,1,0,0,0,0,256,4
memory,0,pages,128books_32near_2far,resident_index_bytes,1,0,0,0,0,424,1505024
capacity,0,pages,128books_32near_2far,pages_and_blocks,1,0,0,0,0,512,8
memory,0,pages,128books_128near_0far,resident_index_bytes,1,0,0,0,0,800,3778304
capacity,0,pages,128books_128near_0far,pages_and_blocks,1,0,0,0,0,384,6
memory,0,pages,128books_128near_2far,resident_index_bytes,1,0,0,0,0,815,4112256
capacity,0,pages,128books_128near_2far,pages_and_blocks,1,0,0,0,0,640,10
alloc,0,adaptive,rolling_4,price_query,20000,0,0,0,0,0,0
alloc,0,adaptive,rolling_4,near_range8,20000,0,0,0,0,0,0
alloc,0,adaptive,rolling_4,index_submit,20000,0,0,0,0,1,256
alloc,0,adaptive,rolling_4,index_ack,20000,0,0,0,0,0,0
alloc,0,adaptive,rolling_4,cross_page_submit_subset,314,0,0,0,0,0,0
alloc,0,adaptive,outliers_4,price_query,20000,0,0,0,0,0,0
alloc,0,adaptive,outliers_4,near_range8,20000,0,0,0,0,0,0
alloc,0,adaptive,outliers_4,index_submit,20000,0,0,0,0,0,0
alloc,0,adaptive,outliers_4,index_ack,20000,0,0,0,0,0,0
alloc,0,adaptive,outliers_4,cross_page_submit_subset,314,0,0,0,0,0,0
alloc,0,adaptive,outliers_4,far_query,20000,0,0,0,0,0,0
alloc,0,adaptive,boundary_4,price_query,20000,0,0,0,0,0,0
alloc,0,adaptive,boundary_4,near_range8,20000,0,0,0,0,0,0
alloc,0,adaptive,boundary_4,index_submit,20000,0,0,0,0,1,256
alloc,0,adaptive,boundary_4,index_ack,20000,0,0,0,0,0,0
alloc,0,adaptive,boundary_4,cross_page_submit_subset,5000,0,0,0,0,0,0
alloc,0,adaptive,jump_4,price_query,20000,0,0,0,0,0,0
alloc,0,adaptive,jump_4,near_range8,20000,0,0,0,0,0,0
alloc,0,adaptive,jump_4,index_submit,20000,0,0,0,0,1,256
alloc,0,adaptive,jump_4,index_ack,20000,0,0,0,0,0,0
alloc,0,adaptive,jump_4,cross_page_submit_subset,3746,0,0,0,0,0,0
alloc,0,adaptive,jump_4,jump_submit_subset,2496,0,0,0,0,0,0
alloc,0,adaptive,rolling_32,price_query,20000,0,0,0,0,0,0
alloc,0,adaptive,rolling_32,near_range8,20000,0,0,0,0,0,0
alloc,0,adaptive,rolling_32,index_submit,20000,0,0,0,0,1,2048
alloc,0,adaptive,rolling_32,index_ack,20000,0,0,0,0,0,0
alloc,0,adaptive,rolling_32,cross_page_submit_subset,305,0,0,0,0,0,0
alloc,0,adaptive,outliers_32,price_query,20000,0,0,0,0,0,0
alloc,0,adaptive,outliers_32,near_range8,20000,0,0,0,0,0,0
alloc,0,adaptive,outliers_32,index_submit,20000,0,0,0,0,1,6144
alloc,0,adaptive,outliers_32,index_ack,20000,0,0,0,0,0,0
alloc,0,adaptive,outliers_32,cross_page_submit_subset,305,0,0,0,0,0,0
alloc,0,adaptive,outliers_32,far_query,20000,0,0,0,0,0,0
alloc,0,adaptive,boundary_32,price_query,20000,0,0,0,0,0,0
alloc,0,adaptive,boundary_32,near_range8,20000,0,0,0,0,0,0
alloc,0,adaptive,boundary_32,index_submit,20000,0,0,0,0,1,2048
alloc,0,adaptive,boundary_32,index_ack,20000,0,0,0,0,0,0
alloc,0,adaptive,boundary_32,cross_page_submit_subset,625,0,0,0,0,0,0
alloc,0,adaptive,jump_32,price_query,20000,0,0,0,0,0,0
alloc,0,adaptive,jump_32,near_range8,20000,0,0,0,0,0,0
alloc,0,adaptive,jump_32,index_submit,20000,0,0,0,0,1,2048
alloc,0,adaptive,jump_32,index_ack,20000,0,0,0,0,0,0
alloc,0,adaptive,jump_32,cross_page_submit_subset,2652,0,0,0,0,0,0
alloc,0,adaptive,jump_32,jump_submit_subset,2496,0,0,0,0,0,0
alloc,0,adaptive,rolling_128,price_query,20000,0,0,0,0,0,0
alloc,0,adaptive,rolling_128,near_range8,20000,0,0,0,0,0,0
alloc,0,adaptive,rolling_128,index_submit,20000,0,0,0,0,4,27136
alloc,0,adaptive,rolling_128,index_ack,20000,0,0,0,0,0,0
alloc,0,adaptive,rolling_128,cross_page_submit_subset,312,0,0,0,0,0,0
alloc,0,adaptive,outliers_128,price_query,20000,0,0,0,0,0,0
alloc,0,adaptive,outliers_128,near_range8,20000,0,0,0,0,0,0
alloc,0,adaptive,outliers_128,index_submit,20000,0,0,0,0,3,12416
alloc,0,adaptive,outliers_128,index_ack,20000,0,0,0,0,0,0
alloc,0,adaptive,outliers_128,cross_page_submit_subset,312,0,0,0,0,0,0
alloc,0,adaptive,outliers_128,far_query,20000,0,0,0,0,0,0
alloc,0,adaptive,boundary_128,price_query,20000,0,0,0,0,0,0
alloc,0,adaptive,boundary_128,near_range8,20000,0,0,0,0,0,0
alloc,0,adaptive,boundary_128,index_submit,20000,0,0,0,0,4,27136
alloc,0,adaptive,boundary_128,index_ack,20000,0,0,0,0,0,0
alloc,0,adaptive,boundary_128,cross_page_submit_subset,313,0,0,0,0,0,0
alloc,0,adaptive,jump_128,price_query,20000,0,0,0,0,0,0
alloc,0,adaptive,jump_128,near_range8,20000,0,0,0,0,0,0
alloc,0,adaptive,jump_128,index_submit,20000,0,0,0,0,5,33792
alloc,0,adaptive,jump_128,index_ack,20000,0,0,0,0,0,0
alloc,0,adaptive,jump_128,cross_page_submit_subset,2704,0,0,0,0,1,6656
alloc,0,adaptive,jump_128,jump_submit_subset,2432,0,0,0,0,1,6656
alloc,0,adaptive,4096books_4near_2far,price_query,20000,0,0,0,0,0,0
alloc,0,adaptive,new_book_growth,index_insert,20000,0,0,0,0,20977,13279004
alloc,0,adaptive,engine_cancel_rehang_4near,cancel_to_command,20000,0,0,0,0,12,3734832
alloc,0,adaptive,engine_cancel_rehang_4near,new_to_command,20000,0,0,0,0,331,6766256
alloc,0,adaptive,engine_cancel_rehang_4near,accepted_report,20000,0,0,0,0,0,0
alloc,0,adaptive,engine_cancel_rehang_4near,canceled_report,20000,0,0,0,0,0,0
alloc,0,adaptive,engine_rolling_4_2far,price_query,20000,0,0,0,0,0,0
alloc,0,adaptive,engine_rolling_4_2far,intent_to_command,20000,0,0,0,0,0,0
alloc,0,adaptive,engine_rolling_4_2far,intent_queued,20000,0,0,0,0,1,104
alloc,0,adaptive,engine_rolling_4_2far,replace_report,20000,0,0,0,0,0,0
alloc,0,adaptive,engine_rolling_4_2far,ready_to_command,20000,0,0,0,0,0,0
alloc,0,adaptive,engine_jump_4_2far,price_query,20000,0,0,0,0,0,0
alloc,0,adaptive,engine_jump_4_2far,intent_to_command,20000,0,0,0,0,0,0
alloc,0,adaptive,engine_jump_4_2far,intent_queued,20000,0,0,0,0,1,104
alloc,0,adaptive,engine_jump_4_2far,replace_report,20000,0,0,0,0,0,0
alloc,0,adaptive,engine_jump_4_2far,ready_to_command,20000,0,0,0,0,0,0
alloc,0,adaptive,engine_jump_4_2far,jump_intent_subset,2496,0,0,0,0,0,0
alloc,0,adaptive,engine_rolling_32_2far,price_query,20000,0,0,0,0,0,0
alloc,0,adaptive,engine_rolling_32_2far,intent_to_command,20000,0,0,0,0,0,0
alloc,0,adaptive,engine_rolling_32_2far,intent_queued,20000,0,0,0,0,1,104
alloc,0,adaptive,engine_rolling_32_2far,replace_report,20000,0,0,0,0,0,0
alloc,0,adaptive,engine_rolling_32_2far,ready_to_command,20000,0,0,0,0,0,0
alloc,0,adaptive,engine_jump_32_2far,price_query,20000,0,0,0,0,0,0
alloc,0,adaptive,engine_jump_32_2far,intent_to_command,20000,0,0,0,0,0,0
alloc,0,adaptive,engine_jump_32_2far,intent_queued,20000,0,0,0,0,1,104
alloc,0,adaptive,engine_jump_32_2far,replace_report,20000,0,0,0,0,0,0
alloc,0,adaptive,engine_jump_32_2far,ready_to_command,20000,0,0,0,0,0,0
alloc,0,adaptive,engine_jump_32_2far,jump_intent_subset,2496,0,0,0,0,0,0
memory,0,adaptive,1books_4near_0far,resident_index_bytes,1,0,0,0,0,8,21380
capacity,0,adaptive,1books_4near_0far,pages_and_blocks,1,0,0,0,0,0,0
memory,0,adaptive,1books_4near_2far,resident_index_bytes,1,0,0,0,0,9,21508
capacity,0,adaptive,1books_4near_2far,pages_and_blocks,1,0,0,0,0,0,0
memory,0,adaptive,1books_32near_0far,resident_index_bytes,1,0,0,0,0,11,22276
capacity,0,adaptive,1books_32near_0far,pages_and_blocks,1,0,0,0,0,0,0
memory,0,adaptive,1books_32near_2far,resident_index_bytes,1,0,0,0,0,12,23300
capacity,0,adaptive,1books_32near_2far,pages_and_blocks,1,0,0,0,0,0,0
memory,0,adaptive,1books_128near_0far,resident_index_bytes,1,0,0,0,0,15,38148
capacity,0,adaptive,1books_128near_0far,pages_and_blocks,1,0,0,0,0,0,0
memory,0,adaptive,1books_128near_2far,resident_index_bytes,1,0,0,0,0,18,55044
capacity,0,adaptive,1books_128near_2far,pages_and_blocks,1,0,0,0,0,0,0
memory,0,adaptive,128books_4near_0far,resident_index_bytes,1,0,0,0,0,158,151424
capacity,0,adaptive,128books_4near_0far,pages_and_blocks,1,0,0,0,0,0,0
memory,0,adaptive,128books_4near_2far,resident_index_bytes,1,0,0,0,0,296,219264
capacity,0,adaptive,128books_4near_2far,pages_and_blocks,1,0,0,0,0,0,0
memory,0,adaptive,128books_32near_0far,resident_index_bytes,1,0,0,0,0,660,984704
capacity,0,adaptive,128books_32near_0far,pages_and_blocks,1,0,0,0,0,0,0
memory,0,adaptive,128books_32near_2far,resident_index_bytes,1,0,0,0,0,798,1169024
capacity,0,adaptive,128books_32near_2far,pages_and_blocks,1,0,0,0,0,0,0
memory,0,adaptive,128books_128near_0far,resident_index_bytes,1,0,0,0,0,1304,3841664
capacity,0,adaptive,128books_128near_0far,pages_and_blocks,1,0,0,0,0,0,0
memory,0,adaptive,128books_128near_2far,resident_index_bytes,1,0,0,0,0,1442,4425344
capacity,0,adaptive,128books_128near_2far,pages_and_blocks,1,0,0,0,0,0,0
alloc,0,window,rolling_4,price_query,20000,0,0,0,0,0,0
alloc,0,window,rolling_4,near_range8,20000,0,0,0,0,0,0
alloc,0,window,rolling_4,index_submit,20000,0,0,0,0,0,0
alloc,0,window,rolling_4,index_ack,20000,0,0,0,0,0,0
alloc,0,window,rolling_4,cross_page_submit_subset,314,0,0,0,0,0,0
alloc,0,window,outliers_4,price_query,20000,0,0,0,0,0,0
alloc,0,window,outliers_4,near_range8,20000,0,0,0,0,0,0
alloc,0,window,outliers_4,index_submit,20000,0,0,0,0,0,0
alloc,0,window,outliers_4,index_ack,20000,0,0,0,0,0,0
alloc,0,window,outliers_4,cross_page_submit_subset,314,0,0,0,0,0,0
alloc,0,window,outliers_4,far_query,20000,0,0,0,0,0,0
alloc,0,window,boundary_4,price_query,20000,0,0,0,0,0,0
alloc,0,window,boundary_4,near_range8,20000,0,0,0,0,0,0
alloc,0,window,boundary_4,index_submit,20000,0,0,0,0,0,0
alloc,0,window,boundary_4,index_ack,20000,0,0,0,0,0,0
alloc,0,window,boundary_4,cross_page_submit_subset,5000,0,0,0,0,0,0
alloc,0,window,jump_4,price_query,20000,0,0,0,0,0,0
alloc,0,window,jump_4,near_range8,20000,0,0,0,0,0,0
alloc,0,window,jump_4,index_submit,20000,0,0,0,0,1,512
alloc,0,window,jump_4,index_ack,20000,0,0,0,0,0,0
alloc,0,window,jump_4,cross_page_submit_subset,3746,0,0,0,0,1,512
alloc,0,window,jump_4,jump_submit_subset,2496,0,0,0,0,1,512
alloc,0,window,rolling_32,price_query,20000,0,0,0,0,0,0
alloc,0,window,rolling_32,near_range8,20000,0,0,0,0,0,0
alloc,0,window,rolling_32,index_submit,20000,0,0,0,0,0,0
alloc,0,window,rolling_32,index_ack,20000,0,0,0,0,0,0
alloc,0,window,rolling_32,cross_page_submit_subset,305,0,0,0,0,0,0
alloc,0,window,outliers_32,price_query,20000,0,0,0,0,0,0
alloc,0,window,outliers_32,near_range8,20000,0,0,0,0,0,0
alloc,0,window,outliers_32,index_submit,20000,0,0,0,0,1,6144
alloc,0,window,outliers_32,index_ack,20000,0,0,0,0,0,0
alloc,0,window,outliers_32,cross_page_submit_subset,305,0,0,0,0,0,0
alloc,0,window,outliers_32,far_query,20000,0,0,0,0,0,0
alloc,0,window,boundary_32,price_query,20000,0,0,0,0,0,0
alloc,0,window,boundary_32,near_range8,20000,0,0,0,0,0,0
alloc,0,window,boundary_32,index_submit,20000,0,0,0,0,0,0
alloc,0,window,boundary_32,index_ack,20000,0,0,0,0,0,0
alloc,0,window,boundary_32,cross_page_submit_subset,625,0,0,0,0,0,0
alloc,0,window,jump_32,price_query,20000,0,0,0,0,0,0
alloc,0,window,jump_32,near_range8,20000,0,0,0,0,0,0
alloc,0,window,jump_32,index_submit,20000,0,0,0,0,2,3072
alloc,0,window,jump_32,index_ack,20000,0,0,0,0,0,0
alloc,0,window,jump_32,cross_page_submit_subset,2652,0,0,0,0,2,3072
alloc,0,window,jump_32,jump_submit_subset,2496,0,0,0,0,2,3072
alloc,0,window,rolling_128,price_query,20000,0,0,0,0,0,0
alloc,0,window,rolling_128,near_range8,20000,0,0,0,0,0,0
alloc,0,window,rolling_128,index_submit,20000,0,0,0,0,5,22016
alloc,0,window,rolling_128,index_ack,20000,0,0,0,0,0,0
alloc,0,window,rolling_128,cross_page_submit_subset,312,0,0,0,0,0,0
alloc,0,window,outliers_128,price_query,20000,0,0,0,0,0,0
alloc,0,window,outliers_128,near_range8,20000,0,0,0,0,0,0
alloc,0,window,outliers_128,index_submit,20000,0,0,0,0,5,15488
alloc,0,window,outliers_128,index_ack,20000,0,0,0,0,0,0
alloc,0,window,outliers_128,cross_page_submit_subset,312,0,0,0,0,0,0
alloc,0,window,outliers_128,far_query,20000,0,0,0,0,0,0
alloc,0,window,boundary_128,price_query,20000,0,0,0,0,0,0
alloc,0,window,boundary_128,near_range8,20000,0,0,0,0,0,0
alloc,0,window,boundary_128,index_submit,20000,0,0,0,0,6,26112
alloc,0,window,boundary_128,index_ack,20000,0,0,0,0,0,0
alloc,0,window,boundary_128,cross_page_submit_subset,313,0,0,0,0,0,0
alloc,0,window,jump_128,price_query,20000,0,0,0,0,0,0
alloc,0,window,jump_128,near_range8,20000,0,0,0,0,0,0
alloc,0,window,jump_128,index_submit,20000,0,0,0,0,8,40960
alloc,0,window,jump_128,index_ack,20000,0,0,0,0,0,0
alloc,0,window,jump_128,cross_page_submit_subset,2704,0,0,0,0,5,22016
alloc,0,window,jump_128,jump_submit_subset,2432,0,0,0,0,5,22016
alloc,0,window,4096books_4near_2far,price_query,20000,0,0,0,0,0,0
alloc,0,window,new_book_growth,index_insert,20000,0,0,0,0,20977,15839004
alloc,0,window,engine_cancel_rehang_4near,cancel_to_command,20000,0,0,0,0,12,3734832
alloc,0,window,engine_cancel_rehang_4near,new_to_command,20000,0,0,0,0,331,6766256
alloc,0,window,engine_cancel_rehang_4near,accepted_report,20000,0,0,0,0,0,0
alloc,0,window,engine_cancel_rehang_4near,canceled_report,20000,0,0,0,0,0,0
alloc,0,window,engine_rolling_4_2far,price_query,20000,0,0,0,0,0,0
alloc,0,window,engine_rolling_4_2far,intent_to_command,20000,0,0,0,0,0,0
alloc,0,window,engine_rolling_4_2far,intent_queued,20000,0,0,0,0,1,104
alloc,0,window,engine_rolling_4_2far,replace_report,20000,0,0,0,0,0,0
alloc,0,window,engine_rolling_4_2far,ready_to_command,20000,0,0,0,0,0,0
alloc,0,window,engine_jump_4_2far,price_query,20000,0,0,0,0,0,0
alloc,0,window,engine_jump_4_2far,intent_to_command,20000,0,0,0,0,0,0
alloc,0,window,engine_jump_4_2far,intent_queued,20000,0,0,0,0,1,104
alloc,0,window,engine_jump_4_2far,replace_report,20000,0,0,0,0,0,0
alloc,0,window,engine_jump_4_2far,ready_to_command,20000,0,0,0,0,0,0
alloc,0,window,engine_jump_4_2far,jump_intent_subset,2496,0,0,0,0,0,0
alloc,0,window,engine_rolling_32_2far,price_query,20000,0,0,0,0,0,0
alloc,0,window,engine_rolling_32_2far,intent_to_command,20000,0,0,0,0,0,0
alloc,0,window,engine_rolling_32_2far,intent_queued,20000,0,0,0,0,1,104
alloc,0,window,engine_rolling_32_2far,replace_report,20000,0,0,0,0,0,0
alloc,0,window,engine_rolling_32_2far,ready_to_command,20000,0,0,0,0,0,0
alloc,0,window,engine_jump_32_2far,price_query,20000,0,0,0,0,0,0
alloc,0,window,engine_jump_32_2far,intent_to_command,20000,0,0,0,0,0,0
alloc,0,window,engine_jump_32_2far,intent_queued,20000,0,0,0,0,1,104
alloc,0,window,engine_jump_32_2far,replace_report,20000,0,0,0,0,0,0
alloc,0,window,engine_jump_32_2far,ready_to_command,20000,0,0,0,0,2,3072
alloc,0,window,engine_jump_32_2far,jump_intent_subset,2496,0,0,0,0,0,0
memory,0,window,1books_4near_0far,resident_index_bytes,1,0,0,0,0,8,21508
capacity,0,window,1books_4near_0far,pages_and_blocks,1,0,0,0,0,0,0
memory,0,window,1books_4near_2far,resident_index_bytes,1,0,0,0,0,8,21508
capacity,0,window,1books_4near_2far,pages_and_blocks,1,0,0,0,0,0,0
memory,0,window,1books_32near_0far,resident_index_bytes,1,0,0,0,0,10,23860
capacity,0,window,1books_32near_0far,pages_and_blocks,1,0,0,0,0,0,0
memory,0,window,1books_32near_2far,resident_index_bytes,1,0,0,0,0,10,23860
capacity,0,window,1books_32near_2far,pages_and_blocks,1,0,0,0,0,0,0
memory,0,window,1books_128near_0far,resident_index_bytes,1,0,0,0,0,12,36660
capacity,0,window,1books_128near_0far,pages_and_blocks,1,0,0,0,0,0,0
memory,0,window,1books_128near_2far,resident_index_bytes,1,0,0,0,0,14,49460
capacity,0,window,1books_128near_2far,pages_and_blocks,1,0,0,0,0,0,0
memory,0,window,128books_4near_0far,resident_index_bytes,1,0,0,0,0,158,167808
capacity,0,window,128books_4near_0far,pages_and_blocks,1,0,0,0,0,0,0
memory,0,window,128books_4near_2far,resident_index_bytes,1,0,0,0,0,168,219264
capacity,0,window,128books_4near_2far,pages_and_blocks,1,0,0,0,0,0,0
memory,0,window,128books_32near_0far,resident_index_bytes,1,0,0,0,0,532,1187456
capacity,0,window,128books_32near_0far,pages_and_blocks,1,0,0,0,0,0,0
memory,0,window,128books_32near_2far,resident_index_bytes,1,0,0,0,0,542,1240704
capacity,0,window,128books_32near_2far,pages_and_blocks,1,0,0,0,0,0,0
memory,0,window,128books_128near_0far,resident_index_bytes,1,0,0,0,0,920,3651200
capacity,0,window,128books_128near_0far,pages_and_blocks,1,0,0,0,0,0,0
memory,0,window,128books_128near_2far,resident_index_bytes,1,0,0,0,0,930,3710592
capacity,0,window,128books_128near_2far,pages_and_blocks,1,0,0,0,0,0,0
time,0,timer,baseline,timer,20000,19,20,20,38030,0,0
