pass,round,backend,scenario,metric,n,p50_ns,p99_ns,p999_ns,max_ns,allocations,allocated_bytes
time,0,standard,rolling_4,price_query,20000,32,52,70,27981,0,0
time,0,standard,rolling_4,near_range8,20000,48,89,160,16841,0,0
time,0,standard,rolling_4,index_submit,20000,81,141,237,50280,0,0
time,0,standard,rolling_4,index_ack,20000,75,144,273,1945,0,0
time,0,standard,rolling_4,cross_page_submit_subset,314,82,128,146,185,0,0
time,0,standard,outliers_4,price_query,20000,33,56,80,18068,0,0
time,0,standard,outliers_4,near_range8,20000,50,101,190,29317,0,0
time,0,standard,outliers_4,index_submit,20000,84,159,224,17360,0,0
time,0,standard,outliers_4,index_ack,20000,80,161,324,48584,0,0
time,0,standard,outliers_4,cross_page_submit_subset,314,84,153,197,210,0,0
time,0,standard,outliers_4,far_query,20000,34,57,80,16803,0,0
time,0,standard,boundary_4,price_query,20000,31,59,80,3878,0,0
time,0,standard,boundary_4,near_range8,20000,50,111,197,23956,0,0
time,0,standard,boundary_4,index_submit,20000,82,172,242,35765,0,0
time,0,standard,boundary_4,index_ack,20000,95,220,339,29507,0,0
time,0,standard,boundary_4,cross_page_submit_subset,5000,80,160,234,337,0,0
time,0,standard,jump_4,price_query,20000,32,58,78,17227,0,0
time,0,standard,jump_4,near_range8,20000,49,100,193,22289,0,0
time,0,standard,jump_4,index_submit,20000,85,165,238,27810,0,0
time,0,standard,jump_4,index_ack,20000,79,199,365,31543,0,0
time,0,standard,jump_4,cross_page_submit_subset,3746,99,182,259,17294,0,0
time,0,standard,jump_4,jump_submit_subset,2496,105,187,259,17294,0,0
time,0,standard,rolling_32,price_query,20000,35,64,92,13203,0,0
time,0,standard,rolling_32,near_range8,20000,75,146,253,35884,0,0
time,0,standard,rolling_32,index_submit,20000,91,166,252,20788,0,0
time,0,standard,rolling_32,index_ack,20000,70,152,352,24871,0,0
time,0,standard,rolling_32,cross_page_submit_subset,305,90,173,180,192,0,0
time,0,standard,outliers_32,price_query,20000,34,62,83,929,0,0
time,0,standard,outliers_32,near_range8,20000,73,145,270,24638,0,0
time,0,standard,outliers_32,index_submit,20000,100,175,287,39276,0,0
time,0,standard,outliers_32,index_ack,20000,70,169,412,5327,0,0
time,0,standard,outliers_32,cross_page_submit_subset,305,101,164,247,287,0,0
time,0,standard,outliers_32,far_query,20000,40,67,90,3560,0,0
time,0,standard,boundary_32,price_query,20000,34,55,75,5147,0,0
time,0,standard,boundary_32,near_range8,20000,72,120,194,17608,0,0
time,0,standard,boundary_32,index_submit,20000,88,157,245,18045,0,0
time,0,standard,boundary_32,index_ack,20000,94,196,354,18981,0,0
time,0,standard,boundary_32,cross_page_submit_subset,625,87,130,154,162,0,0
time,0,standard,jump_32,price_query,20000,35,60,82,18488,0,0
time,0,standard,jump_32,near_range8,20000,75,113,198,29974,0,0
time,0,standard,jump_32,index_submit,20000,93,170,242,29823,0,0
time,0,standard,jump_32,index_ack,20000,70,225,371,18343,0,0
time,0,standard,jump_32,cross_page_submit_subset,2652,125,227,454,18315,0,0
time,0,standard,jump_32,jump_submit_subset,2496,126,233,454,18315,0,0
time,0,standard,rolling_128,price_query,20000,44,81,115,16862,0,0
time,0,standard,rolling_128,near_range8,20000,84,178,325,30074,0,0
time,0,standard,rolling_128,index_submit,20000,109,196,303,31252,0,0
time,0,standard,rolling_128,index_ack,20000,74,152,355,4732,0,0
time,0,standard,rolling_128,cross_page_submit_subset,312,107,182,223,233,0,0
time,0,standard,outliers_128,price_query,20000,43,82,110,18189,0,0
time,0,standard,outliers_128,near_range8,20000,79,177,323,23654,0,0
time,0,standard,outliers_128,index_submit,20000,107,199,380,30633,0,0
time,0,standard,outliers_128,index_ack,20000,75,160,482,31020,0,0
time,0,standard,outliers_128,cross_page_submit_subset,312,107,201,210,210,0,0
time,0,standard,outliers_128,far_query,20000,46,95,120,30888,0,0
time,0,standard,boundary_128,price_query,20000,41,72,98,10375,0,0
time,0,standard,boundary_128,near_range8,20000,81,165,292,3682,0,0
time,0,standard,boundary_128,index_submit,20000,99,176,294,18320,0,0
time,0,standard,boundary_128,index_ack,20000,103,273,431,23707,0,0
time,0,standard,boundary_128,cross_page_submit_subset,313,99,179,214,245,0,0
time,0,standard,jump_128,price_query,20000,46,90,131,47745,0,0
time,0,standard,jump_128,near_range8,20000,81,184,350,32708,0,0
time,0,standard,jump_128,index_submit,20000,115,268,579,29783,0,0
time,0,standard,jump_128,index_ack,20000,75,370,718,633983,0,0
time,0,standard,jump_128,cross_page_submit_subset,2704,168,396,1371,3956,0,0
time,0,standard,jump_128,jump_submit_subset,2432,170,399,1371,3956,0,0
time,0,standard,4096books_4near_2far,price_query,20000,180,702,1277,46183,0,0
time,0,standard,new_book_growth,index_insert,20000,300,7732,31083,1363516,0,0
time,0,standard,engine_cancel_rehang_4near,cancel_to_command,20000,936,3600,26655,1019031,0,0
time,0,standard,engine_cancel_rehang_4near,new_to_command,20000,1126,4890,30332,349412,0,0
time,0,standard,engine_cancel_rehang_4near,accepted_report,20000,677,3472,20513,66667,0,0
time,0,standard,engine_cancel_rehang_4near,canceled_report,20000,700,3971,24345,87884,0,0
time,0,standard,engine_rolling_4_2far,price_query,20000,34,91,178,20376,0,0
time,0,standard,engine_rolling_4_2far,intent_to_command,20000,1028,3380,25122,121538,0,0
time,0,standard,engine_rolling_4_2far,intent_queued,20000,528,2370,20477,112807,0,0
time,0,standard,engine_rolling_4_2far,replace_report,20000,762,4269,25474,446366,0,0
time,0,standard,engine_rolling_4_2far,ready_to_command,20000,900,2910,27118,697492,0,0
time,0,standard,engine_jump_4_2far,price_query,20000,34,74,170,21816,0,0
time,0,standard,engine_jump_4_2far,intent_to_command,20000,1020,1890,21312,82536,0,0
time,0,standard,engine_jump_4_2far,intent_queued,20000,510,1036,19050,802403,0,0
time,0,standard,engine_jump_4_2far,replace_report,20000,705,3657,8109,60151,0,0
time,0,standard,engine_jump_4_2far,ready_to_command,20000,902,1729,20370,49299,0,0
time,0,standard,engine_jump_4_2far,jump_intent_subset,2496,1036,1791,5420,32286,0,0
time,0,standard,engine_rolling_32_2far,price_query,20000,57,95,160,29384,0,0
time,0,standard,engine_rolling_32_2far,intent_to_command,20000,1013,3017,21184,49272,0,0
time,0,standard,engine_rolling_32_2far,intent_queued,20000,498,2336,6464,43435,0,0
time,0,standard,engine_rolling_32_2far,replace_report,20000,644,3757,8219,76185,0,0
time,0,standard,engine_rolling_32_2far,ready_to_command,20000,896,2631,20276,32055,0,0
time,0,standard,engine_jump_32_2far,price_query,20000,57,103,200,34138,0,0
time,0,standard,engine_jump_32_2far,intent_to_command,20000,1036,2056,24801,2115532,0,0
time,0,standard,engine_jump_32_2far,intent_queued,20000,516,1048,4593,152617,0,0
time,0,standard,engine_jump_32_2far,replace_report,20000,701,3580,23899,838219,0,0
time,0,standard,engine_jump_32_2far,ready_to_command,20000,918,1779,24639,181150,0,0
time,0,standard,engine_jump_32_2far,jump_intent_subset,2496,1038,2023,23447,28931,0,0
time,0,pages,rolling_4,price_query,20000,36,57,143,16902,0,0
time,0,pages,rolling_4,near_range8,20000,62,187,366,18415,0,0
time,0,pages,rolling_4,index_submit,20000,90,163,258,20172,0,0
time,0,pages,rolling_4,index_ack,20000,81,160,277,35457,0,0
time,0,pages,rolling_4,cross_page_submit_subset,314,90,270,342,344,0,0
time,0,pages,rolling_4,page_creation_subset,78,161,342,342,344,0,0
time,0,pages,outliers_4,price_query,20000,36,55,104,305,0,0
time,0,pages,outliers_4,near_range8,20000,62,150,313,41442,0,0
time,0,pages,outliers_4,index_submit,20000,88,167,254,21701,0,0
time,0,pages,outliers_4,index_ack,20000,80,152,262,38577,0,0
time,0,pages,outliers_4,cross_page_submit_subset,314,94,271,303,338,0,0
time,0,pages,outliers_4,page_creation_subset,78,183,303,303,338,0,0
time,0,pages,outliers_4,far_query,20000,36,54,118,17220,0,0
time,0,pages,boundary_4,price_query,20000,36,50,86,21484,0,0
time,0,pages,boundary_4,near_range8,20000,65,148,360,25282,0,0
time,0,pages,boundary_4,index_submit,20000,86,135,277,34857,0,0
time,0,pages,boundary_4,index_ack,20000,94,151,355,21392,0,0
time,0,pages,boundary_4,cross_page_submit_subset,5000,85,123,218,21212,0,0
time,0,pages,jump_4,price_query,20000,36,57,113,20677,0,0
time,0,pages,jump_4,near_range8,20000,62,156,306,45575,0,0
time,0,pages,jump_4,index_submit,20000,92,184,315,38295,0,0
time,0,pages,jump_4,index_ack,20000,83,189,329,17947,0,0
time,0,pages,jump_4,cross_page_submit_subset,3746,97,245,362,1041,0,0
time,0,pages,jump_4,page_creation_subset,1248,148,285,397,574,0,0
time,0,pages,jump_4,jump_submit_subset,2496,129,264,397,1041,0,0
time,0,pages,rolling_32,price_query,20000,36,56,92,370862,0,0
time,0,pages,rolling_32,near_range8,20000,72,143,270,22385,0,0
time,0,pages,rolling_32,index_submit,20000,87,162,300,30825,0,0
time,0,pages,rolling_32,index_ack,20000,71,134,276,929273,0,0
time,0,pages,rolling_32,cross_page_submit_subset,305,97,246,295,523,0,0
time,0,pages,rolling_32,page_creation_subset,10,244,295,295,523,0,0
time,0,pages,outliers_32,price_query,20000,36,59,93,28856,0,0
time,0,pages,outliers_32,near_range8,20000,72,146,298,21069,0,0
time,0,pages,outliers_32,index_submit,20000,89,168,291,27173,0,0
time,0,pages,outliers_32,index_ack,20000,70,145,284,20820,0,0
time,0,pages,outliers_32,cross_page_submit_subset,305,99,279,291,369,0,0
time,0,pages,outliers_32,page_creation_subset,10,271,291,291,369,0,0
time,0,pages,outliers_32,far_query,20000,36,59,77,3780,0,0
time,0,pages,boundary_32,price_query,20000,36,53,73,168,0,0
time,0,pages,boundary_32,near_range8,20000,73,133,269,22719,0,0
time,0,pages,boundary_32,index_submit,20000,88,141,223,24880,0,0
time,0,pages,boundary_32,index_ack,20000,87,150,274,26273,0,0
time,0,pages,boundary_32,cross_page_submit_subset,625,92,144,226,24880,0,0
time,0,pages,jump_32,price_query,20000,36,55,91,17710,0,0
time,0,pages,jump_32,near_range8,20000,72,138,294,946400,0,0
time,0,pages,jump_32,index_submit,20000,88,171,355,634494,0,0
time,0,pages,jump_32,index_ack,20000,71,166,316,3641,0,0
time,0,pages,jump_32,cross_page_submit_subset,2652,96,243,1030,32198,0,0
time,0,pages,jump_32,page_creation_subset,156,167,434,522,1037,0,0
time,0,pages,jump_32,jump_submit_subset,2496,96,244,522,32198,0,0
time,0,pages,rolling_128,price_query,20000,36,54,73,28894,0,0
time,0,pages,rolling_128,near_range8,20000,73,125,256,10716,0,0
time,0,pages,rolling_128,index_submit,20000,87,147,289,20993,0,0
time,0,pages,rolling_128,index_ack,20000,74,122,254,17374,0,0
time,0,pages,rolling_128,cross_page_submit_subset,312,98,160,352,578,0,0
time,0,pages,rolling_128,page_creation_subset,3,352,352,352,578,0,0
time,0,pages,outliers_128,price_query,20000,36,50,61,4309,0,0
time,0,pages,outliers_128,near_range8,20000,72,106,251,16974,0,0
time,0,pages,outliers_128,index_submit,20000,89,121,264,25832,0,0
time,0,pages,outliers_128,index_ack,20000,73,112,273,23269,0,0
time,0,pages,outliers_128,cross_page_submit_subset,312,101,156,341,355,0,0
time,0,pages,outliers_128,page_creation_subset,3,341,341,341,355,0,0
time,0,pages,outliers_128,far_query,20000,37,50,67,22501,0,0
time,0,pages,boundary_128,price_query,20000,38,126,223,1005,0,0
time,0,pages,boundary_128,near_range8,20000,78,229,647,402032,0,0
time,0,pages,boundary_128,index_submit,20000,94,200,500,177365,0,0
time,0,pages,boundary_128,index_ack,20000,91,235,673,62164,0,0
time,0,pages,boundary_128,cross_page_submit_subset,313,106,200,405,500,0,0
time,0,pages,jump_128,price_query,20000,36,60,110,21258,0,0
time,0,pages,jump_128,near_range8,20000,73,177,334,4021,0,0
time,0,pages,jump_128,index_submit,20000,89,179,339,116266,0,0
time,0,pages,jump_128,index_ack,20000,75,185,325,111725,0,0
time,0,pages,jump_128,cross_page_submit_subset,2704,100,244,754,4276,0,0
time,0,pages,jump_128,page_creation_subset,77,196,754,754,4276,0,0
time,0,pages,jump_128,jump_submit_subset,2432,99,240,754,4276,0,0
time,0,pages,4096books_4near_2far,price_query,20000,337,1206,6139,55690,0,0
time,0,pages,new_book_growth,index_insert,20000,406,5157,48694,1507397,0,0
time,0,pages,new_book_growth,page_block_growth_subset,313,5299,135878,440877,1507397,0,0
time,0,pages,engine_cancel_rehang_4near,cancel_to_command,20000,1266,6052,40984,1063857,0,0
time,0,pages,engine_cancel_rehang_4near,new_to_command,20000,1561,8221,38103,271374,0,0
time,0,pages,engine_cancel_rehang_4near,accepted_report,20000,1020,4144,36469,1157318,0,0
time,0,pages,engine_cancel_rehang_4near,canceled_report,20000,1070,5808,36255,112519,0,0
time,0,pages,engine_rolling_4_2far,price_query,20000,40,108,238,22278,0,0
time,0,pages,engine_rolling_4_2far,intent_to_command,20000,1032,4409,30512,151596,0,0
time,0,pages,engine_rolling_4_2far,intent_queued,20000,531,3260,20716,42365,0,0
time,0,pages,engine_rolling_4_2far,replace_report,20000,757,5636,22268,304938,0,0
time,0,pages,engine_rolling_4_2far,ready_to_command,20000,891,3168,26919,758225,0,0
time,0,pages,engine_jump_4_2far,price_query,20000,41,114,236,39442,0,0
time,0,pages,engine_jump_4_2far,intent_to_command,20000,1175,4532,37023,2231083,0,0
time,0,pages,engine_jump_4_2far,intent_queued,20000,656,3477,33367,796535,0,0
time,0,pages,engine_jump_4_2far,replace_report,20000,1006,4662,33088,2133517,0,0
time,0,pages,engine_jump_4_2far,ready_to_command,20000,915,4212,37008,783562,0,0
time,0,pages,engine_jump_4_2far,jump_intent_subset,2496,1231,5264,28129,48075,0,0
time,0,pages,engine_rolling_32_2far,price_query,20000,40,101,212,34221,0,0
time,0,pages,engine_rolling_32_2far,intent_to_command,20000,1038,4431,24183,234983,0,0
time,0,pages,engine_rolling_32_2far,intent_queued,20000,537,3202,20753,87066,0,0
time,0,pages,engine_rolling_32_2far,replace_report,20000,742,5624,26715,90327,0,0
time,0,pages,engine_rolling_32_2far,ready_to_command,20000,881,2944,21449,235083,0,0
time,0,pages,engine_jump_32_2far,price_query,20000,41,100,236,26195,0,0
time,0,pages,engine_jump_32_2far,intent_to_command,20000,1034,3774,25959,64908,0,0
time,0,pages,engine_jump_32_2far,intent_queued,20000,537,2677,7989,31630,0,0
time,0,pages,engine_jump_32_2far,replace_report,20000,733,3984,24915,69501,0,0
time,0,pages,engine_jump_32_2far,ready_to_command,20000,888,3072,25029,130669,0,0
time,0,pages,engine_jump_32_2far,jump_intent_subset,2496,1037,2535,19647,44314,0,0
time,0,adaptive,rolling_4,price_query,20000,62,131,267,22555,0,0
time,0,adaptive,rolling_4,near_range8,20000,91,159,268,23732,0,0
time,0,adaptive,rolling_4,index_submit,20000,163,222,377,63872,0,0
time,0,adaptive,rolling_4,index_ack,20000,155,233,388,43048,0,0
time,0,adaptive,rolling_4,cross_page_submit_subset,314,163,219,233,334,0,0
time,0,adaptive,outliers_4,price_query,20000,62,165,424,22354,0,0
time,0,adaptive,outliers_4,near_range8,20000,91,183,952,26023,0,0
time,0,adaptive,outliers_4,index_submit,20000,162,246,1109,105525,0,0
time,0,adaptive,outliers_4,index_ack,20000,148,252,1016,63974,0,0
time,0,adaptive,outliers_4,cross_page_submit_subset,314,163,227,286,1022,0,0
time,0,adaptive,outliers_4,far_query,20000,64,151,258,46334,0,0
time,0,adaptive,boundary_4,price_query,20000,38,153,394,37017,0,0
time,0,adaptive,boundary_4,near_range8,20000,61,175,458,30252,0,0
time,0,adaptive,boundary_4,index_submit,20000,105,203,499,27181,0,0
time,0,adaptive,boundary_4,index_ack,20000,104,224,1012,48699,0,0
time,0,adaptive,boundary_4,cross_page_submit_subset,5000,101,180,978,27181,0,0
time,0,adaptive,jump_4,price_query,20000,36,67,174,36219,0,0
time,0,adaptive,jump_4,near_range8,20000,45,136,365,40453,0,0
time,0,adaptive,jump_4,index_submit,20000,85,191,302,31574,0,0
time,0,adaptive,jump_4,index_ack,20000,84,201,329,72744,0,0
time,0,adaptive,jump_4,cross_page_submit_subset,3746,99,205,273,31574,0,0
time,0,adaptive,jump_4,jump_submit_subset,2496,105,213,327,31574,0,0
time,0,adaptive,rolling_32,price_query,20000,50,64,79,19357,0,0
time,0,adaptive,rolling_32,near_range8,20000,66,127,264,22793,0,0
time,0,adaptive,rolling_32,index_submit,20000,96,156,276,16424,0,0
time,0,adaptive,rolling_32,index_ack,20000,70,124,229,18189,0,0
time,0,adaptive,rolling_32,cross_page_submit_subset,305,96,147,170,185,0,0
time,0,adaptive,outliers_32,price_query,20000,51,73,178,24339,0,0
time,0,adaptive,outliers_32,near_range8,20000,68,170,504,106444,0,0
time,0,adaptive,outliers_32,index_submit,20000,100,189,1013,39724,0,0
time,0,adaptive,outliers_32,index_ack,20000,70,159,277,20132,0,0
time,0,adaptive,outliers_32,cross_page_submit_subset,305,99,174,200,320,0,0
time,0,adaptive,outliers_32,far_query,20000,52,72,180,938,0,0
time,0,adaptive,boundary_32,price_query,20000,51,64,75,5571,0,0
time,0,adaptive,boundary_32,near_range8,20000,67,126,210,27397,0,0
time,0,adaptive,boundary_32,index_submit,20000,100,150,222,21849,0,0
time,0,adaptive,boundary_32,index_ack,20000,105,142,232,17954,0,0
time,0,adaptive,boundary_32,cross_page_submit_subset,625,102,139,152,159,0,0
time,0,adaptive,jump_32,price_query,20000,50,68,90,28733,0,0
time,0,adaptive,jump_32,near_range8,20000,66,132,254,16706,0,0
time,0,adaptive,jump_32,index_submit,20000,98,175,265,18758,0,0
time,0,adaptive,jump_32,index_ack,20000,71,189,264,24534,0,0
time,0,adaptive,jump_32,cross_page_submit_subset,2652,122,244,297,3923,0,0
time,0,adaptive,jump_32,jump_submit_subset,2496,124,244,292,337,0,0
time,0,adaptive,rolling_128,price_query,20000,56,69,79,17237,0,0
time,0,adaptive,rolling_128,near_range8,20000,72,113,187,20455,0,0
time,0,adaptive,rolling_128,index_submit,20000,103,156,205,17555,0,0
time,0,adaptive,rolling_128,index_ack,20000,74,124,187,17872,0,0
time,0,adaptive,rolling_128,cross_page_submit_subset,312,103,153,167,170,0,0
time,0,adaptive,outliers_128,price_query,20000,57,70,77,20826,0,0
time,0,adaptive,outliers_128,near_range8,20000,74,102,197,29146,0,0
time,0,adaptive,outliers_128,index_submit,20000,106,156,222,17947,0,0
time,0,adaptive,outliers_128,index_ack,20000,74,129,196,17345,0,0
time,0,adaptive,outliers_128,cross_page_submit_subset,312,106,160,177,335,0,0
time,0,adaptive,outliers_128,far_query,20000,58,66,78,17346,0,0
time,0,adaptive,boundary_128,price_query,20000,57,70,86,30947,0,0
time,0,adaptive,boundary_128,near_range8,20000,73,99,173,16959,0,0
time,0,adaptive,boundary_128,index_submit,20000,106,144,199,85267,0,0
time,0,adaptive,boundary_128,index_ack,20000,109,145,220,18215,0,0
time,0,adaptive,boundary_128,cross_page_submit_subset,313,114,154,165,172,0,0
time,0,adaptive,jump_128,price_query,20000,55,66,77,18349,0,0
time,0,adaptive,jump_128,near_range8,20000,71,103,209,16586,0,0
time,0,adaptive,jump_128,index_submit,20000,104,163,222,17595,0,0
time,0,adaptive,jump_128,index_ack,20000,74,203,286,19080,0,0
time,0,adaptive,jump_128,cross_page_submit_subset,2704,127,184,237,1336,0,0
time,0,adaptive,jump_128,jump_submit_subset,2432,130,186,237,1336,0,0
time,0,adaptive,4096books_4near_2far,price_query,20000,197,726,1147,51531,0,0
time,0,adaptive,new_book_growth,index_insert,20000,285,3057,20013,1448881,0,0
time,0,adaptive,engine_cancel_rehang_4near,cancel_to_command,20000,992,2747,29645,1072075,0,0
time,0,adaptive,engine_cancel_rehang_4near,new_to_command,20000,1210,4322,30970,2451321,0,0
time,0,adaptive,engine_cancel_rehang_4near,accepted_report,20000,783,4093,28465,273832,0,0
time,0,adaptive,engine_cancel_rehang_4near,canceled_report,20000,783,4101,24379,2092657,0,0
time,0,adaptive,engine_rolling_4_2far,price_query,20000,38,104,210,982,0,0
time,0,adaptive,engine_rolling_4_2far,intent_to_command,20000,1038,3600,26620,1840992,0,0
time,0,adaptive,engine_rolling_4_2far,intent_queued,20000,530,2713,18895,172951,0,0
time,0,adaptive,engine_rolling_4_2far,replace_report,20000,771,4308,27588,192666,0,0
time,0,adaptive,engine_rolling_4_2far,ready_to_command,20000,911,3047,22926,298230,0,0
time,0,adaptive,engine_jump_4_2far,price_query,20000,38,98,180,22452,0,0
time,0,adaptive,engine_jump_4_2far,intent_to_command,20000,1017,3059,24183,504969,0,0
time,0,adaptive,engine_jump_4_2far,intent_queued,20000,511,2456,18524,180174,0,0
time,0,adaptive,engine_jump_4_2far,replace_report,20000,710,4014,21803,137521,0,0
time,0,adaptive,engine_jump_4_2far,ready_to_command,20000,907,2782,23479,513598,0,0
time,0,adaptive,engine_jump_4_2far,jump_intent_subset,2496,1028,3498,20759,32139,0,0
time,0,adaptive,engine_rolling_32_2far,price_query,20000,54,126,362,5154,0,0
time,0,adaptive,engine_rolling_32_2far,intent_to_command,20000,1065,3973,35614,385422,0,0
time,0,adaptive,engine_rolling_32_2far,intent_queued,20000,549,2822,24744,261232,0,0
time,0,adaptive,engine_rolling_32_2far,replace_report,20000,767,4446,34157,337958,0,0
time,0,adaptive,engine_rolling_32_2far,ready_to_command,20000,903,3077,30486,1047100,0,0
time,0,adaptive,engine_jump_32_2far,price_query,20000,55,132,394,23918,0,0
time,0,adaptive,engine_jump_32_2far,intent_to_command,20000,1093,4273,31573,1343539,0,0
time,0,adaptive,engine_jump_32_2far,intent_queued,20000,576,3260,16717,132159,0,0
time,0,adaptive,engine_jump_32_2far,replace_report,20000,835,5575,34367,601022,0,0
time,0,adaptive,engine_jump_32_2far,ready_to_command,20000,917,3680,33509,195802,0,0
time,0,adaptive,engine_jump_32_2far,jump_intent_subset,2496,1087,3836,30451,214402,0,0
time,1,adaptive,rolling_4,price_query,20000,36,62,144,17515,0,0
time,1,adaptive,rolling_4,near_range8,20000,44,131,221,30911,0,0
time,1,adaptive,rolling_4,index_submit,20000,82,168,304,1451983,0,0
time,1,adaptive,rolling_4,index_ack,20000,76,161,314,250493,0,0
time,1,adaptive,rolling_4,cross_page_submit_subset,314,81,173,267,24748,0,0
time,1,adaptive,outliers_4,price_query,20000,36,66,168,389,0,0
time,1,adaptive,outliers_4,near_range8,20000,45,110,219,4568,0,0
time,1,adaptive,outliers_4,index_submit,20000,84,197,291,45982,0,0
time,1,adaptive,outliers_4,index_ack,20000,80,186,300,52778,0,0
time,1,adaptive,outliers_4,cross_page_submit_subset,314,84,198,226,278,0,0
time,1,adaptive,outliers_4,far_query,20000,36,65,102,451,0,0
time,1,adaptive,boundary_4,price_query,20000,35,62,122,18529,0,0
time,1,adaptive,boundary_4,near_range8,20000,45,142,267,26054,0,0
time,1,adaptive,boundary_4,index_submit,20000,82,169,282,104587,0,0
time,1,adaptive,boundary_4,index_ack,20000,87,188,292,77353,0,0
time,1,adaptive,boundary_4,cross_page_submit_subset,5000,81,159,282,33018,0,0
time,1,adaptive,jump_4,price_query,20000,36,68,162,30826,0,0
time,1,adaptive,jump_4,near_range8,20000,44,113,231,42549,0,0
time,1,adaptive,jump_4,index_submit,20000,83,191,311,28222,0,0
time,1,adaptive,jump_4,index_ack,20000,78,194,318,20481,0,0
time,1,adaptive,jump_4,cross_page_submit_subset,3746,99,214,353,4704,0,0
time,1,adaptive,jump_4,jump_submit_subset,2496,105,223,363,4704,0,0
time,1,adaptive,rolling_32,price_query,20000,50,64,99,22681,0,0
time,1,adaptive,rolling_32,near_range8,20000,66,114,204,355,0,0
time,1,adaptive,rolling_32,index_submit,20000,96,152,267,29723,0,0
time,1,adaptive,rolling_32,index_ack,20000,70,125,247,28893,0,0
time,1,adaptive,rolling_32,cross_page_submit_subset,305,96,132,152,166,0,0
time,1,adaptive,outliers_32,price_query,20000,51,67,92,22807,0,0
time,1,adaptive,outliers_32,near_range8,20000,67,135,266,1302398,0,0
time,1,adaptive,outliers_32,index_submit,20000,99,165,270,20959,0,0
time,1,adaptive,outliers_32,index_ack,20000,70,132,260,19507,0,0
time,1,adaptive,outliers_32,cross_page_submit_subset,305,97,149,155,194,0,0
time,1,adaptive,outliers_32,far_query,20000,51,66,94,32138,0,0
time,1,adaptive,boundary_32,price_query,20000,52,75,131,38292,0,0
time,1,adaptive,boundary_32,near_range8,20000,68,182,330,31218,0,0
time,1,adaptive,boundary_32,index_submit,20000,98,188,329,1164535,0,0
time,1,adaptive,boundary_32,index_ack,20000,104,200,316,39848,0,0
time,1,adaptive,boundary_32,cross_page_submit_subset,625,100,185,254,33484,0,0
time,1,adaptive,jump_32,price_query,20000,50,71,159,23852,0,0
time,1,adaptive,jump_32,near_range8,20000,66,165,373,35169,0,0
time,1,adaptive,jump_32,index_submit,20000,97,190,328,4400,0,0
time,1,adaptive,jump_32,index_ack,20000,71,204,400,600652,0,0
time,1,adaptive,jump_32,cross_page_submit_subset,2652,123,235,405,756,0,0
time,1,adaptive,jump_32,jump_submit_subset,2496,124,230,405,756,0,0
time,1,adaptive,rolling_128,price_query,20000,57,100,212,165588,0,0
time,1,adaptive,rolling_128,near_range8,20000,74,188,355,6920,0,0
time,1,adaptive,rolling_128,index_submit,20000,107,246,548,69078,0,0
time,1,adaptive,rolling_128,index_ack,20000,76,222,376,25709,0,0
time,1,adaptive,rolling_128,cross_page_submit_subset,312,107,209,271,277,0,0
time,1,adaptive,outliers_128,price_query,20000,58,96,203,36800,0,0
time,1,adaptive,outliers_128,near_range8,20000,75,209,502,139243,0,0
time,1,adaptive,outliers_128,index_submit,20000,108,235,1008,145439,0,0
time,1,adaptive,outliers_128,index_ack,20000,75,186,462,42625,0,0
time,1,adaptive,outliers_128,cross_page_submit_subset,312,108,199,304,340,0,0
time,1,adaptive,outliers_128,far_query,20000,59,91,230,338264,0,0
time,1,adaptive,boundary_128,price_query,20000,57,76,169,17850,0,0
time,1,adaptive,boundary_128,near_range8,20000,73,170,370,30382,0,0
time,1,adaptive,boundary_128,index_submit,20000,106,181,296,22437,0,0
time,1,adaptive,boundary_128,index_ack,20000,111,195,300,36294,0,0
time,1,adaptive,boundary_128,cross_page_submit_subset,313,112,190,210,234,0,0
time,1,adaptive,jump_128,price_query,20000,56,83,180,4909,0,0
time,1,adaptive,jump_128,near_range8,20000,72,165,476,19181,0,0
time,1,adaptive,jump_128,index_submit,20000,104,230,425,58482,0,0
time,1,adaptive,jump_128,index_ack,20000,75,265,460,17573,0,0
time,1,adaptive,jump_128,cross_page_submit_subset,2704,136,275,1137,2232,0,0
time,1,adaptive,jump_128,jump_submit_subset,2432,138,281,1137,2232,0,0
time,1,adaptive,4096books_4near_2far,price_query,20000,127,592,834,37301,0,0
time,1,adaptive,new_book_growth,index_insert,20000,220,2735,12906,1383195,0,0
time,1,adaptive,engine_cancel_rehang_4near,cancel_to_command,20000,1018,2859,35378,1354090,0,0
time,1,adaptive,engine_cancel_rehang_4near,new_to_command,20000,1254,4995,38735,2278865,0,0
time,1,adaptive,engine_cancel_rehang_4near,accepted_report,20000,830,4176,23456,545554,0,0
time,1,adaptive,engine_cancel_rehang_4near,canceled_report,20000,834,4240,28195,831219,0,0
time,1,adaptive,engine_rolling_4_2far,price_query,20000,38,103,203,405212,0,0
time,1,adaptive,engine_rolling_4_2far,intent_to_command,20000,1040,3312,26103,511848,0,0
time,1,adaptive,engine_rolling_4_2far,intent_queued,20000,530,2502,20635,1138436,0,0
time,1,adaptive,engine_rolling_4_2far,replace_report,20000,767,4183,24326,565293,0,0
time,1,adaptive,engine_rolling_4_2far,ready_to_command,20000,910,2959,28716,270896,0,0
time,1,adaptive,engine_jump_4_2far,price_query,20000,38,93,176,2371,0,0
time,1,adaptive,engine_jump_4_2far,intent_to_command,20000,1033,3279,25683,1202681,0,0
time,1,adaptive,engine_jump_4_2far,intent_queued,20000,523,2467,18675,99487,0,0
time,1,adaptive,engine_jump_4_2far,replace_report,20000,742,4112,25888,124451,0,0
time,1,adaptive,engine_jump_4_2far,ready_to_command,20000,909,2818,24665,156543,0,0
time,1,adaptive,engine_jump_4_2far,jump_intent_subset,2496,1042,4189,22382,239519,0,0
time,1,adaptive,engine_rolling_32_2far,price_query,20000,54,96,161,16409,0,0
time,1,adaptive,engine_rolling_32_2far,intent_to_command,20000,1014,3266,26437,139238,0,0
time,1,adaptive,engine_rolling_32_2far,intent_queued,20000,506,2472,19574,57718,0,0
time,1,adaptive,engine_rolling_32_2far,replace_report,20000,659,3889,19733,156265,0,0
time,1,adaptive,engine_rolling_32_2far,ready_to_command,20000,894,2715,20758,147296,0,0
time,1,adaptive,engine_jump_32_2far,price_query,20000,55,101,190,24229,0,0
time,1,adaptive,engine_jump_32_2far,intent_to_command,20000,1028,3064,22290,70637,0,0
time,1,adaptive,engine_jump_32_2far,intent_queued,20000,512,2393,5506,191515,0,0
time,1,adaptive,engine_jump_32_2far,replace_report,20000,693,3841,20291,38005,0,0
time,1,adaptive,engine_jump_32_2far,ready_to_command,20000,903,2776,25675,239156,0,0
time,1,adaptive,engine_jump_32_2far,jump_intent_subset,2496,1031,2648,9909,70637,0,0
time,1,pages,rolling_4,price_query,20000,36,59,174,524,0,0
time,1,pages,rolling_4,near_range8,20000,62,189,419,79571,0,0
time,1,pages,rolling_4,index_submit,20000,90,172,297,56805,0,0
time,1,pages,rolling_4,index_ack,20000,81,172,336,38699,0,0
time,1,pages,rolling_4,cross_page_submit_subset,314,92,394,819,3969,0,0
time,1,pages,rolling_4,page_creation_subset,78,155,499,499,819,0,0
time,1,pages,outliers_4,price_query,20000,36,52,72,92565,0,0
time,1,pages,outliers_4,near_range8,20000,62,133,225,50864,0,0
time,1,pages,outliers_4,index_submit,20000,87,159,273,757397,0,0
time,1,pages,outliers_4,index_ack,20000,81,144,260,17504,0,0
time,1,pages,outliers_4,cross_page_submit_subset,314,95,272,314,416,0,0
time,1,pages,outliers_4,page_creation_subset,78,168,314,314,416,0,0
time,1,pages,outliers_4,far_query,20000,36,51,81,23014,0,0
time,1,pages,boundary_4,price_query,20000,36,50,73,3472,0,0
time,1,pages,boundary_4,near_range8,20000,65,115,252,27781,0,0
time,1,pages,boundary_4,index_submit,20000,87,128,205,18220,0,0
time,1,pages,boundary_4,index_ack,20000,93,146,291,26582,0,0
time,1,pages,boundary_4,cross_page_submit_subset,5000,86,123,198,16726,0,0
time,1,pages,jump_4,price_query,20000,36,53,77,18491,0,0
time,1,pages,jump_4,near_range8,20000,62,125,287,18182,0,0
time,1,pages,jump_4,index_submit,20000,91,167,272,21264,0,0
time,1,pages,jump_4,index_ack,20000,83,166,320,46732,0,0
time,1,pages,jump_4,cross_page_submit_subset,3746,95,220,626,3989,0,0
time,1,pages,jump_4,page_creation_subset,1248,146,263,674,3989,0,0
time,1,pages,jump_4,jump_submit_subset,2496,126,237,626,3989,0,0
time,1,pages,rolling_32,price_query,20000,36,61,130,31596,0,0
time,1,pages,rolling_32,near_range8,20000,73,156,256,28460,0,0
time,1,pages,rolling_32,index_submit,20000,89,171,294,33216,0,0
time,1,pages,rolling_32,index_ack,20000,71,152,282,3624,0,0
time,1,pages,rolling_32,cross_page_submit_subset,305,98,354,424,470,0,0
time,1,pages,rolling_32,page_creation_subset,10,284,424,424,470,0,0
time,1,pages,outliers_32,price_query,20000,36,51,70,16709,0,0
time,1,pages,outliers_32,near_range8,20000,71,127,242,51705,0,0
time,1,pages,outliers_32,index_submit,20000,89,148,249,23877,0,0
time,1,pages,outliers_32,index_ack,20000,70,123,268,17882,0,0
time,1,pages,outliers_32,cross_page_submit_subset,305,97,266,305,553,0,0
time,1,pages,outliers_32,page_creation_subset,10,262,305,305,553,0,0
time,1,pages,outliers_32,far_query,20000,36,54,74,3606,0,0
time,1,pages,boundary_32,price_query,20000,57,102,175,32413,0,0
time,1,pages,boundary_32,near_range8,20000,142,232,362,37042,0,0
time,1,pages,boundary_32,index_submit,20000,160,215,454,165740,0,0
time,1,pages,boundary_32,index_ack,20000,137,260,476,42807,0,0
time,1,pages,boundary_32,cross_page_submit_subset,625,165,217,299,440,0,0
time,1,pages,jump_32,price_query,20000,57,120,279,35159,0,0
time,1,pages,jump_32,near_range8,20000,134,226,356,27925,0,0
time,1,pages,jump_32,index_submit,20000,160,243,362,23649,0,0
time,1,pages,jump_32,index_ack,20000,131,266,443,39845,0,0
time,1,pages,jump_32,cross_page_submit_subset,2652,188,322,388,548,0,0
time,1,pages,jump_32,page_creation_subset,156,280,391,465,548,0,0
time,1,pages,jump_32,jump_submit_subset,2496,189,323,388,548,0,0
time,1,pages,rolling_128,price_query,20000,58,84,163,22760,0,0
time,1,pages,rolling_128,near_range8,20000,136,196,350,35156,0,0
time,1,pages,rolling_128,index_submit,20000,165,205,300,26348,0,0
time,1,pages,rolling_128,index_ack,20000,131,191,336,25454,0,0
time,1,pages,rolling_128,cross_page_submit_subset,312,176,225,479,751,0,0
time,1,pages,rolling_128,page_creation_subset,3,479,479,479,751,0,0
time,1,pages,outliers_128,price_query,20000,37,67,98,72913,0,0
time,1,pages,outliers_128,near_range8,20000,73,159,277,50516,0,0
time,1,pages,outliers_128,index_submit,20000,91,181,300,62921,0,0
time,1,pages,outliers_128,index_ack,20000,74,146,263,27576,0,0
time,1,pages,outliers_128,cross_page_submit_subset,312,102,233,412,426,0,0
time,1,pages,outliers_128,page_creation_subset,3,412,412,412,426,0,0
time,1,pages,outliers_128,far_query,20000,38,69,84,27062,0,0
time,1,pages,boundary_128,price_query,20000,36,50,70,20087,0,0
time,1,pages,boundary_128,near_range8,20000,73,115,251,26325,0,0
time,1,pages,boundary_128,index_submit,20000,90,124,202,35756,0,0
time,1,pages,boundary_128,index_ack,20000,84,122,256,149823,0,0
time,1,pages,boundary_128,cross_page_submit_subset,313,97,133,158,158,0,0
time,1,pages,jump_128,price_query,20000,36,51,63,224,0,0
time,1,pages,jump_128,near_range8,20000,72,111,239,21957,0,0
time,1,pages,jump_128,index_submit,20000,89,128,270,33454,0,0
time,1,pages,jump_128,index_ack,20000,74,134,280,16592,0,0
time,1,pages,jump_128,cross_page_submit_subset,2704,100,198,327,1243,0,0
time,1,pages,jump_128,page_creation_subset,77,187,339,339,484,0,0
time,1,pages,jump_128,jump_submit_subset,2432,100,192,327,1243,0,0
time,1,pages,4096books_4near_2far,price_query,20000,305,1103,2066,59208,0,0
time,1,pages,new_book_growth,index_insert,20000,375,4626,40926,1537871,0,0
time,1,pages,new_book_growth,page_block_growth_subset,313,4750,85578,343547,1537871,0,0
time,1,pages,engine_cancel_rehang_4near,cancel_to_command,20000,958,3857,33405,1106406,0,0
time,1,pages,engine_cancel_rehang_4near,new_to_command,20000,1188,5717,41090,702656,0,0
time,1,pages,engine_cancel_rehang_4near,accepted_report,20000,740,3528,28740,3513637,0,0
time,1,pages,engine_cancel_rehang_4near,canceled_report,20000,761,3968,27608,364996,0,0
time,1,pages,engine_rolling_4_2far,price_query,20000,40,108,406,22769,0,0
time,1,pages,engine_rolling_4_2far,intent_to_command,20000,1054,4328,31680,115882,0,0
time,1,pages,engine_rolling_4_2far,intent_queued,20000,550,3168,8529,117561,0,0
time,1,pages,engine_rolling_4_2far,replace_report,20000,792,5485,33898,73823,0,0
time,1,pages,engine_rolling_4_2far,ready_to_command,20000,892,3583,22833,200890,0,0
time,1,pages,engine_jump_4_2far,price_query,20000,39,115,324,186795,0,0
time,1,pages,engine_jump_4_2far,intent_to_command,20000,1080,4635,26927,141896,0,0
time,1,pages,engine_jump_4_2far,intent_queued,20000,570,3615,21768,324486,0,0
time,1,pages,engine_jump_4_2far,replace_report,20000,861,6411,35585,509994,0,0
time,1,pages,engine_jump_4_2far,ready_to_command,20000,890,3322,23452,160879,0,0
time,1,pages,engine_jump_4_2far,jump_intent_subset,2496,1115,4756,22412,42390,0,0
time,1,pages,engine_rolling_32_2far,price_query,20000,41,103,250,564015,0,0
time,1,pages,engine_rolling_32_2far,intent_to_command,20000,1054,3605,26941,157647,0,0
time,1,pages,engine_rolling_32_2far,intent_queued,20000,554,2864,20111,75392,0,0
time,1,pages,engine_rolling_32_2far,replace_report,20000,796,4445,32046,484822,0,0
time,1,pages,engine_rolling_32_2far,ready_to_command,20000,880,3067,23444,94220,0,0
time,1,pages,engine_jump_32_2far,price_query,20000,44,116,228,54182,0,0
time,1,pages,engine_jump_32_2far,intent_to_command,20000,1118,4312,26488,192218,0,0
time,1,pages,engine_jump_32_2far,intent_queued,20000,610,3100,13295,83092,0,0
time,1,pages,engine_jump_32_2far,replace_report,20000,899,4489,24887,55054,0,0
time,1,pages,engine_jump_32_2far,ready_to_command,20000,896,3869,27045,598813,0,0
time,1,pages,engine_jump_32_2far,jump_intent_subset,2496,1117,2965,19744,34896,0,0
time,1,standard,rolling_4,price_query,20000,32,54,123,2857,0,0
time,1,standard,rolling_4,near_range8,20000,49,177,363,50293,0,0
time,1,standard,rolling_4,index_submit,20000,81,154,277,18883,0,0
time,1,standard,rolling_4,index_ack,20000,76,194,316,23778,0,0
time,1,standard,rolling_4,cross_page_submit_subset,314,81,137,176,232,0,0
time,1,standard,outliers_4,price_query,20000,32,56,88,17077,0,0
time,1,standard,outliers_4,near_range8,20000,50,156,278,91962,0,0
time,1,standard,outliers_4,index_submit,20000,84,165,284,19973,0,0
time,1,standard,outliers_4,index_ack,20000,80,177,324,42583,0,0
time,1,standard,outliers_4,cross_page_submit_subset,314,84,138,162,234,0,0
time,1,standard,outliers_4,far_query,20000,34,58,95,3558,0,0
time,1,standard,boundary_4,price_query,20000,31,60,118,925,0,0
time,1,standard,boundary_4,near_range8,20000,50,163,331,32885,0,0
time,1,standard,boundary_4,index_submit,20000,82,182,431,40175,0,0
time,1,standard,boundary_4,index_ack,20000,96,241,1111,2086750,0,0
time,1,standard,boundary_4,cross_page_submit_subset,5000,80,163,303,40175,0,0
time,1,standard,jump_4,price_query,20000,32,60,217,18408,0,0
time,1,standard,jump_4,near_range8,20000,49,183,391,985,0,0
time,1,standard,jump_4,index_submit,20000,85,176,375,32254,0,0
time,1,standard,jump_4,index_ack,20000,78,209,370,23639,0,0
time,1,standard,jump_4,cross_page_submit_subset,3746,101,193,363,32254,0,0
time,1,standard,jump_4,jump_submit_subset,2496,107,199,403,32254,0,0
time,1,standard,rolling_32,price_query,20000,35,66,106,14876,0,0
time,1,standard,rolling_32,near_range8,20000,76,175,297,22285,0,0
time,1,standard,rolling_32,index_submit,20000,91,172,297,23788,0,0
time,1,standard,rolling_32,index_ack,20000,70,171,427,30285,0,0
time,1,standard,rolling_32,cross_page_submit_subset,305,91,174,209,22816,0,0
time,1,standard,outliers_32,price_query,20000,34,65,113,17859,0,0
time,1,standard,outliers_32,near_range8,20000,73,179,345,54632,0,0
time,1,standard,outliers_32,index_submit,20000,101,180,297,24827,0,0
time,1,standard,outliers_32,index_ack,20000,70,183,445,21338,0,0
time,1,standard,outliers_32,cross_page_submit_subset,305,101,164,174,178,0,0
time,1,standard,outliers_32,far_query,20000,40,72,162,5673,0,0
time,1,standard,boundary_32,price_query,20000,34,55,80,18468,0,0
time,1,standard,boundary_32,near_range8,20000,72,154,270,4117,0,0
time,1,standard,boundary_32,index_submit,20000,88,164,248,17375,0,0
time,1,standard,boundary_32,index_ack,20000,94,201,393,35639,0,0
time,1,standard,boundary_32,cross_page_submit_subset,625,86,140,221,235,0,0
time,1,standard,jump_32,price_query,20000,35,62,77,978,0,0
time,1,standard,jump_32,near_range8,20000,75,158,304,21507,0,0
time,1,standard,jump_32,index_submit,20000,94,174,270,34293,0,0
time,1,standard,jump_32,index_ack,20000,70,236,360,28015,0,0
time,1,standard,jump_32,cross_page_submit_subset,2652,125,228,453,22289,0,0
time,1,standard,jump_32,jump_submit_subset,2496,126,234,453,22289,0,0
time,1,standard,rolling_128,price_query,20000,42,70,99,19913,0,0
time,1,standard,rolling_128,near_range8,20000,84,141,293,21908,0,0
time,1,standard,rolling_128,index_submit,20000,108,155,258,119127,0,0
time,1,standard,rolling_128,index_ack,20000,74,148,366,18116,0,0
time,1,standard,rolling_128,cross_page_submit_subset,312,107,156,187,370,0,0
time,1,standard,outliers_128,price_query,20000,43,76,106,18996,0,0
time,1,standard,outliers_128,near_range8,20000,80,184,326,23791,0,0
time,1,standard,outliers_128,index_submit,20000,108,196,391,33825,0,0
time,1,standard,outliers_128,index_ack,20000,74,160,457,43981,0,0
time,1,standard,outliers_128,cross_page_submit_subset,312,109,189,196,210,0,0
time,1,standard,outliers_128,far_query,20000,46,84,120,4424,0,0
time,1,standard,boundary_128,price_query,20000,41,85,166,23008,0,0
time,1,standard,boundary_128,near_range8,20000,82,213,436,28490,0,0
time,1,standard,boundary_128,index_submit,20000,100,228,419,30430,0,0
time,1,standard,boundary_128,index_ack,20000,105,314,543,36677,0,0
time,1,standard,boundary_128,cross_page_submit_subset,313,102,199,241,256,0,0
time,1,standard,jump_128,price_query,20000,43,79,117,21761,0,0
time,1,standard,jump_128,near_range8,20000,80,175,320,18403,0,0
time,1,standard,jump_128,index_submit,20000,114,258,422,32204,0,0
time,1,standard,jump_128,index_ack,20000,75,300,492,32730,0,0
time,1,standard,jump_128,cross_page_submit_subset,2704,163,375,1408,5983,0,0
time,1,standard,jump_128,jump_submit_subset,2432,166,385,1408,5983,0,0
time,1,standard,4096books_4near_2far,price_query,20000,152,630,917,33411,0,0
time,1,standard,new_book_growth,index_insert,20000,277,3559,23050,1616001,0,0
time,1,standard,engine_cancel_rehang_4near,cancel_to_command,20000,1025,2170,30144,1034909,0,0
time,1,standard,engine_cancel_rehang_4near,new_to_command,20000,1245,3958,33845,310224,0,0
time,1,standard,engine_cancel_rehang_4near,accepted_report,20000,839,4008,27600,177393,0,0
time,1,standard,engine_cancel_rehang_4near,canceled_report,20000,858,3932,27556,705300,0,0
time,1,standard,engine_rolling_4_2far,price_query,20000,34,92,217,31336,0,0
time,1,standard,engine_rolling_4_2far,intent_to_command,20000,1021,3811,27752,68442,0,0
time,1,standard,engine_rolling_4_2far,intent_queued,20000,518,2843,6605,170256,0,0
time,1,standard,engine_rolling_4_2far,replace_report,20000,748,4970,22213,38040,0,0
time,1,standard,engine_rolling_4_2far,ready_to_command,20000,896,2845,22464,64935,0,0
time,1,standard,engine_jump_4_2far,price_query,20000,34,90,220,59937,0,0
time,1,standard,engine_jump_4_2far,intent_to_command,20000,1032,3305,33199,358106,0,0
time,1,standard,engine_jump_4_2far,intent_queued,20000,530,2633,21992,201812,0,0
time,1,standard,engine_jump_4_2far,replace_report,20000,791,3937,23240,171993,0,0
time,1,standard,engine_jump_4_2far,ready_to_command,20000,896,2962,27076,394143,0,0
time,1,standard,engine_jump_4_2far,jump_intent_subset,2496,1044,4549,33024,50558,0,0
time,1,standard,engine_rolling_32_2far,price_query,20000,59,127,279,29458,0,0
time,1,standard,engine_rolling_32_2far,intent_to_command,20000,1104,3995,32247,1591173,0,0
time,1,standard,engine_rolling_32_2far,intent_queued,20000,570,2965,27141,403670,0,0
time,1,standard,engine_rolling_32_2far,replace_report,20000,848,4293,29313,431427,0,0
time,1,standard,engine_rolling_32_2far,ready_to_command,20000,914,3096,27213,1371952,0,0
time,1,standard,engine_jump_32_2far,price_query,20000,61,192,564,63461,0,0
time,1,standard,engine_jump_32_2far,intent_to_command,20000,1099,4279,35659,1393547,0,0
time,1,standard,engine_jump_32_2far,intent_queued,20000,567,3251,21936,36772,0,0
time,1,standard,engine_jump_32_2far,replace_report,20000,854,4779,32565,745258,0,0
time,1,standard,engine_jump_32_2far,ready_to_command,20000,934,3839,29575,884426,0,0
time,1,standard,engine_jump_32_2far,jump_intent_subset,2496,1110,3275,9612,103416,0,0
time,2,standard,rolling_4,price_query,20000,55,179,463,33654,0,0
time,2,standard,rolling_4,near_range8,20000,97,238,948,58344,0,0
time,2,standard,rolling_4,index_submit,20000,153,229,1017,45906,0,0
time,2,standard,rolling_4,index_ack,20000,144,296,1009,130855,0,0
time,2,standard,rolling_4,cross_page_submit_subset,314,152,224,336,31347,0,0
time,2,standard,outliers_4,price_query,20000,55,173,481,98687,0,0
time,2,standard,outliers_4,near_range8,20000,99,237,638,36162,0,0
time,2,standard,outliers_4,index_submit,20000,155,243,1009,102700,0,0
time,2,standard,outliers_4,index_ack,20000,143,277,1001,43773,0,0
time,2,standard,outliers_4,cross_page_submit_subset,314,155,252,326,1012,0,0
time,2,standard,outliers_4,far_query,20000,58,176,483,27654,0,0
time,2,standard,boundary_4,price_query,20000,53,174,482,59192,0,0
time,2,standard,boundary_4,near_range8,20000,96,233,719,27301,0,0
time,2,standard,boundary_4,index_submit,20000,150,228,1022,50346,0,0
time,2,standard,boundary_4,index_ack,20000,173,301,1095,59749,0,0
time,2,standard,boundary_4,cross_page_submit_subset,5000,145,205,1014,44389,0,0
time,2,standard,jump_4,price_query,20000,53,190,520,75602,0,0
time,2,standard,jump_4,near_range8,20000,94,230,547,47675,0,0
time,2,standard,jump_4,index_submit,20000,153,240,1017,33023,0,0
time,2,standard,jump_4,index_ack,20000,147,308,1041,41710,0,0
time,2,standard,jump_4,cross_page_submit_subset,3746,167,256,1013,5881,0,0
time,2,standard,jump_4,jump_submit_subset,2496,181,270,1013,5881,0,0
time,2,standard,rolling_32,price_query,20000,46,122,400,207433,0,0
time,2,standard,rolling_32,near_range8,20000,110,266,1026,42761,0,0
time,2,standard,rolling_32,index_submit,20000,126,254,1065,67542,0,0
time,2,standard,rolling_32,index_ack,20000,101,282,996,41233,0,0
time,2,standard,rolling_32,cross_page_submit_subset,305,117,212,272,296,0,0
time,2,standard,outliers_32,price_query,20000,34,72,189,20030,0,0
time,2,standard,outliers_32,near_range8,20000,74,219,528,248437,0,0
time,2,standard,outliers_32,index_submit,20000,102,197,406,117970,0,0
time,2,standard,outliers_32,index_ack,20000,70,202,503,34089,0,0
time,2,standard,outliers_32,cross_page_submit_subset,305,101,180,236,267,0,0
time,2,standard,outliers_32,far_query,20000,40,84,192,26144,0,0
time,2,standard,boundary_32,price_query,20000,35,70,188,22029,0,0
time,2,standard,boundary_32,near_range8,20000,72,204,424,75024,0,0
time,2,standard,boundary_32,index_submit,20000,88,176,344,159045,0,0
time,2,standard,boundary_32,index_ack,20000,95,225,446,188109,0,0
time,2,standard,boundary_32,cross_page_submit_subset,625,93,159,200,313,0,0
time,2,standard,jump_32,price_query,20000,37,113,208,531,0,0
time,2,standard,jump_32,near_range8,20000,80,234,413,39643,0,0
time,2,standard,jump_32,index_submit,20000,101,281,523,43098,0,0
time,2,standard,jump_32,index_ack,20000,73,359,648,165070,0,0
time,2,standard,jump_32,cross_page_submit_subset,2652,137,418,714,43098,0,0
time,2,standard,jump_32,jump_submit_subset,2496,140,418,714,43098,0,0
time,2,standard,rolling_128,price_query,20000,44,89,146,189690,0,0
time,2,standard,rolling_128,near_range8,20000,84,203,461,24233,0,0
time,2,standard,rolling_128,index_submit,20000,110,209,371,40749,0,0
time,2,standard,rolling_128,index_ack,20000,74,154,560,36084,0,0
time,2,standard,rolling_128,cross_page_submit_subset,312,109,199,335,355,0,0
time,2,standard,outliers_128,price_query,20000,44,78,130,21826,0,0
time,2,standard,outliers_128,near_range8,20000,79,178,325,15227,0,0
time,2,standard,outliers_128,index_submit,20000,108,189,370,96894,0,0
time,2,standard,outliers_128,index_ack,20000,75,156,445,17530,0,0
time,2,standard,outliers_128,cross_page_submit_subset,312,109,174,198,205,0,0
time,2,standard,outliers_128,far_query,20000,46,86,136,41940,0,0
time,2,standard,boundary_128,price_query,20000,54,174,389,33833,0,0
time,2,standard,boundary_128,near_range8,20000,122,336,618,36200,0,0
time,2,standard,boundary_128,index_submit,20000,139,355,680,56676,0,0
time,2,standard,boundary_128,index_ack,20000,129,533,993,59035,0,0
time,2,standard,boundary_128,cross_page_submit_subset,313,145,321,351,446,0,0
time,2,standard,jump_128,price_query,20000,49,102,179,39109,0,0
time,2,standard,jump_128,near_range8,20000,81,233,509,189741,0,0
time,2,standard,jump_128,index_submit,20000,114,300,889,53914,0,0
time,2,standard,jump_128,index_ack,20000,75,377,934,658271,0,0
time,2,standard,jump_128,cross_page_submit_subset,2704,167,521,1461,23528,0,0
time,2,standard,jump_128,jump_submit_subset,2432,169,534,1461,23528,0,0
time,2,standard,4096books_4near_2far,price_query,20000,248,865,5875,1287153,0,0
time,2,standard,new_book_growth,index_insert,20000,275,3645,23038,1347362,0,0
time,2,standard,engine_cancel_rehang_4near,cancel_to_command,20000,957,1691,26584,1039276,0,0
time,2,standard,engine_cancel_rehang_4near,new_to_command,20000,1116,3305,34750,1199602,0,0
time,2,standard,engine_cancel_rehang_4near,accepted_report,20000,718,3667,20671,164263,0,0
time,2,standard,engine_cancel_rehang_4near,canceled_report,20000,737,3633,21575,2169805,0,0
time,2,standard,engine_rolling_4_2far,price_query,20000,34,94,194,19654,0,0
time,2,standard,engine_rolling_4_2far,intent_to_command,20000,1043,3646,31277,425320,0,0
time,2,standard,engine_rolling_4_2far,intent_queued,20000,540,2745,23354,71800,0,0
time,2,standard,engine_rolling_4_2far,replace_report,20000,800,4173,24496,227859,0,0
time,2,standard,engine_rolling_4_2far,ready_to_command,20000,898,3085,25006,338476,0,0
time,2,standard,engine_jump_4_2far,price_query,20000,34,88,185,640,0,0
time,2,standard,engine_jump_4_2far,intent_to_command,20000,1054,3849,28276,185073,0,0
time,2,standard,engine_jump_4_2far,intent_queued,20000,554,2796,7462,80315,0,0
time,2,standard,engine_jump_4_2far,replace_report,20000,834,4448,24656,61490,0,0
time,2,standard,engine_jump_4_2far,ready_to_command,20000,898,3076,21817,160438,0,0
time,2,standard,engine_jump_4_2far,jump_intent_subset,2496,1065,4495,23717,58521,0,0
time,2,standard,engine_rolling_32_2far,price_query,20000,58,112,278,32396,0,0
time,2,standard,engine_rolling_32_2far,intent_to_command,20000,1073,3691,27519,981318,0,0
time,2,standard,engine_rolling_32_2far,intent_queued,20000,548,2702,23046,996340,0,0
time,2,standard,engine_rolling_32_2far,replace_report,20000,783,4432,23342,262107,0,0
time,2,standard,engine_rolling_32_2far,ready_to_command,20000,909,3029,27642,557770,0,0
time,2,standard,engine_jump_32_2far,price_query,20000,57,102,154,24897,0,0
time,2,standard,engine_jump_32_2far,intent_to_command,20000,1042,3109,25624,72912,0,0
time,2,standard,engine_jump_32_2far,intent_queued,20000,521,2533,12943,64029,0,0
time,2,standard,engine_jump_32_2far,replace_report,20000,733,4062,8381,37222,0,0
time,2,standard,engine_jump_32_2far,ready_to_command,20000,906,2806,21760,35222,0,0
time,2,standard,engine_jump_32_2far,jump_intent_subset,2496,1045,2581,24832,35937,0,0
time,2,pages,rolling_4,price_query,20000,36,50,93,25992,0,0
time,2,pages,rolling_4,near_range8,20000,61,196,395,33294,0,0
time,2,pages,rolling_4,index_submit,20000,89,143,275,21083,0,0
time,2,pages,rolling_4,index_ack,20000,80,134,269,21555,0,0
time,2,pages,rolling_4,cross_page_submit_subset,314,93,222,248,327,0,0
time,2,pages,rolling_4,page_creation_subset,78,151,239,239,327,0,0
time,2,pages,outliers_4,price_query,20000,37,71,171,450,0,0
time,2,pages,outliers_4,near_range8,20000,62,207,447,40473,0,0
time,2,pages,outliers_4,index_submit,20000,89,181,311,38147,0,0
time,2,pages,outliers_4,index_ack,20000,82,176,281,44156,0,0
time,2,pages,outliers_4,cross_page_submit_subset,314,97,301,324,353,0,0
time,2,pages,outliers_4,page_creation_subset,78,168,324,324,353,0,0
time,2,pages,outliers_4,far_query,20000,36,72,174,24659,0,0
time,2,pages,boundary_4,price_query,20000,36,51,76,25386,0,0
time,2,pages,boundary_4,near_range8,20000,65,162,256,18051,0,0
time,2,pages,boundary_4,index_submit,20000,87,142,217,50156,0,0
time,2,pages,boundary_4,index_ack,20000,93,162,300,17873,0,0
time,2,pages,boundary_4,cross_page_submit_subset,5000,86,133,169,243,0,0
time,2,pages,jump_4,price_query,20000,36,61,173,22047,0,0
time,2,pages,jump_4,near_range8,20000,62,200,468,40724,0,0
time,2,pages,jump_4,index_submit,20000,94,202,381,25564,0,0
time,2,pages,jump_4,index_ack,20000,84,212,402,24416,0,0
time,2,pages,jump_4,cross_page_submit_subset,3746,101,270,1148,4351,0,0
time,2,pages,jump_4,page_creation_subset,1248,150,342,1148,4351,0,0
time,2,pages,jump_4,jump_submit_subset,2496,130,298,1148,4351,0,0
time,2,pages,rolling_32,price_query,20000,36,50,75,29350,0,0
time,2,pages,rolling_32,near_range8,20000,72,176,256,17047,0,0
time,2,pages,rolling_32,index_submit,20000,88,131,235,30728,0,0
time,2,pages,rolling_32,index_ack,20000,70,112,244,4080,0,0
time,2,pages,rolling_32,cross_page_submit_subset,305,99,230,291,318,0,0
time,2,pages,rolling_32,page_creation_subset,10,219,291,291,318,0,0
time,2,pages,outliers_32,price_query,20000,36,58,113,34484,0,0
time,2,pages,outliers_32,near_range8,20000,71,176,306,22388,0,0
time,2,pages,outliers_32,index_submit,20000,89,155,315,210674,0,0
time,2,pages,outliers_32,index_ack,20000,70,133,258,97056,0,0
time,2,pages,outliers_32,cross_page_submit_subset,305,98,328,455,716,0,0
time,2,pages,outliers_32,page_creation_subset,10,269,455,455,716,0,0
time,2,pages,outliers_32,far_query,20000,36,56,84,19540,0,0
time,2,pages,boundary_32,price_query,20000,36,55,75,4180,0,0
time,2,pages,boundary_32,near_range8,20000,73,178,318,23946,0,0
time,2,pages,boundary_32,index_submit,20000,89,160,254,29418,0,0
time,2,pages,boundary_32,index_ack,20000,86,161,287,30999,0,0
time,2,pages,boundary_32,cross_page_submit_subset,625,93,150,174,192,0,0
time,2,pages,jump_32,price_query,20000,36,56,120,3775,0,0
time,2,pages,jump_32,near_range8,20000,72,170,310,34619,0,0
time,2,pages,jump_32,index_submit,20000,89,167,280,20736,0,0
time,2,pages,jump_32,index_ack,20000,71,160,297,36201,0,0
time,2,pages,jump_32,cross_page_submit_subset,2652,96,216,329,20736,0,0
time,2,pages,jump_32,page_creation_subset,156,167,313,347,355,0,0
time,2,pages,jump_32,jump_submit_subset,2496,96,219,329,20736,0,0
time,2,pages,rolling_128,price_query,20000,36,59,112,4027,0,0
time,2,pages,rolling_128,near_range8,20000,73,172,340,33195,0,0
time,2,pages,rolling_128,index_submit,20000,89,163,310,1406,0,0
time,2,pages,rolling_128,index_ack,20000,74,138,263,17702,0,0
time,2,pages,rolling_128,cross_page_submit_subset,312,103,189,547,615,0,0
time,2,pages,rolling_128,page_creation_subset,3,547,547,547,615,0,0
time,2,pages,outliers_128,price_query,20000,36,69,168,497319,0,0
time,2,pages,outliers_128,near_range8,20000,73,205,600,108178,0,0
time,2,pages,outliers_128,index_submit,20000,91,185,523,199531,0,0
time,2,pages,outliers_128,index_ack,20000,75,151,333,157785,0,0
time,2,pages,outliers_128,cross_page_submit_subset,312,102,208,584,647,0,0
time,2,pages,outliers_128,page_creation_subset,3,584,584,584,647,0,0
time,2,pages,outliers_128,far_query,20000,37,67,167,939,0,0
time,2,pages,boundary_128,price_query,20000,36,58,90,95845,0,0
time,2,pages,boundary_128,near_range8,20000,73,169,318,18523,0,0
time,2,pages,boundary_128,index_submit,20000,88,156,266,99665,0,0
time,2,pages,boundary_128,index_ack,20000,85,170,381,59137,0,0
time,2,pages,boundary_128,cross_page_submit_subset,313,96,164,180,181,0,0
time,2,pages,jump_128,price_query,20000,36,63,148,22544,0,0
time,2,pages,jump_128,near_range8,20000,73,195,390,55629,0,0
time,2,pages,jump_128,index_submit,20000,89,188,406,58169,0,0
time,2,pages,jump_128,index_ack,20000,75,165,379,42902,0,0
time,2,pages,jump_128,cross_page_submit_subset,2704,100,251,570,56684,0,0
time,2,pages,jump_128,page_creation_subset,77,202,555,555,570,0,0
time,2,pages,jump_128,jump_submit_subset,2432,100,240,570,56684,0,0
time,2,pages,4096books_4near_2far,price_query,20000,396,1233,20874,265147,0,0
time,2,pages,new_book_growth,index_insert,20000,437,5304,86192,1735080,0,0
time,2,pages,new_book_growth,page_block_growth_subset,313,5150,276065,487107,1735080,0,0
time,2,pages,engine_cancel_rehang_4near,cancel_to_command,20000,969,4483,35072,1933036,0,0
time,2,pages,engine_cancel_rehang_4near,new_to_command,20000,1212,5979,29820,1891255,0,0
time,2,pages,engine_cancel_rehang_4near,accepted_report,20000,757,5132,26538,175529,0,0
time,2,pages,engine_cancel_rehang_4near,canceled_report,20000,776,5337,29027,103820,0,0
time,2,pages,engine_rolling_4_2far,price_query,20000,39,89,160,44886,0,0
time,2,pages,engine_rolling_4_2far,intent_to_command,20000,996,3087,25189,54043,0,0
time,2,pages,engine_rolling_4_2far,intent_queued,20000,499,2445,5715,31969,0,0
time,2,pages,engine_rolling_4_2far,replace_report,20000,666,3845,20927,41577,0,0
time,2,pages,engine_rolling_4_2far,ready_to_command,20000,882,2685,22870,53953,0,0
time,2,pages,engine_jump_4_2far,price_query,20000,39,100,191,125155,0,0
time,2,pages,engine_jump_4_2far,intent_to_command,20000,1042,3785,34029,327095,0,0
time,2,pages,engine_jump_4_2far,intent_queued,20000,543,2860,20338,1558506,0,0
time,2,pages,engine_jump_4_2far,replace_report,20000,795,4682,26657,465919,0,0
time,2,pages,engine_jump_4_2far,ready_to_command,20000,884,2980,24950,189197,0,0
time,2,pages,engine_jump_4_2far,jump_intent_subset,2496,1079,4509,33813,327095,0,0
time,2,pages,engine_rolling_32_2far,price_query,20000,48,114,366,60394,0,0
time,2,pages,engine_rolling_32_2far,intent_to_command,20000,1206,4212,29669,462687,0,0
time,2,pages,engine_rolling_32_2far,intent_queued,20000,675,3308,23873,101333,0,0
time,2,pages,engine_rolling_32_2far,replace_report,20000,967,4306,26415,1351904,0,0
time,2,pages,engine_rolling_32_2far,ready_to_command,20000,938,4060,28321,1265938,0,0
time,2,pages,engine_jump_32_2far,price_query,20000,43,111,228,8280,0,0
time,2,pages,engine_jump_32_2far,intent_to_command,20000,1043,4208,27576,103150,0,0
time,2,pages,engine_jump_32_2far,intent_queued,20000,546,3077,20342,135034,0,0
time,2,pages,engine_jump_32_2far,replace_report,20000,760,5079,25101,228038,0,0
time,2,pages,engine_jump_32_2far,ready_to_command,20000,885,2983,21622,932907,0,0
time,2,pages,engine_jump_32_2far,jump_intent_subset,2496,1044,3803,43931,68873,0,0
time,2,adaptive,rolling_4,price_query,20000,36,56,155,4579,0,0
time,2,adaptive,rolling_4,near_range8,20000,45,126,240,21040,0,0
time,2,adaptive,rolling_4,index_submit,20000,85,153,236,18229,0,0
time,2,adaptive,rolling_4,index_ack,20000,75,150,268,56490,0,0
time,2,adaptive,rolling_4,cross_page_submit_subset,314,85,133,162,251,0,0
time,2,adaptive,outliers_4,price_query,20000,36,71,185,25458,0,0
time,2,adaptive,outliers_4,near_range8,20000,48,129,243,29461,0,0
time,2,adaptive,outliers_4,index_submit,20000,98,208,388,34927,0,0
time,2,adaptive,outliers_4,index_ack,20000,92,191,345,1109395,0,0
time,2,adaptive,outliers_4,cross_page_submit_subset,314,88,206,218,220,0,0
time,2,adaptive,outliers_4,far_query,20000,36,71,175,18459,0,0
time,2,adaptive,boundary_4,price_query,20000,35,63,179,24250,0,0
time,2,adaptive,boundary_4,near_range8,20000,46,151,292,21718,0,0
time,2,adaptive,boundary_4,index_submit,20000,85,176,334,43069,0,0
time,2,adaptive,boundary_4,index_ack,20000,87,193,315,31795,0,0
time,2,adaptive,boundary_4,cross_page_submit_subset,5000,83,161,242,4292,0,0
time,2,adaptive,jump_4,price_query,20000,36,61,114,19275,0,0
time,2,adaptive,jump_4,near_range8,20000,45,102,238,17937,0,0
time,2,adaptive,jump_4,index_submit,20000,84,169,289,73379,0,0
time,2,adaptive,jump_4,index_ack,20000,77,170,323,29788,0,0
time,2,adaptive,jump_4,cross_page_submit_subset,3746,98,189,276,19293,0,0
time,2,adaptive,jump_4,jump_submit_subset,2496,105,199,289,19293,0,0
time,2,adaptive,rolling_32,price_query,20000,50,62,70,19675,0,0
time,2,adaptive,rolling_32,near_range8,20000,66,98,202,28781,0,0
time,2,adaptive,rolling_32,index_submit,20000,99,145,213,27668,0,0
time,2,adaptive,rolling_32,index_ack,20000,70,118,222,20777,0,0
time,2,adaptive,rolling_32,cross_page_submit_subset,305,100,132,145,247,0,0
time,2,adaptive,outliers_32,price_query,20000,51,66,78,939,0,0
time,2,adaptive,outliers_32,near_range8,20000,67,124,237,17253,0,0
time,2,adaptive,outliers_32,index_submit,20000,100,164,233,52401,0,0
time,2,adaptive,outliers_32,index_ack,20000,70,132,250,22099,0,0
time,2,adaptive,outliers_32,cross_page_submit_subset,305,99,157,164,205,0,0
time,2,adaptive,outliers_32,far_query,20000,52,65,95,16426,0,0
time,2,adaptive,boundary_32,price_query,20000,51,62,74,19417,0,0
time,2,adaptive,boundary_32,near_range8,20000,69,113,219,17605,0,0
time,2,adaptive,boundary_32,index_submit,20000,100,146,235,35668,0,0
time,2,adaptive,boundary_32,index_ack,20000,102,143,244,21040,0,0
time,2,adaptive,boundary_32,cross_page_submit_subset,625,102,140,3114,17688,0,0
time,2,adaptive,jump_32,price_query,20000,50,66,83,21629,0,0
time,2,adaptive,jump_32,near_range8,20000,66,137,314,87578,0,0
time,2,adaptive,jump_32,index_submit,20000,98,169,270,103426,0,0
time,2,adaptive,jump_32,index_ack,20000,70,182,272,22856,0,0
time,2,adaptive,jump_32,cross_page_submit_subset,2652,120,217,270,470,0,0
time,2,adaptive,jump_32,jump_submit_subset,2496,121,220,270,470,0,0
time,2,adaptive,rolling_128,price_query,20000,56,70,100,16931,0,0
time,2,adaptive,rolling_128,near_range8,20000,72,125,217,4566,0,0
time,2,adaptive,rolling_128,index_submit,20000,106,166,264,49525,0,0
time,2,adaptive,rolling_128,index_ack,20000,74,134,227,30589,0,0
time,2,adaptive,rolling_128,cross_page_submit_subset,312,106,155,187,204,0,0
time,2,adaptive,outliers_128,price_query,20000,57,79,165,76131,0,0
time,2,adaptive,outliers_128,near_range8,20000,74,150,268,25902,0,0
time,2,adaptive,outliers_128,index_submit,20000,106,185,296,48370,0,0
time,2,adaptive,outliers_128,index_ack,20000,74,163,255,17309,0,0
time,2,adaptive,outliers_128,cross_page_submit_subset,312,106,181,328,356,0,0
time,2,adaptive,outliers_128,far_query,20000,58,80,141,4309,0,0
time,2,adaptive,boundary_128,price_query,20000,57,73,106,16546,0,0
time,2,adaptive,boundary_128,near_range8,20000,73,139,243,31318,0,0
time,2,adaptive,boundary_128,index_submit,20000,106,170,291,33547,0,0
time,2,adaptive,boundary_128,index_ack,20000,110,162,259,59741,0,0
time,2,adaptive,boundary_128,cross_page_submit_subset,313,113,158,182,255,0,0
time,2,adaptive,jump_128,price_query,20000,56,78,175,4743,0,0
time,2,adaptive,jump_128,near_range8,20000,72,156,296,24099,0,0
time,2,adaptive,jump_128,index_submit,20000,104,230,399,48408,0,0
time,2,adaptive,jump_128,index_ack,20000,75,245,404,22739,0,0
time,2,adaptive,jump_128,cross_page_submit_subset,2704,133,282,1131,48408,0,0
time,2,adaptive,jump_128,jump_submit_subset,2432,138,285,1131,48408,0,0
time,2,adaptive,4096books_4near_2far,price_query,20000,212,789,1280,60864,0,0
time,2,adaptive,new_book_growth,index_insert,20000,228,2898,12280,1856073,0,0
time,2,adaptive,engine_cancel_rehang_4near,cancel_to_command,20000,974,2672,21218,1438091,0,0
time,2,adaptive,engine_cancel_rehang_4near,new_to_command,20000,1190,4118,28033,431040,0,0
time,2,adaptive,engine_cancel_rehang_4near,accepted_report,20000,758,4049,22221,123256,0,0
time,2,adaptive,engine_cancel_rehang_4near,canceled_report,20000,762,4011,26400,78735,0,0
time,2,adaptive,engine_rolling_4_2far,price_query,20000,37,106,274,181199,0,0
time,2,adaptive,engine_rolling_4_2far,intent_to_command,20000,1062,3511,30502,2200873,0,0
time,2,adaptive,engine_rolling_4_2far,intent_queued,20000,558,2766,21411,419570,0,0
time,2,adaptive,engine_rolling_4_2far,replace_report,20000,852,4226,32019,1878853,0,0
time,2,adaptive,engine_rolling_4_2far,ready_to_command,20000,908,3247,36611,1915618,0,0
time,2,adaptive,engine_jump_4_2far,price_query,20000,37,103,176,31274,0,0
time,2,adaptive,engine_jump_4_2far,intent_to_command,20000,1040,3398,26340,157560,0,0
time,2,adaptive,engine_jump_4_2far,intent_queued,20000,534,2693,23560,108715,0,0
time,2,adaptive,engine_jump_4_2far,replace_report,20000,774,4356,22392,149569,0,0
time,2,adaptive,engine_jump_4_2far,ready_to_command,20000,906,2959,22827,2311499,0,0
time,2,adaptive,engine_jump_4_2far,jump_intent_subset,2496,1051,4768,24819,46848,0,0
time,2,adaptive,engine_rolling_32_2far,price_query,20000,80,128,221,27850,0,0
time,2,adaptive,engine_rolling_32_2far,intent_to_command,20000,1766,4614,30896,577616,0,0
time,2,adaptive,engine_rolling_32_2far,intent_queued,20000,783,3396,26957,323911,0,0
time,2,adaptive,engine_rolling_32_2far,replace_report,20000,1066,4237,28245,184833,0,0
time,2,adaptive,engine_rolling_32_2far,ready_to_command,20000,1548,4312,31117,211077,0,0
time,2,adaptive,engine_jump_32_2far,price_query,20000,65,123,182,25826,0,0
time,2,adaptive,engine_jump_32_2far,intent_to_command,20000,1200,4530,27743,95207,0,0
time,2,adaptive,engine_jump_32_2far,intent_queued,20000,660,3322,18168,42177,0,0
time,2,adaptive,engine_jump_32_2far,replace_report,20000,917,5550,27885,62580,0,0
time,2,adaptive,engine_jump_32_2far,ready_to_command,20000,994,4043,28959,105028,0,0
time,2,adaptive,engine_jump_32_2far,jump_intent_subset,2496,1183,4127,23290,30075,0,0
time,3,adaptive,rolling_4,price_query,20000,35,49,59,21950,0,0
time,3,adaptive,rolling_4,near_range8,20000,45,80,157,18680,0,0
time,3,adaptive,rolling_4,index_submit,20000,83,113,166,45601,0,0
time,3,adaptive,rolling_4,index_ack,20000,75,106,168,17483,0,0
time,3,adaptive,rolling_4,cross_page_submit_subset,314,83,115,141,245,0,0
time,3,adaptive,outliers_4,price_query,20000,35,44,57,3584,0,0
time,3,adaptive,outliers_4,near_range8,20000,46,71,140,20687,0,0
time,3,adaptive,outliers_4,index_submit,20000,84,126,176,22279,0,0
time,3,adaptive,outliers_4,index_ack,20000,77,115,206,27972,0,0
time,3,adaptive,outliers_4,cross_page_submit_subset,314,85,124,131,142,0,0
time,3,adaptive,outliers_4,far_query,20000,35,48,62,38404,0,0
time,3,adaptive,boundary_4,price_query,20000,35,40,59,17725,0,0
time,3,adaptive,boundary_4,near_range8,20000,45,81,183,16967,0,0
time,3,adaptive,boundary_4,index_submit,20000,83,113,189,34003,0,0
time,3,adaptive,boundary_4,index_ack,20000,86,115,207,18176,0,0
time,3,adaptive,boundary_4,cross_page_submit_subset,5000,82,101,143,28017,0,0
time,3,adaptive,jump_4,price_query,20000,36,50,65,16560,0,0
time,3,adaptive,jump_4,near_range8,20000,44,67,139,17575,0,0
time,3,adaptive,jump_4,index_submit,20000,84,124,167,19105,0,0
time,3,adaptive,jump_4,index_ack,20000,77,122,211,30311,0,0
time,3,adaptive,jump_4,cross_page_submit_subset,3746,97,142,174,236,0,0
time,3,adaptive,jump_4,jump_submit_subset,2496,104,147,180,236,0,0
time,3,adaptive,rolling_32,price_query,20000,50,61,70,20867,0,0
time,3,adaptive,rolling_32,near_range8,20000,66,93,174,20947,0,0
time,3,adaptive,rolling_32,index_submit,20000,98,142,177,28142,0,0
time,3,adaptive,rolling_32,index_ack,20000,70,116,159,3621,0,0
time,3,adaptive,rolling_32,cross_page_submit_subset,305,98,131,133,141,0,0
time,3,adaptive,outliers_32,price_query,20000,51,60,70,3696,0,0
time,3,adaptive,outliers_32,near_range8,20000,67,96,200,86657,0,0
time,3,adaptive,outliers_32,index_submit,20000,100,155,233,26122,0,0
time,3,adaptive,outliers_32,index_ack,20000,70,125,246,19053,0,0
time,3,adaptive,outliers_32,cross_page_submit_subset,305,99,151,155,215,0,0
time,3,adaptive,outliers_32,far_query,20000,51,61,70,3576,0,0
time,3,adaptive,boundary_32,price_query,20000,51,64,115,34065,0,0
time,3,adaptive,boundary_32,near_range8,20000,68,123,265,37897,0,0
time,3,adaptive,boundary_32,index_submit,20000,99,150,292,27378,0,0
time,3,adaptive,boundary_32,index_ack,20000,102,145,298,33481,0,0
time,3,adaptive,boundary_32,cross_page_submit_subset,625,101,139,167,194,0,0
time,3,adaptive,jump_32,price_query,20000,50,63,105,4244,0,0
time,3,adaptive,jump_32,near_range8,20000,66,108,210,528,0,0
time,3,adaptive,jump_32,index_submit,20000,98,160,305,27221,0,0
time,3,adaptive,jump_32,index_ack,20000,70,169,282,19629,0,0
time,3,adaptive,jump_32,cross_page_submit_subset,2652,121,203,342,26996,0,0
time,3,adaptive,jump_32,jump_submit_subset,2496,122,203,342,26996,0,0
time,3,adaptive,rolling_128,price_query,20000,56,67,79,240,0,0
time,3,adaptive,rolling_128,near_range8,20000,72,99,203,17552,0,0
time,3,adaptive,rolling_128,index_submit,20000,105,148,289,29095,0,0
time,3,adaptive,rolling_128,index_ack,20000,73,129,247,20003,0,0
time,3,adaptive,rolling_128,cross_page_submit_subset,312,105,143,163,182,0,0
time,3,adaptive,outliers_128,price_query,20000,57,68,80,17836,0,0
time,3,adaptive,outliers_128,near_range8,20000,74,101,203,29341,0,0
time,3,adaptive,outliers_128,index_submit,20000,106,156,265,18752,0,0
time,3,adaptive,outliers_128,index_ack,20000,73,130,239,26075,0,0
time,3,adaptive,outliers_128,cross_page_submit_subset,312,106,144,160,160,0,0
time,3,adaptive,outliers_128,far_query,20000,58,69,90,29988,0,0
time,3,adaptive,boundary_128,price_query,20000,57,70,86,20667,0,0
time,3,adaptive,boundary_128,near_range8,20000,73,102,208,17470,0,0
time,3,adaptive,boundary_128,index_submit,20000,106,148,271,35200,0,0
time,3,adaptive,boundary_128,index_ack,20000,109,147,269,57098,0,0
time,3,adaptive,boundary_128,cross_page_submit_subset,313,115,145,186,201,0,0
time,3,adaptive,jump_128,price_query,20000,55,67,89,3913,0,0
time,3,adaptive,jump_128,near_range8,20000,72,99,207,30099,0,0
time,3,adaptive,jump_128,index_submit,20000,104,165,285,19094,0,0
time,3,adaptive,jump_128,index_ack,20000,74,205,306,20620,0,0
time,3,adaptive,jump_128,cross_page_submit_subset,2704,127,192,423,12412,0,0
time,3,adaptive,jump_128,jump_submit_subset,2432,131,194,423,12412,0,0
time,3,adaptive,4096books_4near_2far,price_query,20000,147,674,1008,36445,0,0
time,3,adaptive,new_book_growth,index_insert,20000,209,2443,14986,1373637,0,0
time,3,adaptive,engine_cancel_rehang_4near,cancel_to_command,20000,976,2641,25252,1183334,0,0
time,3,adaptive,engine_cancel_rehang_4near,new_to_command,20000,1186,3927,29492,267976,0,0
time,3,adaptive,engine_cancel_rehang_4near,accepted_report,20000,767,3787,24304,265610,0,0
time,3,adaptive,engine_cancel_rehang_4near,canceled_report,20000,766,3831,22486,37720,0,0
time,3,adaptive,engine_rolling_4_2far,price_query,20000,37,81,145,18986,0,0
time,3,adaptive,engine_rolling_4_2far,intent_to_command,20000,1024,3157,21841,252433,0,0
time,3,adaptive,engine_rolling_4_2far,intent_queued,20000,522,2495,6346,53397,0,0
time,3,adaptive,engine_rolling_4_2far,replace_report,20000,724,4012,21652,149708,0,0
time,3,adaptive,engine_rolling_4_2far,ready_to_command,20000,901,2837,20796,50527,0,0
time,3,adaptive,engine_jump_4_2far,price_query,20000,37,93,178,5269,0,0
time,3,adaptive,engine_jump_4_2far,intent_to_command,20000,1039,3393,24064,145741,0,0
time,3,adaptive,engine_jump_4_2far,intent_queued,20000,533,2641,18388,107435,0,0
time,3,adaptive,engine_jump_4_2far,replace_report,20000,770,4150,18915,82342,0,0
time,3,adaptive,engine_jump_4_2far,ready_to_command,20000,907,3042,22067,468387,0,0
time,3,adaptive,engine_jump_4_2far,jump_intent_subset,2496,1053,4808,21998,28024,0,0
time,3,adaptive,engine_rolling_32_2far,price_query,20000,55,92,184,18541,0,0
time,3,adaptive,engine_rolling_32_2far,intent_to_command,20000,1032,3094,23404,50629,0,0
time,3,adaptive,engine_rolling_32_2far,intent_queued,20000,526,2415,6175,33615,0,0
time,3,adaptive,engine_rolling_32_2far,replace_report,20000,708,3906,7668,33798,0,0
time,3,adaptive,engine_rolling_32_2far,ready_to_command,20000,890,2815,20042,117384,0,0
time,3,adaptive,engine_jump_32_2far,price_query,20000,56,96,170,30371,0,0
time,3,adaptive,engine_jump_32_2far,intent_to_command,20000,1037,3230,23416,127517,0,0
time,3,adaptive,engine_jump_32_2far,intent_queued,20000,530,2509,6965,41940,0,0
time,3,adaptive,engine_jump_32_2far,replace_report,20000,704,3962,20326,120119,0,0
time,3,adaptive,engine_jump_32_2far,ready_to_command,20000,897,2847,9699,32853,0,0
time,3,adaptive,engine_jump_32_2far,jump_intent_subset,2496,1039,2558,20129,50804,0,0
time,3,pages,rolling_4,price_query,20000,36,47,54,19644,0,0
time,3,pages,rolling_4,near_range8,20000,61,172,290,51083,0,0
time,3,pages,rolling_4,index_submit,20000,88,124,224,20373,0,0
time,3,pages,rolling_4,index_ack,20000,80,116,238,30547,0,0
time,3,pages,rolling_4,cross_page_submit_subset,314,92,262,307,318,0,0
time,3,pages,rolling_4,page_creation_subset,78,155,307,307,318,0,0
time,3,pages,outliers_4,price_query,20000,36,50,73,47808,0,0
time,3,pages,outliers_4,near_range8,20000,62,159,259,16253,0,0
time,3,pages,outliers_4,index_submit,20000,88,147,258,26518,0,0
time,3,pages,outliers_4,index_ack,20000,81,135,250,5118,0,0
time,3,pages,outliers_4,cross_page_submit_subset,314,97,273,344,382,0,0
time,3,pages,outliers_4,page_creation_subset,78,167,344,344,382,0,0
time,3,pages,outliers_4,far_query,20000,36,50,69,3717,0,0
time,3,pages,boundary_4,price_query,20000,36,40,60,27552,0,0
time,3,pages,boundary_4,near_range8,20000,65,113,230,19367,0,0
time,3,pages,boundary_4,index_submit,20000,87,112,151,3890,0,0
time,3,pages,boundary_4,index_ack,20000,93,134,250,26536,0,0
time,3,pages,boundary_4,cross_page_submit_subset,5000,85,104,133,3467,0,0
time,3,pages,jump_4,price_query,20000,36,65,310,32912,0,0
time,3,pages,jump_4,near_range8,20000,63,210,405,17195,0,0
time,3,pages,jump_4,index_submit,20000,96,214,315,33654,0,0
time,3,pages,jump_4,index_ack,20000,86,220,345,60363,0,0
time,3,pages,jump_4,cross_page_submit_subset,3746,110,269,406,4953,0,0
time,3,pages,jump_4,page_creation_subset,1248,152,305,446,4953,0,0
time,3,pages,jump_4,jump_submit_subset,2496,133,283,446,4953,0,0
time,3,pages,rolling_32,price_query,20000,36,49,58,439,0,0
time,3,pages,rolling_32,near_range8,20000,71,117,243,41345,0,0
time,3,pages,rolling_32,index_submit,20000,87,122,205,4675,0,0
time,3,pages,rolling_32,index_ack,20000,70,110,250,26974,0,0
time,3,pages,rolling_32,cross_page_submit_subset,305,98,215,326,402,0,0
time,3,pages,rolling_32,page_creation_subset,10,213,326,326,402,0,0
time,3,pages,outliers_32,price_query,20000,36,59,112,20503,0,0
time,3,pages,outliers_32,near_range8,20000,71,163,323,45948,0,0
time,3,pages,outliers_32,index_submit,20000,89,170,316,27553,0,0
time,3,pages,outliers_32,index_ack,20000,70,148,301,26853,0,0
time,3,pages,outliers_32,cross_page_submit_subset,305,98,344,420,546,0,0
time,3,pages,outliers_32,page_creation_subset,10,323,420,420,546,0,0
time,3,pages,outliers_32,far_query,20000,36,60,94,54615,0,0
time,3,pages,boundary_32,price_query,20000,36,58,160,33855,0,0
time,3,pages,boundary_32,near_range8,20000,73,186,352,58742,0,0
time,3,pages,boundary_32,index_submit,20000,88,162,315,98991,0,0
time,3,pages,boundary_32,index_ack,20000,86,170,298,25489,0,0
time,3,pages,boundary_32,cross_page_submit_subset,625,88,156,219,355,0,0
time,3,pages,jump_32,price_query,20000,36,60,173,30721,0,0
time,3,pages,jump_32,near_range8,20000,72,194,438,80933,0,0
time,3,pages,jump_32,index_submit,20000,88,182,325,49499,0,0
time,3,pages,jump_32,index_ack,20000,71,189,339,64914,0,0
time,3,pages,jump_32,cross_page_submit_subset,2652,97,237,411,19400,0,0
time,3,pages,jump_32,page_creation_subset,156,180,350,362,411,0,0
time,3,pages,jump_32,jump_submit_subset,2496,97,239,411,19400,0,0
time,3,pages,rolling_128,price_query,20000,36,59,172,25730,0,0
time,3,pages,rolling_128,near_range8,20000,73,160,279,30254,0,0
time,3,pages,rolling_128,index_submit,20000,89,150,247,27527,0,0
time,3,pages,rolling_128,index_ack,20000,74,122,242,14130,0,0
time,3,pages,rolling_128,cross_page_submit_subset,312,102,167,603,679,0,0
time,3,pages,rolling_128,page_creation_subset,3,603,603,603,679,0,0
time,3,pages,outliers_128,price_query,20000,36,59,92,30436,0,0
time,3,pages,outliers_128,near_range8,20000,73,147,249,25169,0,0
time,3,pages,outliers_128,index_submit,20000,90,158,232,30568,0,0
time,3,pages,outliers_128,index_ack,20000,74,124,251,16993,0,0
time,3,pages,outliers_128,cross_page_submit_subset,312,102,190,405,453,0,0
time,3,pages,outliers_128,page_creation_subset,3,405,405,405,453,0,0
time,3,pages,outliers_128,far_query,20000,37,59,83,3864,0,0
time,3,pages,boundary_128,price_query,20000,36,49,62,27292,0,0
time,3,pages,boundary_128,near_range8,20000,73,105,227,16613,0,0
time,3,pages,boundary_128,index_submit,20000,88,114,150,16849,0,0
time,3,pages,boundary_128,index_ack,20000,84,118,240,34691,0,0
time,3,pages,boundary_128,cross_page_submit_subset,313,95,127,131,132,0,0
time,3,pages,jump_128,price_query,20000,46,185,497,39714,0,0
time,3,pages,jump_128,near_range8,20000,103,299,556,22020,0,0
time,3,pages,jump_128,index_submit,20000,128,372,929,36090,0,0
time,3,pages,jump_128,index_ack,20000,106,374,762,59417,0,0
time,3,pages,jump_128,cross_page_submit_subset,2704,152,469,945,1181,0,0
time,3,pages,jump_128,page_creation_subset,77,348,993,993,1181,0,0
time,3,pages,jump_128,jump_submit_subset,2432,152,387,944,1181,0,0
time,3,pages,4096books_4near_2far,price_query,20000,362,1227,2362,57636,0,0
time,3,pages,new_book_growth,index_insert,20000,420,5530,55764,1990613,0,0
time,3,pages,new_book_growth,page_block_growth_subset,313,5321,231324,336406,1990613,0,0
time,3,pages,engine_cancel_rehang_4near,cancel_to_command,20000,950,3602,34215,1008347,0,0
time,3,pages,engine_cancel_rehang_4near,new_to_command,20000,1158,5333,27727,1819628,0,0
time,3,pages,engine_cancel_rehang_4near,accepted_report,20000,714,3705,21254,708556,0,0
time,3,pages,engine_cancel_rehang_4near,canceled_report,20000,725,4069,22455,185490,0,0
time,3,pages,engine_rolling_4_2far,price_query,20000,40,92,157,18922,0,0
time,3,pages,engine_rolling_4_2far,intent_to_command,20000,1005,3549,20875,99272,0,0
time,3,pages,engine_rolling_4_2far,intent_queued,20000,505,2639,19426,51961,0,0
time,3,pages,engine_rolling_4_2far,replace_report,20000,702,4438,19527,70893,0,0
time,3,pages,engine_rolling_4_2far,ready_to_command,20000,881,2757,20513,103006,0,0
time,3,pages,engine_jump_4_2far,price_query,20000,41,110,243,29570,0,0
time,3,pages,engine_jump_4_2far,intent_to_command,20000,1053,4027,28405,382050,0,0
time,3,pages,engine_jump_4_2far,intent_queued,20000,547,2963,7942,631965,0,0
time,3,pages,engine_jump_4_2far,replace_report,20000,802,4666,28500,160340,0,0
time,3,pages,engine_jump_4_2far,ready_to_command,20000,892,3780,35526,646951,0,0
time,3,pages,engine_jump_4_2far,jump_intent_subset,2496,1086,4747,10392,53230,0,0
time,3,pages,engine_rolling_32_2far,price_query,20000,41,101,236,3951,0,0
time,3,pages,engine_rolling_32_2far,intent_to_command,20000,1035,3467,25552,498016,0,0
time,3,pages,engine_rolling_32_2far,intent_queued,20000,533,2534,20776,406163,0,0
time,3,pages,engine_rolling_32_2far,replace_report,20000,741,3775,22860,109105,0,0
time,3,pages,engine_rolling_32_2far,ready_to_command,20000,880,3076,26179,877032,0,0
time,3,pages,engine_jump_32_2far,price_query,20000,47,116,264,69630,0,0
time,3,pages,engine_jump_32_2far,intent_to_command,20000,1139,4623,36246,322057,0,0
time,3,pages,engine_jump_32_2far,intent_queued,20000,622,3395,25750,62300,0,0
time,3,pages,engine_jump_32_2far,replace_report,20000,911,4492,34461,363427,0,0
time,3,pages,engine_jump_32_2far,ready_to_command,20000,916,4131,31294,2103011,0,0
time,3,pages,engine_jump_32_2far,jump_intent_subset,2496,1115,2733,34739,71164,0,0
time,3,standard,rolling_4,price_query,20000,32,54,78,81008,0,0
time,3,standard,rolling_4,near_range8,20000,48,172,465,90121,0,0
time,3,standard,rolling_4,index_submit,20000,82,151,255,30669,0,0
time,3,standard,rolling_4,index_ack,20000,76,177,311,20235,0,0
time,3,standard,rolling_4,cross_page_submit_subset,314,82,120,194,262,0,0
time,3,standard,outliers_4,price_query,20000,33,84,206,32216,0,0
time,3,standard,outliers_4,near_range8,20000,50,194,429,352080,0,0
time,3,standard,outliers_4,index_submit,20000,89,210,1003,52235,0,0
time,3,standard,outliers_4,index_ack,20000,82,222,911,1926320,0,0
time,3,standard,outliers_4,cross_page_submit_subset,314,87,203,246,276,0,0
time,3,standard,outliers_4,far_query,20000,35,75,214,22207,0,0
time,3,standard,boundary_4,price_query,20000,32,73,186,27341,0,0
time,3,standard,boundary_4,near_range8,20000,51,194,490,265370,0,0
time,3,standard,boundary_4,index_submit,20000,87,211,376,29954,0,0
time,3,standard,boundary_4,index_ack,20000,100,285,527,95453,0,0
time,3,standard,boundary_4,cross_page_submit_subset,5000,81,184,259,603,0,0
time,3,standard,jump_4,price_query,20000,58,80,204,35877,0,0
time,3,standard,jump_4,near_range8,20000,103,170,265,25142,0,0
time,3,standard,jump_4,index_submit,20000,173,233,383,107331,0,0
time,3,standard,jump_4,index_ack,20000,165,302,559,27986,0,0
time,3,standard,jump_4,cross_page_submit_subset,3746,197,244,430,107331,0,0
time,3,standard,jump_4,jump_submit_subset,2496,206,249,347,5250,0,0
time,3,standard,rolling_32,price_query,20000,65,101,230,103423,0,0
time,3,standard,rolling_32,near_range8,20000,159,231,538,79002,0,0
time,3,standard,rolling_32,index_submit,20000,180,262,493,60817,0,0
time,3,standard,rolling_32,index_ack,20000,133,278,646,24552,0,0
time,3,standard,rolling_32,cross_page_submit_subset,305,181,275,380,24222,0,0
time,3,standard,outliers_32,price_query,20000,63,107,202,35322,0,0
time,3,standard,outliers_32,near_range8,20000,163,235,382,28302,0,0
time,3,standard,outliers_32,index_submit,20000,188,296,539,41778,0,0
time,3,standard,outliers_32,index_ack,20000,132,290,619,116463,0,0
time,3,standard,outliers_32,cross_page_submit_subset,305,188,281,363,893,0,0
time,3,standard,outliers_32,far_query,20000,72,105,208,36723,0,0
time,3,standard,boundary_32,price_query,20000,35,77,157,75495,0,0
time,3,standard,boundary_32,near_range8,20000,72,203,481,532771,0,0
time,3,standard,boundary_32,index_submit,20000,88,187,404,402210,0,0
time,3,standard,boundary_32,index_ack,20000,95,261,645,261131,0,0
time,3,standard,boundary_32,cross_page_submit_subset,625,90,195,233,290,0,0
time,3,standard,jump_32,price_query,20000,36,84,157,35468,0,0
time,3,standard,jump_32,near_range8,20000,78,215,487,445562,0,0
time,3,standard,jump_32,index_submit,20000,97,238,597,100078,0,0
time,3,standard,jump_32,index_ack,20000,70,311,609,384812,0,0
time,3,standard,jump_32,cross_page_submit_subset,2652,132,331,1775,22099,0,0
time,3,standard,jump_32,jump_submit_subset,2496,134,344,1775,22099,0,0
time,3,standard,rolling_128,price_query,20000,43,92,137,24884,0,0
time,3,standard,rolling_128,near_range8,20000,84,204,443,30135,0,0
time,3,standard,rolling_128,index_submit,20000,110,209,413,41639,0,0
time,3,standard,rolling_128,index_ack,20000,74,158,621,52951,0,0
time,3,standard,rolling_128,cross_page_submit_subset,312,108,247,385,17279,0,0
time,3,standard,outliers_128,price_query,20000,45,106,192,9085,0,0
time,3,standard,outliers_128,near_range8,20000,80,230,465,201188,0,0
time,3,standard,outliers_128,index_submit,20000,109,258,497,35520,0,0
time,3,standard,outliers_128,index_ack,20000,75,202,554,24530,0,0
time,3,standard,outliers_128,cross_page_submit_subset,312,110,209,248,400,0,0
time,3,standard,outliers_128,far_query,20000,47,120,230,474,0,0
time,3,standard,boundary_128,price_query,20000,40,71,112,22393,0,0
time,3,standard,boundary_128,near_range8,20000,81,181,304,6548,0,0
time,3,standard,boundary_128,index_submit,20000,100,177,286,36087,0,0
time,3,standard,boundary_128,index_ack,20000,102,282,511,32258,0,0
time,3,standard,boundary_128,cross_page_submit_subset,313,101,170,260,357,0,0
time,3,standard,jump_128,price_query,20000,44,81,134,22086,0,0
time,3,standard,jump_128,near_range8,20000,80,176,345,3912,0,0
time,3,standard,jump_128,index_submit,20000,113,261,484,29535,0,0
time,3,standard,jump_128,index_ack,20000,75,329,577,106373,0,0
time,3,standard,jump_128,cross_page_submit_subset,2704,163,411,910,1416,0,0
time,3,standard,jump_128,jump_submit_subset,2432,165,430,910,1416,0,0
time,3,standard,4096books_4near_2far,price_query,20000,212,762,1307,128446,0,0
time,3,standard,new_book_growth,index_insert,20000,311,3780,24295,1739931,0,0
time,3,standard,engine_cancel_rehang_4near,cancel_to_command,20000,947,1636,24032,1010197,0,0
time,3,standard,engine_cancel_rehang_4near,new_to_command,20000,1103,3062,24133,259332,0,0
time,3,standard,engine_cancel_rehang_4near,accepted_report,20000,696,3624,9975,70332,0,0
time,3,standard,engine_cancel_rehang_4near,canceled_report,20000,714,3654,19812,140115,0,0
time,3,standard,engine_rolling_4_2far,price_query,20000,35,105,250,43674,0,0
time,3,standard,engine_rolling_4_2far,intent_to_command,20000,1143,4180,28268,2418816,0,0
time,3,standard,engine_rolling_4_2far,intent_queued,20000,612,3288,20770,58439,0,0
time,3,standard,engine_rolling_4_2far,replace_report,20000,913,5123,27804,274784,0,0
time,3,standard,engine_rolling_4_2far,ready_to_command,20000,951,3875,27255,434340,0,0
time,3,standard,engine_jump_4_2far,price_query,20000,34,69,121,3641,0,0
time,3,standard,engine_jump_4_2far,intent_to_command,20000,1002,3067,21869,60244,0,0
time,3,standard,engine_jump_4_2far,intent_queued,20000,498,2338,5483,73873,0,0
time,3,standard,engine_jump_4_2far,replace_report,20000,690,3869,18819,56435,0,0
time,3,standard,engine_jump_4_2far,ready_to_command,20000,896,2774,20352,45571,0,0
time,3,standard,engine_jump_4_2far,jump_intent_subset,2496,1013,3776,20021,31544,0,0
time,3,standard,engine_rolling_32_2far,price_query,20000,57,96,154,32786,0,0
time,3,standard,engine_rolling_32_2far,intent_to_command,20000,1024,2961,20580,58498,0,0
time,3,standard,engine_rolling_32_2far,intent_queued,20000,500,2299,5908,41305,0,0
time,3,standard,engine_rolling_32_2far,replace_report,20000,664,3763,7172,56377,0,0
time,3,standard,engine_rolling_32_2far,ready_to_command,20000,903,2690,20850,35749,0,0
time,3,standard,engine_jump_32_2far,price_query,20000,56,92,139,4669,0,0
time,3,standard,engine_jump_32_2far,intent_to_command,20000,1019,2890,22110,137490,0,0
time,3,standard,engine_jump_32_2far,intent_queued,20000,501,2296,7319,49382,0,0
time,3,standard,engine_jump_32_2far,replace_report,20000,684,3787,8702,39518,0,0
time,3,standard,engine_jump_32_2far,ready_to_command,20000,904,2695,19561,71906,0,0
time,3,standard,engine_jump_32_2far,jump_intent_subset,2496,1026,2540,9298,21107,0,0
time,4,standard,rolling_4,price_query,20000,32,48,71,210,0,0
time,4,standard,rolling_4,near_range8,20000,48,148,263,18553,0,0
time,4,standard,rolling_4,index_submit,20000,82,126,219,67906,0,0
time,4,standard,rolling_4,index_ack,20000,75,144,278,1142,0,0
time,4,standard,rolling_4,cross_page_submit_subset,314,82,128,170,276,0,0
time,4,standard,outliers_4,price_query,20000,33,48,62,3526,0,0
time,4,standard,outliers_4,near_range8,20000,50,79,191,22834,0,0
time,4,standard,outliers_4,index_submit,20000,84,124,209,35977,0,0
time,4,standard,outliers_4,index_ack,20000,80,126,194,22676,0,0
time,4,standard,outliers_4,cross_page_submit_subset,314,85,119,225,713,0,0
time,4,standard,outliers_4,far_query,20000,34,47,59,38795,0,0
time,4,standard,boundary_4,price_query,20000,31,46,61,168,0,0
time,4,standard,boundary_4,near_range8,20000,50,86,207,28788,0,0
time,4,standard,boundary_4,index_submit,20000,82,115,184,18756,0,0
time,4,standard,boundary_4,index_ack,20000,94,132,218,27872,0,0
time,4,standard,boundary_4,cross_page_submit_subset,5000,81,102,138,17692,0,0
time,4,standard,jump_4,price_query,20000,32,45,60,109,0,0
time,4,standard,jump_4,near_range8,20000,48,80,189,27451,0,0
time,4,standard,jump_4,index_submit,20000,83,121,178,27120,0,0
time,4,standard,jump_4,index_ack,20000,76,141,207,18902,0,0
time,4,standard,jump_4,cross_page_submit_subset,3746,98,134,172,337,0,0
time,4,standard,jump_4,jump_submit_subset,2496,105,139,185,337,0,0
time,4,standard,rolling_32,price_query,20000,35,59,79,19283,0,0
time,4,standard,rolling_32,near_range8,20000,74,132,225,29553,0,0
time,4,standard,rolling_32,index_submit,20000,91,154,239,18526,0,0
time,4,standard,rolling_32,index_ack,20000,70,146,350,26049,0,0
time,4,standard,rolling_32,cross_page_submit_subset,305,90,154,175,259,0,0
time,4,standard,outliers_32,price_query,20000,34,54,70,98,0,0
time,4,standard,outliers_32,near_range8,20000,73,114,230,3940,0,0
time,4,standard,outliers_32,index_submit,20000,101,159,254,31102,0,0
time,4,standard,outliers_32,index_ack,20000,70,153,357,20387,0,0
time,4,standard,outliers_32,cross_page_submit_subset,305,101,151,170,180,0,0
time,4,standard,outliers_32,far_query,20000,40,55,77,4093,0,0
time,4,standard,boundary_32,price_query,20000,34,53,73,9563,0,0
time,4,standard,boundary_32,near_range8,20000,71,126,267,25590,0,0
time,4,standard,boundary_32,index_submit,20000,88,162,258,35763,0,0
time,4,standard,boundary_32,index_ack,20000,94,196,406,30612,0,0
time,4,standard,boundary_32,cross_page_submit_subset,625,95,129,155,156,0,0
time,4,standard,jump_32,price_query,20000,35,62,81,90815,0,0
time,4,standard,jump_32,near_range8,20000,75,144,284,16768,0,0
time,4,standard,jump_32,index_submit,20000,94,178,263,17864,0,0
time,4,standard,jump_32,index_ack,20000,70,234,374,28128,0,0
time,4,standard,jump_32,cross_page_submit_subset,2652,124,226,380,493,0,0
time,4,standard,jump_32,jump_submit_subset,2496,125,230,380,493,0,0
time,4,standard,rolling_128,price_query,20000,42,68,88,3858,0,0
time,4,standard,rolling_128,near_range8,20000,84,122,236,43790,0,0
time,4,standard,rolling_128,index_submit,20000,108,149,245,18134,0,0
time,4,standard,rolling_128,index_ack,20000,73,144,365,44133,0,0
time,4,standard,rolling_128,cross_page_submit_subset,312,107,142,195,230,0,0
time,4,standard,outliers_128,price_query,20000,42,71,88,239,0,0
time,4,standard,outliers_128,near_range8,20000,79,144,301,30472,0,0
time,4,standard,outliers_128,index_submit,20000,108,171,290,28083,0,0
time,4,standard,outliers_128,index_ack,20000,74,151,422,21023,0,0
time,4,standard,outliers_128,cross_page_submit_subset,312,108,140,187,190,0,0
time,4,standard,outliers_128,far_query,20000,46,72,104,19276,0,0
time,4,standard,boundary_128,price_query,20000,40,65,89,18939,0,0
time,4,standard,boundary_128,near_range8,20000,81,142,301,23938,0,0
time,4,standard,boundary_128,index_submit,20000,99,154,211,29070,0,0
time,4,standard,boundary_128,index_ack,20000,100,270,405,25607,0,0
time,4,standard,boundary_128,cross_page_submit_subset,313,101,147,153,158,0,0
time,4,standard,jump_128,price_query,20000,44,81,137,31441,0,0
time,4,standard,jump_128,near_range8,20000,80,176,326,99723,0,0
time,4,standard,jump_128,index_submit,20000,113,253,453,19132,0,0
time,4,standard,jump_128,index_ack,20000,75,304,493,3751,0,0
time,4,standard,jump_128,cross_page_submit_subset,2704,163,373,793,1183,0,0
time,4,standard,jump_128,jump_submit_subset,2432,165,397,793,1183,0,0
time,4,standard,4096books_4near_2far,price_query,20000,168,676,1042,42440,0,0
time,4,standard,new_book_growth,index_insert,20000,258,3259,14391,1364292,0,0
time,4,standard,engine_cancel_rehang_4near,cancel_to_command,20000,940,1671,24553,1022727,0,0
time,4,standard,engine_cancel_rehang_4near,new_to_command,20000,1091,3083,24452,260725,0,0
time,4,standard,engine_cancel_rehang_4near,accepted_report,20000,694,3547,7487,36986,0,0
time,4,standard,engine_cancel_rehang_4near,canceled_report,20000,713,3639,16757,55888,0,0
time,4,standard,engine_rolling_4_2far,price_query,20000,33,64,111,3624,0,0
time,4,standard,engine_rolling_4_2far,intent_to_command,20000,995,2977,22738,57440,0,0
time,4,standard,engine_rolling_4_2far,intent_queued,20000,499,2390,5603,46863,0,0
time,4,standard,engine_rolling_4_2far,replace_report,20000,693,3906,21368,71991,0,0
time,4,standard,engine_rolling_4_2far,ready_to_command,20000,893,2741,21307,41098,0,0
time,4,standard,engine_jump_4_2far,price_query,20000,35,67,105,620,0,0
time,4,standard,engine_jump_4_2far,intent_to_command,20000,996,2872,21258,256078,0,0
time,4,standard,engine_jump_4_2far,intent_queued,20000,495,2306,4722,114243,0,0
time,4,standard,engine_jump_4_2far,replace_report,20000,688,3809,21492,88169,0,0
time,4,standard,engine_jump_4_2far,ready_to_command,20000,894,2685,22954,50787,0,0
time,4,standard,engine_jump_4_2far,jump_intent_subset,2496,1005,3273,9588,31955,0,0
time,4,standard,engine_rolling_32_2far,price_query,20000,57,92,167,23493,0,0
time,4,standard,engine_rolling_32_2far,intent_to_command,20000,1022,2978,23198,47677,0,0
time,4,standard,engine_rolling_32_2far,intent_queued,20000,505,2373,4949,99907,0,0
time,4,standard,engine_rolling_32_2far,replace_report,20000,687,3895,22484,66099,0,0
time,4,standard,engine_rolling_32_2far,ready_to_command,20000,897,2712,19736,59291,0,0
time,4,standard,engine_jump_32_2far,price_query,20000,57,97,163,31296,0,0
time,4,standard,engine_jump_32_2far,intent_to_command,20000,1024,2985,22509,95574,0,0
time,4,standard,engine_jump_32_2far,intent_queued,20000,506,2345,6464,174129,0,0
time,4,standard,engine_jump_32_2far,replace_report,20000,697,3765,19748,53749,0,0
time,4,standard,engine_jump_32_2far,ready_to_command,20000,903,2724,23271,83890,0,0
time,4,standard,engine_jump_32_2far,jump_intent_subset,2496,1026,2433,20999,29538,0,0
time,4,pages,rolling_4,price_query,20000,36,48,103,368,0,0
time,4,pages,rolling_4,near_range8,20000,61,160,268,18247,0,0
time,4,pages,rolling_4,index_submit,20000,89,138,207,17025,0,0
time,4,pages,rolling_4,index_ack,20000,80,131,230,23903,0,0
time,4,pages,rolling_4,cross_page_submit_subset,314,93,230,233,286,0,0
time,4,pages,rolling_4,page_creation_subset,78,152,232,232,286,0,0
time,4,pages,outliers_4,price_query,20000,36,39,50,36950,0,0
time,4,pages,outliers_4,near_range8,20000,64,148,245,20904,0,0
time,4,pages,outliers_4,index_submit,20000,88,127,217,19159,0,0
time,4,pages,outliers_4,index_ack,20000,80,116,249,32955,0,0
time,4,pages,outliers_4,cross_page_submit_subset,314,96,243,258,280,0,0
time,4,pages,outliers_4,page_creation_subset,78,168,258,258,280,0,0
time,4,pages,outliers_4,far_query,20000,36,49,54,16638,0,0
time,4,pages,boundary_4,price_query,20000,36,46,58,214,0,0
time,4,pages,boundary_4,near_range8,20000,65,100,224,21309,0,0
time,4,pages,boundary_4,index_submit,20000,87,113,172,30855,0,0
time,4,pages,boundary_4,index_ack,20000,93,136,251,18265,0,0
time,4,pages,boundary_4,cross_page_submit_subset,5000,85,105,177,17152,0,0
time,4,pages,jump_4,price_query,20000,36,49,60,128,0,0
time,4,pages,jump_4,near_range8,20000,62,105,236,18061,0,0
time,4,pages,jump_4,index_submit,20000,91,161,243,29385,0,0
time,4,pages,jump_4,index_ack,20000,82,150,258,38638,0,0
time,4,pages,jump_4,cross_page_submit_subset,3746,98,190,284,2891,0,0
time,4,pages,jump_4,page_creation_subset,1248,148,241,315,2891,0,0
time,4,pages,jump_4,jump_submit_subset,2496,127,214,284,2891,0,0
time,4,pages,rolling_32,price_query,20000,36,49,60,17622,0,0
time,4,pages,rolling_32,near_range8,20000,71,106,213,46594,0,0
time,4,pages,rolling_32,index_submit,20000,87,119,190,16716,0,0
time,4,pages,rolling_32,index_ack,20000,70,107,239,3813,0,0
time,4,pages,rolling_32,cross_page_submit_subset,305,98,231,334,349,0,0
time,4,pages,rolling_32,page_creation_subset,10,222,334,334,349,0,0
time,4,pages,outliers_32,price_query,20000,36,48,61,27158,0,0
time,4,pages,outliers_32,near_range8,20000,73,109,243,19184,0,0
time,4,pages,outliers_32,index_submit,20000,89,124,246,28431,0,0
time,4,pages,outliers_32,index_ack,20000,70,111,244,17422,0,0
time,4,pages,outliers_32,cross_page_submit_subset,305,97,247,302,389,0,0
time,4,pages,outliers_32,page_creation_subset,10,247,302,302,389,0,0
time,4,pages,outliers_32,far_query,20000,36,49,62,21148,0,0
time,4,pages,boundary_32,price_query,20000,36,55,80,25693,0,0
time,4,pages,boundary_32,near_range8,20000,72,143,267,99262,0,0
time,4,pages,boundary_32,index_submit,20000,88,150,231,18847,0,0
time,4,pages,boundary_32,index_ack,20000,86,149,287,32106,0,0
time,4,pages,boundary_32,cross_page_submit_subset,625,89,144,344,4476,0,0
time,4,pages,jump_32,price_query,20000,36,50,61,24437,0,0
time,4,pages,jump_32,near_range8,20000,72,133,258,3861,0,0
time,4,pages,jump_32,index_submit,20000,88,147,238,27251,0,0
time,4,pages,jump_32,index_ack,20000,71,143,266,20244,0,0
time,4,pages,jump_32,cross_page_submit_subset,2652,96,199,299,3697,0,0
time,4,pages,jump_32,page_creation_subset,156,166,299,302,331,0,0
time,4,pages,jump_32,jump_submit_subset,2496,96,202,299,3697,0,0
time,4,pages,rolling_128,price_query,20000,36,60,145,16826,0,0
time,4,pages,rolling_128,near_range8,20000,73,164,291,28098,0,0
time,4,pages,rolling_128,index_submit,20000,90,158,262,29685,0,0
time,4,pages,rolling_128,index_ack,20000,74,136,280,70288,0,0
time,4,pages,rolling_128,cross_page_submit_subset,312,103,220,463,463,0,0
time,4,pages,rolling_128,page_creation_subset,3,390,390,390,463,0,0
time,4,pages,outliers_128,price_query,20000,36,49,69,3732,0,0
time,4,pages,outliers_128,near_range8,20000,74,112,231,21786,0,0
time,4,pages,outliers_128,index_submit,20000,90,120,209,30217,0,0
time,4,pages,outliers_128,index_ack,20000,74,110,225,17887,0,0
time,4,pages,outliers_128,cross_page_submit_subset,312,102,181,283,382,0,0
time,4,pages,outliers_128,page_creation_subset,3,283,283,283,382,0,0
time,4,pages,outliers_128,far_query,20000,38,50,62,17149,0,0
time,4,pages,boundary_128,price_query,20000,36,51,63,20356,0,0
time,4,pages,boundary_128,near_range8,20000,73,126,250,29521,0,0
time,4,pages,boundary_128,index_submit,20000,89,133,208,33377,0,0
time,4,pages,boundary_128,index_ack,20000,84,129,246,18452,0,0
time,4,pages,boundary_128,cross_page_submit_subset,313,95,134,150,150,0,0
time,4,pages,jump_128,price_query,20000,36,50,62,28250,0,0
time,4,pages,jump_128,near_range8,20000,73,118,248,17307,0,0
time,4,pages,jump_128,index_submit,20000,88,126,241,20948,0,0
time,4,pages,jump_128,index_ack,20000,74,134,274,32293,0,0
time,4,pages,jump_128,cross_page_submit_subset,2704,100,202,311,3842,0,0
time,4,pages,jump_128,page_creation_subset,77,180,311,311,330,0,0
time,4,pages,jump_128,jump_submit_subset,2432,99,191,311,3842,0,0
time,4,pages,4096books_4near_2far,price_query,20000,305,1115,3694,45902,0,0
time,4,pages,new_book_growth,index_insert,20000,390,4928,42955,1341514,0,0
time,4,pages,new_book_growth,page_block_growth_subset,313,5102,85658,331777,1341514,0,0
time,4,pages,engine_cancel_rehang_4near,cancel_to_command,20000,925,3163,23121,1049534,0,0
time,4,pages,engine_cancel_rehang_4near,new_to_command,20000,1091,4496,22761,331776,0,0
time,4,pages,engine_cancel_rehang_4near,accepted_report,20000,660,3833,20841,73063,0,0
time,4,pages,engine_cancel_rehang_4near,canceled_report,20000,677,4035,20094,88664,0,0
time,4,pages,engine_rolling_4_2far,price_query,20000,39,76,111,36057,0,0
time,4,pages,engine_rolling_4_2far,intent_to_command,20000,994,2899,20059,103704,0,0
time,4,pages,engine_rolling_4_2far,intent_queued,20000,497,2384,6413,77303,0,0
time,4,pages,engine_rolling_4_2far,replace_report,20000,676,3694,19414,62143,0,0
time,4,pages,engine_rolling_4_2far,ready_to_command,20000,882,2707,19824,51508,0,0
time,4,pages,engine_jump_4_2far,price_query,20000,40,80,140,18795,0,0
time,4,pages,engine_jump_4_2far,intent_to_command,20000,1006,2932,20267,208976,0,0
time,4,pages,engine_jump_4_2far,intent_queued,20000,500,2295,4434,33107,0,0
time,4,pages,engine_jump_4_2far,replace_report,20000,694,3789,20592,220681,0,0
time,4,pages,engine_jump_4_2far,ready_to_command,20000,888,2705,20968,52514,0,0
time,4,pages,engine_jump_4_2far,jump_intent_subset,2496,1030,3686,20267,23631,0,0
time,4,pages,engine_rolling_32_2far,price_query,20000,41,85,165,18996,0,0
time,4,pages,engine_rolling_32_2far,intent_to_command,20000,1011,3166,20861,162643,0,0
time,4,pages,engine_rolling_32_2far,intent_queued,20000,511,2505,17691,47827,0,0
time,4,pages,engine_rolling_32_2far,replace_report,20000,688,4123,22649,753866,0,0
time,4,pages,engine_rolling_32_2far,ready_to_command,20000,878,2738,21828,68866,0,0
time,4,pages,engine_jump_32_2far,price_query,20000,41,111,240,20840,0,0
time,4,pages,engine_jump_32_2far,intent_to_command,20000,1076,3717,34390,155389,0,0
time,4,pages,engine_jump_32_2far,intent_queued,20000,564,2915,26480,2474106,0,0
time,4,pages,engine_jump_32_2far,replace_report,20000,840,4079,24131,216689,0,0
time,4,pages,engine_jump_32_2far,ready_to_command,20000,890,3219,25715,216525,0,0
time,4,pages,engine_jump_32_2far,jump_intent_subset,2496,1097,2893,22380,117618,0,0
time,4,adaptive,rolling_4,price_query,20000,36,69,175,24024,0,0
time,4,adaptive,rolling_4,near_range8,20000,45,142,399,57758,0,0
time,4,adaptive,rolling_4,index_submit,20000,85,181,295,21649,0,0
time,4,adaptive,rolling_4,index_ack,20000,77,180,378,46542,0,0
time,4,adaptive,rolling_4,cross_page_submit_subset,314,85,165,218,223,0,0
time,4,adaptive,outliers_4,price_query,20000,35,60,166,18398,0,0
time,4,adaptive,outliers_4,near_range8,20000,46,111,209,72734,0,0
time,4,adaptive,outliers_4,index_submit,20000,86,169,280,22372,0,0
time,4,adaptive,outliers_4,index_ack,20000,79,161,290,44380,0,0
time,4,adaptive,outliers_4,cross_page_submit_subset,314,85,158,201,202,0,0
time,4,adaptive,outliers_4,far_query,20000,35,61,161,23561,0,0
time,4,adaptive,boundary_4,price_query,20000,35,61,176,35169,0,0
time,4,adaptive,boundary_4,near_range8,20000,46,154,322,35793,0,0
time,4,adaptive,boundary_4,index_submit,20000,85,168,263,24055,0,0
time,4,adaptive,boundary_4,index_ack,20000,87,185,280,18520,0,0
time,4,adaptive,boundary_4,cross_page_submit_subset,5000,82,157,222,1027,0,0
time,4,adaptive,jump_4,price_query,20000,36,72,199,26032,0,0
time,4,adaptive,jump_4,near_range8,20000,45,140,263,31228,0,0
time,4,adaptive,jump_4,index_submit,20000,87,178,278,177090,0,0
time,4,adaptive,jump_4,index_ack,20000,80,185,283,43925,0,0
time,4,adaptive,jump_4,cross_page_submit_subset,3746,100,201,292,177090,0,0
time,4,adaptive,jump_4,jump_submit_subset,2496,106,208,310,177090,0,0
time,4,adaptive,rolling_32,price_query,20000,60,157,341,39033,0,0
time,4,adaptive,rolling_32,near_range8,20000,106,205,375,58269,0,0
time,4,adaptive,rolling_32,index_submit,20000,141,218,389,766371,0,0
time,4,adaptive,rolling_32,index_ack,20000,110,201,287,32581,0,0
time,4,adaptive,rolling_32,cross_page_submit_subset,305,140,208,214,272,0,0
time,4,adaptive,outliers_32,price_query,20000,67,169,438,27306,0,0
time,4,adaptive,outliers_32,near_range8,20000,124,236,472,36228,0,0
time,4,adaptive,outliers_32,index_submit,20000,160,241,357,41902,0,0
time,4,adaptive,outliers_32,index_ack,20000,124,209,340,90799,0,0
time,4,adaptive,outliers_32,cross_page_submit_subset,305,162,252,352,21885,0,0
time,4,adaptive,outliers_32,far_query,20000,65,173,444,31423,0,0
time,4,adaptive,boundary_32,price_query,20000,67,170,416,63489,0,0
time,4,adaptive,boundary_32,near_range8,20000,123,238,528,79981,0,0
time,4,adaptive,boundary_32,index_submit,20000,160,223,326,38067,0,0
time,4,adaptive,boundary_32,index_ack,20000,148,240,326,35239,0,0
time,4,adaptive,boundary_32,cross_page_submit_subset,625,162,230,328,4863,0,0
time,4,adaptive,jump_32,price_query,20000,64,169,403,52004,0,0
time,4,adaptive,jump_32,near_range8,20000,117,208,365,82921,0,0
time,4,adaptive,jump_32,index_submit,20000,157,251,337,35182,0,0
time,4,adaptive,jump_32,index_ack,20000,123,266,366,28871,0,0
time,4,adaptive,jump_32,cross_page_submit_subset,2652,193,290,454,5624,0,0
time,4,adaptive,jump_32,jump_submit_subset,2496,196,294,454,5624,0,0
time,4,adaptive,rolling_128,price_query,20000,63,173,420,58200,0,0
time,4,adaptive,rolling_128,near_range8,20000,98,258,656,35100,0,0
time,4,adaptive,rolling_128,index_submit,20000,139,326,1011,15429,0,0
time,4,adaptive,rolling_128,index_ack,20000,101,265,1000,121240,0,0
time,4,adaptive,rolling_128,cross_page_submit_subset,312,139,260,385,495,0,0
time,4,adaptive,outliers_128,price_query,20000,57,71,81,22284,0,0
time,4,adaptive,outliers_128,near_range8,20000,74,124,226,25351,0,0
time,4,adaptive,outliers_128,index_submit,20000,106,163,236,28194,0,0
time,4,adaptive,outliers_128,index_ack,20000,74,135,249,20103,0,0
time,4,adaptive,outliers_128,cross_page_submit_subset,312,107,167,187,229,0,0
time,4,adaptive,outliers_128,far_query,20000,58,71,94,18240,0,0
time,4,adaptive,boundary_128,price_query,20000,57,74,104,17214,0,0
time,4,adaptive,boundary_128,near_range8,20000,73,130,240,24792,0,0
time,4,adaptive,boundary_128,index_submit,20000,106,171,279,20501,0,0
time,4,adaptive,boundary_128,index_ack,20000,109,179,249,48701,0,0
time,4,adaptive,boundary_128,cross_page_submit_subset,313,118,160,181,204,0,0
time,4,adaptive,jump_128,price_query,20000,56,71,107,29363,0,0
time,4,adaptive,jump_128,near_range8,20000,72,128,211,24945,0,0
time,4,adaptive,jump_128,index_submit,20000,104,173,290,18322,0,0
time,4,adaptive,jump_128,index_ack,20000,74,217,318,5063,0,0
time,4,adaptive,jump_128,cross_page_submit_subset,2704,127,199,329,4032,0,0
time,4,adaptive,jump_128,jump_submit_subset,2432,130,199,329,4032,0,0
time,4,adaptive,4096books_4near_2far,price_query,20000,196,727,1132,234503,0,0
time,4,adaptive,new_book_growth,index_insert,20000,208,2588,17525,1425510,0,0
time,4,adaptive,engine_cancel_rehang_4near,cancel_to_command,20000,961,2686,26603,1212892,0,0
time,4,adaptive,engine_cancel_rehang_4near,new_to_command,20000,1147,3615,25711,292554,0,0
time,4,adaptive,engine_cancel_rehang_4near,accepted_report,20000,730,3925,25983,157646,0,0
time,4,adaptive,engine_cancel_rehang_4near,canceled_report,20000,730,3967,23642,169472,0,0
time,4,adaptive,engine_rolling_4_2far,price_query,20000,38,102,226,36999,0,0
time,4,adaptive,engine_rolling_4_2far,intent_to_command,20000,1049,3407,33782,1209235,0,0
time,4,adaptive,engine_rolling_4_2far,intent_queued,20000,542,2770,24408,903509,0,0
time,4,adaptive,engine_rolling_4_2far,replace_report,20000,802,4227,26124,556397,0,0
time,4,adaptive,engine_rolling_4_2far,ready_to_command,20000,908,3057,27284,289455,0,0
time,4,adaptive,engine_jump_4_2far,price_query,20000,38,104,232,23837,0,0
time,4,adaptive,engine_jump_4_2far,intent_to_command,20000,1047,3497,26890,156946,0,0
time,4,adaptive,engine_jump_4_2far,intent_queued,20000,539,2613,19293,894495,0,0
time,4,adaptive,engine_jump_4_2far,replace_report,20000,794,4220,33466,925873,0,0
time,4,adaptive,engine_jump_4_2far,ready_to_command,20000,910,3037,28845,2389031,0,0
time,4,adaptive,engine_jump_4_2far,jump_intent_subset,2496,1061,4404,23276,30834,0,0
time,4,adaptive,engine_rolling_32_2far,price_query,20000,54,100,259,35375,0,0
time,4,adaptive,engine_rolling_32_2far,intent_to_command,20000,1044,3237,24865,324899,0,0
time,4,adaptive,engine_rolling_32_2far,intent_queued,20000,535,2562,19321,417567,0,0
time,4,adaptive,engine_rolling_32_2far,replace_report,20000,735,4062,21532,63175,0,0
time,4,adaptive,engine_rolling_32_2far,ready_to_command,20000,890,2895,26305,1115778,0,0
time,4,adaptive,engine_jump_32_2far,price_query,20000,55,108,219,39801,0,0
time,4,adaptive,engine_jump_32_2far,intent_to_command,20000,1037,3279,25008,146259,0,0
time,4,adaptive,engine_jump_32_2far,intent_queued,20000,530,2542,18508,53061,0,0
time,4,adaptive,engine_jump_32_2far,replace_report,20000,722,4231,19899,71306,0,0
time,4,adaptive,engine_jump_32_2far,ready_to_command,20000,895,2831,26807,175216,0,0
time,4,adaptive,engine_jump_32_2far,jump_intent_subset,2496,1037,2775,25933,35056,0,0
time,5,adaptive,rolling_4,price_query,20000,36,56,78,224,0,0
time,5,adaptive,rolling_4,near_range8,20000,45,100,194,55392,0,0
time,5,adaptive,rolling_4,index_submit,20000,84,156,286,22181,0,0
time,5,adaptive,rolling_4,index_ack,20000,75,150,286,83107,0,0
time,5,adaptive,rolling_4,cross_page_submit_subset,314,84,166,196,269,0,0
time,5,adaptive,outliers_4,price_query,20000,35,62,115,22347,0,0
time,5,adaptive,outliers_4,near_range8,20000,46,107,199,24107,0,0
time,5,adaptive,outliers_4,index_submit,20000,85,181,285,126505,0,0
time,5,adaptive,outliers_4,index_ack,20000,79,170,285,22071,0,0
time,5,adaptive,outliers_4,cross_page_submit_subset,314,86,168,179,180,0,0
time,5,adaptive,outliers_4,far_query,20000,35,63,172,46120,0,0
time,5,adaptive,boundary_4,price_query,20000,35,53,74,27752,0,0
time,5,adaptive,boundary_4,near_range8,20000,46,113,211,22423,0,0
time,5,adaptive,boundary_4,index_submit,20000,84,147,244,19421,0,0
time,5,adaptive,boundary_4,index_ack,20000,86,156,282,45247,0,0
time,5,adaptive,boundary_4,cross_page_submit_subset,5000,82,134,228,3923,0,0
time,5,adaptive,jump_4,price_query,20000,36,58,82,21054,0,0
time,5,adaptive,jump_4,near_range8,20000,45,87,158,3763,0,0
time,5,adaptive,jump_4,index_submit,20000,85,148,240,74393,0,0
time,5,adaptive,jump_4,index_ack,20000,78,152,262,28978,0,0
time,5,adaptive,jump_4,cross_page_submit_subset,3746,97,177,248,27311,0,0
time,5,adaptive,jump_4,jump_submit_subset,2496,104,190,253,27311,0,0
time,5,adaptive,rolling_32,price_query,20000,50,72,114,32972,0,0
time,5,adaptive,rolling_32,near_range8,20000,66,143,318,42470,0,0
time,5,adaptive,rolling_32,index_submit,20000,98,184,319,20985,0,0
time,5,adaptive,rolling_32,index_ack,20000,70,164,331,27521,0,0
time,5,adaptive,rolling_32,cross_page_submit_subset,305,99,177,198,212,0,0
time,5,adaptive,outliers_32,price_query,20000,51,70,113,21461,0,0
time,5,adaptive,outliers_32,near_range8,20000,67,136,280,140771,0,0
time,5,adaptive,outliers_32,index_submit,20000,100,177,322,43236,0,0
time,5,adaptive,outliers_32,index_ack,20000,70,151,300,89508,0,0
time,5,adaptive,outliers_32,cross_page_submit_subset,305,99,155,179,209,0,0
time,5,adaptive,outliers_32,far_query,20000,51,69,113,20951,0,0
time,5,adaptive,boundary_32,price_query,20000,51,67,90,59800,0,0
time,5,adaptive,boundary_32,near_range8,20000,67,124,250,70635,0,0
time,5,adaptive,boundary_32,index_submit,20000,99,162,290,27917,0,0
time,5,adaptive,boundary_32,index_ack,20000,102,166,265,23400,0,0
time,5,adaptive,boundary_32,cross_page_submit_subset,625,101,162,17284,27917,0,0
time,5,adaptive,jump_32,price_query,20000,50,69,103,23103,0,0
time,5,adaptive,jump_32,near_range8,20000,66,132,254,29886,0,0
time,5,adaptive,jump_32,index_submit,20000,98,181,269,23156,0,0
time,5,adaptive,jump_32,index_ack,20000,70,191,282,5502,0,0
time,5,adaptive,jump_32,cross_page_submit_subset,2652,121,237,359,23156,0,0
time,5,adaptive,jump_32,jump_submit_subset,2496,123,238,359,23156,0,0
time,5,adaptive,rolling_128,price_query,20000,58,117,218,956,0,0
time,5,adaptive,rolling_128,near_range8,20000,86,215,437,34480,0,0
time,5,adaptive,rolling_128,index_submit,20000,114,214,327,26035,0,0
time,5,adaptive,rolling_128,index_ack,20000,78,187,367,61051,0,0
time,5,adaptive,rolling_128,cross_page_submit_subset,312,118,182,377,522,0,0
time,5,adaptive,outliers_128,price_query,20000,58,77,111,19482,0,0
time,5,adaptive,outliers_128,near_range8,20000,74,140,279,18950,0,0
time,5,adaptive,outliers_128,index_submit,20000,106,180,317,35081,0,0
time,5,adaptive,outliers_128,index_ack,20000,74,139,251,23221,0,0
time,5,adaptive,outliers_128,cross_page_submit_subset,312,107,165,178,220,0,0
time,5,adaptive,outliers_128,far_query,20000,58,74,118,26153,0,0
time,5,adaptive,boundary_128,price_query,20000,57,76,115,30879,0,0
time,5,adaptive,boundary_128,near_range8,20000,73,137,267,22095,0,0
time,5,adaptive,boundary_128,index_submit,20000,107,179,313,29187,0,0
time,5,adaptive,boundary_128,index_ack,20000,110,190,292,21712,0,0
time,5,adaptive,boundary_128,cross_page_submit_subset,313,119,185,191,195,0,0
time,5,adaptive,jump_128,price_query,20000,56,75,144,20850,0,0
time,5,adaptive,jump_128,near_range8,20000,72,132,260,23421,0,0
time,5,adaptive,jump_128,index_submit,20000,104,212,314,29553,0,0
time,5,adaptive,jump_128,index_ack,20000,75,217,381,26943,0,0
time,5,adaptive,jump_128,cross_page_submit_subset,2704,127,266,1090,1164,0,0
time,5,adaptive,jump_128,jump_submit_subset,2432,132,271,1090,1164,0,0
time,5,adaptive,4096books_4near_2far,price_query,20000,178,722,1287,172345,0,0
time,5,adaptive,new_book_growth,index_insert,20000,213,2529,10552,1406341,0,0
time,5,adaptive,engine_cancel_rehang_4near,cancel_to_command,20000,950,2708,25703,1077752,0,0
time,5,adaptive,engine_cancel_rehang_4near,new_to_command,20000,1108,3915,29577,504431,0,0
time,5,adaptive,engine_cancel_rehang_4near,accepted_report,20000,699,3821,8983,48195,0,0
time,5,adaptive,engine_cancel_rehang_4near,canceled_report,20000,705,3860,18384,99466,0,0
time,5,adaptive,engine_rolling_4_2far,price_query,20000,38,91,170,29653,0,0
time,5,adaptive,engine_rolling_4_2far,intent_to_command,20000,1011,3257,33204,1966877,0,0
time,5,adaptive,engine_rolling_4_2far,intent_queued,20000,506,2403,6087,250685,0,0
time,5,adaptive,engine_rolling_4_2far,replace_report,20000,718,3924,23497,508266,0,0
time,5,adaptive,engine_rolling_4_2far,ready_to_command,20000,905,2816,32317,701491,0,0
time,5,adaptive,engine_jump_4_2far,price_query,20000,38,84,138,3760,0,0
time,5,adaptive,engine_jump_4_2far,intent_to_command,20000,1004,2915,16967,38101,0,0
time,5,adaptive,engine_jump_4_2far,intent_queued,20000,496,2352,5836,33193,0,0
time,5,adaptive,engine_jump_4_2far,replace_report,20000,694,3860,18892,67552,0,0
time,5,adaptive,engine_jump_4_2far,ready_to_command,20000,903,2735,20212,50310,0,0
time,5,adaptive,engine_jump_4_2far,jump_intent_subset,2496,1016,3620,8393,38101,0,0
time,5,adaptive,engine_rolling_32_2far,price_query,20000,54,103,216,996,0,0
time,5,adaptive,engine_rolling_32_2far,intent_to_command,20000,1022,3086,27798,131548,0,0
time,5,adaptive,engine_rolling_32_2far,intent_queued,20000,512,2355,9152,41492,0,0
time,5,adaptive,engine_rolling_32_2far,replace_report,20000,678,3791,26061,76119,0,0
time,5,adaptive,engine_rolling_32_2far,ready_to_command,20000,897,2816,24489,102078,0,0
time,5,adaptive,engine_jump_32_2far,price_query,20000,55,117,289,365820,0,0
time,5,adaptive,engine_jump_32_2far,intent_to_command,20000,1040,3247,25944,101826,0,0
time,5,adaptive,engine_jump_32_2far,intent_queued,20000,529,2545,18465,1635826,0,0
time,5,adaptive,engine_jump_32_2far,replace_report,20000,745,3731,26692,114600,0,0
time,5,adaptive,engine_jump_32_2far,ready_to_command,20000,898,2915,26641,967368,0,0
time,5,adaptive,engine_jump_32_2far,jump_intent_subset,2496,1047,2867,21506,33129,0,0
time,5,pages,rolling_4,price_query,20000,36,56,158,20926,0,0
time,5,pages,rolling_4,near_range8,20000,62,193,461,22171,0,0
time,5,pages,rolling_4,index_submit,20000,91,169,309,351716,0,0
time,5,pages,rolling_4,index_ack,20000,81,167,328,480032,0,0
time,5,pages,rolling_4,cross_page_submit_subset,314,94,385,465,570,0,0
time,5,pages,rolling_4,page_creation_subset,78,158,465,465,570,0,0
time,5,pages,outliers_4,price_query,20000,36,56,149,4932,0,0
time,5,pages,outliers_4,near_range8,20000,62,165,272,30844,0,0
time,5,pages,outliers_4,index_submit,20000,89,170,302,45607,0,0
time,5,pages,outliers_4,index_ack,20000,81,161,295,28872,0,0
time,5,pages,outliers_4,cross_page_submit_subset,314,98,354,432,18096,0,0
time,5,pages,outliers_4,page_creation_subset,78,169,392,392,432,0,0
time,5,pages,outliers_4,far_query,20000,36,55,92,18597,0,0
time,5,pages,boundary_4,price_query,20000,36,42,62,46308,0,0
time,5,pages,boundary_4,near_range8,20000,65,107,222,20848,0,0
time,5,pages,boundary_4,index_submit,20000,88,113,159,16922,0,0
time,5,pages,boundary_4,index_ack,20000,93,135,242,31787,0,0
time,5,pages,boundary_4,cross_page_submit_subset,5000,86,105,139,16922,0,0
time,5,pages,jump_4,price_query,20000,36,54,87,22036,0,0
time,5,pages,jump_4,near_range8,20000,62,119,282,30312,0,0
time,5,pages,jump_4,index_submit,20000,93,172,260,137128,0,0
time,5,pages,jump_4,index_ack,20000,83,170,299,32685,0,0
time,5,pages,jump_4,cross_page_submit_subset,3746,98,213,327,17304,0,0
time,5,pages,jump_4,page_creation_subset,1248,150,247,375,17304,0,0
time,5,pages,jump_4,jump_submit_subset,2496,131,228,327,17304,0,0
time,5,pages,rolling_32,price_query,20000,36,53,91,32063,0,0
time,5,pages,rolling_32,near_range8,20000,71,126,244,19593,0,0
time,5,pages,rolling_32,index_submit,20000,87,148,245,33986,0,0
time,5,pages,rolling_32,index_ack,20000,70,120,235,111588,0,0
time,5,pages,rolling_32,cross_page_submit_subset,305,98,216,242,553,0,0
time,5,pages,rolling_32,page_creation_subset,10,208,242,242,553,0,0
time,5,pages,outliers_32,price_query,20000,36,57,89,29250,0,0
time,5,pages,outliers_32,near_range8,20000,72,135,310,22467,0,0
time,5,pages,outliers_32,index_submit,20000,89,159,306,22004,0,0
time,5,pages,outliers_32,index_ack,20000,70,133,283,20976,0,0
time,5,pages,outliers_32,cross_page_submit_subset,305,98,283,389,458,0,0
time,5,pages,outliers_32,page_creation_subset,10,256,389,389,458,0,0
time,5,pages,outliers_32,far_query,20000,36,58,107,20582,0,0
time,5,pages,boundary_32,price_query,20000,36,119,182,20036,0,0
time,5,pages,boundary_32,near_range8,20000,73,221,343,50101,0,0
time,5,pages,boundary_32,index_submit,20000,88,180,246,27876,0,0
time,5,pages,boundary_32,index_ack,20000,88,193,307,26187,0,0
time,5,pages,boundary_32,cross_page_submit_subset,625,90,176,191,194,0,0
time,5,pages,jump_32,price_query,20000,54,181,442,39127,0,0
time,5,pages,jump_32,near_range8,20000,124,276,555,49892,0,0
time,5,pages,jump_32,index_submit,20000,152,220,382,41741,0,0
time,5,pages,jump_32,index_ack,20000,124,240,407,24732,0,0
time,5,pages,jump_32,cross_page_submit_subset,2652,174,321,495,41741,0,0
time,5,pages,jump_32,page_creation_subset,156,267,390,428,495,0,0
time,5,pages,jump_32,jump_submit_subset,2496,176,328,495,41741,0,0
time,5,pages,rolling_128,price_query,20000,53,164,439,24965,0,0
time,5,pages,rolling_128,near_range8,20000,124,274,569,40291,0,0
time,5,pages,rolling_128,index_submit,20000,150,197,354,26272,0,0
time,5,pages,rolling_128,index_ack,20000,119,175,326,24123,0,0
time,5,pages,rolling_128,cross_page_submit_subset,312,160,211,532,585,0,0
time,5,pages,rolling_128,page_creation_subset,3,532,532,532,585,0,0
time,5,pages,outliers_128,price_query,20000,52,167,446,15518,0,0
time,5,pages,outliers_128,near_range8,20000,122,283,611,40471,0,0
time,5,pages,outliers_128,index_submit,20000,143,198,419,96757,0,0
time,5,pages,outliers_128,index_ack,20000,114,181,351,25072,0,0
time,5,pages,outliers_128,cross_page_submit_subset,312,157,286,646,971,0,0
time,5,pages,outliers_128,page_creation_subset,3,646,646,646,971,0,0
time,5,pages,outliers_128,far_query,20000,54,177,491,101230,0,0
time,5,pages,boundary_128,price_query,20000,36,58,112,417676,0,0
time,5,pages,boundary_128,near_range8,20000,73,178,415,32628,0,0
time,5,pages,boundary_128,index_submit,20000,88,160,381,153974,0,0
time,5,pages,boundary_128,index_ack,20000,84,167,351,194101,0,0
time,5,pages,boundary_128,cross_page_submit_subset,313,95,158,226,339,0,0
time,5,pages,jump_128,price_query,20000,36,63,152,21026,0,0
time,5,pages,jump_128,near_range8,20000,73,178,381,100442,0,0
time,5,pages,jump_128,index_submit,20000,89,169,358,216370,0,0
time,5,pages,jump_128,index_ack,20000,75,164,327,149150,0,0
time,5,pages,jump_128,cross_page_submit_subset,2704,100,224,798,3332,0,0
time,5,pages,jump_128,page_creation_subset,77,185,568,568,870,0,0
time,5,pages,jump_128,jump_submit_subset,2432,100,215,798,3332,0,0
time,5,pages,4096books_4near_2far,price_query,20000,307,1198,4225,36826,0,0
time,5,pages,new_book_growth,index_insert,20000,417,5157,45148,1509074,0,0
time,5,pages,new_book_growth,page_block_growth_subset,313,5303,191761,318212,1509074,0,0
time,5,pages,engine_cancel_rehang_4near,cancel_to_command,20000,963,3396,26808,1402126,0,0
time,5,pages,engine_cancel_rehang_4near,new_to_command,20000,1188,6015,30089,303940,0,0
time,5,pages,engine_cancel_rehang_4near,accepted_report,20000,736,3870,27937,1462825,0,0
time,5,pages,engine_cancel_rehang_4near,canceled_report,20000,747,4192,25954,327142,0,0
time,5,pages,engine_rolling_4_2far,price_query,20000,40,87,160,20223,0,0
time,5,pages,engine_rolling_4_2far,intent_to_command,20000,1002,3011,23879,72894,0,0
time,5,pages,engine_rolling_4_2far,intent_queued,20000,499,2292,6012,33384,0,0
time,5,pages,engine_rolling_4_2far,replace_report,20000,665,3792,19991,52882,0,0
time,5,pages,engine_rolling_4_2far,ready_to_command,20000,889,2743,21373,48864,0,0
time,5,pages,engine_jump_4_2far,price_query,20000,39,83,159,30476,0,0
time,5,pages,engine_jump_4_2far,intent_to_command,20000,1000,2856,20197,156426,0,0
time,5,pages,engine_jump_4_2far,intent_queued,20000,494,2270,5789,57104,0,0
time,5,pages,engine_jump_4_2far,replace_report,20000,665,3695,19584,184669,0,0
time,5,pages,engine_jump_4_2far,ready_to_command,20000,887,2680,19834,77864,0,0
time,5,pages,engine_jump_4_2far,jump_intent_subset,2496,1021,3672,22193,35475,0,0
time,5,pages,engine_rolling_32_2far,price_query,20000,41,83,164,21634,0,0
time,5,pages,engine_rolling_32_2far,intent_to_command,20000,1001,2911,24711,57227,0,0
time,5,pages,engine_rolling_32_2far,intent_queued,20000,496,2298,17086,84748,0,0
time,5,pages,engine_rolling_32_2far,replace_report,20000,640,3734,20954,303882,0,0
time,5,pages,engine_rolling_32_2far,ready_to_command,20000,880,2696,23693,60225,0,0
time,5,pages,engine_jump_32_2far,price_query,20000,41,94,206,24766,0,0
time,5,pages,engine_jump_32_2far,intent_to_command,20000,1037,3181,26273,939374,0,0
time,5,pages,engine_jump_32_2far,intent_queued,20000,531,2442,8678,1360336,0,0
time,5,pages,engine_jump_32_2far,replace_report,20000,739,3949,20924,164115,0,0
time,5,pages,engine_jump_32_2far,ready_to_command,20000,887,2885,22835,115697,0,0
time,5,pages,engine_jump_32_2far,jump_intent_subset,2496,1036,2618,26273,33423,0,0
time,5,standard,rolling_4,price_query,20000,32,59,184,22475,0,0
time,5,standard,rolling_4,near_range8,20000,49,170,300,31842,0,0
time,5,standard,rolling_4,index_submit,20000,82,173,292,22571,0,0
time,5,standard,rolling_4,index_ack,20000,75,203,352,55954,0,0
time,5,standard,rolling_4,cross_page_submit_subset,314,82,168,227,298,0,0
time,5,standard,outliers_4,price_query,20000,33,56,77,27849,0,0
time,5,standard,outliers_4,near_range8,20000,50,160,301,37994,0,0
time,5,standard,outliers_4,index_submit,20000,85,150,283,147264,0,0
time,5,standard,outliers_4,index_ack,20000,80,142,327,61584,0,0
time,5,standard,outliers_4,cross_page_submit_subset,314,86,120,131,146,0,0
time,5,standard,outliers_4,far_query,20000,34,51,72,18599,0,0
time,5,standard,boundary_4,price_query,20000,32,58,147,20892,0,0
time,5,standard,boundary_4,near_range8,20000,50,156,285,23932,0,0
time,5,standard,boundary_4,index_submit,20000,82,166,262,19561,0,0
time,5,standard,boundary_4,index_ack,20000,96,217,431,32085,0,0
time,5,standard,boundary_4,cross_page_submit_subset,5000,80,157,247,1005,0,0
time,5,standard,jump_4,price_query,20000,32,53,81,20189,0,0
time,5,standard,jump_4,near_range8,20000,49,125,231,4245,0,0
time,5,standard,jump_4,index_submit,20000,83,153,270,33885,0,0
time,5,standard,jump_4,index_ack,20000,76,176,325,29197,0,0
time,5,standard,jump_4,cross_page_submit_subset,3746,98,168,283,4252,0,0
time,5,standard,jump_4,jump_submit_subset,2496,103,184,283,330,0,0
time,5,standard,rolling_32,price_query,20000,35,56,80,19639,0,0
time,5,standard,rolling_32,near_range8,20000,75,109,261,17608,0,0
time,5,standard,rolling_32,index_submit,20000,91,136,207,25847,0,0
time,5,standard,rolling_32,index_ack,20000,70,143,317,18669,0,0
time,5,standard,rolling_32,cross_page_submit_subset,305,92,133,168,174,0,0
time,5,standard,outliers_32,price_query,20000,34,60,85,926,0,0
time,5,standard,outliers_32,near_range8,20000,73,152,291,23811,0,0
time,5,standard,outliers_32,index_submit,20000,101,176,291,64522,0,0
time,5,standard,outliers_32,index_ack,20000,70,174,447,27229,0,0
time,5,standard,outliers_32,cross_page_submit_subset,305,101,157,179,238,0,0
time,5,standard,outliers_32,far_query,20000,40,65,91,3691,0,0
time,5,standard,boundary_32,price_query,20000,34,49,63,19941,0,0
time,5,standard,boundary_32,near_range8,20000,72,106,223,92937,0,0
time,5,standard,boundary_32,index_submit,20000,89,158,229,19993,0,0
time,5,standard,boundary_32,index_ack,20000,94,185,407,28103,0,0
time,5,standard,boundary_32,cross_page_submit_subset,625,99,133,150,151,0,0
time,5,standard,jump_32,price_query,20000,35,66,107,17452,0,0
time,5,standard,jump_32,near_range8,20000,75,153,297,27291,0,0
time,5,standard,jump_32,index_submit,20000,94,185,294,191087,0,0
time,5,standard,jump_32,index_ack,20000,70,245,425,76887,0,0
time,5,standard,jump_32,cross_page_submit_subset,2652,125,249,413,777,0,0
time,5,standard,jump_32,jump_submit_subset,2496,126,253,413,777,0,0
time,5,standard,rolling_128,price_query,20000,45,84,123,32411,0,0
time,5,standard,rolling_128,near_range8,20000,84,189,387,39391,0,0
time,5,standard,rolling_128,index_submit,20000,111,207,341,25309,0,0
time,5,standard,rolling_128,index_ack,20000,74,156,587,45660,0,0
time,5,standard,rolling_128,cross_page_submit_subset,312,109,201,237,330,0,0
time,5,standard,outliers_128,price_query,20000,42,71,90,253,0,0
time,5,standard,outliers_128,near_range8,20000,79,128,222,19200,0,0
time,5,standard,outliers_128,index_submit,20000,106,157,317,20108,0,0
time,5,standard,outliers_128,index_ack,20000,74,148,431,30589,0,0
time,5,standard,outliers_128,cross_page_submit_subset,312,107,155,208,234,0,0
time,5,standard,outliers_128,far_query,20000,46,70,91,45165,0,0
time,5,standard,boundary_128,price_query,20000,41,64,84,26292,0,0
time,5,standard,boundary_128,near_range8,20000,81,120,280,57956,0,0
time,5,standard,boundary_128,index_submit,20000,99,148,272,35423,0,0
time,5,standard,boundary_128,index_ack,20000,99,270,450,30457,0,0
time,5,standard,boundary_128,cross_page_submit_subset,313,102,146,163,178,0,0
time,5,standard,jump_128,price_query,20000,45,82,129,25087,0,0
time,5,standard,jump_128,near_range8,20000,80,172,356,29738,0,0
time,5,standard,jump_128,index_submit,20000,114,247,481,20556,0,0
time,5,standard,jump_128,index_ack,20000,74,313,512,28322,0,0
time,5,standard,jump_128,cross_page_submit_subset,2704,163,409,774,20556,0,0
time,5,standard,jump_128,jump_submit_subset,2432,164,416,774,20556,0,0
time,5,standard,4096books_4near_2far,price_query,20000,161,673,1172,35209,0,0
time,5,standard,new_book_growth,index_insert,20000,292,3689,26700,1377091,0,0
time,5,standard,engine_cancel_rehang_4near,cancel_to_command,20000,964,2037,24219,1162678,0,0
time,5,standard,engine_cancel_rehang_4near,new_to_command,20000,1141,3446,30505,324781,0,0
time,5,standard,engine_cancel_rehang_4near,accepted_report,20000,736,3783,26154,166259,0,0
time,5,standard,engine_cancel_rehang_4near,canceled_report,20000,752,3789,22464,38943,0,0
time,5,standard,engine_rolling_4_2far,price_query,20000,41,129,237,938,0,0
time,5,standard,engine_rolling_4_2far,intent_to_command,20000,1407,4861,37949,105202,0,0
time,5,standard,engine_rolling_4_2far,intent_queued,20000,699,3533,29372,237090,0,0
time,5,standard,engine_rolling_4_2far,replace_report,20000,1059,4750,27585,45268,0,0
time,5,standard,engine_rolling_4_2far,ready_to_command,20000,1187,4645,38985,1415387,0,0
time,5,standard,engine_jump_4_2far,price_query,20000,36,102,203,38272,0,0
time,5,standard,engine_jump_4_2far,intent_to_command,20000,1066,4068,31800,533150,0,0
time,5,standard,engine_jump_4_2far,intent_queued,20000,558,3052,14320,192739,0,0
time,5,standard,engine_jump_4_2far,replace_report,20000,843,4745,24512,240584,0,0
time,5,standard,engine_jump_4_2far,ready_to_command,20000,918,3759,28834,159830,0,0
time,5,standard,engine_jump_4_2far,jump_intent_subset,2496,1072,5057,27916,59622,0,0
time,5,standard,engine_rolling_32_2far,price_query,20000,58,114,246,89498,0,0
time,5,standard,engine_rolling_32_2far,intent_to_command,20000,1043,3275,29092,444701,0,0
time,5,standard,engine_rolling_32_2far,intent_queued,20000,526,2558,17433,148380,0,0
time,5,standard,engine_rolling_32_2far,replace_report,20000,721,3929,19608,2689573,0,0
time,5,standard,engine_rolling_32_2far,ready_to_command,20000,903,2911,27681,149336,0,0
time,5,standard,engine_jump_32_2far,price_query,20000,57,107,215,50074,0,0
time,5,standard,engine_jump_32_2far,intent_to_command,20000,1043,3085,20824,129948,0,0
time,5,standard,engine_jump_32_2far,intent_queued,20000,526,2470,20007,57837,0,0
time,5,standard,engine_jump_32_2far,replace_report,20000,710,3953,23936,67104,0,0
time,5,standard,engine_jump_32_2far,ready_to_command,20000,909,2888,23222,603956,0,0
time,5,standard,engine_jump_32_2far,jump_intent_subset,2496,1046,2500,3878,26330,0,0
time,6,standard,rolling_4,price_query,20000,32,68,195,28381,0,0
time,6,standard,rolling_4,near_range8,20000,49,192,398,31349,0,0
time,6,standard,rolling_4,index_submit,20000,82,174,296,67724,0,0
time,6,standard,rolling_4,index_ack,20000,76,199,385,24007,0,0
time,6,standard,rolling_4,cross_page_submit_subset,314,82,169,224,296,0,0
time,6,standard,outliers_4,price_query,20000,33,53,73,19254,0,0
time,6,standard,outliers_4,near_range8,20000,50,107,212,33360,0,0
time,6,standard,outliers_4,index_submit,20000,85,127,221,35896,0,0
time,6,standard,outliers_4,index_ack,20000,80,129,328,61227,0,0
time,6,standard,outliers_4,cross_page_submit_subset,314,84,123,131,133,0,0
time,6,standard,outliers_4,far_query,20000,34,48,68,21167,0,0
time,6,standard,boundary_4,price_query,20000,31,57,89,27672,0,0
time,6,standard,boundary_4,near_range8,20000,50,127,209,23424,0,0
time,6,standard,boundary_4,index_submit,20000,81,160,246,3894,0,0
time,6,standard,boundary_4,index_ack,20000,95,206,363,29117,0,0
time,6,standard,boundary_4,cross_page_submit_subset,5000,79,151,221,341,0,0
time,6,standard,jump_4,price_query,20000,32,63,171,5470,0,0
time,6,standard,jump_4,near_range8,20000,50,143,311,31630,0,0
time,6,standard,jump_4,index_submit,20000,85,179,287,38505,0,0
time,6,standard,jump_4,index_ack,20000,78,216,405,23798,0,0
time,6,standard,jump_4,cross_page_submit_subset,3746,100,194,268,1120,0,0
time,6,standard,jump_4,jump_submit_subset,2496,106,209,268,1120,0,0
time,6,standard,rolling_32,price_query,20000,36,74,164,947,0,0
time,6,standard,rolling_32,near_range8,20000,77,191,572,23209,0,0
time,6,standard,rolling_32,index_submit,20000,94,193,375,30502,0,0
time,6,standard,rolling_32,index_ack,20000,70,210,595,24545,0,0
time,6,standard,rolling_32,cross_page_submit_subset,305,93,181,209,263,0,0
time,6,standard,outliers_32,price_query,20000,34,63,85,25053,0,0
time,6,standard,outliers_32,near_range8,20000,73,166,300,31804,0,0
time,6,standard,outliers_32,index_submit,20000,101,181,316,3972,0,0
time,6,standard,outliers_32,index_ack,20000,70,171,415,21653,0,0
time,6,standard,outliers_32,cross_page_submit_subset,305,101,176,211,347,0,0
time,6,standard,outliers_32,far_query,20000,40,71,106,16266,0,0
time,6,standard,boundary_32,price_query,20000,35,63,152,19114,0,0
time,6,standard,boundary_32,near_range8,20000,72,162,317,46336,0,0
time,6,standard,boundary_32,index_submit,20000,88,170,269,1026,0,0
time,6,standard,boundary_32,index_ack,20000,95,218,448,20181,0,0
time,6,standard,boundary_32,cross_page_submit_subset,625,90,148,167,186,0,0
time,6,standard,jump_32,price_query,20000,35,72,175,26589,0,0
time,6,standard,jump_32,near_range8,20000,76,174,337,17860,0,0
time,6,standard,jump_32,index_submit,20000,95,206,346,31387,0,0
time,6,standard,jump_32,index_ack,20000,70,257,432,49415,0,0
time,6,standard,jump_32,cross_page_submit_subset,2652,126,282,619,21482,0,0
time,6,standard,jump_32,jump_submit_subset,2496,127,284,619,21482,0,0
time,6,standard,rolling_128,price_query,20000,44,76,110,22196,0,0
time,6,standard,rolling_128,near_range8,20000,85,171,318,23491,0,0
time,6,standard,rolling_128,index_submit,20000,109,185,321,4265,0,0
time,6,standard,rolling_128,index_ack,20000,74,150,356,18620,0,0
time,6,standard,rolling_128,cross_page_submit_subset,312,107,209,308,328,0,0
time,6,standard,outliers_128,price_query,20000,44,84,141,17824,0,0
time,6,standard,outliers_128,near_range8,20000,80,193,439,22695,0,0
time,6,standard,outliers_128,index_submit,20000,108,203,393,27893,0,0
time,6,standard,outliers_128,index_ack,20000,74,160,467,4203,0,0
time,6,standard,outliers_128,cross_page_submit_subset,312,109,195,200,210,0,0
time,6,standard,outliers_128,far_query,20000,47,96,170,5055,0,0
time,6,standard,boundary_128,price_query,20000,41,79,112,5085,0,0
time,6,standard,boundary_128,near_range8,20000,82,187,365,29874,0,0
time,6,standard,boundary_128,index_submit,20000,100,187,300,33612,0,0
time,6,standard,boundary_128,index_ack,20000,101,287,574,5338,0,0
time,6,standard,boundary_128,cross_page_submit_subset,313,102,186,208,365,0,0
time,6,standard,jump_128,price_query,20000,44,79,119,54682,0,0
time,6,standard,jump_128,near_range8,20000,80,176,310,22565,0,0
time,6,standard,jump_128,index_submit,20000,113,240,457,26351,0,0
time,6,standard,jump_128,index_ack,20000,75,300,540,35978,0,0
time,6,standard,jump_128,cross_page_submit_subset,2704,164,361,700,1320,0,0
time,6,standard,jump_128,jump_submit_subset,2432,166,368,700,1320,0,0
time,6,standard,4096books_4near_2far,price_query,20000,149,595,942,27053,0,0
time,6,standard,new_book_growth,index_insert,20000,261,3543,23164,1547636,0,0
time,6,standard,engine_cancel_rehang_4near,cancel_to_command,20000,964,1753,24371,1087340,0,0
time,6,standard,engine_cancel_rehang_4near,new_to_command,20000,1138,3265,27585,278308,0,0
time,6,standard,engine_cancel_rehang_4near,accepted_report,20000,727,3895,19508,33837,0,0
time,6,standard,engine_cancel_rehang_4near,canceled_report,20000,742,3878,11893,176649,0,0
time,6,standard,engine_rolling_4_2far,price_query,20000,33,80,168,4831,0,0
time,6,standard,engine_rolling_4_2far,intent_to_command,20000,1031,3152,24916,162057,0,0
time,6,standard,engine_rolling_4_2far,intent_queued,20000,528,2529,17644,73322,0,0
time,6,standard,engine_rolling_4_2far,replace_report,20000,760,4061,22791,74423,0,0
time,6,standard,engine_rolling_4_2far,ready_to_command,20000,900,2949,21233,63808,0,0
time,6,standard,engine_jump_4_2far,price_query,20000,33,72,130,31301,0,0
time,6,standard,engine_jump_4_2far,intent_to_command,20000,1024,3109,19792,83050,0,0
time,6,standard,engine_jump_4_2far,intent_queued,20000,525,2571,15147,36555,0,0
time,6,standard,engine_jump_4_2far,replace_report,20000,753,4098,19177,51959,0,0
time,6,standard,engine_jump_4_2far,ready_to_command,20000,895,2876,19781,49226,0,0
time,6,standard,engine_jump_4_2far,jump_intent_subset,2496,1036,3867,20217,83050,0,0
time,6,standard,engine_rolling_32_2far,price_query,20000,61,134,262,17965,0,0
time,6,standard,engine_rolling_32_2far,intent_to_command,20000,1107,4420,28213,135832,0,0
time,6,standard,engine_rolling_32_2far,intent_queued,20000,573,3271,18609,1257266,0,0
time,6,standard,engine_rolling_32_2far,replace_report,20000,810,5626,26895,228227,0,0
time,6,standard,engine_rolling_32_2far,ready_to_command,20000,936,3844,29525,2439129,0,0
time,6,standard,engine_jump_32_2far,price_query,20000,84,139,345,54956,0,0
time,6,standard,engine_jump_32_2far,intent_to_command,20000,1713,5034,33001,57654,0,0
time,6,standard,engine_jump_32_2far,intent_queued,20000,808,3780,21251,61968,0,0
time,6,standard,engine_jump_32_2far,replace_report,20000,1179,5748,31648,84491,0,0
time,6,standard,engine_jump_32_2far,ready_to_command,20000,1463,4575,32216,72437,0,0
time,6,standard,engine_jump_32_2far,jump_intent_subset,2496,1716,4037,31933,44828,0,0
time,6,pages,rolling_4,price_query,20000,53,197,526,30926,0,0
time,6,pages,rolling_4,near_range8,20000,103,261,607,26461,0,0
time,6,pages,rolling_4,index_submit,20000,153,292,421,69363,0,0
time,6,pages,rolling_4,index_ack,20000,137,276,443,45755,0,0
time,6,pages,rolling_4,cross_page_submit_subset,314,161,403,474,689,0,0
time,6,pages,rolling_4,page_creation_subset,78,268,474,474,689,0,0
time,6,pages,outliers_4,price_query,20000,55,187,482,42897,0,0
time,6,pages,outliers_4,near_range8,20000,106,261,563,25905,0,0
time,6,pages,outliers_4,index_submit,20000,158,292,558,69304,0,0
time,6,pages,outliers_4,index_ack,20000,140,267,455,27003,0,0
time,6,pages,outliers_4,cross_page_submit_subset,314,171,507,981,1089,0,0
time,6,pages,outliers_4,page_creation_subset,78,297,981,981,1089,0,0
time,6,pages,outliers_4,far_query,20000,56,200,546,39996,0,0
time,6,pages,boundary_4,price_query,20000,54,188,527,26502,0,0
time,6,pages,boundary_4,near_range8,20000,115,268,579,28343,0,0
time,6,pages,boundary_4,index_submit,20000,152,204,352,45025,0,0
time,6,pages,boundary_4,index_ack,20000,154,259,424,55024,0,0
time,6,pages,boundary_4,cross_page_submit_subset,5000,148,187,296,25907,0,0
time,6,pages,jump_4,price_query,20000,54,256,660,25820,0,0
time,6,pages,jump_4,near_range8,20000,105,256,608,43277,0,0
time,6,pages,jump_4,index_submit,20000,160,298,406,42991,0,0
time,6,pages,jump_4,index_ack,20000,144,302,663,41995,0,0
time,6,pages,jump_4,cross_page_submit_subset,3746,181,326,443,42991,0,0
time,6,pages,jump_4,page_creation_subset,1248,258,373,467,42991,0,0
time,6,pages,jump_4,jump_submit_subset,2496,200,349,445,42991,0,0
time,6,pages,rolling_32,price_query,20000,39,175,473,28541,0,0
time,6,pages,rolling_32,near_range8,20000,90,257,557,29715,0,0
time,6,pages,rolling_32,index_submit,20000,109,199,439,63392,0,0
time,6,pages,rolling_32,index_ack,20000,94,194,481,30017,0,0
time,6,pages,rolling_32,cross_page_submit_subset,305,121,488,537,569,0,0
time,6,pages,rolling_32,page_creation_subset,10,451,537,537,569,0,0
time,6,pages,outliers_32,price_query,20000,37,51,71,501,0,0
time,6,pages,outliers_32,near_range8,20000,72,158,261,39215,0,0
time,6,pages,outliers_32,index_submit,20000,88,135,202,1243,0,0
time,6,pages,outliers_32,index_ack,20000,70,116,263,8113,0,0
time,6,pages,outliers_32,cross_page_submit_subset,305,97,310,373,409,0,0
time,6,pages,outliers_32,page_creation_subset,10,309,373,373,409,0,0
time,6,pages,outliers_32,far_query,20000,37,50,80,328,0,0
time,6,pages,boundary_32,price_query,20000,36,48,62,31193,0,0
time,6,pages,boundary_32,near_range8,20000,72,125,245,20513,0,0
time,6,pages,boundary_32,index_submit,20000,87,115,172,18673,0,0
time,6,pages,boundary_32,index_ack,20000,84,125,229,16880,0,0
time,6,pages,boundary_32,cross_page_submit_subset,625,88,120,139,142,0,0
time,6,pages,jump_32,price_query,20000,36,49,60,17368,0,0
time,6,pages,jump_32,near_range8,20000,71,108,234,26239,0,0
time,6,pages,jump_32,index_submit,20000,88,132,219,17542,0,0
time,6,pages,jump_32,index_ack,20000,70,129,233,34198,0,0
time,6,pages,jump_32,cross_page_submit_subset,2652,95,187,262,17542,0,0
time,6,pages,jump_32,page_creation_subset,156,161,262,350,358,0,0
time,6,pages,jump_32,jump_submit_subset,2496,96,195,262,17542,0,0
time,6,pages,rolling_128,price_query,20000,36,52,64,168249,0,0
time,6,pages,rolling_128,near_range8,20000,73,126,236,27999,0,0
time,6,pages,rolling_128,index_submit,20000,89,134,219,30039,0,0
time,6,pages,rolling_128,index_ack,20000,74,114,250,21769,0,0
time,6,pages,rolling_128,cross_page_submit_subset,312,102,157,280,286,0,0
time,6,pages,rolling_128,page_creation_subset,3,280,280,280,286,0,0
time,6,pages,outliers_128,price_query,20000,37,50,67,18349,0,0
time,6,pages,outliers_128,near_range8,20000,72,107,224,33900,0,0
time,6,pages,outliers_128,index_submit,20000,90,120,226,5033,0,0
time,6,pages,outliers_128,index_ack,20000,74,110,239,668,0,0
time,6,pages,outliers_128,cross_page_submit_subset,312,101,144,372,533,0,0
time,6,pages,outliers_128,page_creation_subset,3,372,372,372,533,0,0
time,6,pages,outliers_128,far_query,20000,37,50,64,26458,0,0
time,6,pages,boundary_128,price_query,20000,36,50,66,17538,0,0
time,6,pages,boundary_128,near_range8,20000,73,117,230,29736,0,0
time,6,pages,boundary_128,index_submit,20000,88,126,205,93362,0,0
time,6,pages,boundary_128,index_ack,20000,84,138,231,18989,0,0
time,6,pages,boundary_128,cross_page_submit_subset,313,95,137,148,150,0,0
time,6,pages,jump_128,price_query,20000,37,49,61,28713,0,0
time,6,pages,jump_128,near_range8,20000,72,113,261,17306,0,0
time,6,pages,jump_128,index_submit,20000,88,125,251,19419,0,0
time,6,pages,jump_128,index_ack,20000,74,132,266,4543,0,0
time,6,pages,jump_128,cross_page_submit_subset,2704,100,204,342,799,0,0
time,6,pages,jump_128,page_creation_subset,77,181,437,437,715,0,0
time,6,pages,jump_128,jump_submit_subset,2432,99,199,342,799,0,0
time,6,pages,4096books_4near_2far,price_query,20000,341,1108,2302,39323,0,0
time,6,pages,new_book_growth,index_insert,20000,401,5139,44736,1394657,0,0
time,6,pages,new_book_growth,page_block_growth_subset,313,5302,77734,378858,1394657,0,0
time,6,pages,engine_cancel_rehang_4near,cancel_to_command,20000,949,3157,22502,1141232,0,0
time,6,pages,engine_cancel_rehang_4near,new_to_command,20000,1157,5251,22998,261913,0,0
time,6,pages,engine_cancel_rehang_4near,accepted_report,20000,699,3703,23638,52124,0,0
time,6,pages,engine_cancel_rehang_4near,canceled_report,20000,704,4032,24792,139241,0,0
time,6,pages,engine_rolling_4_2far,price_query,20000,40,91,253,921,0,0
time,6,pages,engine_rolling_4_2far,intent_to_command,20000,1036,3411,26423,279552,0,0
time,6,pages,engine_rolling_4_2far,intent_queued,20000,539,2670,19794,83633,0,0
time,6,pages,engine_rolling_4_2far,replace_report,20000,766,4051,20018,63204,0,0
time,6,pages,engine_rolling_4_2far,ready_to_command,20000,885,3019,26544,107746,0,0
time,6,pages,engine_jump_4_2far,price_query,20000,40,89,168,37288,0,0
time,6,pages,engine_jump_4_2far,intent_to_command,20000,1028,3328,27092,234748,0,0
time,6,pages,engine_jump_4_2far,intent_queued,20000,529,2592,7737,34353,0,0
time,6,pages,engine_jump_4_2far,replace_report,20000,740,4404,25127,226439,0,0
time,6,pages,engine_jump_4_2far,ready_to_command,20000,884,2845,18850,54814,0,0
time,6,pages,engine_jump_4_2far,jump_intent_subset,2496,1052,4604,32014,37616,0,0
time,6,pages,engine_rolling_32_2far,price_query,20000,41,85,166,20517,0,0
time,6,pages,engine_rolling_32_2far,intent_to_command,20000,1022,3102,24178,314629,0,0
time,6,pages,engine_rolling_32_2far,intent_queued,20000,522,2509,14445,52829,0,0
time,6,pages,engine_rolling_32_2far,replace_report,20000,721,3891,20970,112405,0,0
time,6,pages,engine_rolling_32_2far,ready_to_command,20000,876,2864,19086,56400,0,0
time,6,pages,engine_jump_32_2far,price_query,20000,42,98,223,924,0,0
time,6,pages,engine_jump_32_2far,intent_to_command,20000,1033,3582,25858,1246276,0,0
time,6,pages,engine_jump_32_2far,intent_queued,20000,537,2622,7432,119850,0,0
time,6,pages,engine_jump_32_2far,replace_report,20000,726,4440,23275,103133,0,0
time,6,pages,engine_jump_32_2far,ready_to_command,20000,882,2938,25256,454489,0,0
time,6,pages,engine_jump_32_2far,jump_intent_subset,2496,1032,2532,5314,1246276,0,0
time,6,adaptive,rolling_4,price_query,20000,36,152,274,34502,0,0
time,6,adaptive,rolling_4,near_range8,20000,45,147,267,35390,0,0
time,6,adaptive,rolling_4,index_submit,20000,84,183,316,49100,0,0
time,6,adaptive,rolling_4,index_ack,20000,77,183,304,80545,0,0
time,6,adaptive,rolling_4,cross_page_submit_subset,314,84,182,259,314,0,0
time,6,adaptive,outliers_4,price_query,20000,36,107,222,21920,0,0
time,6,adaptive,outliers_4,near_range8,20000,47,151,436,37753,0,0
time,6,adaptive,outliers_4,index_submit,20000,89,206,336,41856,0,0
time,6,adaptive,outliers_4,index_ack,20000,90,191,320,23543,0,0
time,6,adaptive,outliers_4,cross_page_submit_subset,314,87,192,231,351,0,0
time,6,adaptive,outliers_4,far_query,20000,36,121,207,24598,0,0
time,6,adaptive,boundary_4,price_query,20000,36,154,425,6125,0,0
time,6,adaptive,boundary_4,near_range8,20000,47,174,463,171336,0,0
time,6,adaptive,boundary_4,index_submit,20000,89,184,307,349276,0,0
time,6,adaptive,boundary_4,index_ack,20000,90,207,346,28835,0,0
time,6,adaptive,boundary_4,cross_page_submit_subset,5000,84,171,313,26816,0,0
time,6,adaptive,jump_4,price_query,20000,36,64,177,4342,0,0
time,6,adaptive,jump_4,near_range8,20000,44,120,242,34091,0,0
time,6,adaptive,jump_4,index_submit,20000,84,175,285,52595,0,0
time,6,adaptive,jump_4,index_ack,20000,77,179,302,129283,0,0
time,6,adaptive,jump_4,cross_page_submit_subset,3746,98,200,314,52595,0,0
time,6,adaptive,jump_4,jump_submit_subset,2496,106,206,314,52595,0,0
time,6,adaptive,rolling_32,price_query,20000,50,80,179,22499,0,0
time,6,adaptive,rolling_32,near_range8,20000,66,161,309,207692,0,0
time,6,adaptive,rolling_32,index_submit,20000,99,185,464,27270,0,0
time,6,adaptive,rolling_32,index_ack,20000,70,163,324,84652,0,0
time,6,adaptive,rolling_32,cross_page_submit_subset,305,99,163,172,180,0,0
time,6,adaptive,outliers_32,price_query,20000,51,65,91,18784,0,0
time,6,adaptive,outliers_32,near_range8,20000,67,123,247,30352,0,0
time,6,adaptive,outliers_32,index_submit,20000,100,162,285,48891,0,0
time,6,adaptive,outliers_32,index_ack,20000,70,129,253,43750,0,0
time,6,adaptive,outliers_32,cross_page_submit_subset,305,98,193,248,326,0,0
time,6,adaptive,outliers_32,far_query,20000,51,64,83,20106,0,0
time,6,adaptive,boundary_32,price_query,20000,52,72,134,20274,0,0
time,6,adaptive,boundary_32,near_range8,20000,68,142,255,43341,0,0
time,6,adaptive,boundary_32,index_submit,20000,101,177,301,20815,0,0
time,6,adaptive,boundary_32,index_ack,20000,103,188,313,46645,0,0
time,6,adaptive,boundary_32,cross_page_submit_subset,625,105,177,540,1018,0,0
time,6,adaptive,jump_32,price_query,20000,50,69,164,46166,0,0
time,6,adaptive,jump_32,near_range8,20000,66,143,305,19665,0,0
time,6,adaptive,jump_32,index_submit,20000,99,170,266,60345,0,0
time,6,adaptive,jump_32,index_ack,20000,71,180,259,34070,0,0
time,6,adaptive,jump_32,cross_page_submit_subset,2652,122,188,249,3696,0,0
time,6,adaptive,jump_32,jump_submit_subset,2496,123,189,249,3696,0,0
time,6,adaptive,rolling_128,price_query,20000,56,78,123,4042,0,0
time,6,adaptive,rolling_128,near_range8,20000,72,141,289,103713,0,0
time,6,adaptive,rolling_128,index_submit,20000,106,186,320,324431,0,0
time,6,adaptive,rolling_128,index_ack,20000,74,142,262,28874,0,0
time,6,adaptive,rolling_128,cross_page_submit_subset,312,107,190,205,206,0,0
time,6,adaptive,outliers_128,price_query,20000,57,75,107,20983,0,0
time,6,adaptive,outliers_128,near_range8,20000,74,131,249,47749,0,0
time,6,adaptive,outliers_128,index_submit,20000,107,179,324,29467,0,0
time,6,adaptive,outliers_128,index_ack,20000,74,140,272,44221,0,0
time,6,adaptive,outliers_128,cross_page_submit_subset,312,107,155,163,172,0,0
time,6,adaptive,outliers_128,far_query,20000,58,74,102,54433,0,0
time,6,adaptive,boundary_128,price_query,20000,57,76,124,21789,0,0
time,6,adaptive,boundary_128,near_range8,20000,73,131,260,18295,0,0
time,6,adaptive,boundary_128,index_submit,20000,106,177,306,116612,0,0
time,6,adaptive,boundary_128,index_ack,20000,109,181,291,18529,0,0
time,6,adaptive,boundary_128,cross_page_submit_subset,313,116,169,181,191,0,0
time,6,adaptive,jump_128,price_query,20000,56,105,227,21013,0,0
time,6,adaptive,jump_128,near_range8,20000,73,177,336,28112,0,0
time,6,adaptive,jump_128,index_submit,20000,108,216,587,73155,0,0
time,6,adaptive,jump_128,index_ack,20000,76,265,557,22723,0,0
time,6,adaptive,jump_128,cross_page_submit_subset,2704,135,259,1012,21746,0,0
time,6,adaptive,jump_128,jump_submit_subset,2432,137,265,403,21746,0,0
time,6,adaptive,4096books_4near_2far,price_query,20000,206,819,1220,38090,0,0
time,6,adaptive,new_book_growth,index_insert,20000,217,2802,14046,1398233,0,0
time,6,adaptive,engine_cancel_rehang_4near,cancel_to_command,20000,944,2684,27366,1057944,0,0
time,6,adaptive,engine_cancel_rehang_4near,new_to_command,20000,1091,3904,26224,304767,0,0
time,6,adaptive,engine_cancel_rehang_4near,accepted_report,20000,690,4075,21663,55175,0,0
time,6,adaptive,engine_cancel_rehang_4near,canceled_report,20000,694,4090,21704,48576,0,0
time,6,adaptive,engine_rolling_4_2far,price_query,20000,38,80,134,20780,0,0
time,6,adaptive,engine_rolling_4_2far,intent_to_command,20000,1006,2939,22572,50754,0,0
time,6,adaptive,engine_rolling_4_2far,intent_queued,20000,502,2305,6030,36769,0,0
time,6,adaptive,engine_rolling_4_2far,replace_report,20000,680,3792,19907,113065,0,0
time,6,adaptive,engine_rolling_4_2far,ready_to_command,20000,903,2739,19842,36037,0,0
time,6,adaptive,engine_jump_4_2far,price_query,20000,38,96,176,5718,0,0
time,6,adaptive,engine_jump_4_2far,intent_to_command,20000,1007,3327,26705,458054,0,0
time,6,adaptive,engine_jump_4_2far,intent_queued,20000,500,2341,5556,35011,0,0
time,6,adaptive,engine_jump_4_2far,replace_report,20000,682,3814,19901,49228,0,0
time,6,adaptive,engine_jump_4_2far,ready_to_command,20000,905,2770,21841,34796,0,0
time,6,adaptive,engine_jump_4_2far,jump_intent_subset,2496,1017,3904,22748,40909,0,0
time,6,adaptive,engine_rolling_32_2far,price_query,20000,55,100,205,3865,0,0
time,6,adaptive,engine_rolling_32_2far,intent_to_command,20000,1014,3040,21084,43375,0,0
time,6,adaptive,engine_rolling_32_2far,intent_queued,20000,506,2452,19239,60584,0,0
time,6,adaptive,engine_rolling_32_2far,replace_report,20000,660,3693,19781,112342,0,0
time,6,adaptive,engine_rolling_32_2far,ready_to_command,20000,893,2772,20065,109483,0,0
time,6,adaptive,engine_jump_32_2far,price_query,20000,61,122,218,25612,0,0
time,6,adaptive,engine_jump_32_2far,intent_to_command,20000,1103,4070,28261,260491,0,0
time,6,adaptive,engine_jump_32_2far,intent_queued,20000,582,2997,7244,304915,0,0
time,6,adaptive,engine_jump_32_2far,replace_report,20000,852,4140,24944,204335,0,0
time,6,adaptive,engine_jump_32_2far,ready_to_command,20000,939,3796,25663,67371,0,0
time,6,adaptive,engine_jump_32_2far,jump_intent_subset,2496,1090,2472,26173,77459,0,0
time,7,adaptive,rolling_4,price_query,20000,36,49,59,27467,0,0
time,7,adaptive,rolling_4,near_range8,20000,44,81,147,17348,0,0
time,7,adaptive,rolling_4,index_submit,20000,83,114,157,17808,0,0
time,7,adaptive,rolling_4,index_ack,20000,75,105,211,21054,0,0
time,7,adaptive,rolling_4,cross_page_submit_subset,314,84,119,149,230,0,0
time,7,adaptive,outliers_4,price_query,20000,36,68,148,1680639,0,0
time,7,adaptive,outliers_4,near_range8,20000,46,116,265,39114,0,0
time,7,adaptive,outliers_4,index_submit,20000,86,200,400,79262,0,0
time,7,adaptive,outliers_4,index_ack,20000,85,184,329,198761,0,0
time,7,adaptive,outliers_4,cross_page_submit_subset,314,86,233,322,1074,0,0
time,7,adaptive,outliers_4,far_query,20000,35,68,173,17161,0,0
time,7,adaptive,boundary_4,price_query,20000,35,60,168,21736,0,0
time,7,adaptive,boundary_4,near_range8,20000,45,140,244,36729,0,0
time,7,adaptive,boundary_4,index_submit,20000,84,165,313,52719,0,0
time,7,adaptive,boundary_4,index_ack,20000,87,181,322,22085,0,0
time,7,adaptive,boundary_4,cross_page_submit_subset,5000,83,153,466,29617,0,0
time,7,adaptive,jump_4,price_query,20000,36,59,107,21277,0,0
time,7,adaptive,jump_4,near_range8,20000,44,94,210,20735,0,0
time,7,adaptive,jump_4,index_submit,20000,85,161,305,23862,0,0
time,7,adaptive,jump_4,index_ack,20000,77,163,298,37014,0,0
time,7,adaptive,jump_4,cross_page_submit_subset,3746,97,181,291,867,0,0
time,7,adaptive,jump_4,jump_submit_subset,2496,104,192,298,867,0,0
time,7,adaptive,rolling_32,price_query,20000,51,97,173,37063,0,0
time,7,adaptive,rolling_32,near_range8,20000,68,203,341,28505,0,0
time,7,adaptive,rolling_32,index_submit,20000,100,198,330,139163,0,0
time,7,adaptive,rolling_32,index_ack,20000,71,171,270,9518,0,0
time,7,adaptive,rolling_32,cross_page_submit_subset,305,101,176,204,220,0,0
time,7,adaptive,outliers_32,price_query,20000,51,66,95,18814,0,0
time,7,adaptive,outliers_32,near_range8,20000,67,131,225,31964,0,0
time,7,adaptive,outliers_32,index_submit,20000,100,165,293,48416,0,0
time,7,adaptive,outliers_32,index_ack,20000,70,130,250,25021,0,0
time,7,adaptive,outliers_32,cross_page_submit_subset,305,99,163,279,311,0,0
time,7,adaptive,outliers_32,far_query,20000,51,66,166,30180,0,0
time,7,adaptive,boundary_32,price_query,20000,51,66,79,3889,0,0
time,7,adaptive,boundary_32,near_range8,20000,67,135,233,239508,0,0
time,7,adaptive,boundary_32,index_submit,20000,100,150,246,18715,0,0
time,7,adaptive,boundary_32,index_ack,20000,102,152,308,32684,0,0
time,7,adaptive,boundary_32,cross_page_submit_subset,625,102,146,188,215,0,0
time,7,adaptive,jump_32,price_query,20000,50,65,112,4431,0,0
time,7,adaptive,jump_32,near_range8,20000,66,120,225,32360,0,0
time,7,adaptive,jump_32,index_submit,20000,98,161,239,80005,0,0
time,7,adaptive,jump_32,index_ack,20000,70,176,274,26130,0,0
time,7,adaptive,jump_32,cross_page_submit_subset,2652,121,181,239,4156,0,0
time,7,adaptive,jump_32,jump_submit_subset,2496,122,183,239,4156,0,0
time,7,adaptive,rolling_128,price_query,20000,56,73,103,20630,0,0
time,7,adaptive,rolling_128,near_range8,20000,72,136,267,30877,0,0
time,7,adaptive,rolling_128,index_submit,20000,105,176,314,64514,0,0
time,7,adaptive,rolling_128,index_ack,20000,74,136,258,17883,0,0
time,7,adaptive,rolling_128,cross_page_submit_subset,312,106,164,189,209,0,0
time,7,adaptive,outliers_128,price_query,20000,57,71,86,17295,0,0
time,7,adaptive,outliers_128,near_range8,20000,74,109,213,19674,0,0
time,7,adaptive,outliers_128,index_submit,20000,107,160,271,50659,0,0
time,7,adaptive,outliers_128,index_ack,20000,73,129,236,17361,0,0
time,7,adaptive,outliers_128,cross_page_submit_subset,312,108,155,172,229,0,0
time,7,adaptive,outliers_128,far_query,20000,58,71,94,18835,0,0
time,7,adaptive,boundary_128,price_query,20000,57,73,94,38358,0,0
time,7,adaptive,boundary_128,near_range8,20000,73,130,260,36591,0,0
time,7,adaptive,boundary_128,index_submit,20000,106,169,275,16795,0,0
time,7,adaptive,boundary_128,index_ack,20000,110,171,275,20226,0,0
time,7,adaptive,boundary_128,cross_page_submit_subset,313,115,152,177,178,0,0
time,7,adaptive,jump_128,price_query,20000,56,75,200,30744,0,0
time,7,adaptive,jump_128,near_range8,20000,72,146,272,51946,0,0
time,7,adaptive,jump_128,index_submit,20000,106,184,370,30334,0,0
time,7,adaptive,jump_128,index_ack,20000,75,214,378,165054,0,0
time,7,adaptive,jump_128,cross_page_submit_subset,2704,127,194,388,1379,0,0
time,7,adaptive,jump_128,jump_submit_subset,2432,130,188,388,1379,0,0
time,7,adaptive,4096books_4near_2far,price_query,20000,155,689,1151,53431,0,0
time,7,adaptive,new_book_growth,index_insert,20000,210,2422,10432,1336545,0,0
time,7,adaptive,engine_cancel_rehang_4near,cancel_to_command,20000,982,2838,28830,1019472,0,0
time,7,adaptive,engine_cancel_rehang_4near,new_to_command,20000,1175,5124,35258,259891,0,0
time,7,adaptive,engine_cancel_rehang_4near,accepted_report,20000,748,4026,20737,1052806,0,0
time,7,adaptive,engine_cancel_rehang_4near,canceled_report,20000,753,3871,19640,48760,0,0
time,7,adaptive,engine_rolling_4_2far,price_query,20000,38,80,146,26954,0,0
time,7,adaptive,engine_rolling_4_2far,intent_to_command,20000,1001,2899,20711,52625,0,0
time,7,adaptive,engine_rolling_4_2far,intent_queued,20000,496,2314,5085,49009,0,0
time,7,adaptive,engine_rolling_4_2far,replace_report,20000,684,3747,18725,160951,0,0
time,7,adaptive,engine_rolling_4_2far,ready_to_command,20000,903,2760,20222,504342,0,0
time,7,adaptive,engine_jump_4_2far,price_query,20000,38,98,162,25820,0,0
time,7,adaptive,engine_jump_4_2far,intent_to_command,20000,1020,3204,20979,145550,0,0
time,7,adaptive,engine_jump_4_2far,intent_queued,20000,512,2526,7347,90100,0,0
time,7,adaptive,engine_jump_4_2far,replace_report,20000,715,3827,20302,68455,0,0
time,7,adaptive,engine_jump_4_2far,ready_to_command,20000,910,3016,21119,37841,0,0
time,7,adaptive,engine_jump_4_2far,jump_intent_subset,2496,1031,4041,8659,20979,0,0
time,7,adaptive,engine_rolling_32_2far,price_query,20000,71,146,350,5061,0,0
time,7,adaptive,engine_rolling_32_2far,intent_to_command,20000,1680,4474,28400,183040,0,0
time,7,adaptive,engine_rolling_32_2far,intent_queued,20000,765,3345,24799,130641,0,0
time,7,adaptive,engine_rolling_32_2far,replace_report,20000,1013,5431,29425,604207,0,0
time,7,adaptive,engine_rolling_32_2far,ready_to_command,20000,1440,4047,29153,1164407,0,0
time,7,adaptive,engine_jump_32_2far,price_query,20000,55,109,219,5882,0,0
time,7,adaptive,engine_jump_32_2far,intent_to_command,20000,1038,3542,26758,300073,0,0
time,7,adaptive,engine_jump_32_2far,intent_queued,20000,532,2520,21456,313838,0,0
time,7,adaptive,engine_jump_32_2far,replace_report,20000,705,4041,22514,49107,0,0
time,7,adaptive,engine_jump_32_2far,ready_to_command,20000,897,2859,21736,154521,0,0
time,7,adaptive,engine_jump_32_2far,jump_intent_subset,2496,1037,2560,6827,26661,0,0
time,7,pages,rolling_4,price_query,20000,36,54,82,47061,0,0
time,7,pages,rolling_4,near_range8,20000,62,184,354,21550,0,0
time,7,pages,rolling_4,index_submit,20000,89,166,286,30785,0,0
time,7,pages,rolling_4,index_ack,20000,80,157,274,21790,0,0
time,7,pages,rolling_4,cross_page_submit_subset,314,93,239,295,348,0,0
time,7,pages,rolling_4,page_creation_subset,78,156,295,295,348,0,0
time,7,pages,outliers_4,price_query,20000,37,66,176,24575,0,0
time,7,pages,outliers_4,near_range8,20000,62,162,279,21798,0,0
time,7,pages,outliers_4,index_submit,20000,89,188,303,56689,0,0
time,7,pages,outliers_4,index_ack,20000,82,181,309,53112,0,0
time,7,pages,outliers_4,cross_page_submit_subset,314,97,284,306,380,0,0
time,7,pages,outliers_4,page_creation_subset,78,170,306,306,380,0,0
time,7,pages,outliers_4,far_query,20000,36,69,173,940,0,0
time,7,pages,boundary_4,price_query,20000,36,61,180,49168,0,0
time,7,pages,boundary_4,near_range8,20000,65,179,433,27451,0,0
time,7,pages,boundary_4,index_submit,20000,88,171,338,31604,0,0
time,7,pages,boundary_4,index_ack,20000,95,210,375,26114,0,0
time,7,pages,boundary_4,cross_page_submit_subset,5000,87,165,291,8078,0,0
time,7,pages,jump_4,price_query,20000,36,58,170,21391,0,0
time,7,pages,jump_4,near_range8,20000,62,165,338,19965,0,0
time,7,pages,jump_4,index_submit,20000,93,174,273,49927,0,0
time,7,pages,jump_4,index_ack,20000,82,182,320,138468,0,0
time,7,pages,jump_4,cross_page_submit_subset,3746,100,235,348,49927,0,0
time,7,pages,jump_4,page_creation_subset,1248,149,266,348,17237,0,0
time,7,pages,jump_4,jump_submit_subset,2496,128,246,348,49927,0,0
time,7,pages,rolling_32,price_query,20000,36,56,110,45309,0,0
time,7,pages,rolling_32,near_range8,20000,72,154,329,31427,0,0
time,7,pages,rolling_32,index_submit,20000,88,161,281,17497,0,0
time,7,pages,rolling_32,index_ack,20000,71,142,304,287171,0,0
time,7,pages,rolling_32,cross_page_submit_subset,305,98,286,409,416,0,0
time,7,pages,rolling_32,page_creation_subset,10,214,409,409,416,0,0
time,7,pages,outliers_32,price_query,20000,36,69,144,31220,0,0
time,7,pages,outliers_32,near_range8,20000,72,184,350,18487,0,0
time,7,pages,outliers_32,index_submit,20000,90,180,506,35070,0,0
time,7,pages,outliers_32,index_ack,20000,70,158,277,88786,0,0
time,7,pages,outliers_32,cross_page_submit_subset,305,98,454,613,4038,0,0
time,7,pages,outliers_32,page_creation_subset,10,343,536,536,613,0,0
time,7,pages,outliers_32,far_query,20000,37,70,173,24361,0,0
time,7,pages,boundary_32,price_query,20000,36,111,198,100392,0,0
time,7,pages,boundary_32,near_range8,20000,73,206,422,36782,0,0
time,7,pages,boundary_32,index_submit,20000,89,179,623,748967,0,0
time,7,pages,boundary_32,index_ack,20000,88,188,363,23601,0,0
time,7,pages,boundary_32,cross_page_submit_subset,625,95,190,222,225,0,0
time,7,pages,jump_32,price_query,20000,36,61,177,31375,0,0
time,7,pages,jump_32,near_range8,20000,72,185,350,21707,0,0
time,7,pages,jump_32,index_submit,20000,89,183,350,25369,0,0
time,7,pages,jump_32,index_ack,20000,71,193,397,69205,0,0
time,7,pages,jump_32,cross_page_submit_subset,2652,97,258,1015,21310,0,0
time,7,pages,jump_32,page_creation_subset,156,177,385,482,21310,0,0
time,7,pages,jump_32,jump_submit_subset,2496,97,267,1015,21310,0,0
time,7,pages,rolling_128,price_query,20000,37,65,190,60430,0,0
time,7,pages,rolling_128,near_range8,20000,73,182,332,1140706,0,0
time,7,pages,rolling_128,index_submit,20000,90,196,675,232244,0,0
time,7,pages,rolling_128,index_ack,20000,75,174,367,108380,0,0
time,7,pages,rolling_128,cross_page_submit_subset,312,104,277,675,23856,0,0
time,7,pages,rolling_128,page_creation_subset,3,414,414,414,675,0,0
time,7,pages,outliers_128,price_query,20000,36,65,173,26536,0,0
time,7,pages,outliers_128,near_range8,20000,73,179,347,104469,0,0
time,7,pages,outliers_128,index_submit,20000,91,178,327,25909,0,0
time,7,pages,outliers_128,index_ack,20000,74,146,299,22332,0,0
time,7,pages,outliers_128,cross_page_submit_subset,312,103,214,496,584,0,0
time,7,pages,outliers_128,page_creation_subset,3,496,496,496,584,0,0
time,7,pages,outliers_128,far_query,20000,37,67,178,22160,0,0
time,7,pages,boundary_128,price_query,20000,36,59,107,4662,0,0
time,7,pages,boundary_128,near_range8,20000,73,160,291,40829,0,0
time,7,pages,boundary_128,index_submit,20000,89,172,369,31728,0,0
time,7,pages,boundary_128,index_ack,20000,85,168,307,22493,0,0
time,7,pages,boundary_128,cross_page_submit_subset,313,97,204,220,233,0,0
time,7,pages,jump_128,price_query,20000,36,59,143,4267,0,0
time,7,pages,jump_128,near_range8,20000,73,171,472,758178,0,0
time,7,pages,jump_128,index_submit,20000,90,190,703,136407,0,0
time,7,pages,jump_128,index_ack,20000,74,190,379,28441,0,0
time,7,pages,jump_128,cross_page_submit_subset,2704,100,263,1129,29776,0,0
time,7,pages,jump_128,page_creation_subset,77,207,707,707,1129,0,0
time,7,pages,jump_128,jump_submit_subset,2432,100,258,707,29776,0,0
time,7,pages,4096books_4near_2far,price_query,20000,349,1223,6331,68796,0,0
time,7,pages,new_book_growth,index_insert,20000,408,5265,60919,1443667,0,0
time,7,pages,new_book_growth,page_block_growth_subset,313,5310,165215,342202,1443667,0,0
time,7,pages,engine_cancel_rehang_4near,cancel_to_command,20000,1341,4703,38610,1080992,0,0
time,7,pages,engine_cancel_rehang_4near,new_to_command,20000,1602,7832,36206,312275,0,0
time,7,pages,engine_cancel_rehang_4near,accepted_report,20000,1000,3932,30320,97167,0,0
time,7,pages,engine_cancel_rehang_4near,canceled_report,20000,1036,4789,30267,377153,0,0
time,7,pages,engine_rolling_4_2far,price_query,20000,39,93,200,19500,0,0
time,7,pages,engine_rolling_4_2far,intent_to_command,20000,1014,3466,26762,111353,0,0
time,7,pages,engine_rolling_4_2far,intent_queued,20000,515,2558,19472,222408,0,0
time,7,pages,engine_rolling_4_2far,replace_report,20000,723,4153,21328,795823,0,0
time,7,pages,engine_rolling_4_2far,ready_to_command,20000,885,2844,23741,92590,0,0
time,7,pages,engine_jump_4_2far,price_query,20000,39,88,188,19444,0,0
time,7,pages,engine_jump_4_2far,intent_to_command,20000,1012,3024,22928,188246,0,0
time,7,pages,engine_jump_4_2far,intent_queued,20000,511,2419,15047,54508,0,0
time,7,pages,engine_jump_4_2far,replace_report,20000,705,3859,25613,101358,0,0
time,7,pages,engine_jump_4_2far,ready_to_command,20000,885,2757,20633,48682,0,0
time,7,pages,engine_jump_4_2far,jump_intent_subset,2496,1034,3891,6249,24278,0,0
time,7,pages,engine_rolling_32_2far,price_query,20000,42,84,198,21056,0,0
time,7,pages,engine_rolling_32_2far,intent_to_command,20000,1011,2973,24809,123819,0,0
time,7,pages,engine_rolling_32_2far,intent_queued,20000,515,2382,5096,113705,0,0
time,7,pages,engine_rolling_32_2far,replace_report,20000,670,3807,20461,113526,0,0
time,7,pages,engine_rolling_32_2far,ready_to_command,20000,875,2746,21159,119702,0,0
time,7,pages,engine_jump_32_2far,price_query,20000,42,86,188,8520,0,0
time,7,pages,engine_jump_32_2far,intent_to_command,20000,1000,2940,21077,94730,0,0
time,7,pages,engine_jump_32_2far,intent_queued,20000,502,2340,5356,80386,0,0
time,7,pages,engine_jump_32_2far,replace_report,20000,657,3746,19696,93425,0,0
time,7,pages,engine_jump_32_2far,ready_to_command,20000,876,2711,14556,54474,0,0
time,7,pages,engine_jump_32_2far,jump_intent_subset,2496,1001,2424,5965,46541,0,0
time,7,standard,rolling_4,price_query,20000,33,50,73,3752,0,0
time,7,standard,rolling_4,near_range8,20000,48,163,387,83372,0,0
time,7,standard,rolling_4,index_submit,20000,81,132,229,24001,0,0
time,7,standard,rolling_4,index_ack,20000,75,178,304,30223,0,0
time,7,standard,rolling_4,cross_page_submit_subset,314,80,129,172,197,0,0
time,7,standard,outliers_4,price_query,20000,32,67,114,936,0,0
time,7,standard,outliers_4,near_range8,20000,50,146,263,27035,0,0
time,7,standard,outliers_4,index_submit,20000,86,196,308,33860,0,0
time,7,standard,outliers_4,index_ack,20000,82,202,363,28119,0,0
time,7,standard,outliers_4,cross_page_submit_subset,314,85,182,221,307,0,0
time,7,standard,outliers_4,far_query,20000,34,69,150,23521,0,0
time,7,standard,boundary_4,price_query,20000,32,56,142,17621,0,0
time,7,standard,boundary_4,near_range8,20000,50,118,224,30495,0,0
time,7,standard,boundary_4,index_submit,20000,82,162,238,4347,0,0
time,7,standard,boundary_4,index_ack,20000,95,211,350,42698,0,0
time,7,standard,boundary_4,cross_page_submit_subset,5000,80,153,190,268,0,0
time,7,standard,jump_4,price_query,20000,32,58,77,50808,0,0
time,7,standard,jump_4,near_range8,20000,48,110,204,28655,0,0
time,7,standard,jump_4,index_submit,20000,84,171,252,22705,0,0
time,7,standard,jump_4,index_ack,20000,76,200,328,29105,0,0
time,7,standard,jump_4,cross_page_submit_subset,3746,99,190,257,1086,0,0
time,7,standard,jump_4,jump_submit_subset,2496,105,201,257,1086,0,0
time,7,standard,rolling_32,price_query,20000,35,67,101,34992,0,0
time,7,standard,rolling_32,near_range8,20000,76,157,296,4378,0,0
time,7,standard,rolling_32,index_submit,20000,92,172,341,23801,0,0
time,7,standard,rolling_32,index_ack,20000,70,160,397,22560,0,0
time,7,standard,rolling_32,cross_page_submit_subset,305,92,166,208,228,0,0
time,7,standard,outliers_32,price_query,20000,34,52,82,21328,0,0
time,7,standard,outliers_32,near_range8,20000,72,119,246,29468,0,0
time,7,standard,outliers_32,index_submit,20000,100,160,256,20396,0,0
time,7,standard,outliers_32,index_ack,20000,70,158,368,31145,0,0
time,7,standard,outliers_32,cross_page_submit_subset,305,101,148,160,165,0,0
time,7,standard,outliers_32,far_query,20000,40,55,90,22709,0,0
time,7,standard,boundary_32,price_query,20000,34,50,64,17564,0,0
time,7,standard,boundary_32,near_range8,20000,72,106,222,17721,0,0
time,7,standard,boundary_32,index_submit,20000,88,152,234,17798,0,0
time,7,standard,boundary_32,index_ack,20000,94,184,328,27149,0,0
time,7,standard,boundary_32,cross_page_submit_subset,625,94,135,213,224,0,0
time,7,standard,jump_32,price_query,20000,35,64,94,16850,0,0
time,7,standard,jump_32,near_range8,20000,75,144,295,17537,0,0
time,7,standard,jump_32,index_submit,20000,93,177,283,39732,0,0
time,7,standard,jump_32,index_ack,20000,70,229,418,23708,0,0
time,7,standard,jump_32,cross_page_submit_subset,2652,124,235,438,39732,0,0
time,7,standard,jump_32,jump_submit_subset,2496,125,237,413,569,0,0
time,7,standard,rolling_128,price_query,20000,43,69,88,17827,0,0
time,7,standard,rolling_128,near_range8,20000,84,116,253,17332,0,0
time,7,standard,rolling_128,index_submit,20000,108,149,265,21584,0,0
time,7,standard,rolling_128,index_ack,20000,74,145,350,3490,0,0
time,7,standard,rolling_128,cross_page_submit_subset,312,108,138,170,336,0,0
time,7,standard,outliers_128,price_query,20000,43,78,115,32924,0,0
time,7,standard,outliers_128,near_range8,20000,79,170,319,93423,0,0
time,7,standard,outliers_128,index_submit,20000,108,194,377,37712,0,0
time,7,standard,outliers_128,index_ack,20000,74,155,437,21256,0,0
time,7,standard,outliers_128,cross_page_submit_subset,312,108,182,211,222,0,0
time,7,standard,outliers_128,far_query,20000,46,90,119,18046,0,0
time,7,standard,boundary_128,price_query,20000,40,71,102,18714,0,0
time,7,standard,boundary_128,near_range8,20000,81,164,297,21993,0,0
time,7,standard,boundary_128,index_submit,20000,100,175,275,49703,0,0
time,7,standard,boundary_128,index_ack,20000,99,264,407,32563,0,0
time,7,standard,boundary_128,cross_page_submit_subset,313,103,169,187,1008,0,0
time,7,standard,jump_128,price_query,20000,43,88,130,17397,0,0
time,7,standard,jump_128,near_range8,20000,80,193,331,22738,0,0
time,7,standard,jump_128,index_submit,20000,115,246,439,35053,0,0
time,7,standard,jump_128,index_ack,20000,75,312,490,34204,0,0
time,7,standard,jump_128,cross_page_submit_subset,2704,164,349,932,35053,0,0
time,7,standard,jump_128,jump_submit_subset,2432,166,365,932,35053,0,0
time,7,standard,4096books_4near_2far,price_query,20000,120,558,824,41120,0,0
time,7,standard,new_book_growth,index_insert,20000,240,3509,21330,1344066,0,0
time,7,standard,engine_cancel_rehang_4near,cancel_to_command,20000,937,1662,16798,992570,0,0
time,7,standard,engine_cancel_rehang_4near,new_to_command,20000,1035,2897,22655,248688,0,0
time,7,standard,engine_cancel_rehang_4near,accepted_report,20000,667,3576,20020,74104,0,0
time,7,standard,engine_cancel_rehang_4near,canceled_report,20000,687,3722,22952,75554,0,0
time,7,standard,engine_rolling_4_2far,price_query,20000,33,70,138,21295,0,0
time,7,standard,engine_rolling_4_2far,intent_to_command,20000,993,2913,25054,77399,0,0
time,7,standard,engine_rolling_4_2far,intent_queued,20000,495,2310,5307,33070,0,0
time,7,standard,engine_rolling_4_2far,replace_report,20000,677,3688,27103,788428,0,0
time,7,standard,engine_rolling_4_2far,ready_to_command,20000,894,2740,21764,739428,0,0
time,7,standard,engine_jump_4_2far,price_query,20000,40,107,225,3763,0,0
time,7,standard,engine_jump_4_2far,intent_to_command,20000,1217,4408,34047,1612348,0,0
time,7,standard,engine_jump_4_2far,intent_queued,20000,645,3288,15827,94070,0,0
time,7,standard,engine_jump_4_2far,replace_report,20000,993,4366,20003,1681803,0,0
time,7,standard,engine_jump_4_2far,ready_to_command,20000,999,4017,25015,103130,0,0
time,7,standard,engine_jump_4_2far,jump_intent_subset,2496,1359,5794,27938,35729,0,0
time,7,standard,engine_rolling_32_2far,price_query,20000,73,160,303,68585,0,0
time,7,standard,engine_rolling_32_2far,intent_to_command,20000,1674,4710,28012,307915,0,0
time,7,standard,engine_rolling_32_2far,intent_queued,20000,780,3564,25004,125491,0,0
time,7,standard,engine_rolling_32_2far,replace_report,20000,1095,4689,27792,1172106,0,0
time,7,standard,engine_rolling_32_2far,ready_to_command,20000,1325,4497,27620,245180,0,0
time,7,standard,engine_jump_32_2far,price_query,20000,58,114,260,30002,0,0
time,7,standard,engine_jump_32_2far,intent_to_command,20000,1062,3524,32320,378443,0,0
time,7,standard,engine_jump_32_2far,intent_queued,20000,546,2574,19576,233560,0,0
time,7,standard,engine_jump_32_2far,replace_report,20000,782,4206,27606,107006,0,0
time,7,standard,engine_jump_32_2far,ready_to_command,20000,910,3068,31241,91814,0,0
time,7,standard,engine_jump_32_2far,jump_intent_subset,2496,1068,2782,56369,378443,0,0
time,8,standard,rolling_4,price_query,20000,32,119,251,3768,0,0
time,8,standard,rolling_4,near_range8,20000,49,206,487,19739,0,0
time,8,standard,rolling_4,index_submit,20000,85,192,276,28196,0,0
time,8,standard,rolling_4,index_ack,20000,78,223,393,20042,0,0
time,8,standard,rolling_4,cross_page_submit_subset,314,85,188,202,248,0,0
time,8,standard,outliers_4,price_query,20000,32,45,62,18392,0,0
time,8,standard,outliers_4,near_range8,20000,50,133,228,20968,0,0
time,8,standard,outliers_4,index_submit,20000,85,124,206,64187,0,0
time,8,standard,outliers_4,index_ack,20000,80,126,207,19354,0,0
time,8,standard,outliers_4,cross_page_submit_subset,314,85,128,153,236,0,0
time,8,standard,outliers_4,far_query,20000,34,48,54,3913,0,0
time,8,standard,boundary_4,price_query,20000,31,53,78,26806,0,0
time,8,standard,boundary_4,near_range8,20000,50,143,259,21175,0,0
time,8,standard,boundary_4,index_submit,20000,84,148,227,37643,0,0
time,8,standard,boundary_4,index_ack,20000,95,190,398,195382,0,0
time,8,standard,boundary_4,cross_page_submit_subset,5000,80,140,199,37643,0,0
time,8,standard,jump_4,price_query,20000,32,48,66,19075,0,0
time,8,standard,jump_4,near_range8,20000,48,110,214,58238,0,0
time,8,standard,jump_4,index_submit,20000,84,135,203,20686,0,0
time,8,standard,jump_4,index_ack,20000,77,155,322,65847,0,0
time,8,standard,jump_4,cross_page_submit_subset,3746,99,152,221,20686,0,0
time,8,standard,jump_4,jump_submit_subset,2496,106,162,200,239,0,0
time,8,standard,rolling_32,price_query,20000,35,53,74,3567,0,0
time,8,standard,rolling_32,near_range8,20000,74,106,219,19968,0,0
time,8,standard,rolling_32,index_submit,20000,90,132,213,28153,0,0
time,8,standard,rolling_32,index_ack,20000,70,142,303,26361,0,0
time,8,standard,rolling_32,cross_page_submit_subset,305,90,152,169,178,0,0
time,8,standard,outliers_32,price_query,20000,34,51,70,18213,0,0
time,8,standard,outliers_32,near_range8,20000,72,106,216,3762,0,0
time,8,standard,outliers_32,index_submit,20000,100,154,233,20364,0,0
time,8,standard,outliers_32,index_ack,20000,70,150,350,17767,0,0
time,8,standard,outliers_32,cross_page_submit_subset,305,100,153,160,176,0,0
time,8,standard,outliers_32,far_query,20000,40,54,66,16279,0,0
time,8,standard,boundary_32,price_query,20000,34,51,76,23015,0,0
time,8,standard,boundary_32,near_range8,20000,72,116,267,19112,0,0
time,8,standard,boundary_32,index_submit,20000,88,158,266,55344,0,0
time,8,standard,boundary_32,index_ack,20000,94,192,395,140140,0,0
time,8,standard,boundary_32,cross_page_submit_subset,625,87,126,139,152,0,0
time,8,standard,jump_32,price_query,20000,35,59,77,33934,0,0
time,8,standard,jump_32,near_range8,20000,74,123,233,3225,0,0
time,8,standard,jump_32,index_submit,20000,93,171,262,72118,0,0
time,8,standard,jump_32,index_ack,20000,70,223,355,17173,0,0
time,8,standard,jump_32,cross_page_submit_subset,2652,124,219,477,4653,0,0
time,8,standard,jump_32,jump_submit_subset,2496,125,223,477,4653,0,0
time,8,standard,rolling_128,price_query,20000,43,68,93,5076,0,0
time,8,standard,rolling_128,near_range8,20000,84,120,254,32447,0,0
time,8,standard,rolling_128,index_submit,20000,109,147,252,20746,0,0
time,8,standard,rolling_128,index_ack,20000,73,145,363,19148,0,0
time,8,standard,rolling_128,cross_page_submit_subset,312,108,137,170,250,0,0
time,8,standard,outliers_128,price_query,20000,42,72,96,220,0,0
time,8,standard,outliers_128,near_range8,20000,79,163,332,27018,0,0
time,8,standard,outliers_128,index_submit,20000,107,185,332,56527,0,0
time,8,standard,outliers_128,index_ack,20000,74,152,412,35104,0,0
time,8,standard,outliers_128,cross_page_submit_subset,312,107,171,212,237,0,0
time,8,standard,outliers_128,far_query,20000,46,76,113,17366,0,0
time,8,standard,boundary_128,price_query,20000,40,64,80,136,0,0
time,8,standard,boundary_128,near_range8,20000,81,135,264,296439,0,0
time,8,standard,boundary_128,index_submit,20000,100,151,255,28495,0,0
time,8,standard,boundary_128,index_ack,20000,99,270,399,7883,0,0
time,8,standard,boundary_128,cross_page_submit_subset,313,102,146,164,254,0,0
time,8,standard,jump_128,price_query,20000,43,77,100,144358,0,0
time,8,standard,jump_128,near_range8,20000,80,156,345,27397,0,0
time,8,standard,jump_128,index_submit,20000,114,228,414,135543,0,0
time,8,standard,jump_128,index_ack,20000,74,302,529,241610,0,0
time,8,standard,jump_128,cross_page_submit_subset,2704,162,333,480,1181,0,0
time,8,standard,jump_128,jump_submit_subset,2432,164,337,480,1181,0,0
time,8,standard,4096books_4near_2far,price_query,20000,143,631,920,36404,0,0
time,8,standard,new_book_growth,index_insert,20000,234,3207,14865,1313598,0,0
time,8,standard,engine_cancel_rehang_4near,cancel_to_command,20000,934,1486,23257,998474,0,0
time,8,standard,engine_cancel_rehang_4near,new_to_command,20000,1032,3058,26968,294648,0,0
time,8,standard,engine_cancel_rehang_4near,accepted_report,20000,671,3503,6630,217356,0,0
time,8,standard,engine_cancel_rehang_4near,canceled_report,20000,690,3542,20976,224303,0,0
time,8,standard,engine_rolling_4_2far,price_query,20000,33,63,106,29939,0,0
time,8,standard,engine_rolling_4_2far,intent_to_command,20000,995,2794,20600,66421,0,0
time,8,standard,engine_rolling_4_2far,intent_queued,20000,494,2247,4359,32051,0,0
time,8,standard,engine_rolling_4_2far,replace_report,20000,675,3660,19263,205083,0,0
time,8,standard,engine_rolling_4_2far,ready_to_command,20000,895,2687,19441,64749,0,0
time,8,standard,engine_jump_4_2far,price_query,20000,33,64,111,535,0,0
time,8,standard,engine_jump_4_2far,intent_to_command,20000,994,2815,20442,189202,0,0
time,8,standard,engine_jump_4_2far,intent_queued,20000,494,2255,4904,78969,0,0
time,8,standard,engine_jump_4_2far,replace_report,20000,680,3736,17813,66722,0,0
time,8,standard,engine_jump_4_2far,ready_to_command,20000,895,2635,20354,71475,0,0
time,8,standard,engine_jump_4_2far,jump_intent_subset,2496,1001,3255,5922,33103,0,0
time,8,standard,engine_rolling_32_2far,price_query,20000,56,90,148,25894,0,0
time,8,standard,engine_rolling_32_2far,intent_to_command,20000,1020,2825,20904,36587,0,0
time,8,standard,engine_rolling_32_2far,intent_queued,20000,498,2235,4266,101897,0,0
time,8,standard,engine_rolling_32_2far,replace_report,20000,648,3688,19502,79494,0,0
time,8,standard,engine_rolling_32_2far,ready_to_command,20000,901,2618,19171,146373,0,0
time,8,standard,engine_jump_32_2far,price_query,20000,57,112,209,22877,0,0
time,8,standard,engine_jump_32_2far,intent_to_command,20000,1050,3230,29539,1435867,0,0
time,8,standard,engine_jump_32_2far,intent_queued,20000,530,2503,21665,453496,0,0
time,8,standard,engine_jump_32_2far,replace_report,20000,769,3905,24290,201447,0,0
time,8,standard,engine_jump_32_2far,ready_to_command,20000,908,2844,27020,529431,0,0
time,8,standard,engine_jump_32_2far,jump_intent_subset,2496,1051,2516,22189,29565,0,0
time,8,pages,rolling_4,price_query,20000,36,49,66,17630,0,0
time,8,pages,rolling_4,near_range8,20000,61,171,415,49695,0,0
time,8,pages,rolling_4,index_submit,20000,88,126,229,25058,0,0
time,8,pages,rolling_4,index_ack,20000,80,125,261,28724,0,0
time,8,pages,rolling_4,cross_page_submit_subset,314,91,246,325,394,0,0
time,8,pages,rolling_4,page_creation_subset,78,159,325,325,394,0,0
time,8,pages,outliers_4,price_query,20000,36,60,171,28929,0,0
time,8,pages,outliers_4,near_range8,20000,62,182,442,27281,0,0
time,8,pages,outliers_4,index_submit,20000,89,179,339,22463,0,0
time,8,pages,outliers_4,index_ack,20000,82,174,305,30887,0,0
time,8,pages,outliers_4,cross_page_submit_subset,314,97,362,401,711,0,0
time,8,pages,outliers_4,page_creation_subset,78,167,401,401,711,0,0
time,8,pages,outliers_4,far_query,20000,36,62,136,82061,0,0
time,8,pages,boundary_4,price_query,20000,36,59,120,4893,0,0
time,8,pages,boundary_4,near_range8,20000,65,175,344,21857,0,0
time,8,pages,boundary_4,index_submit,20000,88,167,280,51322,0,0
time,8,pages,boundary_4,index_ack,20000,94,204,324,26361,0,0
time,8,pages,boundary_4,cross_page_submit_subset,5000,86,159,201,318,0,0
time,8,pages,jump_4,price_query,20000,37,61,159,992,0,0
time,8,pages,jump_4,near_range8,20000,64,185,331,58832,0,0
time,8,pages,jump_4,index_submit,20000,95,214,317,31440,0,0
time,8,pages,jump_4,index_ack,20000,85,238,507,28379,0,0
time,8,pages,jump_4,cross_page_submit_subset,3746,104,276,329,528,0,0
time,8,pages,jump_4,page_creation_subset,1248,158,313,330,528,0,0
time,8,pages,jump_4,jump_submit_subset,2496,132,285,330,528,0,0
time,8,pages,rolling_32,price_query,20000,36,67,175,70170,0,0
time,8,pages,rolling_32,near_range8,20000,72,213,377,20399,0,0
time,8,pages,rolling_32,index_submit,20000,88,160,346,162992,0,0
time,8,pages,rolling_32,index_ack,20000,71,143,297,32478,0,0
time,8,pages,rolling_32,cross_page_submit_subset,305,98,289,346,578,0,0
time,8,pages,rolling_32,page_creation_subset,10,288,346,346,578,0,0
time,8,pages,outliers_32,price_query,20000,36,52,73,22623,0,0
time,8,pages,outliers_32,near_range8,20000,71,170,286,20819,0,0
time,8,pages,outliers_32,index_submit,20000,89,148,253,220737,0,0
time,8,pages,outliers_32,index_ack,20000,70,123,261,70411,0,0
time,8,pages,outliers_32,cross_page_submit_subset,305,97,303,396,427,0,0
time,8,pages,outliers_32,page_creation_subset,10,270,396,396,427,0,0
time,8,pages,outliers_32,far_query,20000,36,54,75,3875,0,0
time,8,pages,boundary_32,price_query,20000,36,61,110,945,0,0
time,8,pages,boundary_32,near_range8,20000,73,180,591,71597,0,0
time,8,pages,boundary_32,index_submit,20000,89,170,431,86671,0,0
time,8,pages,boundary_32,index_ack,20000,87,180,309,22351,0,0
time,8,pages,boundary_32,cross_page_submit_subset,625,92,179,280,1029,0,0
time,8,pages,jump_32,price_query,20000,36,57,125,913,0,0
time,8,pages,jump_32,near_range8,20000,72,150,270,42163,0,0
time,8,pages,jump_32,index_submit,20000,89,167,299,118240,0,0
time,8,pages,jump_32,index_ack,20000,71,167,322,60956,0,0
time,8,pages,jump_32,cross_page_submit_subset,2652,96,220,340,31477,0,0
time,8,pages,jump_32,page_creation_subset,156,167,328,340,540,0,0
time,8,pages,jump_32,jump_submit_subset,2496,96,225,340,31477,0,0
time,8,pages,rolling_128,price_query,20000,36,58,102,5830,0,0
time,8,pages,rolling_128,near_range8,20000,73,168,325,72169,0,0
time,8,pages,rolling_128,index_submit,20000,89,144,240,32185,0,0
time,8,pages,rolling_128,index_ack,20000,74,117,271,31190,0,0
time,8,pages,rolling_128,cross_page_submit_subset,312,103,170,356,490,0,0
time,8,pages,rolling_128,page_creation_subset,3,356,356,356,490,0,0
time,8,pages,outliers_128,price_query,20000,36,58,95,19976,0,0
time,8,pages,outliers_128,near_range8,20000,73,170,291,5117,0,0
time,8,pages,outliers_128,index_submit,20000,90,158,269,47417,0,0
time,8,pages,outliers_128,index_ack,20000,74,123,257,34027,0,0
time,8,pages,outliers_128,cross_page_submit_subset,312,102,286,857,1009,0,0
time,8,pages,outliers_128,page_creation_subset,3,480,480,480,857,0,0
time,8,pages,outliers_128,far_query,20000,37,60,118,19049,0,0
time,8,pages,boundary_128,price_query,20000,36,58,150,641,0,0
time,8,pages,boundary_128,near_range8,20000,73,179,385,22058,0,0
time,8,pages,boundary_128,index_submit,20000,89,155,284,55449,0,0
time,8,pages,boundary_128,index_ack,20000,84,160,293,130353,0,0
time,8,pages,boundary_128,cross_page_submit_subset,313,96,141,169,368,0,0
time,8,pages,jump_128,price_query,20000,36,63,181,22524,0,0
time,8,pages,jump_128,near_range8,20000,73,198,441,22878,0,0
time,8,pages,jump_128,index_submit,20000,90,187,444,31923,0,0
time,8,pages,jump_128,index_ack,20000,75,176,338,30961,0,0
time,8,pages,jump_128,cross_page_submit_subset,2704,101,245,4711,27142,0,0
time,8,pages,jump_128,page_creation_subset,77,204,472,472,18218,0,0
time,8,pages,jump_128,jump_submit_subset,2432,100,243,1933,27142,0,0
time,8,pages,4096books_4near_2far,price_query,20000,287,972,1896,63871,0,0
time,8,pages,new_book_growth,index_insert,20000,384,4665,45651,1343557,0,0
time,8,pages,new_book_growth,page_block_growth_subset,313,4759,126108,378401,1343557,0,0
time,8,pages,engine_cancel_rehang_4near,cancel_to_command,20000,995,4686,33666,1089017,0,0
time,8,pages,engine_cancel_rehang_4near,new_to_command,20000,1271,7748,43092,2192003,0,0
time,8,pages,engine_cancel_rehang_4near,accepted_report,20000,797,3732,26822,125817,0,0
time,8,pages,engine_cancel_rehang_4near,canceled_report,20000,819,4499,32336,206456,0,0
time,8,pages,engine_rolling_4_2far,price_query,20000,63,121,206,6337,0,0
time,8,pages,engine_rolling_4_2far,intent_to_command,20000,1669,4604,28567,789586,0,0
time,8,pages,engine_rolling_4_2far,intent_queued,20000,821,3495,16645,129597,0,0
time,8,pages,engine_rolling_4_2far,replace_report,20000,1133,5634,24509,107377,0,0
time,8,pages,engine_rolling_4_2far,ready_to_command,20000,1458,4258,27335,275835,0,0
time,8,pages,engine_jump_4_2far,price_query,20000,39,105,155,57928,0,0
time,8,pages,engine_jump_4_2far,intent_to_command,20000,1045,4013,20882,103125,0,0
time,8,pages,engine_jump_4_2far,intent_queued,20000,542,3087,8501,87404,0,0
time,8,pages,engine_jump_4_2far,replace_report,20000,781,5307,21079,79325,0,0
time,8,pages,engine_jump_4_2far,ready_to_command,20000,889,3063,15207,74764,0,0
time,8,pages,engine_jump_4_2far,jump_intent_subset,2496,1079,4265,20455,103125,0,0
time,8,pages,engine_rolling_32_2far,price_query,20000,62,132,367,1267,0,0
time,8,pages,engine_rolling_32_2far,intent_to_command,20000,1649,4842,36790,97674,0,0
time,8,pages,engine_rolling_32_2far,intent_queued,20000,800,3783,19100,118049,0,0
time,8,pages,engine_rolling_32_2far,replace_report,20000,1162,4664,31811,112221,0,0
time,8,pages,engine_rolling_32_2far,ready_to_command,20000,1344,4463,34356,127570,0,0
time,8,pages,engine_jump_32_2far,price_query,20000,41,94,214,60575,0,0
time,8,pages,engine_jump_32_2far,intent_to_command,20000,1055,3891,21307,891076,0,0
time,8,pages,engine_jump_32_2far,intent_queued,20000,556,2950,17811,242263,0,0
time,8,pages,engine_jump_32_2far,replace_report,20000,793,4745,20891,316402,0,0
time,8,pages,engine_jump_32_2far,ready_to_command,20000,882,3000,20972,174564,0,0
time,8,pages,engine_jump_32_2far,jump_intent_subset,2496,1061,2862,17689,59674,0,0
time,8,adaptive,rolling_4,price_query,20000,35,53,81,69339,0,0
time,8,adaptive,rolling_4,near_range8,20000,45,121,177,50101,0,0
time,8,adaptive,rolling_4,index_submit,20000,83,135,257,106718,0,0
time,8,adaptive,rolling_4,index_ack,20000,75,125,226,4163,0,0
time,8,adaptive,rolling_4,cross_page_submit_subset,314,83,124,161,162,0,0
time,8,adaptive,outliers_4,price_query,20000,36,69,181,25635,0,0
time,8,adaptive,outliers_4,near_range8,20000,47,140,459,22437,0,0
time,8,adaptive,outliers_4,index_submit,20000,86,202,597,72709,0,0
time,8,adaptive,outliers_4,index_ack,20000,89,189,313,54261,0,0
time,8,adaptive,outliers_4,cross_page_submit_subset,314,86,208,222,1063,0,0
time,8,adaptive,outliers_4,far_query,20000,36,69,174,18488,0,0
time,8,adaptive,boundary_4,price_query,20000,35,63,170,4627,0,0
time,8,adaptive,boundary_4,near_range8,20000,46,148,251,48920,0,0
time,8,adaptive,boundary_4,index_submit,20000,84,178,266,61061,0,0
time,8,adaptive,boundary_4,index_ack,20000,87,197,270,6125,0,0
time,8,adaptive,boundary_4,cross_page_submit_subset,5000,82,166,250,18587,0,0
time,8,adaptive,jump_4,price_query,20000,36,53,69,4161,0,0
time,8,adaptive,jump_4,near_range8,20000,45,83,160,4162,0,0
time,8,adaptive,jump_4,index_submit,20000,85,138,216,21370,0,0
time,8,adaptive,jump_4,index_ack,20000,77,133,237,49479,0,0
time,8,adaptive,jump_4,cross_page_submit_subset,3746,96,158,224,19468,0,0
time,8,adaptive,jump_4,jump_submit_subset,2496,104,163,216,4541,0,0
time,8,adaptive,rolling_32,price_query,20000,50,69,97,4354,0,0
time,8,adaptive,rolling_32,near_range8,20000,66,132,235,3512,0,0
time,8,adaptive,rolling_32,index_submit,20000,98,173,266,71212,0,0
time,8,adaptive,rolling_32,index_ack,20000,70,137,251,57105,0,0
time,8,adaptive,rolling_32,cross_page_submit_subset,305,98,163,212,213,0,0
time,8,adaptive,outliers_32,price_query,20000,52,123,250,19824,0,0
time,8,adaptive,outliers_32,near_range8,20000,68,199,471,1512119,0,0
time,8,adaptive,outliers_32,index_submit,20000,102,214,1000,783804,0,0
time,8,adaptive,outliers_32,index_ack,20000,71,187,406,46190,0,0
time,8,adaptive,outliers_32,cross_page_submit_subset,305,100,178,256,5910,0,0
time,8,adaptive,outliers_32,far_query,20000,52,153,239,70398,0,0
time,8,adaptive,boundary_32,price_query,20000,52,73,152,17004,0,0
time,8,adaptive,boundary_32,near_range8,20000,68,159,304,74193,0,0
time,8,adaptive,boundary_32,index_submit,20000,99,175,310,56182,0,0
time,8,adaptive,boundary_32,index_ack,20000,103,188,349,130942,0,0
time,8,adaptive,boundary_32,cross_page_submit_subset,625,101,203,434,40753,0,0
time,8,adaptive,jump_32,price_query,20000,50,107,311,27123,0,0
time,8,adaptive,jump_32,near_range8,20000,67,189,479,26135,0,0
time,8,adaptive,jump_32,index_submit,20000,100,221,380,23696,0,0
time,8,adaptive,jump_32,index_ack,20000,71,229,432,81565,0,0
time,8,adaptive,jump_32,cross_page_submit_subset,2652,129,262,406,1078,0,0
time,8,adaptive,jump_32,jump_submit_subset,2496,130,265,406,1078,0,0
time,8,adaptive,rolling_128,price_query,20000,57,131,217,62709,0,0
time,8,adaptive,rolling_128,near_range8,20000,73,217,501,22537,0,0
time,8,adaptive,rolling_128,index_submit,20000,108,221,534,260264,0,0
time,8,adaptive,rolling_128,index_ack,20000,75,211,490,2058566,0,0
time,8,adaptive,rolling_128,cross_page_submit_subset,312,109,218,249,389,0,0
time,8,adaptive,outliers_128,price_query,20000,57,82,186,55773,0,0
time,8,adaptive,outliers_128,near_range8,20000,74,167,290,48898,0,0
time,8,adaptive,outliers_128,index_submit,20000,108,192,337,25842,0,0
time,8,adaptive,outliers_128,index_ack,20000,74,146,318,53600,0,0
time,8,adaptive,outliers_128,cross_page_submit_subset,312,108,239,300,306,0,0
time,8,adaptive,outliers_128,far_query,20000,58,80,187,17352,0,0
time,8,adaptive,boundary_128,price_query,20000,58,90,186,17296,0,0
time,8,adaptive,boundary_128,near_range8,20000,74,177,292,62940,0,0
time,8,adaptive,boundary_128,index_submit,20000,106,189,374,21507,0,0
time,8,adaptive,boundary_128,index_ack,20000,110,212,345,24556,0,0
time,8,adaptive,boundary_128,cross_page_submit_subset,313,118,180,235,239,0,0
time,8,adaptive,jump_128,price_query,20000,57,83,199,20677,0,0
time,8,adaptive,jump_128,near_range8,20000,74,165,427,63777,0,0
time,8,adaptive,jump_128,index_submit,20000,110,259,1001,25862,0,0
time,8,adaptive,jump_128,index_ack,20000,76,274,553,64665,0,0
time,8,adaptive,jump_128,cross_page_submit_subset,2704,136,372,1150,17423,0,0
time,8,adaptive,jump_128,jump_submit_subset,2432,138,376,1150,17423,0,0
time,8,adaptive,4096books_4near_2far,price_query,20000,214,875,1506,73689,0,0
time,8,adaptive,new_book_growth,index_insert,20000,261,3018,19885,1475439,0,0
time,8,adaptive,engine_cancel_rehang_4near,cancel_to_command,20000,966,2779,25360,1157031,0,0
time,8,adaptive,engine_cancel_rehang_4near,new_to_command,20000,1134,4448,30809,889054,0,0
time,8,adaptive,engine_cancel_rehang_4near,accepted_report,20000,735,4190,25826,289246,0,0
time,8,adaptive,engine_cancel_rehang_4near,canceled_report,20000,736,4288,34685,1133363,0,0
time,8,adaptive,engine_rolling_4_2far,price_query,20000,37,99,220,27623,0,0
time,8,adaptive,engine_rolling_4_2far,intent_to_command,20000,1045,3189,26100,1080175,0,0
time,8,adaptive,engine_rolling_4_2far,intent_queued,20000,530,2621,22803,556103,0,0
time,8,adaptive,engine_rolling_4_2far,replace_report,20000,764,3968,20260,118785,0,0
time,8,adaptive,engine_rolling_4_2far,ready_to_command,20000,912,2970,29272,254724,0,0
time,8,adaptive,engine_jump_4_2far,price_query,20000,37,103,218,69150,0,0
time,8,adaptive,engine_jump_4_2far,intent_to_command,20000,1036,3461,27017,289691,0,0
time,8,adaptive,engine_jump_4_2far,intent_queued,20000,531,2543,7280,97814,0,0
time,8,adaptive,engine_jump_4_2far,replace_report,20000,764,4327,19305,74008,0,0
time,8,adaptive,engine_jump_4_2far,ready_to_command,20000,908,2982,20576,415341,0,0
time,8,adaptive,engine_jump_4_2far,jump_intent_subset,2496,1050,4392,8618,25197,0,0
time,8,adaptive,engine_rolling_32_2far,price_query,20000,55,114,249,19957,0,0
time,8,adaptive,engine_rolling_32_2far,intent_to_command,20000,1033,3802,27763,384303,0,0
time,8,adaptive,engine_rolling_32_2far,intent_queued,20000,518,2712,20125,526598,0,0
time,8,adaptive,engine_rolling_32_2far,replace_report,20000,701,4763,25797,621786,0,0
time,8,adaptive,engine_rolling_32_2far,ready_to_command,20000,892,2896,25564,217203,0,0
time,8,adaptive,engine_jump_32_2far,price_query,20000,56,104,194,24653,0,0
time,8,adaptive,engine_jump_32_2far,intent_to_command,20000,1027,3038,23481,331643,0,0
time,8,adaptive,engine_jump_32_2far,intent_queued,20000,517,2376,6805,165210,0,0
time,8,adaptive,engine_jump_32_2far,replace_report,20000,716,3819,19237,95103,0,0
time,8,adaptive,engine_jump_32_2far,ready_to_command,20000,897,2755,21191,154795,0,0
time,8,adaptive,engine_jump_32_2far,jump_intent_subset,2496,1030,2561,23481,73341,0,0
time,9,adaptive,rolling_4,price_query,20000,35,51,64,63629,0,0
time,9,adaptive,rolling_4,near_range8,20000,45,85,161,5217,0,0
time,9,adaptive,rolling_4,index_submit,20000,83,129,188,17611,0,0
time,9,adaptive,rolling_4,index_ack,20000,75,118,208,19255,0,0
time,9,adaptive,rolling_4,cross_page_submit_subset,314,83,143,158,245,0,0
time,9,adaptive,outliers_4,price_query,20000,36,83,157,92180,0,0
time,9,adaptive,outliers_4,near_range8,20000,47,145,311,17374,0,0
time,9,adaptive,outliers_4,index_submit,20000,86,196,308,29056,0,0
time,9,adaptive,outliers_4,index_ack,20000,87,183,324,20674,0,0
time,9,adaptive,outliers_4,cross_page_submit_subset,314,85,160,180,209,0,0
time,9,adaptive,outliers_4,far_query,20000,36,82,179,38808,0,0
time,9,adaptive,boundary_4,price_query,20000,35,46,56,18148,0,0
time,9,adaptive,boundary_4,near_range8,20000,46,95,190,17100,0,0
time,9,adaptive,boundary_4,index_submit,20000,83,114,175,69178,0,0
time,9,adaptive,boundary_4,index_ack,20000,86,115,218,40210,0,0
time,9,adaptive,boundary_4,cross_page_submit_subset,5000,82,102,150,299,0,0
time,9,adaptive,jump_4,price_query,20000,36,62,135,19983,0,0
time,9,adaptive,jump_4,near_range8,20000,45,106,252,16412,0,0
time,9,adaptive,jump_4,index_submit,20000,85,174,253,17044,0,0
time,9,adaptive,jump_4,index_ack,20000,78,174,268,59144,0,0
time,9,adaptive,jump_4,cross_page_submit_subset,3746,98,191,270,17044,0,0
time,9,adaptive,jump_4,jump_submit_subset,2496,105,200,248,360,0,0
time,9,adaptive,rolling_32,price_query,20000,50,66,82,3620,0,0
time,9,adaptive,rolling_32,near_range8,20000,66,124,207,21022,0,0
time,9,adaptive,rolling_32,index_submit,20000,98,162,220,18662,0,0
time,9,adaptive,rolling_32,index_ack,20000,70,125,215,55111,0,0
time,9,adaptive,rolling_32,cross_page_submit_subset,305,98,151,165,4790,0,0
time,9,adaptive,outliers_32,price_query,20000,51,73,159,92436,0,0
time,9,adaptive,outliers_32,near_range8,20000,68,159,285,59484,0,0
time,9,adaptive,outliers_32,index_submit,20000,100,179,315,53536,0,0
time,9,adaptive,outliers_32,index_ack,20000,70,144,266,3845,0,0
time,9,adaptive,outliers_32,cross_page_submit_subset,305,99,180,210,223,0,0
time,9,adaptive,outliers_32,far_query,20000,52,70,192,4488,0,0
time,9,adaptive,boundary_32,price_query,20000,52,70,178,4200,0,0
time,9,adaptive,boundary_32,near_range8,20000,69,156,297,16996,0,0
time,9,adaptive,boundary_32,index_submit,20000,100,170,273,61239,0,0
time,9,adaptive,boundary_32,index_ack,20000,103,175,266,72290,0,0
time,9,adaptive,boundary_32,cross_page_submit_subset,625,101,165,1016,3392,0,0
time,9,adaptive,jump_32,price_query,20000,50,102,207,603741,0,0
time,9,adaptive,jump_32,near_range8,20000,67,184,321,24327,0,0
time,9,adaptive,jump_32,index_submit,20000,99,218,377,201885,0,0
time,9,adaptive,jump_32,index_ack,20000,71,236,450,27079,0,0
time,9,adaptive,jump_32,cross_page_submit_subset,2652,126,282,1100,201885,0,0
time,9,adaptive,jump_32,jump_submit_subset,2496,127,288,1100,201885,0,0
time,9,adaptive,rolling_128,price_query,20000,57,122,257,68299,0,0
time,9,adaptive,rolling_128,near_range8,20000,73,196,432,559665,0,0
time,9,adaptive,rolling_128,index_submit,20000,107,287,704,964500,0,0
time,9,adaptive,rolling_128,index_ack,20000,75,221,969,504960,0,0
time,9,adaptive,rolling_128,cross_page_submit_subset,312,107,250,285,335,0,0
time,9,adaptive,outliers_128,price_query,20000,57,76,187,60946,0,0
time,9,adaptive,outliers_128,near_range8,20000,74,188,358,18545,0,0
time,9,adaptive,outliers_128,index_submit,20000,107,183,374,56385,0,0
time,9,adaptive,outliers_128,index_ack,20000,74,138,306,84636,0,0
time,9,adaptive,outliers_128,cross_page_submit_subset,312,108,176,220,283,0,0
time,9,adaptive,outliers_128,far_query,20000,58,74,183,4150,0,0
time,9,adaptive,boundary_128,price_query,20000,57,80,200,19170,0,0
time,9,adaptive,boundary_128,near_range8,20000,74,172,324,2849010,0,0
time,9,adaptive,boundary_128,index_submit,20000,106,190,632,70094,0,0
time,9,adaptive,boundary_128,index_ack,20000,110,205,400,216014,0,0
time,9,adaptive,boundary_128,cross_page_submit_subset,313,117,197,293,374,0,0
time,9,adaptive,jump_128,price_query,20000,56,79,192,130020,0,0
time,9,adaptive,jump_128,near_range8,20000,72,181,450,37376,0,0
time,9,adaptive,jump_128,index_submit,20000,107,215,1027,21619635,0,0
time,9,adaptive,jump_128,index_ack,20000,75,247,593,72756,0,0
time,9,adaptive,jump_128,cross_page_submit_subset,2704,131,266,852,4266,0,0
time,9,adaptive,jump_128,jump_submit_subset,2432,134,251,852,4266,0,0
time,9,adaptive,4096books_4near_2far,price_query,20000,247,944,1672,58412,0,0
time,9,adaptive,new_book_growth,index_insert,20000,322,3480,34427,2934744,0,0
time,9,adaptive,engine_cancel_rehang_4near,cancel_to_command,20000,1057,4140,40045,1192242,0,0
time,9,adaptive,engine_cancel_rehang_4near,new_to_command,20000,1302,6516,44820,274751,0,0
time,9,adaptive,engine_cancel_rehang_4near,accepted_report,20000,849,6009,27603,452175,0,0
time,9,adaptive,engine_cancel_rehang_4near,canceled_report,20000,844,5985,34719,809012,0,0
time,9,adaptive,engine_rolling_4_2far,price_query,20000,38,142,328,21105,0,0
time,9,adaptive,engine_rolling_4_2far,intent_to_command,20000,1152,4856,59994,191463,0,0
time,9,adaptive,engine_rolling_4_2far,intent_queued,20000,637,3533,22107,123702,0,0
time,9,adaptive,engine_rolling_4_2far,replace_report,20000,966,5187,51339,268243,0,0
time,9,adaptive,engine_rolling_4_2far,ready_to_command,20000,931,4250,33185,177266,0,0
time,9,adaptive,engine_jump_4_2far,price_query,20000,38,150,332,110536,0,0
time,9,adaptive,engine_jump_4_2far,intent_to_command,20000,1142,4996,50774,227528,0,0
time,9,adaptive,engine_jump_4_2far,intent_queued,20000,627,3710,27120,169151,0,0
time,9,adaptive,engine_jump_4_2far,replace_report,20000,926,6356,45781,210557,0,0
time,9,adaptive,engine_jump_4_2far,ready_to_command,20000,922,4128,51385,281825,0,0
time,9,adaptive,engine_jump_4_2far,jump_intent_subset,2496,1151,6305,25482,200321,0,0
time,9,adaptive,engine_rolling_32_2far,price_query,20000,55,101,186,54061,0,0
time,9,adaptive,engine_rolling_32_2far,intent_to_command,20000,1042,3623,23404,110150,0,0
time,9,adaptive,engine_rolling_32_2far,intent_queued,20000,532,2665,7570,875623,0,0
time,9,adaptive,engine_rolling_32_2far,replace_report,20000,749,4603,35711,450229,0,0
time,9,adaptive,engine_rolling_32_2far,ready_to_command,20000,892,2866,21247,63097,0,0
time,9,adaptive,engine_jump_32_2far,price_query,20000,57,132,495,380221,0,0
time,9,adaptive,engine_jump_32_2far,intent_to_command,20000,1095,4630,39563,1275676,0,0
time,9,adaptive,engine_jump_32_2far,intent_queued,20000,568,3376,30511,709241,0,0
time,9,adaptive,engine_jump_32_2far,replace_report,20000,830,5424,34290,109548,0,0
time,9,adaptive,engine_jump_32_2far,ready_to_command,20000,915,3596,27123,101138,0,0
time,9,adaptive,engine_jump_32_2far,jump_intent_subset,2496,1103,3661,20577,73312,0,0
time,9,pages,rolling_4,price_query,20000,36,58,94,53240,0,0
time,9,pages,rolling_4,near_range8,20000,62,204,484,80757,0,0
time,9,pages,rolling_4,index_submit,20000,89,155,418,78225,0,0
time,9,pages,rolling_4,index_ack,20000,80,156,321,198708,0,0
time,9,pages,rolling_4,cross_page_submit_subset,314,96,289,418,436,0,0
time,9,pages,rolling_4,page_creation_subset,78,193,418,418,436,0,0
time,9,pages,outliers_4,price_query,20000,37,54,94,14524,0,0
time,9,pages,outliers_4,near_range8,20000,62,187,331,35223,0,0
time,9,pages,outliers_4,index_submit,20000,88,163,255,44107,0,0
time,9,pages,outliers_4,index_ack,20000,81,150,264,43970,0,0
time,9,pages,outliers_4,cross_page_submit_subset,314,96,247,274,282,0,0
time,9,pages,outliers_4,page_creation_subset,78,167,274,274,282,0,0
time,9,pages,outliers_4,far_query,20000,36,54,87,60783,0,0
time,9,pages,boundary_4,price_query,20000,36,60,127,47283,0,0
time,9,pages,boundary_4,near_range8,20000,65,187,449,22020,0,0
time,9,pages,boundary_4,index_submit,20000,87,163,256,28556,0,0
time,9,pages,boundary_4,index_ack,20000,94,193,317,3938,0,0
time,9,pages,boundary_4,cross_page_submit_subset,5000,86,154,216,3734,0,0
time,9,pages,jump_4,price_query,20000,36,49,62,43608,0,0
time,9,pages,jump_4,near_range8,20000,62,102,234,41631,0,0
time,9,pages,jump_4,index_submit,20000,91,160,242,14639,0,0
time,9,pages,jump_4,index_ack,20000,82,146,294,50740,0,0
time,9,pages,jump_4,cross_page_submit_subset,3746,98,187,334,14639,0,0
time,9,pages,jump_4,page_creation_subset,1248,148,236,334,378,0,0
time,9,pages,jump_4,jump_submit_subset,2496,126,208,339,14639,0,0
time,9,pages,rolling_32,price_query,20000,36,55,79,51568,0,0
time,9,pages,rolling_32,near_range8,20000,71,132,246,22687,0,0
time,9,pages,rolling_32,index_submit,20000,88,156,238,19274,0,0
time,9,pages,rolling_32,index_ack,20000,70,128,251,19712,0,0
time,9,pages,rolling_32,cross_page_submit_subset,305,99,243,284,302,0,0
time,9,pages,rolling_32,page_creation_subset,10,226,284,284,302,0,0
time,9,pages,outliers_32,price_query,20000,37,58,119,45149,0,0
time,9,pages,outliers_32,near_range8,20000,72,178,303,68815,0,0
time,9,pages,outliers_32,index_submit,20000,89,160,290,3804,0,0
time,9,pages,outliers_32,index_ack,20000,70,134,262,4172,0,0
time,9,pages,outliers_32,cross_page_submit_subset,305,98,294,387,572,0,0
time,9,pages,outliers_32,page_creation_subset,10,266,387,387,572,0,0
time,9,pages,outliers_32,far_query,20000,37,59,177,39564,0,0
time,9,pages,boundary_32,price_query,20000,36,48,57,11001,0,0
time,9,pages,boundary_32,near_range8,20000,72,111,245,17129,0,0
time,9,pages,boundary_32,index_submit,20000,88,115,169,18285,0,0
time,9,pages,boundary_32,index_ack,20000,85,120,225,47862,0,0
time,9,pages,boundary_32,cross_page_submit_subset,625,88,129,149,151,0,0
time,9,pages,jump_32,price_query,20000,36,54,176,935,0,0
time,9,pages,jump_32,near_range8,20000,72,145,277,16892,0,0
time,9,pages,jump_32,index_submit,20000,88,165,283,67660,0,0
time,9,pages,jump_32,index_ack,20000,71,152,276,21482,0,0
time,9,pages,jump_32,cross_page_submit_subset,2652,96,206,302,362,0,0
time,9,pages,jump_32,page_creation_subset,156,170,270,302,322,0,0
time,9,pages,jump_32,jump_submit_subset,2496,96,213,302,362,0,0
time,9,pages,rolling_128,price_query,20000,36,50,71,17377,0,0
time,9,pages,rolling_128,near_range8,20000,73,153,260,29718,0,0
time,9,pages,rolling_128,index_submit,20000,89,130,278,140140,0,0
time,9,pages,rolling_128,index_ack,20000,73,108,243,46635,0,0
time,9,pages,rolling_128,cross_page_submit_subset,312,102,190,294,15352,0,0
time,9,pages,rolling_128,page_creation_subset,3,260,260,260,294,0,0
time,9,pages,outliers_128,price_query,20000,37,54,70,49437,0,0
time,9,pages,outliers_128,near_range8,20000,72,126,263,53938,0,0
time,9,pages,outliers_128,index_submit,20000,90,142,258,17656,0,0
time,9,pages,outliers_128,index_ack,20000,73,114,242,16427,0,0
time,9,pages,outliers_128,cross_page_submit_subset,312,101,172,340,370,0,0
time,9,pages,outliers_128,page_creation_subset,3,340,340,340,370,0,0
time,9,pages,outliers_128,far_query,20000,37,54,73,29090,0,0
time,9,pages,boundary_128,price_query,20000,36,60,111,85089,0,0
time,9,pages,boundary_128,near_range8,20000,73,163,340,100239,0,0
time,9,pages,boundary_128,index_submit,20000,89,156,340,137419,0,0
time,9,pages,boundary_128,index_ack,20000,85,158,379,134617,0,0
time,9,pages,boundary_128,cross_page_submit_subset,313,98,165,187,196,0,0
time,9,pages,jump_128,price_query,20000,37,64,181,66367,0,0
time,9,pages,jump_128,near_range8,20000,73,198,709,84568,0,0
time,9,pages,jump_128,index_submit,20000,90,234,1030,135217,0,0
time,9,pages,jump_128,index_ack,20000,75,205,757,76635,0,0
time,9,pages,jump_128,cross_page_submit_subset,2704,102,336,16325,135217,0,0
time,9,pages,jump_128,page_creation_subset,77,246,934,934,952,0,0
time,9,pages,jump_128,jump_submit_subset,2432,102,344,1215,67111,0,0
time,9,pages,4096books_4near_2far,price_query,20000,622,1792,23620,3782655,0,0
time,9,pages,new_book_growth,index_insert,20000,515,6590,59758,2344004,0,0
time,9,pages,new_book_growth,page_block_growth_subset,313,6767,159557,1542789,2344004,0,0
time,9,pages,engine_cancel_rehang_4near,cancel_to_command,20000,999,4210,36414,1480169,0,0
time,9,pages,engine_cancel_rehang_4near,new_to_command,20000,1311,6223,30773,329463,0,0
time,9,pages,engine_cancel_rehang_4near,accepted_report,20000,845,4567,26411,75596,0,0
time,9,pages,engine_cancel_rehang_4near,canceled_report,20000,858,4829,14890,139888,0,0
time,9,pages,engine_rolling_4_2far,price_query,20000,40,97,200,21211,0,0
time,9,pages,engine_rolling_4_2far,intent_to_command,20000,1060,3813,27828,171108,0,0
time,9,pages,engine_rolling_4_2far,intent_queued,20000,562,2930,16316,534292,0,0
time,9,pages,engine_rolling_4_2far,replace_report,20000,859,4643,23060,3245146,0,0
time,9,pages,engine_rolling_4_2far,ready_to_command,20000,887,3354,24750,175795,0,0
time,9,pages,engine_jump_4_2far,price_query,20000,66,127,284,128982,0,0
time,9,pages,engine_jump_4_2far,intent_to_command,20000,1793,4579,31390,421673,0,0
time,9,pages,engine_jump_4_2far,intent_queued,20000,815,3529,28455,107777,0,0
time,9,pages,engine_jump_4_2far,replace_report,20000,1206,4945,35143,226991,0,0
time,9,pages,engine_jump_4_2far,ready_to_command,20000,1591,4330,30842,229616,0,0
time,9,pages,engine_jump_4_2far,jump_intent_subset,2496,1825,5348,31889,158783,0,0
time,9,pages,engine_rolling_32_2far,price_query,20000,70,145,317,31759,0,0
time,9,pages,engine_rolling_32_2far,intent_to_command,20000,1836,4932,33889,105670,0,0
time,9,pages,engine_rolling_32_2far,intent_queued,20000,854,3649,17070,65116,0,0
time,9,pages,engine_rolling_32_2far,replace_report,20000,1184,5652,31148,97192,0,0
time,9,pages,engine_rolling_32_2far,ready_to_command,20000,1579,4372,31476,96398,0,0
time,9,pages,engine_jump_32_2far,price_query,20000,71,175,442,62183,0,0
time,9,pages,engine_jump_32_2far,intent_to_command,20000,1831,4894,36489,91526,0,0
time,9,pages,engine_jump_32_2far,intent_queued,20000,849,3733,7449,122620,0,0
time,9,pages,engine_jump_32_2far,replace_report,20000,1216,5466,30106,77188,0,0
time,9,pages,engine_jump_32_2far,ready_to_command,20000,1583,4477,32661,120018,0,0
time,9,pages,engine_jump_32_2far,jump_intent_subset,2496,1831,3870,24608,87383,0,0
time,9,standard,rolling_4,price_query,20000,57,172,437,28316,0,0
time,9,standard,rolling_4,near_range8,20000,104,244,575,84085,0,0
time,9,standard,rolling_4,index_submit,20000,166,411,542,40152,0,0
time,9,standard,rolling_4,index_ack,20000,154,416,1018,90556,0,0
time,9,standard,rolling_4,cross_page_submit_subset,314,166,430,597,824,0,0
time,9,standard,outliers_4,price_query,20000,32,54,68,226,0,0
time,9,standard,outliers_4,near_range8,20000,50,137,234,21561,0,0
time,9,standard,outliers_4,index_submit,20000,86,163,281,50437,0,0
time,9,standard,outliers_4,index_ack,20000,80,161,288,783,0,0
time,9,standard,outliers_4,cross_page_submit_subset,314,85,155,195,246,0,0
time,9,standard,outliers_4,far_query,20000,34,57,75,21709,0,0
time,9,standard,boundary_4,price_query,20000,32,56,149,23315,0,0
time,9,standard,boundary_4,near_range8,20000,50,182,397,74736,0,0
time,9,standard,boundary_4,index_submit,20000,83,172,290,173831,0,0
time,9,standard,boundary_4,index_ack,20000,95,223,395,55455,0,0
time,9,standard,boundary_4,cross_page_submit_subset,5000,80,159,276,173831,0,0
time,9,standard,jump_4,price_query,20000,32,60,80,282,0,0
time,9,standard,jump_4,near_range8,20000,49,125,224,17770,0,0
time,9,standard,jump_4,index_submit,20000,86,189,276,20695,0,0
time,9,standard,jump_4,index_ack,20000,79,235,336,50809,0,0
time,9,standard,jump_4,cross_page_submit_subset,3746,100,199,263,20695,0,0
time,9,standard,jump_4,jump_submit_subset,2496,106,202,231,315,0,0
time,9,standard,rolling_32,price_query,20000,35,65,86,224,0,0
time,9,standard,rolling_32,near_range8,20000,76,173,314,21041,0,0
time,9,standard,rolling_32,index_submit,20000,94,172,284,48048,0,0
time,9,standard,rolling_32,index_ack,20000,70,159,345,52104,0,0
time,9,standard,rolling_32,cross_page_submit_subset,305,94,167,175,226,0,0
time,9,standard,outliers_32,price_query,20000,35,71,94,35759,0,0
time,9,standard,outliers_32,near_range8,20000,74,180,296,50180,0,0
time,9,standard,outliers_32,index_submit,20000,103,201,315,46343,0,0
time,9,standard,outliers_32,index_ack,20000,71,208,363,46681,0,0
time,9,standard,outliers_32,cross_page_submit_subset,305,104,197,249,283,0,0
time,9,standard,outliers_32,far_query,20000,40,84,168,4023,0,0
time,9,standard,boundary_32,price_query,20000,35,64,87,16915,0,0
time,9,standard,boundary_32,near_range8,20000,72,166,317,12072,0,0
time,9,standard,boundary_32,index_submit,20000,88,172,281,80199,0,0
time,9,standard,boundary_32,index_ack,20000,94,219,400,49026,0,0
time,9,standard,boundary_32,cross_page_submit_subset,625,94,162,182,53390,0,0
time,9,standard,jump_32,price_query,20000,36,78,170,488,0,0
time,9,standard,jump_32,near_range8,20000,77,177,293,54594,0,0
time,9,standard,jump_32,index_submit,20000,97,232,392,49554,0,0
time,9,standard,jump_32,index_ack,20000,71,297,434,19223,0,0
time,9,standard,jump_32,cross_page_submit_subset,2652,127,292,547,3992,0,0
time,9,standard,jump_32,jump_submit_subset,2496,128,297,547,3992,0,0
time,9,standard,rolling_128,price_query,20000,43,82,122,21961,0,0
time,9,standard,rolling_128,near_range8,20000,85,193,325,20108,0,0
time,9,standard,rolling_128,index_submit,20000,110,204,316,68520,0,0
time,9,standard,rolling_128,index_ack,20000,74,150,416,29101,0,0
time,9,standard,rolling_128,cross_page_submit_subset,312,108,205,253,316,0,0
time,9,standard,outliers_128,price_query,20000,42,75,107,23277,0,0
time,9,standard,outliers_128,near_range8,20000,79,185,345,22332,0,0
time,9,standard,outliers_128,index_submit,20000,107,192,352,54327,0,0
time,9,standard,outliers_128,index_ack,20000,74,156,376,20239,0,0
time,9,standard,outliers_128,cross_page_submit_subset,312,109,179,360,392,0,0
time,9,standard,outliers_128,far_query,20000,46,82,113,22187,0,0
time,9,standard,boundary_128,price_query,20000,41,73,101,48553,0,0
time,9,standard,boundary_128,near_range8,20000,81,187,355,60422,0,0
time,9,standard,boundary_128,index_submit,20000,100,186,261,59599,0,0
time,9,standard,boundary_128,index_ack,20000,101,278,457,27526,0,0
time,9,standard,boundary_128,cross_page_submit_subset,313,101,173,230,283,0,0
time,9,standard,jump_128,price_query,20000,52,162,426,92636,0,0
time,9,standard,jump_128,near_range8,20000,93,283,1059,267736,0,0
time,9,standard,jump_128,index_submit,20000,123,378,1169,266600,0,0
time,9,standard,jump_128,index_ack,20000,78,472,2303,108012,0,0
time,9,standard,jump_128,cross_page_submit_subset,2704,186,657,1254,17563,0,0
time,9,standard,jump_128,jump_submit_subset,2432,193,706,1254,17563,0,0
time,9,standard,4096books_4near_2far,price_query,20000,272,1060,5960,91902,0,0
time,9,standard,new_book_growth,index_insert,20000,331,4182,23411,1613992,0,0
time,9,standard,engine_cancel_rehang_4near,cancel_to_command,20000,1004,2065,27851,1132048,0,0
time,9,standard,engine_cancel_rehang_4near,new_to_command,20000,1240,4112,27927,269602,0,0
time,9,standard,engine_cancel_rehang_4near,accepted_report,20000,800,4045,24739,290489,0,0
time,9,standard,engine_cancel_rehang_4near,canceled_report,20000,818,4158,20950,141698,0,0
time,9,standard,engine_rolling_4_2far,price_query,20000,34,82,163,580,0,0
time,9,standard,engine_rolling_4_2far,intent_to_command,20000,1055,3677,23153,102404,0,0
time,9,standard,engine_rolling_4_2far,intent_queued,20000,552,2911,6285,69584,0,0
time,9,standard,engine_rolling_4_2far,replace_report,20000,826,4816,9876,104615,0,0
time,9,standard,engine_rolling_4_2far,ready_to_command,20000,901,3150,20579,159883,0,0
time,9,standard,engine_jump_4_2far,price_query,20000,34,83,156,427,0,0
time,9,standard,engine_jump_4_2far,intent_to_command,20000,1027,3266,25998,120404,0,0
time,9,standard,engine_jump_4_2far,intent_queued,20000,530,2584,7909,64091,0,0
time,9,standard,engine_jump_4_2far,replace_report,20000,773,4270,19982,309256,0,0
time,9,standard,engine_jump_4_2far,ready_to_command,20000,897,2976,22213,100403,0,0
time,9,standard,engine_jump_4_2far,jump_intent_subset,2496,1033,3880,23433,36971,0,0
time,9,standard,engine_rolling_32_2far,price_query,20000,58,119,250,29091,0,0
time,9,standard,engine_rolling_32_2far,intent_to_command,20000,1064,3343,29146,2623259,0,0
time,9,standard,engine_rolling_32_2far,intent_queued,20000,538,2606,21458,2147869,0,0
time,9,standard,engine_rolling_32_2far,replace_report,20000,764,4186,22170,110609,0,0
time,9,standard,engine_rolling_32_2far,ready_to_command,20000,906,2980,27258,1553140,0,0
time,9,standard,engine_jump_32_2far,price_query,20000,57,95,173,26607,0,0
time,9,standard,engine_jump_32_2far,intent_to_command,20000,1024,2937,23523,157501,0,0
time,9,standard,engine_jump_32_2far,intent_queued,20000,507,2325,5734,67148,0,0
time,9,standard,engine_jump_32_2far,replace_report,20000,684,3898,14849,183917,0,0
time,9,standard,engine_jump_32_2far,ready_to_command,20000,902,2680,22195,60046,0,0
time,9,standard,engine_jump_32_2far,jump_intent_subset,2496,1024,2444,12574,32085,0,0
time,10,standard,rolling_4,price_query,20000,32,51,102,50612,0,0
time,10,standard,rolling_4,near_range8,20000,48,169,338,3852,0,0
time,10,standard,rolling_4,index_submit,20000,81,144,284,54281,0,0
time,10,standard,rolling_4,index_ack,20000,75,184,391,71877,0,0
time,10,standard,rolling_4,cross_page_submit_subset,314,81,120,211,230,0,0
time,10,standard,outliers_4,price_query,20000,33,63,163,150253,0,0
time,10,standard,outliers_4,near_range8,20000,50,163,370,24121,0,0
time,10,standard,outliers_4,index_submit,20000,86,185,302,67005,0,0
time,10,standard,outliers_4,index_ack,20000,80,196,399,38336,0,0
time,10,standard,outliers_4,cross_page_submit_subset,314,85,169,184,201,0,0
time,10,standard,outliers_4,far_query,20000,34,63,165,19075,0,0
time,10,standard,boundary_4,price_query,20000,31,57,99,27865,0,0
time,10,standard,boundary_4,near_range8,20000,50,133,262,25082,0,0
time,10,standard,boundary_4,index_submit,20000,82,165,271,67439,0,0
time,10,standard,boundary_4,index_ack,20000,95,211,396,53629,0,0
time,10,standard,boundary_4,cross_page_submit_subset,5000,80,158,286,67439,0,0
time,10,standard,jump_4,price_query,20000,32,56,89,27466,0,0
time,10,standard,jump_4,near_range8,20000,48,107,248,32899,0,0
time,10,standard,jump_4,index_submit,20000,83,157,279,120378,0,0
time,10,standard,jump_4,index_ack,20000,76,180,366,29056,0,0
time,10,standard,jump_4,cross_page_submit_subset,3746,99,183,248,20279,0,0
time,10,standard,jump_4,jump_submit_subset,2496,105,197,248,20279,0,0
time,10,standard,rolling_32,price_query,20000,35,64,100,23692,0,0
time,10,standard,rolling_32,near_range8,20000,75,175,367,159249,0,0
time,10,standard,rolling_32,index_submit,20000,91,170,314,31214,0,0
time,10,standard,rolling_32,index_ack,20000,70,157,436,228675,0,0
time,10,standard,rolling_32,cross_page_submit_subset,305,91,167,278,1817,0,0
time,10,standard,outliers_32,price_query,20000,35,76,179,26832,0,0
time,10,standard,outliers_32,near_range8,20000,73,208,414,24213,0,0
time,10,standard,outliers_32,index_submit,20000,103,194,332,25172,0,0
time,10,standard,outliers_32,index_ack,20000,70,198,503,37304,0,0
time,10,standard,outliers_32,cross_page_submit_subset,305,106,180,189,1008,0,0
time,10,standard,outliers_32,far_query,20000,40,84,177,45670,0,0
time,10,standard,boundary_32,price_query,20000,36,105,220,3407,0,0
time,10,standard,boundary_32,near_range8,20000,73,254,1016,26320,0,0
time,10,standard,boundary_32,index_submit,20000,91,202,361,247185,0,0
time,10,standard,boundary_32,index_ack,20000,100,285,538,212487,0,0
time,10,standard,boundary_32,cross_page_submit_subset,625,98,180,216,6460,0,0
time,10,standard,jump_32,price_query,20000,36,101,185,23997,0,0
time,10,standard,jump_32,near_range8,20000,78,230,539,98650,0,0
time,10,standard,jump_32,index_submit,20000,98,232,396,69483,0,0
time,10,standard,jump_32,index_ack,20000,72,315,536,24923,0,0
time,10,standard,jump_32,cross_page_submit_subset,2652,129,312,508,4582,0,0
time,10,standard,jump_32,jump_submit_subset,2496,130,316,508,4582,0,0
time,10,standard,rolling_128,price_query,20000,47,109,200,85950,0,0
time,10,standard,rolling_128,near_range8,20000,90,255,466,39582,0,0
time,10,standard,rolling_128,index_submit,20000,116,213,1018,40189,0,0
time,10,standard,rolling_128,index_ack,20000,75,182,728,23599,0,0
time,10,standard,rolling_128,cross_page_submit_subset,312,114,208,469,1003,0,0
time,10,standard,outliers_128,price_query,20000,45,99,189,34490,0,0
time,10,standard,outliers_128,near_range8,20000,80,226,413,49798,0,0
time,10,standard,outliers_128,index_submit,20000,109,211,584,606044,0,0
time,10,standard,outliers_128,index_ack,20000,74,169,547,21205,0,0
time,10,standard,outliers_128,cross_page_submit_subset,312,108,210,220,3536,0,0
time,10,standard,outliers_128,far_query,20000,47,110,186,102252,0,0
time,10,standard,boundary_128,price_query,20000,41,79,152,12123,0,0
time,10,standard,boundary_128,near_range8,20000,82,200,390,22691,0,0
time,10,standard,boundary_128,index_submit,20000,100,190,331,52127,0,0
time,10,standard,boundary_128,index_ack,20000,103,291,587,35645,0,0
time,10,standard,boundary_128,cross_page_submit_subset,313,102,182,188,240,0,0
time,10,standard,jump_128,price_query,20000,44,81,131,22007,0,0
time,10,standard,jump_128,near_range8,20000,80,190,422,5787,0,0
time,10,standard,jump_128,index_submit,20000,114,249,478,4374,0,0
time,10,standard,jump_128,index_ack,20000,75,322,613,335406,0,0
time,10,standard,jump_128,cross_page_submit_subset,2704,164,386,718,4374,0,0
time,10,standard,jump_128,jump_submit_subset,2432,166,395,718,4374,0,0
time,10,standard,4096books_4near_2far,price_query,20000,222,839,1632,100224,0,0
time,10,standard,new_book_growth,index_insert,20000,322,4094,26158,1528931,0,0
time,10,standard,engine_cancel_rehang_4near,cancel_to_command,20000,1030,2184,29119,1262938,0,0
time,10,standard,engine_cancel_rehang_4near,new_to_command,20000,1287,5576,36261,570668,0,0
time,10,standard,engine_cancel_rehang_4near,accepted_report,20000,840,5124,25355,286955,0,0
time,10,standard,engine_cancel_rehang_4near,canceled_report,20000,851,5319,25807,77023,0,0
time,10,standard,engine_rolling_4_2far,price_query,20000,33,92,253,86850,0,0
time,10,standard,engine_rolling_4_2far,intent_to_command,20000,1038,3401,25956,166048,0,0
time,10,standard,engine_rolling_4_2far,intent_queued,20000,534,2709,20378,439101,0,0
time,10,standard,engine_rolling_4_2far,replace_report,20000,784,4250,25717,588747,0,0
time,10,standard,engine_rolling_4_2far,ready_to_command,20000,901,2974,25052,725546,0,0
time,10,standard,engine_jump_4_2far,price_query,20000,34,93,220,5075,0,0
time,10,standard,engine_jump_4_2far,intent_to_command,20000,1041,3925,26361,86071,0,0
time,10,standard,engine_jump_4_2far,intent_queued,20000,542,2899,13041,68003,0,0
time,10,standard,engine_jump_4_2far,replace_report,20000,805,4840,26284,1397239,0,0
time,10,standard,engine_jump_4_2far,ready_to_command,20000,898,3040,26085,223245,0,0
time,10,standard,engine_jump_4_2far,jump_intent_subset,2496,1051,4583,25269,39769,0,0
time,10,standard,engine_rolling_32_2far,price_query,20000,58,115,192,38615,0,0
time,10,standard,engine_rolling_32_2far,intent_to_command,20000,1058,3512,27824,148442,0,0
time,10,standard,engine_rolling_32_2far,intent_queued,20000,533,2477,19395,66964,0,0
time,10,standard,engine_rolling_32_2far,replace_report,20000,742,4114,26574,71268,0,0
time,10,standard,engine_rolling_32_2far,ready_to_command,20000,906,2893,29423,84467,0,0
time,10,standard,engine_jump_32_2far,price_query,20000,58,121,248,18772,0,0
time,10,standard,engine_jump_32_2far,intent_to_command,20000,1086,4149,29183,1723085,0,0
time,10,standard,engine_jump_32_2far,intent_queued,20000,556,3035,16343,106173,0,0
time,10,standard,engine_jump_32_2far,replace_report,20000,823,5072,24171,128329,0,0
time,10,standard,engine_jump_32_2far,ready_to_command,20000,915,3231,29406,2382336,0,0
time,10,standard,engine_jump_32_2far,jump_intent_subset,2496,1086,3664,9505,114416,0,0
time,10,pages,rolling_4,price_query,20000,41,145,251,15519,0,0
time,10,pages,rolling_4,near_range8,20000,82,224,579,34202,0,0
time,10,pages,rolling_4,index_submit,20000,120,208,472,636695,0,0
time,10,pages,rolling_4,index_ack,20000,108,214,506,34814,0,0
time,10,pages,rolling_4,cross_page_submit_subset,314,142,435,568,758,0,0
time,10,pages,rolling_4,page_creation_subset,78,248,568,568,758,0,0
time,10,pages,outliers_4,price_query,20000,56,181,460,8906,0,0
time,10,pages,outliers_4,near_range8,20000,106,254,551,66922,0,0
time,10,pages,outliers_4,index_submit,20000,155,246,1011,49224,0,0
time,10,pages,outliers_4,index_ack,20000,138,255,767,66299,0,0
time,10,pages,outliers_4,cross_page_submit_subset,314,167,521,666,738,0,0
time,10,pages,outliers_4,page_creation_subset,78,343,666,666,738,0,0
time,10,pages,outliers_4,far_query,20000,57,173,471,30022,0,0
time,10,pages,boundary_4,price_query,20000,57,123,212,23641,0,0
time,10,pages,boundary_4,near_range8,20000,122,233,434,29704,0,0
time,10,pages,boundary_4,index_submit,20000,165,209,326,27686,0,0
time,10,pages,boundary_4,index_ack,20000,180,269,1067,31101,0,0
time,10,pages,boundary_4,cross_page_submit_subset,5000,162,194,269,27686,0,0
time,10,pages,jump_4,price_query,20000,55,184,557,32751,0,0
time,10,pages,jump_4,near_range8,20000,107,244,523,32987,0,0
time,10,pages,jump_4,index_submit,20000,165,299,470,63829,0,0
time,10,pages,jump_4,index_ack,20000,148,307,424,42679,0,0
time,10,pages,jump_4,cross_page_submit_subset,3746,184,344,467,25146,0,0
time,10,pages,jump_4,page_creation_subset,1248,269,394,455,470,0,0
time,10,pages,jump_4,jump_submit_subset,2496,206,371,455,1047,0,0
time,10,pages,rolling_32,price_query,20000,54,154,405,32521,0,0
time,10,pages,rolling_32,near_range8,20000,127,255,559,42040,0,0
time,10,pages,rolling_32,index_submit,20000,157,216,607,44618,0,0
time,10,pages,rolling_32,index_ack,20000,124,213,665,34061,0,0
time,10,pages,rolling_32,cross_page_submit_subset,305,168,583,607,661,0,0
time,10,pages,rolling_32,page_creation_subset,10,573,607,607,661,0,0
time,10,pages,outliers_32,price_query,20000,58,159,389,23794,0,0
time,10,pages,outliers_32,near_range8,20000,135,271,511,44096,0,0
time,10,pages,outliers_32,index_submit,20000,150,248,751,42612,0,0
time,10,pages,outliers_32,index_ack,20000,130,241,578,36467,0,0
time,10,pages,outliers_32,cross_page_submit_subset,305,157,796,42286,42612,0,0
time,10,pages,outliers_32,page_creation_subset,10,613,796,796,1137,0,0
time,10,pages,outliers_32,far_query,20000,60,163,429,42883,0,0
time,10,pages,boundary_32,price_query,20000,58,134,239,6611,0,0
time,10,pages,boundary_32,near_range8,20000,143,262,560,117537,0,0
time,10,pages,boundary_32,index_submit,20000,155,206,392,23975,0,0
time,10,pages,boundary_32,index_ack,20000,139,250,529,64085,0,0
time,10,pages,boundary_32,cross_page_submit_subset,625,157,205,5248,6100,0,0
time,10,pages,jump_32,price_query,20000,55,167,385,26442,0,0
time,10,pages,jump_32,near_range8,20000,128,253,561,40530,0,0
time,10,pages,jump_32,index_submit,20000,160,241,483,40840,0,0
time,10,pages,jump_32,index_ack,20000,128,278,510,30253,0,0
time,10,pages,jump_32,cross_page_submit_subset,2652,185,389,519,5593,0,0
time,10,pages,jump_32,page_creation_subset,156,300,519,531,674,0,0
time,10,pages,jump_32,jump_submit_subset,2496,188,391,519,5593,0,0
time,10,pages,rolling_128,price_query,20000,57,120,238,22836,0,0
time,10,pages,rolling_128,near_range8,20000,137,249,541,38503,0,0
time,10,pages,rolling_128,index_submit,20000,154,208,427,30300,0,0
time,10,pages,rolling_128,index_ack,20000,130,209,534,45517,0,0
time,10,pages,rolling_128,cross_page_submit_subset,312,167,256,702,1021,0,0
time,10,pages,rolling_128,page_creation_subset,3,702,702,702,1021,0,0
time,10,pages,outliers_128,price_query,20000,37,69,178,30760,0,0
time,10,pages,outliers_128,near_range8,20000,73,197,311,31770,0,0
time,10,pages,outliers_128,index_submit,20000,92,194,407,67508,0,0
time,10,pages,outliers_128,index_ack,20000,75,155,325,35855,0,0
time,10,pages,outliers_128,cross_page_submit_subset,312,102,240,504,580,0,0
time,10,pages,outliers_128,page_creation_subset,3,504,504,504,580,0,0
time,10,pages,outliers_128,far_query,20000,38,73,175,3761,0,0
time,10,pages,boundary_128,price_query,20000,36,62,177,17048,0,0
time,10,pages,boundary_128,near_range8,20000,73,206,384,66065,0,0
time,10,pages,boundary_128,index_submit,20000,89,166,302,42807,0,0
time,10,pages,boundary_128,index_ack,20000,85,174,360,37583,0,0
time,10,pages,boundary_128,cross_page_submit_subset,313,97,196,210,238,0,0
time,10,pages,jump_128,price_query,20000,37,51,71,24605,0,0
time,10,pages,jump_128,near_range8,20000,72,147,267,18054,0,0
time,10,pages,jump_128,index_submit,20000,90,147,293,73416,0,0
time,10,pages,jump_128,index_ack,20000,74,150,331,21555,0,0
time,10,pages,jump_128,cross_page_submit_subset,2704,100,208,465,18217,0,0
time,10,pages,jump_128,page_creation_subset,77,184,465,465,523,0,0
time,10,pages,jump_128,jump_submit_subset,2432,100,198,392,18217,0,0
time,10,pages,4096books_4near_2far,price_query,20000,330,1137,3485,34474,0,0
time,10,pages,new_book_growth,index_insert,20000,405,4914,43319,1358950,0,0
time,10,pages,new_book_growth,page_block_growth_subset,313,5077,128826,304899,1358950,0,0
time,10,pages,engine_cancel_rehang_4near,cancel_to_command,20000,942,3485,26694,1037201,0,0
time,10,pages,engine_cancel_rehang_4near,new_to_command,20000,1151,5426,30260,308122,0,0
time,10,pages,engine_cancel_rehang_4near,accepted_report,20000,700,4029,21369,70665,0,0
time,10,pages,engine_cancel_rehang_4near,canceled_report,20000,712,4139,8802,50521,0,0
time,10,pages,engine_rolling_4_2far,price_query,20000,39,91,197,34757,0,0
time,10,pages,engine_rolling_4_2far,intent_to_command,20000,1022,3399,25159,343909,0,0
time,10,pages,engine_rolling_4_2far,intent_queued,20000,526,2560,20265,41282,0,0
time,10,pages,engine_rolling_4_2far,replace_report,20000,744,3978,22119,170512,0,0
time,10,pages,engine_rolling_4_2far,ready_to_command,20000,885,2868,26715,596259,0,0
time,10,pages,engine_jump_4_2far,price_query,20000,40,93,167,38262,0,0
time,10,pages,engine_jump_4_2far,intent_to_command,20000,1022,3467,20917,446938,0,0
time,10,pages,engine_jump_4_2far,intent_queued,20000,521,2618,9692,100786,0,0
time,10,pages,engine_jump_4_2far,replace_report,20000,737,4348,26275,196606,0,0
time,10,pages,engine_jump_4_2far,ready_to_command,20000,885,2823,24116,3116702,0,0
time,10,pages,engine_jump_4_2far,jump_intent_subset,2496,1042,4624,25883,34388,0,0
time,10,pages,engine_rolling_32_2far,price_query,20000,41,98,221,47832,0,0
time,10,pages,engine_rolling_32_2far,intent_to_command,20000,1037,3234,30488,307201,0,0
time,10,pages,engine_rolling_32_2far,intent_queued,20000,534,2628,15277,1228955,0,0
time,10,pages,engine_rolling_32_2far,replace_report,20000,752,3945,27718,237324,0,0
time,10,pages,engine_rolling_32_2far,ready_to_command,20000,879,2850,27640,175187,0,0
time,10,pages,engine_jump_32_2far,price_query,20000,43,116,294,38102,0,0
time,10,pages,engine_jump_32_2far,intent_to_command,20000,1047,3708,30798,441045,0,0
time,10,pages,engine_jump_32_2far,intent_queued,20000,538,2694,25492,213144,0,0
time,10,pages,engine_jump_32_2far,replace_report,20000,762,4035,27378,223877,0,0
time,10,pages,engine_jump_32_2far,ready_to_command,20000,887,2882,24394,312445,0,0
time,10,pages,engine_jump_32_2far,jump_intent_subset,2496,1042,2615,29701,35993,0,0
time,10,adaptive,rolling_4,price_query,20000,35,55,100,230,0,0
time,10,adaptive,rolling_4,near_range8,20000,44,105,256,20305,0,0
time,10,adaptive,rolling_4,index_submit,20000,84,151,291,86321,0,0
time,10,adaptive,rolling_4,index_ack,20000,75,135,288,43654,0,0
time,10,adaptive,rolling_4,cross_page_submit_subset,314,84,130,147,253,0,0
time,10,adaptive,outliers_4,price_query,20000,35,54,72,145,0,0
time,10,adaptive,outliers_4,near_range8,20000,45,92,175,19037,0,0
time,10,adaptive,outliers_4,index_submit,20000,86,155,281,22115,0,0
time,10,adaptive,outliers_4,index_ack,20000,78,143,314,271529,0,0
time,10,adaptive,outliers_4,cross_page_submit_subset,314,86,148,157,159,0,0
time,10,adaptive,outliers_4,far_query,20000,35,55,75,299705,0,0
time,10,adaptive,boundary_4,price_query,20000,35,60,130,17065,0,0
time,10,adaptive,boundary_4,near_range8,20000,45,122,267,3763,0,0
time,10,adaptive,boundary_4,index_submit,20000,85,171,277,22774,0,0
time,10,adaptive,boundary_4,index_ack,20000,87,189,356,93440,0,0
time,10,adaptive,boundary_4,cross_page_submit_subset,5000,83,160,301,1037,0,0
time,10,adaptive,jump_4,price_query,20000,36,61,104,3917,0,0
time,10,adaptive,jump_4,near_range8,20000,44,96,195,38927,0,0
time,10,adaptive,jump_4,index_submit,20000,86,171,290,34253,0,0
time,10,adaptive,jump_4,index_ack,20000,79,174,300,19045,0,0
time,10,adaptive,jump_4,cross_page_submit_subset,3746,98,189,239,398,0,0
time,10,adaptive,jump_4,jump_submit_subset,2496,105,196,271,398,0,0
time,10,adaptive,rolling_32,price_query,20000,50,63,77,21098,0,0
time,10,adaptive,rolling_32,near_range8,20000,66,108,200,34409,0,0
time,10,adaptive,rolling_32,index_submit,20000,98,148,244,20350,0,0
time,10,adaptive,rolling_32,index_ack,20000,70,121,229,31548,0,0
time,10,adaptive,rolling_32,cross_page_submit_subset,305,98,136,158,198,0,0
time,10,adaptive,outliers_32,price_query,20000,51,73,111,22706,0,0
time,10,adaptive,outliers_32,near_range8,20000,68,138,234,38413,0,0
time,10,adaptive,outliers_32,index_submit,20000,101,178,275,51395,0,0
time,10,adaptive,outliers_32,index_ack,20000,70,148,252,17586,0,0
time,10,adaptive,outliers_32,cross_page_submit_subset,305,99,170,208,215,0,0
time,10,adaptive,outliers_32,far_query,20000,52,70,118,31128,0,0
time,10,adaptive,boundary_32,price_query,20000,51,66,82,24562,0,0
time,10,adaptive,boundary_32,near_range8,20000,68,118,213,3820,0,0
time,10,adaptive,boundary_32,index_submit,20000,99,151,246,34249,0,0
time,10,adaptive,boundary_32,index_ack,20000,102,160,260,57831,0,0
time,10,adaptive,boundary_32,cross_page_submit_subset,625,100,148,168,252,0,0
time,10,adaptive,jump_32,price_query,20000,50,70,135,41130,0,0
time,10,adaptive,jump_32,near_range8,20000,66,135,244,23077,0,0
time,10,adaptive,jump_32,index_submit,20000,99,182,327,40959,0,0
time,10,adaptive,jump_32,index_ack,20000,71,198,308,48750,0,0
time,10,adaptive,jump_32,cross_page_submit_subset,2652,124,234,394,18487,0,0
time,10,adaptive,jump_32,jump_submit_subset,2496,125,237,394,18487,0,0
time,10,adaptive,rolling_128,price_query,20000,56,73,98,34535,0,0
time,10,adaptive,rolling_128,near_range8,20000,72,129,250,18316,0,0
time,10,adaptive,rolling_128,index_submit,20000,105,172,289,22472,0,0
time,10,adaptive,rolling_128,index_ack,20000,74,137,253,31028,0,0
time,10,adaptive,rolling_128,cross_page_submit_subset,312,107,164,177,202,0,0
time,10,adaptive,outliers_128,price_query,20000,57,75,99,21503,0,0
time,10,adaptive,outliers_128,near_range8,20000,74,130,258,24546,0,0
time,10,adaptive,outliers_128,index_submit,20000,107,175,308,26411,0,0
time,10,adaptive,outliers_128,index_ack,20000,74,137,251,30384,0,0
time,10,adaptive,outliers_128,cross_page_submit_subset,312,108,182,187,266,0,0
time,10,adaptive,outliers_128,far_query,20000,58,74,112,931,0,0
time,10,adaptive,boundary_128,price_query,20000,57,73,104,22167,0,0
time,10,adaptive,boundary_128,near_range8,20000,73,127,214,5234,0,0
time,10,adaptive,boundary_128,index_submit,20000,106,165,272,54886,0,0
time,10,adaptive,boundary_128,index_ack,20000,110,183,272,25662,0,0
time,10,adaptive,boundary_128,cross_page_submit_subset,313,114,163,223,20240,0,0
time,10,adaptive,jump_128,price_query,20000,56,72,113,392107,0,0
time,10,adaptive,jump_128,near_range8,20000,71,137,276,24529,0,0
time,10,adaptive,jump_128,index_submit,20000,106,179,332,135071,0,0
time,10,adaptive,jump_128,index_ack,20000,74,229,401,75838,0,0
time,10,adaptive,jump_128,cross_page_submit_subset,2704,128,223,398,933,0,0
time,10,adaptive,jump_128,jump_submit_subset,2432,132,227,398,933,0,0
time,10,adaptive,4096books_4near_2far,price_query,20000,169,657,1030,37900,0,0
time,10,adaptive,new_book_growth,index_insert,20000,202,2363,11297,1370872,0,0
time,10,adaptive,engine_cancel_rehang_4near,cancel_to_command,20000,971,2677,29048,1018285,0,0
time,10,adaptive,engine_cancel_rehang_4near,new_to_command,20000,1153,3777,34878,291940,0,0
time,10,adaptive,engine_cancel_rehang_4near,accepted_report,20000,749,3832,25338,504583,0,0
time,10,adaptive,engine_cancel_rehang_4near,canceled_report,20000,752,3841,27156,847112,0,0
time,10,adaptive,engine_rolling_4_2far,price_query,20000,38,96,212,30088,0,0
time,10,adaptive,engine_rolling_4_2far,intent_to_command,20000,1041,3292,26465,116759,0,0
time,10,adaptive,engine_rolling_4_2far,intent_queued,20000,535,2560,6519,168460,0,0
time,10,adaptive,engine_rolling_4_2far,replace_report,20000,766,4297,22492,48841,0,0
time,10,adaptive,engine_rolling_4_2far,ready_to_command,20000,906,2987,26235,437311,0,0
time,10,adaptive,engine_jump_4_2far,price_query,20000,38,89,162,4770,0,0
time,10,adaptive,engine_jump_4_2far,intent_to_command,20000,1028,3122,21286,78383,0,0
time,10,adaptive,engine_jump_4_2far,intent_queued,20000,523,2483,19013,41921,0,0
time,10,adaptive,engine_jump_4_2far,replace_report,20000,707,3981,7585,47441,0,0
time,10,adaptive,engine_jump_4_2far,ready_to_command,20000,904,2873,21139,432949,0,0
time,10,adaptive,engine_jump_4_2far,jump_intent_subset,2496,1038,4169,19594,34007,0,0
time,10,adaptive,engine_rolling_32_2far,price_query,20000,55,97,192,60423,0,0
time,10,adaptive,engine_rolling_32_2far,intent_to_command,20000,1037,3112,24553,77819,0,0
time,10,adaptive,engine_rolling_32_2far,intent_queued,20000,525,2519,18693,222632,0,0
time,10,adaptive,engine_rolling_32_2far,replace_report,20000,686,3993,24313,141881,0,0
time,10,adaptive,engine_rolling_32_2far,ready_to_command,20000,893,2799,19907,53742,0,0
time,10,adaptive,engine_jump_32_2far,price_query,20000,56,118,239,9763,0,0
time,10,adaptive,engine_jump_32_2far,intent_to_command,20000,1052,3318,29321,1929424,0,0
time,10,adaptive,engine_jump_32_2far,intent_queued,20000,539,2643,23613,211891,0,0
time,10,adaptive,engine_jump_32_2far,replace_report,20000,758,4044,20723,240965,0,0
time,10,adaptive,engine_jump_32_2far,ready_to_command,20000,899,2970,25559,2087498,0,0
time,10,adaptive,engine_jump_32_2far,jump_intent_subset,2496,1057,2688,20551,1929424,0,0
time,11,adaptive,rolling_4,price_query,20000,36,56,80,25088,0,0
time,11,adaptive,rolling_4,near_range8,20000,44,99,160,1058,0,0
time,11,adaptive,rolling_4,index_submit,20000,84,153,288,53014,0,0
time,11,adaptive,rolling_4,index_ack,20000,76,140,257,86462,0,0
time,11,adaptive,rolling_4,cross_page_submit_subset,314,84,162,245,5636,0,0
time,11,adaptive,outliers_4,price_query,20000,35,50,65,5050,0,0
time,11,adaptive,outliers_4,near_range8,20000,45,82,167,17711,0,0
time,11,adaptive,outliers_4,index_submit,20000,86,132,206,26516,0,0
time,11,adaptive,outliers_4,index_ack,20000,78,117,211,18481,0,0
time,11,adaptive,outliers_4,cross_page_submit_subset,314,86,132,170,301,0,0
time,11,adaptive,outliers_4,far_query,20000,35,49,68,17911,0,0
time,11,adaptive,boundary_4,price_query,20000,35,53,76,3588,0,0
time,11,adaptive,boundary_4,near_range8,20000,45,107,190,23050,0,0
time,11,adaptive,boundary_4,index_submit,20000,85,145,226,29799,0,0
time,11,adaptive,boundary_4,index_ack,20000,87,154,247,21210,0,0
time,11,adaptive,boundary_4,cross_page_submit_subset,5000,82,139,162,29799,0,0
time,11,adaptive,jump_4,price_query,20000,36,64,98,19577,0,0
time,11,adaptive,jump_4,near_range8,20000,44,102,184,19048,0,0
time,11,adaptive,jump_4,index_submit,20000,86,181,264,47706,0,0
time,11,adaptive,jump_4,index_ack,20000,79,182,270,21865,0,0
time,11,adaptive,jump_4,cross_page_submit_subset,3746,99,205,264,4260,0,0
time,11,adaptive,jump_4,jump_submit_subset,2496,106,209,263,4260,0,0
time,11,adaptive,rolling_32,price_query,20000,50,65,83,7627,0,0
time,11,adaptive,rolling_32,near_range8,20000,66,120,210,24206,0,0
time,11,adaptive,rolling_32,index_submit,20000,98,159,262,29599,0,0
time,11,adaptive,rolling_32,index_ack,20000,70,125,242,18856,0,0
time,11,adaptive,rolling_32,cross_page_submit_subset,305,98,150,164,635,0,0
time,11,adaptive,outliers_32,price_query,20000,51,69,105,23193,0,0
time,11,adaptive,outliers_32,near_range8,20000,68,130,248,34896,0,0
time,11,adaptive,outliers_32,index_submit,20000,100,173,276,100631,0,0
time,11,adaptive,outliers_32,index_ack,20000,70,139,252,23102,0,0
time,11,adaptive,outliers_32,cross_page_submit_subset,305,98,158,206,216,0,0
time,11,adaptive,outliers_32,far_query,20000,51,68,102,30435,0,0
time,11,adaptive,boundary_32,price_query,20000,52,73,135,23689,0,0
time,11,adaptive,boundary_32,near_range8,20000,68,140,261,21826,0,0
time,11,adaptive,boundary_32,index_submit,20000,100,181,301,23127,0,0
time,11,adaptive,boundary_32,index_ack,20000,103,194,320,28597,0,0
time,11,adaptive,boundary_32,cross_page_submit_subset,625,101,165,221,1000,0,0
time,11,adaptive,jump_32,price_query,20000,50,65,95,376979,0,0
time,11,adaptive,jump_32,near_range8,20000,66,125,239,47056,0,0
time,11,adaptive,jump_32,index_submit,20000,98,164,270,17638,0,0
time,11,adaptive,jump_32,index_ack,20000,70,182,293,21872,0,0
time,11,adaptive,jump_32,cross_page_submit_subset,2652,121,195,1192,5601,0,0
time,11,adaptive,jump_32,jump_submit_subset,2496,122,198,1192,5601,0,0
time,11,adaptive,rolling_128,price_query,20000,56,75,136,21033,0,0
time,11,adaptive,rolling_128,near_range8,20000,72,140,275,23689,0,0
time,11,adaptive,rolling_128,index_submit,20000,106,177,374,33362,0,0
time,11,adaptive,rolling_128,index_ack,20000,74,140,305,37420,0,0
time,11,adaptive,rolling_128,cross_page_submit_subset,312,107,180,289,380,0,0
time,11,adaptive,outliers_128,price_query,20000,58,81,152,29033,0,0
time,11,adaptive,outliers_128,near_range8,20000,74,160,291,32942,0,0
time,11,adaptive,outliers_128,index_submit,20000,108,203,437,37029,0,0
time,11,adaptive,outliers_128,index_ack,20000,74,149,329,99299,0,0
time,11,adaptive,outliers_128,cross_page_submit_subset,312,109,178,266,320,0,0
time,11,adaptive,outliers_128,far_query,20000,58,78,177,565125,0,0
time,11,adaptive,boundary_128,price_query,20000,57,70,84,17255,0,0
time,11,adaptive,boundary_128,near_range8,20000,73,105,213,20240,0,0
time,11,adaptive,boundary_128,index_submit,20000,106,149,249,31004,0,0
time,11,adaptive,boundary_128,index_ack,20000,109,155,246,26485,0,0
time,11,adaptive,boundary_128,cross_page_submit_subset,313,116,149,172,18088,0,0
time,11,adaptive,jump_128,price_query,20000,56,69,87,18640,0,0
time,11,adaptive,jump_128,near_range8,20000,72,113,218,20322,0,0
time,11,adaptive,jump_128,index_submit,20000,106,168,321,26974,0,0
time,11,adaptive,jump_128,index_ack,20000,74,212,317,18536,0,0
time,11,adaptive,jump_128,cross_page_submit_subset,2704,127,191,465,17641,0,0
time,11,adaptive,jump_128,jump_submit_subset,2432,130,192,329,17641,0,0
time,11,adaptive,4096books_4near_2far,price_query,20000,140,593,1073,32217,0,0
time,11,adaptive,new_book_growth,index_insert,20000,207,2318,10110,1431092,0,0
time,11,adaptive,engine_cancel_rehang_4near,cancel_to_command,20000,945,2572,26628,1104257,0,0
time,11,adaptive,engine_cancel_rehang_4near,new_to_command,20000,1090,3557,30956,264057,0,0
time,11,adaptive,engine_cancel_rehang_4near,accepted_report,20000,688,3769,22599,180327,0,0
time,11,adaptive,engine_cancel_rehang_4near,canceled_report,20000,689,3757,22993,382958,0,0
time,11,adaptive,engine_rolling_4_2far,price_query,20000,37,84,144,28902,0,0
time,11,adaptive,engine_rolling_4_2far,intent_to_command,20000,1006,2924,31106,135084,0,0
time,11,adaptive,engine_rolling_4_2far,intent_queued,20000,500,2338,5670,54356,0,0
time,11,adaptive,engine_rolling_4_2far,replace_report,20000,686,3718,20060,141510,0,0
time,11,adaptive,engine_rolling_4_2far,ready_to_command,20000,904,2796,22142,71864,0,0
time,11,adaptive,engine_jump_4_2far,price_query,20000,38,91,180,31167,0,0
time,11,adaptive,engine_jump_4_2far,intent_to_command,20000,1023,3091,28045,255321,0,0
time,11,adaptive,engine_jump_4_2far,intent_queued,20000,516,2480,20278,785600,0,0
time,11,adaptive,engine_jump_4_2far,replace_report,20000,718,3703,25632,582719,0,0
time,11,adaptive,engine_jump_4_2far,ready_to_command,20000,904,2821,21903,419661,0,0
time,11,adaptive,engine_jump_4_2far,jump_intent_subset,2496,1038,3761,21734,33237,0,0
time,11,adaptive,engine_rolling_32_2far,price_query,20000,55,112,260,156759,0,0
time,11,adaptive,engine_rolling_32_2far,intent_to_command,20000,1036,3894,22786,62452,0,0
time,11,adaptive,engine_rolling_32_2far,intent_queued,20000,527,2861,7936,187457,0,0
time,11,adaptive,engine_rolling_32_2far,replace_report,20000,719,5083,27661,291246,0,0
time,11,adaptive,engine_rolling_32_2far,ready_to_command,20000,891,2874,29015,88598,0,0
time,11,adaptive,engine_jump_32_2far,price_query,20000,56,107,173,67164,0,0
time,11,adaptive,engine_jump_32_2far,intent_to_command,20000,1037,3126,23074,63513,0,0
time,11,adaptive,engine_jump_32_2far,intent_queued,20000,528,2477,6916,60732,0,0
time,11,adaptive,engine_jump_32_2far,replace_report,20000,741,3968,22651,58386,0,0
time,11,adaptive,engine_jump_32_2far,ready_to_command,20000,897,2888,22360,48219,0,0
time,11,adaptive,engine_jump_32_2far,jump_intent_subset,2496,1034,2583,6670,51838,0,0
time,11,pages,rolling_4,price_query,20000,36,52,91,28106,0,0
time,11,pages,rolling_4,near_range8,20000,62,185,335,146313,0,0
time,11,pages,rolling_4,index_submit,20000,90,160,262,24958,0,0
time,11,pages,rolling_4,index_ack,20000,80,154,276,256932,0,0
time,11,pages,rolling_4,cross_page_submit_subset,314,94,262,397,4190,0,0
time,11,pages,rolling_4,page_creation_subset,78,154,397,397,4190,0,0
time,11,pages,outliers_4,price_query,20000,36,60,119,15536,0,0
time,11,pages,outliers_4,near_range8,20000,62,157,261,45613,0,0
time,11,pages,outliers_4,index_submit,20000,89,184,272,28734,0,0
time,11,pages,outliers_4,index_ack,20000,81,178,291,66169,0,0
time,11,pages,outliers_4,cross_page_submit_subset,314,97,303,457,491,0,0
time,11,pages,outliers_4,page_creation_subset,78,169,457,457,491,0,0
time,11,pages,outliers_4,far_query,20000,36,61,171,69006,0,0
time,11,pages,boundary_4,price_query,20000,36,64,179,1648,0,0
time,11,pages,boundary_4,near_range8,20000,65,191,436,37483,0,0
time,11,pages,boundary_4,index_submit,20000,88,178,338,1447702,0,0
time,11,pages,boundary_4,index_ack,20000,94,221,364,4867,0,0
time,11,pages,boundary_4,cross_page_submit_subset,5000,86,168,3878,1447702,0,0
time,11,pages,jump_4,price_query,20000,36,60,142,33608,0,0
time,11,pages,jump_4,near_range8,20000,62,169,409,72521,0,0
time,11,pages,jump_4,index_submit,20000,94,201,367,50511,0,0
time,11,pages,jump_4,index_ack,20000,84,216,486,27430,0,0
time,11,pages,jump_4,cross_page_submit_subset,3746,100,270,1117,22081,0,0
time,11,pages,jump_4,page_creation_subset,1248,150,320,507,22081,0,0
time,11,pages,jump_4,jump_submit_subset,2496,132,284,1044,22081,0,0
time,11,pages,rolling_32,price_query,20000,36,57,95,24699,0,0
time,11,pages,rolling_32,near_range8,20000,72,166,287,441580,0,0
time,11,pages,rolling_32,index_submit,20000,88,162,265,62458,0,0
time,11,pages,rolling_32,index_ack,20000,70,140,277,79050,0,0
time,11,pages,rolling_32,cross_page_submit_subset,305,98,251,575,707,0,0
time,11,pages,rolling_32,page_creation_subset,10,235,575,575,707,0,0
time,11,pages,outliers_32,price_query,20000,36,59,102,253,0,0
time,11,pages,outliers_32,near_range8,20000,72,151,287,17383,0,0
time,11,pages,outliers_32,index_submit,20000,89,166,329,43678,0,0
time,11,pages,outliers_32,index_ack,20000,70,148,330,58751,0,0
time,11,pages,outliers_32,cross_page_submit_subset,305,97,252,411,416,0,0
time,11,pages,outliers_32,page_creation_subset,10,245,411,411,416,0,0
time,11,pages,outliers_32,far_query,20000,37,58,75,4447,0,0
time,11,pages,boundary_32,price_query,20000,36,49,74,21732,0,0
time,11,pages,boundary_32,near_range8,20000,72,127,355,24194,0,0
time,11,pages,boundary_32,index_submit,20000,88,121,216,17077,0,0
time,11,pages,boundary_32,index_ack,20000,85,129,291,16688,0,0
time,11,pages,boundary_32,cross_page_submit_subset,625,89,132,181,211,0,0
time,11,pages,jump_32,price_query,20000,36,56,173,23556,0,0
time,11,pages,jump_32,near_range8,20000,71,163,367,21631,0,0
time,11,pages,jump_32,index_submit,20000,88,167,288,130089,0,0
time,11,pages,jump_32,index_ack,20000,71,163,302,26407,0,0
time,11,pages,jump_32,cross_page_submit_subset,2652,96,208,329,1171,0,0
time,11,pages,jump_32,page_creation_subset,156,164,329,332,1171,0,0
time,11,pages,jump_32,jump_submit_subset,2496,96,223,329,1171,0,0
time,11,pages,rolling_128,price_query,20000,36,60,90,20550,0,0
time,11,pages,rolling_128,near_range8,20000,73,148,416,111123,0,0
time,11,pages,rolling_128,index_submit,20000,89,164,308,4146,0,0
time,11,pages,rolling_128,index_ack,20000,74,130,264,202884,0,0
time,11,pages,rolling_128,cross_page_submit_subset,312,102,200,318,552,0,0
time,11,pages,rolling_128,page_creation_subset,3,318,318,318,552,0,0
time,11,pages,outliers_128,price_query,20000,36,58,103,27643,0,0
time,11,pages,outliers_128,near_range8,20000,72,135,250,22203,0,0
time,11,pages,outliers_128,index_submit,20000,90,159,264,18518,0,0
time,11,pages,outliers_128,index_ack,20000,74,118,270,27621,0,0
time,11,pages,outliers_128,cross_page_submit_subset,312,101,224,360,485,0,0
time,11,pages,outliers_128,page_creation_subset,3,360,360,360,485,0,0
time,11,pages,outliers_128,far_query,20000,37,59,69,215,0,0
time,11,pages,boundary_128,price_query,20000,36,55,73,20848,0,0
time,11,pages,boundary_128,near_range8,20000,73,129,214,21885,0,0
time,11,pages,boundary_128,index_submit,20000,89,151,232,28161,0,0
time,11,pages,boundary_128,index_ack,20000,84,141,253,27546,0,0
time,11,pages,boundary_128,cross_page_submit_subset,313,96,141,146,164,0,0
time,11,pages,jump_128,price_query,20000,36,56,88,22364,0,0
time,11,pages,jump_128,near_range8,20000,73,134,240,3820,0,0
time,11,pages,jump_128,index_submit,20000,89,157,257,1029,0,0
time,11,pages,jump_128,index_ack,20000,74,155,274,28189,0,0
time,11,pages,jump_128,cross_page_submit_subset,2704,100,213,366,899,0,0
time,11,pages,jump_128,page_creation_subset,77,184,497,497,668,0,0
time,11,pages,jump_128,jump_submit_subset,2432,100,200,335,899,0,0
time,11,pages,4096books_4near_2far,price_query,20000,314,1080,2047,37245,0,0
time,11,pages,new_book_growth,index_insert,20000,395,4952,43531,1522810,0,0
time,11,pages,new_book_growth,page_block_growth_subset,313,5128,106276,354363,1522810,0,0
time,11,pages,engine_cancel_rehang_4near,cancel_to_command,20000,980,4060,29096,1229229,0,0
time,11,pages,engine_cancel_rehang_4near,new_to_command,20000,1261,5634,27531,345117,0,0
time,11,pages,engine_cancel_rehang_4near,accepted_report,20000,792,3766,25593,53182,0,0
time,11,pages,engine_cancel_rehang_4near,canceled_report,20000,810,4149,26127,255783,0,0
time,11,pages,engine_rolling_4_2far,price_query,20000,59,110,154,28878,0,0
time,11,pages,engine_rolling_4_2far,intent_to_command,20000,1571,4277,25217,59630,0,0
time,11,pages,engine_rolling_4_2far,intent_queued,20000,751,3320,21019,89934,0,0
time,11,pages,engine_rolling_4_2far,replace_report,20000,987,5360,26606,89134,0,0
time,11,pages,engine_rolling_4_2far,ready_to_command,20000,1414,3925,25126,68075,0,0
time,11,pages,engine_jump_4_2far,price_query,20000,40,82,142,27451,0,0
time,11,pages,engine_jump_4_2far,intent_to_command,20000,1015,2985,16677,154386,0,0
time,11,pages,engine_jump_4_2far,intent_queued,20000,514,2403,8050,54356,0,0
time,11,pages,engine_jump_4_2far,replace_report,20000,721,3867,19514,48390,0,0
time,11,pages,engine_jump_4_2far,ready_to_command,20000,882,2758,21388,297614,0,0
time,11,pages,engine_jump_4_2far,jump_intent_subset,2496,1038,4133,8412,21508,0,0
time,11,pages,engine_rolling_32_2far,price_query,20000,42,84,141,17186,0,0
time,11,pages,engine_rolling_32_2far,intent_to_command,20000,1004,3080,22992,46789,0,0
time,11,pages,engine_rolling_32_2far,intent_queued,20000,506,2365,6393,33270,0,0
time,11,pages,engine_rolling_32_2far,replace_report,20000,663,3767,7724,65172,0,0
time,11,pages,engine_rolling_32_2far,ready_to_command,20000,876,2713,22376,48665,0,0
time,11,pages,engine_jump_32_2far,price_query,20000,45,165,376,68624,0,0
time,11,pages,engine_jump_32_2far,intent_to_command,20000,1088,4392,32972,87245,0,0
time,11,pages,engine_jump_32_2far,intent_queued,20000,567,3184,20004,75037,0,0
time,11,pages,engine_jump_32_2far,replace_report,20000,801,5317,29793,531174,0,0
time,11,pages,engine_jump_32_2far,ready_to_command,20000,911,3963,30411,131624,0,0
time,11,pages,engine_jump_32_2far,jump_intent_subset,2496,1100,3959,30177,34174,0,0
time,11,standard,rolling_4,price_query,20000,33,61,163,4490,0,0
time,11,standard,rolling_4,near_range8,20000,49,167,291,59967,0,0
time,11,standard,rolling_4,index_submit,20000,81,178,304,36698,0,0
time,11,standard,rolling_4,index_ack,20000,75,201,366,39986,0,0
time,11,standard,rolling_4,cross_page_submit_subset,314,81,181,250,304,0,0
time,11,standard,outliers_4,price_query,20000,34,110,182,8574,0,0
time,11,standard,outliers_4,near_range8,20000,51,200,397,16869,0,0
time,11,standard,outliers_4,index_submit,20000,98,211,362,49580,0,0
time,11,standard,outliers_4,index_ack,20000,88,220,402,33548,0,0
time,11,standard,outliers_4,cross_page_submit_subset,314,89,208,247,274,0,0
time,11,standard,outliers_4,far_query,20000,35,121,189,35726,0,0
time,11,standard,boundary_4,price_query,20000,32,53,74,21444,0,0
time,11,standard,boundary_4,near_range8,20000,50,111,221,22080,0,0
time,11,standard,boundary_4,index_submit,20000,82,147,226,31701,0,0
time,11,standard,boundary_4,index_ack,20000,95,180,329,27370,0,0
time,11,standard,boundary_4,cross_page_submit_subset,5000,80,141,236,14807,0,0
time,11,standard,jump_4,price_query,20000,32,50,68,28532,0,0
time,11,standard,jump_4,near_range8,20000,48,93,196,511,0,0
time,11,standard,jump_4,index_submit,20000,83,133,218,18066,0,0
time,11,standard,jump_4,index_ack,20000,76,151,288,38205,0,0
time,11,standard,jump_4,cross_page_submit_subset,3746,98,148,227,4064,0,0
time,11,standard,jump_4,jump_submit_subset,2496,105,161,249,4064,0,0
time,11,standard,rolling_32,price_query,20000,35,65,87,21252,0,0
time,11,standard,rolling_32,near_range8,20000,75,150,283,21255,0,0
time,11,standard,rolling_32,index_submit,20000,92,170,257,18181,0,0
time,11,standard,rolling_32,index_ack,20000,70,164,435,46796,0,0
time,11,standard,rolling_32,cross_page_submit_subset,305,93,170,245,1008,0,0
time,11,standard,outliers_32,price_query,20000,34,63,87,29344,0,0
time,11,standard,outliers_32,near_range8,20000,73,156,305,35572,0,0
time,11,standard,outliers_32,index_submit,20000,102,182,270,5496,0,0
time,11,standard,outliers_32,index_ack,20000,70,179,408,35224,0,0
time,11,standard,outliers_32,cross_page_submit_subset,305,104,179,184,191,0,0
time,11,standard,outliers_32,far_query,20000,40,69,141,32098,0,0
time,11,standard,boundary_32,price_query,20000,34,53,75,892,0,0
time,11,standard,boundary_32,near_range8,20000,72,121,243,22490,0,0
time,11,standard,boundary_32,index_submit,20000,89,160,252,28157,0,0
time,11,standard,boundary_32,index_ack,20000,95,188,356,32123,0,0
time,11,standard,boundary_32,cross_page_submit_subset,625,101,140,154,229,0,0
time,11,standard,jump_32,price_query,20000,37,88,230,37179,0,0
time,11,standard,jump_32,near_range8,20000,79,217,4169,50566,0,0
time,11,standard,jump_32,index_submit,20000,99,270,455,33205,0,0
time,11,standard,jump_32,index_ack,20000,72,383,3861,25435,0,0
time,11,standard,jump_32,cross_page_submit_subset,2652,135,382,611,33205,0,0
time,11,standard,jump_32,jump_submit_subset,2496,137,383,611,33205,0,0
time,11,standard,rolling_128,price_query,20000,43,75,103,16983,0,0
time,11,standard,rolling_128,near_range8,20000,84,179,334,35683,0,0
time,11,standard,rolling_128,index_submit,20000,109,190,316,22185,0,0
time,11,standard,rolling_128,index_ack,20000,74,152,475,29616,0,0
time,11,standard,rolling_128,cross_page_submit_subset,312,108,171,192,258,0,0
time,11,standard,outliers_128,price_query,20000,43,92,121,29341,0,0
time,11,standard,outliers_128,near_range8,20000,80,191,356,3936,0,0
time,11,standard,outliers_128,index_submit,20000,108,209,381,42196,0,0
time,11,standard,outliers_128,index_ack,20000,74,156,487,26752,0,0
time,11,standard,outliers_128,cross_page_submit_subset,312,109,196,219,227,0,0
time,11,standard,outliers_128,far_query,20000,46,93,155,23477,0,0
time,11,standard,boundary_128,price_query,20000,43,104,195,19017,0,0
time,11,standard,boundary_128,near_range8,20000,83,279,778,36645,0,0
time,11,standard,boundary_128,index_submit,20000,105,225,559,66299,0,0
time,11,standard,boundary_128,index_ack,20000,115,398,829,47801,0,0
time,11,standard,boundary_128,cross_page_submit_subset,313,107,230,243,253,0,0
time,11,standard,jump_128,price_query,20000,46,98,169,48115,0,0
time,11,standard,jump_128,near_range8,20000,81,228,521,39479,0,0
time,11,standard,jump_128,index_submit,20000,116,285,592,44628,0,0
time,11,standard,jump_128,index_ack,20000,75,339,680,30899,0,0
time,11,standard,jump_128,cross_page_submit_subset,2704,167,443,1690,19397,0,0
time,11,standard,jump_128,jump_submit_subset,2432,169,444,1069,19397,0,0
time,11,standard,4096books_4near_2far,price_query,20000,166,709,1150,33184,0,0
time,11,standard,new_book_growth,index_insert,20000,244,3415,14080,1378711,0,0
time,11,standard,engine_cancel_rehang_4near,cancel_to_command,20000,952,1971,28705,1232872,0,0
time,11,standard,engine_cancel_rehang_4near,new_to_command,20000,1096,3940,28329,378953,0,0
time,11,standard,engine_cancel_rehang_4near,accepted_report,20000,693,3789,25830,111396,0,0
time,11,standard,engine_cancel_rehang_4near,canceled_report,20000,712,3769,23101,52431,0,0
time,11,standard,engine_rolling_4_2far,price_query,20000,33,100,153,16951,0,0
time,11,standard,engine_rolling_4_2far,intent_to_command,20000,1016,3709,27117,64153,0,0
time,11,standard,engine_rolling_4_2far,intent_queued,20000,510,2545,20458,51941,0,0
time,11,standard,engine_rolling_4_2far,replace_report,20000,731,4216,25631,135379,0,0
time,11,standard,engine_rolling_4_2far,ready_to_command,20000,901,3104,27717,53144,0,0
time,11,standard,engine_jump_4_2far,price_query,20000,33,99,149,36674,0,0
time,11,standard,engine_jump_4_2far,intent_to_command,20000,1008,3688,26232,75161,0,0
time,11,standard,engine_jump_4_2far,intent_queued,20000,504,2557,20563,46671,0,0
time,11,standard,engine_jump_4_2far,replace_report,20000,701,4438,24629,86433,0,0
time,11,standard,engine_jump_4_2far,ready_to_command,20000,902,2826,21964,61398,0,0
time,11,standard,engine_jump_4_2far,jump_intent_subset,2496,1017,4637,24991,34316,0,0
time,11,standard,engine_rolling_32_2far,price_query,20000,57,91,148,32315,0,0
time,11,standard,engine_rolling_32_2far,intent_to_command,20000,1023,2890,21887,74488,0,0
time,11,standard,engine_rolling_32_2far,intent_queued,20000,499,2328,5915,47000,0,0
time,11,standard,engine_rolling_32_2far,replace_report,20000,649,3832,19840,47683,0,0
time,11,standard,engine_rolling_32_2far,ready_to_command,20000,901,2678,19949,48671,0,0
time,11,standard,engine_jump_32_2far,price_query,20000,56,94,151,25590,0,0
time,11,standard,engine_jump_32_2far,intent_to_command,20000,1016,2861,21883,52904,0,0
time,11,standard,engine_jump_32_2far,intent_queued,20000,499,2295,6026,31077,0,0
time,11,standard,engine_jump_32_2far,replace_report,20000,671,3693,13808,33383,0,0
time,11,standard,engine_jump_32_2far,ready_to_command,20000,902,2711,20540,51918,0,0
time,11,standard,engine_jump_32_2far,jump_intent_subset,2496,1020,2465,5009,8331,0,0
alloc,0,standard,rolling_4,price_query,20000,0,0,0,0,0,0
alloc,0,standard,rolling_4,near_range8,20000,0,0,0,0,0,0
alloc,0,standard,rolling_4,index_submit,20000,0,0,0,0,0,0
alloc,0,standard,rolling_4,index_ack,20000,0,0,0,0,0,0
alloc,0,standard,rolling_4,cross_page_submit_subset,314,0,0,0,0,0,0
alloc,0,standard,outliers_4,price_query,20000,0,0,0,0,0,0
alloc,0,standard,outliers_4,near_range8,20000,0,0,0,0,0,0
alloc,0,standard,outliers_4,index_submit,20000,0,0,0,0,0,0
alloc,0,standard,outliers_4,index_ack,20000,0,0,0,0,0,0
alloc,0,standard,outliers_4,cross_page_submit_subset,314,0,0,0,0,0,0
alloc,0,standard,outliers_4,far_query,20000,0,0,0,0,0,0
alloc,0,standard,boundary_4,price_query,20000,0,0,0,0,0,0
alloc,0,standard,boundary_4,near_range8,20000,0,0,0,0,0,0
alloc,0,standard,boundary_4,index_submit,20000,0,0,0,0,0,0
alloc,0,standard,boundary_4,index_ack,20000,0,0,0,0,0,0
alloc,0,standard,boundary_4,cross_page_submit_subset,5000,0,0,0,0,0,0
alloc,0,standard,jump_4,price_query,20000,0,0,0,0,0,0
alloc,0,standard,jump_4,near_range8,20000,0,0,0,0,0,0
alloc,0,standard,jump_4,index_submit,20000,0,0,0,0,0,0
alloc,0,standard,jump_4,index_ack,20000,0,0,0,0,0,0
alloc,0,standard,jump_4,cross_page_submit_subset,3746,0,0,0,0,0,0
alloc,0,standard,jump_4,jump_submit_subset,2496,0,0,0,0,0,0
alloc,0,standard,rolling_32,price_query,20000,0,0,0,0,0,0
alloc,0,standard,rolling_32,near_range8,20000,0,0,0,0,0,0
alloc,0,standard,rolling_32,index_submit,20000,0,0,0,0,90,25200
alloc,0,standard,rolling_32,index_ack,20000,0,0,0,0,90,9360
alloc,0,standard,rolling_32,cross_page_submit_subset,305,0,0,0,0,2,560
alloc,0,standard,outliers_32,price_query,20000,0,0,0,0,0,0
alloc,0,standard,outliers_32,near_range8,20000,0,0,0,0,0,0
alloc,0,standard,outliers_32,index_submit,20000,0,0,0,0,90,31064
alloc,0,standard,outliers_32,index_ack,20000,0,0,0,0,89,9256
alloc,0,standard,outliers_32,cross_page_submit_subset,305,0,0,0,0,2,560
alloc,0,standard,outliers_32,far_query,20000,0,0,0,0,0,0
alloc,0,standard,boundary_32,price_query,20000,0,0,0,0,0,0
alloc,0,standard,boundary_32,near_range8,20000,0,0,0,0,0,0
alloc,0,standard,boundary_32,index_submit,20000,0,0,0,0,313,87640
alloc,0,standard,boundary_32,index_ack,20000,0,0,0,0,371,38584
alloc,0,standard,boundary_32,cross_page_submit_subset,625,0,0,0,0,0,0
alloc,0,standard,jump_32,price_query,20000,0,0,0,0,0,0
alloc,0,standard,jump_32,near_range8,20000,0,0,0,0,0,0
alloc,0,standard,jump_32,index_submit,20000,0,0,0,0,468,131040
alloc,0,standard,jump_32,index_ack,20000,0,0,0,0,421,43784
alloc,0,standard,jump_32,cross_page_submit_subset,2652,0,0,0,0,390,109200
alloc,0,standard,jump_32,jump_submit_subset,2496,0,0,0,0,390,109200
alloc,0,standard,rolling_128,price_query,20000,0,0,0,0,0,0
alloc,0,standard,rolling_128,near_range8,20000,0,0,0,0,0,0
alloc,0,standard,rolling_128,index_submit,20000,0,0,0,0,25,25104
alloc,0,standard,rolling_128,index_ack,20000,0,0,0,0,22,2288
alloc,0,standard,rolling_128,cross_page_submit_subset,312,0,0,0,0,1,280
alloc,0,standard,outliers_128,price_query,20000,0,0,0,0,0,0
alloc,0,standard,outliers_128,near_range8,20000,0,0,0,0,0,0
alloc,0,standard,outliers_128,index_submit,20000,0,0,0,0,30,20360
alloc,0,standard,outliers_128,index_ack,20000,0,0,0,0,27,3192
alloc,0,standard,outliers_128,cross_page_submit_subset,312,0,0,0,0,0,0
alloc,0,standard,outliers_128,far_query,20000,0,0,0,0,0,0
alloc,0,standard,boundary_128,price_query,20000,0,0,0,0,0,0
alloc,0,standard,boundary_128,near_range8,20000,0,0,0,0,0,0
alloc,0,standard,boundary_128,index_submit,20000,0,0,0,0,3,18944
alloc,0,standard,boundary_128,index_ack,20000,0,0,0,0,475,50552
alloc,0,standard,boundary_128,cross_page_submit_subset,313,0,0,0,0,0,0
alloc,0,standard,jump_128,price_query,20000,0,0,0,0,0,0
alloc,0,standard,jump_128,near_range8,20000,0,0,0,0,0,0
alloc,0,standard,jump_128,index_submit,20000,0,0,0,0,423,147528
alloc,0,standard,jump_128,index_ack,20000,0,0,0,0,217,22568
alloc,0,standard,jump_128,cross_page_submit_subset,2704,0,0,0,0,410,125784
alloc,0,standard,jump_128,jump_submit_subset,2432,0,0,0,0,400,122984
alloc,0,standard,4096books_4near_2far,price_query,20000,0,0,0,0,0,0
alloc,0,standard,new_book_growth,index_insert,20000,0,0,0,0,40977,18238748
alloc,0,standard,engine_cancel_rehang_4near,cancel_to_command,20000,0,0,0,0,12,3734832
alloc,0,standard,engine_cancel_rehang_4near,new_to_command,20000,0,0,0,0,331,6766256
alloc,0,standard,engine_cancel_rehang_4near,accepted_report,20000,0,0,0,0,0,0
alloc,0,standard,engine_cancel_rehang_4near,canceled_report,20000,0,0,0,0,0,0
alloc,0,standard,engine_rolling_4_2far,price_query,20000,0,0,0,0,0,0
alloc,0,standard,engine_rolling_4_2far,intent_to_command,20000,0,0,0,0,0,0
alloc,0,standard,engine_rolling_4_2far,intent_queued,20000,0,0,0,0,1,104
alloc,0,standard,engine_rolling_4_2far,replace_report,20000,0,0,0,0,0,0
alloc,0,standard,engine_rolling_4_2far,ready_to_command,20000,0,0,0,0,0,0
alloc,0,standard,engine_jump_4_2far,price_query,20000,0,0,0,0,0,0
alloc,0,standard,engine_jump_4_2far,intent_to_command,20000,0,0,0,0,0,0
alloc,0,standard,engine_jump_4_2far,intent_queued,20000,0,0,0,0,1,104
alloc,0,standard,engine_jump_4_2far,replace_report,20000,0,0,0,0,0,0
alloc,0,standard,engine_jump_4_2far,ready_to_command,20000,0,0,0,0,0,0
alloc,0,standard,engine_jump_4_2far,jump_intent_subset,2496,0,0,0,0,0,0
alloc,0,standard,engine_rolling_32_2far,price_query,20000,0,0,0,0,0,0
alloc,0,standard,engine_rolling_32_2far,intent_to_command,20000,0,0,0,0,0,0
alloc,0,standard,engine_rolling_32_2far,intent_queued,20000,0,0,0,0,1,104
alloc,0,standard,engine_rolling_32_2far,replace_report,20000,0,0,0,0,0,0
alloc,0,standard,engine_rolling_32_2far,ready_to_command,20000,0,0,0,0,357,99960
alloc,0,standard,engine_jump_32_2far,price_query,20000,0,0,0,0,0,0
alloc,0,standard,engine_jump_32_2far,intent_to_command,20000,0,0,0,0,2,560
alloc,0,standard,engine_jump_32_2far,intent_queued,20000,0,0,0,0,1,104
alloc,0,standard,engine_jump_32_2far,replace_report,20000,0,0,0,0,2,208
alloc,0,standard,engine_jump_32_2far,ready_to_command,20000,0,0,0,0,647,181160
alloc,0,standard,engine_jump_32_2far,jump_intent_subset,2496,0,0,0,0,2,560
memory,0,standard,1books_4near_0far,resident_index_bytes,1,0,0,0,0,9,21124
capacity,0,standard,1books_4near_0far,pages_and_blocks,1,0,0,0,0,0,0
memory,0,standard,1books_4near_2far,resident_index_bytes,1,0,0,0,0,9,21124
capacity,0,standard,1books_4near_2far,pages_and_blocks,1,0,0,0,0,0,0
memory,0,standard,1books_32near_0far,resident_index_bytes,1,0,0,0,0,17,22852
capacity,0,standard,1books_32near_0far,pages_and_blocks,1,0,0,0,0,0,0
memory,0,standard,1books_32near_2far,resident_index_bytes,1,0,0,0,0,19,23236
capacity,0,standard,1books_32near_2far,pages_and_blocks,1,0,0,0,0,0,0
memory,0,standard,1books_128near_0far,resident_index_bytes,1,0,0,0,0,51,42180
capacity,0,standard,1books_128near_0far,pages_and_blocks,1,0,0,0,0,0,0
memory,0,standard,1books_128near_2far,resident_index_bytes,1,0,0,0,0,53,54980
capacity,0,standard,1books_128near_2far,pages_and_blocks,1,0,0,0,0,0,0
memory,0,standard,128books_4near_0far,resident_index_bytes,1,0,0,0,0,286,183168
capacity,0,standard,128books_4near_0far,pages_and_blocks,1,0,0,0,0,0,0
memory,0,standard,128books_4near_2far,resident_index_bytes,1,0,0,0,0,296,234624
capacity,0,standard,128books_4near_2far,pages_and_blocks,1,0,0,0,0,0,0
memory,0,standard,128books_32near_0far,resident_index_bytes,1,0,0,0,0,1428,1122944
capacity,0,standard,128books_32near_0far,pages_and_blocks,1,0,0,0,0,0,0
memory,0,standard,128books_32near_2far,resident_index_bytes,1,0,0,0,0,1694,1225344
capacity,0,standard,128books_32near_2far,pages_and_blocks,1,0,0,0,0,0,0
memory,0,standard,128books_128near_0far,resident_index_bytes,1,0,0,0,0,5912,4422272
capacity,0,standard,128books_128near_0far,pages_and_blocks,1,0,0,0,0,0,0
memory,0,standard,128books_128near_2far,resident_index_bytes,1,0,0,0,0,5922,4481664
capacity,0,standard,128books_128near_2far,pages_and_blocks,1,0,0,0,0,0,0
alloc,0,pages,rolling_4,price_query,20000,0,0,0,0,0,0
alloc,0,pages,rolling_4,near_range8,20000,0,0,0,0,0,0
alloc,0,pages,rolling_4,index_submit,20000,0,0,0,0,0,0
alloc,0,pages,rolling_4,index_ack,20000,0,0,0,0,0,0
alloc,0,pages,rolling_4,cross_page_submit_subset,314,0,0,0,0,0,0
alloc,0,pages,rolling_4,page_creation_subset,78,0,0,0,0,0,0
alloc,0,pages,outliers_4,price_query,20000,0,0,0,0,0,0
alloc,0,pages,outliers_4,near_range8,20000,0,0,0,0,0,0
alloc,0,pages,outliers_4,index_submit,20000,0,0,0,0,0,0
alloc,0,pages,outliers_4,index_ack,20000,0,0,0,0,0,0
alloc,0,pages,outliers_4,cross_page_submit_subset,314,0,0,0,0,0,0
alloc,0,pages,outliers_4,page_creation_subset,78,0,0,0,0,0,0
alloc,0,pages,outliers_4,far_query,20000,0,0,0,0,0,0
alloc,0,pages,boundary_4,price_query,20000,0,0,0,0,0,0
alloc,0,pages,boundary_4,near_range8,20000,0,0,0,0,0,0
alloc,0,pages,boundary_4,index_submit,20000,0,0,0,0,0,0
alloc,0,pages,boundary_4,index_ack,20000,0,0,0,0,0,0
alloc,0,pages,boundary_4,cross_page_submit_subset,5000,0,0,0,0,0,0
alloc,0,pages,jump_4,price_query,20000,0,0,0,0,0,0
alloc,0,pages,jump_4,near_range8,20000,0,0,0,0,0,0
alloc,0,pages,jump_4,index_submit,20000,0,0,0,0,0,0
alloc,0,pages,jump_4,index_ack,20000,0,0,0,0,0,0
alloc,0,pages,jump_4,cross_page_submit_subset,3746,0,0,0,0,0,0
alloc,0,pages,jump_4,page_creation_subset,1248,0,0,0,0,0,0
alloc,0,pages,jump_4,jump_submit_subset,2496,0,0,0,0,0,0
alloc,0,pages,rolling_32,price_query,20000,0,0,0,0,0,0
alloc,0,pages,rolling_32,near_range8,20000,0,0,0,0,0,0
alloc,0,pages,rolling_32,index_submit,20000,0,0,0,0,0,0
alloc,0,pages,rolling_32,index_ack,20000,0,0,0,0,0,0
alloc,0,pages,rolling_32,cross_page_submit_subset,305,0,0,0,0,0,0
alloc,0,pages,rolling_32,page_creation_subset,10,0,0,0,0,0,0
alloc,0,pages,outliers_32,price_query,20000,0,0,0,0,0,0
alloc,0,pages,outliers_32,near_range8,20000,0,0,0,0,0,0
alloc,0,pages,outliers_32,index_submit,20000,0,0,0,0,1,6144
alloc,0,pages,outliers_32,index_ack,20000,0,0,0,0,0,0
alloc,0,pages,outliers_32,cross_page_submit_subset,305,0,0,0,0,0,0
alloc,0,pages,outliers_32,page_creation_subset,10,0,0,0,0,0,0
alloc,0,pages,outliers_32,far_query,20000,0,0,0,0,0,0
alloc,0,pages,boundary_32,price_query,20000,0,0,0,0,0,0
alloc,0,pages,boundary_32,near_range8,20000,0,0,0,0,0,0
alloc,0,pages,boundary_32,index_submit,20000,0,0,0,0,0,0
alloc,0,pages,boundary_32,index_ack,20000,0,0,0,0,0,0
alloc,0,pages,boundary_32,cross_page_submit_subset,625,0,0,0,0,0,0
alloc,0,pages,jump_32,price_query,20000,0,0,0,0,0,0
alloc,0,pages,jump_32,near_range8,20000,0,0,0,0,0,0
alloc,0,pages,jump_32,index_submit,20000,0,0,0,0,0,0
alloc,0,pages,jump_32,index_ack,20000,0,0,0,0,0,0
alloc,0,pages,jump_32,cross_page_submit_subset,2652,0,0,0,0,0,0
alloc,0,pages,jump_32,page_creation_subset,156,0,0,0,0,0,0
alloc,0,pages,jump_32,jump_submit_subset,2496,0,0,0,0,0,0
alloc,0,pages,rolling_128,price_query,20000,0,0,0,0,0,0
alloc,0,pages,rolling_128,near_range8,20000,0,0,0,0,0,0
alloc,0,pages,rolling_128,index_submit,20000,0,0,0,0,3,18944
alloc,0,pages,rolling_128,index_ack,20000,0,0,0,0,0,0
alloc,0,pages,rolling_128,cross_page_submit_subset,312,0,0,0,0,0,0
alloc,0,pages,rolling_128,page_creation_subset,3,0,0,0,0,0,0
alloc,0,pages,outliers_128,price_query,20000,0,0,0,0,0,0
alloc,0,pages,outliers_128,near_range8,20000,0,0,0,0,0,0
alloc,0,pages,outliers_128,index_submit,20000,0,0,0,0,3,12416
alloc,0,pages,outliers_128,index_ack,20000,0,0,0,0,0,0
alloc,0,pages,outliers_128,cross_page_submit_subset,312,0,0,0,0,0,0
alloc,0,pages,outliers_128,page_creation_subset,3,0,0,0,0,0,0
alloc,0,pages,outliers_128,far_query,20000,0,0,0,0,0,0
alloc,0,pages,boundary_128,price_query,20000,0,0,0,0,0,0
alloc,0,pages,boundary_128,near_range8,20000,0,0,0,0,0,0
alloc,0,pages,boundary_128,index_submit,20000,0,0,0,0,3,18944
alloc,0,pages,boundary_128,index_ack,20000,0,0,0,0,0,0
alloc,0,pages,boundary_128,cross_page_submit_subset,313,0,0,0,0,0,0
alloc,0,pages,jump_128,price_query,20000,0,0,0,0,0,0
alloc,0,pages,jump_128,near_range8,20000,0,0,0,0,0,0
alloc,0,pages,jump_128,index_submit,20000,0,0,0,0,4,25600
alloc,0,pages,jump_128,index_ack,20000,0,0,0,0,0,0
alloc,0,pages,jump_128,cross_page_submit_subset,2704,0,0,0,0,1,6656
alloc,0,pages,jump_128,page_creation_subset,77,0,0,0,0,0,0
alloc,0,pages,jump_128,jump_submit_subset,2432,0,0,0,0,1,6656
alloc,0,pages,4096books_4near_2far,price_query,20000,0,0,0,0,0,0
alloc,0,pages,new_book_growth,index_insert,20000,0,0,0,0,41298,39729372
alloc,0,pages,new_book_growth,page_block_growth_subset,313,0,0,0,0,1917,32103412
alloc,0,pages,engine_cancel_rehang_4near,cancel_to_command,20000,0,0,0,0,12,3734832
alloc,0,pages,engine_cancel_rehang_4near,new_to_command,20000,0,0,0,0,331,6766256
alloc,0,pages,engine_cancel_rehang_4near,accepted_report,20000,0,0,0,0,0,0
alloc,0,pages,engine_cancel_rehang_4near,canceled_report,20000,0,0,0,0,0,0
alloc,0,pages,engine_rolling_4_2far,price_query,20000,0,0,0,0,0,0
alloc,0,pages,engine_rolling_4_2far,intent_to_command,20000,0,0,0,0,0,0
alloc,0,pages,engine_rolling_4_2far,intent_queued,20000,0,0,0,0,1,104
alloc,0,pages,engine_rolling_4_2far,replace_report,20000,0,0,0,0,0,0
alloc,0,pages,engine_rolling_4_2far,ready_to_command,20000,0,0,0,0,0,0
alloc,0,pages,engine_jump_4_2far,price_query,20000,0,0,0,0,0,0
alloc,0,pages,engine_jump_4_2far,intent_to_command,20000,0,0,0,0,0,0
alloc,0,pages,engine_jump_4_2far,intent_queued,20000,0,0,0,0,1,104
alloc,0,pages,engine_jump_4_2far,replace_report,20000,0,0,0,0,0,0
alloc,0,pages,engine_jump_4_2far,ready_to_command,20000,0,0,0,0,0,0
alloc,0,pages,engine_jump_4_2far,jump_intent_subset,2496,0,0,0,0,0,0
alloc,0,pages,engine_rolling_32_2far,price_query,20000,0,0,0,0,0,0
alloc,0,pages,engine_rolling_32_2far,intent_to_command,20000,0,0,0,0,0,0
alloc,0,pages,engine_rolling_32_2far,intent_queued,20000,0,0,0,0,1,104
alloc,0,pages,engine_rolling_32_2far,replace_report,20000,0,0,0,0,0,0
alloc,0,pages,engine_rolling_32_2far,ready_to_command,20000,0,0,0,0,0,0
alloc,0,pages,engine_jump_32_2far,price_query,20000,0,0,0,0,0,0
alloc,0,pages,engine_jump_32_2far,intent_to_command,20000,0,0,0,0,0,0
alloc,0,pages,engine_jump_32_2far,intent_queued,20000,0,0,0,0,1,104
alloc,0,pages,engine_jump_32_2far,replace_report,20000,0,0,0,0,0,0
alloc,0,pages,engine_jump_32_2far,ready_to_command,20000,0,0,0,0,0,0
alloc,0,pages,engine_jump_32_2far,jump_intent_subset,2496,0,0,0,0,0,0
memory,0,pages,1books_4near_0far,resident_index_bytes,1,0,0,0,0,11,89796
capacity,0,pages,1books_4near_0far,pages_and_blocks,1,0,0,0,0,2,1
memory,0,pages,1books_4near_2far,resident_index_bytes,1,0,0,0,0,11,89796
capacity,0,pages,1books_4near_2far,pages_and_blocks,1,0,0,0,0,4,1
memory,0,pages,1books_32near_0far,resident_index_bytes,1,0,0,0,0,11,89796
capacity,0,pages,1books_32near_0far,pages_and_blocks,1,0,0,0,0,2,1
memory,0,pages,1books_32near_2far,resident_index_bytes,1,0,0,0,0,11,89796
capacity,0,pages,1books_32near_2far,pages_and_blocks,1,0,0,0,0,4,1
memory,0,pages,1books_128near_0far,resident_index_bytes,1,0,0,0,0,13,102596
capacity,0,pages,1books_128near_0far,pages_and_blocks,1,0,0,0,0,3,1
memory,0,pages,1books_128near_2far,resident_index_bytes,1,0,0,0,0,15,115396
capacity,0,pages,1books_128near_2far,pages_and_blocks,1,0,0,0,0,5,1
memory,0,pages,128books_4near_0far,resident_index_bytes,1,0,0,0,0,291,457664
capacity,0,pages,128books_4near_0far,pages_and_blocks,1,0,0,0,0,256,4
memory,0,pages,128books_4near_2far,resident_index_bytes,1,0,0,0,0,306,783616
capacity,0,pages,128books_4near_2far,pages_and_blocks,1,0,0,0,0,512,8
memory,0,pages,128books_32near_0far,resident_index_bytes,1,0,0,0,0,409,1176256
capacity,0,pages,128books_32near_0far,pages_and_blocks,1,0,0,0,0,256,4
memory,0,pages,128books_32near_2far,resident_index_bytes,1,0,0,0,0,424,1504000
capacity,0,pages,128books_32near_2far,pages_and_blocks,1,0,0,0,0,512,8
memory,0,pages,128books_128near_0far,resident_index_bytes,1,0,0,0,0,800,3777280
capacity,0,pages,128books_128near_0far,pages_and_blocks,1,0,0,0,0,384,6
memory,0,pages,128books_128near_2far,resident_index_bytes,1,0,0,0,0,815,4111232
capacity,0,pages,128books_128near_2far,pages_and_blocks,1,0,0,0,0,640,10
alloc,0,adaptive,rolling_4,price_query,20000,0,0,0,0,0,0
alloc,0,adaptive,rolling_4,near_range8,20000,0,0,0,0,0,0
alloc,0,adaptive,rolling_4,index_submit,20000,0,0,0,0,1,256
alloc,0,adaptive,rolling_4,index_ack,20000,0,0,0,0,0,0
alloc,0,adaptive,rolling_4,cross_page_submit_subset,314,0,0,0,0,0,0
alloc,0,adaptive,outliers_4,price_query,20000,0,0,0,0,0,0
alloc,0,adaptive,outliers_4,near_range8,20000,0,0,0,0,0,0
alloc,0,adaptive,outliers_4,index_submit,20000,0,0,0,0,0,0
alloc,0,adaptive,outliers_4,index_ack,20000,0,0,0,0,0,0
alloc,0,adaptive,outliers_4,cross_page_submit_subset,314,0,0,0,0,0,0
alloc,0,adaptive,outliers_4,far_query,20000,0,0,0,0,0,0
alloc,0,adaptive,boundary_4,price_query,20000,0,0,0,0,0,0
alloc,0,adaptive,boundary_4,near_range8,20000,0,0,0,0,0,0
alloc,0,adaptive,boundary_4,index_submit,20000,0,0,0,0,1,256
alloc,0,adaptive,boundary_4,index_ack,20000,0,0,0,0,0,0
alloc,0,adaptive,boundary_4,cross_page_submit_subset,5000,0,0,0,0,0,0
alloc,0,adaptive,jump_4,price_query,20000,0,0,0,0,0,0
alloc,0,adaptive,jump_4,near_range8,20000,0,0,0,0,0,0
alloc,0,adaptive,jump_4,index_submit,20000,0,0,0,0,1,256
alloc,0,adaptive,jump_4,index_ack,20000,0,0,0,0,0,0
alloc,0,adaptive,jump_4,cross_page_submit_subset,3746,0,0,0,0,0,0
alloc,0,adaptive,jump_4,jump_submit_subset,2496,0,0,0,0,0,0
alloc,0,adaptive,rolling_32,price_query,20000,0,0,0,0,0,0
alloc,0,adaptive,rolling_32,near_range8,20000,0,0,0,0,0,0
alloc,0,adaptive,rolling_32,index_submit,20000,0,0,0,0,1,2048
alloc,0,adaptive,rolling_32,index_ack,20000,0,0,0,0,0,0
alloc,0,adaptive,rolling_32,cross_page_submit_subset,305,0,0,0,0,0,0
alloc,0,adaptive,outliers_32,price_query,20000,0,0,0,0,0,0
alloc,0,adaptive,outliers_32,near_range8,20000,0,0,0,0,0,0
alloc,0,adaptive,outliers_32,index_submit,20000,0,0,0,0,1,6144
alloc,0,adaptive,outliers_32,index_ack,20000,0,0,0,0,0,0
alloc,0,adaptive,outliers_32,cross_page_submit_subset,305,0,0,0,0,0,0
alloc,0,adaptive,outliers_32,far_query,20000,0,0,0,0,0,0
alloc,0,adaptive,boundary_32,price_query,20000,0,0,0,0,0,0
alloc,0,adaptive,boundary_32,near_range8,20000,0,0,0,0,0,0
alloc,0,adaptive,boundary_32,index_submit,20000,0,0,0,0,1,2048
alloc,0,adaptive,boundary_32,index_ack,20000,0,0,0,0,0,0
alloc,0,adaptive,boundary_32,cross_page_submit_subset,625,0,0,0,0,0,0
alloc,0,adaptive,jump_32,price_query,20000,0,0,0,0,0,0
alloc,0,adaptive,jump_32,near_range8,20000,0,0,0,0,0,0
alloc,0,adaptive,jump_32,index_submit,20000,0,0,0,0,1,2048
alloc,0,adaptive,jump_32,index_ack,20000,0,0,0,0,0,0
alloc,0,adaptive,jump_32,cross_page_submit_subset,2652,0,0,0,0,0,0
alloc,0,adaptive,jump_32,jump_submit_subset,2496,0,0,0,0,0,0
alloc,0,adaptive,rolling_128,price_query,20000,0,0,0,0,0,0
alloc,0,adaptive,rolling_128,near_range8,20000,0,0,0,0,0,0
alloc,0,adaptive,rolling_128,index_submit,20000,0,0,0,0,4,27136
alloc,0,adaptive,rolling_128,index_ack,20000,0,0,0,0,0,0
alloc,0,adaptive,rolling_128,cross_page_submit_subset,312,0,0,0,0,0,0
alloc,0,adaptive,outliers_128,price_query,20000,0,0,0,0,0,0
alloc,0,adaptive,outliers_128,near_range8,20000,0,0,0,0,0,0
alloc,0,adaptive,outliers_128,index_submit,20000,0,0,0,0,3,12416
alloc,0,adaptive,outliers_128,index_ack,20000,0,0,0,0,0,0
alloc,0,adaptive,outliers_128,cross_page_submit_subset,312,0,0,0,0,0,0
alloc,0,adaptive,outliers_128,far_query,20000,0,0,0,0,0,0
alloc,0,adaptive,boundary_128,price_query,20000,0,0,0,0,0,0
alloc,0,adaptive,boundary_128,near_range8,20000,0,0,0,0,0,0
alloc,0,adaptive,boundary_128,index_submit,20000,0,0,0,0,4,27136
alloc,0,adaptive,boundary_128,index_ack,20000,0,0,0,0,0,0
alloc,0,adaptive,boundary_128,cross_page_submit_subset,313,0,0,0,0,0,0
alloc,0,adaptive,jump_128,price_query,20000,0,0,0,0,0,0
alloc,0,adaptive,jump_128,near_range8,20000,0,0,0,0,0,0
alloc,0,adaptive,jump_128,index_submit,20000,0,0,0,0,5,33792
alloc,0,adaptive,jump_128,index_ack,20000,0,0,0,0,0,0
alloc,0,adaptive,jump_128,cross_page_submit_subset,2704,0,0,0,0,1,6656
alloc,0,adaptive,jump_128,jump_submit_subset,2432,0,0,0,0,1,6656
alloc,0,adaptive,4096books_4near_2far,price_query,20000,0,0,0,0,0,0
alloc,0,adaptive,new_book_growth,index_insert,20000,0,0,0,0,20977,13118748
alloc,0,adaptive,engine_cancel_rehang_4near,cancel_to_command,20000,0,0,0,0,12,3734832
alloc,0,adaptive,engine_cancel_rehang_4near,new_to_command,20000,0,0,0,0,331,6766256
alloc,0,adaptive,engine_cancel_rehang_4near,accepted_report,20000,0,0,0,0,0,0
alloc,0,adaptive,engine_cancel_rehang_4near,canceled_report,20000,0,0,0,0,0,0
alloc,0,adaptive,engine_rolling_4_2far,price_query,20000,0,0,0,0,0,0
alloc,0,adaptive,engine_rolling_4_2far,intent_to_command,20000,0,0,0,0,0,0
alloc,0,adaptive,engine_rolling_4_2far,intent_queued,20000,0,0,0,0,1,104
alloc,0,adaptive,engine_rolling_4_2far,replace_report,20000,0,0,0,0,0,0
alloc,0,adaptive,engine_rolling_4_2far,ready_to_command,20000,0,0,0,0,0,0
alloc,0,adaptive,engine_jump_4_2far,price_query,20000,0,0,0,0,0,0
alloc,0,adaptive,engine_jump_4_2far,intent_to_command,20000,0,0,0,0,0,0
alloc,0,adaptive,engine_jump_4_2far,intent_queued,20000,0,0,0,0,1,104
alloc,0,adaptive,engine_jump_4_2far,replace_report,20000,0,0,0,0,0,0
alloc,0,adaptive,engine_jump_4_2far,ready_to_command,20000,0,0,0,0,0,0
alloc,0,adaptive,engine_jump_4_2far,jump_intent_subset,2496,0,0,0,0,0,0
alloc,0,adaptive,engine_rolling_32_2far,price_query,20000,0,0,0,0,0,0
alloc,0,adaptive,engine_rolling_32_2far,intent_to_command,20000,0,0,0,0,0,0
alloc,0,adaptive,engine_rolling_32_2far,intent_queued,20000,0,0,0,0,1,104
alloc,0,adaptive,engine_rolling_32_2far,replace_report,20000,0,0,0,0,0,0
alloc,0,adaptive,engine_rolling_32_2far,ready_to_command,20000,0,0,0,0,0,0
alloc,0,adaptive,engine_jump_32_2far,price_query,20000,0,0,0,0,0,0
alloc,0,adaptive,engine_jump_32_2far,intent_to_command,20000,0,0,0,0,0,0
alloc,0,adaptive,engine_jump_32_2far,intent_queued,20000,0,0,0,0,1,104
alloc,0,adaptive,engine_jump_32_2far,replace_report,20000,0,0,0,0,0,0
alloc,0,adaptive,engine_jump_32_2far,ready_to_command,20000,0,0,0,0,0,0
alloc,0,adaptive,engine_jump_32_2far,jump_intent_subset,2496,0,0,0,0,0,0
memory,0,adaptive,1books_4near_0far,resident_index_bytes,1,0,0,0,0,8,20868
capacity,0,adaptive,1books_4near_0far,pages_and_blocks,1,0,0,0,0,0,0
memory,0,adaptive,1books_4near_2far,resident_index_bytes,1,0,0,0,0,9,20996
capacity,0,adaptive,1books_4near_2far,pages_and_blocks,1,0,0,0,0,0,0
memory,0,adaptive,1books_32near_0far,resident_index_bytes,1,0,0,0,0,11,21764
capacity,0,adaptive,1books_32near_0far,pages_and_blocks,1,0,0,0,0,0,0
memory,0,adaptive,1books_32near_2far,resident_index_bytes,1,0,0,0,0,12,22788
capacity,0,adaptive,1books_32near_2far,pages_and_blocks,1,0,0,0,0,0,0
memory,0,adaptive,1books_128near_0far,resident_index_bytes,1,0,0,0,0,15,37636
capacity,0,adaptive,1books_128near_0far,pages_and_blocks,1,0,0,0,0,0,0
memory,0,adaptive,1books_128near_2far,resident_index_bytes,1,0,0,0,0,18,54532
capacity,0,adaptive,1books_128near_2far,pages_and_blocks,1,0,0,0,0,0,0
memory,0,adaptive,128books_4near_0far,resident_index_bytes,1,0,0,0,0,158,150400
capacity,0,adaptive,128books_4near_0far,pages_and_blocks,1,0,0,0,0,0,0
memory,0,adaptive,128books_4near_2far,resident_index_bytes,1,0,0,0,0,296,218240
capacity,0,adaptive,128books_4near_2far,pages_and_blocks,1,0,0,0,0,0,0
memory,0,adaptive,128books_32near_0far,resident_index_bytes,1,0,0,0,0,660,983680
capacity,0,adaptive,128books_32near_0far,pages_and_blocks,1,0,0,0,0,0,0
memory,0,adaptive,128books_32near_2far,resident_index_bytes,1,0,0,0,0,798,1168000
capacity,0,adaptive,128books_32near_2far,pages_and_blocks,1,0,0,0,0,0,0
memory,0,adaptive,128books_128near_0far,resident_index_bytes,1,0,0,0,0,1304,3840640
capacity,0,adaptive,128books_128near_0far,pages_and_blocks,1,0,0,0,0,0,0
memory,0,adaptive,128books_128near_2far,resident_index_bytes,1,0,0,0,0,1442,4424320
capacity,0,adaptive,128books_128near_2far,pages_and_blocks,1,0,0,0,0,0,0
time,0,timer,baseline,timer,20000,23,34,46,893,0,0
