pass,round,backend,scenario,metric,n,p50_ns,p99_ns,p999_ns,max_ns,allocations,frees
time,0,legacy,small,price_hit,20000,115,136,193,32825,0,0
time,0,legacy,small,price_miss,20000,116,134,266,77299,0,0
time,0,legacy,small,best,20000,106,126,296,33921,0,0
time,0,legacy,small,range_first8,20000,131,160,314,49600,0,0
time,0,legacy,small,index_update,20000,316,414,1591,33952,0,0
time,0,legacy,crowded,price_hit,20000,63,121,239,52874,0,0
time,0,legacy,crowded,price_miss,20000,62,189,288,169646,0,0
time,0,legacy,crowded,best,20000,62,193,399,35082,0,0
time,0,legacy,crowded,range_first8,20000,65,208,348,126491,0,0
time,0,legacy,crowded,index_update,20000,299,687,4363,75746,0,0
time,0,legacy,many_prices,price_hit,20000,136,312,651,82483,0,0
time,0,legacy,many_prices,price_miss,20000,86,118,244,46869,0,0
time,0,legacy,many_prices,best,20000,69,88,240,24291,0,0
time,0,legacy,many_prices,range_first8,20000,105,168,352,25205,0,0
time,0,legacy,many_prices,index_update,20000,521,1148,8533,47174,0,0
time,0,legacy,many_books,price_hit,20000,84,105,248,21086,0,0
time,0,legacy,many_books,price_miss,20000,66,90,222,47302,0,0
time,0,legacy,many_books,best,20000,64,85,215,21818,0,0
time,0,legacy,many_books,range_first8,20000,74,156,244,4677,0,0
time,0,legacy,many_books,index_update,20000,180,315,642,30379,0,0
time,0,legacy,churn,price_hit,20000,97,131,182,33109,0,0
time,0,legacy,churn,price_miss,20000,90,172,264,66069,0,0
time,0,legacy,churn,best,20000,66,169,249,46332,0,0
time,0,legacy,churn,range_first8,20000,96,214,338,5715,0,0
time,0,legacy,churn,index_update,20000,306,626,4367,51257,0,0
time,0,legacy,growth,index_update,20000,195,2528,5381,46482,0,0
time,0,standard,small,price_hit,20000,86,139,217,23632,0,0
time,0,standard,small,price_miss,20000,70,194,276,23295,0,0
time,0,standard,small,best,20000,64,200,274,20066,0,0
time,0,standard,small,range_first8,20000,85,225,458,34548,0,0
time,0,standard,small,handle_hit,20000,43,66,131,36776,0,0
time,0,standard,small,index_update,20000,57,200,386,24128,0,0
time,0,standard,crowded,price_hit,20000,79,118,186,23854,0,0
time,0,standard,crowded,price_miss,20000,70,226,531,19722,0,0
time,0,standard,crowded,best,20000,65,223,521,50090,0,0
time,0,standard,crowded,range_first8,20000,79,235,530,5186,0,0
time,0,standard,crowded,handle_hit,20000,34,50,173,12186,0,0
time,0,standard,crowded,index_update,20000,97,482,782,42375,0,0
time,0,standard,many_prices,price_hit,20000,176,511,1083,53350,0,0
time,0,standard,many_prices,price_miss,20000,98,298,588,22591,0,0
time,0,standard,many_prices,best,20000,64,235,547,52257,0,0
time,0,standard,many_prices,range_first8,20000,141,390,1185,35614,0,0
time,0,standard,many_prices,handle_hit,20000,84,146,261,39778,0,0
time,0,standard,many_prices,index_update,20000,129,583,929,41252,0,0
time,0,standard,many_books,price_hit,20000,108,180,422,22700,0,0
time,0,standard,many_books,price_miss,20000,75,186,307,28815,0,0
time,0,standard,many_books,best,20000,66,193,288,24004,0,0
time,0,standard,many_books,range_first8,20000,113,274,1067,104301,0,0
time,0,standard,many_books,handle_hit,20000,50,78,165,1126,0,0
time,0,standard,many_books,index_update,20000,63,237,530,28370,0,0
time,0,standard,churn,price_hit,20000,111,162,226,47633,0,0
time,0,standard,churn,price_miss,20000,100,172,254,22965,0,0
time,0,standard,churn,best,20000,64,133,254,19220,0,0
time,0,standard,churn,range_first8,20000,132,264,488,37329,0,0
time,0,standard,churn,handle_hit,20000,65,95,133,5624,0,0
time,0,standard,churn,index_update,20000,300,619,1140,44548,0,0
time,0,standard,growth,index_update,20000,265,5152,8746,39673,0,0
time,0,standard,growth,block_growth_subset,313,5288,12263,15189,22080,0,0
time,0,standard,engine,intent_immediate,20000,1083,4335,27314,143808,0,0
time,0,standard,engine,intent_queued,20000,598,3379,22550,223997,0,0
time,0,standard,engine,ready_to_command,20000,899,3828,27033,59230,0,0
time,0,standard,engine,replace_report,20000,1014,4648,24242,91599,0,0
time,0,standard,engine_growth,new_to_command,20000,1320,14715,53907,2961908,0,0
time,0,standard,burst64_period100000ns,fill_service,20000,660,2979,8250,62896,0,0
time,0,standard,burst64_period100000ns,scheduled_arrival_to_visible,20000,31060,314169,364166,382034,0,0
time,0,pooled,small,price_hit,20000,93,204,275,84013,0,0
time,0,pooled,small,price_miss,20000,86,274,588,37739,0,0
time,0,pooled,small,best,20000,65,248,415,167351,0,0
time,0,pooled,small,range_first8,20000,107,339,616,157230,0,0
time,0,pooled,small,handle_hit,20000,46,165,413,146988,0,0
time,0,pooled,small,index_update,20000,59,241,458,52077,0,0
time,0,pooled,crowded,price_hit,20000,78,100,162,34970,0,0
time,0,pooled,crowded,price_miss,20000,73,226,547,7369,0,0
time,0,pooled,crowded,best,20000,64,218,540,20422,0,0
time,0,pooled,crowded,range_first8,20000,75,224,533,35096,0,0
time,0,pooled,crowded,handle_hit,20000,35,45,151,21774,0,0
time,0,pooled,crowded,index_update,20000,88,456,690,36765,0,0
time,0,pooled,many_prices,price_hit,20000,269,949,4012,166504,0,0
time,0,pooled,many_prices,price_miss,20000,166,349,703,134384,0,0
time,0,pooled,many_prices,best,20000,64,234,558,276509,0,0
time,0,pooled,many_prices,range_first8,20000,207,417,780,322039,0,0
time,0,pooled,many_prices,handle_hit,20000,118,148,335,24127,0,0
time,0,pooled,many_prices,index_update,20000,186,638,1152,39437,0,0
time,0,pooled,many_books,price_hit,20000,119,262,597,78360,0,0
time,0,pooled,many_books,price_miss,20000,105,237,501,28888,0,0
time,0,pooled,many_books,best,20000,66,198,289,21621,0,0
time,0,pooled,many_books,range_first8,20000,175,373,788,35241,0,0
time,0,pooled,many_books,handle_hit,20000,56,85,207,285039,0,0
time,0,pooled,many_books,index_update,20000,66,249,547,24278,0,0
time,0,pooled,churn,price_hit,20000,129,175,257,39846,0,0
time,0,pooled,churn,price_miss,20000,124,215,345,12113,0,0
time,0,pooled,churn,best,20000,66,148,285,34352,0,0
time,0,pooled,churn,range_first8,20000,178,307,549,43902,0,0
time,0,pooled,churn,handle_hit,20000,79,103,136,30891,0,0
time,0,pooled,churn,index_update,20000,834,1275,18060,98856,0,0
time,0,pooled,growth,index_update,20000,880,4173,24927,148774,0,0
time,0,pooled,growth,block_growth_subset,313,4129,9731,28558,30165,0,0
time,0,pooled,engine,intent_immediate,20000,1090,2233,24604,41485,0,0
time,0,pooled,engine,intent_queued,20000,565,1195,4812,141577,0,0
time,0,pooled,engine,ready_to_command,20000,924,1924,20781,40954,0,0
time,0,pooled,engine,replace_report,20000,908,4251,26774,125428,0,0
time,0,pooled,engine_growth,new_to_command,20000,1667,18348,39502,1777273,0,0
time,0,pooled,burst64_period100000ns,fill_service,20000,743,3727,25832,153818,0,0
time,0,pooled,burst64_period100000ns,scheduled_arrival_to_visible,20000,40078,1082676,1107293,1124323,0,0
time,0,adaptive,small,price_hit,20000,91,147,256,45671,0,0
time,0,adaptive,small,price_miss,20000,74,186,477,49661,0,0
time,0,adaptive,small,best,20000,65,157,259,24771,0,0
time,0,adaptive,small,range_first8,20000,87,226,586,34726,0,0
time,0,adaptive,small,handle_hit,20000,47,74,157,102160,0,0
time,0,adaptive,small,index_update,20000,56,249,539,551166,0,0
time,0,adaptive,crowded,price_hit,20000,83,135,258,18619,0,0
time,0,adaptive,crowded,price_miss,20000,72,254,611,33053,0,0
time,0,adaptive,crowded,best,20000,66,223,546,5913,0,0
time,0,adaptive,crowded,range_first8,20000,81,266,591,205689,0,0
time,0,adaptive,crowded,handle_hit,20000,38,97,223,21349,0,0
time,0,adaptive,crowded,index_update,20000,129,550,824,37519,0,0
time,0,adaptive,many_prices,price_hit,20000,167,374,682,34772,0,0
time,0,adaptive,many_prices,price_miss,20000,97,264,598,21089,0,0
time,0,adaptive,many_prices,best,20000,66,223,539,20138,0,0
time,0,adaptive,many_prices,range_first8,20000,146,324,656,31915,0,0
time,0,adaptive,many_prices,handle_hit,20000,84,119,178,55049,0,0
time,0,adaptive,many_prices,index_update,20000,103,472,718,21957,0,0
time,0,adaptive,many_books,price_hit,20000,106,151,263,31961,0,0
time,0,adaptive,many_books,price_miss,20000,76,156,241,34601,0,0
time,0,adaptive,many_books,best,20000,66,151,245,17794,0,0
time,0,adaptive,many_books,range_first8,20000,102,227,329,27794,0,0
time,0,adaptive,many_books,handle_hit,20000,52,70,171,30343,0,0
time,0,adaptive,many_books,index_update,20000,62,189,365,3959,0,0
time,0,adaptive,churn,price_hit,20000,105,163,225,17148,0,0
time,0,adaptive,churn,price_miss,20000,88,172,263,34409,0,0
time,0,adaptive,churn,best,20000,64,148,264,48482,0,0
time,0,adaptive,churn,range_first8,20000,114,249,447,25051,0,0
time,0,adaptive,churn,handle_hit,20000,63,82,183,20907,0,0
time,0,adaptive,churn,index_update,20000,201,408,892,36033,0,0
time,0,adaptive,growth,index_update,20000,358,2253,6105,43233,0,0
time,0,adaptive,growth,block_growth_subset,313,2400,6382,25267,37325,0,0
time,0,adaptive,engine,intent_immediate,20000,1060,2109,22200,38182,0,0
time,0,adaptive,engine,intent_queued,20000,567,1241,4636,34780,0,0
time,0,adaptive,engine,ready_to_command,20000,887,1766,19827,40980,0,0
time,0,adaptive,engine,replace_report,20000,931,4281,22148,60589,0,0
time,0,adaptive,engine_growth,new_to_command,20000,1206,13256,35273,2042625,0,0
time,0,adaptive,burst64_period100000ns,fill_service,20000,669,2580,5426,39906,0,0
time,0,adaptive,burst64_period100000ns,scheduled_arrival_to_visible,20000,28898,277406,322558,335107,0,0
time,1,adaptive,small,price_hit,20000,126,287,472,36765,0,0
time,1,adaptive,small,price_miss,20000,112,320,656,79417,0,0
time,1,adaptive,small,best,20000,90,272,596,34379,0,0
time,1,adaptive,small,range_first8,20000,141,360,764,45229,0,0
time,1,adaptive,small,handle_hit,20000,62,211,549,34475,0,0
time,1,adaptive,small,index_update,20000,97,288,641,51514,0,0
time,1,adaptive,crowded,price_hit,20000,124,245,455,40381,0,0
time,1,adaptive,crowded,price_miss,20000,115,305,669,45920,0,0
time,1,adaptive,crowded,best,20000,94,275,588,35377,0,0
time,1,adaptive,crowded,range_first8,20000,126,333,1004,60315,0,0
time,1,adaptive,crowded,handle_hit,20000,56,219,500,53265,0,0
time,1,adaptive,crowded,index_update,20000,254,748,1226,53870,0,0
time,1,adaptive,many_prices,price_hit,20000,317,726,1305,57228,0,0
time,1,adaptive,many_prices,price_miss,20000,167,392,745,37202,0,0
time,1,adaptive,many_prices,best,20000,100,284,636,37919,0,0
time,1,adaptive,many_prices,range_first8,20000,266,523,1334,75588,0,0
time,1,adaptive,many_prices,handle_hit,20000,120,243,547,34864,0,0
time,1,adaptive,many_prices,index_update,20000,287,780,1324,49814,0,0
time,1,adaptive,many_books,price_hit,20000,158,344,584,53639,0,0
time,1,adaptive,many_books,price_miss,20000,141,310,622,43618,0,0
time,1,adaptive,many_books,best,20000,111,281,621,33307,0,0
time,1,adaptive,many_books,range_first8,20000,199,462,813,35275,0,0
time,1,adaptive,many_books,handle_hit,20000,68,223,566,34815,0,0
time,1,adaptive,many_books,index_update,20000,146,428,754,53074,0,0
time,1,adaptive,churn,price_hit,20000,157,377,856,115966,0,0
time,1,adaptive,churn,price_miss,20000,125,270,431,79417,0,0
time,1,adaptive,churn,best,20000,92,245,513,35429,0,0
time,1,adaptive,churn,range_first8,20000,181,369,667,37475,0,0
time,1,adaptive,churn,handle_hit,20000,75,185,427,58863,0,0
time,1,adaptive,churn,index_update,20000,323,765,2320,50333,0,0
time,1,adaptive,growth,index_update,20000,575,2933,15589,131110,0,0
time,1,adaptive,growth,block_growth_subset,313,2952,6320,9023,51365,0,0
time,1,adaptive,engine,intent_immediate,20000,1094,2333,27445,71267,0,0
time,1,adaptive,engine,intent_queued,20000,603,1352,6940,111993,0,0
time,1,adaptive,engine,ready_to_command,20000,902,1999,30307,179886,0,0
time,1,adaptive,engine,replace_report,20000,942,5715,32919,115873,0,0
time,1,adaptive,engine_growth,new_to_command,20000,1195,12922,34959,1819958,0,0
time,1,adaptive,burst64_period100000ns,fill_service,20000,930,2765,7917,103281,0,0
time,1,adaptive,burst64_period100000ns,scheduled_arrival_to_visible,20000,39924,314168,344468,362933,0,0
time,1,pooled,small,price_hit,20000,140,179,317,42544,0,0
time,1,pooled,small,price_miss,20000,131,286,651,32040,0,0
time,1,pooled,small,best,20000,101,252,571,42589,0,0
time,1,pooled,small,range_first8,20000,185,355,816,39183,0,0
time,1,pooled,small,handle_hit,20000,65,191,524,78495,0,0
time,1,pooled,small,index_update,20000,112,274,640,27722,0,0
time,1,pooled,crowded,price_hit,20000,127,164,382,41782,0,0
time,1,pooled,crowded,price_miss,20000,120,282,609,34531,0,0
time,1,pooled,crowded,best,20000,101,256,647,50156,0,0
time,1,pooled,crowded,range_first8,20000,128,306,637,34949,0,0
time,1,pooled,crowded,handle_hit,20000,53,190,511,31390,0,0
time,1,pooled,crowded,index_update,20000,194,628,1129,118214,0,0
time,1,pooled,many_prices,price_hit,20000,432,975,1834,77929,0,0
time,1,pooled,many_prices,price_miss,20000,224,427,1030,49168,0,0
time,1,pooled,many_prices,best,20000,102,272,597,50445,0,0
time,1,pooled,many_prices,range_first8,20000,308,540,1164,46352,0,0
time,1,pooled,many_prices,handle_hit,20000,146,232,533,54087,0,0
time,1,pooled,many_prices,index_update,20000,332,846,6760,74956,0,0
time,1,pooled,many_books,price_hit,20000,158,286,538,42370,0,0
time,1,pooled,many_books,price_miss,20000,138,310,598,41236,0,0
time,1,pooled,many_books,best,20000,90,256,542,82724,0,0
time,1,pooled,many_books,range_first8,20000,239,460,858,151511,0,0
time,1,pooled,many_books,handle_hit,20000,67,188,464,44270,0,0
time,1,pooled,many_books,index_update,20000,120,380,704,49585,0,0
time,1,pooled,churn,price_hit,20000,126,212,338,23076,0,0
time,1,pooled,churn,price_miss,20000,122,249,459,50632,0,0
time,1,pooled,churn,best,20000,64,191,287,51219,0,0
time,1,pooled,churn,range_first8,20000,177,354,694,23857,0,0
time,1,pooled,churn,handle_hit,20000,82,119,207,18182,0,0
time,1,pooled,churn,index_update,20000,840,1541,17270,50115,0,0
time,1,pooled,growth,index_update,20000,886,4241,22817,67701,0,0
time,1,pooled,growth,block_growth_subset,313,4237,8389,10204,11245,0,0
time,1,pooled,engine,intent_immediate,20000,1097,2240,24303,52939,0,0
time,1,pooled,engine,intent_queued,20000,570,1256,5046,37786,0,0
time,1,pooled,engine,ready_to_command,20000,929,1927,26384,38344,0,0
time,1,pooled,engine,replace_report,20000,924,4414,30136,67323,0,0
time,1,pooled,engine_growth,new_to_command,20000,1660,18698,47508,1613561,0,0
time,1,pooled,burst64_period100000ns,fill_service,20000,692,2629,7938,546303,0,0
time,1,pooled,burst64_period100000ns,scheduled_arrival_to_visible,20000,32323,482033,587068,603105,0,0
time,1,standard,small,price_hit,20000,86,146,230,24204,0,0
time,1,standard,small,price_miss,20000,70,196,349,24171,0,0
time,1,standard,small,best,20000,64,191,250,26759,0,0
time,1,standard,small,range_first8,20000,84,222,532,106284,0,0
time,1,standard,small,handle_hit,20000,43,79,178,22289,0,0
time,1,standard,small,index_update,20000,58,207,516,34622,0,0
time,1,standard,crowded,price_hit,20000,78,136,254,52964,0,0
time,1,standard,crowded,price_miss,20000,69,245,580,23278,0,0
time,1,standard,crowded,best,20000,64,231,608,1121568,0,0
time,1,standard,crowded,range_first8,20000,78,253,573,25155,0,0
time,1,standard,crowded,handle_hit,20000,36,128,310,24148,0,0
time,1,standard,crowded,index_update,20000,137,563,863,42409,0,0
time,1,standard,many_prices,price_hit,20000,176,482,739,39720,0,0
time,1,standard,many_prices,price_miss,20000,99,290,603,38412,0,0
time,1,standard,many_prices,best,20000,64,217,550,33846,0,0
time,1,standard,many_prices,range_first8,20000,142,370,673,42071,0,0
time,1,standard,many_prices,handle_hit,20000,87,162,330,26293,0,0
time,1,standard,many_prices,index_update,20000,109,514,738,37157,0,0
time,1,standard,many_books,price_hit,20000,109,328,640,291091,0,0
time,1,standard,many_books,price_miss,20000,74,221,460,77220,0,0
time,1,standard,many_books,best,20000,64,222,522,29193,0,0
time,1,standard,many_books,range_first8,20000,112,395,820,29676,0,0
time,1,standard,many_books,handle_hit,20000,48,140,334,166960,0,0
time,1,standard,many_books,index_update,20000,64,279,618,37074,0,0
time,1,standard,churn,price_hit,20000,113,206,355,27455,0,0
time,1,standard,churn,price_miss,20000,103,253,656,178266,0,0
time,1,standard,churn,best,20000,64,198,269,17774,0,0
time,1,standard,churn,range_first8,20000,135,332,723,43518,0,0
time,1,standard,churn,handle_hit,20000,68,127,468,74943,0,0
time,1,standard,churn,index_update,20000,318,818,4123,82848,0,0
time,1,standard,growth,index_update,20000,268,1950,5525,230000,0,0
time,1,standard,growth,block_growth_subset,313,2018,3679,5201,5525,0,0
time,1,standard,engine,intent_immediate,20000,1064,2125,24272,452406,0,0
time,1,standard,engine,intent_queued,20000,562,1205,16136,237715,0,0
time,1,standard,engine,ready_to_command,20000,895,1757,22227,173994,0,0
time,1,standard,engine,replace_report,20000,919,4093,26706,171973,0,0
time,1,standard,engine_growth,new_to_command,20000,1176,12970,33680,1799359,0,0
time,1,standard,burst64_period100000ns,fill_service,20000,672,2592,6963,45379,0,0
time,1,standard,burst64_period100000ns,scheduled_arrival_to_visible,20000,31673,265684,398336,415561,0,0
time,1,legacy,small,price_hit,20000,75,118,164,52274,0,0
time,1,legacy,small,price_miss,20000,63,173,275,4535,0,0
time,1,legacy,small,best,20000,60,183,233,49557,0,0
time,1,legacy,small,range_first8,20000,66,195,324,129606,0,0
time,1,legacy,small,index_update,20000,164,358,1206,407727,0,0
time,1,legacy,crowded,price_hit,20000,60,94,129,272,0,0
time,1,legacy,crowded,price_miss,20000,60,193,330,20852,0,0
time,1,legacy,crowded,best,20000,60,198,368,32936,0,0
time,1,legacy,crowded,range_first8,20000,62,193,403,5732,0,0
time,1,legacy,crowded,index_update,20000,224,466,1081,35172,0,0
time,1,legacy,many_prices,price_hit,20000,154,398,939,98023,0,0
time,1,legacy,many_prices,price_miss,20000,90,287,654,28534,0,0
time,1,legacy,many_prices,best,20000,72,261,620,263165,0,0
time,1,legacy,many_prices,range_first8,20000,109,360,1067,795433,0,0
time,1,legacy,many_prices,index_update,20000,610,1648,26795,705955,0,0
time,1,legacy,many_books,price_hit,20000,85,160,397,103731,0,0
time,1,legacy,many_books,price_miss,20000,66,203,418,28178,0,0
time,1,legacy,many_books,best,20000,64,196,475,80398,0,0
time,1,legacy,many_books,range_first8,20000,74,220,435,472998,0,0
time,1,legacy,many_books,index_update,20000,183,459,1273,100725,0,0
time,1,legacy,churn,price_hit,20000,98,154,243,20861,0,0
time,1,legacy,churn,price_miss,20000,91,194,494,37261,0,0
time,1,legacy,churn,best,20000,66,158,271,23445,0,0
time,1,legacy,churn,range_first8,20000,97,215,404,126539,0,0
time,1,legacy,churn,index_update,20000,311,702,1654,176228,0,0
time,1,legacy,growth,index_update,20000,194,713,1395,121615,0,0
time,2,legacy,small,price_hit,20000,75,117,153,20468,0,0
time,2,legacy,small,price_miss,20000,63,167,328,39763,0,0
time,2,legacy,small,best,20000,60,166,247,28086,0,0
time,2,legacy,small,range_first8,20000,66,172,515,26975,0,0
time,2,legacy,small,index_update,20000,167,353,724,24728,0,0
time,2,legacy,crowded,price_hit,20000,75,124,251,28374,0,0
time,2,legacy,crowded,price_miss,20000,76,248,996,41769,0,0
time,2,legacy,crowded,best,20000,73,249,1093,108840,0,0
time,2,legacy,crowded,range_first8,20000,82,254,993,31804,0,0
time,2,legacy,crowded,index_update,20000,301,790,5189,409000,0,0
time,2,legacy,many_prices,price_hit,20000,184,409,3787,47066,0,0
time,2,legacy,many_prices,price_miss,20000,119,348,1538,77272,0,0
time,2,legacy,many_prices,best,20000,85,271,1009,34451,0,0
time,2,legacy,many_prices,range_first8,20000,158,425,1300,31052,0,0
time,2,legacy,many_prices,index_update,20000,714,1888,8161,65632,0,0
time,2,legacy,many_books,price_hit,20000,105,210,987,31805,0,0
time,2,legacy,many_books,price_miss,20000,86,263,969,47045,0,0
time,2,legacy,many_books,best,20000,80,254,651,42003,0,0
time,2,legacy,many_books,range_first8,20000,104,294,974,53994,0,0
time,2,legacy,many_books,index_update,20000,270,605,4126,41395,0,0
time,2,legacy,churn,price_hit,20000,145,202,994,58476,0,0
time,2,legacy,churn,price_miss,20000,143,261,992,47876,0,0
time,2,legacy,churn,best,20000,103,245,565,34462,0,0
time,2,legacy,churn,range_first8,20000,177,327,701,34809,0,0
time,2,legacy,churn,index_update,20000,521,1079,6530,48973,0,0
time,2,legacy,growth,index_update,20000,271,1032,4213,46406,0,0
time,2,standard,small,price_hit,20000,107,252,990,36505,0,0
time,2,standard,small,price_miss,20000,92,292,3181,52297,0,0
time,2,standard,small,best,20000,78,271,617,72426,0,0
time,2,standard,small,range_first8,20000,123,343,3033,117745,0,0
time,2,standard,small,handle_hit,20000,53,205,568,34606,0,0
time,2,standard,small,index_update,20000,80,261,976,51954,0,0
time,2,standard,crowded,price_hit,20000,77,120,195,42402,0,0
time,2,standard,crowded,price_miss,20000,70,228,528,4495,0,0
time,2,standard,crowded,best,20000,65,230,545,29219,0,0
time,2,standard,crowded,range_first8,20000,79,242,555,23886,0,0
time,2,standard,crowded,handle_hit,20000,35,52,124,29370,0,0
time,2,standard,crowded,index_update,20000,91,486,711,18759,0,0
time,2,standard,many_prices,price_hit,20000,180,590,1117,48750,0,0
time,2,standard,many_prices,price_miss,20000,99,293,634,33514,0,0
time,2,standard,many_prices,best,20000,65,240,543,23178,0,0
time,2,standard,many_prices,range_first8,20000,143,389,1139,29027,0,0
time,2,standard,many_prices,handle_hit,20000,87,149,320,24712,0,0
time,2,standard,many_prices,index_update,20000,121,598,996,31611,0,0
time,2,standard,many_books,price_hit,20000,107,518,1089,1914313,0,0
time,2,standard,many_books,price_miss,20000,73,212,401,2136557,0,0
time,2,standard,many_books,best,20000,64,188,343,34350,0,0
time,2,standard,many_books,range_first8,20000,111,462,898,1669507,0,0
time,2,standard,many_books,handle_hit,20000,48,162,418,23844,0,0
time,2,standard,many_books,index_update,20000,65,511,923,47502,0,0
time,2,standard,churn,price_hit,20000,113,218,1026,620387,0,0
time,2,standard,churn,price_miss,20000,102,239,590,45923,0,0
time,2,standard,churn,best,20000,64,186,435,114842,0,0
time,2,standard,churn,range_first8,20000,134,313,973,31408,0,0
time,2,standard,churn,handle_hit,20000,68,118,260,1672556,0,0
time,2,standard,churn,index_update,20000,321,815,4133,1649034,0,0
time,2,standard,growth,index_update,20000,268,1985,3660,130800,0,0
time,2,standard,growth,block_growth_subset,313,2101,3510,5095,6290,0,0
time,2,standard,engine,intent_immediate,20000,1728,2552,28673,216337,0,0
time,2,standard,engine,intent_queued,20000,847,1449,24721,79425,0,0
time,2,standard,engine,ready_to_command,20000,1492,2118,26146,143932,0,0
time,2,standard,engine,replace_report,20000,1342,4602,30783,120942,0,0
time,2,standard,engine_growth,new_to_command,20000,1592,14067,38827,1649128,0,0
time,2,standard,burst64_period100000ns,fill_service,20000,732,2682,25153,737071,0,0
time,2,standard,burst64_period100000ns,scheduled_arrival_to_visible,20000,36454,852800,907887,932382,0,0
time,2,pooled,small,price_hit,20000,93,158,413,97905,0,0
time,2,pooled,small,price_miss,20000,87,228,343,17547,0,0
time,2,pooled,small,best,20000,65,189,358,55217,0,0
time,2,pooled,small,range_first8,20000,108,256,732,49242,0,0
time,2,pooled,small,handle_hit,20000,44,80,178,241432,0,0
time,2,pooled,small,index_update,20000,59,200,521,489901,0,0
time,2,pooled,crowded,price_hit,20000,80,140,297,43748,0,0
time,2,pooled,crowded,price_miss,20000,74,253,561,23311,0,0
time,2,pooled,crowded,best,20000,65,227,553,44445,0,0
time,2,pooled,crowded,range_first8,20000,76,247,588,41329,0,0
time,2,pooled,crowded,handle_hit,20000,35,125,226,6419,0,0
time,2,pooled,crowded,index_update,20000,146,550,846,46753,0,0
time,2,pooled,many_prices,price_hit,20000,320,909,2282,75224,0,0
time,2,pooled,many_prices,price_miss,20000,163,355,770,63197,0,0
time,2,pooled,many_prices,best,20000,65,241,547,28229,0,0
time,2,pooled,many_prices,range_first8,20000,209,430,841,78085,0,0
time,2,pooled,many_prices,handle_hit,20000,119,154,310,41265,0,0
time,2,pooled,many_prices,index_update,20000,208,668,1625,284641,0,0
time,2,pooled,many_books,price_hit,20000,119,331,1068,28251,0,0
time,2,pooled,many_books,price_miss,20000,104,275,742,354000,0,0
time,2,pooled,many_books,best,20000,64,198,444,104172,0,0
time,2,pooled,many_books,range_first8,20000,171,492,1231,26052,0,0
time,2,pooled,many_books,handle_hit,20000,56,115,239,4636,0,0
time,2,pooled,many_books,index_update,20000,68,338,610,20214,0,0
time,2,pooled,churn,price_hit,20000,127,237,5566,162320,0,0
time,2,pooled,churn,price_miss,20000,122,265,549,78848,0,0
time,2,pooled,churn,best,20000,64,198,348,23449,0,0
time,2,pooled,churn,range_first8,20000,178,357,4734,59780,0,0
time,2,pooled,churn,handle_hit,20000,82,128,350,40053,0,0
time,2,pooled,churn,index_update,20000,853,1633,24217,303351,0,0
time,2,pooled,growth,index_update,20000,959,4809,33438,1305190,0,0
time,2,pooled,growth,block_growth_subset,313,4534,11251,83923,222269,0,0
time,2,pooled,engine,intent_immediate,20000,1090,2258,27423,419194,0,0
time,2,pooled,engine,intent_queued,20000,562,1226,18482,498637,0,0
time,2,pooled,engine,ready_to_command,20000,922,1817,19811,144799,0,0
time,2,pooled,engine,replace_report,20000,917,5504,22498,305093,0,0
time,2,pooled,engine_growth,new_to_command,20000,1670,18360,38118,1616605,0,0
time,2,pooled,burst64_period100000ns,fill_service,20000,669,2657,7271,191004,0,0
time,2,pooled,burst64_period100000ns,scheduled_arrival_to_visible,20000,30067,291797,365816,394385,0,0
time,2,adaptive,small,price_hit,20000,90,148,229,25161,0,0
time,2,adaptive,small,price_miss,20000,73,190,325,35183,0,0
time,2,adaptive,small,best,20000,64,157,302,39837,0,0
time,2,adaptive,small,range_first8,20000,85,220,383,22208,0,0
time,2,adaptive,small,handle_hit,20000,50,76,181,30432,0,0
time,2,adaptive,small,index_update,20000,56,180,434,17898,0,0
time,2,adaptive,crowded,price_hit,20000,79,140,257,37028,0,0
time,2,adaptive,crowded,price_miss,20000,70,251,570,111528,0,0
time,2,adaptive,crowded,best,20000,64,220,524,114874,0,0
time,2,adaptive,crowded,range_first8,20000,79,256,591,18578,0,0
time,2,adaptive,crowded,handle_hit,20000,37,78,178,2011049,0,0
time,2,adaptive,crowded,index_update,20000,141,593,954,40051,0,0
time,2,adaptive,many_prices,price_hit,20000,188,576,1121,106271,0,0
time,2,adaptive,many_prices,price_miss,20000,95,283,591,41194,0,0
time,2,adaptive,many_prices,best,20000,65,236,566,8428,0,0
time,2,adaptive,many_prices,range_first8,20000,145,383,684,45697,0,0
time,2,adaptive,many_prices,handle_hit,20000,84,137,297,25728,0,0
time,2,adaptive,many_prices,index_update,20000,174,632,1147,43272,0,0
time,2,adaptive,many_books,price_hit,20000,105,154,323,35081,0,0
time,2,adaptive,many_books,price_miss,20000,74,167,279,18248,0,0
time,2,adaptive,many_books,best,20000,64,149,252,4798,0,0
time,2,adaptive,many_books,range_first8,20000,100,222,422,123555,0,0
time,2,adaptive,many_books,handle_hit,20000,51,68,174,20439,0,0
time,2,adaptive,many_books,index_update,20000,63,209,554,23533,0,0
time,2,adaptive,churn,price_hit,20000,106,180,370,166929,0,0
time,2,adaptive,churn,price_miss,20000,89,222,360,24250,0,0
time,2,adaptive,churn,best,20000,64,210,343,27722,0,0
time,2,adaptive,churn,range_first8,20000,115,284,574,22304,0,0
time,2,adaptive,churn,handle_hit,20000,59,96,238,24865,0,0
time,2,adaptive,churn,index_update,20000,209,452,1386,229741,0,0
time,2,adaptive,growth,index_update,20000,329,2052,5796,104433,0,0
time,2,adaptive,growth,block_growth_subset,313,2111,5074,27057,40684,0,0
time,2,adaptive,engine,intent_immediate,20000,1104,2339,33533,91585,0,0
time,2,adaptive,engine,intent_queued,20000,606,1304,4853,51674,0,0
time,2,adaptive,engine,ready_to_command,20000,898,2000,29630,164952,0,0
time,2,adaptive,engine,replace_report,20000,966,4132,29087,143399,0,0
time,2,adaptive,engine_growth,new_to_command,20000,1192,13297,38545,1696731,0,0
time,2,adaptive,burst64_period100000ns,fill_service,20000,1006,3512,7722,130472,0,0
time,2,adaptive,burst64_period100000ns,scheduled_arrival_to_visible,20000,53691,582059,608872,630974,0,0
time,3,adaptive,small,price_hit,20000,144,170,462,127239,0,0
time,3,adaptive,small,price_miss,20000,136,248,493,84095,0,0
time,3,adaptive,small,best,20000,113,225,495,39723,0,0
time,3,adaptive,small,range_first8,20000,167,290,677,27168,0,0
time,3,adaptive,small,handle_hit,20000,66,160,263,23170,0,0
time,3,adaptive,small,index_update,20000,103,227,441,31881,0,0
time,3,adaptive,crowded,price_hit,20000,141,160,2664,33172,0,0
time,3,adaptive,crowded,price_miss,20000,135,304,668,27391,0,0
time,3,adaptive,crowded,best,20000,114,291,3146,26515,0,0
time,3,adaptive,crowded,range_first8,20000,147,320,3201,66735,0,0
time,3,adaptive,crowded,handle_hit,20000,59,213,539,20061,0,0
time,3,adaptive,crowded,index_update,20000,204,707,3852,55745,0,0
time,3,adaptive,many_prices,price_hit,20000,178,688,2995,28613,0,0
time,3,adaptive,many_prices,price_miss,20000,95,294,684,42852,0,0
time,3,adaptive,many_prices,best,20000,64,238,538,23592,0,0
time,3,adaptive,many_prices,range_first8,20000,143,394,3658,2382563,0,0
time,3,adaptive,many_prices,handle_hit,20000,85,137,338,40064,0,0
time,3,adaptive,many_prices,index_update,20000,167,675,2967,53394,0,0
time,3,adaptive,many_books,price_hit,20000,159,291,771,199791,0,0
time,3,adaptive,many_books,price_miss,20000,144,298,677,31420,0,0
time,3,adaptive,many_books,best,20000,115,273,595,31615,0,0
time,3,adaptive,many_books,range_first8,20000,200,405,2013,297964,0,0
time,3,adaptive,many_books,handle_hit,20000,68,195,534,119589,0,0
time,3,adaptive,many_books,index_update,20000,148,437,1017,40816,0,0
time,3,adaptive,churn,price_hit,20000,165,192,393,56071,0,0
time,3,adaptive,churn,price_miss,20000,145,278,575,75679,0,0
time,3,adaptive,churn,best,20000,115,247,528,55400,0,0
time,3,adaptive,churn,range_first8,20000,210,348,1246,46150,0,0
time,3,adaptive,churn,handle_hit,20000,74,155,373,33449,0,0
time,3,adaptive,churn,index_update,20000,315,470,1192,35179,0,0
time,3,adaptive,growth,index_update,20000,584,2544,8863,85649,0,0
time,3,adaptive,growth,block_growth_subset,313,2592,5463,6083,51386,0,0
time,3,adaptive,engine,intent_immediate,20000,1843,2611,36888,214783,0,0
time,3,adaptive,engine,intent_queued,20000,921,1533,9630,55737,0,0
time,3,adaptive,engine,ready_to_command,20000,1577,2147,36229,76885,0,0
time,3,adaptive,engine,replace_report,20000,1407,6437,38806,205570,0,0
time,3,adaptive,engine_growth,new_to_command,20000,1172,13111,34579,1712322,0,0
time,3,adaptive,burst64_period100000ns,fill_service,20000,692,2517,17537,79120,0,0
time,3,adaptive,burst64_period100000ns,scheduled_arrival_to_visible,20000,29442,161483,199312,219290,0,0
time,3,pooled,small,price_hit,20000,90,148,206,4160,0,0
time,3,pooled,small,price_miss,20000,86,225,323,29671,0,0
time,3,pooled,small,best,20000,64,149,254,4086,0,0
time,3,pooled,small,range_first8,20000,106,255,498,17818,0,0
time,3,pooled,small,handle_hit,20000,44,86,135,39570,0,0
time,3,pooled,small,index_update,20000,58,187,386,21242,0,0
time,3,pooled,crowded,price_hit,20000,79,131,242,37605,0,0
time,3,pooled,crowded,price_miss,20000,73,238,554,112144,0,0
time,3,pooled,crowded,best,20000,64,220,522,31193,0,0
time,3,pooled,crowded,range_first8,20000,75,238,549,20964,0,0
time,3,pooled,crowded,handle_hit,20000,35,108,196,37966,0,0
time,3,pooled,crowded,index_update,20000,102,534,792,43695,0,0
time,3,pooled,many_prices,price_hit,20000,326,935,4675,25556,0,0
time,3,pooled,many_prices,price_miss,20000,164,367,768,41676,0,0
time,3,pooled,many_prices,best,20000,65,249,609,90374,0,0
time,3,pooled,many_prices,range_first8,20000,209,437,1186,42028,0,0
time,3,pooled,many_prices,handle_hit,20000,120,167,601,53332,0,0
time,3,pooled,many_prices,index_update,20000,215,691,1180,60734,0,0
time,3,pooled,many_books,price_hit,20000,118,181,377,77986,0,0
time,3,pooled,many_books,price_miss,20000,103,196,434,36866,0,0
time,3,pooled,many_books,best,20000,64,152,334,31372,0,0
time,3,pooled,many_books,range_first8,20000,170,301,545,27439,0,0
time,3,pooled,many_books,handle_hit,20000,56,78,158,956,0,0
time,3,pooled,many_books,index_update,20000,66,206,437,68626,0,0
time,3,pooled,churn,price_hit,20000,127,201,364,52768,0,0
time,3,pooled,churn,price_miss,20000,123,254,502,31509,0,0
time,3,pooled,churn,best,20000,64,193,340,20470,0,0
time,3,pooled,churn,range_first8,20000,178,347,1146,39976,0,0
time,3,pooled,churn,handle_hit,20000,83,118,199,23897,0,0
time,3,pooled,churn,index_update,20000,850,1507,18321,98865,0,0
time,3,pooled,growth,index_update,20000,882,3941,20907,71493,0,0
time,3,pooled,growth,block_growth_subset,313,3896,6250,8024,25958,0,0
time,3,pooled,engine,intent_immediate,20000,1079,2009,22068,118732,0,0
time,3,pooled,engine,intent_queued,20000,554,1139,4770,37952,0,0
time,3,pooled,engine,ready_to_command,20000,920,1713,20669,93873,0,0
time,3,pooled,engine,replace_report,20000,895,4132,23864,121314,0,0
time,3,pooled,engine_growth,new_to_command,20000,1659,18284,42756,1772460,0,0
time,3,pooled,burst64_period100000ns,fill_service,20000,677,2734,22916,753191,0,0
time,3,pooled,burst64_period100000ns,scheduled_arrival_to_visible,20000,33314,882640,1006768,1018792,0,0
time,3,standard,small,price_hit,20000,86,142,274,1343407,0,0
time,3,standard,small,price_miss,20000,70,211,414,24725,0,0
time,3,standard,small,best,20000,64,172,344,124197,0,0
time,3,standard,small,range_first8,20000,84,226,513,157845,0,0
time,3,standard,small,handle_hit,20000,43,74,186,1686543,0,0
time,3,standard,small,index_update,20000,58,192,448,459452,0,0
time,3,standard,crowded,price_hit,20000,76,138,273,108592,0,0
time,3,standard,crowded,price_miss,20000,69,242,552,18634,0,0
time,3,standard,crowded,best,20000,64,221,548,38514,0,0
time,3,standard,crowded,range_first8,20000,78,261,571,21556,0,0
time,3,standard,crowded,handle_hit,20000,32,100,212,42690,0,0
time,3,standard,crowded,index_update,20000,138,560,851,55562,0,0
time,3,standard,many_prices,price_hit,20000,207,663,4220,59858,0,0
time,3,standard,many_prices,price_miss,20000,99,289,655,24351,0,0
time,3,standard,many_prices,best,20000,66,243,564,39171,0,0
time,3,standard,many_prices,range_first8,20000,145,431,4426,255093,0,0
time,3,standard,many_prices,handle_hit,20000,87,161,366,52835,0,0
time,3,standard,many_prices,index_update,20000,165,631,1197,103207,0,0
time,3,standard,many_books,price_hit,20000,106,169,430,111279,0,0
time,3,standard,many_books,price_miss,20000,73,211,335,19184,0,0
time,3,standard,many_books,best,20000,64,177,328,28754,0,0
time,3,standard,many_books,range_first8,20000,110,261,505,76894,0,0
time,3,standard,many_books,handle_hit,20000,48,73,203,47424,0,0
time,3,standard,many_books,index_update,20000,63,236,495,41738,0,0
time,3,standard,churn,price_hit,20000,115,203,336,38846,0,0
time,3,standard,churn,price_miss,20000,104,237,519,26180,0,0
time,3,standard,churn,best,20000,65,185,360,81531,0,0
time,3,standard,churn,range_first8,20000,136,324,689,21808,0,0
time,3,standard,churn,handle_hit,20000,67,121,237,44416,0,0
time,3,standard,churn,index_update,20000,317,812,4411,85533,0,0
time,3,standard,growth,index_update,20000,312,2342,5548,69015,0,0
time,3,standard,growth,block_growth_subset,313,2512,4837,8035,29355,0,0
time,3,standard,engine,intent_immediate,20000,1084,2280,25833,503982,0,0
time,3,standard,engine,intent_queued,20000,590,1276,24450,1171057,0,0
time,3,standard,engine,ready_to_command,20000,887,1881,24101,173335,0,0
time,3,standard,engine,replace_report,20000,967,4336,26622,163022,0,0
time,3,standard,engine_growth,new_to_command,20000,1235,13959,43031,1830943,0,0
time,3,standard,burst64_period100000ns,fill_service,20000,710,3026,21935,82085,0,0
time,3,standard,burst64_period100000ns,scheduled_arrival_to_visible,20000,33880,338696,371691,386534,0,0
time,3,legacy,small,price_hit,20000,75,113,187,4245,0,0
time,3,legacy,small,price_miss,20000,63,182,374,5705,0,0
time,3,legacy,small,best,20000,60,140,314,21999,0,0
time,3,legacy,small,range_first8,20000,66,155,300,32221,0,0
time,3,legacy,small,index_update,20000,164,336,791,71165,0,0
time,3,legacy,crowded,price_hit,20000,60,100,211,47578,0,0
time,3,legacy,crowded,price_miss,20000,60,205,489,70902,0,0
time,3,legacy,crowded,best,20000,60,205,484,156238,0,0
time,3,legacy,crowded,range_first8,20000,62,212,548,44112,0,0
time,3,legacy,crowded,index_update,20000,226,620,2024,239792,0,0
time,3,legacy,many_prices,price_hit,20000,196,489,907,32227,0,0
time,3,legacy,many_prices,price_miss,20000,167,336,646,48375,0,0
time,3,legacy,many_prices,best,20000,109,265,597,49235,0,0
time,3,legacy,many_prices,range_first8,20000,214,387,725,64513,0,0
time,3,legacy,many_prices,index_update,20000,787,1840,24368,59726,0,0
time,3,legacy,many_books,price_hit,20000,125,151,203,24474,0,0
time,3,legacy,many_books,price_miss,20000,118,147,264,23055,0,0
time,3,legacy,many_books,best,20000,105,170,273,22451,0,0
time,3,legacy,many_books,range_first8,20000,145,213,292,44979,0,0
time,3,legacy,many_books,index_update,20000,346,472,2304,88307,0,0
time,3,legacy,churn,price_hit,20000,150,188,241,36064,0,0
time,3,legacy,churn,price_miss,20000,148,212,385,25135,0,0
time,3,legacy,churn,best,20000,105,166,250,3776,0,0
time,3,legacy,churn,range_first8,20000,180,253,390,4887,0,0
time,3,legacy,churn,index_update,20000,510,941,5524,40139,0,0
time,3,legacy,growth,index_update,20000,343,994,3555,39429,0,0
time,4,legacy,small,price_hit,20000,116,137,179,21738,0,0
time,4,legacy,small,price_miss,20000,115,195,467,36450,0,0
time,4,legacy,small,best,20000,106,174,257,41681,0,0
time,4,legacy,small,range_first8,20000,131,205,476,41466,0,0
time,4,legacy,small,index_update,20000,320,451,1300,83281,0,0
time,4,legacy,crowded,price_hit,20000,110,118,156,28454,0,0
time,4,legacy,crowded,price_miss,20000,110,224,486,51804,0,0
time,4,legacy,crowded,best,20000,106,230,459,36909,0,0
time,4,legacy,crowded,range_first8,20000,120,241,459,23830,0,0
time,4,legacy,crowded,index_update,20000,342,641,4222,44280,0,0
time,4,legacy,many_prices,price_hit,20000,195,416,917,30669,0,0
time,4,legacy,many_prices,price_miss,20000,167,322,667,122422,0,0
time,4,legacy,many_prices,best,20000,109,254,573,26701,0,0
time,4,legacy,many_prices,range_first8,20000,211,373,783,40195,0,0
time,4,legacy,many_prices,index_update,20000,764,1657,22425,111422,0,0
time,4,legacy,many_books,price_hit,20000,124,156,304,26849,0,0
time,4,legacy,many_books,price_miss,20000,114,192,336,27388,0,0
time,4,legacy,many_books,best,20000,101,177,360,25240,0,0
time,4,legacy,many_books,range_first8,20000,142,217,383,44728,0,0
time,4,legacy,many_books,index_update,20000,346,511,1346,75936,0,0
time,4,legacy,churn,price_hit,20000,97,127,160,33015,0,0
time,4,legacy,churn,price_miss,20000,90,124,260,29058,0,0
time,4,legacy,churn,best,20000,66,86,215,17783,0,0
time,4,legacy,churn,range_first8,20000,96,153,275,27996,0,0
time,4,legacy,churn,index_update,20000,303,613,1000,18219,0,0
time,4,legacy,growth,index_update,20000,293,967,4508,93002,0,0
time,4,standard,small,price_hit,20000,140,168,272,41413,0,0
time,4,standard,small,price_miss,20000,131,269,539,43340,0,0
time,4,standard,small,best,20000,109,247,545,44290,0,0
time,4,standard,small,range_first8,20000,178,316,608,32550,0,0
time,4,standard,small,handle_hit,20000,64,175,396,39762,0,0
time,4,standard,small,index_update,20000,116,250,526,37766,0,0
time,4,standard,crowded,price_hit,20000,127,160,277,34232,0,0
time,4,standard,crowded,price_miss,20000,120,275,623,33018,0,0
time,4,standard,crowded,best,20000,103,263,604,45821,0,0
time,4,standard,crowded,range_first8,20000,140,303,625,47822,0,0
time,4,standard,crowded,handle_hit,20000,53,190,527,31832,0,0
time,4,standard,crowded,index_update,20000,171,573,929,61529,0,0
time,4,standard,many_prices,price_hit,20000,287,715,1539,42987,0,0
time,4,standard,many_prices,price_miss,20000,183,360,700,48027,0,0
time,4,standard,many_prices,best,20000,107,272,611,29962,0,0
time,4,standard,many_prices,range_first8,20000,288,481,4153,57058,0,0
time,4,standard,many_prices,handle_hit,20000,127,218,572,26737,0,0
time,4,standard,many_prices,index_update,20000,247,756,1320,53746,0,0
time,4,standard,many_books,price_hit,20000,154,244,619,55535,0,0
time,4,standard,many_books,price_miss,20000,128,296,970,32482,0,0
time,4,standard,many_books,best,20000,100,263,559,23429,0,0
time,4,standard,many_books,range_first8,20000,210,410,1094,56413,0,0
time,4,standard,many_books,handle_hit,20000,67,189,495,6642,0,0
time,4,standard,many_books,index_update,20000,126,397,992,32092,0,0
time,4,standard,churn,price_hit,20000,181,232,448,55955,0,0
time,4,standard,churn,price_miss,20000,169,320,695,29641,0,0
time,4,standard,churn,best,20000,109,258,555,50006,0,0
time,4,standard,churn,range_first8,20000,264,425,940,76083,0,0
time,4,standard,churn,handle_hit,20000,97,188,470,31969,0,0
time,4,standard,churn,index_update,20000,540,1075,6781,57398,0,0
time,4,standard,growth,index_update,20000,453,2565,7708,86020,0,0
time,4,standard,growth,block_growth_subset,313,2620,4156,5912,7049,0,0
time,4,standard,engine,intent_immediate,20000,1143,2484,32317,52300,0,0
time,4,standard,engine,intent_queued,20000,640,1421,19238,54299,0,0
time,4,standard,engine,ready_to_command,20000,976,2039,20430,50655,0,0
time,4,standard,engine,replace_report,20000,992,6237,29541,72449,0,0
time,4,standard,engine_growth,new_to_command,20000,1134,12815,29885,1659926,0,0
time,4,standard,burst64_period100000ns,fill_service,20000,640,2678,19252,43060,0,0
time,4,standard,burst64_period100000ns,scheduled_arrival_to_visible,20000,28563,246454,281326,294801,0,0
time,4,pooled,small,price_hit,20000,89,131,245,17963,0,0
time,4,pooled,small,price_miss,20000,86,174,392,50794,0,0
time,4,pooled,small,best,20000,64,140,267,30699,0,0
time,4,pooled,small,range_first8,20000,106,215,358,35597,0,0
time,4,pooled,small,handle_hit,20000,44,65,104,21216,0,0
time,4,pooled,small,index_update,20000,58,178,402,27042,0,0
time,4,pooled,crowded,price_hit,20000,80,125,244,25168,0,0
time,4,pooled,crowded,price_miss,20000,73,245,573,19423,0,0
time,4,pooled,crowded,best,20000,64,235,530,20060,0,0
time,4,pooled,crowded,range_first8,20000,75,266,575,39705,0,0
time,4,pooled,crowded,handle_hit,20000,37,58,192,33693,0,0
time,4,pooled,crowded,index_update,20000,97,534,841,35570,0,0
time,4,pooled,many_prices,price_hit,20000,325,1020,2462,201985,0,0
time,4,pooled,many_prices,price_miss,20000,167,372,4560,354805,0,0
time,4,pooled,many_prices,best,20000,65,252,625,42006,0,0
time,4,pooled,many_prices,range_first8,20000,207,498,2345,175955,0,0
time,4,pooled,many_prices,handle_hit,20000,120,190,447,50633,0,0
time,4,pooled,many_prices,index_update,20000,216,714,1734,43589,0,0
time,4,pooled,many_books,price_hit,20000,120,371,969,66499,0,0
time,4,pooled,many_books,price_miss,20000,103,293,588,29398,0,0
time,4,pooled,many_books,best,20000,64,213,444,26289,0,0
time,4,pooled,many_books,range_first8,20000,173,515,1334,228907,0,0
time,4,pooled,many_books,handle_hit,20000,55,118,236,22928,0,0
time,4,pooled,many_books,index_update,20000,73,321,681,98686,0,0
time,4,pooled,churn,price_hit,20000,129,257,688,166228,0,0
time,4,pooled,churn,price_miss,20000,124,247,583,22020,0,0
time,4,pooled,churn,best,20000,65,202,502,53247,0,0
time,4,pooled,churn,range_first8,20000,180,376,2364,146367,0,0
time,4,pooled,churn,handle_hit,20000,83,127,278,91493,0,0
time,4,pooled,churn,index_update,20000,861,1763,26790,1873646,0,0
time,4,pooled,growth,index_update,20000,939,5143,32495,335762,0,0
time,4,pooled,growth,block_growth_subset,313,4820,23948,38683,39683,0,0
time,4,pooled,engine,intent_immediate,20000,1150,2597,30602,131635,0,0
time,4,pooled,engine,intent_queued,20000,616,1432,20234,202466,0,0
time,4,pooled,engine,ready_to_command,20000,936,2076,24557,139142,0,0
time,4,pooled,engine,replace_report,20000,989,5553,28624,206728,0,0
time,4,pooled,engine_growth,new_to_command,20000,1670,18753,44149,2305336,0,0
time,4,pooled,burst64_period100000ns,fill_service,20000,1093,3918,36530,60605,0,0
time,4,pooled,burst64_period100000ns,scheduled_arrival_to_visible,20000,93170,1190868,1214488,1229103,0,0
time,4,adaptive,small,price_hit,20000,150,236,438,48982,0,0
time,4,adaptive,small,price_miss,20000,142,287,605,26839,0,0
time,4,adaptive,small,best,20000,117,257,543,54456,0,0
time,4,adaptive,small,range_first8,20000,176,326,673,63296,0,0
time,4,adaptive,small,handle_hit,20000,68,184,459,8835,0,0
time,4,adaptive,small,index_update,20000,109,257,561,48012,0,0
time,4,adaptive,crowded,price_hit,20000,143,186,326,55533,0,0
time,4,adaptive,crowded,price_miss,20000,132,296,627,9540,0,0
time,4,adaptive,crowded,best,20000,108,268,596,51728,0,0
time,4,adaptive,crowded,range_first8,20000,147,316,637,33347,0,0
time,4,adaptive,crowded,handle_hit,20000,63,214,542,49067,0,0
time,4,adaptive,crowded,index_update,20000,237,724,1100,72811,0,0
time,4,adaptive,many_prices,price_hit,20000,241,652,891,87350,0,0
time,4,adaptive,many_prices,price_miss,20000,126,318,577,59586,0,0
time,4,adaptive,many_prices,best,20000,75,253,540,83447,0,0
time,4,adaptive,many_prices,range_first8,20000,197,462,876,51493,0,0
time,4,adaptive,many_prices,handle_hit,20000,96,195,500,37355,0,0
time,4,adaptive,many_prices,index_update,20000,210,688,933,33356,0,0
time,4,adaptive,many_books,price_hit,20000,105,131,246,19265,0,0
time,4,adaptive,many_books,price_miss,20000,74,115,226,17214,0,0
time,4,adaptive,many_books,best,20000,64,91,209,13915,0,0
time,4,adaptive,many_books,range_first8,20000,102,183,252,17367,0,0
time,4,adaptive,many_books,handle_hit,20000,51,63,80,23922,0,0
time,4,adaptive,many_books,index_update,20000,62,162,353,37254,0,0
time,4,adaptive,churn,price_hit,20000,105,168,233,34470,0,0
time,4,adaptive,churn,price_miss,20000,88,184,291,4371,0,0
time,4,adaptive,churn,best,20000,64,150,279,29168,0,0
time,4,adaptive,churn,range_first8,20000,114,227,338,32181,0,0
time,4,adaptive,churn,handle_hit,20000,59,89,143,17469,0,0
time,4,adaptive,churn,index_update,20000,205,368,691,36295,0,0
time,4,adaptive,growth,index_update,20000,326,1945,3954,43005,0,0
time,4,adaptive,growth,block_growth_subset,313,2019,4175,7899,35892,0,0
time,4,adaptive,engine,intent_immediate,20000,1020,1705,19965,112237,0,0
time,4,adaptive,engine,intent_queued,20000,519,1020,4536,38913,0,0
time,4,adaptive,engine,ready_to_command,20000,886,1504,23856,113989,0,0
time,4,adaptive,engine,replace_report,20000,795,3587,22384,53003,0,0
time,4,adaptive,engine_growth,new_to_command,20000,1087,12831,30463,1627437,0,0
time,4,adaptive,burst64_period100000ns,fill_service,20000,723,2808,25166,677090,0,0
time,4,adaptive,burst64_period100000ns,scheduled_arrival_to_visible,20000,45184,1074164,1190900,1221645,0,0
time,5,adaptive,small,price_hit,20000,89,120,194,44889,0,0
time,5,adaptive,small,price_miss,20000,71,161,260,17114,0,0
time,5,adaptive,small,best,20000,64,138,245,20078,0,0
time,5,adaptive,small,range_first8,20000,86,212,419,156827,0,0
time,5,adaptive,small,handle_hit,20000,46,59,87,3877,0,0
time,5,adaptive,small,index_update,20000,56,181,313,682,0,0
time,5,adaptive,crowded,price_hit,20000,81,146,281,201657,0,0
time,5,adaptive,crowded,price_miss,20000,70,273,631,87797,0,0
time,5,adaptive,crowded,best,20000,64,248,562,21846,0,0
time,5,adaptive,crowded,range_first8,20000,79,278,624,31762,0,0
time,5,adaptive,crowded,handle_hit,20000,38,149,313,24870,0,0
time,5,adaptive,crowded,index_update,20000,149,603,1178,140284,0,0
time,5,adaptive,many_prices,price_hit,20000,173,503,763,51093,0,0
time,5,adaptive,many_prices,price_miss,20000,94,283,630,207180,0,0
time,5,adaptive,many_prices,best,20000,64,240,567,40685,0,0
time,5,adaptive,many_prices,range_first8,20000,144,383,874,70371,0,0
time,5,adaptive,many_prices,handle_hit,20000,83,139,299,261785,0,0
time,5,adaptive,many_prices,index_update,20000,142,554,804,46204,0,0
time,5,adaptive,many_books,price_hit,20000,107,202,473,145269,0,0
time,5,adaptive,many_books,price_miss,20000,75,197,335,128828,0,0
time,5,adaptive,many_books,best,20000,64,172,311,22819,0,0
time,5,adaptive,many_books,range_first8,20000,102,259,569,504699,0,0
time,5,adaptive,many_books,handle_hit,20000,51,77,167,26073,0,0
time,5,adaptive,many_books,index_update,20000,62,240,542,92653,0,0
time,5,adaptive,churn,price_hit,20000,105,162,293,21224,0,0
time,5,adaptive,churn,price_miss,20000,88,210,357,17399,0,0
time,5,adaptive,churn,best,20000,64,189,290,29582,0,0
time,5,adaptive,churn,range_first8,20000,114,256,463,37702,0,0
time,5,adaptive,churn,handle_hit,20000,60,81,187,37577,0,0
time,5,adaptive,churn,index_update,20000,206,368,713,24998,0,0
time,5,adaptive,growth,index_update,20000,335,2104,5222,173962,0,0
time,5,adaptive,growth,block_growth_subset,313,2186,4609,13986,37747,0,0
time,5,adaptive,engine,intent_immediate,20000,1042,2202,23454,484197,0,0
time,5,adaptive,engine,intent_queued,20000,549,1178,19325,59379,0,0
time,5,adaptive,engine,ready_to_command,20000,883,1814,25250,51799,0,0
time,5,adaptive,engine,replace_report,20000,865,4396,29340,218807,0,0
time,5,adaptive,engine_growth,new_to_command,20000,1178,13144,43999,1625709,0,0
time,5,adaptive,burst64_period100000ns,fill_service,20000,690,2670,7170,196016,0,0
time,5,adaptive,burst64_period100000ns,scheduled_arrival_to_visible,20000,33570,374363,453029,471325,0,0
time,5,pooled,small,price_hit,20000,90,141,235,49581,0,0
time,5,pooled,small,price_miss,20000,86,198,338,18573,0,0
time,5,pooled,small,best,20000,64,149,259,22386,0,0
time,5,pooled,small,range_first8,20000,108,235,495,30839,0,0
time,5,pooled,small,handle_hit,20000,44,80,200,24454,0,0
time,5,pooled,small,index_update,20000,58,176,358,23695,0,0
time,5,pooled,crowded,price_hit,20000,80,115,186,32128,0,0
time,5,pooled,crowded,price_miss,20000,73,223,534,30587,0,0
time,5,pooled,crowded,best,20000,64,220,519,31604,0,0
time,5,pooled,crowded,range_first8,20000,75,248,564,17013,0,0
time,5,pooled,crowded,handle_hit,20000,36,54,169,917,0,0
time,5,pooled,crowded,index_update,20000,97,486,739,19204,0,0
time,5,pooled,many_prices,price_hit,20000,252,676,1420,33901,0,0
time,5,pooled,many_prices,price_miss,20000,165,343,663,26221,0,0
time,5,pooled,many_prices,best,20000,64,234,558,19729,0,0
time,5,pooled,many_prices,range_first8,20000,207,420,1147,47357,0,0
time,5,pooled,many_prices,handle_hit,20000,116,160,275,32857,0,0
time,5,pooled,many_prices,index_update,20000,142,559,1010,39965,0,0
time,5,pooled,many_books,price_hit,20000,118,178,302,26893,0,0
time,5,pooled,many_books,price_miss,20000,103,194,305,30312,0,0
time,5,pooled,many_books,best,20000,65,152,290,20373,0,0
time,5,pooled,many_books,range_first8,20000,172,293,477,30569,0,0
time,5,pooled,many_books,handle_hit,20000,55,80,132,24681,0,0
time,5,pooled,many_books,index_update,20000,64,206,467,31925,0,0
time,5,pooled,churn,price_hit,20000,130,226,1030,797281,0,0
time,5,pooled,churn,price_miss,20000,124,276,622,29398,0,0
time,5,pooled,churn,best,20000,66,208,506,13341,0,0
time,5,pooled,churn,range_first8,20000,184,380,1091,34439,0,0
time,5,pooled,churn,handle_hit,20000,81,158,334,23508,0,0
time,5,pooled,churn,index_update,20000,854,1685,24690,438271,0,0
time,5,pooled,growth,index_update,20000,990,4490,27462,58654,0,0
time,5,pooled,growth,block_growth_subset,313,4417,9446,30547,32432,0,0
time,5,pooled,engine,intent_immediate,20000,1162,2383,27948,55446,0,0
time,5,pooled,engine,intent_queued,20000,632,1358,12996,47256,0,0
time,5,pooled,engine,ready_to_command,20000,978,2062,32239,58715,0,0
time,5,pooled,engine,replace_report,20000,1030,4173,20794,74869,0,0
time,5,pooled,engine_growth,new_to_command,20000,2620,24891,54130,2501574,0,0
time,5,pooled,burst64_period100000ns,fill_service,20000,645,2644,24451,72369,0,0
time,5,pooled,burst64_period100000ns,scheduled_arrival_to_visible,20000,27523,253949,304107,321307,0,0
time,5,standard,small,price_hit,20000,87,131,200,17926,0,0
time,5,standard,small,price_miss,20000,72,159,307,17197,0,0
time,5,standard,small,best,20000,65,150,243,22240,0,0
time,5,standard,small,range_first8,20000,85,189,333,17672,0,0
time,5,standard,small,handle_hit,20000,43,62,124,483,0,0
time,5,standard,small,index_update,20000,57,174,423,20201,0,0
time,5,standard,crowded,price_hit,20000,77,111,165,47289,0,0
time,5,standard,crowded,price_miss,20000,69,228,516,33606,0,0
time,5,standard,crowded,best,20000,64,216,536,36670,0,0
time,5,standard,crowded,range_first8,20000,78,233,559,21529,0,0
time,5,standard,crowded,handle_hit,20000,34,50,167,17951,0,0
time,5,standard,crowded,index_update,20000,96,467,689,25331,0,0
time,5,standard,many_prices,price_hit,20000,171,431,737,58905,0,0
time,5,standard,many_prices,price_miss,20000,99,250,561,75373,0,0
time,5,standard,many_prices,best,20000,65,221,550,35296,0,0
time,5,standard,many_prices,range_first8,20000,142,350,629,34516,0,0
time,5,standard,many_prices,handle_hit,20000,84,122,178,21112,0,0
time,5,standard,many_prices,index_update,20000,103,493,759,34388,0,0
time,5,standard,many_books,price_hit,20000,107,159,259,73786,0,0
time,5,standard,many_books,price_miss,20000,73,157,260,41141,0,0
time,5,standard,many_books,best,20000,64,147,230,19492,0,0
time,5,standard,many_books,range_first8,20000,111,244,394,43071,0,0
time,5,standard,many_books,handle_hit,20000,47,67,122,22218,0,0
time,5,standard,many_books,index_update,20000,63,186,332,123452,0,0
time,5,standard,churn,price_hit,20000,111,150,208,17591,0,0
time,5,standard,churn,price_miss,20000,100,180,271,36436,0,0
time,5,standard,churn,best,20000,64,141,235,30899,0,0
time,5,standard,churn,range_first8,20000,132,231,369,71577,0,0
time,5,standard,churn,handle_hit,20000,66,96,121,64071,0,0
time,5,standard,churn,index_update,20000,302,621,1203,30732,0,0
time,5,standard,growth,index_update,20000,265,1993,3878,41133,0,0
time,5,standard,growth,block_growth_subset,313,2085,5836,8539,39972,0,0
time,5,standard,engine,intent_immediate,20000,1044,1967,20391,69997,0,0
time,5,standard,engine,intent_queued,20000,539,1122,4525,45096,0,0
time,5,standard,engine,ready_to_command,20000,890,1685,21198,101497,0,0
time,5,standard,engine,replace_report,20000,861,4018,20843,90597,0,0
time,5,standard,engine_growth,new_to_command,20000,1144,13195,30936,1692866,0,0
time,5,standard,burst64_period100000ns,fill_service,20000,867,2734,27035,45856,0,0
time,5,standard,burst64_period100000ns,scheduled_arrival_to_visible,20000,36789,227063,269622,280641,0,0
time,5,legacy,small,price_hit,20000,114,136,212,46051,0,0
time,5,legacy,small,price_miss,20000,111,188,438,22192,0,0
time,5,legacy,small,best,20000,102,178,421,351624,0,0
time,5,legacy,small,range_first8,20000,126,205,395,27141,0,0
time,5,legacy,small,index_update,20000,301,437,3446,134262,0,0
time,5,legacy,crowded,price_hit,20000,60,101,171,4488,0,0
time,5,legacy,crowded,price_miss,20000,60,181,340,33123,0,0
time,5,legacy,crowded,best,20000,60,196,449,37735,0,0
time,5,legacy,crowded,range_first8,20000,62,200,455,25535,0,0
time,5,legacy,crowded,index_update,20000,224,491,1024,58761,0,0
time,5,legacy,many_prices,price_hit,20000,136,295,635,37755,0,0
time,5,legacy,many_prices,price_miss,20000,87,246,536,35974,0,0
time,5,legacy,many_prices,best,20000,69,221,557,29523,0,0
time,5,legacy,many_prices,range_first8,20000,106,290,567,42196,0,0
time,5,legacy,many_prices,index_update,20000,535,1211,21890,143960,0,0
time,5,legacy,many_books,price_hit,20000,85,121,174,18610,0,0
time,5,legacy,many_books,price_miss,20000,66,143,240,32406,0,0
time,5,legacy,many_books,best,20000,64,141,266,32957,0,0
time,5,legacy,many_books,range_first8,20000,74,154,322,35163,0,0
time,5,legacy,many_books,index_update,20000,180,341,613,73113,0,0
time,5,legacy,churn,price_hit,20000,98,167,251,17231,0,0
time,5,legacy,churn,price_miss,20000,92,208,406,23337,0,0
time,5,legacy,churn,best,20000,66,166,277,32763,0,0
time,5,legacy,churn,range_first8,20000,98,237,423,127304,0,0
time,5,legacy,churn,index_update,20000,315,725,4038,778602,0,0
time,5,legacy,growth,index_update,20000,198,729,1478,709969,0,0
time,6,legacy,small,price_hit,20000,86,138,332,51556,0,0
time,6,legacy,small,price_miss,20000,80,217,405,10067,0,0
time,6,legacy,small,best,20000,73,221,346,32236,0,0
time,6,legacy,small,range_first8,20000,88,245,476,1440513,0,0
time,6,legacy,small,index_update,20000,255,473,1299,2048103,0,0
time,6,legacy,crowded,price_hit,20000,102,126,191,49527,0,0
time,6,legacy,crowded,price_miss,20000,102,249,567,55420,0,0
time,6,legacy,crowded,best,20000,99,260,605,36275,0,0
time,6,legacy,crowded,range_first8,20000,112,269,583,33372,0,0
time,6,legacy,crowded,index_update,20000,368,742,1617,36158,0,0
time,6,legacy,many_prices,price_hit,20000,220,555,1215,124921,0,0
time,6,legacy,many_prices,price_miss,20000,154,318,682,99677,0,0
time,6,legacy,many_prices,best,20000,111,280,614,162102,0,0
time,6,legacy,many_prices,range_first8,20000,210,397,792,2418562,0,0
time,6,legacy,many_prices,index_update,20000,852,1990,33606,136376,0,0
time,6,legacy,many_books,price_hit,20000,86,272,746,2048654,0,0
time,6,legacy,many_books,price_miss,20000,66,227,421,3805,0,0
time,6,legacy,many_books,best,20000,65,240,464,32256,0,0
time,6,legacy,many_books,range_first8,20000,74,281,560,7703,0,0
time,6,legacy,many_books,index_update,20000,187,544,1309,1324639,0,0
time,6,legacy,churn,price_hit,20000,98,144,188,48396,0,0
time,6,legacy,churn,price_miss,20000,90,156,301,48593,0,0
time,6,legacy,churn,best,20000,66,145,264,31808,0,0
time,6,legacy,churn,range_first8,20000,96,189,360,23741,0,0
time,6,legacy,churn,index_update,20000,307,677,1484,60726,0,0
time,6,legacy,growth,index_update,20000,194,784,2255,237930,0,0
time,6,standard,small,price_hit,20000,144,174,257,2120540,0,0
time,6,standard,small,price_miss,20000,128,212,485,124284,0,0
time,6,standard,small,best,20000,106,218,439,25575,0,0
time,6,standard,small,range_first8,20000,176,272,696,46297,0,0
time,6,standard,small,handle_hit,20000,63,119,257,181608,0,0
time,6,standard,small,index_update,20000,120,214,450,35968,0,0
time,6,standard,crowded,price_hit,20000,142,192,334,44740,0,0
time,6,standard,crowded,price_miss,20000,127,297,604,36190,0,0
time,6,standard,crowded,best,20000,110,267,568,25153,0,0
time,6,standard,crowded,range_first8,20000,149,315,608,36178,0,0
time,6,standard,crowded,handle_hit,20000,57,189,494,24784,0,0
time,6,standard,crowded,index_update,20000,220,711,4629,55855,0,0
time,6,standard,many_prices,price_hit,20000,274,638,955,75611,0,0
time,6,standard,many_prices,price_miss,20000,189,349,720,55766,0,0
time,6,standard,many_prices,best,20000,110,267,593,41422,0,0
time,6,standard,many_prices,range_first8,20000,305,480,839,26326,0,0
time,6,standard,many_prices,handle_hit,20000,138,202,551,41436,0,0
time,6,standard,many_prices,index_update,20000,223,699,1206,65886,0,0
time,6,standard,many_books,price_hit,20000,170,207,333,46310,0,0
time,6,standard,many_books,price_miss,20000,140,250,510,59972,0,0
time,6,standard,many_books,best,20000,110,235,516,39299,0,0
time,6,standard,many_books,range_first8,20000,227,346,588,41052,0,0
time,6,standard,many_books,handle_hit,20000,73,164,314,23377,0,0
time,6,standard,many_books,index_update,20000,128,273,604,39929,0,0
time,6,standard,churn,price_hit,20000,173,260,652,103269,0,0
time,6,standard,churn,price_miss,20000,161,247,392,35913,0,0
time,6,standard,churn,best,20000,105,196,274,94093,0,0
time,6,standard,churn,range_first8,20000,255,349,1076,1764756,0,0
time,6,standard,churn,handle_hit,20000,89,142,241,617363,0,0
time,6,standard,churn,index_update,20000,510,1029,6065,4584127,0,0
time,6,standard,growth,index_update,20000,267,1976,4581,142118,0,0
time,6,standard,growth,block_growth_subset,313,2069,3427,5403,5569,0,0
time,6,standard,engine,intent_immediate,20000,1070,2100,25293,163083,0,0
time,6,standard,engine,intent_queued,20000,573,1200,19271,224558,0,0
time,6,standard,engine,ready_to_command,20000,885,1847,29795,3047569,0,0
time,6,standard,engine,replace_report,20000,930,4178,29133,577911,0,0
time,6,standard,engine_growth,new_to_command,20000,1829,18842,56435,2099118,0,0
time,6,standard,burst64_period100000ns,fill_service,20000,878,3712,8156,48771,0,0
time,6,standard,burst64_period100000ns,scheduled_arrival_to_visible,20000,42901,997293,1065520,1086254,0,0
time,6,pooled,small,price_hit,20000,93,164,989,127233,0,0
time,6,pooled,small,price_miss,20000,86,239,620,26779,0,0
time,6,pooled,small,best,20000,64,225,466,46133,0,0
time,6,pooled,small,range_first8,20000,109,307,1091,78704,0,0
time,6,pooled,small,handle_hit,20000,45,169,240,42818,0,0
time,6,pooled,small,index_update,20000,59,229,566,41187,0,0
time,6,pooled,crowded,price_hit,20000,80,149,376,28298,0,0
time,6,pooled,crowded,price_miss,20000,74,268,620,45899,0,0
time,6,pooled,crowded,best,20000,65,259,639,91862,0,0
time,6,pooled,crowded,range_first8,20000,76,277,762,12016,0,0
time,6,pooled,crowded,handle_hit,20000,37,178,420,4049,0,0
time,6,pooled,crowded,index_update,20000,154,650,1245,25541,0,0
time,6,pooled,many_prices,price_hit,20000,389,909,5849,124129,0,0
time,6,pooled,many_prices,price_miss,20000,209,486,779,48280,0,0
time,6,pooled,many_prices,best,20000,89,273,585,32630,0,0
time,6,pooled,many_prices,range_first8,20000,285,651,1201,67809,0,0
time,6,pooled,many_prices,handle_hit,20000,139,294,595,57317,0,0
time,6,pooled,many_prices,index_update,20000,270,776,1376,120002,0,0
time,6,pooled,many_books,price_hit,20000,161,354,1033,52249,0,0
time,6,pooled,many_books,price_miss,20000,138,345,1013,48425,0,0
time,6,pooled,many_books,best,20000,87,256,605,48304,0,0
time,6,pooled,many_books,range_first8,20000,240,522,1149,51327,0,0
time,6,pooled,many_books,handle_hit,20000,67,189,534,34766,0,0
time,6,pooled,many_books,index_update,20000,130,358,976,36265,0,0
time,6,pooled,churn,price_hit,20000,165,315,535,74074,0,0
time,6,pooled,churn,price_miss,20000,153,349,699,193454,0,0
time,6,pooled,churn,best,20000,85,260,604,34176,0,0
time,6,pooled,churn,range_first8,20000,242,486,844,49353,0,0
time,6,pooled,churn,handle_hit,20000,93,194,530,31443,0,0
time,6,pooled,churn,index_update,20000,1214,1944,35783,101147,0,0
time,6,pooled,growth,index_update,20000,1284,5469,35510,134279,0,0
time,6,pooled,growth,block_growth_subset,313,5346,9260,33228,42863,0,0
time,6,pooled,engine,intent_immediate,20000,1069,2437,19895,107784,0,0
time,6,pooled,engine,intent_queued,20000,531,1427,5226,78850,0,0
time,6,pooled,engine,ready_to_command,20000,924,2013,21891,118054,0,0
time,6,pooled,engine,replace_report,20000,804,6050,21292,88708,0,0
time,6,pooled,engine_growth,new_to_command,20000,1587,17587,35712,1615604,0,0
time,6,pooled,burst64_period100000ns,fill_service,20000,641,2538,18890,79825,0,0
time,6,pooled,burst64_period100000ns,scheduled_arrival_to_visible,20000,27024,152107,196449,208686,0,0
time,6,adaptive,small,price_hit,20000,89,130,181,381166,0,0
time,6,adaptive,small,price_miss,20000,71,157,250,110944,0,0
time,6,adaptive,small,best,20000,64,153,227,32265,0,0
time,6,adaptive,small,range_first8,20000,84,211,422,3907,0,0
time,6,adaptive,small,handle_hit,20000,46,66,120,4870,0,0
time,6,adaptive,small,index_update,20000,56,189,459,17450,0,0
time,6,adaptive,crowded,price_hit,20000,80,110,183,21979,0,0
time,6,adaptive,crowded,price_miss,20000,70,221,502,30073,0,0
time,6,adaptive,crowded,best,20000,64,229,555,17821,0,0
time,6,adaptive,crowded,range_first8,20000,79,246,580,61516,0,0
time,6,adaptive,crowded,handle_hit,20000,38,53,119,6061,0,0
time,6,adaptive,crowded,index_update,20000,94,495,729,31331,0,0
time,6,adaptive,many_prices,price_hit,20000,159,306,580,30870,0,0
time,6,adaptive,many_prices,price_miss,20000,94,250,600,36940,0,0
time,6,adaptive,many_prices,best,20000,64,216,541,20975,0,0
time,6,adaptive,many_prices,range_first8,20000,143,298,605,31771,0,0
time,6,adaptive,many_prices,handle_hit,20000,85,113,137,21875,0,0
time,6,adaptive,many_prices,index_update,20000,94,379,585,19375,0,0
time,6,adaptive,many_books,price_hit,20000,105,131,256,18878,0,0
time,6,adaptive,many_books,price_miss,20000,74,104,246,105421,0,0
time,6,adaptive,many_books,best,20000,64,81,214,4644,0,0
time,6,adaptive,many_books,range_first8,20000,100,160,281,31535,0,0
time,6,adaptive,many_books,handle_hit,20000,50,63,86,50800,0,0
time,6,adaptive,many_books,index_update,20000,62,145,246,20167,0,0
time,6,adaptive,churn,price_hit,20000,108,129,157,16607,0,0
time,6,adaptive,churn,price_miss,20000,90,111,224,32960,0,0
time,6,adaptive,churn,best,20000,66,85,206,27038,0,0
time,6,adaptive,churn,range_first8,20000,116,153,267,28317,0,0
time,6,adaptive,churn,handle_hit,20000,59,69,85,17890,0,0
time,6,adaptive,churn,index_update,20000,202,277,554,82924,0,0
time,6,adaptive,growth,index_update,20000,322,1985,5126,188785,0,0
time,6,adaptive,growth,block_growth_subset,313,2043,4867,6590,34306,0,0
time,6,adaptive,engine,intent_immediate,20000,1040,1929,25760,83011,0,0
time,6,adaptive,engine,intent_queued,20000,538,1150,19057,136972,0,0
time,6,adaptive,engine,ready_to_command,20000,886,1728,20316,82166,0,0
time,6,adaptive,engine,replace_report,20000,840,3741,21571,149173,0,0
time,6,adaptive,engine_growth,new_to_command,20000,1187,13233,36017,1886093,0,0
time,6,adaptive,burst64_period100000ns,fill_service,20000,640,2490,5193,40828,0,0
time,6,adaptive,burst64_period100000ns,scheduled_arrival_to_visible,20000,28093,197607,237502,247246,0,0
time,7,adaptive,small,price_hit,20000,91,142,243,31979,0,0
time,7,adaptive,small,price_miss,20000,74,159,261,17705,0,0
time,7,adaptive,small,best,20000,66,146,237,103278,0,0
time,7,adaptive,small,range_first8,20000,86,211,357,21655,0,0
time,7,adaptive,small,handle_hit,20000,46,69,167,18291,0,0
time,7,adaptive,small,index_update,20000,56,192,415,49340,0,0
time,7,adaptive,crowded,price_hit,20000,82,130,249,22820,0,0
time,7,adaptive,crowded,price_miss,20000,72,235,552,30339,0,0
time,7,adaptive,crowded,best,20000,66,236,541,4588,0,0
time,7,adaptive,crowded,range_first8,20000,81,248,567,22894,0,0
time,7,adaptive,crowded,handle_hit,20000,38,63,202,27354,0,0
time,7,adaptive,crowded,index_update,20000,97,493,751,39835,0,0
time,7,adaptive,many_prices,price_hit,20000,169,381,690,41856,0,0
time,7,adaptive,many_prices,price_miss,20000,97,274,575,24285,0,0
time,7,adaptive,many_prices,best,20000,66,230,549,24025,0,0
time,7,adaptive,many_prices,range_first8,20000,145,368,698,28692,0,0
time,7,adaptive,many_prices,handle_hit,20000,84,140,226,32122,0,0
time,7,adaptive,many_prices,index_update,20000,101,483,760,19284,0,0
time,7,adaptive,many_books,price_hit,20000,106,183,373,35015,0,0
time,7,adaptive,many_books,price_miss,20000,74,220,475,23024,0,0
time,7,adaptive,many_books,best,20000,64,201,275,30255,0,0
time,7,adaptive,many_books,range_first8,20000,101,263,460,25823,0,0
time,7,adaptive,many_books,handle_hit,20000,51,93,239,42441,0,0
time,7,adaptive,many_books,index_update,20000,62,242,445,1015,0,0
time,7,adaptive,churn,price_hit,20000,105,158,246,25716,0,0
time,7,adaptive,churn,price_miss,20000,88,174,318,61279,0,0
time,7,adaptive,churn,best,20000,64,171,272,30752,0,0
time,7,adaptive,churn,range_first8,20000,114,248,370,19781,0,0
time,7,adaptive,churn,handle_hit,20000,59,78,177,31579,0,0
time,7,adaptive,churn,index_update,20000,204,362,1212,111355,0,0
time,7,adaptive,growth,index_update,20000,321,2015,5077,41592,0,0
time,7,adaptive,growth,block_growth_subset,313,2127,6440,7806,36522,0,0
time,7,adaptive,engine,intent_immediate,20000,1075,2120,21253,107813,0,0
time,7,adaptive,engine,intent_queued,20000,574,1243,6489,58682,0,0
time,7,adaptive,engine,ready_to_command,20000,894,1813,25173,90927,0,0
time,7,adaptive,engine,replace_report,20000,924,4455,25832,63039,0,0
time,7,adaptive,engine_growth,new_to_command,20000,1197,13304,36506,1768204,0,0
time,7,adaptive,burst64_period100000ns,fill_service,20000,707,2775,35686,182883,0,0
time,7,adaptive,burst64_period100000ns,scheduled_arrival_to_visible,20000,33908,321925,359566,376074,0,0
time,7,pooled,small,price_hit,20000,93,149,298,52192,0,0
time,7,pooled,small,price_miss,20000,88,224,475,19536,0,0
time,7,pooled,small,best,20000,66,197,355,27513,0,0
time,7,pooled,small,range_first8,20000,108,258,594,78027,0,0
time,7,pooled,small,handle_hit,20000,44,80,190,47453,0,0
time,7,pooled,small,index_update,20000,58,198,400,47035,0,0
time,7,pooled,crowded,price_hit,20000,81,149,413,90569,0,0
time,7,pooled,crowded,price_miss,20000,75,294,630,58461,0,0
time,7,pooled,crowded,best,20000,66,273,578,104019,0,0
time,7,pooled,crowded,range_first8,20000,77,295,700,120755,0,0
time,7,pooled,crowded,handle_hit,20000,36,174,325,5310,0,0
time,7,pooled,crowded,index_update,20000,220,797,16791,276058,0,0
time,7,pooled,many_prices,price_hit,20000,404,1314,21201,376112,0,0
time,7,pooled,many_prices,price_miss,20000,170,401,1252,157225,0,0
time,7,pooled,many_prices,best,20000,67,263,555,90827,0,0
time,7,pooled,many_prices,range_first8,20000,216,522,4005,112235,0,0
time,7,pooled,many_prices,handle_hit,20000,119,202,577,46264,0,0
time,7,pooled,many_prices,index_update,20000,282,838,1944,1045226,0,0
time,7,pooled,many_books,price_hit,20000,172,373,760,36072,0,0
time,7,pooled,many_books,price_miss,20000,152,360,668,52954,0,0
time,7,pooled,many_books,best,20000,104,273,578,30650,0,0
time,7,pooled,many_books,range_first8,20000,262,582,6554,53369,0,0
time,7,pooled,many_books,handle_hit,20000,73,198,520,73731,0,0
time,7,pooled,many_books,index_update,20000,144,422,736,37225,0,0
time,7,pooled,churn,price_hit,20000,188,290,672,58314,0,0
time,7,pooled,churn,price_miss,20000,179,329,662,80579,0,0
time,7,pooled,churn,best,20000,108,263,573,27224,0,0
time,7,pooled,churn,range_first8,20000,288,474,1254,54578,0,0
time,7,pooled,churn,handle_hit,20000,100,193,514,57163,0,0
time,7,pooled,churn,index_update,20000,1424,1787,33896,128611,0,0
time,7,pooled,growth,index_update,20000,1036,4639,25027,123633,0,0
time,7,pooled,growth,block_growth_subset,313,4549,11316,30630,38044,0,0
time,7,pooled,engine,intent_immediate,20000,1082,1905,20673,2259943,0,0
time,7,pooled,engine,intent_queued,20000,548,1170,5446,41380,0,0
time,7,pooled,engine,ready_to_command,20000,919,1666,21187,1733611,0,0
time,7,pooled,engine,replace_report,20000,903,4155,24868,638142,0,0
time,7,pooled,engine_growth,new_to_command,20000,1702,18761,41404,2750909,0,0
time,7,pooled,burst64_period100000ns,fill_service,20000,659,3325,20632,120608,0,0
time,7,pooled,burst64_period100000ns,scheduled_arrival_to_visible,20000,31247,409293,455226,465658,0,0
time,7,standard,small,price_hit,20000,88,110,154,22817,0,0
time,7,standard,small,price_miss,20000,72,157,246,6851,0,0
time,7,standard,small,best,20000,66,149,244,560133,0,0
time,7,standard,small,range_first8,20000,86,173,276,36138,0,0
time,7,standard,small,handle_hit,20000,43,55,77,17612,0,0
time,7,standard,small,index_update,20000,57,148,313,3836,0,0
time,7,standard,crowded,price_hit,20000,76,117,172,25589,0,0
time,7,standard,crowded,price_miss,20000,69,233,574,68010,0,0
time,7,standard,crowded,best,20000,64,217,494,5339,0,0
time,7,standard,crowded,range_first8,20000,78,250,540,26325,0,0
time,7,standard,crowded,handle_hit,20000,34,52,182,25530,0,0
time,7,standard,crowded,index_update,20000,130,567,772,39268,0,0
time,7,standard,many_prices,price_hit,20000,181,521,1032,38326,0,0
time,7,standard,many_prices,price_miss,20000,98,281,572,24051,0,0
time,7,standard,many_prices,best,20000,64,239,585,20262,0,0
time,7,standard,many_prices,range_first8,20000,142,367,698,35529,0,0
time,7,standard,many_prices,handle_hit,20000,85,147,296,39980,0,0
time,7,standard,many_prices,index_update,20000,149,581,924,27537,0,0
time,7,standard,many_books,price_hit,20000,107,157,271,19639,0,0
time,7,standard,many_books,price_miss,20000,73,157,266,4180,0,0
time,7,standard,many_books,best,20000,64,151,234,33252,0,0
time,7,standard,many_books,range_first8,20000,110,225,464,50457,0,0
time,7,standard,many_books,handle_hit,20000,49,69,177,3925,0,0
time,7,standard,many_books,index_update,20000,63,211,449,24099,0,0
time,7,standard,churn,price_hit,20000,112,174,240,18999,0,0
time,7,standard,churn,price_miss,20000,100,187,274,3943,0,0
time,7,standard,churn,best,20000,64,149,260,34975,0,0
time,7,standard,churn,range_first8,20000,133,268,457,106650,0,0
time,7,standard,churn,handle_hit,20000,65,99,137,33412,0,0
time,7,standard,churn,index_update,20000,303,646,1172,41861,0,0
time,7,standard,growth,index_update,20000,262,1890,2948,38183,0,0
time,7,standard,growth,block_growth_subset,313,1993,3810,4622,7719,0,0
time,7,standard,engine,intent_immediate,20000,1033,1783,20699,66695,0,0
time,7,standard,engine,intent_queued,20000,530,1075,4447,35176,0,0
time,7,standard,engine,ready_to_command,20000,885,1544,16782,54720,0,0
time,7,standard,engine,replace_report,20000,848,3520,19416,50173,0,0
time,7,standard,engine_growth,new_to_command,20000,1134,12812,29113,1643499,0,0
time,7,standard,burst64_period100000ns,fill_service,20000,930,2588,33938,2961788,0,0
time,7,standard,burst64_period100000ns,scheduled_arrival_to_visible,20000,3055613,6808201,6847033,6855318,0,0
time,7,legacy,small,price_hit,20000,116,145,230,28709,0,0
time,7,legacy,small,price_miss,20000,110,252,520,28903,0,0
time,7,legacy,small,best,20000,101,250,509,29912,0,0
time,7,legacy,small,range_first8,20000,126,280,567,53697,0,0
time,7,legacy,small,index_update,20000,340,514,1189,50151,0,0
time,7,legacy,crowded,price_hit,20000,106,131,210,54164,0,0
time,7,legacy,crowded,price_miss,20000,105,259,586,32775,0,0
time,7,legacy,crowded,best,20000,101,257,578,34622,0,0
time,7,legacy,crowded,range_first8,20000,114,270,571,8663,0,0
time,7,legacy,crowded,index_update,20000,368,766,5034,54169,0,0
time,7,legacy,many_prices,price_hit,20000,214,398,696,244509,0,0
time,7,legacy,many_prices,price_miss,20000,171,323,700,44275,0,0
time,7,legacy,many_prices,best,20000,113,277,608,61295,0,0
time,7,legacy,many_prices,range_first8,20000,215,382,728,121387,0,0
time,7,legacy,many_prices,index_update,20000,794,1752,36087,113064,0,0
time,7,legacy,many_books,price_hit,20000,85,175,394,170665,0,0
time,7,legacy,many_books,price_miss,20000,66,194,372,18740,0,0
time,7,legacy,many_books,best,20000,64,198,337,36720,0,0
time,7,legacy,many_books,range_first8,20000,74,220,421,224505,0,0
time,7,legacy,many_books,index_update,20000,182,430,945,317969,0,0
time,7,legacy,churn,price_hit,20000,98,164,324,33309,0,0
time,7,legacy,churn,price_miss,20000,91,181,324,20366,0,0
time,7,legacy,churn,best,20000,66,194,476,342987,0,0
time,7,legacy,churn,range_first8,20000,97,235,558,96896,0,0
time,7,legacy,churn,index_update,20000,316,793,4962,305554,0,0
time,7,legacy,growth,index_update,20000,196,740,1653,262684,0,0
time,8,legacy,small,price_hit,20000,75,109,144,42717,0,0
time,8,legacy,small,price_miss,20000,62,153,352,30871,0,0
time,8,legacy,small,best,20000,60,146,274,23184,0,0
time,8,legacy,small,range_first8,20000,66,158,361,18207,0,0
time,8,legacy,small,index_update,20000,163,329,602,31401,0,0
time,8,legacy,crowded,price_hit,20000,60,109,167,975,0,0
time,8,legacy,crowded,price_miss,20000,60,217,512,318578,0,0
time,8,legacy,crowded,best,20000,60,197,506,28577,0,0
time,8,legacy,crowded,range_first8,20000,62,212,536,26340,0,0
time,8,legacy,crowded,index_update,20000,227,527,1060,25709,0,0
time,8,legacy,many_prices,price_hit,20000,139,433,1016,521539,0,0
time,8,legacy,many_prices,price_miss,20000,87,273,596,26480,0,0
time,8,legacy,many_prices,best,20000,69,243,567,213031,0,0
time,8,legacy,many_prices,range_first8,20000,107,339,660,36741,0,0
time,8,legacy,many_prices,index_update,20000,562,1426,22116,489866,0,0
time,8,legacy,many_books,price_hit,20000,85,120,178,18909,0,0
time,8,legacy,many_books,price_miss,20000,66,149,262,4314,0,0
time,8,legacy,many_books,best,20000,64,143,259,23041,0,0
time,8,legacy,many_books,range_first8,20000,74,155,243,24645,0,0
time,8,legacy,many_books,index_update,20000,181,330,625,41920,0,0
time,8,legacy,churn,price_hit,20000,122,183,272,30549,0,0
time,8,legacy,churn,price_miss,20000,115,282,594,31756,0,0
time,8,legacy,churn,best,20000,82,251,572,46880,0,0
time,8,legacy,churn,range_first8,20000,136,318,612,55741,0,0
time,8,legacy,churn,index_update,20000,434,880,5442,72601,0,0
time,8,legacy,growth,index_update,20000,290,987,2288,52917,0,0
time,8,standard,small,price_hit,20000,116,165,220,116247,0,0
time,8,standard,small,price_miss,20000,103,268,599,45102,0,0
time,8,standard,small,best,20000,87,249,561,30055,0,0
time,8,standard,small,range_first8,20000,136,305,634,45817,0,0
time,8,standard,small,handle_hit,20000,54,188,476,28919,0,0
time,8,standard,small,index_update,20000,90,255,575,4686,0,0
time,8,standard,crowded,price_hit,20000,103,164,272,44793,0,0
time,8,standard,crowded,price_miss,20000,96,260,567,44139,0,0
time,8,standard,crowded,best,20000,84,262,580,34183,0,0
time,8,standard,crowded,range_first8,20000,113,295,578,52627,0,0
time,8,standard,crowded,handle_hit,20000,44,189,488,30600,0,0
time,8,standard,crowded,index_update,20000,226,690,1157,44709,0,0
time,8,standard,many_prices,price_hit,20000,295,727,4980,68224,0,0
time,8,standard,many_prices,price_miss,20000,143,325,652,52068,0,0
time,8,standard,many_prices,best,20000,86,269,582,77379,0,0
time,8,standard,many_prices,range_first8,20000,215,450,815,46632,0,0
time,8,standard,many_prices,handle_hit,20000,114,202,521,33095,0,0
time,8,standard,many_prices,index_update,20000,287,755,1059,151292,0,0
time,8,standard,many_books,price_hit,20000,113,234,466,81095,0,0
time,8,standard,many_books,price_miss,20000,75,249,563,37875,0,0
time,8,standard,many_books,best,20000,65,229,489,49450,0,0
time,8,standard,many_books,range_first8,20000,115,340,726,118266,0,0
time,8,standard,many_books,handle_hit,20000,52,170,440,33298,0,0
time,8,standard,many_books,index_update,20000,78,390,674,41281,0,0
time,8,standard,churn,price_hit,20000,112,145,201,38659,0,0
time,8,standard,churn,price_miss,20000,100,183,348,19599,0,0
time,8,standard,churn,best,20000,64,143,232,4771,0,0
time,8,standard,churn,range_first8,20000,132,223,371,49100,0,0
time,8,standard,churn,handle_hit,20000,65,94,113,3963,0,0
time,8,standard,churn,index_update,20000,301,591,1008,30530,0,0
time,8,standard,growth,index_update,20000,261,2012,4202,45304,0,0
time,8,standard,growth,block_growth_subset,313,2114,4202,5803,9107,0,0
time,8,standard,engine,intent_immediate,20000,1183,2658,26884,55640,0,0
time,8,standard,engine,intent_queued,20000,671,1471,4978,41380,0,0
time,8,standard,engine,ready_to_command,20000,981,2322,29073,97463,0,0
time,8,standard,engine,replace_report,20000,1107,4914,32678,402610,0,0
time,8,standard,engine_growth,new_to_command,20000,1138,12887,30866,1668288,0,0
time,8,standard,burst64_period100000ns,fill_service,20000,637,2440,18633,38339,0,0
time,8,standard,burst64_period100000ns,scheduled_arrival_to_visible,20000,26824,141394,188213,212574,0,0
time,8,pooled,small,price_hit,20000,88,111,126,17804,0,0
time,8,pooled,small,price_miss,20000,86,105,218,18338,0,0
time,8,pooled,small,best,20000,64,67,200,27811,0,0
time,8,pooled,small,range_first8,20000,106,152,382,17955,0,0
time,8,pooled,small,handle_hit,20000,43,57,74,3765,0,0
time,8,pooled,small,index_update,20000,58,143,293,16283,0,0
time,8,pooled,crowded,price_hit,20000,78,97,130,18052,0,0
time,8,pooled,crowded,price_miss,20000,73,257,572,19262,0,0
time,8,pooled,crowded,best,20000,64,243,573,18210,0,0
time,8,pooled,crowded,range_first8,20000,77,248,565,19655,0,0
time,8,pooled,crowded,handle_hit,20000,35,40,73,17938,0,0
time,8,pooled,crowded,index_update,20000,88,540,804,32317,0,0
time,8,pooled,many_prices,price_hit,20000,283,834,4186,66252,0,0
time,8,pooled,many_prices,price_miss,20000,160,353,648,38337,0,0
time,8,pooled,many_prices,best,20000,64,257,561,44413,0,0
time,8,pooled,many_prices,range_first8,20000,204,406,813,35141,0,0
time,8,pooled,many_prices,handle_hit,20000,113,137,213,51912,0,0
time,8,pooled,many_prices,index_update,20000,205,686,1134,47529,0,0
time,8,pooled,many_books,price_hit,20000,117,151,296,20699,0,0
time,8,pooled,many_books,price_miss,20000,102,129,300,32408,0,0
time,8,pooled,many_books,best,20000,64,83,262,62898,0,0
time,8,pooled,many_books,range_first8,20000,168,263,655,25133,0,0
time,8,pooled,many_books,handle_hit,20000,55,73,85,37000,0,0
time,8,pooled,many_books,index_update,20000,63,188,457,32508,0,0
time,8,pooled,churn,price_hit,20000,126,157,237,33469,0,0
time,8,pooled,churn,price_miss,20000,122,190,291,18349,0,0
time,8,pooled,churn,best,20000,64,84,222,45332,0,0
time,8,pooled,churn,range_first8,20000,176,268,371,101569,0,0
time,8,pooled,churn,handle_hit,20000,78,102,114,148,0,0
time,8,pooled,churn,index_update,20000,831,1006,18151,32535,0,0
time,8,pooled,growth,index_update,20000,863,4053,19310,55203,0,0
time,8,pooled,growth,block_growth_subset,313,4061,9046,22934,45935,0,0
time,8,pooled,engine,intent_immediate,20000,1069,2174,24146,854884,0,0
time,8,pooled,engine,intent_queued,20000,545,1167,18550,192064,0,0
time,8,pooled,engine,ready_to_command,20000,916,1820,21771,1050627,0,0
time,8,pooled,engine,replace_report,20000,896,4048,22220,84011,0,0
time,8,pooled,engine_growth,new_to_command,20000,1749,22047,60849,1760135,0,0
time,8,pooled,burst64_period100000ns,fill_service,20000,757,3546,29825,54608,0,0
time,8,pooled,burst64_period100000ns,scheduled_arrival_to_visible,20000,40378,477566,543117,572710,0,0
time,8,adaptive,small,price_hit,20000,89,157,292,31137,0,0
time,8,adaptive,small,price_miss,20000,72,199,296,33625,0,0
time,8,adaptive,small,best,20000,64,192,269,38786,0,0
time,8,adaptive,small,range_first8,20000,86,232,498,45924,0,0
time,8,adaptive,small,handle_hit,20000,46,90,184,37351,0,0
time,8,adaptive,small,index_update,20000,56,204,473,1443339,0,0
time,8,adaptive,crowded,price_hit,20000,80,148,272,36333,0,0
time,8,adaptive,crowded,price_miss,20000,70,277,591,7300,0,0
time,8,adaptive,crowded,best,20000,64,253,568,31915,0,0
time,8,adaptive,crowded,range_first8,20000,80,286,640,34334,0,0
time,8,adaptive,crowded,handle_hit,20000,36,137,265,5798,0,0
time,8,adaptive,crowded,index_update,20000,159,623,1170,28492,0,0
time,8,adaptive,many_prices,price_hit,20000,169,474,806,41007,0,0
time,8,adaptive,many_prices,price_miss,20000,94,285,599,20398,0,0
time,8,adaptive,many_prices,best,20000,64,233,547,20343,0,0
time,8,adaptive,many_prices,range_first8,20000,143,356,674,39376,0,0
time,8,adaptive,many_prices,handle_hit,20000,85,135,222,20658,0,0
time,8,adaptive,many_prices,index_update,20000,118,538,789,24863,0,0
time,8,adaptive,many_books,price_hit,20000,107,169,290,59244,0,0
time,8,adaptive,many_books,price_miss,20000,75,171,258,30532,0,0
time,8,adaptive,many_books,best,20000,64,156,264,47912,0,0
time,8,adaptive,many_books,range_first8,20000,102,250,414,20182,0,0
time,8,adaptive,many_books,handle_hit,20000,51,74,167,1620,0,0
time,8,adaptive,many_books,index_update,20000,63,221,463,38407,0,0
time,8,adaptive,churn,price_hit,20000,105,165,266,31190,0,0
time,8,adaptive,churn,price_miss,20000,88,212,406,17209,0,0
time,8,adaptive,churn,best,20000,64,173,264,178013,0,0
time,8,adaptive,churn,range_first8,20000,115,254,375,146421,0,0
time,8,adaptive,churn,handle_hit,20000,59,78,171,29826,0,0
time,8,adaptive,churn,index_update,20000,202,374,684,32933,0,0
time,8,adaptive,growth,index_update,20000,324,2133,3607,55508,0,0
time,8,adaptive,growth,block_growth_subset,313,2285,4743,33062,40919,0,0
time,8,adaptive,engine,intent_immediate,20000,1050,2075,20212,103132,0,0
time,8,adaptive,engine,intent_queued,20000,558,1179,4675,52302,0,0
time,8,adaptive,engine,ready_to_command,20000,884,1782,21015,106018,0,0
time,8,adaptive,engine,replace_report,20000,892,3987,24924,145662,0,0
time,8,adaptive,engine_growth,new_to_command,20000,1190,12957,36755,1667984,0,0
time,8,adaptive,burst64_period100000ns,fill_service,20000,660,2520,19041,54488,0,0
time,8,adaptive,burst64_period100000ns,scheduled_arrival_to_visible,20000,27674,176318,218298,251884,0,0
time,9,adaptive,small,price_hit,20000,89,148,235,9504,0,0
time,9,adaptive,small,price_miss,20000,72,201,329,36219,0,0
time,9,adaptive,small,best,20000,63,173,294,51867,0,0
time,9,adaptive,small,range_first8,20000,84,231,432,21671,0,0
time,9,adaptive,small,handle_hit,20000,46,76,194,22082,0,0
time,9,adaptive,small,index_update,20000,56,200,392,21609,0,0
time,9,adaptive,crowded,price_hit,20000,79,124,217,5149,0,0
time,9,adaptive,crowded,price_miss,20000,70,240,582,19162,0,0
time,9,adaptive,crowded,best,20000,64,235,540,1126,0,0
time,9,adaptive,crowded,range_first8,20000,79,249,571,37311,0,0
time,9,adaptive,crowded,handle_hit,20000,36,60,179,496,0,0
time,9,adaptive,crowded,index_update,20000,93,491,781,35455,0,0
time,9,adaptive,many_prices,price_hit,20000,160,342,685,55500,0,0
time,9,adaptive,many_prices,price_miss,20000,94,266,587,4641,0,0
time,9,adaptive,many_prices,best,20000,64,234,538,19226,0,0
time,9,adaptive,many_prices,range_first8,20000,143,320,635,58231,0,0
time,9,adaptive,many_prices,handle_hit,20000,83,112,148,19868,0,0
time,9,adaptive,many_prices,index_update,20000,97,448,651,4792,0,0
time,9,adaptive,many_books,price_hit,20000,105,128,154,32466,0,0
time,9,adaptive,many_books,price_miss,20000,74,96,227,21405,0,0
time,9,adaptive,many_books,best,20000,64,79,206,31067,0,0
time,9,adaptive,many_books,range_first8,20000,100,125,268,33983,0,0
time,9,adaptive,many_books,handle_hit,20000,50,62,74,144,0,0
time,9,adaptive,many_books,index_update,20000,61,132,223,18517,0,0
time,9,adaptive,churn,price_hit,20000,105,134,225,17985,0,0
time,9,adaptive,churn,price_miss,20000,88,122,241,21503,0,0
time,9,adaptive,churn,best,20000,64,86,213,43536,0,0
time,9,adaptive,churn,range_first8,20000,114,168,261,17981,0,0
time,9,adaptive,churn,handle_hit,20000,59,70,98,30699,0,0
time,9,adaptive,churn,index_update,20000,200,296,1222,49111,0,0
time,9,adaptive,growth,index_update,20000,326,2073,4886,43962,0,0
time,9,adaptive,growth,block_growth_subset,313,2134,4926,29272,41547,0,0
time,9,adaptive,engine,intent_immediate,20000,1905,2644,28486,758508,0,0
time,9,adaptive,engine,intent_queued,20000,880,1474,23716,61248,0,0
time,9,adaptive,engine,ready_to_command,20000,1676,2406,27128,94316,0,0
time,9,adaptive,engine,replace_report,20000,1400,4845,30021,197749,0,0
time,9,adaptive,engine_growth,new_to_command,20000,1086,12638,28439,1630361,0,0
time,9,adaptive,burst64_period100000ns,fill_service,20000,644,2658,18931,88616,0,0
time,9,adaptive,burst64_period100000ns,scheduled_arrival_to_visible,20000,29208,210147,259207,276222,0,0
time,9,pooled,small,price_hit,20000,88,111,126,25635,0,0
time,9,pooled,small,price_miss,20000,86,106,235,17475,0,0
time,9,pooled,small,best,20000,64,67,201,51534,0,0
time,9,pooled,small,range_first8,20000,108,210,293,17633,0,0
time,9,pooled,small,handle_hit,20000,44,59,78,17540,0,0
time,9,pooled,small,index_update,20000,58,149,250,17354,0,0
time,9,pooled,crowded,price_hit,20000,80,99,144,130222,0,0
time,9,pooled,crowded,price_miss,20000,73,240,557,24128,0,0
time,9,pooled,crowded,best,20000,64,219,516,4793,0,0
time,9,pooled,crowded,range_first8,20000,75,236,558,17921,0,0
time,9,pooled,crowded,handle_hit,20000,36,41,84,31158,0,0
time,9,pooled,crowded,index_update,20000,88,482,689,32894,0,0
time,9,pooled,many_prices,price_hit,20000,220,543,854,38083,0,0
time,9,pooled,many_prices,price_miss,20000,163,328,672,34670,0,0
time,9,pooled,many_prices,best,20000,64,219,509,52786,0,0
time,9,pooled,many_prices,range_first8,20000,205,363,704,22400,0,0
time,9,pooled,many_prices,handle_hit,20000,115,131,202,21267,0,0
time,9,pooled,many_prices,index_update,20000,95,487,718,18748,0,0
time,9,pooled,many_books,price_hit,20000,118,155,276,30909,0,0
time,9,pooled,many_books,price_miss,20000,102,142,273,19675,0,0
time,9,pooled,many_books,best,20000,64,95,214,4114,0,0
time,9,pooled,many_books,range_first8,20000,169,251,411,20812,0,0
time,9,pooled,many_books,handle_hit,20000,55,73,105,18414,0,0
time,9,pooled,many_books,index_update,20000,64,148,307,31425,0,0
time,9,pooled,churn,price_hit,20000,126,198,274,7577,0,0
time,9,pooled,churn,price_miss,20000,122,244,337,30600,0,0
time,9,pooled,churn,best,20000,64,183,328,37513,0,0
time,9,pooled,churn,range_first8,20000,179,324,618,27065,0,0
time,9,pooled,churn,handle_hit,20000,79,113,183,19345,0,0
time,9,pooled,churn,index_update,20000,835,1379,17977,59093,0,0
time,9,pooled,growth,index_update,20000,883,4159,18607,34648,0,0
time,9,pooled,growth,block_growth_subset,313,4180,7734,9890,22303,0,0
time,9,pooled,engine,intent_immediate,20000,1054,1684,18459,38129,0,0
time,9,pooled,engine,intent_queued,20000,522,1045,1998,267775,0,0
time,9,pooled,engine,ready_to_command,20000,913,1477,19152,34593,0,0
time,9,pooled,engine,replace_report,20000,789,4113,20052,683235,0,0
time,9,pooled,engine_growth,new_to_command,20000,1623,17473,33465,1813409,0,0
time,9,pooled,burst64_period100000ns,fill_service,20000,990,2618,31187,64206,0,0
time,9,pooled,burst64_period100000ns,scheduled_arrival_to_visible,20000,40825,155642,198299,212170,0,0
time,9,standard,small,price_hit,20000,132,170,411,25171,0,0
time,9,standard,small,price_miss,20000,120,273,968,29230,0,0
time,9,standard,small,best,20000,97,249,591,63872,0,0
time,9,standard,small,range_first8,20000,164,332,1051,32506,0,0
time,9,standard,small,handle_hit,20000,60,184,513,6110,0,0
time,9,standard,small,index_update,20000,104,261,977,39228,0,0
time,9,standard,crowded,price_hit,20000,135,163,275,41337,0,0
time,9,standard,crowded,price_miss,20000,130,307,635,24647,0,0
time,9,standard,crowded,best,20000,115,276,588,28472,0,0
time,9,standard,crowded,range_first8,20000,152,323,771,40905,0,0
time,9,standard,crowded,handle_hit,20000,53,209,519,28526,0,0
time,9,standard,crowded,index_update,20000,203,664,1012,42165,0,0
time,9,standard,many_prices,price_hit,20000,171,442,712,32558,0,0
time,9,standard,many_prices,price_miss,20000,98,335,611,55806,0,0
time,9,standard,many_prices,best,20000,65,249,557,20143,0,0
time,9,standard,many_prices,range_first8,20000,144,434,665,22042,0,0
time,9,standard,many_prices,handle_hit,20000,87,170,363,22689,0,0
time,9,standard,many_prices,index_update,20000,105,489,744,29252,0,0
time,9,standard,many_books,price_hit,20000,107,129,151,19175,0,0
time,9,standard,many_books,price_miss,20000,73,94,224,19391,0,0
time,9,standard,many_books,best,20000,64,83,210,27593,0,0
time,9,standard,many_books,range_first8,20000,110,157,306,19001,0,0
time,9,standard,many_books,handle_hit,20000,49,60,68,17824,0,0
time,9,standard,many_books,index_update,20000,62,147,310,45947,0,0
time,9,standard,churn,price_hit,20000,112,182,317,17596,0,0
time,9,standard,churn,price_miss,20000,100,189,374,596159,0,0
time,9,standard,churn,best,20000,64,148,372,30538,0,0
time,9,standard,churn,range_first8,20000,133,271,649,145649,0,0
time,9,standard,churn,handle_hit,20000,65,101,174,1447161,0,0
time,9,standard,churn,index_update,20000,304,702,2172,162477,0,0
time,9,standard,growth,index_update,20000,267,2109,5370,49223,0,0
time,9,standard,growth,block_growth_subset,313,2203,5384,8765,9174,0,0
time,9,standard,engine,intent_immediate,20000,1047,2092,24958,103823,0,0
time,9,standard,engine,intent_queued,20000,550,1207,13799,131555,0,0
time,9,standard,engine,ready_to_command,20000,882,1766,20530,616166,0,0
time,9,standard,engine,replace_report,20000,893,4136,23432,1503557,0,0
time,9,standard,engine_growth,new_to_command,20000,1151,12983,28341,1710457,0,0
time,9,standard,burst64_period100000ns,fill_service,20000,681,2777,20939,57790,0,0
time,9,standard,burst64_period100000ns,scheduled_arrival_to_visible,20000,30368,214440,263558,286051,0,0
time,9,legacy,small,price_hit,20000,75,94,158,18584,0,0
time,9,legacy,small,price_miss,20000,62,100,222,17882,0,0
time,9,legacy,small,best,20000,60,86,220,21058,0,0
time,9,legacy,small,range_first8,20000,66,139,260,21221,0,0
time,9,legacy,small,index_update,20000,163,297,608,101175,0,0
time,9,legacy,crowded,price_hit,20000,60,99,149,34369,0,0
time,9,legacy,crowded,price_miss,20000,60,182,487,60945,0,0
time,9,legacy,crowded,best,20000,60,207,422,17816,0,0
time,9,legacy,crowded,range_first8,20000,62,201,412,19319,0,0
time,9,legacy,crowded,index_update,20000,226,486,865,37270,0,0
time,9,legacy,many_prices,price_hit,20000,158,387,1067,34347,0,0
time,9,legacy,many_prices,price_miss,20000,102,288,672,43556,0,0
time,9,legacy,many_prices,best,20000,76,248,604,32502,0,0
time,9,legacy,many_prices,range_first8,20000,129,366,1122,41114,0,0
time,9,legacy,many_prices,index_update,20000,636,1640,22200,332895,0,0
time,9,legacy,many_books,price_hit,20000,112,240,408,28139,0,0
time,9,legacy,many_books,price_miss,20000,93,292,600,52599,0,0
time,9,legacy,many_books,best,20000,87,265,579,34218,0,0
time,9,legacy,many_books,range_first8,20000,114,307,678,55369,0,0
time,9,legacy,many_books,index_update,20000,296,678,1545,71107,0,0
time,9,legacy,churn,price_hit,20000,131,196,354,59939,0,0
time,9,legacy,churn,price_miss,20000,125,294,642,35170,0,0
time,9,legacy,churn,best,20000,89,249,586,49339,0,0
time,9,legacy,churn,range_first8,20000,151,331,662,47571,0,0
time,9,legacy,churn,index_update,20000,482,1000,8895,74377,0,0
time,9,legacy,growth,index_update,20000,199,807,2416,145422,0,0
time,10,legacy,small,price_hit,20000,75,111,146,215183,0,0
time,10,legacy,small,price_miss,20000,62,146,284,46447,0,0
time,10,legacy,small,best,20000,60,150,252,1005,0,0
time,10,legacy,small,range_first8,20000,66,164,262,27823,0,0
time,10,legacy,small,index_update,20000,164,346,713,105486,0,0
time,10,legacy,crowded,price_hit,20000,60,90,147,23064,0,0
time,10,legacy,crowded,price_miss,20000,60,202,468,3920,0,0
time,10,legacy,crowded,best,20000,60,194,442,24223,0,0
time,10,legacy,crowded,range_first8,20000,62,209,500,106550,0,0
time,10,legacy,crowded,index_update,20000,223,490,1052,38823,0,0
time,10,legacy,many_prices,price_hit,20000,137,299,618,137727,0,0
time,10,legacy,many_prices,price_miss,20000,87,267,589,74926,0,0
time,10,legacy,many_prices,best,20000,70,250,582,36125,0,0
time,10,legacy,many_prices,range_first8,20000,106,321,612,22561,0,0
time,10,legacy,many_prices,index_update,20000,546,1280,17409,119314,0,0
time,10,legacy,many_books,price_hit,20000,85,172,497,3465,0,0
time,10,legacy,many_books,price_miss,20000,66,160,285,6195,0,0
time,10,legacy,many_books,best,20000,64,191,380,212574,0,0
time,10,legacy,many_books,range_first8,20000,74,181,373,25062,0,0
time,10,legacy,many_books,index_update,20000,181,400,1068,991522,0,0
time,10,legacy,churn,price_hit,20000,98,161,283,35250,0,0
time,10,legacy,churn,price_miss,20000,91,169,306,203142,0,0
time,10,legacy,churn,best,20000,66,160,261,81131,0,0
time,10,legacy,churn,range_first8,20000,97,225,422,56997,0,0
time,10,legacy,churn,index_update,20000,313,758,4320,101522,0,0
time,10,legacy,growth,index_update,20000,191,683,1300,65026,0,0
time,10,standard,small,price_hit,20000,86,104,144,22171,0,0
time,10,standard,small,price_miss,20000,70,127,225,38001,0,0
time,10,standard,small,best,20000,64,92,202,19657,0,0
time,10,standard,small,range_first8,20000,84,161,256,27295,0,0
time,10,standard,small,handle_hit,20000,43,52,63,18084,0,0
time,10,standard,small,index_update,20000,57,135,264,17328,0,0
time,10,standard,crowded,price_hit,20000,78,117,206,20599,0,0
time,10,standard,crowded,price_miss,20000,69,242,508,22529,0,0
time,10,standard,crowded,best,20000,64,217,529,4864,0,0
time,10,standard,crowded,range_first8,20000,78,251,558,61783,0,0
time,10,standard,crowded,handle_hit,20000,34,54,177,38952,0,0
time,10,standard,crowded,index_update,20000,114,579,858,32782,0,0
time,10,standard,many_prices,price_hit,20000,163,396,679,44342,0,0
time,10,standard,many_prices,price_miss,20000,98,254,578,33906,0,0
time,10,standard,many_prices,best,20000,64,219,506,19337,0,0
time,10,standard,many_prices,range_first8,20000,141,314,628,31453,0,0
time,10,standard,many_prices,handle_hit,20000,85,116,217,22983,0,0
time,10,standard,many_prices,index_update,20000,96,490,724,20512,0,0
time,10,standard,many_books,price_hit,20000,110,205,555,42270,0,0
time,10,standard,many_books,price_miss,20000,74,218,517,31225,0,0
time,10,standard,many_books,best,20000,65,218,413,994,0,0
time,10,standard,many_books,range_first8,20000,112,309,658,34461,0,0
time,10,standard,many_books,handle_hit,20000,49,126,215,20403,0,0
time,10,standard,many_books,index_update,20000,64,245,543,4742,0,0
time,10,standard,churn,price_hit,20000,129,239,1008,97081,0,0
time,10,standard,churn,price_miss,20000,115,293,625,39743,0,0
time,10,standard,churn,best,20000,73,235,636,31365,0,0
time,10,standard,churn,range_first8,20000,164,395,1092,43447,0,0
time,10,standard,churn,handle_hit,20000,73,177,538,37981,0,0
time,10,standard,churn,index_update,20000,372,897,5823,119789,0,0
time,10,standard,growth,index_update,20000,357,2303,6084,57172,0,0
time,10,standard,growth,block_growth_subset,313,2418,4648,6084,11496,0,0
time,10,standard,engine,intent_immediate,20000,1125,2647,28410,110904,0,0
time,10,standard,engine,intent_queued,20000,626,1365,10667,74679,0,0
time,10,standard,engine,ready_to_command,20000,943,2287,27301,127458,0,0
time,10,standard,engine,replace_report,20000,1009,5466,28482,108404,0,0
time,10,standard,engine_growth,new_to_command,20000,1156,13011,36886,1701774,0,0
time,10,standard,burst64_period100000ns,fill_service,20000,677,2534,21505,115783,0,0
time,10,standard,burst64_period100000ns,scheduled_arrival_to_visible,20000,30984,190343,230053,247147,0,0
time,10,pooled,small,price_hit,20000,90,150,226,33826,0,0
time,10,pooled,small,price_miss,20000,86,222,481,80732,0,0
time,10,pooled,small,best,20000,64,190,495,145806,0,0
time,10,pooled,small,range_first8,20000,106,248,572,24822,0,0
time,10,pooled,small,handle_hit,20000,44,80,159,4880,0,0
time,10,pooled,small,index_update,20000,58,197,439,18823,0,0
time,10,pooled,crowded,price_hit,20000,80,128,216,64795,0,0
time,10,pooled,crowded,price_miss,20000,73,256,599,103198,0,0
time,10,pooled,crowded,best,20000,64,229,536,38907,0,0
time,10,pooled,crowded,range_first8,20000,75,258,572,67044,0,0
time,10,pooled,crowded,handle_hit,20000,36,60,187,1160,0,0
time,10,pooled,crowded,index_update,20000,162,624,988,33418,0,0
time,10,pooled,many_prices,price_hit,20000,471,1073,8015,57994,0,0
time,10,pooled,many_prices,price_miss,20000,226,451,827,79634,0,0
time,10,pooled,many_prices,best,20000,95,284,602,33856,0,0
time,10,pooled,many_prices,range_first8,20000,299,557,1035,54295,0,0
time,10,pooled,many_prices,handle_hit,20000,152,260,581,129543,0,0
time,10,pooled,many_prices,index_update,20000,366,922,2172,52449,0,0
time,10,pooled,many_books,price_hit,20000,201,432,747,53099,0,0
time,10,pooled,many_books,price_miss,20000,167,416,764,59515,0,0
time,10,pooled,many_books,best,20000,94,326,633,33081,0,0
time,10,pooled,many_books,range_first8,20000,301,697,3892,53209,0,0
time,10,pooled,many_books,handle_hit,20000,75,222,527,29019,0,0
time,10,pooled,many_books,index_update,20000,155,463,767,45959,0,0
time,10,pooled,churn,price_hit,20000,176,246,400,37781,0,0
time,10,pooled,churn,price_miss,20000,161,277,543,91245,0,0
time,10,pooled,churn,best,20000,89,223,417,44655,0,0
time,10,pooled,churn,range_first8,20000,251,422,746,76466,0,0
time,10,pooled,churn,handle_hit,20000,92,174,331,8238,0,0
time,10,pooled,churn,index_update,20000,1272,1847,27229,126309,0,0
time,10,pooled,growth,index_update,20000,883,4141,20458,119921,0,0
time,10,pooled,growth,block_growth_subset,313,4134,6672,11118,24213,0,0
time,10,pooled,engine,intent_immediate,20000,1076,1868,21835,64761,0,0
time,10,pooled,engine,intent_queued,20000,547,1123,6228,38439,0,0
time,10,pooled,engine,ready_to_command,20000,914,1613,19725,38027,0,0
time,10,pooled,engine,replace_report,20000,887,4278,20947,71159,0,0
time,10,pooled,engine_growth,new_to_command,20000,1639,17346,39689,1654820,0,0
time,10,pooled,burst64_period100000ns,fill_service,20000,667,2542,4580,40079,0,0
time,10,pooled,burst64_period100000ns,scheduled_arrival_to_visible,20000,28342,211769,251689,269459,0,0
time,10,adaptive,small,price_hit,20000,89,140,253,27046,0,0
time,10,adaptive,small,price_miss,20000,72,166,298,70439,0,0
time,10,adaptive,small,best,20000,64,170,278,32658,0,0
time,10,adaptive,small,range_first8,20000,84,229,492,51006,0,0
time,10,adaptive,small,handle_hit,20000,46,71,200,33284,0,0
time,10,adaptive,small,index_update,20000,56,196,399,16873,0,0
time,10,adaptive,crowded,price_hit,20000,81,122,229,5714,0,0
time,10,adaptive,crowded,price_miss,20000,70,274,596,39427,0,0
time,10,adaptive,crowded,best,20000,64,259,568,25898,0,0
time,10,adaptive,crowded,range_first8,20000,79,293,600,22574,0,0
time,10,adaptive,crowded,handle_hit,20000,38,59,191,4812,0,0
time,10,adaptive,crowded,index_update,20000,109,563,789,52113,0,0
time,10,adaptive,many_prices,price_hit,20000,168,453,740,33334,0,0
time,10,adaptive,many_prices,price_miss,20000,94,301,644,43147,0,0
time,10,adaptive,many_prices,best,20000,64,246,598,32927,0,0
time,10,adaptive,many_prices,range_first8,20000,144,370,664,32732,0,0
time,10,adaptive,many_prices,handle_hit,20000,84,135,237,25449,0,0
time,10,adaptive,many_prices,index_update,20000,118,549,796,41264,0,0
time,10,adaptive,many_books,price_hit,20000,105,135,273,31393,0,0
time,10,adaptive,many_books,price_miss,20000,74,124,304,23977,0,0
time,10,adaptive,many_books,best,20000,64,98,232,19102,0,0
time,10,adaptive,many_books,range_first8,20000,101,179,320,19515,0,0
time,10,adaptive,many_books,handle_hit,20000,50,64,95,49012,0,0
time,10,adaptive,many_books,index_update,20000,61,158,282,19288,0,0
time,10,adaptive,churn,price_hit,20000,105,140,198,30654,0,0
time,10,adaptive,churn,price_miss,20000,88,146,274,28575,0,0
time,10,adaptive,churn,best,20000,64,107,226,17062,0,0
time,10,adaptive,churn,range_first8,20000,114,208,343,31520,0,0
time,10,adaptive,churn,handle_hit,20000,59,71,117,17739,0,0
time,10,adaptive,churn,index_update,20000,200,330,553,19213,0,0
time,10,adaptive,growth,index_update,20000,327,2130,5137,67289,0,0
time,10,adaptive,growth,block_growth_subset,313,2216,4748,27310,67289,0,0
time,10,adaptive,engine,intent_immediate,20000,1051,1974,24889,114159,0,0
time,10,adaptive,engine,intent_queued,20000,557,1166,5627,36633,0,0
time,10,adaptive,engine,ready_to_command,20000,882,1629,19911,72289,0,0
time,10,adaptive,engine,replace_report,20000,906,3910,20745,156819,0,0
time,10,adaptive,engine_growth,new_to_command,20000,1220,13522,36372,1746228,0,0
time,10,adaptive,burst64_period100000ns,fill_service,20000,682,2723,19510,45137,0,0
time,10,adaptive,burst64_period100000ns,scheduled_arrival_to_visible,20000,30047,221303,259450,275393,0,0
time,11,adaptive,small,price_hit,20000,89,128,240,26056,0,0
time,11,adaptive,small,price_miss,20000,72,155,265,17940,0,0
time,11,adaptive,small,best,20000,64,115,269,993,0,0
time,11,adaptive,small,range_first8,20000,84,213,349,18842,0,0
time,11,adaptive,small,handle_hit,20000,46,67,205,16494,0,0
time,11,adaptive,small,index_update,20000,56,193,383,18657,0,0
time,11,adaptive,crowded,price_hit,20000,81,111,262,25552,0,0
time,11,adaptive,crowded,price_miss,20000,70,261,560,27552,0,0
time,11,adaptive,crowded,best,20000,64,268,589,30985,0,0
time,11,adaptive,crowded,range_first8,20000,79,281,581,18767,0,0
time,11,adaptive,crowded,handle_hit,20000,38,52,177,100931,0,0
time,11,adaptive,crowded,index_update,20000,99,578,818,32451,0,0
time,11,adaptive,many_prices,price_hit,20000,165,482,741,35144,0,0
time,11,adaptive,many_prices,price_miss,20000,94,295,603,38763,0,0
time,11,adaptive,many_prices,best,20000,64,250,551,35841,0,0
time,11,adaptive,many_prices,range_first8,20000,143,363,664,51649,0,0
time,11,adaptive,many_prices,handle_hit,20000,84,124,221,20484,0,0
time,11,adaptive,many_prices,index_update,20000,141,609,986,26903,0,0
time,11,adaptive,many_books,price_hit,20000,106,158,288,30923,0,0
time,11,adaptive,many_books,price_miss,20000,74,210,300,37297,0,0
time,11,adaptive,many_books,best,20000,64,190,292,4693,0,0
time,11,adaptive,many_books,range_first8,20000,101,255,421,31602,0,0
time,11,adaptive,many_books,handle_hit,20000,50,77,178,24505,0,0
time,11,adaptive,many_books,index_update,20000,62,222,493,37805,0,0
time,11,adaptive,churn,price_hit,20000,105,160,240,32677,0,0
time,11,adaptive,churn,price_miss,20000,88,144,273,62870,0,0
time,11,adaptive,churn,best,20000,64,167,273,18322,0,0
time,11,adaptive,churn,range_first8,20000,115,235,357,22559,0,0
time,11,adaptive,churn,handle_hit,20000,59,77,176,33013,0,0
time,11,adaptive,churn,index_update,20000,201,358,686,30159,0,0
time,11,adaptive,growth,index_update,20000,325,2147,4697,39577,0,0
time,11,adaptive,growth,block_growth_subset,313,2226,5379,29863,39577,0,0
time,11,adaptive,engine,intent_immediate,20000,1050,2043,24660,76671,0,0
time,11,adaptive,engine,intent_queued,20000,555,1180,5370,39469,0,0
time,11,adaptive,engine,ready_to_command,20000,883,1739,20498,369106,0,0
time,11,adaptive,engine,replace_report,20000,896,4400,24228,52526,0,0
time,11,adaptive,engine_growth,new_to_command,20000,1178,13469,30055,1676304,0,0
time,11,adaptive,burst64_period100000ns,fill_service,20000,693,2620,5626,220237,0,0
time,11,adaptive,burst64_period100000ns,scheduled_arrival_to_visible,20000,29595,240353,299126,321726,0,0
time,11,pooled,small,price_hit,20000,88,120,170,17061,0,0
time,11,pooled,small,price_miss,20000,86,155,272,17369,0,0
time,11,pooled,small,best,20000,64,89,212,29590,0,0
time,11,pooled,small,range_first8,20000,106,200,328,21409,0,0
time,11,pooled,small,handle_hit,20000,44,60,90,22489,0,0
time,11,pooled,small,index_update,20000,58,157,456,21889,0,0
time,11,pooled,crowded,price_hit,20000,80,123,201,24950,0,0
time,11,pooled,crowded,price_miss,20000,73,255,570,35512,0,0
time,11,pooled,crowded,best,20000,64,256,620,23470,0,0
time,11,pooled,crowded,range_first8,20000,77,264,574,49842,0,0
time,11,pooled,crowded,handle_hit,20000,36,62,190,18068,0,0
time,11,pooled,crowded,index_update,20000,98,539,815,31675,0,0
time,11,pooled,many_prices,price_hit,20000,249,729,1253,77583,0,0
time,11,pooled,many_prices,price_miss,20000,166,356,757,34358,0,0
time,11,pooled,many_prices,best,20000,64,256,540,19388,0,0
time,11,pooled,many_prices,range_first8,20000,209,418,750,32390,0,0
time,11,pooled,many_prices,handle_hit,20000,117,141,227,20411,0,0
time,11,pooled,many_prices,index_update,20000,154,614,855,30858,0,0
time,11,pooled,many_books,price_hit,20000,118,390,796,91831,0,0
time,11,pooled,many_books,price_miss,20000,104,276,568,20573,0,0
time,11,pooled,many_books,best,20000,65,170,282,55251,0,0
time,11,pooled,many_books,range_first8,20000,171,488,828,19492,0,0
time,11,pooled,many_books,handle_hit,20000,56,85,204,38777,0,0
time,11,pooled,many_books,index_update,20000,64,301,621,21988,0,0
time,11,pooled,churn,price_hit,20000,126,179,339,17458,0,0
time,11,pooled,churn,price_miss,20000,122,214,501,57471,0,0
time,11,pooled,churn,best,20000,64,195,283,82666,0,0
time,11,pooled,churn,range_first8,20000,176,319,483,33321,0,0
time,11,pooled,churn,handle_hit,20000,79,106,206,21444,0,0
time,11,pooled,churn,index_update,20000,835,1275,5776,40958,0,0
time,11,pooled,growth,index_update,20000,884,4289,21456,859389,0,0
time,11,pooled,growth,block_growth_subset,313,4219,10177,23251,27389,0,0
time,11,pooled,engine,intent_immediate,20000,1111,2096,23583,2519815,0,0
time,11,pooled,engine,intent_queued,20000,589,1219,6991,120758,0,0
time,11,pooled,engine,ready_to_command,20000,917,1787,24927,173549,0,0
time,11,pooled,engine,replace_report,20000,960,4304,20534,86807,0,0
time,11,pooled,engine_growth,new_to_command,20000,1710,19163,46564,1929478,0,0
time,11,pooled,burst64_period100000ns,fill_service,20000,716,2874,23988,174406,0,0
time,11,pooled,burst64_period100000ns,scheduled_arrival_to_visible,20000,37918,700599,832040,849459,0,0
time,11,standard,small,price_hit,20000,87,139,240,18419,0,0
time,11,standard,small,price_miss,20000,70,177,305,17628,0,0
time,11,standard,small,best,20000,64,161,285,4791,0,0
time,11,standard,small,range_first8,20000,84,219,362,32554,0,0
time,11,standard,small,handle_hit,20000,43,65,162,18034,0,0
time,11,standard,small,index_update,20000,57,185,323,36069,0,0
time,11,standard,crowded,price_hit,20000,78,127,268,55607,0,0
time,11,standard,crowded,price_miss,20000,69,252,563,28260,0,0
time,11,standard,crowded,best,20000,64,241,562,22625,0,0
time,11,standard,crowded,range_first8,20000,78,269,536,5094,0,0
time,11,standard,crowded,handle_hit,20000,34,113,203,23116,0,0
time,11,standard,crowded,index_update,20000,144,589,925,24449,0,0
time,11,standard,many_prices,price_hit,20000,179,531,874,36499,0,0
time,11,standard,many_prices,price_miss,20000,98,278,589,24865,0,0
time,11,standard,many_prices,best,20000,64,233,525,24847,0,0
time,11,standard,many_prices,range_first8,20000,142,366,825,34587,0,0
time,11,standard,many_prices,handle_hit,20000,85,131,249,4455,0,0
time,11,standard,many_prices,index_update,20000,138,576,842,22462,0,0
time,11,standard,many_books,price_hit,20000,107,174,357,24560,0,0
time,11,standard,many_books,price_miss,20000,73,203,402,34351,0,0
time,11,standard,many_books,best,20000,64,178,351,24759,0,0
time,11,standard,many_books,range_first8,20000,111,270,486,25387,0,0
time,11,standard,many_books,handle_hit,20000,48,81,219,41012,0,0
time,11,standard,many_books,index_update,20000,63,228,529,28035,0,0
time,11,standard,churn,price_hit,20000,111,180,300,50300,0,0
time,11,standard,churn,price_miss,20000,101,226,506,70482,0,0
time,11,standard,churn,best,20000,64,180,300,30738,0,0
time,11,standard,churn,range_first8,20000,133,291,509,29950,0,0
time,11,standard,churn,handle_hit,20000,65,107,237,71533,0,0
time,11,standard,churn,index_update,20000,303,694,1513,50785,0,0
time,11,standard,growth,index_update,20000,266,2053,5403,40428,0,0
time,11,standard,growth,block_growth_subset,313,2178,5214,29159,33809,0,0
time,11,standard,engine,intent_immediate,20000,1418,2343,36933,296784,0,0
time,11,standard,engine,intent_queued,20000,808,1481,16474,69800,0,0
time,11,standard,engine,ready_to_command,20000,1167,1954,31331,258649,0,0
time,11,standard,engine,replace_report,20000,1315,4425,33483,727670,0,0
time,11,standard,engine_growth,new_to_command,20000,1649,17112,46867,2267432,0,0
time,11,standard,burst64_period100000ns,fill_service,20000,964,3880,36511,152196,0,0
time,11,standard,burst64_period100000ns,scheduled_arrival_to_visible,20000,73352,1222313,1258563,1281305,0,0
time,11,legacy,small,price_hit,20000,75,118,145,39938,0,0
time,11,legacy,small,price_miss,20000,63,173,343,38848,0,0
time,11,legacy,small,best,20000,60,187,343,46231,0,0
time,11,legacy,small,range_first8,20000,66,210,353,23623,0,0
time,11,legacy,small,index_update,20000,165,387,711,179062,0,0
time,11,legacy,crowded,price_hit,20000,60,76,97,19428,0,0
time,11,legacy,crowded,price_miss,20000,60,192,333,19962,0,0
time,11,legacy,crowded,best,20000,60,199,308,20333,0,0
time,11,legacy,crowded,range_first8,20000,62,195,372,18049,0,0
time,11,legacy,crowded,index_update,20000,223,443,865,36615,0,0
time,11,legacy,many_prices,price_hit,20000,137,380,928,27259,0,0
time,11,legacy,many_prices,price_miss,20000,87,292,619,39722,0,0
time,11,legacy,many_prices,best,20000,69,278,594,27502,0,0
time,11,legacy,many_prices,range_first8,20000,106,340,692,56085,0,0
time,11,legacy,many_prices,index_update,20000,552,1413,17545,102039,0,0
time,11,legacy,many_books,price_hit,20000,86,164,559,51940,0,0
time,11,legacy,many_books,price_miss,20000,66,216,484,41033,0,0
time,11,legacy,many_books,best,20000,65,218,505,214612,0,0
time,11,legacy,many_books,range_first8,20000,74,238,499,41329,0,0
time,11,legacy,many_books,index_update,20000,185,462,1174,302526,0,0
time,11,legacy,churn,price_hit,20000,100,189,1029,61313,0,0
time,11,legacy,churn,price_miss,20000,93,251,17425,207447,0,0
time,11,legacy,churn,best,20000,66,212,428,184232,0,0
time,11,legacy,churn,range_first8,20000,99,317,4751,320581,0,0
time,11,legacy,churn,index_update,20000,328,988,31278,427407,0,0
time,11,legacy,growth,index_update,20000,197,920,37191,592262,0,0
alloc,0,legacy,small,price_hit,20000,0,0,0,0,0,0
alloc,0,legacy,small,price_miss,20000,0,0,0,0,0,0
alloc,0,legacy,small,best,20000,0,0,0,0,0,0
alloc,0,legacy,small,range_first8,20000,0,0,0,0,0,0
alloc,0,legacy,small,index_update,20000,0,0,0,0,20000,20000
alloc,0,legacy,crowded,price_hit,20000,0,0,0,0,0,0
alloc,0,legacy,crowded,price_miss,20000,0,0,0,0,0,0
alloc,0,legacy,crowded,best,20000,0,0,0,0,0,0
alloc,0,legacy,crowded,range_first8,20000,0,0,0,0,0,0
alloc,0,legacy,crowded,index_update,20000,0,0,0,0,1140,1276
alloc,0,legacy,many_prices,price_hit,20000,0,0,0,0,0,0
alloc,0,legacy,many_prices,price_miss,20000,0,0,0,0,0,0
alloc,0,legacy,many_prices,best,20000,0,0,0,0,0,0
alloc,0,legacy,many_prices,range_first8,20000,0,0,0,0,0,0
alloc,0,legacy,many_prices,index_update,20000,0,0,0,0,22280,22552
alloc,0,legacy,many_books,price_hit,20000,0,0,0,0,0,0
alloc,0,legacy,many_books,price_miss,20000,0,0,0,0,0,0
alloc,0,legacy,many_books,best,20000,0,0,0,0,0,0
alloc,0,legacy,many_books,range_first8,20000,0,0,0,0,0,0
alloc,0,legacy,many_books,index_update,20000,0,0,0,0,20000,20000
alloc,0,legacy,churn,price_hit,20000,0,0,0,0,0,0
alloc,0,legacy,churn,price_miss,20000,0,0,0,0,0,0
alloc,0,legacy,churn,best,20000,0,0,0,0,0,0
alloc,0,legacy,churn,range_first8,20000,0,0,0,0,0,0
alloc,0,legacy,churn,index_update,20000,0,0,0,0,25696,25702
alloc,0,legacy,growth,index_update,20000,0,0,0,0,26665,0
alloc,0,standard,small,price_hit,20000,0,0,0,0,0,0
alloc,0,standard,small,price_miss,20000,0,0,0,0,0,0
alloc,0,standard,small,best,20000,0,0,0,0,0,0
alloc,0,standard,small,range_first8,20000,0,0,0,0,0,0
alloc,0,standard,small,handle_hit,20000,0,0,0,0,0,0
alloc,0,standard,small,index_update,20000,0,0,0,0,0,0
alloc,0,standard,crowded,price_hit,20000,0,0,0,0,0,0
alloc,0,standard,crowded,price_miss,20000,0,0,0,0,0,0
alloc,0,standard,crowded,best,20000,0,0,0,0,0,0
alloc,0,standard,crowded,range_first8,20000,0,0,0,0,0,0
alloc,0,standard,crowded,handle_hit,20000,0,0,0,0,0,0
alloc,0,standard,crowded,index_update,20000,0,0,0,0,0,0
alloc,0,standard,many_prices,price_hit,20000,0,0,0,0,0,0
alloc,0,standard,many_prices,price_miss,20000,0,0,0,0,0,0
alloc,0,standard,many_prices,best,20000,0,0,0,0,0,0
alloc,0,standard,many_prices,range_first8,20000,0,0,0,0,0,0
alloc,0,standard,many_prices,handle_hit,20000,0,0,0,0,0,0
alloc,0,standard,many_prices,index_update,20000,0,0,0,0,0,0
alloc,0,standard,many_books,price_hit,20000,0,0,0,0,0,0
alloc,0,standard,many_books,price_miss,20000,0,0,0,0,0,0
alloc,0,standard,many_books,best,20000,0,0,0,0,0,0
alloc,0,standard,many_books,range_first8,20000,0,0,0,0,0,0
alloc,0,standard,many_books,handle_hit,20000,0,0,0,0,0,0
alloc,0,standard,many_books,index_update,20000,0,0,0,0,0,0
alloc,0,standard,churn,price_hit,20000,0,0,0,0,0,0
alloc,0,standard,churn,price_miss,20000,0,0,0,0,0,0
alloc,0,standard,churn,best,20000,0,0,0,0,0,0
alloc,0,standard,churn,range_first8,20000,0,0,0,0,0,0
alloc,0,standard,churn,handle_hit,20000,0,0,0,0,0,0
alloc,0,standard,churn,index_update,20000,0,0,0,0,5696,5702
alloc,0,standard,growth,index_update,20000,0,0,0,0,7309,14
alloc,0,standard,growth,block_growth_subset,313,0,0,0,0,749,14
alloc,0,standard,engine,intent_immediate,20000,0,0,0,0,0,0
alloc,0,standard,engine,intent_queued,20000,0,0,0,0,1,0
alloc,0,standard,engine,ready_to_command,20000,0,0,0,0,0,0
alloc,0,standard,engine,replace_report,20000,0,0,0,0,0,0
alloc,0,standard,engine_growth,new_to_command,20000,0,0,0,0,4326,47
alloc,0,pooled,small,price_hit,20000,0,0,0,0,0,0
alloc,0,pooled,small,price_miss,20000,0,0,0,0,0,0
alloc,0,pooled,small,best,20000,0,0,0,0,0,0
alloc,0,pooled,small,range_first8,20000,0,0,0,0,0,0
alloc,0,pooled,small,handle_hit,20000,0,0,0,0,0,0
alloc,0,pooled,small,index_update,20000,0,0,0,0,0,0
alloc,0,pooled,crowded,price_hit,20000,0,0,0,0,0,0
alloc,0,pooled,crowded,price_miss,20000,0,0,0,0,0,0
alloc,0,pooled,crowded,best,20000,0,0,0,0,0,0
alloc,0,pooled,crowded,range_first8,20000,0,0,0,0,0,0
alloc,0,pooled,crowded,handle_hit,20000,0,0,0,0,0,0
alloc,0,pooled,crowded,index_update,20000,0,0,0,0,0,0
alloc,0,pooled,many_prices,price_hit,20000,0,0,0,0,0,0
alloc,0,pooled,many_prices,price_miss,20000,0,0,0,0,0,0
alloc,0,pooled,many_prices,best,20000,0,0,0,0,0,0
alloc,0,pooled,many_prices,range_first8,20000,0,0,0,0,0,0
alloc,0,pooled,many_prices,handle_hit,20000,0,0,0,0,0,0
alloc,0,pooled,many_prices,index_update,20000,0,0,0,0,0,0
alloc,0,pooled,many_books,price_hit,20000,0,0,0,0,0,0
alloc,0,pooled,many_books,price_miss,20000,0,0,0,0,0,0
alloc,0,pooled,many_books,best,20000,0,0,0,0,0,0
alloc,0,pooled,many_books,range_first8,20000,0,0,0,0,0,0
alloc,0,pooled,many_books,handle_hit,20000,0,0,0,0,0,0
alloc,0,pooled,many_books,index_update,20000,0,0,0,0,0,0
alloc,0,pooled,churn,price_hit,20000,0,0,0,0,0,0
alloc,0,pooled,churn,price_miss,20000,0,0,0,0,0,0
alloc,0,pooled,churn,best,20000,0,0,0,0,0,0
alloc,0,pooled,churn,range_first8,20000,0,0,0,0,0,0
alloc,0,pooled,churn,handle_hit,20000,0,0,0,0,0,0
alloc,0,pooled,churn,index_update,20000,0,0,0,0,0,0
alloc,0,pooled,growth,index_update,20000,0,0,0,0,966,21
alloc,0,pooled,growth,block_growth_subset,313,0,0,0,0,966,21
alloc,0,pooled,engine,intent_immediate,20000,0,0,0,0,0,0
alloc,0,pooled,engine,intent_queued,20000,0,0,0,0,1,0
alloc,0,pooled,engine,ready_to_command,20000,0,0,0,0,0,0
alloc,0,pooled,engine,replace_report,20000,0,0,0,0,0,0
alloc,0,pooled,engine_growth,new_to_command,20000,0,0,0,0,1315,54
alloc,0,adaptive,small,price_hit,20000,0,0,0,0,0,0
alloc,0,adaptive,small,price_miss,20000,0,0,0,0,0,0
alloc,0,adaptive,small,best,20000,0,0,0,0,0,0
alloc,0,adaptive,small,range_first8,20000,0,0,0,0,0,0
alloc,0,adaptive,small,handle_hit,20000,0,0,0,0,0,0
alloc,0,adaptive,small,index_update,20000,0,0,0,0,0,0
alloc,0,adaptive,crowded,price_hit,20000,0,0,0,0,0,0
alloc,0,adaptive,crowded,price_miss,20000,0,0,0,0,0,0
alloc,0,adaptive,crowded,best,20000,0,0,0,0,0,0
alloc,0,adaptive,crowded,range_first8,20000,0,0,0,0,0,0
alloc,0,adaptive,crowded,handle_hit,20000,0,0,0,0,0,0
alloc,0,adaptive,crowded,index_update,20000,0,0,0,0,0,0
alloc,0,adaptive,many_prices,price_hit,20000,0,0,0,0,0,0
alloc,0,adaptive,many_prices,price_miss,20000,0,0,0,0,0,0
alloc,0,adaptive,many_prices,best,20000,0,0,0,0,0,0
alloc,0,adaptive,many_prices,range_first8,20000,0,0,0,0,0,0
alloc,0,adaptive,many_prices,handle_hit,20000,0,0,0,0,0,0
alloc,0,adaptive,many_prices,index_update,20000,0,0,0,0,0,0
alloc,0,adaptive,many_books,price_hit,20000,0,0,0,0,0,0
alloc,0,adaptive,many_books,price_miss,20000,0,0,0,0,0,0
alloc,0,adaptive,many_books,best,20000,0,0,0,0,0,0
alloc,0,adaptive,many_books,range_first8,20000,0,0,0,0,0,0
alloc,0,adaptive,many_books,handle_hit,20000,0,0,0,0,0,0
alloc,0,adaptive,many_books,index_update,20000,0,0,0,0,0,0
alloc,0,adaptive,churn,price_hit,20000,0,0,0,0,0,0
alloc,0,adaptive,churn,price_miss,20000,0,0,0,0,0,0
alloc,0,adaptive,churn,best,20000,0,0,0,0,0,0
alloc,0,adaptive,churn,range_first8,20000,0,0,0,0,0,0
alloc,0,adaptive,churn,handle_hit,20000,0,0,0,0,0,0
alloc,0,adaptive,churn,index_update,20000,0,0,0,0,0,0
alloc,0,adaptive,growth,index_update,20000,0,0,0,0,7179,36
alloc,0,adaptive,growth,block_growth_subset,313,0,0,0,0,951,32
alloc,0,adaptive,engine,intent_immediate,20000,0,0,0,0,0,0
alloc,0,adaptive,engine,intent_queued,20000,0,0,0,0,1,0
alloc,0,adaptive,engine,ready_to_command,20000,0,0,0,0,0,0
alloc,0,adaptive,engine,replace_report,20000,0,0,0,0,0,0
alloc,0,adaptive,engine_growth,new_to_command,20000,0,0,0,0,4262,59
time,0,timer,baseline,timer,20000,32,34,37,30737,0,0
