pass,round,backend,scenario,metric,n,p50_ns,p99_ns,p999_ns,max_ns,allocations,allocated_bytes
time,0,standard,rolling_4,price_query,20000,42,70,174,3784,0,0
time,0,standard,rolling_4,near_range8,20000,48,119,245,36206,0,0
time,0,standard,rolling_4,index_submit,20000,82,185,321,32547,0,0
time,0,standard,rolling_4,index_ack,20000,75,207,398,25858,0,0
time,0,standard,rolling_4,cross_page_submit_subset,314,86,182,189,191,0,0
time,0,standard,outliers_4,price_query,20000,44,75,164,29414,0,0
time,0,standard,outliers_4,near_range8,20000,50,124,247,24023,0,0
time,0,standard,outliers_4,index_submit,20000,85,203,330,148749,0,0
time,0,standard,outliers_4,index_ack,20000,80,212,434,19311,0,0
time,0,standard,outliers_4,cross_page_submit_subset,314,85,180,195,208,0,0
time,0,standard,outliers_4,far_query,20000,45,75,178,21876,0,0
time,0,standard,boundary_4,price_query,20000,42,60,80,21436,0,0
time,0,standard,boundary_4,near_range8,20000,50,107,216,3403,0,0
time,0,standard,boundary_4,index_submit,20000,82,148,237,32991,0,0
time,0,standard,boundary_4,index_ack,20000,94,183,351,21454,0,0
time,0,standard,boundary_4,cross_page_submit_subset,5000,80,142,193,273,0,0
time,0,standard,jump_4,price_query,20000,44,85,189,24346,0,0
time,0,standard,jump_4,near_range8,20000,50,185,329,33866,0,0
time,0,standard,jump_4,index_submit,20000,93,243,4611,27805,0,0
time,0,standard,jump_4,index_ack,20000,102,316,578,114403,0,0
time,0,standard,jump_4,cross_page_submit_subset,3746,102,261,401,18376,0,0
time,0,standard,jump_4,jump_submit_subset,2496,107,269,401,18376,0,0
time,0,standard,rolling_32,price_query,20000,47,94,203,63028,0,0
time,0,standard,rolling_32,near_range8,20000,79,231,527,34966,0,0
time,0,standard,rolling_32,index_submit,20000,94,231,398,26271,0,0
time,0,standard,rolling_32,index_ack,20000,71,264,1275,24529,0,0
time,0,standard,rolling_32,cross_page_submit_subset,305,92,208,306,318,0,0
time,0,standard,outliers_32,price_query,20000,45,82,146,36929,0,0
time,0,standard,outliers_32,near_range8,20000,72,202,355,40243,0,0
time,0,standard,outliers_32,index_submit,20000,100,200,333,35489,0,0
time,0,standard,outliers_32,index_ack,20000,70,196,450,25381,0,0
time,0,standard,outliers_32,cross_page_submit_subset,305,101,202,302,314,0,0
time,0,standard,outliers_32,far_query,20000,50,89,147,24635,0,0
time,0,standard,boundary_32,price_query,20000,45,82,145,17892,0,0
time,0,standard,boundary_32,near_range8,20000,72,210,360,18349,0,0
time,0,standard,boundary_32,index_submit,20000,88,194,437,59948,0,0
time,0,standard,boundary_32,index_ack,20000,95,267,552,33891,0,0
time,0,standard,boundary_32,cross_page_submit_subset,625,88,211,24885,59948,0,0
time,0,standard,jump_32,price_query,20000,46,86,184,32289,0,0
time,0,standard,jump_32,near_range8,20000,76,205,342,20848,0,0
time,0,standard,jump_32,index_submit,20000,92,221,340,67864,0,0
time,0,standard,jump_32,index_ack,20000,70,293,539,50778,0,0
time,0,standard,jump_32,cross_page_submit_subset,2652,127,275,435,67864,0,0
time,0,standard,jump_32,jump_submit_subset,2496,129,277,435,67864,0,0
time,0,standard,rolling_128,price_query,20000,52,94,162,36302,0,0
time,0,standard,rolling_128,near_range8,20000,85,199,420,23984,0,0
time,0,standard,rolling_128,index_submit,20000,110,210,371,235319,0,0
time,0,standard,rolling_128,index_ack,20000,74,157,644,37702,0,0
time,0,standard,rolling_128,cross_page_submit_subset,312,108,200,214,285,0,0
time,0,standard,outliers_128,price_query,20000,53,83,133,17878,0,0
time,0,standard,outliers_128,near_range8,20000,79,162,300,205880,0,0
time,0,standard,outliers_128,index_submit,20000,108,187,347,103405,0,0
time,0,standard,outliers_128,index_ack,20000,75,156,423,4524,0,0
time,0,standard,outliers_128,cross_page_submit_subset,312,107,181,202,289,0,0
time,0,standard,outliers_128,far_query,20000,56,89,128,51730,0,0
time,0,standard,boundary_128,price_query,20000,49,70,87,17951,0,0
time,0,standard,boundary_128,near_range8,20000,81,129,294,30300,0,0
time,0,standard,boundary_128,index_submit,20000,100,142,209,17044,0,0
time,0,standard,boundary_128,index_ack,20000,99,258,410,52193,0,0
time,0,standard,boundary_128,cross_page_submit_subset,313,99,147,149,181,0,0
time,0,standard,jump_128,price_query,20000,52,85,115,19256,0,0
time,0,standard,jump_128,near_range8,20000,80,155,320,96005,0,0
time,0,standard,jump_128,index_submit,20000,113,227,356,32499,0,0
time,0,standard,jump_128,index_ack,20000,75,296,484,19884,0,0
time,0,standard,jump_128,cross_page_submit_subset,2704,163,336,720,1877,0,0
time,0,standard,jump_128,jump_submit_subset,2432,165,339,720,1877,0,0
time,0,standard,4096books_4near_2far,price_query,20000,254,942,1907,61799,0,0
time,0,standard,new_book_growth,index_insert,20000,330,8934,29077,1442596,0,0
time,0,standard,engine_cancel_rehang_4near,cancel_to_command,20000,1141,6200,45447,1269907,0,0
time,0,standard,engine_cancel_rehang_4near,new_to_command,20000,1437,13682,49445,784591,0,0
time,0,standard,engine_cancel_rehang_4near,accepted_report,20000,1007,5821,36606,78927,0,0
time,0,standard,engine_cancel_rehang_4near,canceled_report,20000,1039,6079,36838,1349943,0,0
time,0,standard,engine_rolling_4_2far,price_query,20000,40,101,203,33789,0,0
time,0,standard,engine_rolling_4_2far,intent_to_command,20000,1419,4850,37285,103818,0,0
time,0,standard,engine_rolling_4_2far,intent_queued,20000,753,3688,31426,2087906,0,0
time,0,standard,engine_rolling_4_2far,replace_report,20000,1155,6326,32798,2056592,0,0
time,0,standard,engine_rolling_4_2far,ready_to_command,20000,1157,4413,33193,2696234,0,0
time,0,standard,engine_jump_4_2far,price_query,20000,34,100,228,5481,0,0
time,0,standard,engine_jump_4_2far,intent_to_command,20000,1145,2486,26770,87700,0,0
time,0,standard,engine_jump_4_2far,intent_queued,20000,626,1445,23907,85974,0,0
time,0,standard,engine_jump_4_2far,replace_report,20000,910,5849,26065,48606,0,0
time,0,standard,engine_jump_4_2far,ready_to_command,20000,952,2329,25577,150860,0,0
time,0,standard,engine_jump_4_2far,jump_intent_subset,2496,1170,2708,10699,32515,0,0
time,0,standard,engine_rolling_32_2far,price_query,20000,60,113,249,44570,0,0
time,0,standard,engine_rolling_32_2far,intent_to_command,20000,1076,3968,29636,262687,0,0
time,0,standard,engine_rolling_32_2far,intent_queued,20000,547,2719,10648,855079,0,0
time,0,standard,engine_rolling_32_2far,replace_report,20000,810,4122,26842,56499,0,0
time,0,standard,engine_rolling_32_2far,ready_to_command,20000,911,3028,29465,157262,0,0
time,0,standard,engine_jump_32_2far,price_query,20000,61,123,235,981,0,0
time,0,standard,engine_jump_32_2far,intent_to_command,20000,1160,2499,29231,80427,0,0
time,0,standard,engine_jump_32_2far,intent_queued,20000,624,1416,20013,47808,0,0
time,0,standard,engine_jump_32_2far,replace_report,20000,945,4406,21681,88983,0,0
time,0,standard,engine_jump_32_2far,ready_to_command,20000,969,2069,25864,76056,0,0
time,0,standard,engine_jump_32_2far,jump_intent_subset,2496,1158,2473,31579,40922,0,0
time,0,pages,rolling_4,price_query,20000,47,137,246,18970,0,0
time,0,pages,rolling_4,near_range8,20000,62,176,272,21666,0,0
time,0,pages,rolling_4,index_submit,20000,89,167,321,32885,0,0
time,0,pages,rolling_4,index_ack,20000,80,158,301,55098,0,0
time,0,pages,rolling_4,cross_page_submit_subset,314,92,219,412,421,0,0
time,0,pages,rolling_4,page_creation_subset,78,157,412,412,421,0,0
time,0,pages,outliers_4,price_query,20000,46,123,230,16699,0,0
time,0,pages,outliers_4,near_range8,20000,62,172,280,19860,0,0
time,0,pages,outliers_4,index_submit,20000,88,173,310,28896,0,0
time,0,pages,outliers_4,index_ack,20000,81,163,306,26533,0,0
time,0,pages,outliers_4,cross_page_submit_subset,314,94,288,378,404,0,0
time,0,pages,outliers_4,page_creation_subset,78,170,378,378,404,0,0
time,0,pages,outliers_4,far_query,20000,46,123,215,17861,0,0
time,0,pages,boundary_4,price_query,20000,47,116,238,19983,0,0
time,0,pages,boundary_4,near_range8,20000,65,166,281,34894,0,0
time,0,pages,boundary_4,index_submit,20000,88,156,304,30937,0,0
time,0,pages,boundary_4,index_ack,20000,95,173,336,136115,0,0
time,0,pages,boundary_4,cross_page_submit_subset,5000,87,148,333,30937,0,0
time,0,pages,jump_4,price_query,20000,46,68,237,19902,0,0
time,0,pages,jump_4,near_range8,20000,63,143,255,17463,0,0
time,0,pages,jump_4,index_submit,20000,91,173,314,19865,0,0
time,0,pages,jump_4,index_ack,20000,83,175,337,19862,0,0
time,0,pages,jump_4,cross_page_submit_subset,3746,97,225,370,18680,0,0
time,0,pages,jump_4,page_creation_subset,1248,149,261,380,451,0,0
time,0,pages,jump_4,jump_submit_subset,2496,127,237,370,451,0,0
time,0,pages,rolling_32,price_query,20000,47,69,232,29845,0,0
time,0,pages,rolling_32,near_range8,20000,72,170,282,29467,0,0
time,0,pages,rolling_32,index_submit,20000,87,151,280,19778,0,0
time,0,pages,rolling_32,index_ack,20000,70,133,284,26828,0,0
time,0,pages,rolling_32,cross_page_submit_subset,305,96,246,268,392,0,0
time,0,pages,rolling_32,page_creation_subset,10,241,268,268,392,0,0
time,0,pages,outliers_32,price_query,20000,46,116,246,23294,0,0
time,0,pages,outliers_32,near_range8,20000,72,188,297,20679,0,0
time,0,pages,outliers_32,index_submit,20000,88,169,541,429087,0,0
time,0,pages,outliers_32,index_ack,20000,71,153,433,153798,0,0
time,0,pages,outliers_32,cross_page_submit_subset,305,97,547,1215,3977,0,0
time,0,pages,outliers_32,page_creation_subset,10,446,639,639,1215,0,0
time,0,pages,outliers_32,far_query,20000,47,111,207,38987,0,0
time,0,pages,boundary_32,price_query,20000,47,66,195,17253,0,0
time,0,pages,boundary_32,near_range8,20000,73,172,320,34823,0,0
time,0,pages,boundary_32,index_submit,20000,88,149,263,21141,0,0
time,0,pages,boundary_32,index_ack,20000,85,154,261,19553,0,0
time,0,pages,boundary_32,cross_page_submit_subset,625,89,149,299,4346,0,0
time,0,pages,jump_32,price_query,20000,46,89,214,3903,0,0
time,0,pages,jump_32,near_range8,20000,73,166,294,31989,0,0
time,0,pages,jump_32,index_submit,20000,87,157,263,3888,0,0
time,0,pages,jump_32,index_ack,20000,72,169,347,21170,0,0
time,0,pages,jump_32,cross_page_submit_subset,2652,96,200,321,3662,0,0
time,0,pages,jump_32,page_creation_subset,156,162,309,578,743,0,0
time,0,pages,jump_32,jump_submit_subset,2496,96,209,321,3662,0,0
time,0,pages,rolling_128,price_query,20000,47,108,191,3963,0,0
time,0,pages,rolling_128,near_range8,20000,73,196,291,41298,0,0
time,0,pages,rolling_128,index_submit,20000,88,159,346,25316,0,0
time,0,pages,rolling_128,index_ack,20000,74,135,280,22089,0,0
time,0,pages,rolling_128,cross_page_submit_subset,312,100,188,869,893,0,0
time,0,pages,rolling_128,page_creation_subset,3,869,869,869,893,0,0
time,0,pages,outliers_128,price_query,20000,46,80,204,31655,0,0
time,0,pages,outliers_128,near_range8,20000,73,172,352,132634,0,0
time,0,pages,outliers_128,index_submit,20000,90,162,365,360438,0,0
time,0,pages,outliers_128,index_ack,20000,73,127,296,70784,0,0
time,0,pages,outliers_128,cross_page_submit_subset,312,100,178,703,798,0,0
time,0,pages,outliers_128,page_creation_subset,3,703,703,703,798,0,0
time,0,pages,outliers_128,far_query,20000,47,86,248,31820,0,0
time,0,pages,boundary_128,price_query,20000,47,122,208,3839,0,0
time,0,pages,boundary_128,near_range8,20000,73,211,536,108058,0,0
time,0,pages,boundary_128,index_submit,20000,90,164,315,35466,0,0
time,0,pages,boundary_128,index_ack,20000,85,166,303,22593,0,0
time,0,pages,boundary_128,cross_page_submit_subset,313,96,165,206,5691,0,0
time,0,pages,jump_128,price_query,20000,46,133,352,387982,0,0
time,0,pages,jump_128,near_range8,20000,74,175,307,29898,0,0
time,0,pages,jump_128,index_submit,20000,89,165,368,73325,0,0
time,0,pages,jump_128,index_ack,20000,74,164,418,35563,0,0
time,0,pages,jump_128,cross_page_submit_subset,2704,99,255,569,3348,0,0
time,0,pages,jump_128,page_creation_subset,77,199,569,569,863,0,0
time,0,pages,jump_128,jump_submit_subset,2432,99,234,424,3348,0,0
time,0,pages,4096books_4near_2far,price_query,20000,458,1282,5394,150551,0,0
time,0,pages,new_book_growth,index_insert,20000,430,5600,44304,1476189,0,0
time,0,pages,new_book_growth,page_block_growth_subset,313,5806,76405,672021,1476189,0,0
time,0,pages,engine_cancel_rehang_4near,cancel_to_command,20000,1122,4222,33849,1149187,0,0
time,0,pages,engine_cancel_rehang_4near,new_to_command,20000,1448,6089,33847,351625,0,0
time,0,pages,engine_cancel_rehang_4near,accepted_report,20000,957,4231,24806,389953,0,0
time,0,pages,engine_cancel_rehang_4near,canceled_report,20000,983,4500,26226,195212,0,0
time,0,pages,engine_rolling_4_2far,price_query,20000,57,117,240,1779009,0,0
time,0,pages,engine_rolling_4_2far,intent_to_command,20000,1667,4852,36031,711077,0,0
time,0,pages,engine_rolling_4_2far,intent_queued,20000,815,3906,28950,114703,0,0
time,0,pages,engine_rolling_4_2far,replace_report,20000,1238,4945,33875,236236,0,0
time,0,pages,engine_rolling_4_2far,ready_to_command,20000,1370,4567,33305,64750,0,0
time,0,pages,engine_jump_4_2far,price_query,20000,40,73,124,18555,0,0
time,0,pages,engine_jump_4_2far,intent_to_command,20000,1044,3217,20336,203510,0,0
time,0,pages,engine_jump_4_2far,intent_queued,20000,529,2537,7107,54631,0,0
time,0,pages,engine_jump_4_2far,replace_report,20000,793,4400,19580,74806,0,0
time,0,pages,engine_jump_4_2far,ready_to_command,20000,883,2816,22856,112723,0,0
time,0,pages,engine_jump_4_2far,jump_intent_subset,2496,1068,3816,7359,22820,0,0
time,0,pages,engine_rolling_32_2far,price_query,20000,41,83,130,32409,0,0
time,0,pages,engine_rolling_32_2far,intent_to_command,20000,1039,3136,23029,226295,0,0
time,0,pages,engine_rolling_32_2far,intent_queued,20000,529,2493,7590,235612,0,0
time,0,pages,engine_rolling_32_2far,replace_report,20000,763,3985,19876,90801,0,0
time,0,pages,engine_rolling_32_2far,ready_to_command,20000,884,2782,6880,59969,0,0
time,0,pages,engine_jump_32_2far,price_query,20000,41,82,195,25082,0,0
time,0,pages,engine_jump_32_2far,intent_to_command,20000,1038,3088,21742,79606,0,0
time,0,pages,engine_jump_32_2far,intent_queued,20000,531,2432,6328,45142,0,0
time,0,pages,engine_jump_32_2far,replace_report,20000,771,3902,19810,65197,0,0
time,0,pages,engine_jump_32_2far,ready_to_command,20000,880,2815,20036,230720,0,0
time,0,pages,engine_jump_32_2far,jump_intent_subset,2496,1039,2607,20887,36436,0,0
time,0,adaptive,rolling_4,price_query,20000,46,116,200,51612,0,0
time,0,adaptive,rolling_4,near_range8,20000,44,64,90,21048,0,0
time,0,adaptive,rolling_4,index_submit,20000,82,112,173,27154,0,0
time,0,adaptive,rolling_4,index_ack,20000,76,107,148,11838,0,0
time,0,adaptive,rolling_4,cross_page_submit_subset,314,82,113,209,4106,0,0
time,0,adaptive,outliers_4,price_query,20000,46,63,192,39905,0,0
time,0,adaptive,outliers_4,near_range8,20000,45,76,153,24076,0,0
time,0,adaptive,outliers_4,index_submit,20000,85,140,215,21672,0,0
time,0,adaptive,outliers_4,index_ack,20000,79,128,208,19943,0,0
time,0,adaptive,outliers_4,cross_page_submit_subset,314,87,138,153,177,0,0
time,0,adaptive,outliers_4,far_query,20000,46,64,185,16755,0,0
time,0,adaptive,boundary_4,price_query,20000,45,59,193,17599,0,0
time,0,adaptive,boundary_4,near_range8,20000,45,75,181,45624,0,0
time,0,adaptive,boundary_4,index_submit,20000,83,112,166,21811,0,0
time,0,adaptive,boundary_4,index_ack,20000,88,114,210,27321,0,0
time,0,adaptive,boundary_4,cross_page_submit_subset,5000,82,106,207,18640,0,0
time,0,adaptive,jump_4,price_query,20000,46,60,183,21334,0,0
time,0,adaptive,jump_4,near_range8,20000,44,68,97,17293,0,0
time,0,adaptive,jump_4,index_submit,20000,83,122,185,30906,0,0
time,0,adaptive,jump_4,index_ack,20000,76,128,177,13596,0,0
time,0,adaptive,jump_4,cross_page_submit_subset,3746,97,142,208,262,0,0
time,0,adaptive,jump_4,jump_submit_subset,2496,104,146,184,227,0,0
time,0,adaptive,rolling_32,price_query,20000,60,72,165,85925,0,0
time,0,adaptive,rolling_32,near_range8,20000,66,102,187,21113,0,0
time,0,adaptive,rolling_32,index_submit,20000,96,144,203,27964,0,0
time,0,adaptive,rolling_32,index_ack,20000,71,120,203,16543,0,0
time,0,adaptive,rolling_32,cross_page_submit_subset,305,96,137,150,159,0,0
time,0,adaptive,outliers_32,price_query,20000,61,73,167,43740,0,0
time,0,adaptive,outliers_32,near_range8,20000,67,105,203,31416,0,0
time,0,adaptive,outliers_32,index_submit,20000,98,155,215,17762,0,0
time,0,adaptive,outliers_32,index_ack,20000,70,126,208,26771,0,0
time,0,adaptive,outliers_32,cross_page_submit_subset,305,97,147,157,237,0,0
time,0,adaptive,outliers_32,far_query,20000,61,74,192,20043,0,0
time,0,adaptive,boundary_32,price_query,20000,62,74,182,57565,0,0
time,0,adaptive,boundary_32,near_range8,20000,67,98,217,3608,0,0
time,0,adaptive,boundary_32,index_submit,20000,98,143,223,37950,0,0
time,0,adaptive,boundary_32,index_ack,20000,104,139,238,59903,0,0
time,0,adaptive,boundary_32,cross_page_submit_subset,625,100,134,168,295,0,0
time,0,adaptive,jump_32,price_query,20000,60,73,190,4288,0,0
time,0,adaptive,jump_32,near_range8,20000,66,95,192,18829,0,0
time,0,adaptive,jump_32,index_submit,20000,96,153,259,26813,0,0
time,0,adaptive,jump_32,index_ack,20000,70,167,246,18293,0,0
time,0,adaptive,jump_32,cross_page_submit_subset,2652,120,175,282,18939,0,0
time,0,adaptive,jump_32,jump_submit_subset,2496,121,176,282,18939,0,0
time,0,adaptive,rolling_128,price_query,20000,66,78,134,18354,0,0
time,0,adaptive,rolling_128,near_range8,20000,72,99,192,18296,0,0
time,0,adaptive,rolling_128,index_submit,20000,103,143,208,21701,0,0
time,0,adaptive,rolling_128,index_ack,20000,74,125,203,78866,0,0
time,0,adaptive,rolling_128,cross_page_submit_subset,312,104,143,152,163,0,0
time,0,adaptive,outliers_128,price_query,20000,67,81,163,21055,0,0
time,0,adaptive,outliers_128,near_range8,20000,73,110,210,29599,0,0
time,0,adaptive,outliers_128,index_submit,20000,106,155,227,16763,0,0
time,0,adaptive,outliers_128,index_ack,20000,74,131,259,21558,0,0
time,0,adaptive,outliers_128,cross_page_submit_subset,312,106,153,164,179,0,0
time,0,adaptive,outliers_128,far_query,20000,68,81,188,53498,0,0
time,0,adaptive,boundary_128,price_query,20000,67,81,172,32929,0,0
time,0,adaptive,boundary_128,near_range8,20000,73,100,195,18490,0,0
time,0,adaptive,boundary_128,index_submit,20000,104,142,231,29904,0,0
time,0,adaptive,boundary_128,index_ack,20000,109,149,237,21672,0,0
time,0,adaptive,boundary_128,cross_page_submit_subset,313,115,142,158,171,0,0
time,0,adaptive,jump_128,price_query,20000,65,119,263,20094,0,0
time,0,adaptive,jump_128,near_range8,20000,72,115,210,47689,0,0
time,0,adaptive,jump_128,index_submit,20000,104,165,240,27904,0,0
time,0,adaptive,jump_128,index_ack,20000,74,207,290,17388,0,0
time,0,adaptive,jump_128,cross_page_submit_subset,2704,125,184,227,903,0,0
time,0,adaptive,jump_128,jump_submit_subset,2432,129,186,227,903,0,0
time,0,adaptive,4096books_4near_2far,price_query,20000,207,826,1304,189568,0,0
time,0,adaptive,new_book_growth,index_insert,20000,236,2795,11055,1411573,0,0
time,0,adaptive,engine_cancel_rehang_4near,cancel_to_command,20000,977,2685,23242,1079815,0,0
time,0,adaptive,engine_cancel_rehang_4near,new_to_command,20000,1192,3953,24082,269602,0,0
time,0,adaptive,engine_cancel_rehang_4near,accepted_report,20000,762,4015,20870,47733,0,0
time,0,adaptive,engine_cancel_rehang_4near,canceled_report,20000,769,4017,21478,50276,0,0
time,0,adaptive,engine_rolling_4_2far,price_query,20000,38,91,194,30660,0,0
time,0,adaptive,engine_rolling_4_2far,intent_to_command,20000,1047,3278,25583,187466,0,0
time,0,adaptive,engine_rolling_4_2far,intent_queued,20000,538,2611,11020,726503,0,0
time,0,adaptive,engine_rolling_4_2far,replace_report,20000,800,4135,23491,122209,0,0
time,0,adaptive,engine_rolling_4_2far,ready_to_command,20000,913,2937,22012,596933,0,0
time,0,adaptive,engine_jump_4_2far,price_query,20000,39,86,189,22037,0,0
time,0,adaptive,engine_jump_4_2far,intent_to_command,20000,1049,3250,21938,37053,0,0
time,0,adaptive,engine_jump_4_2far,intent_queued,20000,539,2541,18954,89372,0,0
time,0,adaptive,engine_jump_4_2far,replace_report,20000,812,4099,19106,86843,0,0
time,0,adaptive,engine_jump_4_2far,ready_to_command,20000,909,2855,20740,60549,0,0
time,0,adaptive,engine_jump_4_2far,jump_intent_subset,2496,1059,4052,19827,29412,0,0
time,0,adaptive,engine_rolling_32_2far,price_query,20000,56,101,202,114302,0,0
time,0,adaptive,engine_rolling_32_2far,intent_to_command,20000,1070,3175,24490,98574,0,0
time,0,adaptive,engine_rolling_32_2far,intent_queued,20000,549,2603,7308,41154,0,0
time,0,adaptive,engine_rolling_32_2far,replace_report,20000,800,4141,20532,46439,0,0
time,0,adaptive,engine_rolling_32_2far,ready_to_command,20000,901,2823,14562,124691,0,0
time,0,adaptive,engine_jump_32_2far,price_query,20000,57,121,297,25175,0,0
time,0,adaptive,engine_jump_32_2far,intent_to_command,20000,1096,3906,28415,292720,0,0
time,0,adaptive,engine_jump_32_2far,intent_queued,20000,577,2910,12116,466918,0,0
time,0,adaptive,engine_jump_32_2far,replace_report,20000,868,4569,23000,137732,0,0
time,0,adaptive,engine_jump_32_2far,ready_to_command,20000,915,3169,22705,132202,0,0
time,0,adaptive,engine_jump_32_2far,jump_intent_subset,2496,1087,2717,25296,34607,0,0
time,1,adaptive,rolling_4,price_query,20000,46,132,278,5651,0,0
time,1,adaptive,rolling_4,near_range8,20000,44,84,153,17668,0,0
time,1,adaptive,rolling_4,index_submit,20000,82,143,212,18417,0,0
time,1,adaptive,rolling_4,index_ack,20000,75,137,219,42363,0,0
time,1,adaptive,rolling_4,cross_page_submit_subset,314,82,131,186,240,0,0
time,1,adaptive,outliers_4,price_query,20000,46,59,181,45128,0,0
time,1,adaptive,outliers_4,near_range8,20000,45,70,99,3506,0,0
time,1,adaptive,outliers_4,index_submit,20000,83,124,193,21481,0,0
time,1,adaptive,outliers_4,index_ack,20000,77,112,207,17287,0,0
time,1,adaptive,outliers_4,cross_page_submit_subset,314,83,122,124,128,0,0
time,1,adaptive,outliers_4,far_query,20000,46,59,186,34753,0,0
time,1,adaptive,boundary_4,price_query,20000,45,59,187,17818,0,0
time,1,adaptive,boundary_4,near_range8,20000,45,84,189,39206,0,0
time,1,adaptive,boundary_4,index_submit,20000,82,110,160,33388,0,0
time,1,adaptive,boundary_4,index_ack,20000,86,112,213,17112,0,0
time,1,adaptive,boundary_4,cross_page_submit_subset,5000,81,103,136,3639,0,0
time,1,adaptive,jump_4,price_query,20000,46,60,158,228,0,0
time,1,adaptive,jump_4,near_range8,20000,44,68,103,3854,0,0
time,1,adaptive,jump_4,index_submit,20000,82,122,172,30783,0,0
time,1,adaptive,jump_4,index_ack,20000,76,130,198,29738,0,0
time,1,adaptive,jump_4,cross_page_submit_subset,3746,96,142,251,20111,0,0
time,1,adaptive,jump_4,jump_submit_subset,2496,103,151,251,20111,0,0
time,1,adaptive,rolling_32,price_query,20000,60,73,178,18644,0,0
time,1,adaptive,rolling_32,near_range8,20000,66,109,206,12326,0,0
time,1,adaptive,rolling_32,index_submit,20000,96,145,224,37282,0,0
time,1,adaptive,rolling_32,index_ack,20000,69,117,188,19764,0,0
time,1,adaptive,rolling_32,cross_page_submit_subset,305,96,134,148,156,0,0
time,1,adaptive,outliers_32,price_query,20000,61,70,174,23849,0,0
time,1,adaptive,outliers_32,near_range8,20000,68,103,210,19115,0,0
time,1,adaptive,outliers_32,index_submit,20000,98,152,225,18625,0,0
time,1,adaptive,outliers_32,index_ack,20000,69,121,174,17494,0,0
time,1,adaptive,outliers_32,cross_page_submit_subset,305,96,140,162,164,0,0
time,1,adaptive,outliers_32,far_query,20000,62,74,194,33458,0,0
time,1,adaptive,boundary_32,price_query,20000,61,73,130,28027,0,0
time,1,adaptive,boundary_32,near_range8,20000,67,93,205,28379,0,0
time,1,adaptive,boundary_32,index_submit,20000,97,133,188,22245,0,0
time,1,adaptive,boundary_32,index_ack,20000,102,134,224,27457,0,0
time,1,adaptive,boundary_32,cross_page_submit_subset,625,99,131,143,149,0,0
time,1,adaptive,jump_32,price_query,20000,60,76,181,29682,0,0
time,1,adaptive,jump_32,near_range8,20000,66,119,217,22732,0,0
time,1,adaptive,jump_32,index_submit,20000,96,159,242,20027,0,0
time,1,adaptive,jump_32,index_ack,20000,70,175,252,45383,0,0
time,1,adaptive,jump_32,cross_page_submit_subset,2652,120,176,290,20027,0,0
time,1,adaptive,jump_32,jump_submit_subset,2496,121,178,290,20027,0,0
time,1,adaptive,rolling_128,price_query,20000,66,76,182,17022,0,0
time,1,adaptive,rolling_128,near_range8,20000,72,100,201,18765,0,0
time,1,adaptive,rolling_128,index_submit,20000,103,144,225,28713,0,0
time,1,adaptive,rolling_128,index_ack,20000,74,121,176,17335,0,0
time,1,adaptive,rolling_128,cross_page_submit_subset,312,104,148,153,156,0,0
time,1,adaptive,outliers_128,price_query,20000,68,80,162,25420,0,0
time,1,adaptive,outliers_128,near_range8,20000,74,110,212,22524,0,0
time,1,adaptive,outliers_128,index_submit,20000,106,157,231,40008,0,0
time,1,adaptive,outliers_128,index_ack,20000,74,134,217,3842,0,0
time,1,adaptive,outliers_128,cross_page_submit_subset,312,106,157,178,190,0,0
time,1,adaptive,outliers_128,far_query,20000,68,81,170,17130,0,0
time,1,adaptive,boundary_128,price_query,20000,67,82,183,96040,0,0
time,1,adaptive,boundary_128,near_range8,20000,73,120,219,27494,0,0
time,1,adaptive,boundary_128,index_submit,20000,104,156,257,4241,0,0
time,1,adaptive,boundary_128,index_ack,20000,110,162,255,31470,0,0
time,1,adaptive,boundary_128,cross_page_submit_subset,313,113,160,221,224,0,0
time,1,adaptive,jump_128,price_query,20000,66,79,174,4290,0,0
time,1,adaptive,jump_128,near_range8,20000,73,102,196,16706,0,0
time,1,adaptive,jump_128,index_submit,20000,103,162,240,45476,0,0
time,1,adaptive,jump_128,index_ack,20000,73,205,291,16526,0,0
time,1,adaptive,jump_128,cross_page_submit_subset,2704,124,188,242,1227,0,0
time,1,adaptive,jump_128,jump_submit_subset,2432,128,189,242,1227,0,0
time,1,adaptive,4096books_4near_2far,price_query,20000,185,770,1273,40279,0,0
time,1,adaptive,new_book_growth,index_insert,20000,266,2988,11832,1465375,0,0
time,1,adaptive,engine_cancel_rehang_4near,cancel_to_command,20000,981,2618,22135,1060259,0,0
time,1,adaptive,engine_cancel_rehang_4near,new_to_command,20000,1185,3937,27808,1530700,0,0
time,1,adaptive,engine_cancel_rehang_4near,accepted_report,20000,775,3960,21088,95545,0,0
time,1,adaptive,engine_cancel_rehang_4near,canceled_report,20000,781,3881,24006,309287,0,0
time,1,adaptive,engine_rolling_4_2far,price_query,20000,41,154,263,51084,0,0
time,1,adaptive,engine_rolling_4_2far,intent_to_command,20000,1314,5121,34699,151920,0,0
time,1,adaptive,engine_rolling_4_2far,intent_queued,20000,701,3547,11468,66941,0,0
time,1,adaptive,engine_rolling_4_2far,replace_report,20000,1069,4684,21092,58617,0,0
time,1,adaptive,engine_rolling_4_2far,ready_to_command,20000,996,5089,34469,137684,0,0
time,1,adaptive,engine_jump_4_2far,price_query,20000,38,86,186,18699,0,0
time,1,adaptive,engine_jump_4_2far,intent_to_command,20000,1032,3960,19370,68575,0,0
time,1,adaptive,engine_jump_4_2far,intent_queued,20000,524,2953,6764,86799,0,0
time,1,adaptive,engine_jump_4_2far,replace_report,20000,785,5465,20448,252326,0,0
time,1,adaptive,engine_jump_4_2far,ready_to_command,20000,903,3003,20435,110474,0,0
time,1,adaptive,engine_jump_4_2far,jump_intent_subset,2496,1043,4127,14972,68575,0,0
time,1,adaptive,engine_rolling_32_2far,price_query,20000,55,86,159,5675,0,0
time,1,adaptive,engine_rolling_32_2far,intent_to_command,20000,1040,3103,21214,59353,0,0
time,1,adaptive,engine_rolling_32_2far,intent_queued,20000,524,2494,19055,75096,0,0
time,1,adaptive,engine_rolling_32_2far,replace_report,20000,757,3927,9362,41526,0,0
time,1,adaptive,engine_rolling_32_2far,ready_to_command,20000,895,2844,19626,57466,0,0
time,1,adaptive,engine_jump_32_2far,price_query,20000,57,113,230,18929,0,0
time,1,adaptive,engine_jump_32_2far,intent_to_command,20000,1064,3972,22806,58570,0,0
time,1,adaptive,engine_jump_32_2far,intent_queued,20000,547,2775,20349,60486,0,0
time,1,adaptive,engine_jump_32_2far,replace_report,20000,813,4201,10170,75234,0,0
time,1,adaptive,engine_jump_32_2far,ready_to_command,20000,910,3270,26359,546448,0,0
time,1,adaptive,engine_jump_32_2far,jump_intent_subset,2496,1063,2492,5041,26010,0,0
time,1,pages,rolling_4,price_query,20000,62,190,505,32750,0,0
time,1,pages,rolling_4,near_range8,20000,105,248,534,39791,0,0
time,1,pages,rolling_4,index_submit,20000,160,248,1251,79985,0,0
time,1,pages,rolling_4,index_ack,20000,144,242,397,31713,0,0
time,1,pages,rolling_4,cross_page_submit_subset,314,169,565,884,27859,0,0
time,1,pages,rolling_4,page_creation_subset,78,304,884,884,27859,0,0
time,1,pages,outliers_4,price_query,20000,62,201,489,33316,0,0
time,1,pages,outliers_4,near_range8,20000,103,262,577,19780,0,0
time,1,pages,outliers_4,index_submit,20000,150,245,600,53580,0,0
time,1,pages,outliers_4,index_ack,20000,136,257,687,57138,0,0
time,1,pages,outliers_4,cross_page_submit_subset,314,163,611,927,5055,0,0
time,1,pages,outliers_4,page_creation_subset,78,372,927,927,5055,0,0
time,1,pages,outliers_4,far_query,20000,64,204,537,51103,0,0
time,1,pages,boundary_4,price_query,20000,62,189,484,36349,0,0
time,1,pages,boundary_4,near_range8,20000,116,252,587,37743,0,0
time,1,pages,boundary_4,index_submit,20000,149,204,350,101203,0,0
time,1,pages,boundary_4,index_ack,20000,163,260,993,67762,0,0
time,1,pages,boundary_4,cross_page_submit_subset,5000,145,191,250,45522,0,0
time,1,pages,jump_4,price_query,20000,64,191,505,33562,0,0
time,1,pages,jump_4,near_range8,20000,108,244,576,43877,0,0
time,1,pages,jump_4,index_submit,20000,168,302,585,47046,0,0
time,1,pages,jump_4,index_ack,20000,152,306,544,48248,0,0
time,1,pages,jump_4,cross_page_submit_subset,3746,187,375,638,3938,0,0
time,1,pages,jump_4,page_creation_subset,1248,274,448,590,641,0,0
time,1,pages,jump_4,jump_submit_subset,2496,216,406,638,3938,0,0
time,1,pages,rolling_32,price_query,20000,63,192,485,29458,0,0
time,1,pages,rolling_32,near_range8,20000,128,266,590,53796,0,0
time,1,pages,rolling_32,index_submit,20000,159,216,949,57003,0,0
time,1,pages,rolling_32,index_ack,20000,126,213,662,61513,0,0
time,1,pages,rolling_32,cross_page_submit_subset,305,170,883,1003,1004,0,0
time,1,pages,rolling_32,page_creation_subset,10,852,949,949,1003,0,0
time,1,pages,outliers_32,price_query,20000,64,186,443,29789,0,0
time,1,pages,outliers_32,near_range8,20000,131,270,581,87268,0,0
time,1,pages,outliers_32,index_submit,20000,160,220,3761,56162,0,0
time,1,pages,outliers_32,index_ack,20000,126,219,611,30099,0,0
time,1,pages,outliers_32,cross_page_submit_subset,305,172,870,1079,1136,0,0
time,1,pages,outliers_32,page_creation_subset,10,833,1079,1079,1136,0,0
time,1,pages,outliers_32,far_query,20000,67,180,415,49425,0,0
time,1,pages,boundary_32,price_query,20000,64,183,442,30751,0,0
time,1,pages,boundary_32,near_range8,20000,136,270,511,58973,0,0
time,1,pages,boundary_32,index_submit,20000,158,212,639,76290,0,0
time,1,pages,boundary_32,index_ack,20000,146,257,472,51049,0,0
time,1,pages,boundary_32,cross_page_submit_subset,625,155,205,218,258,0,0
time,1,pages,jump_32,price_query,20000,65,188,476,46233,0,0
time,1,pages,jump_32,near_range8,20000,128,266,574,73204,0,0
time,1,pages,jump_32,index_submit,20000,161,257,517,110433,0,0
time,1,pages,jump_32,index_ack,20000,128,287,569,33857,0,0
time,1,pages,jump_32,cross_page_submit_subset,2652,187,396,621,29883,0,0
time,1,pages,jump_32,page_creation_subset,156,323,621,726,914,0,0
time,1,pages,jump_32,jump_submit_subset,2496,188,397,621,29883,0,0
time,1,pages,rolling_128,price_query,20000,46,63,198,19312,0,0
time,1,pages,rolling_128,near_range8,20000,75,168,277,36363,0,0
time,1,pages,rolling_128,index_submit,20000,88,125,289,20559,0,0
time,1,pages,rolling_128,index_ack,20000,74,109,252,6029,0,0
time,1,pages,rolling_128,cross_page_submit_subset,312,102,157,255,397,0,0
time,1,pages,rolling_128,page_creation_subset,3,240,240,240,397,0,0
time,1,pages,outliers_128,price_query,20000,47,61,190,17725,0,0
time,1,pages,outliers_128,near_range8,20000,73,140,261,17826,0,0
time,1,pages,outliers_128,index_submit,20000,90,123,213,47522,0,0
time,1,pages,outliers_128,index_ack,20000,74,112,268,32280,0,0
time,1,pages,outliers_128,cross_page_submit_subset,312,100,151,399,429,0,0
time,1,pages,outliers_128,page_creation_subset,3,399,399,399,429,0,0
time,1,pages,outliers_128,far_query,20000,47,60,192,3924,0,0
time,1,pages,boundary_128,price_query,20000,47,59,193,18397,0,0
time,1,pages,boundary_128,near_range8,20000,74,126,307,17394,0,0
time,1,pages,boundary_128,index_submit,20000,89,119,218,16688,0,0
time,1,pages,boundary_128,index_ack,20000,84,122,257,29759,0,0
time,1,pages,boundary_128,cross_page_submit_subset,313,97,124,137,137,0,0
time,1,pages,jump_128,price_query,20000,47,60,187,16584,0,0
time,1,pages,jump_128,near_range8,20000,73,114,252,15688,0,0
time,1,pages,jump_128,index_submit,20000,89,130,253,17727,0,0
time,1,pages,jump_128,index_ack,20000,74,136,274,27533,0,0
time,1,pages,jump_128,cross_page_submit_subset,2704,99,203,358,3983,0,0
time,1,pages,jump_128,page_creation_subset,77,182,371,371,3983,0,0
time,1,pages,jump_128,jump_submit_subset,2432,98,188,358,3983,0,0
time,1,pages,4096books_4near_2far,price_query,20000,532,1472,7309,51426,0,0
time,1,pages,new_book_growth,index_insert,20000,444,5974,76075,1486002,0,0
time,1,pages,new_book_growth,page_block_growth_subset,313,5870,195869,487298,1486002,0,0
time,1,pages,engine_cancel_rehang_4near,cancel_to_command,20000,1005,4462,28564,1083815,0,0
time,1,pages,engine_cancel_rehang_4near,new_to_command,20000,1295,7776,37180,272308,0,0
time,1,pages,engine_cancel_rehang_4near,accepted_report,20000,857,4632,26811,129663,0,0
time,1,pages,engine_cancel_rehang_4near,canceled_report,20000,872,5222,28635,79792,0,0
time,1,pages,engine_rolling_4_2far,price_query,20000,39,91,212,42190,0,0
time,1,pages,engine_rolling_4_2far,intent_to_command,20000,1031,3212,20579,54675,0,0
time,1,pages,engine_rolling_4_2far,intent_queued,20000,533,2560,5647,70572,0,0
time,1,pages,engine_rolling_4_2far,replace_report,20000,786,4195,21112,75079,0,0
time,1,pages,engine_rolling_4_2far,ready_to_command,20000,887,2999,21899,78772,0,0
time,1,pages,engine_jump_4_2far,price_query,20000,39,94,265,21425,0,0
time,1,pages,engine_jump_4_2far,intent_to_command,20000,1073,4006,35337,743934,0,0
time,1,pages,engine_jump_4_2far,intent_queued,20000,563,2909,21759,277418,0,0
time,1,pages,engine_jump_4_2far,replace_report,20000,883,4847,20741,246850,0,0
time,1,pages,engine_jump_4_2far,ready_to_command,20000,886,3030,21169,206806,0,0
time,1,pages,engine_jump_4_2far,jump_intent_subset,2496,1099,4790,26764,212733,0,0
time,1,pages,engine_rolling_32_2far,price_query,20000,40,82,227,21087,0,0
time,1,pages,engine_rolling_32_2far,intent_to_command,20000,1047,3233,24622,92459,0,0
time,1,pages,engine_rolling_32_2far,intent_queued,20000,540,2539,9390,38843,0,0
time,1,pages,engine_rolling_32_2far,replace_report,20000,789,4313,22805,68370,0,0
time,1,pages,engine_rolling_32_2far,ready_to_command,20000,879,2809,22129,569340,0,0
time,1,pages,engine_jump_32_2far,price_query,20000,41,86,197,37433,0,0
time,1,pages,engine_jump_32_2far,intent_to_command,20000,1042,3296,27539,81602,0,0
time,1,pages,engine_jump_32_2far,intent_queued,20000,538,2630,8710,67507,0,0
time,1,pages,engine_jump_32_2far,replace_report,20000,776,4439,21630,96325,0,0
time,1,pages,engine_jump_32_2far,ready_to_command,20000,882,2807,23680,41523,0,0
time,1,pages,engine_jump_32_2far,jump_intent_subset,2496,1047,2799,23247,37950,0,0
time,1,standard,rolling_4,price_query,20000,43,124,193,441,0,0
time,1,standard,rolling_4,near_range8,20000,49,138,236,34082,0,0
time,1,standard,rolling_4,index_submit,20000,82,115,158,3932,0,0
time,1,standard,rolling_4,index_ack,20000,77,138,235,21205,0,0
time,1,standard,rolling_4,cross_page_submit_subset,314,81,118,130,133,0,0
time,1,standard,outliers_4,price_query,20000,42,57,171,20529,0,0
time,1,standard,outliers_4,near_range8,20000,50,84,200,18720,0,0
time,1,standard,outliers_4,index_submit,20000,84,122,175,44337,0,0
time,1,standard,outliers_4,index_ack,20000,79,127,205,18579,0,0
time,1,standard,outliers_4,cross_page_submit_subset,314,84,131,172,191,0,0
time,1,standard,outliers_4,far_query,20000,44,57,184,19331,0,0
time,1,standard,boundary_4,price_query,20000,42,113,193,40009,0,0
time,1,standard,boundary_4,near_range8,20000,51,107,222,21036,0,0
time,1,standard,boundary_4,index_submit,20000,82,126,193,18907,0,0
time,1,standard,boundary_4,index_ack,20000,95,154,308,32742,0,0
time,1,standard,boundary_4,cross_page_submit_subset,5000,80,116,165,18907,0,0
time,1,standard,jump_4,price_query,20000,42,58,187,4728,0,0
time,1,standard,jump_4,near_range8,20000,49,82,203,463,0,0
time,1,standard,jump_4,index_submit,20000,83,120,165,54304,0,0
time,1,standard,jump_4,index_ack,20000,76,144,236,19359,0,0
time,1,standard,jump_4,cross_page_submit_subset,3746,96,136,175,54304,0,0
time,1,standard,jump_4,jump_submit_subset,2496,102,141,175,3990,0,0
time,1,standard,rolling_32,price_query,20000,46,76,187,26742,0,0
time,1,standard,rolling_32,near_range8,20000,75,156,275,34890,0,0
time,1,standard,rolling_32,index_submit,20000,90,160,238,24094,0,0
time,1,standard,rolling_32,index_ack,20000,71,153,396,54758,0,0
time,1,standard,rolling_32,cross_page_submit_subset,305,90,137,173,173,0,0
time,1,standard,outliers_32,price_query,20000,44,64,185,35512,0,0
time,1,standard,outliers_32,near_range8,20000,73,137,270,21006,0,0
time,1,standard,outliers_32,index_submit,20000,100,161,253,19547,0,0
time,1,standard,outliers_32,index_ack,20000,70,149,420,36567,0,0
time,1,standard,outliers_32,cross_page_submit_subset,305,100,144,163,194,0,0
time,1,standard,outliers_32,far_query,20000,50,70,182,24436,0,0
time,1,standard,boundary_32,price_query,20000,45,66,178,51094,0,0
time,1,standard,boundary_32,near_range8,20000,72,134,268,28256,0,0
time,1,standard,boundary_32,index_submit,20000,87,155,242,3744,0,0
time,1,standard,boundary_32,index_ack,20000,95,193,356,28783,0,0
time,1,standard,boundary_32,cross_page_submit_subset,625,86,123,157,374,0,0
time,1,standard,jump_32,price_query,20000,46,77,181,395,0,0
time,1,standard,jump_32,near_range8,20000,76,153,312,22769,0,0
time,1,standard,jump_32,index_submit,20000,91,177,288,23567,0,0
time,1,standard,jump_32,index_ack,20000,70,228,382,17033,0,0
time,1,standard,jump_32,cross_page_submit_subset,2652,124,236,791,23567,0,0
time,1,standard,jump_32,jump_submit_subset,2496,125,238,791,23567,0,0
time,1,standard,rolling_128,price_query,20000,51,95,191,4216,0,0
time,1,standard,rolling_128,near_range8,20000,86,198,340,44352,0,0
time,1,standard,rolling_128,index_submit,20000,109,192,302,36681,0,0
time,1,standard,rolling_128,index_ack,20000,74,150,500,31658,0,0
time,1,standard,rolling_128,cross_page_submit_subset,312,107,187,226,285,0,0
time,1,standard,outliers_128,price_query,20000,52,82,170,3548,0,0
time,1,standard,outliers_128,near_range8,20000,81,140,268,17712,0,0
time,1,standard,outliers_128,index_submit,20000,106,162,304,19971,0,0
time,1,standard,outliers_128,index_ack,20000,74,147,390,18759,0,0
time,1,standard,outliers_128,cross_page_submit_subset,312,106,162,255,259,0,0
time,1,standard,outliers_128,far_query,20000,56,81,184,40979,0,0
time,1,standard,boundary_128,price_query,20000,50,72,176,20779,0,0
time,1,standard,boundary_128,near_range8,20000,81,122,297,22743,0,0
time,1,standard,boundary_128,index_submit,20000,99,142,255,34942,0,0
time,1,standard,boundary_128,index_ack,20000,98,255,370,6640,0,0
time,1,standard,boundary_128,cross_page_submit_subset,313,99,139,147,150,0,0
time,1,standard,jump_128,price_query,20000,54,102,194,27005,0,0
time,1,standard,jump_128,near_range8,20000,80,173,323,38892,0,0
time,1,standard,jump_128,index_submit,20000,114,232,513,32575,0,0
time,1,standard,jump_128,index_ack,20000,74,303,522,28563,0,0
time,1,standard,jump_128,cross_page_submit_subset,2704,161,371,1020,17863,0,0
time,1,standard,jump_128,jump_submit_subset,2432,163,380,1020,17863,0,0
time,1,standard,4096books_4near_2far,price_query,20000,224,822,1301,39692,0,0
time,1,standard,new_book_growth,index_insert,20000,281,3457,19624,1371430,0,0
time,1,standard,engine_cancel_rehang_4near,cancel_to_command,20000,970,1720,22873,1071708,0,0
time,1,standard,engine_cancel_rehang_4near,new_to_command,20000,1155,3436,24495,328361,0,0
time,1,standard,engine_cancel_rehang_4near,accepted_report,20000,746,3654,8311,46587,0,0
time,1,standard,engine_cancel_rehang_4near,canceled_report,20000,766,3796,20376,40182,0,0
time,1,standard,engine_rolling_4_2far,price_query,20000,33,69,134,36706,0,0
time,1,standard,engine_rolling_4_2far,intent_to_command,20000,1014,3055,20307,42113,0,0
time,1,standard,engine_rolling_4_2far,intent_queued,20000,516,2468,6778,54168,0,0
time,1,standard,engine_rolling_4_2far,replace_report,20000,756,4126,19463,40733,0,0
time,1,standard,engine_rolling_4_2far,ready_to_command,20000,895,2801,20091,50555,0,0
time,1,standard,engine_jump_4_2far,price_query,20000,34,96,302,18894,0,0
time,1,standard,engine_jump_4_2far,intent_to_command,20000,1065,3438,30011,91791,0,0
time,1,standard,engine_jump_4_2far,intent_queued,20000,562,2695,7225,58931,0,0
time,1,standard,engine_jump_4_2far,replace_report,20000,874,4220,20542,57970,0,0
time,1,standard,engine_jump_4_2far,ready_to_command,20000,899,3046,27413,809128,0,0
time,1,standard,engine_jump_4_2far,jump_intent_subset,2496,1073,3935,22913,42452,0,0
time,1,standard,engine_rolling_32_2far,price_query,20000,62,144,400,40457,0,0
time,1,standard,engine_rolling_32_2far,intent_to_command,20000,1204,4559,27985,106808,0,0
time,1,standard,engine_rolling_32_2far,intent_queued,20000,657,3431,28152,965300,0,0
time,1,standard,engine_rolling_32_2far,replace_report,20000,960,5193,28964,85182,0,0
time,1,standard,engine_rolling_32_2far,ready_to_command,20000,952,4001,25628,1979765,0,0
time,1,standard,engine_jump_32_2far,price_query,20000,59,138,268,138086,0,0
time,1,standard,engine_jump_32_2far,intent_to_command,20000,1090,4490,29074,1253583,0,0
time,1,standard,engine_jump_32_2far,intent_queued,20000,561,3302,19370,130054,0,0
time,1,standard,engine_jump_32_2far,replace_report,20000,848,5792,27466,141002,0,0
time,1,standard,engine_jump_32_2far,ready_to_command,20000,923,3180,27767,106270,0,0
time,1,standard,engine_jump_32_2far,jump_intent_subset,2496,1095,4093,6682,31149,0,0
time,2,standard,rolling_4,price_query,20000,43,134,322,31208,0,0
time,2,standard,rolling_4,near_range8,20000,50,147,266,16938,0,0
time,2,standard,rolling_4,index_submit,20000,81,128,201,57642,0,0
time,2,standard,rolling_4,index_ack,20000,75,147,337,21879,0,0
time,2,standard,rolling_4,cross_page_submit_subset,314,81,130,155,232,0,0
time,2,standard,outliers_4,price_query,20000,43,127,203,16977,0,0
time,2,standard,outliers_4,near_range8,20000,51,162,251,29063,0,0
time,2,standard,outliers_4,index_submit,20000,85,159,266,17839,0,0
time,2,standard,outliers_4,index_ack,20000,80,167,348,25332,0,0
time,2,standard,outliers_4,cross_page_submit_subset,314,85,168,271,1023,0,0
time,2,standard,outliers_4,far_query,20000,44,126,284,49384,0,0
time,2,standard,boundary_4,price_query,20000,42,68,221,45145,0,0
time,2,standard,boundary_4,near_range8,20000,52,105,213,19881,0,0
time,2,standard,boundary_4,index_submit,20000,82,121,197,18061,0,0
time,2,standard,boundary_4,index_ack,20000,94,150,314,20816,0,0
time,2,standard,boundary_4,cross_page_submit_subset,5000,80,116,225,15676,0,0
time,2,standard,jump_4,price_query,20000,43,57,186,29564,0,0
time,2,standard,jump_4,near_range8,20000,49,80,206,49501,0,0
time,2,standard,jump_4,index_submit,20000,83,120,160,4435,0,0
time,2,standard,jump_4,index_ack,20000,76,143,256,25094,0,0
time,2,standard,jump_4,cross_page_submit_subset,3746,97,132,206,4435,0,0
time,2,standard,jump_4,jump_submit_subset,2496,102,138,206,4435,0,0
time,2,standard,rolling_32,price_query,20000,45,76,195,17586,0,0
time,2,standard,rolling_32,near_range8,20000,75,165,289,41963,0,0
time,2,standard,rolling_32,index_submit,20000,90,151,242,41848,0,0
time,2,standard,rolling_32,index_ack,20000,70,152,375,6263,0,0
time,2,standard,rolling_32,cross_page_submit_subset,305,90,124,148,156,0,0
time,2,standard,outliers_32,price_query,20000,47,130,250,192010,0,0
time,2,standard,outliers_32,near_range8,20000,87,229,407,244561,0,0
time,2,standard,outliers_32,index_submit,20000,110,241,526,185066,0,0
time,2,standard,outliers_32,index_ack,20000,73,246,623,13148,0,0
time,2,standard,outliers_32,cross_page_submit_subset,305,110,211,222,620,0,0
time,2,standard,outliers_32,far_query,20000,53,132,233,38264,0,0
time,2,standard,boundary_32,price_query,20000,65,174,285,30495,0,0
time,2,standard,boundary_32,near_range8,20000,134,256,434,50369,0,0
time,2,standard,boundary_32,index_submit,20000,156,259,410,47112,0,0
time,2,standard,boundary_32,index_ack,20000,169,368,680,59486,0,0
time,2,standard,boundary_32,cross_page_submit_subset,625,147,205,230,235,0,0
time,2,standard,jump_32,price_query,20000,66,174,391,32301,0,0
time,2,standard,jump_32,near_range8,20000,135,261,460,30976,0,0
time,2,standard,jump_32,index_submit,20000,160,302,516,48135,0,0
time,2,standard,jump_32,index_ack,20000,123,412,724,43965,0,0
time,2,standard,jump_32,cross_page_submit_subset,2652,213,396,663,32116,0,0
time,2,standard,jump_32,jump_submit_subset,2496,216,402,663,32116,0,0
time,2,standard,rolling_128,price_query,20000,74,181,441,31804,0,0
time,2,standard,rolling_128,near_range8,20000,154,309,682,56970,0,0
time,2,standard,rolling_128,index_submit,20000,180,269,589,58243,0,0
time,2,standard,rolling_128,index_ack,20000,116,260,1313,10620,0,0
time,2,standard,rolling_128,cross_page_submit_subset,312,181,254,307,409,0,0
time,2,standard,outliers_128,price_query,20000,75,169,332,8292,0,0
time,2,standard,outliers_128,near_range8,20000,157,288,570,35467,0,0
time,2,standard,outliers_128,index_submit,20000,181,284,705,45734,0,0
time,2,standard,outliers_128,index_ack,20000,120,263,958,57012,0,0
time,2,standard,outliers_128,cross_page_submit_subset,312,185,302,360,388,0,0
time,2,standard,outliers_128,far_query,20000,85,179,401,30934,0,0
time,2,standard,boundary_128,price_query,20000,75,162,292,7950,0,0
time,2,standard,boundary_128,near_range8,20000,163,302,662,48681,0,0
time,2,standard,boundary_128,index_submit,20000,178,246,667,63724,0,0
time,2,standard,boundary_128,index_ack,20000,172,441,962,57513,0,0
time,2,standard,boundary_128,cross_page_submit_subset,313,177,247,269,312,0,0
time,2,standard,jump_128,price_query,20000,79,175,347,38998,0,0
time,2,standard,jump_128,near_range8,20000,170,298,569,50044,0,0
time,2,standard,jump_128,index_submit,20000,197,410,1002,53942,0,0
time,2,standard,jump_128,index_ack,20000,129,508,1140,30515,0,0
time,2,standard,jump_128,cross_page_submit_subset,2704,275,721,8420,53942,0,0
time,2,standard,jump_128,jump_submit_subset,2432,284,783,8420,53942,0,0
time,2,standard,4096books_4near_2far,price_query,20000,390,1031,2123,57898,0,0
time,2,standard,new_book_growth,index_insert,20000,541,6889,34910,2236231,0,0
time,2,standard,engine_cancel_rehang_4near,cancel_to_command,20000,1819,2715,39128,1613228,0,0
time,2,standard,engine_cancel_rehang_4near,new_to_command,20000,2154,11816,58262,415670,0,0
time,2,standard,engine_cancel_rehang_4near,accepted_report,20000,1449,6113,36729,114393,0,0
time,2,standard,engine_cancel_rehang_4near,canceled_report,20000,1504,6113,36276,80470,0,0
time,2,standard,engine_rolling_4_2far,price_query,20000,63,105,145,548,0,0
time,2,standard,engine_rolling_4_2far,intent_to_command,20000,1865,5273,36285,176041,0,0
time,2,standard,engine_rolling_4_2far,intent_queued,20000,937,3987,35242,77589,0,0
time,2,standard,engine_rolling_4_2far,replace_report,20000,1498,6413,39059,89005,0,0
time,2,standard,engine_rolling_4_2far,ready_to_command,20000,1498,4778,35443,115532,0,0
time,2,standard,engine_jump_4_2far,price_query,20000,66,114,170,53730,0,0
time,2,standard,engine_jump_4_2far,intent_to_command,20000,1929,5428,36076,56409,0,0
time,2,standard,engine_jump_4_2far,intent_queued,20000,944,3883,33379,68763,0,0
time,2,standard,engine_jump_4_2far,replace_report,20000,1470,6336,35345,133087,0,0
time,2,standard,engine_jump_4_2far,ready_to_command,20000,1665,4698,36667,142104,0,0
time,2,standard,engine_jump_4_2far,jump_intent_subset,2496,1960,6490,35937,56361,0,0
time,2,standard,engine_rolling_32_2far,price_query,20000,93,142,250,8641,0,0
time,2,standard,engine_rolling_32_2far,intent_to_command,20000,2010,5393,40827,79683,0,0
time,2,standard,engine_rolling_32_2far,intent_queued,20000,928,3915,32846,71232,0,0
time,2,standard,engine_rolling_32_2far,replace_report,20000,1386,6178,37722,108841,0,0
time,2,standard,engine_rolling_32_2far,ready_to_command,20000,1652,4751,36536,79749,0,0
time,2,standard,engine_jump_32_2far,price_query,20000,93,150,257,34188,0,0
time,2,standard,engine_jump_32_2far,intent_to_command,20000,2052,5513,37498,82935,0,0
time,2,standard,engine_jump_32_2far,intent_queued,20000,965,4018,34754,77255,0,0
time,2,standard,engine_jump_32_2far,replace_report,20000,1480,6368,35672,77567,0,0
time,2,standard,engine_jump_32_2far,ready_to_command,20000,1639,4715,37043,176643,0,0
time,2,standard,engine_jump_32_2far,jump_intent_subset,2496,2061,4400,36467,40007,0,0
time,2,pages,rolling_4,price_query,20000,62,165,417,72691,0,0
time,2,pages,rolling_4,near_range8,20000,108,240,479,49064,0,0
time,2,pages,rolling_4,index_submit,20000,164,302,560,80187,0,0
time,2,pages,rolling_4,index_ack,20000,150,296,537,35768,0,0
time,2,pages,rolling_4,cross_page_submit_subset,314,179,617,760,1249,0,0
time,2,pages,rolling_4,page_creation_subset,78,382,742,742,1249,0,0
time,2,pages,outliers_4,price_query,20000,63,142,219,8337,0,0
time,2,pages,outliers_4,near_range8,20000,107,215,539,82453,0,0
time,2,pages,outliers_4,index_submit,20000,168,234,535,58839,0,0
time,2,pages,outliers_4,index_ack,20000,151,236,526,54589,0,0
time,2,pages,outliers_4,cross_page_submit_subset,314,176,579,842,1054,0,0
time,2,pages,outliers_4,page_creation_subset,78,457,645,645,842,0,0
time,2,pages,outliers_4,far_query,20000,64,132,252,32798,0,0
time,2,pages,boundary_4,price_query,20000,64,170,331,65491,0,0
time,2,pages,boundary_4,near_range8,20000,124,232,345,36741,0,0
time,2,pages,boundary_4,index_submit,20000,169,219,308,47161,0,0
time,2,pages,boundary_4,index_ack,20000,181,276,691,55269,0,0
time,2,pages,boundary_4,cross_page_submit_subset,5000,166,201,304,27247,0,0
time,2,pages,jump_4,price_query,20000,61,166,443,34451,0,0
time,2,pages,jump_4,near_range8,20000,104,224,427,48630,0,0
time,2,pages,jump_4,index_submit,20000,164,312,407,31031,0,0
time,2,pages,jump_4,index_ack,20000,151,309,573,121698,0,0
time,2,pages,jump_4,cross_page_submit_subset,3746,185,345,454,19860,0,0
time,2,pages,jump_4,page_creation_subset,1248,264,401,476,748,0,0
time,2,pages,jump_4,jump_submit_subset,2496,223,357,454,748,0,0
time,2,pages,rolling_32,price_query,20000,61,163,229,18193,0,0
time,2,pages,rolling_32,near_range8,20000,125,251,558,63938,0,0
time,2,pages,rolling_32,index_submit,20000,151,214,561,7641,0,0
time,2,pages,rolling_32,index_ack,20000,124,212,1081,62250,0,0
time,2,pages,rolling_32,cross_page_submit_subset,305,163,1088,1174,2408,0,0
time,2,pages,rolling_32,page_creation_subset,10,977,1174,1174,2408,0,0
time,2,pages,outliers_32,price_query,20000,64,174,406,147959,0,0
time,2,pages,outliers_32,near_range8,20000,134,250,567,57705,0,0
time,2,pages,outliers_32,index_submit,20000,165,223,523,32707,0,0
time,2,pages,outliers_32,index_ack,20000,130,219,742,49229,0,0
time,2,pages,outliers_32,cross_page_submit_subset,305,177,1052,1138,1726,0,0
time,2,pages,outliers_32,page_creation_subset,10,1003,1138,1138,1726,0,0
time,2,pages,outliers_32,far_query,20000,67,157,270,48331,0,0
time,2,pages,boundary_32,price_query,20000,64,151,292,48532,0,0
time,2,pages,boundary_32,near_range8,20000,140,258,521,149189,0,0
time,2,pages,boundary_32,index_submit,20000,165,217,327,31940,0,0
time,2,pages,boundary_32,index_ack,20000,148,259,527,61866,0,0
time,2,pages,boundary_32,cross_page_submit_subset,625,162,229,292,330,0,0
time,2,pages,jump_32,price_query,20000,63,172,309,34580,0,0
time,2,pages,jump_32,near_range8,20000,127,234,412,36562,0,0
time,2,pages,jump_32,index_submit,20000,160,257,595,117191,0,0
time,2,pages,jump_32,index_ack,20000,130,280,668,32483,0,0
time,2,pages,jump_32,cross_page_submit_subset,2652,189,454,874,1203,0,0
time,2,pages,jump_32,page_creation_subset,156,331,874,1072,1203,0,0
time,2,pages,jump_32,jump_submit_subset,2496,191,459,745,1203,0,0
time,2,pages,rolling_128,price_query,20000,64,165,263,30690,0,0
time,2,pages,rolling_128,near_range8,20000,134,248,455,31874,0,0
time,2,pages,rolling_128,index_submit,20000,164,216,581,66785,0,0
time,2,pages,rolling_128,index_ack,20000,127,192,409,34296,0,0
time,2,pages,rolling_128,cross_page_submit_subset,312,180,303,2238,8436,0,0
time,2,pages,rolling_128,page_creation_subset,3,1205,1205,1205,2238,0,0
time,2,pages,outliers_128,price_query,20000,65,166,307,30727,0,0
time,2,pages,outliers_128,near_range8,20000,138,258,455,50043,0,0
time,2,pages,outliers_128,index_submit,20000,169,223,522,32681,0,0
time,2,pages,outliers_128,index_ack,20000,128,207,489,32439,0,0
time,2,pages,outliers_128,cross_page_submit_subset,312,179,217,1636,2364,0,0
time,2,pages,outliers_128,page_creation_subset,3,1636,1636,1636,2364,0,0
time,2,pages,outliers_128,far_query,20000,68,175,308,64003,0,0
time,2,pages,boundary_128,price_query,20000,62,166,354,16656,0,0
time,2,pages,boundary_128,near_range8,20000,127,244,405,49851,0,0
time,2,pages,boundary_128,index_submit,20000,152,207,367,52272,0,0
time,2,pages,boundary_128,index_ack,20000,142,229,537,50305,0,0
time,2,pages,boundary_128,cross_page_submit_subset,313,159,244,252,281,0,0
time,2,pages,jump_128,price_query,20000,63,167,325,32413,0,0
time,2,pages,jump_128,near_range8,20000,130,239,410,61840,0,0
time,2,pages,jump_128,index_submit,20000,163,255,905,82024,0,0
time,2,pages,jump_128,index_ack,20000,129,253,574,96650,0,0
time,2,pages,jump_128,cross_page_submit_subset,2704,194,544,11033,31997,0,0
time,2,pages,jump_128,page_creation_subset,77,465,1100,1100,1121,0,0
time,2,pages,jump_128,jump_submit_subset,2432,196,503,11033,31997,0,0
time,2,pages,4096books_4near_2far,price_query,20000,493,1468,15668,104879,0,0
time,2,pages,new_book_growth,index_insert,20000,436,5754,55982,1552808,0,0
time,2,pages,new_book_growth,page_block_growth_subset,313,5783,183236,408207,1552808,0,0
time,2,pages,engine_cancel_rehang_4near,cancel_to_command,20000,996,3820,29684,1116068,0,0
time,2,pages,engine_cancel_rehang_4near,new_to_command,20000,1270,5939,30534,316785,0,0
time,2,pages,engine_cancel_rehang_4near,accepted_report,20000,823,4072,21740,89534,0,0
time,2,pages,engine_cancel_rehang_4near,canceled_report,20000,840,4491,27388,126437,0,0
time,2,pages,engine_rolling_4_2far,price_query,20000,40,103,224,31753,0,0
time,2,pages,engine_rolling_4_2far,intent_to_command,20000,1132,4079,29618,138712,0,0
time,2,pages,engine_rolling_4_2far,intent_queued,20000,625,3288,18291,127553,0,0
time,2,pages,engine_rolling_4_2far,replace_report,20000,953,5206,34970,199684,0,0
time,2,pages,engine_rolling_4_2far,ready_to_command,20000,894,3255,24222,207339,0,0
time,2,pages,engine_jump_4_2far,price_query,20000,47,122,255,61054,0,0
time,2,pages,engine_jump_4_2far,intent_to_command,20000,1399,4564,33505,143704,0,0
time,2,pages,engine_jump_4_2far,intent_queued,20000,721,3603,28656,131841,0,0
time,2,pages,engine_jump_4_2far,replace_report,20000,1063,4634,35980,220363,0,0
time,2,pages,engine_jump_4_2far,ready_to_command,20000,1041,4102,25791,108928,0,0
time,2,pages,engine_jump_4_2far,jump_intent_subset,2496,1464,5925,33318,42053,0,0
time,2,pages,engine_rolling_32_2far,price_query,20000,41,90,215,50658,0,0
time,2,pages,engine_rolling_32_2far,intent_to_command,20000,1052,3225,28601,372115,0,0
time,2,pages,engine_rolling_32_2far,intent_queued,20000,546,2568,22955,418209,0,0
time,2,pages,engine_rolling_32_2far,replace_report,20000,806,4042,25032,66293,0,0
time,2,pages,engine_rolling_32_2far,ready_to_command,20000,883,2875,20690,83839,0,0
time,2,pages,engine_jump_32_2far,price_query,20000,48,124,317,20532,0,0
time,2,pages,engine_jump_32_2far,intent_to_command,20000,1256,4730,38119,220675,0,0
time,2,pages,engine_jump_32_2far,intent_queued,20000,718,3704,29075,921862,0,0
time,2,pages,engine_jump_32_2far,replace_report,20000,1094,4770,26761,321513,0,0
time,2,pages,engine_jump_32_2far,ready_to_command,20000,924,4264,28819,112434,0,0
time,2,pages,engine_jump_32_2far,jump_intent_subset,2496,1235,2866,22241,99111,0,0
time,2,adaptive,rolling_4,price_query,20000,46,138,225,17827,0,0
time,2,adaptive,rolling_4,near_range8,20000,45,71,117,690,0,0
time,2,adaptive,rolling_4,index_submit,20000,82,124,203,21455,0,0
time,2,adaptive,rolling_4,index_ack,20000,77,117,221,18092,0,0
time,2,adaptive,rolling_4,cross_page_submit_subset,314,82,115,136,156,0,0
time,2,adaptive,outliers_4,price_query,20000,46,132,224,50371,0,0
time,2,adaptive,outliers_4,near_range8,20000,46,89,170,56325,0,0
time,2,adaptive,outliers_4,index_submit,20000,85,159,302,93975,0,0
time,2,adaptive,outliers_4,index_ack,20000,78,149,306,97669,0,0
time,2,adaptive,outliers_4,cross_page_submit_subset,314,86,168,175,190,0,0
time,2,adaptive,outliers_4,far_query,20000,46,127,217,111498,0,0
time,2,adaptive,boundary_4,price_query,20000,45,164,293,4060,0,0
time,2,adaptive,boundary_4,near_range8,20000,46,129,223,20876,0,0
time,2,adaptive,boundary_4,index_submit,20000,83,145,278,2102738,0,0
time,2,adaptive,boundary_4,index_ack,20000,88,155,247,5510,0,0
time,2,adaptive,boundary_4,cross_page_submit_subset,5000,81,134,208,2102738,0,0
time,2,adaptive,jump_4,price_query,20000,46,75,271,27416,0,0
time,2,adaptive,jump_4,near_range8,20000,45,83,157,13053,0,0
time,2,adaptive,jump_4,index_submit,20000,85,149,239,21828,0,0
time,2,adaptive,jump_4,index_ack,20000,78,149,245,114030,0,0
time,2,adaptive,jump_4,cross_page_submit_subset,3746,99,169,237,17819,0,0
time,2,adaptive,jump_4,jump_submit_subset,2496,107,178,246,17819,0,0
time,2,adaptive,rolling_32,price_query,20000,60,89,202,166590,0,0
time,2,adaptive,rolling_32,near_range8,20000,66,127,248,17720,0,0
time,2,adaptive,rolling_32,index_submit,20000,96,147,281,34175,0,0
time,2,adaptive,rolling_32,index_ack,20000,71,124,252,93282,0,0
time,2,adaptive,rolling_32,cross_page_submit_subset,305,96,140,174,174,0,0
time,2,adaptive,outliers_32,price_query,20000,61,125,214,44747,0,0
time,2,adaptive,outliers_32,near_range8,20000,68,153,246,6760,0,0
time,2,adaptive,outliers_32,index_submit,20000,100,161,305,38725,0,0
time,2,adaptive,outliers_32,index_ack,20000,69,129,248,4092,0,0
time,2,adaptive,outliers_32,cross_page_submit_subset,305,98,166,196,209,0,0
time,2,adaptive,outliers_32,far_query,20000,62,123,204,24175,0,0
time,2,adaptive,boundary_32,price_query,20000,62,115,198,36340,0,0
time,2,adaptive,boundary_32,near_range8,20000,67,132,240,42342,0,0
time,2,adaptive,boundary_32,index_submit,20000,97,156,280,24554,0,0
time,2,adaptive,boundary_32,index_ack,20000,104,157,246,31731,0,0
time,2,adaptive,boundary_32,cross_page_submit_subset,625,100,140,161,210,0,0
time,2,adaptive,jump_32,price_query,20000,60,112,212,16909,0,0
time,2,adaptive,jump_32,near_range8,20000,66,127,222,22725,0,0
time,2,adaptive,jump_32,index_submit,20000,98,163,270,44539,0,0
time,2,adaptive,jump_32,index_ack,20000,70,176,284,100207,0,0
time,2,adaptive,jump_32,cross_page_submit_subset,2652,120,181,309,4109,0,0
time,2,adaptive,jump_32,jump_submit_subset,2496,122,181,309,4109,0,0
time,2,adaptive,rolling_128,price_query,20000,66,84,217,51860,0,0
time,2,adaptive,rolling_128,near_range8,20000,72,130,269,28457,0,0
time,2,adaptive,rolling_128,index_submit,20000,103,163,274,61514,0,0
time,2,adaptive,rolling_128,index_ack,20000,74,135,250,74284,0,0
time,2,adaptive,rolling_128,cross_page_submit_subset,312,103,147,162,212,0,0
time,2,adaptive,outliers_128,price_query,20000,67,88,210,101059,0,0
time,2,adaptive,outliers_128,near_range8,20000,74,132,254,18716,0,0
time,2,adaptive,outliers_128,index_submit,20000,107,167,264,17268,0,0
time,2,adaptive,outliers_128,index_ack,20000,74,136,257,30084,0,0
time,2,adaptive,outliers_128,cross_page_submit_subset,312,107,169,214,214,0,0
time,2,adaptive,outliers_128,far_query,20000,68,92,202,82126,0,0
time,2,adaptive,boundary_128,price_query,20000,68,131,242,28415,0,0
time,2,adaptive,boundary_128,near_range8,20000,73,159,267,36666,0,0
time,2,adaptive,boundary_128,index_submit,20000,104,175,334,66134,0,0
time,2,adaptive,boundary_128,index_ack,20000,111,181,275,17599,0,0
time,2,adaptive,boundary_128,cross_page_submit_subset,313,115,160,255,280,0,0
time,2,adaptive,jump_128,price_query,20000,66,159,309,352948,0,0
time,2,adaptive,jump_128,near_range8,20000,72,130,261,58191,0,0
time,2,adaptive,jump_128,index_submit,20000,104,174,371,101550,0,0
time,2,adaptive,jump_128,index_ack,20000,74,223,370,50578,0,0
time,2,adaptive,jump_128,cross_page_submit_subset,2704,126,213,591,22158,0,0
time,2,adaptive,jump_128,jump_submit_subset,2432,130,210,591,22158,0,0
time,2,adaptive,4096books_4near_2far,price_query,20000,265,933,1667,38627,0,0
time,2,adaptive,new_book_growth,index_insert,20000,295,3212,21145,1417001,0,0
time,2,adaptive,engine_cancel_rehang_4near,cancel_to_command,20000,1537,2936,46944,1392941,0,0
time,2,adaptive,engine_cancel_rehang_4near,new_to_command,20000,1934,6700,43085,368980,0,0
time,2,adaptive,engine_cancel_rehang_4near,accepted_report,20000,1371,4320,34822,144662,0,0
time,2,adaptive,engine_cancel_rehang_4near,canceled_report,20000,1364,4237,35034,154364,0,0
time,2,adaptive,engine_rolling_4_2far,price_query,20000,46,110,355,21315,0,0
time,2,adaptive,engine_rolling_4_2far,intent_to_command,20000,1442,4361,36110,127676,0,0
time,2,adaptive,engine_rolling_4_2far,intent_queued,20000,787,3469,31363,63728,0,0
time,2,adaptive,engine_rolling_4_2far,replace_report,20000,1246,5768,36549,78365,0,0
time,2,adaptive,engine_rolling_4_2far,ready_to_command,20000,1177,3992,31979,136863,0,0
time,2,adaptive,engine_jump_4_2far,price_query,20000,43,102,206,39340,0,0
time,2,adaptive,engine_jump_4_2far,intent_to_command,20000,1411,4354,36971,109614,0,0
time,2,adaptive,engine_jump_4_2far,intent_queued,20000,772,3518,22061,84964,0,0
time,2,adaptive,engine_jump_4_2far,replace_report,20000,1206,5270,33241,164622,0,0
time,2,adaptive,engine_jump_4_2far,ready_to_command,20000,1153,4072,32101,52313,0,0
time,2,adaptive,engine_jump_4_2far,jump_intent_subset,2496,1431,4942,12187,76458,0,0
time,2,adaptive,engine_rolling_32_2far,price_query,20000,55,113,274,23168,0,0
time,2,adaptive,engine_rolling_32_2far,intent_to_command,20000,1080,4028,22527,71647,0,0
time,2,adaptive,engine_rolling_32_2far,intent_queued,20000,567,3006,26589,374394,0,0
time,2,adaptive,engine_rolling_32_2far,replace_report,20000,836,5033,26512,146644,0,0
time,2,adaptive,engine_rolling_32_2far,ready_to_command,20000,895,3000,25922,185220,0,0
time,2,adaptive,engine_jump_32_2far,price_query,20000,55,94,187,39322,0,0
time,2,adaptive,engine_jump_32_2far,intent_to_command,20000,1070,3335,22374,2111644,0,0
time,2,adaptive,engine_jump_32_2far,intent_queued,20000,557,2716,8715,269779,0,0
time,2,adaptive,engine_jump_32_2far,replace_report,20000,837,4338,22570,2120895,0,0
time,2,adaptive,engine_jump_32_2far,ready_to_command,20000,901,2933,23742,1870749,0,0
time,2,adaptive,engine_jump_32_2far,jump_intent_subset,2496,1074,2804,23111,69311,0,0
time,3,adaptive,rolling_4,price_query,20000,46,163,331,26004,0,0
time,3,adaptive,rolling_4,near_range8,20000,45,96,180,29574,0,0
time,3,adaptive,rolling_4,index_submit,20000,84,169,296,39816,0,0
time,3,adaptive,rolling_4,index_ack,20000,77,166,290,21495,0,0
time,3,adaptive,rolling_4,cross_page_submit_subset,314,83,158,181,244,0,0
time,3,adaptive,outliers_4,price_query,20000,46,70,191,22675,0,0
time,3,adaptive,outliers_4,near_range8,20000,46,85,161,17377,0,0
time,3,adaptive,outliers_4,index_submit,20000,84,152,243,21977,0,0
time,3,adaptive,outliers_4,index_ack,20000,79,141,294,17694,0,0
time,3,adaptive,outliers_4,cross_page_submit_subset,314,84,130,155,164,0,0
time,3,adaptive,outliers_4,far_query,20000,46,71,195,57958,0,0
time,3,adaptive,boundary_4,price_query,20000,45,66,191,16635,0,0
time,3,adaptive,boundary_4,near_range8,20000,46,120,231,17631,0,0
time,3,adaptive,boundary_4,index_submit,20000,83,144,231,36275,0,0
time,3,adaptive,boundary_4,index_ack,20000,87,154,247,21014,0,0
time,3,adaptive,boundary_4,cross_page_submit_subset,5000,81,134,191,36275,0,0
time,3,adaptive,jump_4,price_query,20000,46,79,234,17267,0,0
time,3,adaptive,jump_4,near_range8,20000,45,90,208,5463,0,0
time,3,adaptive,jump_4,index_submit,20000,84,160,277,28224,0,0
time,3,adaptive,jump_4,index_ack,20000,80,162,250,22709,0,0
time,3,adaptive,jump_4,cross_page_submit_subset,3746,98,176,256,21014,0,0
time,3,adaptive,jump_4,jump_submit_subset,2496,104,189,256,21014,0,0
time,3,adaptive,rolling_32,price_query,20000,60,88,206,21927,0,0
time,3,adaptive,rolling_32,near_range8,20000,66,127,252,43417,0,0
time,3,adaptive,rolling_32,index_submit,20000,96,156,239,30090,0,0
time,3,adaptive,rolling_32,index_ack,20000,70,125,241,24298,0,0
time,3,adaptive,rolling_32,cross_page_submit_subset,305,96,150,161,238,0,0
time,3,adaptive,outliers_32,price_query,20000,62,126,211,21459,0,0
time,3,adaptive,outliers_32,near_range8,20000,68,190,300,47215,0,0
time,3,adaptive,outliers_32,index_submit,20000,100,195,290,16979,0,0
time,3,adaptive,outliers_32,index_ack,20000,72,172,277,38635,0,0
time,3,adaptive,outliers_32,cross_page_submit_subset,305,100,172,228,258,0,0
time,3,adaptive,outliers_32,far_query,20000,62,169,225,17028,0,0
time,3,adaptive,boundary_32,price_query,20000,63,171,280,98532,0,0
time,3,adaptive,boundary_32,near_range8,20000,68,185,285,40235,0,0
time,3,adaptive,boundary_32,index_submit,20000,99,204,322,22980,0,0
time,3,adaptive,boundary_32,index_ack,20000,104,212,329,49792,0,0
time,3,adaptive,boundary_32,cross_page_submit_subset,625,103,196,230,236,0,0
time,3,adaptive,jump_32,price_query,20000,61,140,234,24630,0,0
time,3,adaptive,jump_32,near_range8,20000,67,174,304,37198,0,0
time,3,adaptive,jump_32,index_submit,20000,100,231,341,50491,0,0
time,3,adaptive,jump_32,index_ack,20000,73,246,352,5166,0,0
time,3,adaptive,jump_32,cross_page_submit_subset,2652,129,282,6003,50491,0,0
time,3,adaptive,jump_32,jump_submit_subset,2496,130,285,6003,50491,0,0
time,3,adaptive,rolling_128,price_query,20000,66,130,287,24750,0,0
time,3,adaptive,rolling_128,near_range8,20000,72,162,276,45482,0,0
time,3,adaptive,rolling_128,index_submit,20000,104,194,309,32712,0,0
time,3,adaptive,rolling_128,index_ack,20000,75,160,287,23178,0,0
time,3,adaptive,rolling_128,cross_page_submit_subset,312,105,189,217,254,0,0
time,3,adaptive,outliers_128,price_query,20000,68,128,248,17016,0,0
time,3,adaptive,outliers_128,near_range8,20000,74,167,283,38140,0,0
time,3,adaptive,outliers_128,index_submit,20000,106,195,315,22606,0,0
time,3,adaptive,outliers_128,index_ack,20000,74,159,273,51731,0,0
time,3,adaptive,outliers_128,cross_page_submit_subset,312,107,205,232,272,0,0
time,3,adaptive,outliers_128,far_query,20000,69,122,248,24534,0,0
time,3,adaptive,boundary_128,price_query,20000,67,114,210,4122,0,0
time,3,adaptive,boundary_128,near_range8,20000,74,153,258,41779,0,0
time,3,adaptive,boundary_128,index_submit,20000,105,181,310,23747,0,0
time,3,adaptive,boundary_128,index_ack,20000,110,187,289,196956,0,0
time,3,adaptive,boundary_128,cross_page_submit_subset,313,114,212,233,283,0,0
time,3,adaptive,jump_128,price_query,20000,67,137,233,22708,0,0
time,3,adaptive,jump_128,near_range8,20000,74,168,281,42652,0,0
time,3,adaptive,jump_128,index_submit,20000,112,262,374,34990,0,0
time,3,adaptive,jump_128,index_ack,20000,79,318,452,24701,0,0
time,3,adaptive,jump_128,cross_page_submit_subset,2704,152,302,724,25319,0,0
time,3,adaptive,jump_128,jump_submit_subset,2432,154,305,724,25319,0,0
time,3,adaptive,4096books_4near_2far,price_query,20000,249,931,1816,72832,0,0
time,3,adaptive,new_book_growth,index_insert,20000,444,3813,27189,2025702,0,0
time,3,adaptive,engine_cancel_rehang_4near,cancel_to_command,20000,1005,3938,26027,1131905,0,0
time,3,adaptive,engine_cancel_rehang_4near,new_to_command,20000,1252,5737,34236,622897,0,0
time,3,adaptive,engine_cancel_rehang_4near,accepted_report,20000,826,5546,21807,193376,0,0
time,3,adaptive,engine_cancel_rehang_4near,canceled_report,20000,826,5380,20624,132681,0,0
time,3,adaptive,engine_rolling_4_2far,price_query,20000,37,90,160,24292,0,0
time,3,adaptive,engine_rolling_4_2far,intent_to_command,20000,1033,3015,15820,45911,0,0
time,3,adaptive,engine_rolling_4_2far,intent_queued,20000,529,2476,8774,52213,0,0
time,3,adaptive,engine_rolling_4_2far,replace_report,20000,786,4046,19586,72896,0,0
time,3,adaptive,engine_rolling_4_2far,ready_to_command,20000,906,2904,21601,54724,0,0
time,3,adaptive,engine_jump_4_2far,price_query,20000,37,84,154,21081,0,0
time,3,adaptive,engine_jump_4_2far,intent_to_command,20000,1038,3110,20985,329370,0,0
time,3,adaptive,engine_jump_4_2far,intent_queued,20000,530,2437,5114,122193,0,0
time,3,adaptive,engine_jump_4_2far,replace_report,20000,788,4024,19742,43983,0,0
time,3,adaptive,engine_jump_4_2far,ready_to_command,20000,903,2851,20087,84925,0,0
time,3,adaptive,engine_jump_4_2far,jump_intent_subset,2496,1049,3940,21480,34891,0,0
time,3,adaptive,engine_rolling_32_2far,price_query,20000,54,95,190,34554,0,0
time,3,adaptive,engine_rolling_32_2far,intent_to_command,20000,1049,3127,22452,83447,0,0
time,3,adaptive,engine_rolling_32_2far,intent_queued,20000,537,2604,5647,52999,0,0
time,3,adaptive,engine_rolling_32_2far,replace_report,20000,775,4040,19182,45467,0,0
time,3,adaptive,engine_rolling_32_2far,ready_to_command,20000,892,2841,19588,121690,0,0
time,3,adaptive,engine_jump_32_2far,price_query,20000,56,98,251,7093,0,0
time,3,adaptive,engine_jump_32_2far,intent_to_command,20000,1056,3215,25066,316964,0,0
time,3,adaptive,engine_jump_32_2far,intent_queued,20000,542,2602,7306,66368,0,0
time,3,adaptive,engine_jump_32_2far,replace_report,20000,787,4286,22744,202517,0,0
time,3,adaptive,engine_jump_32_2far,ready_to_command,20000,900,2900,22540,207795,0,0
time,3,adaptive,engine_jump_32_2far,jump_intent_subset,2496,1058,2875,34840,316964,0,0
time,3,pages,rolling_4,price_query,20000,46,165,255,18633,0,0
time,3,pages,rolling_4,near_range8,20000,64,193,252,18162,0,0
time,3,pages,rolling_4,index_submit,20000,89,142,228,173451,0,0
time,3,pages,rolling_4,index_ack,20000,80,132,284,19798,0,0
time,3,pages,rolling_4,cross_page_submit_subset,314,94,247,284,313,0,0
time,3,pages,rolling_4,page_creation_subset,78,161,284,284,313,0,0
time,3,pages,outliers_4,price_query,20000,46,164,257,41351,0,0
time,3,pages,outliers_4,near_range8,20000,64,194,321,23211,0,0
time,3,pages,outliers_4,index_submit,20000,88,190,408,163108,0,0
time,3,pages,outliers_4,index_ack,20000,82,188,376,28517,0,0
time,3,pages,outliers_4,cross_page_submit_subset,314,97,444,509,1003,0,0
time,3,pages,outliers_4,page_creation_subset,78,194,509,509,1003,0,0
time,3,pages,outliers_4,far_query,20000,47,133,273,123518,0,0
time,3,pages,boundary_4,price_query,20000,46,160,251,27291,0,0
time,3,pages,boundary_4,near_range8,20000,68,189,316,32338,0,0
time,3,pages,boundary_4,index_submit,20000,88,167,256,30304,0,0
time,3,pages,boundary_4,index_ack,20000,96,209,380,18463,0,0
time,3,pages,boundary_4,cross_page_submit_subset,5000,86,160,225,14938,0,0
time,3,pages,jump_4,price_query,20000,46,79,337,17960,0,0
time,3,pages,jump_4,near_range8,20000,64,159,265,24584,0,0
time,3,pages,jump_4,index_submit,20000,92,175,304,31686,0,0
time,3,pages,jump_4,index_ack,20000,83,186,342,22585,0,0
time,3,pages,jump_4,cross_page_submit_subset,3746,98,247,350,31686,0,0
time,3,pages,jump_4,page_creation_subset,1248,149,279,355,6003,0,0
time,3,pages,jump_4,jump_submit_subset,2496,130,261,355,31686,0,0
time,3,pages,rolling_32,price_query,20000,46,69,196,36920,0,0
time,3,pages,rolling_32,near_range8,20000,74,192,407,72461,0,0
time,3,pages,rolling_32,index_submit,20000,88,163,363,28217,0,0
time,3,pages,rolling_32,index_ack,20000,70,156,323,44772,0,0
time,3,pages,rolling_32,cross_page_submit_subset,305,97,345,652,21103,0,0
time,3,pages,rolling_32,page_creation_subset,10,345,652,652,21103,0,0
time,3,pages,outliers_32,price_query,20000,46,72,197,15384,0,0
time,3,pages,outliers_32,near_range8,20000,74,164,315,27490,0,0
time,3,pages,outliers_32,index_submit,20000,88,164,423,21157,0,0
time,3,pages,outliers_32,index_ack,20000,71,144,337,23294,0,0
time,3,pages,outliers_32,cross_page_submit_subset,305,96,548,796,4111,0,0
time,3,pages,outliers_32,page_creation_subset,10,446,643,643,796,0,0
time,3,pages,outliers_32,far_query,20000,47,72,226,22866,0,0
time,3,pages,boundary_32,price_query,20000,46,64,192,27103,0,0
time,3,pages,boundary_32,near_range8,20000,74,141,256,21909,0,0
time,3,pages,boundary_32,index_submit,20000,87,150,223,35511,0,0
time,3,pages,boundary_32,index_ack,20000,86,152,273,21273,0,0
time,3,pages,boundary_32,cross_page_submit_subset,625,88,137,172,275,0,0
time,3,pages,jump_32,price_query,20000,46,79,230,21779,0,0
time,3,pages,jump_32,near_range8,20000,74,146,271,37218,0,0
time,3,pages,jump_32,index_submit,20000,87,161,248,22928,0,0
time,3,pages,jump_32,index_ack,20000,70,147,262,4126,0,0
time,3,pages,jump_32,cross_page_submit_subset,2652,95,206,284,4416,0,0
time,3,pages,jump_32,page_creation_subset,156,168,284,371,561,0,0
time,3,pages,jump_32,jump_submit_subset,2496,95,209,273,561,0,0
time,3,pages,rolling_128,price_query,20000,46,59,133,20408,0,0
time,3,pages,rolling_128,near_range8,20000,75,105,238,17501,0,0
time,3,pages,rolling_128,index_submit,20000,89,119,174,17609,0,0
time,3,pages,rolling_128,index_ack,20000,74,105,212,17329,0,0
time,3,pages,rolling_128,cross_page_submit_subset,312,102,140,260,272,0,0
time,3,pages,rolling_128,page_creation_subset,3,260,260,260,272,0,0
time,3,pages,outliers_128,price_query,20000,46,63,180,2942,0,0
time,3,pages,outliers_128,near_range8,20000,75,129,248,29563,0,0
time,3,pages,outliers_128,index_submit,20000,90,146,255,18137,0,0
time,3,pages,outliers_128,index_ack,20000,74,117,263,28792,0,0
time,3,pages,outliers_128,cross_page_submit_subset,312,101,163,382,393,0,0
time,3,pages,outliers_128,page_creation_subset,3,382,382,382,393,0,0
time,3,pages,outliers_128,far_query,20000,48,66,185,24595,0,0
time,3,pages,boundary_128,price_query,20000,47,63,183,42481,0,0
time,3,pages,boundary_128,near_range8,20000,74,140,268,20874,0,0
time,3,pages,boundary_128,index_submit,20000,88,145,225,21822,0,0
time,3,pages,boundary_128,index_ack,20000,84,126,244,21891,0,0
time,3,pages,boundary_128,cross_page_submit_subset,313,97,141,168,188,0,0
time,3,pages,jump_128,price_query,20000,47,115,203,45871,0,0
time,3,pages,jump_128,near_range8,20000,75,178,297,5059,0,0
time,3,pages,jump_128,index_submit,20000,90,177,337,23249,0,0
time,3,pages,jump_128,index_ack,20000,76,190,331,38852,0,0
time,3,pages,jump_128,cross_page_submit_subset,2704,100,226,381,4386,0,0
time,3,pages,jump_128,page_creation_subset,77,185,381,381,481,0,0
time,3,pages,jump_128,jump_submit_subset,2432,100,220,381,4386,0,0
time,3,pages,4096books_4near_2far,price_query,20000,413,1385,6631,70011,0,0
time,3,pages,new_book_growth,index_insert,20000,425,5508,51076,1453874,0,0
time,3,pages,new_book_growth,page_block_growth_subset,313,5671,86809,331914,1453874,0,0
time,3,pages,engine_cancel_rehang_4near,cancel_to_command,20000,966,3359,26858,1065851,0,0
time,3,pages,engine_cancel_rehang_4near,new_to_command,20000,1243,5262,27072,270727,0,0
time,3,pages,engine_cancel_rehang_4near,accepted_report,20000,779,3948,21393,80609,0,0
time,3,pages,engine_cancel_rehang_4near,canceled_report,20000,798,4030,22242,75138,0,0
time,3,pages,engine_rolling_4_2far,price_query,20000,40,78,126,358,0,0
time,3,pages,engine_rolling_4_2far,intent_to_command,20000,1035,3283,20224,54168,0,0
time,3,pages,engine_rolling_4_2far,intent_queued,20000,536,2612,5462,47426,0,0
time,3,pages,engine_rolling_4_2far,replace_report,20000,791,4211,20487,60423,0,0
time,3,pages,engine_rolling_4_2far,ready_to_command,20000,886,2924,20306,36779,0,0
time,3,pages,engine_jump_4_2far,price_query,20000,40,89,164,37414,0,0
time,3,pages,engine_jump_4_2far,intent_to_command,20000,1039,3234,20283,114345,0,0
time,3,pages,engine_jump_4_2far,intent_queued,20000,535,2600,7037,52708,0,0
time,3,pages,engine_jump_4_2far,replace_report,20000,812,4135,20761,73372,0,0
time,3,pages,engine_jump_4_2far,ready_to_command,20000,884,3015,20433,60024,0,0
time,3,pages,engine_jump_4_2far,jump_intent_subset,2496,1067,4543,25043,44988,0,0
time,3,pages,engine_rolling_32_2far,price_query,20000,40,85,155,999,0,0
time,3,pages,engine_rolling_32_2far,intent_to_command,20000,1050,3207,20809,115792,0,0
time,3,pages,engine_rolling_32_2far,intent_queued,20000,546,2659,18979,44034,0,0
time,3,pages,engine_rolling_32_2far,replace_report,20000,813,4138,21352,174645,0,0
time,3,pages,engine_rolling_32_2far,ready_to_command,20000,879,2931,19993,48073,0,0
time,3,pages,engine_jump_32_2far,price_query,20000,41,80,134,25913,0,0
time,3,pages,engine_jump_32_2far,intent_to_command,20000,1035,3216,21572,86864,0,0
time,3,pages,engine_jump_32_2far,intent_queued,20000,531,2577,6248,42731,0,0
time,3,pages,engine_jump_32_2far,replace_report,20000,758,4078,19800,57403,0,0
time,3,pages,engine_jump_32_2far,ready_to_command,20000,880,2836,19290,73826,0,0
time,3,pages,engine_jump_32_2far,jump_intent_subset,2496,1034,2614,21201,36224,0,0
time,3,standard,rolling_4,price_query,20000,43,63,223,17548,0,0
time,3,standard,rolling_4,near_range8,20000,49,89,222,58218,0,0
time,3,standard,rolling_4,index_submit,20000,81,116,173,17456,0,0
time,3,standard,rolling_4,index_ack,20000,76,137,208,88372,0,0
time,3,standard,rolling_4,cross_page_submit_subset,314,81,120,171,204,0,0
time,3,standard,outliers_4,price_query,20000,44,59,171,4072,0,0
time,3,standard,outliers_4,near_range8,20000,50,85,216,4256,0,0
time,3,standard,outliers_4,index_submit,20000,84,124,211,17580,0,0
time,3,standard,outliers_4,index_ack,20000,79,126,286,45768,0,0
time,3,standard,outliers_4,cross_page_submit_subset,314,85,133,342,13011,0,0
time,3,standard,outliers_4,far_query,20000,45,60,193,17126,0,0
time,3,standard,boundary_4,price_query,20000,42,66,205,23553,0,0
time,3,standard,boundary_4,near_range8,20000,51,117,238,18008,0,0
time,3,standard,boundary_4,index_submit,20000,82,121,204,5519,0,0
time,3,standard,boundary_4,index_ack,20000,95,151,334,47682,0,0
time,3,standard,boundary_4,cross_page_submit_subset,5000,80,115,169,4209,0,0
time,3,standard,jump_4,price_query,20000,44,58,188,4235,0,0
time,3,standard,jump_4,near_range8,20000,48,79,206,5694,0,0
time,3,standard,jump_4,index_submit,20000,83,120,165,31126,0,0
time,3,standard,jump_4,index_ack,20000,76,144,240,21579,0,0
time,3,standard,jump_4,cross_page_submit_subset,3746,98,133,161,232,0,0
time,3,standard,jump_4,jump_submit_subset,2496,104,136,161,232,0,0
time,3,standard,rolling_32,price_query,20000,45,81,219,18243,0,0
time,3,standard,rolling_32,near_range8,20000,75,169,390,68372,0,0
time,3,standard,rolling_32,index_submit,20000,90,167,258,32524,0,0
time,3,standard,rolling_32,index_ack,20000,71,161,390,24680,0,0
time,3,standard,rolling_32,cross_page_submit_subset,305,90,168,181,1013,0,0
time,3,standard,outliers_32,price_query,20000,45,129,287,23465,0,0
time,3,standard,outliers_32,near_range8,20000,73,201,428,32444,0,0
time,3,standard,outliers_32,index_submit,20000,101,172,284,37470,0,0
time,3,standard,outliers_32,index_ack,20000,70,161,423,37067,0,0
time,3,standard,outliers_32,cross_page_submit_subset,305,103,160,204,242,0,0
time,3,standard,outliers_32,far_query,20000,50,127,305,9925,0,0
time,3,standard,boundary_32,price_query,20000,45,123,227,35677,0,0
time,3,standard,boundary_32,near_range8,20000,72,197,305,24862,0,0
time,3,standard,boundary_32,index_submit,20000,88,173,325,49743,0,0
time,3,standard,boundary_32,index_ack,20000,96,229,430,31578,0,0
time,3,standard,boundary_32,cross_page_submit_subset,625,87,166,212,684,0,0
time,3,standard,jump_32,price_query,20000,46,86,238,17604,0,0
time,3,standard,jump_32,near_range8,20000,76,186,391,17942,0,0
time,3,standard,jump_32,index_submit,20000,92,175,290,21733,0,0
time,3,standard,jump_32,index_ack,20000,70,230,372,100178,0,0
time,3,standard,jump_32,cross_page_submit_subset,2652,123,226,433,4458,0,0
time,3,standard,jump_32,jump_submit_subset,2496,124,228,433,4458,0,0
time,3,standard,rolling_128,price_query,20000,52,105,226,52361,0,0
time,3,standard,rolling_128,near_range8,20000,83,180,369,31498,0,0
time,3,standard,rolling_128,index_submit,20000,109,186,260,20187,0,0
time,3,standard,rolling_128,index_ack,20000,74,143,382,23705,0,0
time,3,standard,rolling_128,cross_page_submit_subset,312,107,181,233,463,0,0
time,3,standard,outliers_128,price_query,20000,53,86,207,17291,0,0
time,3,standard,outliers_128,near_range8,20000,79,159,318,18255,0,0
time,3,standard,outliers_128,index_submit,20000,107,166,293,35207,0,0
time,3,standard,outliers_128,index_ack,20000,74,147,424,17288,0,0
time,3,standard,outliers_128,cross_page_submit_subset,312,107,155,186,206,0,0
time,3,standard,outliers_128,far_query,20000,57,90,195,15140,0,0
time,3,standard,boundary_128,price_query,20000,50,74,198,18001,0,0
time,3,standard,boundary_128,near_range8,20000,81,139,294,20586,0,0
time,3,standard,boundary_128,index_submit,20000,99,143,257,32200,0,0
time,3,standard,boundary_128,index_ack,20000,99,263,427,42517,0,0
time,3,standard,boundary_128,cross_page_submit_subset,313,100,140,174,3119,0,0
time,3,standard,jump_128,price_query,20000,54,91,192,4182,0,0
time,3,standard,jump_128,near_range8,20000,80,158,306,16931,0,0
time,3,standard,jump_128,index_submit,20000,113,224,399,27613,0,0
time,3,standard,jump_128,index_ack,20000,73,298,502,37956,0,0
time,3,standard,jump_128,cross_page_submit_subset,2704,162,365,804,1204,0,0
time,3,standard,jump_128,jump_submit_subset,2432,165,374,804,1204,0,0
time,3,standard,4096books_4near_2far,price_query,20000,244,900,1859,43100,0,0
time,3,standard,new_book_growth,index_insert,20000,323,3795,23901,1489770,0,0
time,3,standard,engine_cancel_rehang_4near,cancel_to_command,20000,1021,2008,26617,1170118,0,0
time,3,standard,engine_cancel_rehang_4near,new_to_command,20000,1263,3877,27400,279667,0,0
time,3,standard,engine_cancel_rehang_4near,accepted_report,20000,853,4099,22235,55834,0,0
time,3,standard,engine_cancel_rehang_4near,canceled_report,20000,876,3983,21234,65156,0,0
time,3,standard,engine_rolling_4_2far,price_query,20000,34,68,161,2089,0,0
time,3,standard,engine_rolling_4_2far,intent_to_command,20000,1050,3332,20163,40291,0,0
time,3,standard,engine_rolling_4_2far,intent_queued,20000,546,2683,18816,58675,0,0
time,3,standard,engine_rolling_4_2far,replace_report,20000,839,4363,23124,60252,0,0
time,3,standard,engine_rolling_4_2far,ready_to_command,20000,900,2979,13866,65797,0,0
time,3,standard,engine_jump_4_2far,price_query,20000,34,72,132,36736,0,0
time,3,standard,engine_jump_4_2far,intent_to_command,20000,1038,3199,21356,70899,0,0
time,3,standard,engine_jump_4_2far,intent_queued,20000,531,2504,5945,54890,0,0
time,3,standard,engine_jump_4_2far,replace_report,20000,817,4296,19328,59872,0,0
time,3,standard,engine_jump_4_2far,ready_to_command,20000,899,2935,21026,39953,0,0
time,3,standard,engine_jump_4_2far,jump_intent_subset,2496,1049,3865,13078,21356,0,0
time,3,standard,engine_rolling_32_2far,price_query,20000,58,98,213,37076,0,0
time,3,standard,engine_rolling_32_2far,intent_to_command,20000,1084,3532,22325,115710,0,0
time,3,standard,engine_rolling_32_2far,intent_queued,20000,552,2710,7180,54776,0,0
time,3,standard,engine_rolling_32_2far,replace_report,20000,839,4288,20189,50881,0,0
time,3,standard,engine_rolling_32_2far,ready_to_command,20000,909,2952,21511,101609,0,0
time,3,standard,engine_jump_32_2far,price_query,20000,57,99,160,25799,0,0
time,3,standard,engine_jump_32_2far,intent_to_command,20000,1066,3146,19705,62867,0,0
time,3,standard,engine_jump_32_2far,intent_queued,20000,543,2577,9292,68651,0,0
time,3,standard,engine_jump_32_2far,replace_report,20000,842,4166,20509,50593,0,0
time,3,standard,engine_jump_32_2far,ready_to_command,20000,908,2880,20093,147308,0,0
time,3,standard,engine_jump_32_2far,jump_intent_subset,2496,1069,2510,5739,44212,0,0
time,4,standard,rolling_4,price_query,20000,42,159,241,4575,0,0
time,4,standard,rolling_4,near_range8,20000,48,164,242,5936,0,0
time,4,standard,rolling_4,index_submit,20000,81,136,208,45217,0,0
time,4,standard,rolling_4,index_ack,20000,76,151,325,29461,0,0
time,4,standard,rolling_4,cross_page_submit_subset,314,82,140,240,413,0,0
time,4,standard,outliers_4,price_query,20000,43,60,194,22361,0,0
time,4,standard,outliers_4,near_range8,20000,50,115,255,46078,0,0
time,4,standard,outliers_4,index_submit,20000,84,126,219,23847,0,0
time,4,standard,outliers_4,index_ack,20000,79,126,255,18459,0,0
time,4,standard,outliers_4,cross_page_submit_subset,314,84,144,184,18080,0,0
time,4,standard,outliers_4,far_query,20000,44,64,194,4467,0,0
time,4,standard,boundary_4,price_query,20000,41,58,196,18136,0,0
time,4,standard,boundary_4,near_range8,20000,50,84,215,27827,0,0
time,4,standard,boundary_4,index_submit,20000,82,114,168,20960,0,0
time,4,standard,boundary_4,index_ack,20000,95,136,280,33451,0,0
time,4,standard,boundary_4,cross_page_submit_subset,5000,80,103,149,20960,0,0
time,4,standard,jump_4,price_query,20000,42,72,234,783,0,0
time,4,standard,jump_4,near_range8,20000,49,112,209,41743,0,0
time,4,standard,jump_4,index_submit,20000,83,174,215,17736,0,0
time,4,standard,jump_4,index_ack,20000,76,205,324,24986,0,0
time,4,standard,jump_4,cross_page_submit_subset,3746,98,192,221,17736,0,0
time,4,standard,jump_4,jump_submit_subset,2496,104,197,231,17736,0,0
time,4,standard,rolling_32,price_query,20000,45,69,182,27438,0,0
time,4,standard,rolling_32,near_range8,20000,75,130,295,41450,0,0
time,4,standard,rolling_32,index_submit,20000,89,133,212,17720,0,0
time,4,standard,rolling_32,index_ack,20000,71,140,384,22552,0,0
time,4,standard,rolling_32,cross_page_submit_subset,305,90,135,151,174,0,0
time,4,standard,outliers_32,price_query,20000,44,74,182,17088,0,0
time,4,standard,outliers_32,near_range8,20000,72,155,266,31298,0,0
time,4,standard,outliers_32,index_submit,20000,100,178,312,29568,0,0
time,4,standard,outliers_32,index_ack,20000,69,155,400,5396,0,0
time,4,standard,outliers_32,cross_page_submit_subset,305,101,171,177,241,0,0
time,4,standard,outliers_32,far_query,20000,50,83,199,22394,0,0
time,4,standard,boundary_32,price_query,20000,45,72,189,24230,0,0
time,4,standard,boundary_32,near_range8,20000,72,153,306,49759,0,0
time,4,standard,boundary_32,index_submit,20000,87,161,257,21910,0,0
time,4,standard,boundary_32,index_ack,20000,95,206,413,3617,0,0
time,4,standard,boundary_32,cross_page_submit_subset,625,85,158,231,254,0,0
time,4,standard,jump_32,price_query,20000,46,89,242,39228,0,0
time,4,standard,jump_32,near_range8,20000,75,164,303,17503,0,0
time,4,standard,jump_32,index_submit,20000,92,180,297,23137,0,0
time,4,standard,jump_32,index_ack,20000,70,236,404,18156,0,0
time,4,standard,jump_32,cross_page_submit_subset,2652,125,241,401,487,0,0
time,4,standard,jump_32,jump_submit_subset,2496,126,253,401,487,0,0
time,4,standard,rolling_128,price_query,20000,52,87,198,18336,0,0
time,4,standard,rolling_128,near_range8,20000,83,167,315,4683,0,0
time,4,standard,rolling_128,index_submit,20000,108,171,287,38651,0,0
time,4,standard,rolling_128,index_ack,20000,74,140,485,17124,0,0
time,4,standard,rolling_128,cross_page_submit_subset,312,107,153,188,233,0,0
time,4,standard,outliers_128,price_query,20000,53,89,195,2912,0,0
time,4,standard,outliers_128,near_range8,20000,79,175,328,39403,0,0
time,4,standard,outliers_128,index_submit,20000,107,192,360,106102,0,0
time,4,standard,outliers_128,index_ack,20000,73,154,478,26800,0,0
time,4,standard,outliers_128,cross_page_submit_subset,312,107,180,70699,106102,0,0
time,4,standard,outliers_128,far_query,20000,56,99,201,20882,0,0
time,4,standard,boundary_128,price_query,20000,50,135,344,55368,0,0
time,4,standard,boundary_128,near_range8,20000,81,229,470,40195,0,0
time,4,standard,boundary_128,index_submit,20000,100,201,345,22839,0,0
time,4,standard,boundary_128,index_ack,20000,103,314,690,78566,0,0
time,4,standard,boundary_128,cross_page_submit_subset,313,104,201,218,224,0,0
time,4,standard,jump_128,price_query,20000,54,107,219,32996,0,0
time,4,standard,jump_128,near_range8,20000,80,187,427,24721,0,0
time,4,standard,jump_128,index_submit,20000,114,261,485,98341,0,0
time,4,standard,jump_128,index_ack,20000,74,299,523,1381,0,0
time,4,standard,jump_128,cross_page_submit_subset,2704,163,400,1058,17723,0,0
time,4,standard,jump_128,jump_submit_subset,2432,165,405,1058,17723,0,0
time,4,standard,4096books_4near_2far,price_query,20000,221,832,1424,28565,0,0
time,4,standard,new_book_growth,index_insert,20000,330,4134,30917,2625430,0,0
time,4,standard,engine_cancel_rehang_4near,cancel_to_command,20000,1009,2037,23959,1125375,0,0
time,4,standard,engine_cancel_rehang_4near,new_to_command,20000,1250,4150,41550,306519,0,0
time,4,standard,engine_cancel_rehang_4near,accepted_report,20000,826,3952,26600,128492,0,0
time,4,standard,engine_cancel_rehang_4near,canceled_report,20000,847,3970,26051,169357,0,0
time,4,standard,engine_rolling_4_2far,price_query,20000,33,70,137,624,0,0
time,4,standard,engine_rolling_4_2far,intent_to_command,20000,1042,3137,20930,52597,0,0
time,4,standard,engine_rolling_4_2far,intent_queued,20000,544,2625,7024,107813,0,0
time,4,standard,engine_rolling_4_2far,replace_report,20000,812,4202,23316,680865,0,0
time,4,standard,engine_rolling_4_2far,ready_to_command,20000,898,2932,20406,54476,0,0
time,4,standard,engine_jump_4_2far,price_query,20000,33,79,194,23730,0,0
time,4,standard,engine_jump_4_2far,intent_to_command,20000,1043,3387,24875,79760,0,0
time,4,standard,engine_jump_4_2far,intent_queued,20000,543,2625,7109,111775,0,0
time,4,standard,engine_jump_4_2far,replace_report,20000,817,4265,20701,243970,0,0
time,4,standard,engine_jump_4_2far,ready_to_command,20000,896,2905,26118,200995,0,0
time,4,standard,engine_jump_4_2far,jump_intent_subset,2496,1054,3985,8964,38554,0,0
time,4,standard,engine_rolling_32_2far,price_query,20000,62,128,346,20445,0,0
time,4,standard,engine_rolling_32_2far,intent_to_command,20000,1192,4239,27547,291294,0,0
time,4,standard,engine_rolling_32_2far,intent_queued,20000,660,3362,23651,59200,0,0
time,4,standard,engine_rolling_32_2far,replace_report,20000,970,4963,27302,905963,0,0
time,4,standard,engine_rolling_32_2far,ready_to_command,20000,924,3847,26477,105442,0,0
time,4,standard,engine_jump_32_2far,price_query,20000,63,133,332,41858,0,0
time,4,standard,engine_jump_32_2far,intent_to_command,20000,1192,4526,37443,113890,0,0
time,4,standard,engine_jump_32_2far,intent_queued,20000,659,3332,29356,98856,0,0
time,4,standard,engine_jump_32_2far,replace_report,20000,972,5471,38322,130815,0,0
time,4,standard,engine_jump_32_2far,ready_to_command,20000,939,3647,30374,112938,0,0
time,4,standard,engine_jump_32_2far,jump_intent_subset,2496,1159,3570,38715,90417,0,0
time,4,pages,rolling_4,price_query,20000,46,181,477,177318,0,0
time,4,pages,rolling_4,near_range8,20000,62,218,580,95116,0,0
time,4,pages,rolling_4,index_submit,20000,92,200,502,119108,0,0
time,4,pages,rolling_4,index_ack,20000,82,201,858,97232,0,0
time,4,pages,rolling_4,cross_page_submit_subset,314,95,522,931,1240,0,0
time,4,pages,rolling_4,page_creation_subset,78,209,931,931,1240,0,0
time,4,pages,outliers_4,price_query,20000,46,175,239,342806,0,0
time,4,pages,outliers_4,near_range8,20000,63,207,299,24628,0,0
time,4,pages,outliers_4,index_submit,20000,89,193,389,58502,0,0
time,4,pages,outliers_4,index_ack,20000,83,189,380,23504,0,0
time,4,pages,outliers_4,cross_page_submit_subset,314,96,389,495,556,0,0
time,4,pages,outliers_4,page_creation_subset,78,193,495,495,556,0,0
time,4,pages,outliers_4,far_query,20000,47,172,407,4291,0,0
time,4,pages,boundary_4,price_query,20000,47,183,463,18409,0,0
time,4,pages,boundary_4,near_range8,20000,66,243,582,353506,0,0
time,4,pages,boundary_4,index_submit,20000,88,232,671,27507,0,0
time,4,pages,boundary_4,index_ack,20000,100,278,668,487333,0,0
time,4,pages,boundary_4,cross_page_submit_subset,5000,86,217,847,21416,0,0
time,4,pages,jump_4,price_query,20000,64,279,660,98494,0,0
time,4,pages,jump_4,near_range8,20000,112,267,655,30889,0,0
time,4,pages,jump_4,index_submit,20000,197,327,574,44753,0,0
time,4,pages,jump_4,index_ack,20000,182,345,701,48557,0,0
time,4,pages,jump_4,cross_page_submit_subset,3746,216,356,768,31369,0,0
time,4,pages,jump_4,page_creation_subset,1248,296,411,884,31369,0,0
time,4,pages,jump_4,jump_submit_subset,2496,235,381,884,31369,0,0
time,4,pages,rolling_32,price_query,20000,65,196,544,48494,0,0
time,4,pages,rolling_32,near_range8,20000,143,299,652,68001,0,0
time,4,pages,rolling_32,index_submit,20000,188,240,617,29733,0,0
time,4,pages,rolling_32,index_ack,20000,169,249,1000,83669,0,0
time,4,pages,rolling_32,cross_page_submit_subset,305,199,617,656,784,0,0
time,4,pages,rolling_32,page_creation_subset,10,604,656,656,784,0,0
time,4,pages,outliers_32,price_query,20000,66,200,516,28417,0,0
time,4,pages,outliers_32,near_range8,20000,146,302,1002,51867,0,0
time,4,pages,outliers_32,index_submit,20000,192,245,993,73743,0,0
time,4,pages,outliers_32,index_ack,20000,169,254,702,51920,0,0
time,4,pages,outliers_32,cross_page_submit_subset,305,202,813,993,1126,0,0
time,4,pages,outliers_32,page_creation_subset,10,791,993,993,1126,0,0
time,4,pages,outliers_32,far_query,20000,66,206,528,25601,0,0
time,4,pages,boundary_32,price_query,20000,65,200,569,49194,0,0
time,4,pages,boundary_32,near_range8,20000,154,319,708,45854,0,0
time,4,pages,boundary_32,index_submit,20000,190,242,990,47939,0,0
time,4,pages,boundary_32,index_ack,20000,178,289,581,100974,0,0
time,4,pages,boundary_32,cross_page_submit_subset,625,186,242,261,591,0,0
time,4,pages,jump_32,price_query,20000,46,150,287,35374,0,0
time,4,pages,jump_32,near_range8,20000,72,213,375,40978,0,0
time,4,pages,jump_32,index_submit,20000,89,191,318,33281,0,0
time,4,pages,jump_32,index_ack,20000,71,194,319,22371,0,0
time,4,pages,jump_32,cross_page_submit_subset,2652,96,256,345,23293,0,0
time,4,pages,jump_32,page_creation_subset,156,180,367,504,23293,0,0
time,4,pages,jump_32,jump_submit_subset,2496,96,258,345,23293,0,0
time,4,pages,rolling_128,price_query,20000,52,201,511,34162,0,0
time,4,pages,rolling_128,near_range8,20000,98,286,656,42478,0,0
time,4,pages,rolling_128,index_submit,20000,120,232,1008,28616,0,0
time,4,pages,rolling_128,index_ack,20000,100,212,535,34420,0,0
time,4,pages,rolling_128,cross_page_submit_subset,312,133,300,1362,1829,0,0
time,4,pages,rolling_128,page_creation_subset,3,1362,1362,1362,1829,0,0
time,4,pages,outliers_128,price_query,20000,47,179,470,24183,0,0
time,4,pages,outliers_128,near_range8,20000,76,249,582,42690,0,0
time,4,pages,outliers_128,index_submit,20000,94,200,348,4863,0,0
time,4,pages,outliers_128,index_ack,20000,76,170,368,33578,0,0
time,4,pages,outliers_128,cross_page_submit_subset,312,106,236,931,996,0,0
time,4,pages,outliers_128,page_creation_subset,3,931,931,931,996,0,0
time,4,pages,outliers_128,far_query,20000,49,186,386,25045,0,0
time,4,pages,boundary_128,price_query,20000,53,190,482,8786,0,0
time,4,pages,boundary_128,near_range8,20000,104,277,612,49632,0,0
time,4,pages,boundary_128,index_submit,20000,120,196,329,29269,0,0
time,4,pages,boundary_128,index_ack,20000,113,213,444,29003,0,0
time,4,pages,boundary_128,cross_page_submit_subset,313,129,192,226,232,0,0
time,4,pages,jump_128,price_query,20000,59,198,632,26719,0,0
time,4,pages,jump_128,near_range8,20000,119,285,1029,49577,0,0
time,4,pages,jump_128,index_submit,20000,137,254,1032,101530,0,0
time,4,pages,jump_128,index_ack,20000,115,282,1048,46381,0,0
time,4,pages,jump_128,cross_page_submit_subset,2704,159,477,1220,24836,0,0
time,4,pages,jump_128,page_creation_subset,77,358,792,792,1344,0,0
time,4,pages,jump_128,jump_submit_subset,2432,160,439,1220,24836,0,0
time,4,pages,4096books_4near_2far,price_query,20000,440,1264,5722,59938,0,0
time,4,pages,new_book_growth,index_insert,20000,428,5494,45858,1427457,0,0
time,4,pages,new_book_growth,page_block_growth_subset,313,5673,170677,416810,1427457,0,0
time,4,pages,engine_cancel_rehang_4near,cancel_to_command,20000,1097,4748,33302,1592157,0,0
time,4,pages,engine_cancel_rehang_4near,new_to_command,20000,1430,7228,34533,377440,0,0
time,4,pages,engine_cancel_rehang_4near,accepted_report,20000,950,4228,26214,348585,0,0
time,4,pages,engine_cancel_rehang_4near,canceled_report,20000,974,5090,32070,100708,0,0
time,4,pages,engine_rolling_4_2far,price_query,20000,40,98,282,35109,0,0
time,4,pages,engine_rolling_4_2far,intent_to_command,20000,1048,3304,26254,316511,0,0
time,4,pages,engine_rolling_4_2far,intent_queued,20000,547,2576,12146,95391,0,0
time,4,pages,engine_rolling_4_2far,replace_report,20000,814,4292,28398,602672,0,0
time,4,pages,engine_rolling_4_2far,ready_to_command,20000,889,2970,24638,124160,0,0
time,4,pages,engine_jump_4_2far,price_query,20000,69,129,350,32980,0,0
time,4,pages,engine_jump_4_2far,intent_to_command,20000,1819,5993,41801,116448,0,0
time,4,pages,engine_jump_4_2far,intent_queued,20000,920,4049,33837,55365,0,0
time,4,pages,engine_jump_4_2far,replace_report,20000,1434,6480,36538,60115,0,0
time,4,pages,engine_jump_4_2far,ready_to_command,20000,1428,4689,36427,115142,0,0
time,4,pages,engine_jump_4_2far,jump_intent_subset,2496,1894,6946,38228,53450,0,0
time,4,pages,engine_rolling_32_2far,price_query,20000,41,107,160,21419,0,0
time,4,pages,engine_rolling_32_2far,intent_to_command,20000,1076,4732,25299,84193,0,0
time,4,pages,engine_rolling_32_2far,intent_queued,20000,574,3420,19814,56088,0,0
time,4,pages,engine_rolling_32_2far,replace_report,20000,832,6005,34805,91446,0,0
time,4,pages,engine_rolling_32_2far,ready_to_command,20000,887,3449,21080,137335,0,0
time,4,pages,engine_jump_32_2far,price_query,20000,42,130,382,35561,0,0
time,4,pages,engine_jump_32_2far,intent_to_command,20000,1083,4090,25082,69257,0,0
time,4,pages,engine_jump_32_2far,intent_queued,20000,573,2907,15877,57482,0,0
time,4,pages,engine_jump_32_2far,replace_report,20000,837,4296,19693,59406,0,0
time,4,pages,engine_jump_32_2far,ready_to_command,20000,896,3664,24766,70387,0,0
time,4,pages,engine_jump_32_2far,jump_intent_subset,2496,1083,2686,21597,48319,0,0
time,4,adaptive,rolling_4,price_query,20000,69,197,419,34489,0,0
time,4,adaptive,rolling_4,near_range8,20000,89,234,520,41817,0,0
time,4,adaptive,rolling_4,index_submit,20000,154,344,516,46322,0,0
time,4,adaptive,rolling_4,index_ack,20000,138,345,526,55795,0,0
time,4,adaptive,rolling_4,cross_page_submit_subset,314,153,353,417,421,0,0
time,4,adaptive,outliers_4,price_query,20000,70,201,490,66888,0,0
time,4,adaptive,outliers_4,near_range8,20000,90,243,559,31678,0,0
time,4,adaptive,outliers_4,index_submit,20000,154,336,594,28896,0,0
time,4,adaptive,outliers_4,index_ack,20000,138,326,551,49095,0,0
time,4,adaptive,outliers_4,cross_page_submit_subset,314,155,307,341,398,0,0
time,4,adaptive,outliers_4,far_query,20000,72,197,468,47529,0,0
time,4,adaptive,boundary_4,price_query,20000,69,193,466,40246,0,0
time,4,adaptive,boundary_4,near_range8,20000,94,222,526,130730,0,0
time,4,adaptive,boundary_4,index_submit,20000,151,253,509,37645,0,0
time,4,adaptive,boundary_4,index_ack,20000,168,281,590,47400,0,0
time,4,adaptive,boundary_4,cross_page_submit_subset,5000,150,243,437,6125,0,0
time,4,adaptive,jump_4,price_query,20000,47,100,270,102066,0,0
time,4,adaptive,jump_4,near_range8,20000,46,116,240,17920,0,0
time,4,adaptive,jump_4,index_submit,20000,89,190,287,23728,0,0
time,4,adaptive,jump_4,index_ack,20000,88,206,288,62399,0,0
time,4,adaptive,jump_4,cross_page_submit_subset,3746,103,210,329,4548,0,0
time,4,adaptive,jump_4,jump_submit_subset,2496,107,223,384,4548,0,0
time,4,adaptive,rolling_32,price_query,20000,60,72,185,39287,0,0
time,4,adaptive,rolling_32,near_range8,20000,67,115,226,4140,0,0
time,4,adaptive,rolling_32,index_submit,20000,97,142,212,23530,0,0
time,4,adaptive,rolling_32,index_ack,20000,71,118,175,17911,0,0
time,4,adaptive,rolling_32,cross_page_submit_subset,305,98,127,146,155,0,0
time,4,adaptive,outliers_32,price_query,20000,61,76,236,33182,0,0
time,4,adaptive,outliers_32,near_range8,20000,68,117,225,22215,0,0
time,4,adaptive,outliers_32,index_submit,20000,98,156,246,20022,0,0
time,4,adaptive,outliers_32,index_ack,20000,70,126,253,48448,0,0
time,4,adaptive,outliers_32,cross_page_submit_subset,305,97,147,164,207,0,0
time,4,adaptive,outliers_32,far_query,20000,62,76,206,17468,0,0
time,4,adaptive,boundary_32,price_query,20000,62,74,188,48569,0,0
time,4,adaptive,boundary_32,near_range8,20000,68,109,213,19517,0,0
time,4,adaptive,boundary_32,index_submit,20000,98,141,213,43053,0,0
time,4,adaptive,boundary_32,index_ack,20000,104,135,228,18326,0,0
time,4,adaptive,boundary_32,cross_page_submit_subset,625,100,136,148,701,0,0
time,4,adaptive,jump_32,price_query,20000,60,74,192,34766,0,0
time,4,adaptive,jump_32,near_range8,20000,67,99,202,5041,0,0
time,4,adaptive,jump_32,index_submit,20000,97,152,215,11258,0,0
time,4,adaptive,jump_32,index_ack,20000,70,169,247,29972,0,0
time,4,adaptive,jump_32,cross_page_submit_subset,2652,118,173,226,3184,0,0
time,4,adaptive,jump_32,jump_submit_subset,2496,120,175,226,3184,0,0
time,4,adaptive,rolling_128,price_query,20000,66,78,170,18890,0,0
time,4,adaptive,rolling_128,near_range8,20000,73,102,203,18921,0,0
time,4,adaptive,rolling_128,index_submit,20000,104,144,210,33216,0,0
time,4,adaptive,rolling_128,index_ack,20000,75,125,202,17394,0,0
time,4,adaptive,rolling_128,cross_page_submit_subset,312,105,137,146,167,0,0
time,4,adaptive,outliers_128,price_query,20000,67,78,170,5183,0,0
time,4,adaptive,outliers_128,near_range8,20000,75,109,210,35221,0,0
time,4,adaptive,outliers_128,index_submit,20000,106,153,253,20613,0,0
time,4,adaptive,outliers_128,index_ack,20000,75,134,232,19811,0,0
time,4,adaptive,outliers_128,cross_page_submit_subset,312,107,135,156,167,0,0
time,4,adaptive,outliers_128,far_query,20000,69,79,195,29726,0,0
time,4,adaptive,boundary_128,price_query,20000,67,90,215,22090,0,0
time,4,adaptive,boundary_128,near_range8,20000,73,130,229,50236,0,0
time,4,adaptive,boundary_128,index_submit,20000,105,158,289,28015,0,0
time,4,adaptive,boundary_128,index_ack,20000,109,151,258,86144,0,0
time,4,adaptive,boundary_128,cross_page_submit_subset,313,115,149,159,265,0,0
time,4,adaptive,jump_128,price_query,20000,66,110,206,67716,0,0
time,4,adaptive,jump_128,near_range8,20000,72,138,267,31780,0,0
time,4,adaptive,jump_128,index_submit,20000,104,189,361,19586,0,0
time,4,adaptive,jump_128,index_ack,20000,74,234,418,289295,0,0
time,4,adaptive,jump_128,cross_page_submit_subset,2704,130,263,1055,17689,0,0
time,4,adaptive,jump_128,jump_submit_subset,2432,134,265,1055,17689,0,0
time,4,adaptive,4096books_4near_2far,price_query,20000,208,836,1641,39063,0,0
time,4,adaptive,new_book_growth,index_insert,20000,258,3104,11890,1458050,0,0
time,4,adaptive,engine_cancel_rehang_4near,cancel_to_command,20000,985,2767,22708,1142533,0,0
time,4,adaptive,engine_cancel_rehang_4near,new_to_command,20000,1217,4319,24715,302600,0,0
time,4,adaptive,engine_cancel_rehang_4near,accepted_report,20000,790,4123,20991,117091,0,0
time,4,adaptive,engine_cancel_rehang_4near,canceled_report,20000,794,4140,20404,101249,0,0
time,4,adaptive,engine_rolling_4_2far,price_query,20000,37,84,136,18211,0,0
time,4,adaptive,engine_rolling_4_2far,intent_to_command,20000,1027,3122,20631,51772,0,0
time,4,adaptive,engine_rolling_4_2far,intent_queued,20000,522,2543,7311,42466,0,0
time,4,adaptive,engine_rolling_4_2far,replace_report,20000,781,4175,19628,211742,0,0
time,4,adaptive,engine_rolling_4_2far,ready_to_command,20000,906,2899,19712,67150,0,0
time,4,adaptive,engine_jump_4_2far,price_query,20000,37,83,136,18805,0,0
time,4,adaptive,engine_jump_4_2far,intent_to_command,20000,1027,3045,21371,71533,0,0
time,4,adaptive,engine_jump_4_2far,intent_queued,20000,522,2494,5392,52155,0,0
time,4,adaptive,engine_jump_4_2far,replace_report,20000,774,4195,19370,51635,0,0
time,4,adaptive,engine_jump_4_2far,ready_to_command,20000,903,2856,15883,37417,0,0
time,4,adaptive,engine_jump_4_2far,jump_intent_subset,2496,1036,3737,18758,31290,0,0
time,4,adaptive,engine_rolling_32_2far,price_query,20000,54,86,134,18489,0,0
time,4,adaptive,engine_rolling_32_2far,intent_to_command,20000,1035,3079,20846,35891,0,0
time,4,adaptive,engine_rolling_32_2far,intent_queued,20000,523,2521,5200,35399,0,0
time,4,adaptive,engine_rolling_32_2far,replace_report,20000,753,3983,20277,100227,0,0
time,4,adaptive,engine_rolling_32_2far,ready_to_command,20000,889,2858,19665,41443,0,0
time,4,adaptive,engine_jump_32_2far,price_query,20000,54,90,147,22076,0,0
time,4,adaptive,engine_jump_32_2far,intent_to_command,20000,1045,3336,20817,45748,0,0
time,4,adaptive,engine_jump_32_2far,intent_queued,20000,533,2618,15843,44793,0,0
time,4,adaptive,engine_jump_32_2far,replace_report,20000,776,4383,19487,38899,0,0
time,4,adaptive,engine_jump_32_2far,ready_to_command,20000,898,2911,19623,48090,0,0
time,4,adaptive,engine_jump_32_2far,jump_intent_subset,2496,1046,2833,20059,37778,0,0
time,5,adaptive,rolling_4,price_query,20000,46,160,350,17824,0,0
time,5,adaptive,rolling_4,near_range8,20000,45,85,203,53468,0,0
time,5,adaptive,rolling_4,index_submit,20000,83,149,235,18462,0,0
time,5,adaptive,rolling_4,index_ack,20000,76,145,231,29083,0,0
time,5,adaptive,rolling_4,cross_page_submit_subset,314,81,121,251,286,0,0
time,5,adaptive,outliers_4,price_query,20000,46,58,125,389,0,0
time,5,adaptive,outliers_4,near_range8,20000,46,70,101,17827,0,0
time,5,adaptive,outliers_4,index_submit,20000,84,125,169,20352,0,0
time,5,adaptive,outliers_4,index_ack,20000,77,111,161,17315,0,0
time,5,adaptive,outliers_4,cross_page_submit_subset,314,84,132,142,163,0,0
time,5,adaptive,outliers_4,far_query,20000,46,58,170,30012,0,0
time,5,adaptive,boundary_4,price_query,20000,46,58,186,17462,0,0
time,5,adaptive,boundary_4,near_range8,20000,46,66,176,475,0,0
time,5,adaptive,boundary_4,index_submit,20000,82,111,169,20188,0,0
time,5,adaptive,boundary_4,index_ack,20000,86,114,187,26115,0,0
time,5,adaptive,boundary_4,cross_page_submit_subset,5000,81,102,139,3992,0,0
time,5,adaptive,jump_4,price_query,20000,46,69,198,45070,0,0
time,5,adaptive,jump_4,near_range8,20000,45,82,142,24284,0,0
time,5,adaptive,jump_4,index_submit,20000,84,148,235,35733,0,0
time,5,adaptive,jump_4,index_ack,20000,77,150,247,18016,0,0
time,5,adaptive,jump_4,cross_page_submit_subset,3746,97,164,213,35733,0,0
time,5,adaptive,jump_4,jump_submit_subset,2496,103,173,213,35733,0,0
time,5,adaptive,rolling_32,price_query,20000,60,73,170,17227,0,0
time,5,adaptive,rolling_32,near_range8,20000,67,98,198,18856,0,0
time,5,adaptive,rolling_32,index_submit,20000,96,141,172,44382,0,0
time,5,adaptive,rolling_32,index_ack,20000,70,116,204,22393,0,0
time,5,adaptive,rolling_32,cross_page_submit_subset,305,96,124,132,262,0,0
time,5,adaptive,outliers_32,price_query,20000,61,70,127,17387,0,0
time,5,adaptive,outliers_32,near_range8,20000,68,97,190,20972,0,0
time,5,adaptive,outliers_32,index_submit,20000,98,149,210,28654,0,0
time,5,adaptive,outliers_32,index_ack,20000,70,125,197,18914,0,0
time,5,adaptive,outliers_32,cross_page_submit_subset,305,97,135,144,180,0,0
time,5,adaptive,outliers_32,far_query,20000,61,75,167,20940,0,0
time,5,adaptive,boundary_32,price_query,20000,62,72,136,4373,0,0
time,5,adaptive,boundary_32,near_range8,20000,68,95,193,17501,0,0
time,5,adaptive,boundary_32,index_submit,20000,97,132,177,27607,0,0
time,5,adaptive,boundary_32,index_ack,20000,102,134,228,28149,0,0
time,5,adaptive,boundary_32,cross_page_submit_subset,625,99,134,4300,18743,0,0
time,5,adaptive,jump_32,price_query,20000,60,80,246,27532,0,0
time,5,adaptive,jump_32,near_range8,20000,67,123,225,36629,0,0
time,5,adaptive,jump_32,index_submit,20000,96,159,240,17192,0,0
time,5,adaptive,jump_32,index_ack,20000,70,173,260,988,0,0
time,5,adaptive,jump_32,cross_page_submit_subset,2652,118,197,334,4648,0,0
time,5,adaptive,jump_32,jump_submit_subset,2496,120,202,334,4648,0,0
time,5,adaptive,rolling_128,price_query,20000,66,78,124,21506,0,0
time,5,adaptive,rolling_128,near_range8,20000,73,100,180,4143,0,0
time,5,adaptive,rolling_128,index_submit,20000,103,142,183,27725,0,0
time,5,adaptive,rolling_128,index_ack,20000,73,120,176,25932,0,0
time,5,adaptive,rolling_128,cross_page_submit_subset,312,104,142,158,160,0,0
time,5,adaptive,outliers_128,price_query,20000,67,79,153,29863,0,0
time,5,adaptive,outliers_128,near_range8,20000,75,102,195,17692,0,0
time,5,adaptive,outliers_128,index_submit,20000,106,153,220,26951,0,0
time,5,adaptive,outliers_128,index_ack,20000,73,131,219,18910,0,0
time,5,adaptive,outliers_128,cross_page_submit_subset,312,107,160,4068,26951,0,0
time,5,adaptive,outliers_128,far_query,20000,69,81,175,17599,0,0
time,5,adaptive,boundary_128,price_query,20000,67,82,183,17583,0,0
time,5,adaptive,boundary_128,near_range8,20000,73,105,205,28493,0,0
time,5,adaptive,boundary_128,index_submit,20000,105,146,230,21272,0,0
time,5,adaptive,boundary_128,index_ack,20000,109,157,230,12639,0,0
time,5,adaptive,boundary_128,cross_page_submit_subset,313,116,144,154,166,0,0
time,5,adaptive,jump_128,price_query,20000,66,78,177,18205,0,0
time,5,adaptive,jump_128,near_range8,20000,73,101,188,19214,0,0
time,5,adaptive,jump_128,index_submit,20000,105,162,217,25790,0,0
time,5,adaptive,jump_128,index_ack,20000,74,204,303,29314,0,0
time,5,adaptive,jump_128,cross_page_submit_subset,2704,124,184,231,1754,0,0
time,5,adaptive,jump_128,jump_submit_subset,2432,127,185,231,1754,0,0
time,5,adaptive,4096books_4near_2far,price_query,20000,206,815,1309,37234,0,0
time,5,adaptive,new_book_growth,index_insert,20000,279,3162,11096,1490094,0,0
time,5,adaptive,engine_cancel_rehang_4near,cancel_to_command,20000,987,2690,21480,1183802,0,0
time,5,adaptive,engine_cancel_rehang_4near,new_to_command,20000,1213,3776,31635,480994,0,0
time,5,adaptive,engine_cancel_rehang_4near,accepted_report,20000,795,3992,21160,185708,0,0
time,5,adaptive,engine_cancel_rehang_4near,canceled_report,20000,797,3960,18744,176661,0,0
time,5,adaptive,engine_rolling_4_2far,price_query,20000,38,108,242,34000,0,0
time,5,adaptive,engine_rolling_4_2far,intent_to_command,20000,1103,3826,26280,294497,0,0
time,5,adaptive,engine_rolling_4_2far,intent_queued,20000,588,2960,18527,615119,0,0
time,5,adaptive,engine_rolling_4_2far,replace_report,20000,901,4332,25945,141768,0,0
time,5,adaptive,engine_rolling_4_2far,ready_to_command,20000,917,3628,21260,178099,0,0
time,5,adaptive,engine_jump_4_2far,price_query,20000,38,105,290,6465,0,0
time,5,adaptive,engine_jump_4_2far,intent_to_command,20000,1065,3942,26015,107882,0,0
time,5,adaptive,engine_jump_4_2far,intent_queued,20000,557,2860,21552,378779,0,0
time,5,adaptive,engine_jump_4_2far,replace_report,20000,853,4935,27317,1192623,0,0
time,5,adaptive,engine_jump_4_2far,ready_to_command,20000,908,3074,27794,818333,0,0
time,5,adaptive,engine_jump_4_2far,jump_intent_subset,2496,1075,4860,25863,53870,0,0
time,5,adaptive,engine_rolling_32_2far,price_query,20000,60,139,366,21507,0,0
time,5,adaptive,engine_rolling_32_2far,intent_to_command,20000,1315,4491,32100,127298,0,0
time,5,adaptive,engine_rolling_32_2far,intent_queued,20000,693,3666,27676,292307,0,0
time,5,adaptive,engine_rolling_32_2far,replace_report,20000,1034,4651,29620,505098,0,0
time,5,adaptive,engine_rolling_32_2far,ready_to_command,20000,1006,4266,32626,554769,0,0
time,5,adaptive,engine_jump_32_2far,price_query,20000,56,122,220,4384,0,0
time,5,adaptive,engine_jump_32_2far,intent_to_command,20000,1083,4527,28506,189790,0,0
time,5,adaptive,engine_jump_32_2far,intent_queued,20000,567,3305,19225,116101,0,0
time,5,adaptive,engine_jump_32_2far,replace_report,20000,840,5501,21947,186112,0,0
time,5,adaptive,engine_jump_32_2far,ready_to_command,20000,909,3553,25631,400426,0,0
time,5,adaptive,engine_jump_32_2far,jump_intent_subset,2496,1086,3296,14358,35788,0,0
time,5,pages,rolling_4,price_query,20000,47,137,234,61989,0,0
time,5,pages,rolling_4,near_range8,20000,62,186,433,19363,0,0
time,5,pages,rolling_4,index_submit,20000,90,171,309,18328,0,0
time,5,pages,rolling_4,index_ack,20000,81,166,338,19539,0,0
time,5,pages,rolling_4,cross_page_submit_subset,314,93,334,432,4015,0,0
time,5,pages,rolling_4,page_creation_subset,78,162,432,432,4015,0,0
time,5,pages,outliers_4,price_query,20000,47,140,299,22522,0,0
time,5,pages,outliers_4,near_range8,20000,65,184,315,22259,0,0
time,5,pages,outliers_4,index_submit,20000,89,190,344,40811,0,0
time,5,pages,outliers_4,index_ack,20000,83,184,345,4358,0,0
time,5,pages,outliers_4,cross_page_submit_subset,314,97,341,456,484,0,0
time,5,pages,outliers_4,page_creation_subset,78,196,456,456,484,0,0
time,5,pages,outliers_4,far_query,20000,47,143,243,18450,0,0
time,5,pages,boundary_4,price_query,20000,47,68,192,19402,0,0
time,5,pages,boundary_4,near_range8,20000,65,134,272,18262,0,0
time,5,pages,boundary_4,index_submit,20000,87,121,203,17208,0,0
time,5,pages,boundary_4,index_ack,20000,95,139,307,312224,0,0
time,5,pages,boundary_4,cross_page_submit_subset,5000,85,116,230,17208,0,0
time,5,pages,jump_4,price_query,20000,47,137,338,4387,0,0
time,5,pages,jump_4,near_range8,20000,63,191,377,24079,0,0
time,5,pages,jump_4,index_submit,20000,94,217,1011,18653,0,0
time,5,pages,jump_4,index_ack,20000,84,226,358,22260,0,0
time,5,pages,jump_4,cross_page_submit_subset,3746,101,292,730,3351,0,0
time,5,pages,jump_4,page_creation_subset,1248,151,355,730,3351,0,0
time,5,pages,jump_4,jump_submit_subset,2496,133,315,1011,3351,0,0
time,5,pages,rolling_32,price_query,20000,46,81,199,84451,0,0
time,5,pages,rolling_32,near_range8,20000,72,197,304,92328,0,0
time,5,pages,rolling_32,index_submit,20000,87,166,323,130249,0,0
time,5,pages,rolling_32,index_ack,20000,70,149,398,238830,0,0
time,5,pages,rolling_32,cross_page_submit_subset,305,97,294,331,364,0,0
time,5,pages,rolling_32,page_creation_subset,10,284,331,331,364,0,0
time,5,pages,outliers_32,price_query,20000,46,114,280,36414,0,0
time,5,pages,outliers_32,near_range8,20000,74,182,330,170181,0,0
time,5,pages,outliers_32,index_submit,20000,89,165,306,24380,0,0
time,5,pages,outliers_32,index_ack,20000,71,142,318,32411,0,0
time,5,pages,outliers_32,cross_page_submit_subset,305,97,340,415,417,0,0
time,5,pages,outliers_32,page_creation_subset,10,305,415,415,417,0,0
time,5,pages,outliers_32,far_query,20000,47,127,380,28657,0,0
time,5,pages,boundary_32,price_query,20000,63,131,230,32475,0,0
time,5,pages,boundary_32,near_range8,20000,140,245,631,28200,0,0
time,5,pages,boundary_32,index_submit,20000,164,221,400,63892,0,0
time,5,pages,boundary_32,index_ack,20000,132,270,553,164547,0,0
time,5,pages,boundary_32,cross_page_submit_subset,625,162,238,312,345,0,0
time,5,pages,jump_32,price_query,20000,66,135,292,34178,0,0
time,5,pages,jump_32,near_range8,20000,141,237,352,37759,0,0
time,5,pages,jump_32,index_submit,20000,174,254,428,42697,0,0
time,5,pages,jump_32,index_ack,20000,136,281,477,26374,0,0
time,5,pages,jump_32,cross_page_submit_subset,2652,203,382,1030,42697,0,0
time,5,pages,jump_32,page_creation_subset,156,319,687,1142,42697,0,0
time,5,pages,jump_32,jump_submit_subset,2496,203,395,1030,42697,0,0
time,5,pages,rolling_128,price_query,20000,66,133,228,43841,0,0
time,5,pages,rolling_128,near_range8,20000,142,264,555,25565,0,0
time,5,pages,rolling_128,index_submit,20000,176,218,417,49202,0,0
time,5,pages,rolling_128,index_ack,20000,131,207,424,23679,0,0
time,5,pages,rolling_128,cross_page_submit_subset,312,186,225,865,1605,0,0
time,5,pages,rolling_128,page_creation_subset,3,865,865,865,1605,0,0
time,5,pages,outliers_128,price_query,20000,46,122,248,138260,0,0
time,5,pages,outliers_128,near_range8,20000,75,200,353,42909,0,0
time,5,pages,outliers_128,index_submit,20000,90,193,671,113082,0,0
time,5,pages,outliers_128,index_ack,20000,74,156,354,35943,0,0
time,5,pages,outliers_128,cross_page_submit_subset,312,102,280,714,1044,0,0
time,5,pages,outliers_128,page_creation_subset,3,714,714,714,1044,0,0
time,5,pages,outliers_128,far_query,20000,49,124,229,24423,0,0
time,5,pages,boundary_128,price_query,20000,47,69,189,938,0,0
time,5,pages,boundary_128,near_range8,20000,73,176,270,104424,0,0
time,5,pages,boundary_128,index_submit,20000,89,158,260,33819,0,0
time,5,pages,boundary_128,index_ack,20000,85,157,289,21928,0,0
time,5,pages,boundary_128,cross_page_submit_subset,313,97,180,229,355,0,0
time,5,pages,jump_128,price_query,20000,46,87,209,27908,0,0
time,5,pages,jump_128,near_range8,20000,73,140,259,22164,0,0
time,5,pages,jump_128,index_submit,20000,89,155,276,18023,0,0
time,5,pages,jump_128,index_ack,20000,74,140,274,40687,0,0
time,5,pages,jump_128,cross_page_submit_subset,2704,99,214,330,1213,0,0
time,5,pages,jump_128,page_creation_subset,77,191,374,374,412,0,0
time,5,pages,jump_128,jump_submit_subset,2432,99,197,330,1213,0,0
time,5,pages,4096books_4near_2far,price_query,20000,467,1384,20070,807768,0,0
time,5,pages,new_book_growth,index_insert,20000,688,7109,73048,2313535,0,0
time,5,pages,new_book_growth,page_block_growth_subset,313,6999,241070,951004,2313535,0,0
time,5,pages,engine_cancel_rehang_4near,cancel_to_command,20000,1798,6378,46576,1661083,0,0
time,5,pages,engine_cancel_rehang_4near,new_to_command,20000,2155,11964,48121,449039,0,0
time,5,pages,engine_cancel_rehang_4near,accepted_report,20000,1394,7445,37775,81273,0,0
time,5,pages,engine_cancel_rehang_4near,canceled_report,20000,1448,8076,37963,87941,0,0
time,5,pages,engine_rolling_4_2far,price_query,20000,66,217,406,54926,0,0
time,5,pages,engine_rolling_4_2far,intent_to_command,20000,1728,5491,35528,186302,0,0
time,5,pages,engine_rolling_4_2far,intent_queued,20000,844,4083,30693,113989,0,0
time,5,pages,engine_rolling_4_2far,replace_report,20000,1258,6762,38810,152027,0,0
time,5,pages,engine_rolling_4_2far,ready_to_command,20000,1448,5036,37138,171336,0,0
time,5,pages,engine_jump_4_2far,price_query,20000,62,154,426,24053,0,0
time,5,pages,engine_jump_4_2far,intent_to_command,20000,1698,4711,34521,114268,0,0
time,5,pages,engine_jump_4_2far,intent_queued,20000,821,3540,27229,490917,0,0
time,5,pages,engine_jump_4_2far,replace_report,20000,1196,4652,28184,112863,0,0
time,5,pages,engine_jump_4_2far,ready_to_command,20000,1501,4273,30559,355281,0,0
time,5,pages,engine_jump_4_2far,jump_intent_subset,2496,1729,5536,43276,71768,0,0
time,5,pages,engine_rolling_32_2far,price_query,20000,49,121,309,28538,0,0
time,5,pages,engine_rolling_32_2far,intent_to_command,20000,1235,4633,30810,178061,0,0
time,5,pages,engine_rolling_32_2far,intent_queued,20000,681,3462,24554,52075,0,0
time,5,pages,engine_rolling_32_2far,replace_report,20000,962,5944,25717,2184345,0,0
time,5,pages,engine_rolling_32_2far,ready_to_command,20000,971,3982,26649,156882,0,0
time,5,pages,engine_jump_32_2far,price_query,20000,44,86,196,19791,0,0
time,5,pages,engine_jump_32_2far,intent_to_command,20000,1043,3312,20272,39670,0,0
time,5,pages,engine_jump_32_2far,intent_queued,20000,535,2524,6567,55222,0,0
time,5,pages,engine_jump_32_2far,replace_report,20000,783,4385,21607,45688,0,0
time,5,pages,engine_jump_32_2far,ready_to_command,20000,888,2765,12357,1194754,0,0
time,5,pages,engine_jump_32_2far,jump_intent_subset,2496,1044,2676,7217,38748,0,0
time,5,standard,rolling_4,price_query,20000,42,142,225,65121,0,0
time,5,standard,rolling_4,near_range8,20000,48,172,250,25404,0,0
time,5,standard,rolling_4,index_submit,20000,82,129,213,6253,0,0
time,5,standard,rolling_4,index_ack,20000,77,160,249,32321,0,0
time,5,standard,rolling_4,cross_page_submit_subset,314,82,150,227,245,0,0
time,5,standard,outliers_4,price_query,20000,43,61,191,20892,0,0
time,5,standard,outliers_4,near_range8,20000,50,127,231,4749,0,0
time,5,standard,outliers_4,index_submit,20000,84,136,222,62343,0,0
time,5,standard,outliers_4,index_ack,20000,80,137,302,28926,0,0
time,5,standard,outliers_4,cross_page_submit_subset,314,85,139,198,291,0,0
time,5,standard,outliers_4,far_query,20000,44,70,197,22174,0,0
time,5,standard,boundary_4,price_query,20000,41,61,212,31606,0,0
time,5,standard,boundary_4,near_range8,20000,50,105,225,18025,0,0
time,5,standard,boundary_4,index_submit,20000,82,132,223,37907,0,0
time,5,standard,boundary_4,index_ack,20000,96,165,333,24435,0,0
time,5,standard,boundary_4,cross_page_submit_subset,5000,81,125,206,269,0,0
time,5,standard,jump_4,price_query,20000,42,64,216,5185,0,0
time,5,standard,jump_4,near_range8,20000,48,108,228,4797,0,0
time,5,standard,jump_4,index_submit,20000,83,139,202,67779,0,0
time,5,standard,jump_4,index_ack,20000,76,166,310,29730,0,0
time,5,standard,jump_4,cross_page_submit_subset,3746,97,150,208,646,0,0
time,5,standard,jump_4,jump_submit_subset,2496,102,158,208,314,0,0
time,5,standard,rolling_32,price_query,20000,45,65,133,18441,0,0
time,5,standard,rolling_32,near_range8,20000,74,106,247,18560,0,0
time,5,standard,rolling_32,index_submit,20000,90,134,213,32765,0,0
time,5,standard,rolling_32,index_ack,20000,71,139,351,22071,0,0
time,5,standard,rolling_32,cross_page_submit_subset,305,90,135,172,4461,0,0
time,5,standard,outliers_32,price_query,20000,44,60,134,9989,0,0
time,5,standard,outliers_32,near_range8,20000,72,117,253,18023,0,0
time,5,standard,outliers_32,index_submit,20000,99,157,243,46485,0,0
time,5,standard,outliers_32,index_ack,20000,70,148,355,17842,0,0
time,5,standard,outliers_32,cross_page_submit_subset,305,100,149,160,167,0,0
time,5,standard,outliers_32,far_query,20000,50,65,138,18686,0,0
time,5,standard,boundary_32,price_query,20000,45,84,189,18539,0,0
time,5,standard,boundary_32,near_range8,20000,72,184,324,19232,0,0
time,5,standard,boundary_32,index_submit,20000,88,167,281,28461,0,0
time,5,standard,boundary_32,index_ack,20000,96,227,441,35186,0,0
time,5,standard,boundary_32,cross_page_submit_subset,625,86,154,178,252,0,0
time,5,standard,jump_32,price_query,20000,45,68,190,362,0,0
time,5,standard,jump_32,near_range8,20000,74,111,235,16617,0,0
time,5,standard,jump_32,index_submit,20000,91,167,269,29352,0,0
time,5,standard,jump_32,index_ack,20000,70,221,346,27662,0,0
time,5,standard,jump_32,cross_page_submit_subset,2652,123,226,3736,29352,0,0
time,5,standard,jump_32,jump_submit_subset,2496,124,232,3736,29352,0,0
time,5,standard,rolling_128,price_query,20000,52,77,162,17129,0,0
time,5,standard,rolling_128,near_range8,20000,83,124,249,17843,0,0
time,5,standard,rolling_128,index_submit,20000,108,148,234,69780,0,0
time,5,standard,rolling_128,index_ack,20000,73,138,359,28827,0,0
time,5,standard,rolling_128,cross_page_submit_subset,312,107,154,184,225,0,0
time,5,standard,outliers_128,price_query,20000,53,81,117,17941,0,0
time,5,standard,outliers_128,near_range8,20000,79,137,279,17809,0,0
time,5,standard,outliers_128,index_submit,20000,106,168,295,27873,0,0
time,5,standard,outliers_128,index_ack,20000,74,147,367,17456,0,0
time,5,standard,outliers_128,cross_page_submit_subset,312,107,168,195,202,0,0
time,5,standard,outliers_128,far_query,20000,56,81,148,4662,0,0
time,5,standard,boundary_128,price_query,20000,50,72,105,198,0,0
time,5,standard,boundary_128,near_range8,20000,81,114,211,4256,0,0
time,5,standard,boundary_128,index_submit,20000,99,143,222,29456,0,0
time,5,standard,boundary_128,index_ack,20000,98,256,386,18223,0,0
time,5,standard,boundary_128,cross_page_submit_subset,313,97,144,146,152,0,0
time,5,standard,jump_128,price_query,20000,53,90,191,36916,0,0
time,5,standard,jump_128,near_range8,20000,80,157,288,21465,0,0
time,5,standard,jump_128,index_submit,20000,114,225,442,44483,0,0
time,5,standard,jump_128,index_ack,20000,74,298,525,28581,0,0
time,5,standard,jump_128,cross_page_submit_subset,2704,161,356,1093,44483,0,0
time,5,standard,jump_128,jump_submit_subset,2432,163,364,1093,44483,0,0
time,5,standard,4096books_4near_2far,price_query,20000,184,704,1059,41355,0,0
time,5,standard,new_book_growth,index_insert,20000,257,3542,18570,1363270,0,0
time,5,standard,engine_cancel_rehang_4near,cancel_to_command,20000,983,1892,21137,1049753,0,0
time,5,standard,engine_cancel_rehang_4near,new_to_command,20000,1206,3594,25355,286547,0,0
time,5,standard,engine_cancel_rehang_4near,accepted_report,20000,784,3881,20503,41344,0,0
time,5,standard,engine_cancel_rehang_4near,canceled_report,20000,804,3930,21321,68715,0,0
time,5,standard,engine_rolling_4_2far,price_query,20000,33,71,121,4344,0,0
time,5,standard,engine_rolling_4_2far,intent_to_command,20000,1039,3378,21517,54592,0,0
time,5,standard,engine_rolling_4_2far,intent_queued,20000,540,2713,7705,45415,0,0
time,5,standard,engine_rolling_4_2far,replace_report,20000,815,4337,25680,64406,0,0
time,5,standard,engine_rolling_4_2far,ready_to_command,20000,896,3006,19815,60745,0,0
time,5,standard,engine_jump_4_2far,price_query,20000,33,74,129,18119,0,0
time,5,standard,engine_jump_4_2far,intent_to_command,20000,1031,3090,21818,54428,0,0
time,5,standard,engine_jump_4_2far,intent_queued,20000,531,2542,6348,33174,0,0
time,5,standard,engine_jump_4_2far,replace_report,20000,791,4114,19515,50897,0,0
time,5,standard,engine_jump_4_2far,ready_to_command,20000,896,2856,20921,54885,0,0
time,5,standard,engine_jump_4_2far,jump_intent_subset,2496,1040,3622,18895,23234,0,0
time,5,standard,engine_rolling_32_2far,price_query,20000,57,91,137,5163,0,0
time,5,standard,engine_rolling_32_2far,intent_to_command,20000,1043,3030,19954,37994,0,0
time,5,standard,engine_rolling_32_2far,intent_queued,20000,522,2474,7619,50344,0,0
time,5,standard,engine_rolling_32_2far,replace_report,20000,738,4005,19402,120922,0,0
time,5,standard,engine_rolling_32_2far,ready_to_command,20000,902,2746,19249,55037,0,0
time,5,standard,engine_jump_32_2far,price_query,20000,57,98,179,4407,0,0
time,5,standard,engine_jump_32_2far,intent_to_command,20000,1047,3102,21167,55954,0,0
time,5,standard,engine_jump_32_2far,intent_queued,20000,526,2472,5246,141760,0,0
time,5,standard,engine_jump_32_2far,replace_report,20000,757,3802,20359,79804,0,0
time,5,standard,engine_jump_32_2far,ready_to_command,20000,909,2837,19102,54215,0,0
time,5,standard,engine_jump_32_2far,jump_intent_subset,2496,1045,2561,20710,29633,0,0
time,6,standard,rolling_4,price_query,20000,42,135,225,18847,0,0
time,6,standard,rolling_4,near_range8,20000,48,142,225,18668,0,0
time,6,standard,rolling_4,index_submit,20000,81,116,180,54679,0,0
time,6,standard,rolling_4,index_ack,20000,76,138,284,17977,0,0
time,6,standard,rolling_4,cross_page_submit_subset,314,82,112,135,142,0,0
time,6,standard,outliers_4,price_query,20000,42,57,175,33962,0,0
time,6,standard,outliers_4,near_range8,20000,50,78,203,18156,0,0
time,6,standard,outliers_4,index_submit,20000,84,123,182,21076,0,0
time,6,standard,outliers_4,index_ack,20000,80,126,208,16825,0,0
time,6,standard,outliers_4,cross_page_submit_subset,314,84,123,129,555,0,0
time,6,standard,outliers_4,far_query,20000,44,58,178,38584,0,0
time,6,standard,boundary_4,price_query,20000,41,63,190,23820,0,0
time,6,standard,boundary_4,near_range8,20000,50,121,228,611,0,0
time,6,standard,boundary_4,index_submit,20000,82,134,218,61888,0,0
time,6,standard,boundary_4,index_ack,20000,95,165,301,18803,0,0
time,6,standard,boundary_4,cross_page_submit_subset,5000,80,130,218,61888,0,0
time,6,standard,jump_4,price_query,20000,42,57,173,26643,0,0
time,6,standard,jump_4,near_range8,20000,48,81,198,4146,0,0
time,6,standard,jump_4,index_submit,20000,83,122,176,22031,0,0
time,6,standard,jump_4,index_ack,20000,76,144,227,18055,0,0
time,6,standard,jump_4,cross_page_submit_subset,3746,97,135,170,189,0,0
time,6,standard,jump_4,jump_submit_subset,2496,102,144,170,189,0,0
time,6,standard,rolling_32,price_query,20000,45,63,125,17791,0,0
time,6,standard,rolling_32,near_range8,20000,74,102,220,29015,0,0
time,6,standard,rolling_32,index_submit,20000,90,132,198,16289,0,0
time,6,standard,rolling_32,index_ack,20000,69,137,352,29562,0,0
time,6,standard,rolling_32,cross_page_submit_subset,305,90,131,170,173,0,0
time,6,standard,outliers_32,price_query,20000,45,65,91,27964,0,0
time,6,standard,outliers_32,near_range8,20000,72,112,251,25468,0,0
time,6,standard,outliers_32,index_submit,20000,100,158,245,31594,0,0
time,6,standard,outliers_32,index_ack,20000,70,146,355,21160,0,0
time,6,standard,outliers_32,cross_page_submit_subset,305,99,158,183,231,0,0
time,6,standard,outliers_32,far_query,20000,50,66,168,4620,0,0
time,6,standard,boundary_32,price_query,20000,45,59,161,17739,0,0
time,6,standard,boundary_32,near_range8,20000,71,106,249,17948,0,0
time,6,standard,boundary_32,index_submit,20000,88,150,217,122250,0,0
time,6,standard,boundary_32,index_ack,20000,93,184,406,16790,0,0
time,6,standard,boundary_32,cross_page_submit_subset,625,86,118,137,148,0,0
time,6,standard,jump_32,price_query,20000,45,67,195,534,0,0
time,6,standard,jump_32,near_range8,20000,74,108,220,26467,0,0
time,6,standard,jump_32,index_submit,20000,91,167,240,4671,0,0
time,6,standard,jump_32,index_ack,20000,70,224,360,27379,0,0
time,6,standard,jump_32,cross_page_submit_subset,2652,122,217,412,4671,0,0
time,6,standard,jump_32,jump_submit_subset,2496,123,219,412,4671,0,0
time,6,standard,rolling_128,price_query,20000,52,78,112,424,0,0
time,6,standard,rolling_128,near_range8,20000,83,117,255,27848,0,0
time,6,standard,rolling_128,index_submit,20000,108,148,236,20932,0,0
time,6,standard,rolling_128,index_ack,20000,73,137,348,5120,0,0
time,6,standard,rolling_128,cross_page_submit_subset,312,108,151,174,237,0,0
time,6,standard,outliers_128,price_query,20000,53,82,131,28537,0,0
time,6,standard,outliers_128,near_range8,20000,79,154,317,30945,0,0
time,6,standard,outliers_128,index_submit,20000,106,178,290,24651,0,0
time,6,standard,outliers_128,index_ack,20000,73,145,386,4505,0,0
time,6,standard,outliers_128,cross_page_submit_subset,312,106,162,184,209,0,0
time,6,standard,outliers_128,far_query,20000,56,87,171,576,0,0
time,6,standard,boundary_128,price_query,20000,50,72,137,22121,0,0
time,6,standard,boundary_128,near_range8,20000,81,114,279,26698,0,0
time,6,standard,boundary_128,index_submit,20000,99,143,212,17126,0,0
time,6,standard,boundary_128,index_ack,20000,98,252,379,17499,0,0
time,6,standard,boundary_128,cross_page_submit_subset,313,102,154,173,4187,0,0
time,6,standard,jump_128,price_query,20000,53,89,188,4294,0,0
time,6,standard,jump_128,near_range8,20000,81,142,241,20586,0,0
time,6,standard,jump_128,index_submit,20000,113,221,446,33375,0,0
time,6,standard,jump_128,index_ack,20000,74,290,448,20254,0,0
time,6,standard,jump_128,cross_page_submit_subset,2704,160,372,615,26757,0,0
time,6,standard,jump_128,jump_submit_subset,2432,163,375,615,26757,0,0
time,6,standard,4096books_4near_2far,price_query,20000,213,806,1239,29864,0,0
time,6,standard,new_book_growth,index_insert,20000,335,4214,21962,1383338,0,0
time,6,standard,engine_cancel_rehang_4near,cancel_to_command,20000,1674,2726,30848,1648969,0,0
time,6,standard,engine_cancel_rehang_4near,new_to_command,20000,1898,6185,33663,2058600,0,0
time,6,standard,engine_cancel_rehang_4near,accepted_report,20000,1208,3660,28827,54813,0,0
time,6,standard,engine_cancel_rehang_4near,canceled_report,20000,1260,3749,27627,275506,0,0
time,6,standard,engine_rolling_4_2far,price_query,20000,35,102,208,32450,0,0
time,6,standard,engine_rolling_4_2far,intent_to_command,20000,1157,4555,34731,81121,0,0
time,6,standard,engine_rolling_4_2far,intent_queued,20000,642,3408,20650,165605,0,0
time,6,standard,engine_rolling_4_2far,replace_report,20000,991,4691,29794,316989,0,0
time,6,standard,engine_rolling_4_2far,ready_to_command,20000,925,4097,22310,307104,0,0
time,6,standard,engine_jump_4_2far,price_query,20000,34,69,117,403,0,0
time,6,standard,engine_jump_4_2far,intent_to_command,20000,1021,3001,20883,74042,0,0
time,6,standard,engine_jump_4_2far,intent_queued,20000,521,2416,6267,55668,0,0
time,6,standard,engine_jump_4_2far,replace_report,20000,764,4000,19550,50054,0,0
time,6,standard,engine_jump_4_2far,ready_to_command,20000,894,2753,19310,42152,0,0
time,6,standard,engine_jump_4_2far,jump_intent_subset,2496,1031,3259,17609,27910,0,0
time,6,standard,engine_rolling_32_2far,price_query,20000,63,136,284,509,0,0
time,6,standard,engine_rolling_32_2far,intent_to_command,20000,1160,4731,33170,575176,0,0
time,6,standard,engine_rolling_32_2far,intent_queued,20000,618,3317,24553,58387,0,0
time,6,standard,engine_rolling_32_2far,replace_report,20000,938,4369,30857,91948,0,0
time,6,standard,engine_rolling_32_2far,ready_to_command,20000,936,4128,30894,1740213,0,0
time,6,standard,engine_jump_32_2far,price_query,20000,58,125,283,26191,0,0
time,6,standard,engine_jump_32_2far,intent_to_command,20000,1084,3938,30097,1946870,0,0
time,6,standard,engine_jump_32_2far,intent_queued,20000,553,2991,20721,102031,0,0
time,6,standard,engine_jump_32_2far,replace_report,20000,833,4816,22576,96776,0,0
time,6,standard,engine_jump_32_2far,ready_to_command,20000,920,3070,23628,2388629,0,0
time,6,standard,engine_jump_32_2far,jump_intent_subset,2496,1089,3017,32858,1946870,0,0
time,6,pages,rolling_4,price_query,20000,49,183,340,24428,0,0
time,6,pages,rolling_4,near_range8,20000,76,227,412,30561,0,0
time,6,pages,rolling_4,index_submit,20000,107,246,433,53222,0,0
time,6,pages,rolling_4,index_ack,20000,95,250,383,48839,0,0
time,6,pages,rolling_4,cross_page_submit_subset,314,114,447,751,772,0,0
time,6,pages,rolling_4,page_creation_subset,78,224,751,751,772,0,0
time,6,pages,outliers_4,price_query,20000,47,140,211,22097,0,0
time,6,pages,outliers_4,near_range8,20000,63,199,288,32073,0,0
time,6,pages,outliers_4,index_submit,20000,89,198,344,172223,0,0
time,6,pages,outliers_4,index_ack,20000,83,189,327,24878,0,0
time,6,pages,outliers_4,cross_page_submit_subset,314,97,360,436,973,0,0
time,6,pages,outliers_4,page_creation_subset,78,196,436,436,973,0,0
time,6,pages,outliers_4,far_query,20000,47,127,207,257084,0,0
time,6,pages,boundary_4,price_query,20000,47,176,379,47450,0,0
time,6,pages,boundary_4,near_range8,20000,66,214,461,36066,0,0
time,6,pages,boundary_4,index_submit,20000,88,188,572,646104,0,0
time,6,pages,boundary_4,index_ack,20000,96,236,518,1060288,0,0
time,6,pages,boundary_4,cross_page_submit_subset,5000,86,174,474,21214,0,0
time,6,pages,jump_4,price_query,20000,47,132,423,21522,0,0
time,6,pages,jump_4,near_range8,20000,63,179,438,10246217,0,0
time,6,pages,jump_4,index_submit,20000,92,189,378,23970,0,0
time,6,pages,jump_4,index_ack,20000,82,194,372,3976,0,0
time,6,pages,jump_4,cross_page_submit_subset,3746,98,275,415,1173,0,0
time,6,pages,jump_4,page_creation_subset,1248,150,323,557,1173,0,0
time,6,pages,jump_4,jump_submit_subset,2496,132,288,547,1173,0,0
time,6,pages,rolling_32,price_query,20000,46,59,180,17449,0,0
time,6,pages,rolling_32,near_range8,20000,72,126,252,39827,0,0
time,6,pages,rolling_32,index_submit,20000,87,119,240,30597,0,0
time,6,pages,rolling_32,index_ack,20000,70,111,250,17553,0,0
time,6,pages,rolling_32,cross_page_submit_subset,305,97,249,310,747,0,0
time,6,pages,rolling_32,page_creation_subset,10,248,310,310,747,0,0
time,6,pages,outliers_32,price_query,20000,46,66,195,16960,0,0
time,6,pages,outliers_32,near_range8,20000,72,166,296,19935,0,0
time,6,pages,outliers_32,index_submit,20000,89,148,254,3859,0,0
time,6,pages,outliers_32,index_ack,20000,71,124,265,46310,0,0
time,6,pages,outliers_32,cross_page_submit_subset,305,97,281,366,410,0,0
time,6,pages,outliers_32,page_creation_subset,10,280,366,366,410,0,0
time,6,pages,outliers_32,far_query,20000,47,70,219,18051,0,0
time,6,pages,boundary_32,price_query,20000,46,60,195,22169,0,0
time,6,pages,boundary_32,near_range8,20000,73,157,263,31234,0,0
time,6,pages,boundary_32,index_submit,20000,87,116,179,28403,0,0
time,6,pages,boundary_32,index_ack,20000,84,130,263,18845,0,0
time,6,pages,boundary_32,cross_page_submit_subset,625,88,120,135,217,0,0
time,6,pages,jump_32,price_query,20000,46,60,183,17077,0,0
time,6,pages,jump_32,near_range8,20000,72,124,248,623,0,0
time,6,pages,jump_32,index_submit,20000,87,149,240,17200,0,0
time,6,pages,jump_32,index_ack,20000,70,140,246,17403,0,0
time,6,pages,jump_32,cross_page_submit_subset,2652,95,205,288,392,0,0
time,6,pages,jump_32,page_creation_subset,156,167,318,379,392,0,0
time,6,pages,jump_32,jump_submit_subset,2496,95,208,288,392,0,0
time,6,pages,rolling_128,price_query,20000,46,60,181,3844,0,0
time,6,pages,rolling_128,near_range8,20000,73,125,234,17303,0,0
time,6,pages,rolling_128,index_submit,20000,88,125,226,4048,0,0
time,6,pages,rolling_128,index_ack,20000,74,112,220,17756,0,0
time,6,pages,rolling_128,cross_page_submit_subset,312,101,168,321,329,0,0
time,6,pages,rolling_128,page_creation_subset,3,321,321,321,329,0,0
time,6,pages,outliers_128,price_query,20000,47,69,191,18196,0,0
time,6,pages,outliers_128,near_range8,20000,73,160,282,5108,0,0
time,6,pages,outliers_128,index_submit,20000,90,160,308,23283,0,0
time,6,pages,outliers_128,index_ack,20000,74,121,247,31311,0,0
time,6,pages,outliers_128,cross_page_submit_subset,312,102,193,695,1470,0,0
time,6,pages,outliers_128,page_creation_subset,3,695,695,695,1470,0,0
time,6,pages,outliers_128,far_query,20000,48,70,193,127834,0,0
time,6,pages,boundary_128,price_query,20000,47,138,237,18554,0,0
time,6,pages,boundary_128,near_range8,20000,74,206,335,28348,0,0
time,6,pages,boundary_128,index_submit,20000,89,167,272,48425,0,0
time,6,pages,boundary_128,index_ack,20000,85,191,306,19598,0,0
time,6,pages,boundary_128,cross_page_submit_subset,313,98,165,262,27061,0,0
time,6,pages,jump_128,price_query,20000,46,66,199,25803,0,0
time,6,pages,jump_128,near_range8,20000,73,132,271,39912,0,0
time,6,pages,jump_128,index_submit,20000,89,152,295,1365,0,0
time,6,pages,jump_128,index_ack,20000,74,148,292,35376,0,0
time,6,pages,jump_128,cross_page_submit_subset,2704,100,228,394,1365,0,0
time,6,pages,jump_128,page_creation_subset,77,188,600,600,1365,0,0
time,6,pages,jump_128,jump_submit_subset,2432,99,224,394,1365,0,0
time,6,pages,4096books_4near_2far,price_query,20000,414,1287,2169,137573,0,0
time,6,pages,new_book_growth,index_insert,20000,412,5386,55813,1457541,0,0
time,6,pages,new_book_growth,page_block_growth_subset,313,5542,173569,349797,1457541,0,0
time,6,pages,engine_cancel_rehang_4near,cancel_to_command,20000,987,3434,32833,1049552,0,0
time,6,pages,engine_cancel_rehang_4near,new_to_command,20000,1281,5485,31727,288344,0,0
time,6,pages,engine_cancel_rehang_4near,accepted_report,20000,814,3981,29456,2323462,0,0
time,6,pages,engine_cancel_rehang_4near,canceled_report,20000,831,4193,25839,366309,0,0
time,6,pages,engine_rolling_4_2far,price_query,20000,40,85,178,11100,0,0
time,6,pages,engine_rolling_4_2far,intent_to_command,20000,1032,3389,20876,39803,0,0
time,6,pages,engine_rolling_4_2far,intent_queued,20000,534,2595,5636,43376,0,0
time,6,pages,engine_rolling_4_2far,replace_report,20000,790,4354,19838,74565,0,0
time,6,pages,engine_rolling_4_2far,ready_to_command,20000,888,2828,20930,56472,0,0
time,6,pages,engine_jump_4_2far,price_query,20000,41,89,187,4921,0,0
time,6,pages,engine_jump_4_2far,intent_to_command,20000,1054,3452,24891,163967,0,0
time,6,pages,engine_jump_4_2far,intent_queued,20000,547,2501,7095,60903,0,0
time,6,pages,engine_jump_4_2far,replace_report,20000,817,4107,20175,231729,0,0
time,6,pages,engine_jump_4_2far,ready_to_command,20000,887,2977,29095,624168,0,0
time,6,pages,engine_jump_4_2far,jump_intent_subset,2496,1077,3878,24081,100166,0,0
time,6,pages,engine_rolling_32_2far,price_query,20000,43,86,142,4832,0,0
time,6,pages,engine_rolling_32_2far,intent_to_command,20000,1040,3158,21286,623572,0,0
time,6,pages,engine_rolling_32_2far,intent_queued,20000,535,2580,19669,260902,0,0
time,6,pages,engine_rolling_32_2far,replace_report,20000,770,4193,19257,73121,0,0
time,6,pages,engine_rolling_32_2far,ready_to_command,20000,883,2881,21169,71811,0,0
time,6,pages,engine_jump_32_2far,price_query,20000,62,120,269,33536,0,0
time,6,pages,engine_jump_32_2far,intent_to_command,20000,1644,4784,30748,1002648,0,0
time,6,pages,engine_jump_32_2far,intent_queued,20000,787,3667,23970,112026,0,0
time,6,pages,engine_jump_32_2far,replace_report,20000,1139,5670,31205,75459,0,0
time,6,pages,engine_jump_32_2far,ready_to_command,20000,1346,4239,19567,212759,0,0
time,6,pages,engine_jump_32_2far,jump_intent_subset,2496,1647,3480,29698,35890,0,0
time,6,adaptive,rolling_4,price_query,20000,46,134,226,4558,0,0
time,6,adaptive,rolling_4,near_range8,20000,45,86,199,42416,0,0
time,6,adaptive,rolling_4,index_submit,20000,83,151,235,20319,0,0
time,6,adaptive,rolling_4,index_ack,20000,77,143,261,22916,0,0
time,6,adaptive,rolling_4,cross_page_submit_subset,314,83,159,194,231,0,0
time,6,adaptive,outliers_4,price_query,20000,46,60,183,20138,0,0
time,6,adaptive,outliers_4,near_range8,20000,46,71,126,4193,0,0
time,6,adaptive,outliers_4,index_submit,20000,84,126,201,18153,0,0
time,6,adaptive,outliers_4,index_ack,20000,77,113,227,54675,0,0
time,6,adaptive,outliers_4,cross_page_submit_subset,314,84,124,134,137,0,0
time,6,adaptive,outliers_4,far_query,20000,46,60,196,23560,0,0
time,6,adaptive,boundary_4,price_query,20000,45,119,222,17508,0,0
time,6,adaptive,boundary_4,near_range8,20000,46,117,227,998,0,0
time,6,adaptive,boundary_4,index_submit,20000,83,156,265,39333,0,0
time,6,adaptive,boundary_4,index_ack,20000,88,176,266,31397,0,0
time,6,adaptive,boundary_4,cross_page_submit_subset,5000,82,147,191,39333,0,0
time,6,adaptive,jump_4,price_query,20000,46,72,230,16816,0,0
time,6,adaptive,jump_4,near_range8,20000,45,94,171,21204,0,0
time,6,adaptive,jump_4,index_submit,20000,83,167,265,82484,0,0
time,6,adaptive,jump_4,index_ack,20000,78,171,276,27972,0,0
time,6,adaptive,jump_4,cross_page_submit_subset,3746,97,189,1039,82484,0,0
time,6,adaptive,jump_4,jump_submit_subset,2496,104,194,250,3431,0,0
time,6,adaptive,rolling_32,price_query,20000,60,85,198,165765,0,0
time,6,adaptive,rolling_32,near_range8,20000,67,149,261,47274,0,0
time,6,adaptive,rolling_32,index_submit,20000,97,162,240,21416,0,0
time,6,adaptive,rolling_32,index_ack,20000,71,133,264,23448,0,0
time,6,adaptive,rolling_32,cross_page_submit_subset,305,97,151,158,162,0,0
time,6,adaptive,outliers_32,price_query,20000,62,171,384,27822,0,0
time,6,adaptive,outliers_32,near_range8,20000,70,204,470,23058,0,0
time,6,adaptive,outliers_32,index_submit,20000,100,230,576,17329,0,0
time,6,adaptive,outliers_32,index_ack,20000,70,223,506,48288,0,0
time,6,adaptive,outliers_32,cross_page_submit_subset,305,99,237,273,301,0,0
time,6,adaptive,outliers_32,far_query,20000,62,176,290,980,0,0
time,6,adaptive,boundary_32,price_query,20000,62,128,205,38953,0,0
time,6,adaptive,boundary_32,near_range8,20000,69,181,278,15839,0,0
time,6,adaptive,boundary_32,index_submit,20000,99,186,323,23633,0,0
time,6,adaptive,boundary_32,index_ack,20000,105,212,335,34878,0,0
time,6,adaptive,boundary_32,cross_page_submit_subset,625,102,181,283,307,0,0
time,6,adaptive,jump_32,price_query,20000,67,200,492,27811,0,0
time,6,adaptive,jump_32,near_range8,20000,93,264,636,39165,0,0
time,6,adaptive,jump_32,index_submit,20000,131,268,1006,49142,0,0
time,6,adaptive,jump_32,index_ack,20000,104,285,526,36583,0,0
time,6,adaptive,jump_32,cross_page_submit_subset,2652,163,299,1112,49142,0,0
time,6,adaptive,jump_32,jump_submit_subset,2496,165,297,1112,49142,0,0
time,6,adaptive,rolling_128,price_query,20000,67,139,467,27708,0,0
time,6,adaptive,rolling_128,near_range8,20000,74,180,592,38993,0,0
time,6,adaptive,rolling_128,index_submit,20000,106,200,358,36868,0,0
time,6,adaptive,rolling_128,index_ack,20000,76,155,298,28713,0,0
time,6,adaptive,rolling_128,cross_page_submit_subset,312,107,178,225,235,0,0
time,6,adaptive,outliers_128,price_query,20000,68,137,386,41060,0,0
time,6,adaptive,outliers_128,near_range8,20000,75,187,358,29768,0,0
time,6,adaptive,outliers_128,index_submit,20000,107,189,336,33827,0,0
time,6,adaptive,outliers_128,index_ack,20000,75,149,269,21027,0,0
time,6,adaptive,outliers_128,cross_page_submit_subset,312,107,192,267,324,0,0
time,6,adaptive,outliers_128,far_query,20000,69,178,273,22234,0,0
time,6,adaptive,boundary_128,price_query,20000,67,121,261,21503,0,0
time,6,adaptive,boundary_128,near_range8,20000,73,138,259,20009,0,0
time,6,adaptive,boundary_128,index_submit,20000,105,168,242,21163,0,0
time,6,adaptive,boundary_128,index_ack,20000,110,178,304,31531,0,0
time,6,adaptive,boundary_128,cross_page_submit_subset,313,114,155,175,175,0,0
time,6,adaptive,jump_128,price_query,20000,66,142,317,29549,0,0
time,6,adaptive,jump_128,near_range8,20000,72,177,397,25658,0,0
time,6,adaptive,jump_128,index_submit,20000,104,195,352,21036,0,0
time,6,adaptive,jump_128,index_ack,20000,75,210,436,158432,0,0
time,6,adaptive,jump_128,cross_page_submit_subset,2704,130,259,376,1870,0,0
time,6,adaptive,jump_128,jump_submit_subset,2432,133,260,376,1870,0,0
time,6,adaptive,4096books_4near_2far,price_query,20000,226,849,1496,54765,0,0
time,6,adaptive,new_book_growth,index_insert,20000,280,3027,20995,1649500,0,0
time,6,adaptive,engine_cancel_rehang_4near,cancel_to_command,20000,986,2699,27729,1050660,0,0
time,6,adaptive,engine_cancel_rehang_4near,new_to_command,20000,1189,4128,27815,261531,0,0
time,6,adaptive,engine_cancel_rehang_4near,accepted_report,20000,781,4076,24751,244318,0,0
time,6,adaptive,engine_cancel_rehang_4near,canceled_report,20000,782,4068,15680,48472,0,0
time,6,adaptive,engine_rolling_4_2far,price_query,20000,38,99,235,18549,0,0
time,6,adaptive,engine_rolling_4_2far,intent_to_command,20000,1049,3439,21142,50249,0,0
time,6,adaptive,engine_rolling_4_2far,intent_queued,20000,544,2593,8990,128808,0,0
time,6,adaptive,engine_rolling_4_2far,replace_report,20000,816,4266,27752,179613,0,0
time,6,adaptive,engine_rolling_4_2far,ready_to_command,20000,911,2940,20312,111001,0,0
time,6,adaptive,engine_jump_4_2far,price_query,20000,40,120,261,30793,0,0
time,6,adaptive,engine_jump_4_2far,intent_to_command,20000,1121,4464,28870,1847613,0,0
time,6,adaptive,engine_jump_4_2far,intent_queued,20000,604,3282,22679,74448,0,0
time,6,adaptive,engine_jump_4_2far,replace_report,20000,930,4500,33417,86637,0,0
time,6,adaptive,engine_jump_4_2far,ready_to_command,20000,930,4155,31293,1875868,0,0
time,6,adaptive,engine_jump_4_2far,jump_intent_subset,2496,1133,5444,26112,1847613,0,0
time,6,adaptive,engine_rolling_32_2far,price_query,20000,56,132,276,18520,0,0
time,6,adaptive,engine_rolling_32_2far,intent_to_command,20000,1047,3755,31003,845101,0,0
time,6,adaptive,engine_rolling_32_2far,intent_queued,20000,534,2604,21327,209871,0,0
time,6,adaptive,engine_rolling_32_2far,replace_report,20000,749,4327,29301,163457,0,0
time,6,adaptive,engine_rolling_32_2far,ready_to_command,20000,897,3004,25772,96745,0,0
time,6,adaptive,engine_jump_32_2far,price_query,20000,57,117,276,45005,0,0
time,6,adaptive,engine_jump_32_2far,intent_to_command,20000,1083,3638,26426,267002,0,0
time,6,adaptive,engine_jump_32_2far,intent_queued,20000,561,2860,21140,94996,0,0
time,6,adaptive,engine_jump_32_2far,replace_report,20000,846,4180,26741,183496,0,0
time,6,adaptive,engine_jump_32_2far,ready_to_command,20000,911,2989,26767,160149,0,0
time,6,adaptive,engine_jump_32_2far,jump_intent_subset,2496,1087,3076,17677,31001,0,0
time,7,adaptive,rolling_4,price_query,20000,46,137,365,56229,0,0
time,7,adaptive,rolling_4,near_range8,20000,45,95,202,56762,0,0
time,7,adaptive,rolling_4,index_submit,20000,83,164,301,22553,0,0
time,7,adaptive,rolling_4,index_ack,20000,76,160,271,21818,0,0
time,7,adaptive,rolling_4,cross_page_submit_subset,314,82,183,191,232,0,0
time,7,adaptive,outliers_4,price_query,20000,46,171,263,25330,0,0
time,7,adaptive,outliers_4,near_range8,20000,46,133,349,26085,0,0
time,7,adaptive,outliers_4,index_submit,20000,85,200,324,93263,0,0
time,7,adaptive,outliers_4,index_ack,20000,86,188,352,114191,0,0
time,7,adaptive,outliers_4,cross_page_submit_subset,314,85,213,292,322,0,0
time,7,adaptive,outliers_4,far_query,20000,46,135,225,923,0,0
time,7,adaptive,boundary_4,price_query,20000,45,128,253,4218,0,0
time,7,adaptive,boundary_4,near_range8,20000,46,123,242,15035,0,0
time,7,adaptive,boundary_4,index_submit,20000,83,157,281,87036,0,0
time,7,adaptive,boundary_4,index_ack,20000,87,170,264,17253,0,0
time,7,adaptive,boundary_4,cross_page_submit_subset,5000,82,145,209,87036,0,0
time,7,adaptive,jump_4,price_query,20000,46,132,330,18728,0,0
time,7,adaptive,jump_4,near_range8,20000,46,142,256,1002,0,0
time,7,adaptive,jump_4,index_submit,20000,87,185,292,23181,0,0
time,7,adaptive,jump_4,index_ack,20000,86,188,331,53896,0,0
time,7,adaptive,jump_4,cross_page_submit_subset,3746,100,209,269,7006,0,0
time,7,adaptive,jump_4,jump_submit_subset,2496,105,218,312,7006,0,0
time,7,adaptive,rolling_32,price_query,20000,60,82,210,33458,0,0
time,7,adaptive,rolling_32,near_range8,20000,67,135,258,17752,0,0
time,7,adaptive,rolling_32,index_submit,20000,96,167,241,27316,0,0
time,7,adaptive,rolling_32,index_ack,20000,70,130,256,25002,0,0
time,7,adaptive,rolling_32,cross_page_submit_subset,305,96,172,181,192,0,0
time,7,adaptive,outliers_32,price_query,20000,61,80,188,17250,0,0
time,7,adaptive,outliers_32,near_range8,20000,68,129,228,17717,0,0
time,7,adaptive,outliers_32,index_submit,20000,99,168,276,23314,0,0
time,7,adaptive,outliers_32,index_ack,20000,70,134,259,30720,0,0
time,7,adaptive,outliers_32,cross_page_submit_subset,305,97,152,286,1021,0,0
time,7,adaptive,outliers_32,far_query,20000,62,81,186,4723,0,0
time,7,adaptive,boundary_32,price_query,20000,62,82,203,55317,0,0
time,7,adaptive,boundary_32,near_range8,20000,68,138,254,21991,0,0
time,7,adaptive,boundary_32,index_submit,20000,97,169,260,47731,0,0
time,7,adaptive,boundary_32,index_ack,20000,102,182,269,17480,0,0
time,7,adaptive,boundary_32,cross_page_submit_subset,625,101,163,200,275,0,0
time,7,adaptive,jump_32,price_query,20000,60,82,204,30520,0,0
time,7,adaptive,jump_32,near_range8,20000,67,129,225,4056,0,0
time,7,adaptive,jump_32,index_submit,20000,97,174,263,31896,0,0
time,7,adaptive,jump_32,index_ack,20000,70,191,313,27877,0,0
time,7,adaptive,jump_32,cross_page_submit_subset,2652,123,215,265,18028,0,0
time,7,adaptive,jump_32,jump_submit_subset,2496,124,216,265,18028,0,0
time,7,adaptive,rolling_128,price_query,20000,66,106,242,25777,0,0
time,7,adaptive,rolling_128,near_range8,20000,74,187,318,26509,0,0
time,7,adaptive,rolling_128,index_submit,20000,105,196,1006,41283,0,0
time,7,adaptive,rolling_128,index_ack,20000,75,150,260,30856,0,0
time,7,adaptive,rolling_128,cross_page_submit_subset,312,106,184,241,269,0,0
time,7,adaptive,outliers_128,price_query,20000,68,127,307,20460,0,0
time,7,adaptive,outliers_128,near_range8,20000,75,181,354,7877,0,0
time,7,adaptive,outliers_128,index_submit,20000,107,203,400,38398,0,0
time,7,adaptive,outliers_128,index_ack,20000,75,154,280,92047,0,0
time,7,adaptive,outliers_128,cross_page_submit_subset,312,107,232,384,1042,0,0
time,7,adaptive,outliers_128,far_query,20000,69,127,248,30052,0,0
time,7,adaptive,boundary_128,price_query,20000,67,93,198,52580,0,0
time,7,adaptive,boundary_128,near_range8,20000,73,143,277,22919,0,0
time,7,adaptive,boundary_128,index_submit,20000,105,179,277,4026,0,0
time,7,adaptive,boundary_128,index_ack,20000,110,195,271,37241,0,0
time,7,adaptive,boundary_128,cross_page_submit_subset,313,114,176,181,192,0,0
time,7,adaptive,jump_128,price_query,20000,66,122,315,32966,0,0
time,7,adaptive,jump_128,near_range8,20000,72,160,279,25078,0,0
time,7,adaptive,jump_128,index_submit,20000,105,204,480,34205,0,0
time,7,adaptive,jump_128,index_ack,20000,75,220,338,30801,0,0
time,7,adaptive,jump_128,cross_page_submit_subset,2704,130,267,557,1212,0,0
time,7,adaptive,jump_128,jump_submit_subset,2432,134,269,557,1212,0,0
time,7,adaptive,4096books_4near_2far,price_query,20000,228,895,1978,58042,0,0
time,7,adaptive,new_book_growth,index_insert,20000,281,3014,15546,1432887,0,0
time,7,adaptive,engine_cancel_rehang_4near,cancel_to_command,20000,1029,3010,29141,1049590,0,0
time,7,adaptive,engine_cancel_rehang_4near,new_to_command,20000,1243,4807,31140,263119,0,0
time,7,adaptive,engine_cancel_rehang_4near,accepted_report,20000,849,4661,24034,242010,0,0
time,7,adaptive,engine_cancel_rehang_4near,canceled_report,20000,856,4688,26589,391851,0,0
time,7,adaptive,engine_rolling_4_2far,price_query,20000,42,120,250,32445,0,0
time,7,adaptive,engine_rolling_4_2far,intent_to_command,20000,1299,4404,30848,192595,0,0
time,7,adaptive,engine_rolling_4_2far,intent_queued,20000,683,3427,18532,59103,0,0
time,7,adaptive,engine_rolling_4_2far,replace_report,20000,1033,4460,25960,71601,0,0
time,7,adaptive,engine_rolling_4_2far,ready_to_command,20000,1012,4298,29504,424925,0,0
time,7,adaptive,engine_jump_4_2far,price_query,20000,38,88,157,5450,0,0
time,7,adaptive,engine_jump_4_2far,intent_to_command,20000,1038,3752,21402,54004,0,0
time,7,adaptive,engine_jump_4_2far,intent_queued,20000,533,2744,6731,46627,0,0
time,7,adaptive,engine_jump_4_2far,replace_report,20000,785,4862,21386,78212,0,0
time,7,adaptive,engine_jump_4_2far,ready_to_command,20000,905,2856,20038,74514,0,0
time,7,adaptive,engine_jump_4_2far,jump_intent_subset,2496,1051,4750,22345,39018,0,0
time,7,adaptive,engine_rolling_32_2far,price_query,20000,84,170,398,33715,0,0
time,7,adaptive,engine_rolling_32_2far,intent_to_command,20000,1870,5390,38451,146619,0,0
time,7,adaptive,engine_rolling_32_2far,intent_queued,20000,870,3953,25576,79366,0,0
time,7,adaptive,engine_rolling_32_2far,replace_report,20000,1241,4784,32302,58880,0,0
time,7,adaptive,engine_rolling_32_2far,ready_to_command,20000,1570,5052,37463,55474,0,0
time,7,adaptive,engine_jump_32_2far,price_query,20000,86,253,505,65662,0,0
time,7,adaptive,engine_jump_32_2far,intent_to_command,20000,1882,5688,37603,139796,0,0
time,7,adaptive,engine_jump_32_2far,intent_queued,20000,882,4187,31521,101007,0,0
time,7,adaptive,engine_jump_32_2far,replace_report,20000,1290,6390,40520,115015,0,0
time,7,adaptive,engine_jump_32_2far,ready_to_command,20000,1582,5201,35056,68857,0,0
time,7,adaptive,engine_jump_32_2far,jump_intent_subset,2496,1883,4906,37354,72931,0,0
time,7,pages,rolling_4,price_query,20000,47,191,476,73006,0,0
time,7,pages,rolling_4,near_range8,20000,70,234,618,31308,0,0
time,7,pages,rolling_4,index_submit,20000,103,205,989,57454,0,0
time,7,pages,rolling_4,index_ack,20000,91,221,1015,31892,0,0
time,7,pages,rolling_4,cross_page_submit_subset,314,121,386,547,602,0,0
time,7,pages,rolling_4,page_creation_subset,78,222,547,547,602,0,0
time,7,pages,outliers_4,price_query,20000,47,166,296,27980,0,0
time,7,pages,outliers_4,near_range8,20000,65,211,499,6150,0,0
time,7,pages,outliers_4,index_submit,20000,94,205,996,34232,0,0
time,7,pages,outliers_4,index_ack,20000,85,208,979,32784,0,0
time,7,pages,outliers_4,cross_page_submit_subset,314,100,447,739,1017,0,0
time,7,pages,outliers_4,page_creation_subset,78,193,618,618,739,0,0
time,7,pages,outliers_4,far_query,20000,47,170,492,18191,0,0
time,7,pages,boundary_4,price_query,20000,46,69,190,3503,0,0
time,7,pages,boundary_4,near_range8,20000,65,150,254,14915,0,0
time,7,pages,boundary_4,index_submit,20000,87,134,217,53116,0,0
time,7,pages,boundary_4,index_ack,20000,95,151,280,21463,0,0
time,7,pages,boundary_4,cross_page_submit_subset,5000,86,132,207,53116,0,0
time,7,pages,jump_4,price_query,20000,46,60,238,30458,0,0
time,7,pages,jump_4,near_range8,20000,62,111,243,18877,0,0
time,7,pages,jump_4,index_submit,20000,92,164,250,30649,0,0
time,7,pages,jump_4,index_ack,20000,82,157,279,21520,0,0
time,7,pages,jump_4,cross_page_submit_subset,3746,96,201,282,314,0,0
time,7,pages,jump_4,page_creation_subset,1248,148,249,285,314,0,0
time,7,pages,jump_4,jump_submit_subset,2496,127,229,282,314,0,0
time,7,pages,rolling_32,price_query,20000,46,65,184,24731,0,0
time,7,pages,rolling_32,near_range8,20000,72,163,298,47095,0,0
time,7,pages,rolling_32,index_submit,20000,87,158,251,28653,0,0
time,7,pages,rolling_32,index_ack,20000,70,134,287,20661,0,0
time,7,pages,rolling_32,cross_page_submit_subset,305,97,234,251,267,0,0
time,7,pages,rolling_32,page_creation_subset,10,233,251,251,267,0,0
time,7,pages,outliers_32,price_query,20000,46,66,182,37660,0,0
time,7,pages,outliers_32,near_range8,20000,74,146,268,20311,0,0
time,7,pages,outliers_32,index_submit,20000,89,166,252,21499,0,0
time,7,pages,outliers_32,index_ack,20000,71,131,255,30706,0,0
time,7,pages,outliers_32,cross_page_submit_subset,305,97,286,306,714,0,0
time,7,pages,outliers_32,page_creation_subset,10,277,306,306,714,0,0
time,7,pages,outliers_32,far_query,20000,47,67,186,24279,0,0
time,7,pages,boundary_32,price_query,20000,46,63,196,22223,0,0
time,7,pages,boundary_32,near_range8,20000,73,143,263,26969,0,0
time,7,pages,boundary_32,index_submit,20000,87,147,219,18319,0,0
time,7,pages,boundary_32,index_ack,20000,85,146,275,81692,0,0
time,7,pages,boundary_32,cross_page_submit_subset,625,89,155,182,327,0,0
time,7,pages,jump_32,price_query,20000,46,122,231,36655,0,0
time,7,pages,jump_32,near_range8,20000,72,208,482,30497,0,0
time,7,pages,jump_32,index_submit,20000,88,177,297,24891,0,0
time,7,pages,jump_32,index_ack,20000,71,178,366,31599,0,0
time,7,pages,jump_32,cross_page_submit_subset,2652,96,247,349,1021,0,0
time,7,pages,jump_32,page_creation_subset,156,167,336,349,355,0,0
time,7,pages,jump_32,jump_submit_subset,2496,96,249,349,1021,0,0
time,7,pages,rolling_128,price_query,20000,46,64,183,21775,0,0
time,7,pages,rolling_128,near_range8,20000,73,141,252,21125,0,0
time,7,pages,rolling_128,index_submit,20000,89,154,248,18277,0,0
time,7,pages,rolling_128,index_ack,20000,75,125,262,51515,0,0
time,7,pages,rolling_128,cross_page_submit_subset,312,101,179,358,437,0,0
time,7,pages,rolling_128,page_creation_subset,3,358,358,358,437,0,0
time,7,pages,outliers_128,price_query,20000,46,64,166,23277,0,0
time,7,pages,outliers_128,near_range8,20000,75,135,247,30831,0,0
time,7,pages,outliers_128,index_submit,20000,90,154,259,17413,0,0
time,7,pages,outliers_128,index_ack,20000,73,121,251,18470,0,0
time,7,pages,outliers_128,cross_page_submit_subset,312,101,160,414,416,0,0
time,7,pages,outliers_128,page_creation_subset,3,414,414,414,416,0,0
time,7,pages,outliers_128,far_query,20000,48,64,166,32929,0,0
time,7,pages,boundary_128,price_query,20000,46,64,164,940,0,0
time,7,pages,boundary_128,near_range8,20000,73,145,288,28727,0,0
time,7,pages,boundary_128,index_submit,20000,89,153,273,40627,0,0
time,7,pages,boundary_128,index_ack,20000,85,157,292,23086,0,0
time,7,pages,boundary_128,cross_page_submit_subset,313,97,145,158,201,0,0
time,7,pages,jump_128,price_query,20000,46,85,209,18890,0,0
time,7,pages,jump_128,near_range8,20000,73,138,260,25064,0,0
time,7,pages,jump_128,index_submit,20000,89,173,319,22734,0,0
time,7,pages,jump_128,index_ack,20000,75,194,319,17734,0,0
time,7,pages,jump_128,cross_page_submit_subset,2704,101,232,381,996,0,0
time,7,pages,jump_128,page_creation_subset,77,187,440,440,614,0,0
time,7,pages,jump_128,jump_submit_subset,2432,100,220,381,996,0,0
time,7,pages,4096books_4near_2far,price_query,20000,357,1152,1946,52079,0,0
time,7,pages,new_book_growth,index_insert,20000,387,4893,41551,1352663,0,0
time,7,pages,new_book_growth,page_block_growth_subset,313,4999,102362,310706,1352663,0,0
time,7,pages,engine_cancel_rehang_4near,cancel_to_command,20000,958,3453,26762,1089973,0,0
time,7,pages,engine_cancel_rehang_4near,new_to_command,20000,1183,5314,30056,460497,0,0
time,7,pages,engine_cancel_rehang_4near,accepted_report,20000,740,3746,16945,65491,0,0
time,7,pages,engine_cancel_rehang_4near,canceled_report,20000,753,4055,24884,48005,0,0
time,7,pages,engine_rolling_4_2far,price_query,20000,40,100,196,32763,0,0
time,7,pages,engine_rolling_4_2far,intent_to_command,20000,1028,3751,25908,176497,0,0
time,7,pages,engine_rolling_4_2far,intent_queued,20000,530,2807,10303,58386,0,0
time,7,pages,engine_rolling_4_2far,replace_report,20000,761,4721,26232,70696,0,0
time,7,pages,engine_rolling_4_2far,ready_to_command,20000,888,2946,24887,54654,0,0
time,7,pages,engine_jump_4_2far,price_query,20000,40,89,162,967,0,0
time,7,pages,engine_jump_4_2far,intent_to_command,20000,1030,3082,22341,47962,0,0
time,7,pages,engine_jump_4_2far,intent_queued,20000,527,2475,8811,239808,0,0
time,7,pages,engine_jump_4_2far,replace_report,20000,758,3900,21197,112165,0,0
time,7,pages,engine_jump_4_2far,ready_to_command,20000,887,2895,27938,56508,0,0
time,7,pages,engine_jump_4_2far,jump_intent_subset,2496,1053,4138,26618,43989,0,0
time,7,pages,engine_rolling_32_2far,price_query,20000,41,94,172,4025,0,0
time,7,pages,engine_rolling_32_2far,intent_to_command,20000,1043,3257,27227,112190,0,0
time,7,pages,engine_rolling_32_2far,intent_queued,20000,542,2544,10208,347281,0,0
time,7,pages,engine_rolling_32_2far,replace_report,20000,785,3962,35601,231867,0,0
time,7,pages,engine_rolling_32_2far,ready_to_command,20000,881,2924,29221,189474,0,0
time,7,pages,engine_jump_32_2far,price_query,20000,42,100,241,22524,0,0
time,7,pages,engine_jump_32_2far,intent_to_command,20000,1039,3400,22148,55190,0,0
time,7,pages,engine_jump_32_2far,intent_queued,20000,534,2687,8352,610806,0,0
time,7,pages,engine_jump_32_2far,replace_report,20000,744,4224,24611,76039,0,0
time,7,pages,engine_jump_32_2far,ready_to_command,20000,889,2803,24093,404976,0,0
time,7,pages,engine_jump_32_2far,jump_intent_subset,2496,1040,2814,4904,18850,0,0
time,7,standard,rolling_4,price_query,20000,43,180,419,30949,0,0
time,7,standard,rolling_4,near_range8,20000,51,219,513,60635,0,0
time,7,standard,rolling_4,index_submit,20000,92,208,458,92817,0,0
time,7,standard,rolling_4,index_ack,20000,90,243,458,23824,0,0
time,7,standard,rolling_4,cross_page_submit_subset,314,91,203,215,247,0,0
time,7,standard,outliers_4,price_query,20000,63,206,521,7830,0,0
time,7,standard,outliers_4,near_range8,20000,101,255,629,50419,0,0
time,7,standard,outliers_4,index_submit,20000,158,238,1017,48435,0,0
time,7,standard,outliers_4,index_ack,20000,146,259,666,30214,0,0
time,7,standard,outliers_4,cross_page_submit_subset,314,156,233,280,300,0,0
time,7,standard,outliers_4,far_query,20000,65,207,503,32748,0,0
time,7,standard,boundary_4,price_query,20000,61,209,535,29196,0,0
time,7,standard,boundary_4,near_range8,20000,97,256,601,52726,0,0
time,7,standard,boundary_4,index_submit,20000,153,292,507,34887,0,0
time,7,standard,boundary_4,index_ack,20000,176,353,1053,33498,0,0
time,7,standard,boundary_4,cross_page_submit_subset,5000,147,261,396,1058,0,0
time,7,standard,jump_4,price_query,20000,60,281,585,101141,0,0
time,7,standard,jump_4,near_range8,20000,94,247,563,35675,0,0
time,7,standard,jump_4,index_submit,20000,154,231,368,26475,0,0
time,7,standard,jump_4,index_ack,20000,149,304,1030,47535,0,0
time,7,standard,jump_4,cross_page_submit_subset,3746,167,239,534,7206,0,0
time,7,standard,jump_4,jump_submit_subset,2496,183,246,377,1110,0,0
time,7,standard,rolling_32,price_query,20000,66,201,492,39193,0,0
time,7,standard,rolling_32,near_range8,20000,141,308,694,45153,0,0
time,7,standard,rolling_32,index_submit,20000,159,274,643,64391,0,0
time,7,standard,rolling_32,index_ack,20000,119,303,831,63718,0,0
time,7,standard,rolling_32,cross_page_submit_subset,305,159,229,339,696,0,0
time,7,standard,outliers_32,price_query,20000,68,206,525,47742,0,0
time,7,standard,outliers_32,near_range8,20000,155,333,655,32900,0,0
time,7,standard,outliers_32,index_submit,20000,173,421,1041,73366,0,0
time,7,standard,outliers_32,index_ack,20000,128,418,1016,45896,0,0
time,7,standard,outliers_32,cross_page_submit_subset,305,171,380,494,1070,0,0
time,7,standard,outliers_32,far_query,20000,78,204,556,60460,0,0
time,7,standard,boundary_32,price_query,20000,67,210,524,34679,0,0
time,7,standard,boundary_32,near_range8,20000,140,329,1026,56338,0,0
time,7,standard,boundary_32,index_submit,20000,156,355,1064,79076,0,0
time,7,standard,boundary_32,index_ack,20000,164,472,1218,36712,0,0
time,7,standard,boundary_32,cross_page_submit_subset,625,152,291,407,622,0,0
time,7,standard,jump_32,price_query,20000,47,148,317,134864,0,0
time,7,standard,jump_32,near_range8,20000,78,231,409,29139,0,0
time,7,standard,jump_32,index_submit,20000,95,314,704,34524,0,0
time,7,standard,jump_32,index_ack,20000,72,433,840,34885,0,0
time,7,standard,jump_32,cross_page_submit_subset,2652,127,462,793,3318,0,0
time,7,standard,jump_32,jump_submit_subset,2496,128,465,773,1139,0,0
time,7,standard,rolling_128,price_query,20000,51,88,193,31769,0,0
time,7,standard,rolling_128,near_range8,20000,85,180,314,5417,0,0
time,7,standard,rolling_128,index_submit,20000,109,191,309,21952,0,0
time,7,standard,rolling_128,index_ack,20000,74,141,596,31635,0,0
time,7,standard,rolling_128,cross_page_submit_subset,312,108,160,208,232,0,0
time,7,standard,outliers_128,price_query,20000,53,86,186,22363,0,0
time,7,standard,outliers_128,near_range8,20000,81,156,295,17620,0,0
time,7,standard,outliers_128,index_submit,20000,106,191,519,41011,0,0
time,7,standard,outliers_128,index_ack,20000,74,157,456,23741,0,0
time,7,standard,outliers_128,cross_page_submit_subset,312,107,183,222,224,0,0
time,7,standard,outliers_128,far_query,20000,56,85,202,28214,0,0
time,7,standard,boundary_128,price_query,20000,50,71,137,31713,0,0
time,7,standard,boundary_128,near_range8,20000,81,116,259,20214,0,0
time,7,standard,boundary_128,index_submit,20000,99,144,230,27455,0,0
time,7,standard,boundary_128,index_ack,20000,98,254,390,17351,0,0
time,7,standard,boundary_128,cross_page_submit_subset,313,98,154,166,195,0,0
time,7,standard,jump_128,price_query,20000,55,128,218,972,0,0
time,7,standard,jump_128,near_range8,20000,80,208,344,24174,0,0
time,7,standard,jump_128,index_submit,20000,114,292,907,279953,0,0
time,7,standard,jump_128,index_ack,20000,75,363,847,1060419,0,0
time,7,standard,jump_128,cross_page_submit_subset,2704,170,510,4049,279953,0,0
time,7,standard,jump_128,jump_submit_subset,2432,172,534,4049,279953,0,0
time,7,standard,4096books_4near_2far,price_query,20000,310,958,1700,184390,0,0
time,7,standard,new_book_growth,index_insert,20000,511,5769,39534,2156935,0,0
time,7,standard,engine_cancel_rehang_4near,cancel_to_command,20000,992,2166,30165,1047612,0,0
time,7,standard,engine_cancel_rehang_4near,new_to_command,20000,1214,3950,25026,348897,0,0
time,7,standard,engine_cancel_rehang_4near,accepted_report,20000,788,5478,25763,140476,0,0
time,7,standard,engine_cancel_rehang_4near,canceled_report,20000,805,5467,23115,775393,0,0
time,7,standard,engine_rolling_4_2far,price_query,20000,36,93,180,32294,0,0
time,7,standard,engine_rolling_4_2far,intent_to_command,20000,1151,4205,25514,76052,0,0
time,7,standard,engine_rolling_4_2far,intent_queued,20000,646,3212,20191,855976,0,0
time,7,standard,engine_rolling_4_2far,replace_report,20000,974,4326,28315,163997,0,0
time,7,standard,engine_rolling_4_2far,ready_to_command,20000,923,3996,24417,549050,0,0
time,7,standard,engine_jump_4_2far,price_query,20000,58,103,155,38749,0,0
time,7,standard,engine_jump_4_2far,intent_to_command,20000,1700,4540,27413,60814,0,0
time,7,standard,engine_jump_4_2far,intent_queued,20000,835,3547,23042,109737,0,0
time,7,standard,engine_jump_4_2far,replace_report,20000,1194,5746,27652,175463,0,0
time,7,standard,engine_jump_4_2far,ready_to_command,20000,1513,4280,27248,97345,0,0
time,7,standard,engine_jump_4_2far,jump_intent_subset,2496,1718,5034,27413,52439,0,0
time,7,standard,engine_rolling_32_2far,price_query,20000,57,94,153,29786,0,0
time,7,standard,engine_rolling_32_2far,intent_to_command,20000,1038,3004,20439,39471,0,0
time,7,standard,engine_rolling_32_2far,intent_queued,20000,519,2415,6154,49989,0,0
time,7,standard,engine_rolling_32_2far,replace_report,20000,721,4025,19747,71886,0,0
time,7,standard,engine_rolling_32_2far,ready_to_command,20000,903,2777,13881,60465,0,0
time,7,standard,engine_jump_32_2far,price_query,20000,57,102,176,18463,0,0
time,7,standard,engine_jump_32_2far,intent_to_command,20000,1044,3720,20858,106278,0,0
time,7,standard,engine_jump_32_2far,intent_queued,20000,527,2748,11075,519173,0,0
time,7,standard,engine_jump_32_2far,replace_report,20000,766,4496,19301,181630,0,0
time,7,standard,engine_jump_32_2far,ready_to_command,20000,908,2832,20398,68659,0,0
time,7,standard,engine_jump_32_2far,jump_intent_subset,2496,1049,2272,20204,30526,0,0
time,8,standard,rolling_4,price_query,20000,53,189,486,56082,0,0
time,8,standard,rolling_4,near_range8,20000,79,229,508,1873057,0,0
time,8,standard,rolling_4,index_submit,20000,126,213,408,1888367,0,0
time,8,standard,rolling_4,index_ack,20000,123,248,624,25918,0,0
time,8,standard,rolling_4,cross_page_submit_subset,314,131,213,410,711194,0,0
time,8,standard,outliers_4,price_query,20000,65,180,374,29330,0,0
time,8,standard,outliers_4,near_range8,20000,104,235,538,66062,0,0
time,8,standard,outliers_4,index_submit,20000,168,239,428,35910,0,0
time,8,standard,outliers_4,index_ack,20000,152,254,477,41732,0,0
time,8,standard,outliers_4,cross_page_submit_subset,314,167,236,262,26585,0,0
time,8,standard,outliers_4,far_query,20000,68,183,442,47724,0,0
time,8,standard,boundary_4,price_query,20000,62,195,467,34002,0,0
time,8,standard,boundary_4,near_range8,20000,100,247,576,48210,0,0
time,8,standard,boundary_4,index_submit,20000,158,217,403,26283,0,0
time,8,standard,boundary_4,index_ack,20000,180,295,475,55234,0,0
time,8,standard,boundary_4,cross_page_submit_subset,5000,152,187,251,591,0,0
time,8,standard,jump_4,price_query,20000,63,243,548,31369,0,0
time,8,standard,jump_4,near_range8,20000,98,234,501,53744,0,0
time,8,standard,jump_4,index_submit,20000,161,224,325,26429,0,0
time,8,standard,jump_4,index_ack,20000,152,298,601,33813,0,0
time,8,standard,jump_4,cross_page_submit_subset,3746,174,238,553,26429,0,0
time,8,standard,jump_4,jump_submit_subset,2496,191,246,553,26429,0,0
time,8,standard,rolling_32,price_query,20000,59,188,456,109048,0,0
time,8,standard,rolling_32,near_range8,20000,123,298,547,32464,0,0
time,8,standard,rolling_32,index_submit,20000,134,264,525,38440,0,0
time,8,standard,rolling_32,index_ack,20000,105,256,613,29296,0,0
time,8,standard,rolling_32,cross_page_submit_subset,305,137,268,300,38440,0,0
time,8,standard,outliers_32,price_query,20000,44,61,182,31236,0,0
time,8,standard,outliers_32,near_range8,20000,73,115,246,26814,0,0
time,8,standard,outliers_32,index_submit,20000,99,155,241,18499,0,0
time,8,standard,outliers_32,index_ack,20000,70,145,341,19218,0,0
time,8,standard,outliers_32,cross_page_submit_subset,305,98,148,157,248,0,0
time,8,standard,outliers_32,far_query,20000,50,65,182,3764,0,0
time,8,standard,boundary_32,price_query,20000,45,75,195,114485,0,0
time,8,standard,boundary_32,near_range8,20000,75,167,317,18807,0,0
time,8,standard,boundary_32,index_submit,20000,87,151,250,109692,0,0
time,8,standard,boundary_32,index_ack,20000,93,184,338,22883,0,0
time,8,standard,boundary_32,cross_page_submit_subset,625,85,127,135,136,0,0
time,8,standard,jump_32,price_query,20000,45,70,172,102075,0,0
time,8,standard,jump_32,near_range8,20000,75,114,258,26061,0,0
time,8,standard,jump_32,index_submit,20000,91,164,247,29450,0,0
time,8,standard,jump_32,index_ack,20000,70,220,352,26662,0,0
time,8,standard,jump_32,cross_page_submit_subset,2652,123,214,521,20932,0,0
time,8,standard,jump_32,jump_submit_subset,2496,124,220,521,20932,0,0
time,8,standard,rolling_128,price_query,20000,52,90,190,19119,0,0
time,8,standard,rolling_128,near_range8,20000,86,177,349,65303,0,0
time,8,standard,rolling_128,index_submit,20000,108,186,275,18992,0,0
time,8,standard,rolling_128,index_ack,20000,74,143,398,21698,0,0
time,8,standard,rolling_128,cross_page_submit_subset,312,106,168,194,270,0,0
time,8,standard,outliers_128,price_query,20000,55,120,219,12995,0,0
time,8,standard,outliers_128,near_range8,20000,82,220,508,25669,0,0
time,8,standard,outliers_128,index_submit,20000,108,235,689,1889886,0,0
time,8,standard,outliers_128,index_ack,20000,74,227,939,71760,0,0
time,8,standard,outliers_128,cross_page_submit_subset,312,108,244,329,409,0,0
time,8,standard,outliers_128,far_query,20000,57,117,227,42226,0,0
time,8,standard,boundary_128,price_query,20000,50,131,212,129696,0,0
time,8,standard,boundary_128,near_range8,20000,81,215,409,273264,0,0
time,8,standard,boundary_128,index_submit,20000,99,171,302,23808,0,0
time,8,standard,boundary_128,index_ack,20000,100,280,613,53263,0,0
time,8,standard,boundary_128,cross_page_submit_subset,313,104,168,190,216,0,0
time,8,standard,jump_128,price_query,20000,53,106,202,6622,0,0
time,8,standard,jump_128,near_range8,20000,80,165,393,146562,0,0
time,8,standard,jump_128,index_submit,20000,113,230,434,18653,0,0
time,8,standard,jump_128,index_ack,20000,74,303,512,87908,0,0
time,8,standard,jump_128,cross_page_submit_subset,2704,163,371,838,14914,0,0
time,8,standard,jump_128,jump_submit_subset,2432,165,376,838,14914,0,0
time,8,standard,4096books_4near_2far,price_query,20000,209,780,1242,45850,0,0
time,8,standard,new_book_growth,index_insert,20000,305,3770,27065,1414587,0,0
time,8,standard,engine_cancel_rehang_4near,cancel_to_command,20000,1214,2629,36587,1558154,0,0
time,8,standard,engine_cancel_rehang_4near,new_to_command,20000,1460,4586,34715,734445,0,0
time,8,standard,engine_cancel_rehang_4near,accepted_report,20000,1050,3902,29399,66024,0,0
time,8,standard,engine_cancel_rehang_4near,canceled_report,20000,1090,3871,29141,53272,0,0
time,8,standard,engine_rolling_4_2far,price_query,20000,63,111,213,47219,0,0
time,8,standard,engine_rolling_4_2far,intent_to_command,20000,1820,5054,37825,107845,0,0
time,8,standard,engine_rolling_4_2far,intent_queued,20000,883,3728,32321,61039,0,0
time,8,standard,engine_rolling_4_2far,replace_report,20000,1337,5917,37069,190742,0,0
time,8,standard,engine_rolling_4_2far,ready_to_command,20000,1491,4514,34628,147544,0,0
time,8,standard,engine_jump_4_2far,price_query,20000,34,71,140,5324,0,0
time,8,standard,engine_jump_4_2far,intent_to_command,20000,1017,2962,30861,70184,0,0
time,8,standard,engine_jump_4_2far,intent_queued,20000,517,2421,18357,168212,0,0
time,8,standard,engine_jump_4_2far,replace_report,20000,757,3911,29453,728220,0,0
time,8,standard,engine_jump_4_2far,ready_to_command,20000,894,2812,20633,157774,0,0
time,8,standard,engine_jump_4_2far,jump_intent_subset,2496,1023,3687,39325,60847,0,0
time,8,standard,engine_rolling_32_2far,price_query,20000,58,98,164,67849,0,0
time,8,standard,engine_rolling_32_2far,intent_to_command,20000,1033,3005,37513,206474,0,0
time,8,standard,engine_rolling_32_2far,intent_queued,20000,510,2399,6165,130078,0,0
time,8,standard,engine_rolling_32_2far,replace_report,20000,702,3832,21535,319476,0,0
time,8,standard,engine_rolling_32_2far,ready_to_command,20000,907,2763,24487,151432,0,0
time,8,standard,engine_jump_32_2far,price_query,20000,58,103,186,30086,0,0
time,8,standard,engine_jump_32_2far,intent_to_command,20000,1033,3052,24919,141966,0,0
time,8,standard,engine_jump_32_2far,intent_queued,20000,514,2376,20652,256644,0,0
time,8,standard,engine_jump_32_2far,replace_report,20000,722,3917,14485,108654,0,0
time,8,standard,engine_jump_32_2far,ready_to_command,20000,909,2843,32529,156335,0,0
time,8,standard,engine_jump_32_2far,jump_intent_subset,2496,1036,2534,30183,126085,0,0
time,8,pages,rolling_4,price_query,20000,46,128,381,3725,0,0
time,8,pages,rolling_4,near_range8,20000,64,177,337,21646,0,0
time,8,pages,rolling_4,index_submit,20000,89,164,262,74410,0,0
time,8,pages,rolling_4,index_ack,20000,81,151,267,23336,0,0
time,8,pages,rolling_4,cross_page_submit_subset,314,92,241,283,312,0,0
time,8,pages,rolling_4,page_creation_subset,78,171,262,262,312,0,0
time,8,pages,outliers_4,price_query,20000,46,73,190,4203,0,0
time,8,pages,outliers_4,near_range8,20000,63,153,257,32390,0,0
time,8,pages,outliers_4,index_submit,20000,87,172,284,225183,0,0
time,8,pages,outliers_4,index_ack,20000,82,164,291,62598,0,0
time,8,pages,outliers_4,cross_page_submit_subset,314,95,292,336,374,0,0
time,8,pages,outliers_4,page_creation_subset,78,179,336,336,374,0,0
time,8,pages,outliers_4,far_query,20000,46,70,194,17837,0,0
time,8,pages,boundary_4,price_query,20000,46,75,205,30762,0,0
time,8,pages,boundary_4,near_range8,20000,65,154,265,35911,0,0
time,8,pages,boundary_4,index_submit,20000,87,156,253,18720,0,0
time,8,pages,boundary_4,index_ack,20000,95,187,359,21747,0,0
time,8,pages,boundary_4,cross_page_submit_subset,5000,86,151,235,1037,0,0
time,8,pages,jump_4,price_query,20000,46,133,349,3760,0,0
time,8,pages,jump_4,near_range8,20000,63,161,257,5864,0,0
time,8,pages,jump_4,index_submit,20000,92,180,327,51319,0,0
time,8,pages,jump_4,index_ack,20000,82,187,368,25165,0,0
time,8,pages,jump_4,cross_page_submit_subset,3746,98,245,457,51319,0,0
time,8,pages,jump_4,page_creation_subset,1248,148,301,457,4216,0,0
time,8,pages,jump_4,jump_submit_subset,2496,129,261,1052,51319,0,0
time,8,pages,rolling_32,price_query,20000,46,59,183,19092,0,0
time,8,pages,rolling_32,near_range8,20000,76,127,265,44148,0,0
time,8,pages,rolling_32,index_submit,20000,86,130,230,18063,0,0
time,8,pages,rolling_32,index_ack,20000,70,113,241,4312,0,0
time,8,pages,rolling_32,cross_page_submit_subset,305,96,256,262,268,0,0
time,8,pages,rolling_32,page_creation_subset,10,256,262,262,268,0,0
time,8,pages,outliers_32,price_query,20000,46,93,194,28587,0,0
time,8,pages,outliers_32,near_range8,20000,72,177,275,24102,0,0
time,8,pages,outliers_32,index_submit,20000,89,163,275,22493,0,0
time,8,pages,outliers_32,index_ack,20000,71,150,272,18014,0,0
time,8,pages,outliers_32,cross_page_submit_subset,305,97,284,382,612,0,0
time,8,pages,outliers_32,page_creation_subset,10,275,382,382,612,0,0
time,8,pages,outliers_32,far_query,20000,47,105,198,31145,0,0
time,8,pages,boundary_32,price_query,20000,46,60,186,570,0,0
time,8,pages,boundary_32,near_range8,20000,73,114,251,64320,0,0
time,8,pages,boundary_32,index_submit,20000,87,119,165,31887,0,0
time,8,pages,boundary_32,index_ack,20000,84,125,237,23730,0,0
time,8,pages,boundary_32,cross_page_submit_subset,625,89,123,137,268,0,0
time,8,pages,jump_32,price_query,20000,46,119,200,17482,0,0
time,8,pages,jump_32,near_range8,20000,72,144,246,6171,0,0
time,8,pages,jump_32,index_submit,20000,87,168,297,29797,0,0
time,8,pages,jump_32,index_ack,20000,70,171,320,19930,0,0
time,8,pages,jump_32,cross_page_submit_subset,2652,95,235,534,4175,0,0
time,8,pages,jump_32,page_creation_subset,156,163,399,412,534,0,0
time,8,pages,jump_32,jump_submit_subset,2496,95,239,534,4175,0,0
time,8,pages,rolling_128,price_query,20000,46,62,180,22222,0,0
time,8,pages,rolling_128,near_range8,20000,78,134,262,21940,0,0
time,8,pages,rolling_128,index_submit,20000,88,152,278,17991,0,0
time,8,pages,rolling_128,index_ack,20000,74,123,247,22446,0,0
time,8,pages,rolling_128,cross_page_submit_subset,312,102,168,437,472,0,0
time,8,pages,rolling_128,page_creation_subset,3,437,437,437,472,0,0
time,8,pages,outliers_128,price_query,20000,46,64,182,21604,0,0
time,8,pages,outliers_128,near_range8,20000,73,134,245,28341,0,0
time,8,pages,outliers_128,index_submit,20000,90,148,218,22872,0,0
time,8,pages,outliers_128,index_ack,20000,73,121,250,17677,0,0
time,8,pages,outliers_128,cross_page_submit_subset,312,101,157,485,546,0,0
time,8,pages,outliers_128,page_creation_subset,3,485,485,485,546,0,0
time,8,pages,outliers_128,far_query,20000,47,67,184,30908,0,0
time,8,pages,boundary_128,price_query,20000,47,64,181,30094,0,0
time,8,pages,boundary_128,near_range8,20000,73,142,280,23847,0,0
time,8,pages,boundary_128,index_submit,20000,89,152,260,29130,0,0
time,8,pages,boundary_128,index_ack,20000,85,156,291,4307,0,0
time,8,pages,boundary_128,cross_page_submit_subset,313,98,150,153,162,0,0
time,8,pages,jump_128,price_query,20000,46,62,177,18779,0,0
time,8,pages,jump_128,near_range8,20000,73,123,217,13271,0,0
time,8,pages,jump_128,index_submit,20000,89,153,265,3650,0,0
time,8,pages,jump_128,index_ack,20000,75,155,292,26647,0,0
time,8,pages,jump_128,cross_page_submit_subset,2704,99,217,368,1260,0,0
time,8,pages,jump_128,page_creation_subset,77,188,369,369,371,0,0
time,8,pages,jump_128,jump_submit_subset,2432,99,199,368,1260,0,0
time,8,pages,4096books_4near_2far,price_query,20000,390,1269,5294,56184,0,0
time,8,pages,new_book_growth,index_insert,20000,412,5258,48264,1544745,0,0
time,8,pages,new_book_growth,page_block_growth_subset,313,5475,186450,439778,1544745,0,0
time,8,pages,engine_cancel_rehang_4near,cancel_to_command,20000,953,3435,26967,1083383,0,0
time,8,pages,engine_cancel_rehang_4near,new_to_command,20000,1183,5287,30648,620658,0,0
time,8,pages,engine_cancel_rehang_4near,accepted_report,20000,746,3733,27479,107582,0,0
time,8,pages,engine_cancel_rehang_4near,canceled_report,20000,762,4012,27624,115354,0,0
time,8,pages,engine_rolling_4_2far,price_query,20000,41,104,197,19446,0,0
time,8,pages,engine_rolling_4_2far,intent_to_command,20000,1072,3946,29849,187774,0,0
time,8,pages,engine_rolling_4_2far,intent_queued,20000,565,3127,7464,34166,0,0
time,8,pages,engine_rolling_4_2far,replace_report,20000,851,4188,24326,120244,0,0
time,8,pages,engine_rolling_4_2far,ready_to_command,20000,900,3665,30705,189859,0,0
time,8,pages,engine_jump_4_2far,price_query,20000,41,112,228,3929,0,0
time,8,pages,engine_jump_4_2far,intent_to_command,20000,1128,4589,31674,201924,0,0
time,8,pages,engine_jump_4_2far,intent_queued,20000,605,3335,19220,73428,0,0
time,8,pages,engine_jump_4_2far,replace_report,20000,905,5575,33462,129005,0,0
time,8,pages,engine_jump_4_2far,ready_to_command,20000,926,4087,28968,124048,0,0
time,8,pages,engine_jump_4_2far,jump_intent_subset,2496,1178,4927,8531,32199,0,0
time,8,pages,engine_rolling_32_2far,price_query,20000,70,126,256,44122,0,0
time,8,pages,engine_rolling_32_2far,intent_to_command,20000,1840,5129,42321,59522,0,0
time,8,pages,engine_rolling_32_2far,intent_queued,20000,891,4012,35982,165132,0,0
time,8,pages,engine_rolling_32_2far,replace_report,20000,1317,6106,44670,96761,0,0
time,8,pages,engine_rolling_32_2far,ready_to_command,20000,1527,4632,35259,70407,0,0
time,8,pages,engine_jump_32_2far,price_query,20000,71,134,326,4811,0,0
time,8,pages,engine_jump_32_2far,intent_to_command,20000,1860,5656,42252,120163,0,0
time,8,pages,engine_jump_32_2far,intent_queued,20000,903,4061,31771,138130,0,0
time,8,pages,engine_jump_32_2far,replace_report,20000,1337,6143,41524,97973,0,0
time,8,pages,engine_jump_32_2far,ready_to_command,20000,1542,4766,44258,109629,0,0
time,8,pages,engine_jump_32_2far,jump_intent_subset,2496,1878,4260,38573,52724,0,0
time,8,adaptive,rolling_4,price_query,20000,65,197,537,46825,0,0
time,8,adaptive,rolling_4,near_range8,20000,88,222,631,53046,0,0
time,8,adaptive,rolling_4,index_submit,20000,153,222,686,30924,0,0
time,8,adaptive,rolling_4,index_ack,20000,138,223,1030,119607,0,0
time,8,adaptive,rolling_4,cross_page_submit_subset,314,152,212,222,239,0,0
time,8,adaptive,outliers_4,price_query,20000,47,189,549,8326,0,0
time,8,adaptive,outliers_4,near_range8,20000,58,214,659,30381,0,0
time,8,adaptive,outliers_4,index_submit,20000,106,225,1020,28858,0,0
time,8,adaptive,outliers_4,index_ack,20000,95,216,996,32872,0,0
time,8,adaptive,outliers_4,cross_page_submit_subset,314,107,200,214,220,0,0
time,8,adaptive,outliers_4,far_query,20000,47,191,596,35292,0,0
time,8,adaptive,boundary_4,price_query,20000,46,192,415,28871,0,0
time,8,adaptive,boundary_4,near_range8,20000,47,212,492,35083,0,0
time,8,adaptive,boundary_4,index_submit,20000,91,200,1030,74744,0,0
time,8,adaptive,boundary_4,index_ack,20000,93,221,986,26801,0,0
time,8,adaptive,boundary_4,cross_page_submit_subset,5000,84,181,1015,74744,0,0
time,8,adaptive,jump_4,price_query,20000,47,197,632,31821,0,0
time,8,adaptive,jump_4,near_range8,20000,48,207,527,25921,0,0
time,8,adaptive,jump_4,index_submit,20000,97,217,1029,46658,0,0
time,8,adaptive,jump_4,index_ack,20000,93,235,410,28820,0,0
time,8,adaptive,jump_4,cross_page_submit_subset,3746,109,237,1022,26382,0,0
time,8,adaptive,jump_4,jump_submit_subset,2496,113,244,1112,26382,0,0
time,8,adaptive,rolling_32,price_query,20000,62,175,417,30509,0,0
time,8,adaptive,rolling_32,near_range8,20000,70,215,956,37874,0,0
time,8,adaptive,rolling_32,index_submit,20000,104,210,498,39614,0,0
time,8,adaptive,rolling_32,index_ack,20000,75,193,973,27932,0,0
time,8,adaptive,rolling_32,cross_page_submit_subset,305,103,208,244,257,0,0
time,8,adaptive,outliers_32,price_query,20000,71,190,431,31140,0,0
time,8,adaptive,outliers_32,near_range8,20000,107,243,501,56524,0,0
time,8,adaptive,outliers_32,index_submit,20000,148,249,351,33067,0,0
time,8,adaptive,outliers_32,index_ack,20000,110,214,337,49817,0,0
time,8,adaptive,outliers_32,cross_page_submit_subset,305,154,209,280,292,0,0
time,8,adaptive,outliers_32,far_query,20000,69,191,436,32349,0,0
time,8,adaptive,boundary_32,price_query,20000,76,192,493,39330,0,0
time,8,adaptive,boundary_32,near_range8,20000,124,248,559,52243,0,0
time,8,adaptive,boundary_32,index_submit,20000,166,230,355,52964,0,0
time,8,adaptive,boundary_32,index_ack,20000,148,237,377,32076,0,0
time,8,adaptive,boundary_32,cross_page_submit_subset,625,164,199,271,297,0,0
time,8,adaptive,jump_32,price_query,20000,74,200,506,43090,0,0
time,8,adaptive,jump_32,near_range8,20000,116,248,577,47185,0,0
time,8,adaptive,jump_32,index_submit,20000,152,245,505,34052,0,0
time,8,adaptive,jump_32,index_ack,20000,122,266,405,50128,0,0
time,8,adaptive,jump_32,cross_page_submit_subset,2652,185,285,709,34052,0,0
time,8,adaptive,jump_32,jump_submit_subset,2496,187,286,709,34052,0,0
time,8,adaptive,rolling_128,price_query,20000,72,181,486,43359,0,0
time,8,adaptive,rolling_128,near_range8,20000,99,245,994,52134,0,0
time,8,adaptive,rolling_128,index_submit,20000,138,221,518,30880,0,0
time,8,adaptive,rolling_128,index_ack,20000,102,204,664,40898,0,0
time,8,adaptive,rolling_128,cross_page_submit_subset,312,141,219,231,252,0,0
time,8,adaptive,outliers_128,price_query,20000,68,162,271,101871,0,0
time,8,adaptive,outliers_128,near_range8,20000,75,179,362,25469,0,0
time,8,adaptive,outliers_128,index_submit,20000,106,208,463,32062,0,0
time,8,adaptive,outliers_128,index_ack,20000,74,183,400,38482,0,0
time,8,adaptive,outliers_128,cross_page_submit_subset,312,106,197,257,369,0,0
time,8,adaptive,outliers_128,far_query,20000,69,135,295,143642,0,0
time,8,adaptive,boundary_128,price_query,20000,67,114,207,4622,0,0
time,8,adaptive,boundary_128,near_range8,20000,73,134,250,24877,0,0
time,8,adaptive,boundary_128,index_submit,20000,105,172,267,4279,0,0
time,8,adaptive,boundary_128,index_ack,20000,109,185,260,39544,0,0
time,8,adaptive,boundary_128,cross_page_submit_subset,313,116,164,174,175,0,0
time,8,adaptive,jump_128,price_query,20000,66,164,388,32939,0,0
time,8,adaptive,jump_128,near_range8,20000,73,220,416,28532,0,0
time,8,adaptive,jump_128,index_submit,20000,106,231,455,25788,0,0
time,8,adaptive,jump_128,index_ack,20000,74,262,476,21095,0,0
time,8,adaptive,jump_128,cross_page_submit_subset,2704,136,338,846,25788,0,0
time,8,adaptive,jump_128,jump_submit_subset,2432,138,340,846,25788,0,0
time,8,adaptive,4096books_4near_2far,price_query,20000,227,829,1300,35282,0,0
time,8,adaptive,new_book_growth,index_insert,20000,262,2992,12913,1517736,0,0
time,8,adaptive,engine_cancel_rehang_4near,cancel_to_command,20000,988,2722,24818,1127636,0,0
time,8,adaptive,engine_cancel_rehang_4near,new_to_command,20000,1205,4053,23477,312834,0,0
time,8,adaptive,engine_cancel_rehang_4near,accepted_report,20000,790,4132,20310,83897,0,0
time,8,adaptive,engine_cancel_rehang_4near,canceled_report,20000,794,4091,21328,94683,0,0
time,8,adaptive,engine_rolling_4_2far,price_query,20000,37,91,174,18492,0,0
time,8,adaptive,engine_rolling_4_2far,intent_to_command,20000,1044,3292,23631,97722,0,0
time,8,adaptive,engine_rolling_4_2far,intent_queued,20000,540,2649,19108,134489,0,0
time,8,adaptive,engine_rolling_4_2far,replace_report,20000,816,4093,20536,162156,0,0
time,8,adaptive,engine_rolling_4_2far,ready_to_command,20000,908,2975,20771,72659,0,0
time,8,adaptive,engine_jump_4_2far,price_query,20000,39,114,284,63938,0,0
time,8,adaptive,engine_jump_4_2far,intent_to_command,20000,1198,4578,30982,637763,0,0
time,8,adaptive,engine_jump_4_2far,intent_queued,20000,667,3577,21709,1690580,0,0
time,8,adaptive,engine_jump_4_2far,replace_report,20000,1052,4854,21783,385594,0,0
time,8,adaptive,engine_jump_4_2far,ready_to_command,20000,940,4110,24575,509828,0,0
time,8,adaptive,engine_jump_4_2far,jump_intent_subset,2496,1228,5058,26835,62738,0,0
time,8,adaptive,engine_rolling_32_2far,price_query,20000,65,138,379,27265,0,0
time,8,adaptive,engine_rolling_32_2far,intent_to_command,20000,1486,4851,36433,219309,0,0
time,8,adaptive,engine_rolling_32_2far,intent_queued,20000,737,3714,25530,111387,0,0
time,8,adaptive,engine_rolling_32_2far,replace_report,20000,1104,4880,30729,1098525,0,0
time,8,adaptive,engine_rolling_32_2far,ready_to_command,20000,1191,4437,33396,2814576,0,0
time,8,adaptive,engine_jump_32_2far,price_query,20000,58,127,391,35950,0,0
time,8,adaptive,engine_jump_32_2far,intent_to_command,20000,1174,4534,33899,102289,0,0
time,8,adaptive,engine_jump_32_2far,intent_queued,20000,643,3309,23925,132030,0,0
time,8,adaptive,engine_jump_32_2far,replace_report,20000,942,5162,22069,109511,0,0
time,8,adaptive,engine_jump_32_2far,ready_to_command,20000,935,3893,23487,585381,0,0
time,8,adaptive,engine_jump_32_2far,jump_intent_subset,2496,1186,3264,14897,76996,0,0
time,9,adaptive,rolling_4,price_query,20000,58,207,915,54654,0,0
time,9,adaptive,rolling_4,near_range8,20000,74,235,940,7513,0,0
time,9,adaptive,rolling_4,index_submit,20000,130,237,1073,76499,0,0
time,9,adaptive,rolling_4,index_ack,20000,119,238,1090,77056,0,0
time,9,adaptive,rolling_4,cross_page_submit_subset,314,131,255,280,320,0,0
time,9,adaptive,outliers_4,price_query,20000,55,205,564,27680,0,0
time,9,adaptive,outliers_4,near_range8,20000,73,235,953,33177,0,0
time,9,adaptive,outliers_4,index_submit,20000,129,245,1028,7234,0,0
time,9,adaptive,outliers_4,index_ack,20000,117,241,1044,54030,0,0
time,9,adaptive,outliers_4,cross_page_submit_subset,314,132,225,279,299,0,0
time,9,adaptive,outliers_4,far_query,20000,56,204,535,31277,0,0
time,9,adaptive,boundary_4,price_query,20000,48,205,506,6285,0,0
time,9,adaptive,boundary_4,near_range8,20000,59,222,520,1094,0,0
time,9,adaptive,boundary_4,index_submit,20000,105,213,999,74758,0,0
time,9,adaptive,boundary_4,index_ack,20000,103,235,1043,48805,0,0
time,9,adaptive,boundary_4,cross_page_submit_subset,5000,103,202,999,7566,0,0
time,9,adaptive,jump_4,price_query,20000,55,296,910,26589,0,0
time,9,adaptive,jump_4,near_range8,20000,71,245,951,27280,0,0
time,9,adaptive,jump_4,index_submit,20000,128,234,1032,58974,0,0
time,9,adaptive,jump_4,index_ack,20000,119,254,1050,32773,0,0
time,9,adaptive,jump_4,cross_page_submit_subset,3746,140,257,1032,6481,0,0
time,9,adaptive,jump_4,jump_submit_subset,2496,151,265,1034,6481,0,0
time,9,adaptive,rolling_32,price_query,20000,66,214,662,7990,0,0
time,9,adaptive,rolling_32,near_range8,20000,93,255,1001,30390,0,0
time,9,adaptive,rolling_32,index_submit,20000,129,232,1034,69733,0,0
time,9,adaptive,rolling_32,index_ack,20000,100,227,1004,46685,0,0
time,9,adaptive,rolling_32,cross_page_submit_subset,305,126,213,416,69733,0,0
time,9,adaptive,outliers_32,price_query,20000,69,214,929,48010,0,0
time,9,adaptive,outliers_32,near_range8,20000,100,268,1023,90143,0,0
time,9,adaptive,outliers_32,index_submit,20000,137,256,1036,61053,0,0
time,9,adaptive,outliers_32,index_ack,20000,103,224,968,15924,0,0
time,9,adaptive,outliers_32,cross_page_submit_subset,305,135,228,243,1052,0,0
time,9,adaptive,outliers_32,far_query,20000,67,218,918,37618,0,0
time,9,adaptive,boundary_32,price_query,20000,70,224,937,46180,0,0
time,9,adaptive,boundary_32,near_range8,20000,102,270,1025,57084,0,0
time,9,adaptive,boundary_32,index_submit,20000,139,240,1033,24307,0,0
time,9,adaptive,boundary_32,index_ack,20000,135,265,1080,52419,0,0
time,9,adaptive,boundary_32,cross_page_submit_subset,625,139,207,238,1040,0,0
time,9,adaptive,jump_32,price_query,20000,70,224,567,29977,0,0
time,9,adaptive,jump_32,near_range8,20000,109,280,628,30985,0,0
time,9,adaptive,jump_32,index_submit,20000,153,265,503,29450,0,0
time,9,adaptive,jump_32,index_ack,20000,118,281,492,33773,0,0
time,9,adaptive,jump_32,cross_page_submit_subset,2652,184,310,546,29450,0,0
time,9,adaptive,jump_32,jump_submit_subset,2496,187,311,546,29450,0,0
time,9,adaptive,rolling_128,price_query,20000,71,89,196,28108,0,0
time,9,adaptive,rolling_128,near_range8,20000,100,146,262,18138,0,0
time,9,adaptive,rolling_128,index_submit,20000,132,180,260,2623,0,0
time,9,adaptive,rolling_128,index_ack,20000,100,160,288,118853,0,0
time,9,adaptive,rolling_128,cross_page_submit_subset,312,134,197,234,311,0,0
time,9,adaptive,outliers_128,price_query,20000,73,96,214,25795,0,0
time,9,adaptive,outliers_128,near_range8,20000,102,175,304,69461,0,0
time,9,adaptive,outliers_128,index_submit,20000,136,193,365,24030,0,0
time,9,adaptive,outliers_128,index_ack,20000,100,168,301,33584,0,0
time,9,adaptive,outliers_128,cross_page_submit_subset,312,136,189,217,253,0,0
time,9,adaptive,outliers_128,far_query,20000,73,98,244,28060,0,0
time,9,adaptive,boundary_128,price_query,20000,76,231,1050,33204,0,0
time,9,adaptive,boundary_128,near_range8,20000,105,281,1047,35964,0,0
time,9,adaptive,boundary_128,index_submit,20000,146,271,3614,254672,0,0
time,9,adaptive,boundary_128,index_ack,20000,132,275,3635,37159,0,0
time,9,adaptive,boundary_128,cross_page_submit_subset,313,149,297,3910,8420,0,0
time,9,adaptive,jump_128,price_query,20000,79,199,514,34913,0,0
time,9,adaptive,jump_128,near_range8,20000,120,254,584,61455,0,0
time,9,adaptive,jump_128,index_submit,20000,168,292,496,58113,0,0
time,9,adaptive,jump_128,index_ack,20000,123,345,629,35597,0,0
time,9,adaptive,jump_128,cross_page_submit_subset,2704,204,377,741,58113,0,0
time,9,adaptive,jump_128,jump_submit_subset,2432,208,384,741,58113,0,0
time,9,adaptive,4096books_4near_2far,price_query,20000,305,1024,5559,55633,0,0
time,9,adaptive,new_book_growth,index_insert,20000,487,4349,33925,2354987,0,0
time,9,adaptive,engine_cancel_rehang_4near,cancel_to_command,20000,1770,4399,38822,1570694,0,0
time,9,adaptive,engine_cancel_rehang_4near,new_to_command,20000,2121,8580,39553,494412,0,0
time,9,adaptive,engine_cancel_rehang_4near,accepted_report,20000,1427,6396,36588,120632,0,0
time,9,adaptive,engine_cancel_rehang_4near,canceled_report,20000,1431,6284,35716,83844,0,0
time,9,adaptive,engine_rolling_4_2far,price_query,20000,62,128,259,35660,0,0
time,9,adaptive,engine_rolling_4_2far,intent_to_command,20000,1744,5162,36454,119575,0,0
time,9,adaptive,engine_rolling_4_2far,intent_queued,20000,851,4125,31370,107955,0,0
time,9,adaptive,engine_rolling_4_2far,replace_report,20000,1295,6580,34273,115563,0,0
time,9,adaptive,engine_rolling_4_2far,ready_to_command,20000,1502,4743,34907,141340,0,0
time,9,adaptive,engine_jump_4_2far,price_query,20000,67,130,361,28544,0,0
time,9,adaptive,engine_jump_4_2far,intent_to_command,20000,1830,5257,38124,122287,0,0
time,9,adaptive,engine_jump_4_2far,intent_queued,20000,888,3954,32382,108731,0,0
time,9,adaptive,engine_jump_4_2far,replace_report,20000,1375,5956,33159,85849,0,0
time,9,adaptive,engine_jump_4_2far,ready_to_command,20000,1578,4850,36247,111127,0,0
time,9,adaptive,engine_jump_4_2far,jump_intent_subset,2496,1857,6240,37487,60701,0,0
time,9,adaptive,engine_rolling_32_2far,price_query,20000,78,143,300,47160,0,0
time,9,adaptive,engine_rolling_32_2far,intent_to_command,20000,1779,5350,42063,129693,0,0
time,9,adaptive,engine_rolling_32_2far,intent_queued,20000,833,3818,31045,210215,0,0
time,9,adaptive,engine_rolling_32_2far,replace_report,20000,1205,5862,38888,93095,0,0
time,9,adaptive,engine_rolling_32_2far,ready_to_command,20000,1516,4678,40397,177907,0,0
time,9,adaptive,engine_jump_32_2far,price_query,20000,55,114,355,23665,0,0
time,9,adaptive,engine_jump_32_2far,intent_to_command,20000,1074,3925,29899,160698,0,0
time,9,adaptive,engine_jump_32_2far,intent_queued,20000,555,2807,8049,99664,0,0
time,9,adaptive,engine_jump_32_2far,replace_report,20000,824,4541,23354,101890,0,0
time,9,adaptive,engine_jump_32_2far,ready_to_command,20000,903,2825,21148,525737,0,0
time,9,adaptive,engine_jump_32_2far,jump_intent_subset,2496,1077,2861,24462,38252,0,0
time,9,pages,rolling_4,price_query,20000,46,172,282,24027,0,0
time,9,pages,rolling_4,near_range8,20000,62,207,520,139206,0,0
time,9,pages,rolling_4,index_submit,20000,91,174,346,23781,0,0
time,9,pages,rolling_4,index_ack,20000,82,177,2666,687425,0,0
time,9,pages,rolling_4,cross_page_submit_subset,314,93,390,433,474,0,0
time,9,pages,rolling_4,page_creation_subset,78,170,433,433,474,0,0
time,9,pages,outliers_4,price_query,20000,46,61,195,470,0,0
time,9,pages,outliers_4,near_range8,20000,64,149,230,79209,0,0
time,9,pages,outliers_4,index_submit,20000,87,130,253,29485,0,0
time,9,pages,outliers_4,index_ack,20000,81,130,247,18074,0,0
time,9,pages,outliers_4,cross_page_submit_subset,314,95,260,302,722,0,0
time,9,pages,outliers_4,page_creation_subset,78,181,302,302,722,0,0
time,9,pages,outliers_4,far_query,20000,46,69,198,14631,0,0
time,9,pages,boundary_4,price_query,20000,46,62,182,15088,0,0
time,9,pages,boundary_4,near_range8,20000,65,120,232,20342,0,0
time,9,pages,boundary_4,index_submit,20000,87,125,180,19141,0,0
time,9,pages,boundary_4,index_ack,20000,95,145,255,27306,0,0
time,9,pages,boundary_4,cross_page_submit_subset,5000,85,121,174,17606,0,0
time,9,pages,jump_4,price_query,20000,46,59,186,475,0,0
time,9,pages,jump_4,near_range8,20000,62,97,212,20647,0,0
time,9,pages,jump_4,index_submit,20000,91,158,236,29377,0,0
time,9,pages,jump_4,index_ack,20000,82,147,280,30658,0,0
time,9,pages,jump_4,cross_page_submit_subset,3746,96,191,256,17700,0,0
time,9,pages,jump_4,page_creation_subset,1248,147,231,256,277,0,0
time,9,pages,jump_4,jump_submit_subset,2496,126,201,256,305,0,0
time,9,pages,rolling_32,price_query,20000,48,134,243,17597,0,0
time,9,pages,rolling_32,near_range8,20000,85,235,532,50730,0,0
time,9,pages,rolling_32,index_submit,20000,97,188,363,21639,0,0
time,9,pages,rolling_32,index_ack,20000,75,182,392,29179,0,0
time,9,pages,rolling_32,cross_page_submit_subset,305,108,596,1000,1049,0,0
time,9,pages,rolling_32,page_creation_subset,10,246,845,845,1000,0,0
time,9,pages,outliers_32,price_query,20000,46,127,211,139481,0,0
time,9,pages,outliers_32,near_range8,20000,74,205,328,29560,0,0
time,9,pages,outliers_32,index_submit,20000,89,179,292,79171,0,0
time,9,pages,outliers_32,index_ack,20000,72,172,311,32500,0,0
time,9,pages,outliers_32,cross_page_submit_subset,305,98,325,450,726,0,0
time,9,pages,outliers_32,page_creation_subset,10,294,450,450,726,0,0
time,9,pages,outliers_32,far_query,20000,47,134,231,48182,0,0
time,9,pages,boundary_32,price_query,20000,46,58,178,17562,0,0
time,9,pages,boundary_32,near_range8,20000,73,126,247,30258,0,0
time,9,pages,boundary_32,index_submit,20000,87,115,168,27236,0,0
time,9,pages,boundary_32,index_ack,20000,84,126,236,23116,0,0
time,9,pages,boundary_32,cross_page_submit_subset,625,89,122,140,151,0,0
time,9,pages,jump_32,price_query,20000,46,70,200,21159,0,0
time,9,pages,jump_32,near_range8,20000,72,151,267,31680,0,0
time,9,pages,jump_32,index_submit,20000,88,158,257,83412,0,0
time,9,pages,jump_32,index_ack,20000,70,150,283,17531,0,0
time,9,pages,jump_32,cross_page_submit_subset,2652,95,198,355,4497,0,0
time,9,pages,jump_32,page_creation_subset,156,165,355,503,4497,0,0
time,9,pages,jump_32,jump_submit_subset,2496,95,200,355,4497,0,0
time,9,pages,rolling_128,price_query,20000,46,63,177,17569,0,0
time,9,pages,rolling_128,near_range8,20000,73,130,245,30581,0,0
time,9,pages,rolling_128,index_submit,20000,89,152,288,31919,0,0
time,9,pages,rolling_128,index_ack,20000,74,125,259,30439,0,0
time,9,pages,rolling_128,cross_page_submit_subset,312,101,178,285,329,0,0
time,9,pages,rolling_128,page_creation_subset,3,285,285,285,329,0,0
time,9,pages,outliers_128,price_query,20000,46,59,110,16278,0,0
time,9,pages,outliers_128,near_range8,20000,75,109,233,19945,0,0
time,9,pages,outliers_128,index_submit,20000,90,120,198,46827,0,0
time,9,pages,outliers_128,index_ack,20000,72,109,238,47261,0,0
time,9,pages,outliers_128,cross_page_submit_subset,312,100,146,331,337,0,0
time,9,pages,outliers_128,page_creation_subset,3,331,331,331,337,0,0
time,9,pages,outliers_128,far_query,20000,47,60,135,27462,0,0
time,9,pages,boundary_128,price_query,20000,47,109,198,4159,0,0
time,9,pages,boundary_128,near_range8,20000,73,200,401,29047,0,0
time,9,pages,boundary_128,index_submit,20000,89,186,413,98058,0,0
time,9,pages,boundary_128,index_ack,20000,85,194,475,99215,0,0
time,9,pages,boundary_128,cross_page_submit_subset,313,97,157,203,242,0,0
time,9,pages,jump_128,price_query,20000,46,125,253,33631,0,0
time,9,pages,jump_128,near_range8,20000,73,169,344,32120,0,0
time,9,pages,jump_128,index_submit,20000,89,174,351,100297,0,0
time,9,pages,jump_128,index_ack,20000,75,160,340,29961,0,0
time,9,pages,jump_128,cross_page_submit_subset,2704,100,250,368,1794,0,0
time,9,pages,jump_128,page_creation_subset,77,196,389,389,626,0,0
time,9,pages,jump_128,jump_submit_subset,2432,100,244,359,1794,0,0
time,9,pages,4096books_4near_2far,price_query,20000,405,1221,5045,219338,0,0
time,9,pages,new_book_growth,index_insert,20000,408,5332,43292,1429781,0,0
time,9,pages,new_book_growth,page_block_growth_subset,313,5513,86886,425473,1429781,0,0
time,9,pages,engine_cancel_rehang_4near,cancel_to_command,20000,993,3915,32005,1130628,0,0
time,9,pages,engine_cancel_rehang_4near,new_to_command,20000,1262,5399,34559,542551,0,0
time,9,pages,engine_cancel_rehang_4near,accepted_report,20000,810,3698,29161,113220,0,0
time,9,pages,engine_cancel_rehang_4near,canceled_report,20000,829,4024,25366,66272,0,0
time,9,pages,engine_rolling_4_2far,price_query,20000,53,129,368,30992,0,0
time,9,pages,engine_rolling_4_2far,intent_to_command,20000,1426,4432,35845,69385,0,0
time,9,pages,engine_rolling_4_2far,intent_queued,20000,730,3571,27502,77722,0,0
time,9,pages,engine_rolling_4_2far,replace_report,20000,1126,5550,35471,55531,0,0
time,9,pages,engine_rolling_4_2far,ready_to_command,20000,1168,4081,35858,49395,0,0
time,9,pages,engine_jump_4_2far,price_query,20000,40,100,335,33661,0,0
time,9,pages,engine_jump_4_2far,intent_to_command,20000,1029,3965,20347,58985,0,0
time,9,pages,engine_jump_4_2far,intent_queued,20000,523,3041,7933,65964,0,0
time,9,pages,engine_jump_4_2far,replace_report,20000,767,5368,19263,58378,0,0
time,9,pages,engine_jump_4_2far,ready_to_command,20000,886,2933,20174,71152,0,0
time,9,pages,engine_jump_4_2far,jump_intent_subset,2496,1049,4299,20862,35166,0,0
time,9,pages,engine_rolling_32_2far,price_query,20000,42,86,172,21445,0,0
time,9,pages,engine_rolling_32_2far,intent_to_command,20000,1024,3007,18766,35176,0,0
time,9,pages,engine_rolling_32_2far,intent_queued,20000,522,2436,10628,53773,0,0
time,9,pages,engine_rolling_32_2far,replace_report,20000,743,3941,19164,66164,0,0
time,9,pages,engine_rolling_32_2far,ready_to_command,20000,878,2783,20487,71648,0,0
time,9,pages,engine_jump_32_2far,price_query,20000,42,83,191,37655,0,0
time,9,pages,engine_jump_32_2far,intent_to_command,20000,1037,3086,24906,975094,0,0
time,9,pages,engine_jump_32_2far,intent_queued,20000,534,2458,8299,225905,0,0
time,9,pages,engine_jump_32_2far,replace_report,20000,783,4081,21133,760979,0,0
time,9,pages,engine_jump_32_2far,ready_to_command,20000,882,2852,26251,1000534,0,0
time,9,pages,engine_jump_32_2far,jump_intent_subset,2496,1040,2638,25303,34023,0,0
time,9,standard,rolling_4,price_query,20000,43,172,284,17471,0,0
time,9,standard,rolling_4,near_range8,20000,48,179,254,27198,0,0
time,9,standard,rolling_4,index_submit,20000,82,167,291,57037,0,0
time,9,standard,rolling_4,index_ack,20000,77,192,354,34355,0,0
time,9,standard,rolling_4,cross_page_submit_subset,314,82,189,1012,1074,0,0
time,9,standard,outliers_4,price_query,20000,43,130,282,148450,0,0
time,9,standard,outliers_4,near_range8,20000,50,183,286,108034,0,0
time,9,standard,outliers_4,index_submit,20000,86,206,360,57620,0,0
time,9,standard,outliers_4,index_ack,20000,82,215,452,211102,0,0
time,9,standard,outliers_4,cross_page_submit_subset,314,86,173,208,215,0,0
time,9,standard,outliers_4,far_query,20000,45,129,225,4131,0,0
time,9,standard,boundary_4,price_query,20000,42,175,292,87106,0,0
time,9,standard,boundary_4,near_range8,20000,50,179,355,2123226,0,0
time,9,standard,boundary_4,index_submit,20000,83,180,410,1886179,0,0
time,9,standard,boundary_4,index_ack,20000,97,241,535,27061,0,0
time,9,standard,boundary_4,cross_page_submit_subset,5000,81,161,467,1886179,0,0
time,9,standard,jump_4,price_query,20000,43,172,340,905,0,0
time,9,standard,jump_4,near_range8,20000,49,201,421,41416,0,0
time,9,standard,jump_4,index_submit,20000,90,190,324,23959,0,0
time,9,standard,jump_4,index_ack,20000,84,235,435,60270,0,0
time,9,standard,jump_4,cross_page_submit_subset,3746,100,210,1038,23029,0,0
time,9,standard,jump_4,jump_submit_subset,2496,105,222,1086,23029,0,0
time,9,standard,rolling_32,price_query,20000,46,127,339,28577,0,0
time,9,standard,rolling_32,near_range8,20000,76,208,362,21861,0,0
time,9,standard,rolling_32,index_submit,20000,91,181,290,55569,0,0
time,9,standard,rolling_32,index_ack,20000,71,180,436,13564,0,0
time,9,standard,rolling_32,cross_page_submit_subset,305,90,190,232,244,0,0
time,9,standard,outliers_32,price_query,20000,45,97,205,21727,0,0
time,9,standard,outliers_32,near_range8,20000,73,208,418,21585,0,0
time,9,standard,outliers_32,index_submit,20000,101,206,1016,32397,0,0
time,9,standard,outliers_32,index_ack,20000,70,208,547,31071,0,0
time,9,standard,outliers_32,cross_page_submit_subset,305,104,211,240,272,0,0
time,9,standard,outliers_32,far_query,20000,50,123,237,20180,0,0
time,9,standard,boundary_32,price_query,20000,47,166,365,32374,0,0
time,9,standard,boundary_32,near_range8,20000,75,245,453,42696,0,0
time,9,standard,boundary_32,index_submit,20000,93,249,1021,117080,0,0
time,9,standard,boundary_32,index_ack,20000,102,344,715,37912,0,0
time,9,standard,boundary_32,cross_page_submit_subset,625,94,212,284,17491,0,0
time,9,standard,jump_32,price_query,20000,47,172,334,34388,0,0
time,9,standard,jump_32,near_range8,20000,79,237,470,42727,0,0
time,9,standard,jump_32,index_submit,20000,96,252,528,31002,0,0
time,9,standard,jump_32,index_ack,20000,72,340,596,26326,0,0
time,9,standard,jump_32,cross_page_submit_subset,2652,130,330,585,677,0,0
time,9,standard,jump_32,jump_submit_subset,2496,132,336,585,677,0,0
time,9,standard,rolling_128,price_query,20000,51,92,193,33946,0,0
time,9,standard,rolling_128,near_range8,20000,83,174,330,32878,0,0
time,9,standard,rolling_128,index_submit,20000,108,181,258,18847,0,0
time,9,standard,rolling_128,index_ack,20000,74,140,571,27551,0,0
time,9,standard,rolling_128,cross_page_submit_subset,312,107,170,210,240,0,0
time,9,standard,outliers_128,price_query,20000,55,106,203,13955,0,0
time,9,standard,outliers_128,near_range8,20000,80,194,339,19762,0,0
time,9,standard,outliers_128,index_submit,20000,107,202,339,17330,0,0
time,9,standard,outliers_128,index_ack,20000,75,155,480,29009,0,0
time,9,standard,outliers_128,cross_page_submit_subset,312,107,197,202,284,0,0
time,9,standard,outliers_128,far_query,20000,57,110,204,52165,0,0
time,9,standard,boundary_128,price_query,20000,50,132,354,17198,0,0
time,9,standard,boundary_128,near_range8,20000,82,238,509,34760,0,0
time,9,standard,boundary_128,index_submit,20000,101,204,334,62040,0,0
time,9,standard,boundary_128,index_ack,20000,104,289,563,27120,0,0
time,9,standard,boundary_128,cross_page_submit_subset,313,102,181,183,190,0,0
time,9,standard,jump_128,price_query,20000,56,134,249,26218,0,0
time,9,standard,jump_128,near_range8,20000,81,224,474,838336,0,0
time,9,standard,jump_128,index_submit,20000,115,281,581,24368,0,0
time,9,standard,jump_128,index_ack,20000,75,362,998,56526,0,0
time,9,standard,jump_128,cross_page_submit_subset,2704,170,443,1133,18493,0,0
time,9,standard,jump_128,jump_submit_subset,2432,172,450,1133,18493,0,0
time,9,standard,4096books_4near_2far,price_query,20000,247,898,5694,79867,0,0
time,9,standard,new_book_growth,index_insert,20000,315,4084,24850,1443204,0,0
time,9,standard,engine_cancel_rehang_4near,cancel_to_command,20000,1030,2428,26971,1449606,0,0
time,9,standard,engine_cancel_rehang_4near,new_to_command,20000,1285,4784,37839,302925,0,0
time,9,standard,engine_cancel_rehang_4near,accepted_report,20000,839,5450,20819,158198,0,0
time,9,standard,engine_cancel_rehang_4near,canceled_report,20000,857,5763,28185,143448,0,0
time,9,standard,engine_rolling_4_2far,price_query,20000,34,82,210,21469,0,0
time,9,standard,engine_rolling_4_2far,intent_to_command,20000,1047,3316,23695,52777,0,0
time,9,standard,engine_rolling_4_2far,intent_queued,20000,543,2760,20600,72422,0,0
time,9,standard,engine_rolling_4_2far,replace_report,20000,814,4448,20034,79954,0,0
time,9,standard,engine_rolling_4_2far,ready_to_command,20000,902,2967,24793,70097,0,0
time,9,standard,engine_jump_4_2far,price_query,20000,34,86,201,5736,0,0
time,9,standard,engine_jump_4_2far,intent_to_command,20000,1052,3517,27381,1408159,0,0
time,9,standard,engine_jump_4_2far,intent_queued,20000,552,2724,12365,55630,0,0
time,9,standard,engine_jump_4_2far,replace_report,20000,834,4218,24201,149980,0,0
time,9,standard,engine_jump_4_2far,ready_to_command,20000,898,2982,25798,227840,0,0
time,9,standard,engine_jump_4_2far,jump_intent_subset,2496,1063,4463,26884,34204,0,0
time,9,standard,engine_rolling_32_2far,price_query,20000,59,124,318,87565,0,0
time,9,standard,engine_rolling_32_2far,intent_to_command,20000,1077,3973,32131,142112,0,0
time,9,standard,engine_rolling_32_2far,intent_queued,20000,548,2918,25727,260906,0,0
time,9,standard,engine_rolling_32_2far,replace_report,20000,793,4489,17297,45338,0,0
time,9,standard,engine_rolling_32_2far,ready_to_command,20000,914,2946,27080,69888,0,0
time,9,standard,engine_jump_32_2far,price_query,20000,59,111,195,29125,0,0
time,9,standard,engine_jump_32_2far,intent_to_command,20000,1050,3277,26116,216065,0,0
time,9,standard,engine_jump_32_2far,intent_queued,20000,532,2538,21809,80051,0,0
time,9,standard,engine_jump_32_2far,replace_report,20000,769,4057,21555,74256,0,0
time,9,standard,engine_jump_32_2far,ready_to_command,20000,910,2846,25311,625322,0,0
time,9,standard,engine_jump_32_2far,jump_intent_subset,2496,1054,2596,13685,65212,0,0
time,10,standard,rolling_4,price_query,20000,42,138,280,54511,0,0
time,10,standard,rolling_4,near_range8,20000,48,185,316,4933,0,0
time,10,standard,rolling_4,index_submit,20000,82,170,278,21552,0,0
time,10,standard,rolling_4,index_ack,20000,76,188,331,24250,0,0
time,10,standard,rolling_4,cross_page_submit_subset,314,82,152,185,241,0,0
time,10,standard,outliers_4,price_query,20000,43,166,213,5745,0,0
time,10,standard,outliers_4,near_range8,20000,50,190,380,46074,0,0
time,10,standard,outliers_4,index_submit,20000,86,200,358,27896,0,0
time,10,standard,outliers_4,index_ack,20000,81,210,379,76201,0,0
time,10,standard,outliers_4,cross_page_submit_subset,314,86,171,218,242,0,0
time,10,standard,outliers_4,far_query,20000,45,160,219,922,0,0
time,10,standard,boundary_4,price_query,20000,42,125,209,37379,0,0
time,10,standard,boundary_4,near_range8,20000,50,162,282,29329,0,0
time,10,standard,boundary_4,index_submit,20000,82,166,280,100277,0,0
time,10,standard,boundary_4,index_ack,20000,95,209,367,6681,0,0
time,10,standard,boundary_4,cross_page_submit_subset,5000,80,154,272,17596,0,0
time,10,standard,jump_4,price_query,20000,42,126,293,59232,0,0
time,10,standard,jump_4,near_range8,20000,49,185,328,232736,0,0
time,10,standard,jump_4,index_submit,20000,85,178,292,456353,0,0
time,10,standard,jump_4,index_ack,20000,77,214,456,57352,0,0
time,10,standard,jump_4,cross_page_submit_subset,3746,98,194,1053,35012,0,0
time,10,standard,jump_4,jump_submit_subset,2496,104,198,341,20683,0,0
time,10,standard,rolling_32,price_query,20000,45,79,187,29491,0,0
time,10,standard,rolling_32,near_range8,20000,74,157,319,50652,0,0
time,10,standard,rolling_32,index_submit,20000,89,155,273,34314,0,0
time,10,standard,rolling_32,index_ack,20000,69,152,437,45117,0,0
time,10,standard,rolling_32,cross_page_submit_subset,305,89,156,164,169,0,0
time,10,standard,outliers_32,price_query,20000,45,130,213,222513,0,0
time,10,standard,outliers_32,near_range8,20000,74,223,414,268867,0,0
time,10,standard,outliers_32,index_submit,20000,102,205,407,41616,0,0
time,10,standard,outliers_32,index_ack,20000,70,205,501,37018,0,0
time,10,standard,outliers_32,cross_page_submit_subset,305,102,199,246,267,0,0
time,10,standard,outliers_32,far_query,20000,50,173,294,118696,0,0
time,10,standard,boundary_32,price_query,20000,46,158,285,220281,0,0
time,10,standard,boundary_32,near_range8,20000,73,234,392,34966,0,0
time,10,standard,boundary_32,index_submit,20000,90,223,383,23540,0,0
time,10,standard,boundary_32,index_ack,20000,100,306,595,690938,0,0
time,10,standard,boundary_32,cross_page_submit_subset,625,89,200,343,398,0,0
time,10,standard,jump_32,price_query,20000,46,108,197,22878,0,0
time,10,standard,jump_32,near_range8,20000,78,185,352,25153,0,0
time,10,standard,jump_32,index_submit,20000,94,241,350,51109,0,0
time,10,standard,jump_32,index_ack,20000,71,318,486,31819,0,0
time,10,standard,jump_32,cross_page_submit_subset,2652,129,307,422,1157,0,0
time,10,standard,jump_32,jump_submit_subset,2496,131,307,422,1157,0,0
time,10,standard,rolling_128,price_query,20000,51,85,185,16509,0,0
time,10,standard,rolling_128,near_range8,20000,84,176,320,50514,0,0
time,10,standard,rolling_128,index_submit,20000,108,187,310,46525,0,0
time,10,standard,rolling_128,index_ack,20000,73,143,387,23302,0,0
time,10,standard,rolling_128,cross_page_submit_subset,312,108,189,200,236,0,0
time,10,standard,outliers_128,price_query,20000,56,122,213,23245,0,0
time,10,standard,outliers_128,near_range8,20000,80,219,387,20103,0,0
time,10,standard,outliers_128,index_submit,20000,108,213,410,28732,0,0
time,10,standard,outliers_128,index_ack,20000,74,168,513,45156,0,0
time,10,standard,outliers_128,cross_page_submit_subset,312,107,201,240,242,0,0
time,10,standard,outliers_128,far_query,20000,57,121,193,35561,0,0
time,10,standard,boundary_128,price_query,20000,50,117,194,5165,0,0
time,10,standard,boundary_128,near_range8,20000,84,200,432,50933,0,0
time,10,standard,boundary_128,index_submit,20000,101,199,310,25453,0,0
time,10,standard,boundary_128,index_ack,20000,104,297,521,32401,0,0
time,10,standard,boundary_128,cross_page_submit_subset,313,103,190,221,227,0,0
time,10,standard,jump_128,price_query,20000,57,147,251,607615,0,0
time,10,standard,jump_128,near_range8,20000,80,221,547,35980,0,0
time,10,standard,jump_128,index_submit,20000,114,286,887,1134882,0,0
time,10,standard,jump_128,index_ack,20000,75,323,879,108794,0,0
time,10,standard,jump_128,cross_page_submit_subset,2704,165,488,1402,32280,0,0
time,10,standard,jump_128,jump_submit_subset,2432,167,505,1255,32280,0,0
time,10,standard,4096books_4near_2far,price_query,20000,221,808,1343,56671,0,0
time,10,standard,new_book_growth,index_insert,20000,315,4061,28176,1807140,0,0
time,10,standard,engine_cancel_rehang_4near,cancel_to_command,20000,1642,2462,35993,1548179,0,0
time,10,standard,engine_cancel_rehang_4near,new_to_command,20000,1930,10145,50632,427617,0,0
time,10,standard,engine_cancel_rehang_4near,accepted_report,20000,1306,5149,35405,318711,0,0
time,10,standard,engine_cancel_rehang_4near,canceled_report,20000,1355,5258,36468,102794,0,0
time,10,standard,engine_rolling_4_2far,price_query,20000,34,96,175,16581,0,0
time,10,standard,engine_rolling_4_2far,intent_to_command,20000,1132,4462,34183,158525,0,0
time,10,standard,engine_rolling_4_2far,intent_queued,20000,618,3368,24973,2600457,0,0
time,10,standard,engine_rolling_4_2far,replace_report,20000,935,5789,33053,385099,0,0
time,10,standard,engine_rolling_4_2far,ready_to_command,20000,919,3819,34900,1834896,0,0
time,10,standard,engine_jump_4_2far,price_query,20000,34,98,289,1768019,0,0
time,10,standard,engine_jump_4_2far,intent_to_command,20000,1070,4261,24770,936993,0,0
time,10,standard,engine_jump_4_2far,intent_queued,20000,562,3220,20688,92937,0,0
time,10,standard,engine_jump_4_2far,replace_report,20000,864,5511,32401,828169,0,0
time,10,standard,engine_jump_4_2far,ready_to_command,20000,900,3182,26472,71817,0,0
time,10,standard,engine_jump_4_2far,jump_intent_subset,2496,1076,4760,20487,46784,0,0
time,10,standard,engine_rolling_32_2far,price_query,20000,76,138,190,49940,0,0
time,10,standard,engine_rolling_32_2far,intent_to_command,20000,1652,4995,36777,81310,0,0
time,10,standard,engine_rolling_32_2far,intent_queued,20000,742,3613,12165,82407,0,0
time,10,standard,engine_rolling_32_2far,replace_report,20000,1098,5677,28339,155428,0,0
time,10,standard,engine_rolling_32_2far,ready_to_command,20000,1336,4332,35105,83159,0,0
time,10,standard,engine_jump_32_2far,price_query,20000,57,101,167,19397,0,0
time,10,standard,engine_jump_32_2far,intent_to_command,20000,1052,3193,22388,93299,0,0
time,10,standard,engine_jump_32_2far,intent_queued,20000,532,2464,7816,67974,0,0
time,10,standard,engine_jump_32_2far,replace_report,20000,767,4050,18530,199687,0,0
time,10,standard,engine_jump_32_2far,ready_to_command,20000,908,2774,20357,91831,0,0
time,10,standard,engine_jump_32_2far,jump_intent_subset,2496,1059,2602,19630,33526,0,0
time,10,pages,rolling_4,price_query,20000,46,123,199,54340,0,0
time,10,pages,rolling_4,near_range8,20000,62,151,240,22596,0,0
time,10,pages,rolling_4,index_submit,20000,88,123,220,17329,0,0
time,10,pages,rolling_4,index_ack,20000,80,116,236,19876,0,0
time,10,pages,rolling_4,cross_page_submit_subset,314,93,235,270,298,0,0
time,10,pages,rolling_4,page_creation_subset,78,160,244,244,298,0,0
time,10,pages,outliers_4,price_query,20000,46,154,238,17703,0,0
time,10,pages,outliers_4,near_range8,20000,63,186,330,31332,0,0
time,10,pages,outliers_4,index_submit,20000,88,176,281,56884,0,0
time,10,pages,outliers_4,index_ack,20000,82,172,323,23635,0,0
time,10,pages,outliers_4,cross_page_submit_subset,314,96,327,525,998,0,0
time,10,pages,outliers_4,page_creation_subset,78,184,525,525,998,0,0
time,10,pages,outliers_4,far_query,20000,46,131,285,912,0,0
time,10,pages,boundary_4,price_query,20000,46,60,188,31959,0,0
time,10,pages,boundary_4,near_range8,20000,65,108,224,537,0,0
time,10,pages,boundary_4,index_submit,20000,87,113,162,18272,0,0
time,10,pages,boundary_4,index_ack,20000,95,136,256,24245,0,0
time,10,pages,boundary_4,cross_page_submit_subset,5000,85,106,137,18272,0,0
time,10,pages,jump_4,price_query,20000,46,58,194,4820,0,0
time,10,pages,jump_4,near_range8,20000,62,95,225,19779,0,0
time,10,pages,jump_4,index_submit,20000,91,157,250,27599,0,0
time,10,pages,jump_4,index_ack,20000,82,145,271,18590,0,0
time,10,pages,jump_4,cross_page_submit_subset,3746,96,182,279,27599,0,0
time,10,pages,jump_4,page_creation_subset,1248,148,227,279,4462,0,0
time,10,pages,jump_4,jump_submit_subset,2496,127,197,279,27599,0,0
time,10,pages,rolling_32,price_query,20000,46,58,99,16759,0,0
time,10,pages,rolling_32,near_range8,20000,72,106,228,13770,0,0
time,10,pages,rolling_32,index_submit,20000,86,117,203,42658,0,0
time,10,pages,rolling_32,index_ack,20000,70,106,222,17517,0,0
time,10,pages,rolling_32,cross_page_submit_subset,305,97,244,399,3820,0,0
time,10,pages,rolling_32,page_creation_subset,10,236,293,293,399,0,0
time,10,pages,outliers_32,price_query,20000,46,68,192,4340,0,0
time,10,pages,outliers_32,near_range8,20000,73,159,254,18222,0,0
time,10,pages,outliers_32,index_submit,20000,88,151,276,28522,0,0
time,10,pages,outliers_32,index_ack,20000,71,125,267,23472,0,0
time,10,pages,outliers_32,cross_page_submit_subset,305,97,276,336,350,0,0
time,10,pages,outliers_32,page_creation_subset,10,272,336,336,350,0,0
time,10,pages,outliers_32,far_query,20000,47,69,194,699,0,0
time,10,pages,boundary_32,price_query,20000,46,58,169,17038,0,0
time,10,pages,boundary_32,near_range8,20000,73,114,236,18108,0,0
time,10,pages,boundary_32,index_submit,20000,87,115,176,54374,0,0
time,10,pages,boundary_32,index_ack,20000,84,123,232,4495,0,0
time,10,pages,boundary_32,cross_page_submit_subset,625,87,124,139,190,0,0
time,10,pages,jump_32,price_query,20000,46,60,191,32474,0,0
time,10,pages,jump_32,near_range8,20000,72,106,230,20216,0,0
time,10,pages,jump_32,index_submit,20000,87,137,239,29945,0,0
time,10,pages,jump_32,index_ack,20000,70,133,289,30861,0,0
time,10,pages,jump_32,cross_page_submit_subset,2652,95,206,322,4111,0,0
time,10,pages,jump_32,page_creation_subset,156,163,322,370,395,0,0
time,10,pages,jump_32,jump_submit_subset,2496,95,210,322,4111,0,0
time,10,pages,rolling_128,price_query,20000,46,67,189,910,0,0
time,10,pages,rolling_128,near_range8,20000,73,144,293,23988,0,0
time,10,pages,rolling_128,index_submit,20000,89,163,364,38933,0,0
time,10,pages,rolling_128,index_ack,20000,74,130,257,31563,0,0
time,10,pages,rolling_128,cross_page_submit_subset,312,102,238,364,892,0,0
time,10,pages,rolling_128,page_creation_subset,3,364,364,364,892,0,0
time,10,pages,outliers_128,price_query,20000,46,62,174,5870,0,0
time,10,pages,outliers_128,near_range8,20000,73,136,250,22345,0,0
time,10,pages,outliers_128,index_submit,20000,90,144,252,29074,0,0
time,10,pages,outliers_128,index_ack,20000,73,118,259,35652,0,0
time,10,pages,outliers_128,cross_page_submit_subset,312,100,172,343,431,0,0
time,10,pages,outliers_128,page_creation_subset,3,343,343,343,431,0,0
time,10,pages,outliers_128,far_query,20000,47,67,181,22345,0,0
time,10,pages,boundary_128,price_query,20000,46,64,195,47972,0,0
time,10,pages,boundary_128,near_range8,20000,73,140,254,20689,0,0
time,10,pages,boundary_128,index_submit,20000,89,154,226,30902,0,0
time,10,pages,boundary_128,index_ack,20000,84,152,278,28387,0,0
time,10,pages,boundary_128,cross_page_submit_subset,313,96,150,161,188,0,0
time,10,pages,jump_128,price_query,20000,46,64,201,27859,0,0
time,10,pages,jump_128,near_range8,20000,73,132,257,28177,0,0
time,10,pages,jump_128,index_submit,20000,89,161,286,23204,0,0
time,10,pages,jump_128,index_ack,20000,75,164,275,21870,0,0
time,10,pages,jump_128,cross_page_submit_subset,2704,100,220,613,23204,0,0
time,10,pages,jump_128,page_creation_subset,77,191,479,479,613,0,0
time,10,pages,jump_128,jump_submit_subset,2432,100,215,613,23204,0,0
time,10,pages,4096books_4near_2far,price_query,20000,356,1276,6389,79626,0,0
time,10,pages,new_book_growth,index_insert,20000,405,5222,43824,1425868,0,0
time,10,pages,new_book_growth,page_block_growth_subset,313,5340,188832,366639,1425868,0,0
time,10,pages,engine_cancel_rehang_4near,cancel_to_command,20000,958,3128,23051,1028268,0,0
time,10,pages,engine_cancel_rehang_4near,new_to_command,20000,1195,5180,26305,303986,0,0
time,10,pages,engine_cancel_rehang_4near,accepted_report,20000,742,3899,20458,43024,0,0
time,10,pages,engine_cancel_rehang_4near,canceled_report,20000,756,3975,22026,55968,0,0
time,10,pages,engine_rolling_4_2far,price_query,20000,39,80,149,19308,0,0
time,10,pages,engine_rolling_4_2far,intent_to_command,20000,1023,3137,20920,47201,0,0
time,10,pages,engine_rolling_4_2far,intent_queued,20000,525,2444,15823,52832,0,0
time,10,pages,engine_rolling_4_2far,replace_report,20000,762,4012,20101,64881,0,0
time,10,pages,engine_rolling_4_2far,ready_to_command,20000,885,2792,16803,47980,0,0
time,10,pages,engine_jump_4_2far,price_query,20000,40,78,141,18247,0,0
time,10,pages,engine_jump_4_2far,intent_to_command,20000,1022,3011,19757,87867,0,0
time,10,pages,engine_jump_4_2far,intent_queued,20000,518,2402,18690,53624,0,0
time,10,pages,engine_jump_4_2far,replace_report,20000,746,3925,20229,65702,0,0
time,10,pages,engine_jump_4_2far,ready_to_command,20000,884,2742,20002,35479,0,0
time,10,pages,engine_jump_4_2far,jump_intent_subset,2496,1040,3389,5339,22159,0,0
time,10,pages,engine_rolling_32_2far,price_query,20000,40,79,167,3964,0,0
time,10,pages,engine_rolling_32_2far,intent_to_command,20000,1021,3026,20299,69901,0,0
time,10,pages,engine_rolling_32_2far,intent_queued,20000,519,2397,6403,33748,0,0
time,10,pages,engine_rolling_32_2far,replace_report,20000,731,3826,20870,49415,0,0
time,10,pages,engine_rolling_32_2far,ready_to_command,20000,880,2785,20017,65830,0,0
time,10,pages,engine_jump_32_2far,price_query,20000,43,96,239,811,0,0
time,10,pages,engine_jump_32_2far,intent_to_command,20000,1072,3339,26390,492995,0,0
time,10,pages,engine_jump_32_2far,intent_queued,20000,563,2560,5990,130806,0,0
time,10,pages,engine_jump_32_2far,replace_report,20000,837,4253,25977,4507696,0,0
time,10,pages,engine_jump_32_2far,ready_to_command,20000,887,2889,21992,344649,0,0
time,10,pages,engine_jump_32_2far,jump_intent_subset,2496,1072,2665,5731,26390,0,0
time,10,adaptive,rolling_4,price_query,20000,54,196,478,68050,0,0
time,10,adaptive,rolling_4,near_range8,20000,64,224,553,53437,0,0
time,10,adaptive,rolling_4,index_submit,20000,119,217,425,57051,0,0
time,10,adaptive,rolling_4,index_ack,20000,107,224,616,36496,0,0
time,10,adaptive,rolling_4,cross_page_submit_subset,314,120,206,220,223,0,0
time,10,adaptive,outliers_4,price_query,20000,49,191,467,4740,0,0
time,10,adaptive,outliers_4,near_range8,20000,60,208,449,5015,0,0
time,10,adaptive,outliers_4,index_submit,20000,109,270,412,73035,0,0
time,10,adaptive,outliers_4,index_ack,20000,97,264,561,66310,0,0
time,10,adaptive,outliers_4,cross_page_submit_subset,314,109,277,306,73035,0,0
time,10,adaptive,outliers_4,far_query,20000,48,194,486,40865,0,0
time,10,adaptive,boundary_4,price_query,20000,46,150,283,5857,0,0
time,10,adaptive,boundary_4,near_range8,20000,46,155,314,22995,0,0
time,10,adaptive,boundary_4,index_submit,20000,83,158,305,38692,0,0
time,10,adaptive,boundary_4,index_ack,20000,88,173,316,44249,0,0
time,10,adaptive,boundary_4,cross_page_submit_subset,5000,82,150,317,29831,0,0
time,10,adaptive,jump_4,price_query,20000,46,91,202,29735,0,0
time,10,adaptive,jump_4,near_range8,20000,45,96,209,4166,0,0
time,10,adaptive,jump_4,index_submit,20000,84,179,320,34730,0,0
time,10,adaptive,jump_4,index_ack,20000,78,178,300,17548,0,0
time,10,adaptive,jump_4,cross_page_submit_subset,3746,97,200,352,19430,0,0
time,10,adaptive,jump_4,jump_submit_subset,2496,104,210,352,19430,0,0
time,10,adaptive,rolling_32,price_query,20000,60,121,231,33298,0,0
time,10,adaptive,rolling_32,near_range8,20000,67,178,296,18114,0,0
time,10,adaptive,rolling_32,index_submit,20000,97,246,319,19315,0,0
time,10,adaptive,rolling_32,index_ack,20000,71,215,309,39710,0,0
time,10,adaptive,rolling_32,cross_page_submit_subset,305,98,257,288,310,0,0
time,10,adaptive,outliers_32,price_query,20000,61,74,184,27201,0,0
time,10,adaptive,outliers_32,near_range8,20000,69,120,255,30872,0,0
time,10,adaptive,outliers_32,index_submit,20000,98,154,251,3967,0,0
time,10,adaptive,outliers_32,index_ack,20000,70,128,251,18312,0,0
time,10,adaptive,outliers_32,cross_page_submit_subset,305,97,138,202,205,0,0
time,10,adaptive,outliers_32,far_query,20000,61,76,198,16989,0,0
time,10,adaptive,boundary_32,price_query,20000,64,164,362,30543,0,0
time,10,adaptive,boundary_32,near_range8,20000,73,233,431,39132,0,0
time,10,adaptive,boundary_32,index_submit,20000,111,264,448,37799,0,0
time,10,adaptive,boundary_32,index_ack,20000,107,252,617,58675,0,0
time,10,adaptive,boundary_32,cross_page_submit_subset,625,118,246,410,646,0,0
time,10,adaptive,jump_32,price_query,20000,60,90,196,27020,0,0
time,10,adaptive,jump_32,near_range8,20000,67,143,243,183364,0,0
time,10,adaptive,jump_32,index_submit,20000,97,190,314,63774,0,0
time,10,adaptive,jump_32,index_ack,20000,71,193,299,65450,0,0
time,10,adaptive,jump_32,cross_page_submit_subset,2652,122,236,465,63774,0,0
time,10,adaptive,jump_32,jump_submit_subset,2496,123,236,465,63774,0,0
time,10,adaptive,rolling_128,price_query,20000,66,132,244,17579,0,0
time,10,adaptive,rolling_128,near_range8,20000,73,177,332,17881,0,0
time,10,adaptive,rolling_128,index_submit,20000,105,230,376,28916,0,0
time,10,adaptive,rolling_128,index_ack,20000,75,220,345,23567,0,0
time,10,adaptive,rolling_128,cross_page_submit_subset,312,106,194,321,388,0,0
time,10,adaptive,outliers_128,price_query,20000,68,91,229,27714,0,0
time,10,adaptive,outliers_128,near_range8,20000,75,137,265,36885,0,0
time,10,adaptive,outliers_128,index_submit,20000,106,178,326,23867,0,0
time,10,adaptive,outliers_128,index_ack,20000,75,139,260,30540,0,0
time,10,adaptive,outliers_128,cross_page_submit_subset,312,107,186,265,277,0,0
time,10,adaptive,outliers_128,far_query,20000,70,94,206,3741,0,0
time,10,adaptive,boundary_128,price_query,20000,68,126,217,110543,0,0
time,10,adaptive,boundary_128,near_range8,20000,75,174,398,56466,0,0
time,10,adaptive,boundary_128,index_submit,20000,107,215,589,151521,0,0
time,10,adaptive,boundary_128,index_ack,20000,111,230,481,36657,0,0
time,10,adaptive,boundary_128,cross_page_submit_subset,313,119,243,318,446,0,0
time,10,adaptive,jump_128,price_query,20000,66,132,330,18573,0,0
time,10,adaptive,jump_128,near_range8,20000,72,172,387,21385,0,0
time,10,adaptive,jump_128,index_submit,20000,105,221,374,31933,0,0
time,10,adaptive,jump_128,index_ack,20000,75,225,377,11767,0,0
time,10,adaptive,jump_128,cross_page_submit_subset,2704,136,274,411,2027,0,0
time,10,adaptive,jump_128,jump_submit_subset,2432,138,275,411,2027,0,0
time,10,adaptive,4096books_4near_2far,price_query,20000,246,833,1622,191922,0,0
time,10,adaptive,new_book_growth,index_insert,20000,467,3777,26580,2336915,0,0
time,10,adaptive,engine_cancel_rehang_4near,cancel_to_command,20000,1645,4161,32319,1602676,0,0
time,10,adaptive,engine_cancel_rehang_4near,new_to_command,20000,1888,6532,43205,476463,0,0
time,10,adaptive,engine_cancel_rehang_4near,accepted_report,20000,1202,5897,27154,104978,0,0
time,10,adaptive,engine_cancel_rehang_4near,canceled_report,20000,1206,5832,27242,104256,0,0
time,10,adaptive,engine_rolling_4_2far,price_query,20000,38,110,220,4790,0,0
time,10,adaptive,engine_rolling_4_2far,intent_to_command,20000,1055,4127,32845,117778,0,0
time,10,adaptive,engine_rolling_4_2far,intent_queued,20000,547,3027,15323,82387,0,0
time,10,adaptive,engine_rolling_4_2far,replace_report,20000,826,4675,27079,110484,0,0
time,10,adaptive,engine_rolling_4_2far,ready_to_command,20000,914,3119,23773,113517,0,0
time,10,adaptive,engine_jump_4_2far,price_query,20000,38,98,210,48874,0,0
time,10,adaptive,engine_jump_4_2far,intent_to_command,20000,1046,3280,25037,134756,0,0
time,10,adaptive,engine_jump_4_2far,intent_queued,20000,537,2583,16368,71430,0,0
time,10,adaptive,engine_jump_4_2far,replace_report,20000,813,4329,24502,1250225,0,0
time,10,adaptive,engine_jump_4_2far,ready_to_command,20000,907,2968,19909,114881,0,0
time,10,adaptive,engine_jump_4_2far,jump_intent_subset,2496,1052,3947,34040,112414,0,0
time,10,adaptive,engine_rolling_32_2far,price_query,20000,64,138,389,48688,0,0
time,10,adaptive,engine_rolling_32_2far,intent_to_command,20000,1445,4491,32930,130528,0,0
time,10,adaptive,engine_rolling_32_2far,intent_queued,20000,699,3496,12054,58835,0,0
time,10,adaptive,engine_rolling_32_2far,replace_report,20000,1025,4457,28471,61946,0,0
time,10,adaptive,engine_rolling_32_2far,ready_to_command,20000,1184,4318,29563,70029,0,0
time,10,adaptive,engine_jump_32_2far,price_query,20000,54,106,222,68721,0,0
time,10,adaptive,engine_jump_32_2far,intent_to_command,20000,1054,4050,26198,106270,0,0
time,10,adaptive,engine_jump_32_2far,intent_queued,20000,541,3003,9795,271527,0,0
time,10,adaptive,engine_jump_32_2far,replace_report,20000,772,5205,24195,106756,0,0
time,10,adaptive,engine_jump_32_2far,ready_to_command,20000,902,2998,26159,113699,0,0
time,10,adaptive,engine_jump_32_2far,jump_intent_subset,2496,1057,2955,26802,106270,0,0
time,11,adaptive,rolling_4,price_query,20000,46,129,200,21189,0,0
time,11,adaptive,rolling_4,near_range8,20000,45,70,182,18370,0,0
time,11,adaptive,rolling_4,index_submit,20000,82,119,183,54270,0,0
time,11,adaptive,rolling_4,index_ack,20000,75,112,186,17465,0,0
time,11,adaptive,rolling_4,cross_page_submit_subset,314,81,127,220,287,0,0
time,11,adaptive,outliers_4,price_query,20000,46,60,115,4510,0,0
time,11,adaptive,outliers_4,near_range8,20000,46,73,108,3999,0,0
time,11,adaptive,outliers_4,index_submit,20000,84,128,202,18534,0,0
time,11,adaptive,outliers_4,index_ack,20000,77,114,215,36493,0,0
time,11,adaptive,outliers_4,cross_page_submit_subset,314,84,158,188,192,0,0
time,11,adaptive,outliers_4,far_query,20000,46,59,169,18278,0,0
time,11,adaptive,boundary_4,price_query,20000,46,71,205,17952,0,0
time,11,adaptive,boundary_4,near_range8,20000,46,99,194,17883,0,0
time,11,adaptive,boundary_4,index_submit,20000,83,160,237,20296,0,0
time,11,adaptive,boundary_4,index_ack,20000,87,173,278,28028,0,0
time,11,adaptive,boundary_4,cross_page_submit_subset,5000,81,150,202,993,0,0
time,11,adaptive,jump_4,price_query,20000,46,66,197,4515,0,0
time,11,adaptive,jump_4,near_range8,20000,45,85,186,21069,0,0
time,11,adaptive,jump_4,index_submit,20000,83,147,220,28045,0,0
time,11,adaptive,jump_4,index_ack,20000,77,154,281,20466,0,0
time,11,adaptive,jump_4,cross_page_submit_subset,3746,97,168,287,28045,0,0
time,11,adaptive,jump_4,jump_submit_subset,2496,104,178,278,28045,0,0
time,11,adaptive,rolling_32,price_query,20000,61,90,189,19231,0,0
time,11,adaptive,rolling_32,near_range8,20000,68,158,257,52763,0,0
time,11,adaptive,rolling_32,index_submit,20000,100,217,463,29562,0,0
time,11,adaptive,rolling_32,index_ack,20000,72,205,371,23252,0,0
time,11,adaptive,rolling_32,cross_page_submit_subset,305,100,170,194,29562,0,0
time,11,adaptive,outliers_32,price_query,20000,61,67,82,19886,0,0
time,11,adaptive,outliers_32,near_range8,20000,68,95,178,17773,0,0
time,11,adaptive,outliers_32,index_submit,20000,99,155,218,29617,0,0
time,11,adaptive,outliers_32,index_ack,20000,70,124,194,27249,0,0
time,11,adaptive,outliers_32,cross_page_submit_subset,305,97,138,154,319,0,0
time,11,adaptive,outliers_32,far_query,20000,61,73,84,537,0,0
time,11,adaptive,boundary_32,price_query,20000,62,70,82,27962,0,0
time,11,adaptive,boundary_32,near_range8,20000,68,93,161,18525,0,0
time,11,adaptive,boundary_32,index_submit,20000,97,133,190,18069,0,0
time,11,adaptive,boundary_32,index_ack,20000,102,133,214,21639,0,0
time,11,adaptive,boundary_32,cross_page_submit_subset,625,99,130,138,139,0,0
time,11,adaptive,jump_32,price_query,20000,60,73,189,19623,0,0
time,11,adaptive,jump_32,near_range8,20000,67,95,150,45079,0,0
time,11,adaptive,jump_32,index_submit,20000,97,152,197,23201,0,0
time,11,adaptive,jump_32,index_ack,20000,70,168,250,17904,0,0
time,11,adaptive,jump_32,cross_page_submit_subset,2652,120,177,229,23201,0,0
time,11,adaptive,jump_32,jump_submit_subset,2496,121,178,229,23201,0,0
time,11,adaptive,rolling_128,price_query,20000,66,81,113,17460,0,0
time,11,adaptive,rolling_128,near_range8,20000,73,123,207,29125,0,0
time,11,adaptive,rolling_128,index_submit,20000,103,165,240,25415,0,0
time,11,adaptive,rolling_128,index_ack,20000,73,133,254,17737,0,0
time,11,adaptive,rolling_128,cross_page_submit_subset,312,104,159,219,236,0,0
time,11,adaptive,outliers_128,price_query,20000,68,82,109,9974,0,0
time,11,adaptive,outliers_128,near_range8,20000,75,120,204,17965,0,0
time,11,adaptive,outliers_128,index_submit,20000,106,168,279,21494,0,0
time,11,adaptive,outliers_128,index_ack,20000,74,135,247,17456,0,0
time,11,adaptive,outliers_128,cross_page_submit_subset,312,107,176,192,204,0,0
time,11,adaptive,outliers_128,far_query,20000,70,82,153,29433,0,0
time,11,adaptive,boundary_128,price_query,20000,67,80,131,118583,0,0
time,11,adaptive,boundary_128,near_range8,20000,73,100,224,5434,0,0
time,11,adaptive,boundary_128,index_submit,20000,104,155,310,23137,0,0
time,11,adaptive,boundary_128,index_ack,20000,109,159,352,18043,0,0
time,11,adaptive,boundary_128,cross_page_submit_subset,313,114,147,157,165,0,0
time,11,adaptive,jump_128,price_query,20000,66,111,210,35411,0,0
time,11,adaptive,jump_128,near_range8,20000,72,121,215,35542,0,0
time,11,adaptive,jump_128,index_submit,20000,104,199,367,49855,0,0
time,11,adaptive,jump_128,index_ack,20000,74,220,386,228412,0,0
time,11,adaptive,jump_128,cross_page_submit_subset,2704,125,261,379,1046,0,0
time,11,adaptive,jump_128,jump_submit_subset,2432,128,263,379,1046,0,0
time,11,adaptive,4096books_4near_2far,price_query,20000,180,705,1109,51020,0,0
time,11,adaptive,new_book_growth,index_insert,20000,218,2769,11160,1396787,0,0
time,11,adaptive,engine_cancel_rehang_4near,cancel_to_command,20000,965,2618,23140,1075513,0,0
time,11,adaptive,engine_cancel_rehang_4near,new_to_command,20000,1149,3623,22461,270213,0,0
time,11,adaptive,engine_cancel_rehang_4near,accepted_report,20000,736,3869,19370,115969,0,0
time,11,adaptive,engine_cancel_rehang_4near,canceled_report,20000,740,3871,20140,64676,0,0
time,11,adaptive,engine_rolling_4_2far,price_query,20000,38,83,153,4926,0,0
time,11,adaptive,engine_rolling_4_2far,intent_to_command,20000,1017,2960,19442,51771,0,0
time,11,adaptive,engine_rolling_4_2far,intent_queued,20000,513,2405,19164,49492,0,0
time,11,adaptive,engine_rolling_4_2far,replace_report,20000,713,3829,20112,239061,0,0
time,11,adaptive,engine_rolling_4_2far,ready_to_command,20000,906,2813,18819,50762,0,0
time,11,adaptive,engine_jump_4_2far,price_query,20000,38,80,132,5166,0,0
time,11,adaptive,engine_jump_4_2far,intent_to_command,20000,1023,2950,20625,194596,0,0
time,11,adaptive,engine_jump_4_2far,intent_queued,20000,518,2442,7256,35873,0,0
time,11,adaptive,engine_jump_4_2far,replace_report,20000,737,3913,19381,53999,0,0
time,11,adaptive,engine_jump_4_2far,ready_to_command,20000,903,2795,19999,52790,0,0
time,11,adaptive,engine_jump_4_2far,jump_intent_subset,2496,1034,3236,5665,54298,0,0
time,11,adaptive,engine_rolling_32_2far,price_query,20000,54,94,198,34148,0,0
time,11,adaptive,engine_rolling_32_2far,intent_to_command,20000,1029,2950,19496,59583,0,0
time,11,adaptive,engine_rolling_32_2far,intent_queued,20000,519,2397,5509,53439,0,0
time,11,adaptive,engine_rolling_32_2far,replace_report,20000,701,3924,19450,61766,0,0
time,11,adaptive,engine_rolling_32_2far,ready_to_command,20000,891,2754,20275,61048,0,0
time,11,adaptive,engine_jump_32_2far,price_query,20000,54,86,157,18749,0,0
time,11,adaptive,engine_jump_32_2far,intent_to_command,20000,1033,3085,21298,55682,0,0
time,11,adaptive,engine_jump_32_2far,intent_queued,20000,523,2445,6561,50209,0,0
time,11,adaptive,engine_jump_32_2far,replace_report,20000,740,4052,21646,67090,0,0
time,11,adaptive,engine_jump_32_2far,ready_to_command,20000,896,2751,19546,47780,0,0
time,11,adaptive,engine_jump_32_2far,jump_intent_subset,2496,1037,2400,5787,25151,0,0
time,11,pages,rolling_4,price_query,20000,47,116,210,17570,0,0
time,11,pages,rolling_4,near_range8,20000,62,136,228,18788,0,0
time,11,pages,rolling_4,index_submit,20000,88,122,228,23510,0,0
time,11,pages,rolling_4,index_ack,20000,80,118,244,30589,0,0
time,11,pages,rolling_4,cross_page_submit_subset,314,93,231,240,259,0,0
time,11,pages,rolling_4,page_creation_subset,78,159,240,240,259,0,0
time,11,pages,outliers_4,price_query,20000,47,65,178,22335,0,0
time,11,pages,outliers_4,near_range8,20000,64,133,247,7265,0,0
time,11,pages,outliers_4,index_submit,20000,87,168,284,43102,0,0
time,11,pages,outliers_4,index_ack,20000,81,154,284,44229,0,0
time,11,pages,outliers_4,cross_page_submit_subset,314,96,284,340,1236,0,0
time,11,pages,outliers_4,page_creation_subset,78,174,340,340,1236,0,0
time,11,pages,outliers_4,far_query,20000,46,66,194,21633,0,0
time,11,pages,boundary_4,price_query,20000,47,64,197,17550,0,0
time,11,pages,boundary_4,near_range8,20000,65,106,224,540,0,0
time,11,pages,boundary_4,index_submit,20000,87,116,202,31696,0,0
time,11,pages,boundary_4,index_ack,20000,95,139,271,50783,0,0
time,11,pages,boundary_4,cross_page_submit_subset,5000,85,111,185,17017,0,0
time,11,pages,jump_4,price_query,20000,46,61,231,3941,0,0
time,11,pages,jump_4,near_range8,20000,62,98,226,17360,0,0
time,11,pages,jump_4,index_submit,20000,92,160,248,19115,0,0
time,11,pages,jump_4,index_ack,20000,82,151,298,33164,0,0
time,11,pages,jump_4,cross_page_submit_subset,3746,97,192,283,4475,0,0
time,11,pages,jump_4,page_creation_subset,1248,147,248,289,395,0,0
time,11,pages,jump_4,jump_submit_subset,2496,128,215,283,395,0,0
time,11,pages,rolling_32,price_query,20000,46,60,113,3961,0,0
time,11,pages,rolling_32,near_range8,20000,72,129,264,33993,0,0
time,11,pages,rolling_32,index_submit,20000,87,141,233,22930,0,0
time,11,pages,rolling_32,index_ack,20000,70,124,238,25837,0,0
time,11,pages,rolling_32,cross_page_submit_subset,305,97,237,387,475,0,0
time,11,pages,rolling_32,page_creation_subset,10,233,387,387,475,0,0
time,11,pages,outliers_32,price_query,20000,46,70,178,22856,0,0
time,11,pages,outliers_32,near_range8,20000,74,170,291,23774,0,0
time,11,pages,outliers_32,index_submit,20000,89,154,265,50848,0,0
time,11,pages,outliers_32,index_ack,20000,71,137,271,16824,0,0
time,11,pages,outliers_32,cross_page_submit_subset,305,97,276,424,567,0,0
time,11,pages,outliers_32,page_creation_subset,10,265,424,424,567,0,0
time,11,pages,outliers_32,far_query,20000,47,75,197,34105,0,0
time,11,pages,boundary_32,price_query,20000,46,60,178,5778,0,0
time,11,pages,boundary_32,near_range8,20000,73,120,252,22429,0,0
time,11,pages,boundary_32,index_submit,20000,87,125,191,22504,0,0
time,11,pages,boundary_32,index_ack,20000,84,134,283,49097,0,0
time,11,pages,boundary_32,cross_page_submit_subset,625,87,133,147,149,0,0
time,11,pages,jump_32,price_query,20000,46,59,208,17629,0,0
time,11,pages,jump_32,near_range8,20000,72,105,232,20365,0,0
time,11,pages,jump_32,index_submit,20000,87,133,234,18533,0,0
time,11,pages,jump_32,index_ack,20000,70,131,257,33460,0,0
time,11,pages,jump_32,cross_page_submit_subset,2652,95,190,321,17474,0,0
time,11,pages,jump_32,page_creation_subset,156,160,315,321,343,0,0
time,11,pages,jump_32,jump_submit_subset,2496,95,190,321,17474,0,0
time,11,pages,rolling_128,price_query,20000,46,58,124,4628,0,0
time,11,pages,rolling_128,near_range8,20000,73,104,234,20699,0,0
time,11,pages,rolling_128,index_submit,20000,88,118,187,19285,0,0
time,11,pages,rolling_128,index_ack,20000,73,106,201,17266,0,0
time,11,pages,rolling_128,cross_page_submit_subset,312,101,141,237,708,0,0
time,11,pages,rolling_128,page_creation_subset,3,237,237,237,708,0,0
time,11,pages,outliers_128,price_query,20000,46,67,180,6418,0,0
time,11,pages,outliers_128,near_range8,20000,75,152,288,20691,0,0
time,11,pages,outliers_128,index_submit,20000,90,160,296,50581,0,0
time,11,pages,outliers_128,index_ack,20000,74,125,272,17650,0,0
time,11,pages,outliers_128,cross_page_submit_subset,312,102,171,469,674,0,0
time,11,pages,outliers_128,page_creation_subset,3,469,469,469,674,0,0
time,11,pages,outliers_128,far_query,20000,49,70,183,5012,0,0
time,11,pages,boundary_128,price_query,20000,46,60,166,22923,0,0
time,11,pages,boundary_128,near_range8,20000,73,109,249,5040,0,0
time,11,pages,boundary_128,index_submit,20000,88,118,190,32207,0,0
time,11,pages,boundary_128,index_ack,20000,84,122,254,32246,0,0
time,11,pages,boundary_128,cross_page_submit_subset,313,97,136,139,157,0,0
time,11,pages,jump_128,price_query,20000,46,61,196,22949,0,0
time,11,pages,jump_128,near_range8,20000,73,108,236,50971,0,0
time,11,pages,jump_128,index_submit,20000,89,130,272,29613,0,0
time,11,pages,jump_128,index_ack,20000,74,132,270,19937,0,0
time,11,pages,jump_128,cross_page_submit_subset,2704,100,215,469,4336,0,0
time,11,pages,jump_128,page_creation_subset,77,189,383,383,469,0,0
time,11,pages,jump_128,jump_submit_subset,2432,99,211,469,4336,0,0
time,11,pages,4096books_4near_2far,price_query,20000,359,1279,5489,41411,0,0
time,11,pages,new_book_growth,index_insert,20000,424,5612,42320,1455988,0,0
time,11,pages,new_book_growth,page_block_growth_subset,313,5778,96316,402283,1455988,0,0
time,11,pages,engine_cancel_rehang_4near,cancel_to_command,20000,961,3184,24111,1063367,0,0
time,11,pages,engine_cancel_rehang_4near,new_to_command,20000,1219,4808,25850,268238,0,0
time,11,pages,engine_cancel_rehang_4near,accepted_report,20000,756,3773,20938,53064,0,0
time,11,pages,engine_cancel_rehang_4near,canceled_report,20000,775,3939,20755,42780,0,0
time,11,pages,engine_rolling_4_2far,price_query,20000,40,85,140,18116,0,0
time,11,pages,engine_rolling_4_2far,intent_to_command,20000,1034,3094,21886,89783,0,0
time,11,pages,engine_rolling_4_2far,intent_queued,20000,536,2552,6839,77302,0,0
time,11,pages,engine_rolling_4_2far,replace_report,20000,796,4012,21228,41727,0,0
time,11,pages,engine_rolling_4_2far,ready_to_command,20000,885,2957,15641,52451,0,0
time,11,pages,engine_jump_4_2far,price_query,20000,40,84,189,31480,0,0
time,11,pages,engine_jump_4_2far,intent_to_command,20000,1026,3105,21134,53173,0,0
time,11,pages,engine_jump_4_2far,intent_queued,20000,523,2434,5378,44669,0,0
time,11,pages,engine_jump_4_2far,replace_report,20000,780,3997,19295,91372,0,0
time,11,pages,engine_jump_4_2far,ready_to_command,20000,887,2828,19997,44749,0,0
time,11,pages,engine_jump_4_2far,jump_intent_subset,2496,1054,4298,20628,35945,0,0
time,11,pages,engine_rolling_32_2far,price_query,20000,44,80,144,6226,0,0
time,11,pages,engine_rolling_32_2far,intent_to_command,20000,1029,3031,20400,263235,0,0
time,11,pages,engine_rolling_32_2far,intent_queued,20000,526,2465,6745,56141,0,0
time,11,pages,engine_rolling_32_2far,replace_report,20000,746,3851,9177,189030,0,0
time,11,pages,engine_rolling_32_2far,ready_to_command,20000,879,2760,19816,37324,0,0
time,11,pages,engine_jump_32_2far,price_query,20000,44,87,229,19536,0,0
time,11,pages,engine_jump_32_2far,intent_to_command,20000,1044,3124,21976,66362,0,0
time,11,pages,engine_jump_32_2far,intent_queued,20000,539,2515,7240,58071,0,0
time,11,pages,engine_jump_32_2far,replace_report,20000,790,4096,18894,171038,0,0
time,11,pages,engine_jump_32_2far,ready_to_command,20000,883,2921,20695,40571,0,0
time,11,pages,engine_jump_32_2far,jump_intent_subset,2496,1050,2645,21185,34506,0,0
time,11,standard,rolling_4,price_query,20000,42,176,326,27162,0,0
time,11,standard,rolling_4,near_range8,20000,49,192,413,23404,0,0
time,11,standard,rolling_4,index_submit,20000,83,178,275,61495,0,0
time,11,standard,rolling_4,index_ack,20000,78,204,366,24655,0,0
time,11,standard,rolling_4,cross_page_submit_subset,314,83,191,281,5682,0,0
time,11,standard,outliers_4,price_query,20000,43,68,205,23973,0,0
time,11,standard,outliers_4,near_range8,20000,50,138,227,3850,0,0
time,11,standard,outliers_4,index_submit,20000,84,153,229,17698,0,0
time,11,standard,outliers_4,index_ack,20000,80,163,332,39758,0,0
time,11,standard,outliers_4,cross_page_submit_subset,314,84,134,153,170,0,0
time,11,standard,outliers_4,far_query,20000,44,75,191,21787,0,0
time,11,standard,boundary_4,price_query,20000,41,121,206,4035,0,0
time,11,standard,boundary_4,near_range8,20000,50,130,228,21858,0,0
time,11,standard,boundary_4,index_submit,20000,83,160,246,22242,0,0
time,11,standard,boundary_4,index_ack,20000,96,206,356,48215,0,0
time,11,standard,boundary_4,cross_page_submit_subset,5000,81,152,210,346,0,0
time,11,standard,jump_4,price_query,20000,43,186,496,49151,0,0
time,11,standard,jump_4,near_range8,20000,50,218,517,55022,0,0
time,11,standard,jump_4,index_submit,20000,95,210,355,21957,0,0
time,11,standard,jump_4,index_ack,20000,105,268,597,907330,0,0
time,11,standard,jump_4,cross_page_submit_subset,3746,105,230,567,1699,0,0
time,11,standard,jump_4,jump_submit_subset,2496,108,238,567,1699,0,0
time,11,standard,rolling_32,price_query,20000,45,75,186,26449,0,0
time,11,standard,rolling_32,near_range8,20000,75,156,274,20627,0,0
time,11,standard,rolling_32,index_submit,20000,91,160,245,18242,0,0
time,11,standard,rolling_32,index_ack,20000,71,157,408,28754,0,0
time,11,standard,rolling_32,cross_page_submit_subset,305,91,163,267,290,0,0
time,11,standard,outliers_32,price_query,20000,45,85,204,33026,0,0
time,11,standard,outliers_32,near_range8,20000,72,175,297,5105,0,0
time,11,standard,outliers_32,index_submit,20000,100,179,299,46197,0,0
time,11,standard,outliers_32,index_ack,20000,70,185,424,22483,0,0
time,11,standard,outliers_32,cross_page_submit_subset,305,100,185,237,356,0,0
time,11,standard,outliers_32,far_query,20000,50,95,216,4011,0,0
time,11,standard,boundary_32,price_query,20000,45,67,179,21347,0,0
time,11,standard,boundary_32,near_range8,20000,72,143,270,20580,0,0
time,11,standard,boundary_32,index_submit,20000,88,161,255,33568,0,0
time,11,standard,boundary_32,index_ack,20000,96,204,404,13569,0,0
time,11,standard,boundary_32,cross_page_submit_subset,625,87,141,162,248,0,0
time,11,standard,jump_32,price_query,20000,45,78,193,21682,0,0
time,11,standard,jump_32,near_range8,20000,75,137,240,18556,0,0
time,11,standard,jump_32,index_submit,20000,91,176,270,18041,0,0
time,11,standard,jump_32,index_ack,20000,70,242,418,18515,0,0
time,11,standard,jump_32,cross_page_submit_subset,2652,125,236,454,1091,0,0
time,11,standard,jump_32,jump_submit_subset,2496,126,238,454,1091,0,0
time,11,standard,rolling_128,price_query,20000,51,85,154,17950,0,0
time,11,standard,rolling_128,near_range8,20000,83,170,303,21698,0,0
time,11,standard,rolling_128,index_submit,20000,109,192,335,55627,0,0
time,11,standard,rolling_128,index_ack,20000,75,143,597,29371,0,0
time,11,standard,rolling_128,cross_page_submit_subset,312,108,190,229,236,0,0
time,11,standard,outliers_128,price_query,20000,53,89,182,19290,0,0
time,11,standard,outliers_128,near_range8,20000,79,177,338,40172,0,0
time,11,standard,outliers_128,index_submit,20000,107,192,369,49232,0,0
time,11,standard,outliers_128,index_ack,20000,74,157,442,24219,0,0
time,11,standard,outliers_128,cross_page_submit_subset,312,108,190,205,218,0,0
time,11,standard,outliers_128,far_query,20000,57,101,191,34105,0,0
time,11,standard,boundary_128,price_query,20000,50,90,189,28502,0,0
time,11,standard,boundary_128,near_range8,20000,81,205,339,25099,0,0
time,11,standard,boundary_128,index_submit,20000,100,176,282,32653,0,0
time,11,standard,boundary_128,index_ack,20000,101,276,496,18044,0,0
time,11,standard,boundary_128,cross_page_submit_subset,313,101,183,204,220,0,0
time,11,standard,jump_128,price_query,20000,54,112,235,16294,0,0
time,11,standard,jump_128,near_range8,20000,81,181,318,24216,0,0
time,11,standard,jump_128,index_submit,20000,114,273,642,37020,0,0
time,11,standard,jump_128,index_ack,20000,75,310,528,21379,0,0
time,11,standard,jump_128,cross_page_submit_subset,2704,165,430,1440,18183,0,0
time,11,standard,jump_128,jump_submit_subset,2432,168,435,1440,18183,0,0
time,11,standard,4096books_4near_2far,price_query,20000,201,829,1311,43465,0,0
time,11,standard,new_book_growth,index_insert,20000,247,3443,15692,1491031,0,0
time,11,standard,engine_cancel_rehang_4near,cancel_to_command,20000,967,1698,21313,1086677,0,0
time,11,standard,engine_cancel_rehang_4near,new_to_command,20000,1149,3356,24014,274663,0,0
time,11,standard,engine_cancel_rehang_4near,accepted_report,20000,731,3717,11158,104936,0,0
time,11,standard,engine_cancel_rehang_4near,canceled_report,20000,752,3755,22523,87893,0,0
time,11,standard,engine_rolling_4_2far,price_query,20000,35,96,236,32891,0,0
time,11,standard,engine_rolling_4_2far,intent_to_command,20000,1169,4462,30060,59233,0,0
time,11,standard,engine_rolling_4_2far,intent_queued,20000,647,3428,9861,43751,0,0
time,11,standard,engine_rolling_4_2far,replace_report,20000,990,4608,29830,315818,0,0
time,11,standard,engine_rolling_4_2far,ready_to_command,20000,940,4452,33894,419379,0,0
time,11,standard,engine_jump_4_2far,price_query,20000,34,78,182,23475,0,0
time,11,standard,engine_jump_4_2far,intent_to_command,20000,1041,3152,20545,1468154,0,0
time,11,standard,engine_jump_4_2far,intent_queued,20000,536,2611,19057,677010,0,0
time,11,standard,engine_jump_4_2far,replace_report,20000,804,4342,20227,225059,0,0
time,11,standard,engine_jump_4_2far,ready_to_command,20000,900,2917,21757,64632,0,0
time,11,standard,engine_jump_4_2far,jump_intent_subset,2496,1048,4023,12661,918671,0,0
time,11,standard,engine_rolling_32_2far,price_query,20000,58,119,241,127231,0,0
time,11,standard,engine_rolling_32_2far,intent_to_command,20000,1102,3714,29927,561438,0,0
time,11,standard,engine_rolling_32_2far,intent_queued,20000,570,2668,16917,802607,0,0
time,11,standard,engine_rolling_32_2far,replace_report,20000,860,4523,27218,70104,0,0
time,11,standard,engine_rolling_32_2far,ready_to_command,20000,913,2911,21004,1490180,0,0
time,11,standard,engine_jump_32_2far,price_query,20000,60,128,234,4887,0,0
time,11,standard,engine_jump_32_2far,intent_to_command,20000,1141,4140,29224,310798,0,0
time,11,standard,engine_jump_32_2far,intent_queued,20000,609,3141,19760,106109,0,0
time,11,standard,engine_jump_32_2far,replace_report,20000,934,4729,30709,229747,0,0
time,11,standard,engine_jump_32_2far,ready_to_command,20000,927,3356,26450,262636,0,0
time,11,standard,engine_jump_32_2far,jump_intent_subset,2496,1158,2885,28057,87795,0,0
alloc,0,standard,rolling_4,price_query,20000,0,0,0,0,0,0
alloc,0,standard,rolling_4,near_range8,20000,0,0,0,0,0,0
alloc,0,standard,rolling_4,index_submit,20000,0,0,0,0,0,0
alloc,0,standard,rolling_4,index_ack,20000,0,0,0,0,0,0
alloc,0,standard,rolling_4,cross_page_submit_subset,314,0,0,0,0,0,0
alloc,0,standard,outliers_4,price_query,20000,0,0,0,0,0,0
alloc,0,standard,outliers_4,near_range8,20000,0,0,0,0,0,0
alloc,0,standard,outliers_4,index_submit,20000,0,0,0,0,0,0
alloc,0,standard,outliers_4,index_ack,20000,0,0,0,0,0,0
alloc,0,standard,outliers_4,cross_page_submit_subset,314,0,0,0,0,0,0
alloc,0,standard,outliers_4,far_query,20000,0,0,0,0,0,0
alloc,0,standard,boundary_4,price_query,20000,0,0,0,0,0,0
alloc,0,standard,boundary_4,near_range8,20000,0,0,0,0,0,0
alloc,0,standard,boundary_4,index_submit,20000,0,0,0,0,0,0
alloc,0,standard,boundary_4,index_ack,20000,0,0,0,0,0,0
alloc,0,standard,boundary_4,cross_page_submit_subset,5000,0,0,0,0,0,0
alloc,0,standard,jump_4,price_query,20000,0,0,0,0,0,0
alloc,0,standard,jump_4,near_range8,20000,0,0,0,0,0,0
alloc,0,standard,jump_4,index_submit,20000,0,0,0,0,0,0
alloc,0,standard,jump_4,index_ack,20000,0,0,0,0,0,0
alloc,0,standard,jump_4,cross_page_submit_subset,3746,0,0,0,0,0,0
alloc,0,standard,jump_4,jump_submit_subset,2496,0,0,0,0,0,0
alloc,0,standard,rolling_32,price_query,20000,0,0,0,0,0,0
alloc,0,standard,rolling_32,near_range8,20000,0,0,0,0,0,0
alloc,0,standard,rolling_32,index_submit,20000,0,0,0,0,90,25200
alloc,0,standard,rolling_32,index_ack,20000,0,0,0,0,90,9360
alloc,0,standard,rolling_32,cross_page_submit_subset,305,0,0,0,0,2,560
alloc,0,standard,outliers_32,price_query,20000,0,0,0,0,0,0
alloc,0,standard,outliers_32,near_range8,20000,0,0,0,0,0,0
alloc,0,standard,outliers_32,index_submit,20000,0,0,0,0,90,31064
alloc,0,standard,outliers_32,index_ack,20000,0,0,0,0,89,9256
alloc,0,standard,outliers_32,cross_page_submit_subset,305,0,0,0,0,2,560
alloc,0,standard,outliers_32,far_query,20000,0,0,0,0,0,0
alloc,0,standard,boundary_32,price_query,20000,0,0,0,0,0,0
alloc,0,standard,boundary_32,near_range8,20000,0,0,0,0,0,0
alloc,0,standard,boundary_32,index_submit,20000,0,0,0,0,313,87640
alloc,0,standard,boundary_32,index_ack,20000,0,0,0,0,371,38584
alloc,0,standard,boundary_32,cross_page_submit_subset,625,0,0,0,0,0,0
alloc,0,standard,jump_32,price_query,20000,0,0,0,0,0,0
alloc,0,standard,jump_32,near_range8,20000,0,0,0,0,0,0
alloc,0,standard,jump_32,index_submit,20000,0,0,0,0,468,131040
alloc,0,standard,jump_32,index_ack,20000,0,0,0,0,421,43784
alloc,0,standard,jump_32,cross_page_submit_subset,2652,0,0,0,0,390,109200
alloc,0,standard,jump_32,jump_submit_subset,2496,0,0,0,0,390,109200
alloc,0,standard,rolling_128,price_query,20000,0,0,0,0,0,0
alloc,0,standard,rolling_128,near_range8,20000,0,0,0,0,0,0
alloc,0,standard,rolling_128,index_submit,20000,0,0,0,0,25,25104
alloc,0,standard,rolling_128,index_ack,20000,0,0,0,0,22,2288
alloc,0,standard,rolling_128,cross_page_submit_subset,312,0,0,0,0,1,280
alloc,0,standard,outliers_128,price_query,20000,0,0,0,0,0,0
alloc,0,standard,outliers_128,near_range8,20000,0,0,0,0,0,0
alloc,0,standard,outliers_128,index_submit,20000,0,0,0,0,30,20360
alloc,0,standard,outliers_128,index_ack,20000,0,0,0,0,27,3192
alloc,0,standard,outliers_128,cross_page_submit_subset,312,0,0,0,0,0,0
alloc,0,standard,outliers_128,far_query,20000,0,0,0,0,0,0
alloc,0,standard,boundary_128,price_query,20000,0,0,0,0,0,0
alloc,0,standard,boundary_128,near_range8,20000,0,0,0,0,0,0
alloc,0,standard,boundary_128,index_submit,20000,0,0,0,0,3,18944
alloc,0,standard,boundary_128,index_ack,20000,0,0,0,0,475,50552
alloc,0,standard,boundary_128,cross_page_submit_subset,313,0,0,0,0,0,0
alloc,0,standard,jump_128,price_query,20000,0,0,0,0,0,0
alloc,0,standard,jump_128,near_range8,20000,0,0,0,0,0,0
alloc,0,standard,jump_128,index_submit,20000,0,0,0,0,423,147528
alloc,0,standard,jump_128,index_ack,20000,0,0,0,0,217,22568
alloc,0,standard,jump_128,cross_page_submit_subset,2704,0,0,0,0,410,125784
alloc,0,standard,jump_128,jump_submit_subset,2432,0,0,0,0,400,122984
alloc,0,standard,4096books_4near_2far,price_query,20000,0,0,0,0,0,0
alloc,0,standard,new_book_growth,index_insert,20000,0,0,0,0,40977,18238748
alloc,0,standard,engine_cancel_rehang_4near,cancel_to_command,20000,0,0,0,0,12,3734832
alloc,0,standard,engine_cancel_rehang_4near,new_to_command,20000,0,0,0,0,331,6766256
alloc,0,standard,engine_cancel_rehang_4near,accepted_report,20000,0,0,0,0,0,0
alloc,0,standard,engine_cancel_rehang_4near,canceled_report,20000,0,0,0,0,0,0
alloc,0,standard,engine_rolling_4_2far,price_query,20000,0,0,0,0,0,0
alloc,0,standard,engine_rolling_4_2far,intent_to_command,20000,0,0,0,0,0,0
alloc,0,standard,engine_rolling_4_2far,intent_queued,20000,0,0,0,0,1,104
alloc,0,standard,engine_rolling_4_2far,replace_report,20000,0,0,0,0,0,0
alloc,0,standard,engine_rolling_4_2far,ready_to_command,20000,0,0,0,0,0,0
alloc,0,standard,engine_jump_4_2far,price_query,20000,0,0,0,0,0,0
alloc,0,standard,engine_jump_4_2far,intent_to_command,20000,0,0,0,0,0,0
alloc,0,standard,engine_jump_4_2far,intent_queued,20000,0,0,0,0,1,104
alloc,0,standard,engine_jump_4_2far,replace_report,20000,0,0,0,0,0,0
alloc,0,standard,engine_jump_4_2far,ready_to_command,20000,0,0,0,0,0,0
alloc,0,standard,engine_jump_4_2far,jump_intent_subset,2496,0,0,0,0,0,0
alloc,0,standard,engine_rolling_32_2far,price_query,20000,0,0,0,0,0,0
alloc,0,standard,engine_rolling_32_2far,intent_to_command,20000,0,0,0,0,0,0
alloc,0,standard,engine_rolling_32_2far,intent_queued,20000,0,0,0,0,1,104
alloc,0,standard,engine_rolling_32_2far,replace_report,20000,0,0,0,0,0,0
alloc,0,standard,engine_rolling_32_2far,ready_to_command,20000,0,0,0,0,357,99960
alloc,0,standard,engine_jump_32_2far,price_query,20000,0,0,0,0,0,0
alloc,0,standard,engine_jump_32_2far,intent_to_command,20000,0,0,0,0,2,560
alloc,0,standard,engine_jump_32_2far,intent_queued,20000,0,0,0,0,1,104
alloc,0,standard,engine_jump_32_2far,replace_report,20000,0,0,0,0,2,208
alloc,0,standard,engine_jump_32_2far,ready_to_command,20000,0,0,0,0,647,181160
alloc,0,standard,engine_jump_32_2far,jump_intent_subset,2496,0,0,0,0,2,560
memory,0,standard,1books_4near_0far,resident_index_bytes,1,0,0,0,0,9,21124
capacity,0,standard,1books_4near_0far,pages_and_blocks,1,0,0,0,0,0,0
memory,0,standard,1books_4near_2far,resident_index_bytes,1,0,0,0,0,9,21124
capacity,0,standard,1books_4near_2far,pages_and_blocks,1,0,0,0,0,0,0
memory,0,standard,1books_32near_0far,resident_index_bytes,1,0,0,0,0,17,22852
capacity,0,standard,1books_32near_0far,pages_and_blocks,1,0,0,0,0,0,0
memory,0,standard,1books_32near_2far,resident_index_bytes,1,0,0,0,0,19,23236
capacity,0,standard,1books_32near_2far,pages_and_blocks,1,0,0,0,0,0,0
memory,0,standard,1books_128near_0far,resident_index_bytes,1,0,0,0,0,51,42180
capacity,0,standard,1books_128near_0far,pages_and_blocks,1,0,0,0,0,0,0
memory,0,standard,1books_128near_2far,resident_index_bytes,1,0,0,0,0,53,54980
capacity,0,standard,1books_128near_2far,pages_and_blocks,1,0,0,0,0,0,0
memory,0,standard,128books_4near_0far,resident_index_bytes,1,0,0,0,0,286,183168
capacity,0,standard,128books_4near_0far,pages_and_blocks,1,0,0,0,0,0,0
memory,0,standard,128books_4near_2far,resident_index_bytes,1,0,0,0,0,296,234624
capacity,0,standard,128books_4near_2far,pages_and_blocks,1,0,0,0,0,0,0
memory,0,standard,128books_32near_0far,resident_index_bytes,1,0,0,0,0,1428,1122944
capacity,0,standard,128books_32near_0far,pages_and_blocks,1,0,0,0,0,0,0
memory,0,standard,128books_32near_2far,resident_index_bytes,1,0,0,0,0,1694,1225344
capacity,0,standard,128books_32near_2far,pages_and_blocks,1,0,0,0,0,0,0
memory,0,standard,128books_128near_0far,resident_index_bytes,1,0,0,0,0,5912,4422272
capacity,0,standard,128books_128near_0far,pages_and_blocks,1,0,0,0,0,0,0
memory,0,standard,128books_128near_2far,resident_index_bytes,1,0,0,0,0,5922,4481664
capacity,0,standard,128books_128near_2far,pages_and_blocks,1,0,0,0,0,0,0
alloc,0,pages,rolling_4,price_query,20000,0,0,0,0,0,0
alloc,0,pages,rolling_4,near_range8,20000,0,0,0,0,0,0
alloc,0,pages,rolling_4,index_submit,20000,0,0,0,0,0,0
alloc,0,pages,rolling_4,index_ack,20000,0,0,0,0,0,0
alloc,0,pages,rolling_4,cross_page_submit_subset,314,0,0,0,0,0,0
alloc,0,pages,rolling_4,page_creation_subset,78,0,0,0,0,0,0
alloc,0,pages,outliers_4,price_query,20000,0,0,0,0,0,0
alloc,0,pages,outliers_4,near_range8,20000,0,0,0,0,0,0
alloc,0,pages,outliers_4,index_submit,20000,0,0,0,0,0,0
alloc,0,pages,outliers_4,index_ack,20000,0,0,0,0,0,0
alloc,0,pages,outliers_4,cross_page_submit_subset,314,0,0,0,0,0,0
alloc,0,pages,outliers_4,page_creation_subset,78,0,0,0,0,0,0
alloc,0,pages,outliers_4,far_query,20000,0,0,0,0,0,0
alloc,0,pages,boundary_4,price_query,20000,0,0,0,0,0,0
alloc,0,pages,boundary_4,near_range8,20000,0,0,0,0,0,0
alloc,0,pages,boundary_4,index_submit,20000,0,0,0,0,0,0
alloc,0,pages,boundary_4,index_ack,20000,0,0,0,0,0,0
alloc,0,pages,boundary_4,cross_page_submit_subset,5000,0,0,0,0,0,0
alloc,0,pages,jump_4,price_query,20000,0,0,0,0,0,0
alloc,0,pages,jump_4,near_range8,20000,0,0,0,0,0,0
alloc,0,pages,jump_4,index_submit,20000,0,0,0,0,0,0
alloc,0,pages,jump_4,index_ack,20000,0,0,0,0,0,0
alloc,0,pages,jump_4,cross_page_submit_subset,3746,0,0,0,0,0,0
alloc,0,pages,jump_4,page_creation_subset,1248,0,0,0,0,0,0
alloc,0,pages,jump_4,jump_submit_subset,2496,0,0,0,0,0,0
alloc,0,pages,rolling_32,price_query,20000,0,0,0,0,0,0
alloc,0,pages,rolling_32,near_range8,20000,0,0,0,0,0,0
alloc,0,pages,rolling_32,index_submit,20000,0,0,0,0,0,0
alloc,0,pages,rolling_32,index_ack,20000,0,0,0,0,0,0
alloc,0,pages,rolling_32,cross_page_submit_subset,305,0,0,0,0,0,0
alloc,0,pages,rolling_32,page_creation_subset,10,0,0,0,0,0,0
alloc,0,pages,outliers_32,price_query,20000,0,0,0,0,0,0
alloc,0,pages,outliers_32,near_range8,20000,0,0,0,0,0,0
alloc,0,pages,outliers_32,index_submit,20000,0,0,0,0,1,6144
alloc,0,pages,outliers_32,index_ack,20000,0,0,0,0,0,0
alloc,0,pages,outliers_32,cross_page_submit_subset,305,0,0,0,0,0,0
alloc,0,pages,outliers_32,page_creation_subset,10,0,0,0,0,0,0
alloc,0,pages,outliers_32,far_query,20000,0,0,0,0,0,0
alloc,0,pages,boundary_32,price_query,20000,0,0,0,0,0,0
alloc,0,pages,boundary_32,near_range8,20000,0,0,0,0,0,0
alloc,0,pages,boundary_32,index_submit,20000,0,0,0,0,0,0
alloc,0,pages,boundary_32,index_ack,20000,0,0,0,0,0,0
alloc,0,pages,boundary_32,cross_page_submit_subset,625,0,0,0,0,0,0
alloc,0,pages,jump_32,price_query,20000,0,0,0,0,0,0
alloc,0,pages,jump_32,near_range8,20000,0,0,0,0,0,0
alloc,0,pages,jump_32,index_submit,20000,0,0,0,0,0,0
alloc,0,pages,jump_32,index_ack,20000,0,0,0,0,0,0
alloc,0,pages,jump_32,cross_page_submit_subset,2652,0,0,0,0,0,0
alloc,0,pages,jump_32,page_creation_subset,156,0,0,0,0,0,0
alloc,0,pages,jump_32,jump_submit_subset,2496,0,0,0,0,0,0
alloc,0,pages,rolling_128,price_query,20000,0,0,0,0,0,0
alloc,0,pages,rolling_128,near_range8,20000,0,0,0,0,0,0
alloc,0,pages,rolling_128,index_submit,20000,0,0,0,0,3,18944
alloc,0,pages,rolling_128,index_ack,20000,0,0,0,0,0,0
alloc,0,pages,rolling_128,cross_page_submit_subset,312,0,0,0,0,0,0
alloc,0,pages,rolling_128,page_creation_subset,3,0,0,0,0,0,0
alloc,0,pages,outliers_128,price_query,20000,0,0,0,0,0,0
alloc,0,pages,outliers_128,near_range8,20000,0,0,0,0,0,0
alloc,0,pages,outliers_128,index_submit,20000,0,0,0,0,3,12416
alloc,0,pages,outliers_128,index_ack,20000,0,0,0,0,0,0
alloc,0,pages,outliers_128,cross_page_submit_subset,312,0,0,0,0,0,0
alloc,0,pages,outliers_128,page_creation_subset,3,0,0,0,0,0,0
alloc,0,pages,outliers_128,far_query,20000,0,0,0,0,0,0
alloc,0,pages,boundary_128,price_query,20000,0,0,0,0,0,0
alloc,0,pages,boundary_128,near_range8,20000,0,0,0,0,0,0
alloc,0,pages,boundary_128,index_submit,20000,0,0,0,0,3,18944
alloc,0,pages,boundary_128,index_ack,20000,0,0,0,0,0,0
alloc,0,pages,boundary_128,cross_page_submit_subset,313,0,0,0,0,0,0
alloc,0,pages,jump_128,price_query,20000,0,0,0,0,0,0
alloc,0,pages,jump_128,near_range8,20000,0,0,0,0,0,0
alloc,0,pages,jump_128,index_submit,20000,0,0,0,0,4,25600
alloc,0,pages,jump_128,index_ack,20000,0,0,0,0,0,0
alloc,0,pages,jump_128,cross_page_submit_subset,2704,0,0,0,0,1,6656
alloc,0,pages,jump_128,page_creation_subset,77,0,0,0,0,0,0
alloc,0,pages,jump_128,jump_submit_subset,2432,0,0,0,0,1,6656
alloc,0,pages,4096books_4near_2far,price_query,20000,0,0,0,0,0,0
alloc,0,pages,new_book_growth,index_insert,20000,0,0,0,0,41298,39729372
alloc,0,pages,new_book_growth,page_block_growth_subset,313,0,0,0,0,1917,32103412
alloc,0,pages,engine_cancel_rehang_4near,cancel_to_command,20000,0,0,0,0,12,3734832
alloc,0,pages,engine_cancel_rehang_4near,new_to_command,20000,0,0,0,0,331,6766256
alloc,0,pages,engine_cancel_rehang_4near,accepted_report,20000,0,0,0,0,0,0
alloc,0,pages,engine_cancel_rehang_4near,canceled_report,20000,0,0,0,0,0,0
alloc,0,pages,engine_rolling_4_2far,price_query,20000,0,0,0,0,0,0
alloc,0,pages,engine_rolling_4_2far,intent_to_command,20000,0,0,0,0,0,0
alloc,0,pages,engine_rolling_4_2far,intent_queued,20000,0,0,0,0,1,104
alloc,0,pages,engine_rolling_4_2far,replace_report,20000,0,0,0,0,0,0
alloc,0,pages,engine_rolling_4_2far,ready_to_command,20000,0,0,0,0,0,0
alloc,0,pages,engine_jump_4_2far,price_query,20000,0,0,0,0,0,0
alloc,0,pages,engine_jump_4_2far,intent_to_command,20000,0,0,0,0,0,0
alloc,0,pages,engine_jump_4_2far,intent_queued,20000,0,0,0,0,1,104
alloc,0,pages,engine_jump_4_2far,replace_report,20000,0,0,0,0,0,0
alloc,0,pages,engine_jump_4_2far,ready_to_command,20000,0,0,0,0,0,0
alloc,0,pages,engine_jump_4_2far,jump_intent_subset,2496,0,0,0,0,0,0
alloc,0,pages,engine_rolling_32_2far,price_query,20000,0,0,0,0,0,0
alloc,0,pages,engine_rolling_32_2far,intent_to_command,20000,0,0,0,0,0,0
alloc,0,pages,engine_rolling_32_2far,intent_queued,20000,0,0,0,0,1,104
alloc,0,pages,engine_rolling_32_2far,replace_report,20000,0,0,0,0,0,0
alloc,0,pages,engine_rolling_32_2far,ready_to_command,20000,0,0,0,0,0,0
alloc,0,pages,engine_jump_32_2far,price_query,20000,0,0,0,0,0,0
alloc,0,pages,engine_jump_32_2far,intent_to_command,20000,0,0,0,0,0,0
alloc,0,pages,engine_jump_32_2far,intent_queued,20000,0,0,0,0,1,104
alloc,0,pages,engine_jump_32_2far,replace_report,20000,0,0,0,0,0,0
alloc,0,pages,engine_jump_32_2far,ready_to_command,20000,0,0,0,0,0,0
alloc,0,pages,engine_jump_32_2far,jump_intent_subset,2496,0,0,0,0,0,0
memory,0,pages,1books_4near_0far,resident_index_bytes,1,0,0,0,0,11,89796
capacity,0,pages,1books_4near_0far,pages_and_blocks,1,0,0,0,0,2,1
memory,0,pages,1books_4near_2far,resident_index_bytes,1,0,0,0,0,11,89796
capacity,0,pages,1books_4near_2far,pages_and_blocks,1,0,0,0,0,4,1
memory,0,pages,1books_32near_0far,resident_index_bytes,1,0,0,0,0,11,89796
capacity,0,pages,1books_32near_0far,pages_and_blocks,1,0,0,0,0,2,1
memory,0,pages,1books_32near_2far,resident_index_bytes,1,0,0,0,0,11,89796
capacity,0,pages,1books_32near_2far,pages_and_blocks,1,0,0,0,0,4,1
memory,0,pages,1books_128near_0far,resident_index_bytes,1,0,0,0,0,13,102596
capacity,0,pages,1books_128near_0far,pages_and_blocks,1,0,0,0,0,3,1
memory,0,pages,1books_128near_2far,resident_index_bytes,1,0,0,0,0,15,115396
capacity,0,pages,1books_128near_2far,pages_and_blocks,1,0,0,0,0,5,1
memory,0,pages,128books_4near_0far,resident_index_bytes,1,0,0,0,0,291,457664
capacity,0,pages,128books_4near_0far,pages_and_blocks,1,0,0,0,0,256,4
memory,0,pages,128books_4near_2far,resident_index_bytes,1,0,0,0,0,306,783616
capacity,0,pages,128books_4near_2far,pages_and_blocks,1,0,0,0,0,512,8
memory,0,pages,128books_32near_0far,resident_index_bytes,1,0,0,0,0,409,1176256
capacity,0,pages,128books_32near_0far,pages_and_blocks,1,0,0,0,0,256,4
memory,0,pages,128books_32near_2far,resident_index_bytes,1,0,0,0,0,424,1504000
capacity,0,pages,128books_32near_2far,pages_and_blocks,1,0,0,0,0,512,8
memory,0,pages,128books_128near_0far,resident_index_bytes,1,0,0,0,0,800,3777280
capacity,0,pages,128books_128near_0far,pages_and_blocks,1,0,0,0,0,384,6
memory,0,pages,128books_128near_2far,resident_index_bytes,1,0,0,0,0,815,4111232
capacity,0,pages,128books_128near_2far,pages_and_blocks,1,0,0,0,0,640,10
alloc,0,adaptive,rolling_4,price_query,20000,0,0,0,0,0,0
alloc,0,adaptive,rolling_4,near_range8,20000,0,0,0,0,0,0
alloc,0,adaptive,rolling_4,index_submit,20000,0,0,0,0,1,256
alloc,0,adaptive,rolling_4,index_ack,20000,0,0,0,0,0,0
alloc,0,adaptive,rolling_4,cross_page_submit_subset,314,0,0,0,0,0,0
alloc,0,adaptive,outliers_4,price_query,20000,0,0,0,0,0,0
alloc,0,adaptive,outliers_4,near_range8,20000,0,0,0,0,0,0
alloc,0,adaptive,outliers_4,index_submit,20000,0,0,0,0,0,0
alloc,0,adaptive,outliers_4,index_ack,20000,0,0,0,0,0,0
alloc,0,adaptive,outliers_4,cross_page_submit_subset,314,0,0,0,0,0,0
alloc,0,adaptive,outliers_4,far_query,20000,0,0,0,0,0,0
alloc,0,adaptive,boundary_4,price_query,20000,0,0,0,0,0,0
alloc,0,adaptive,boundary_4,near_range8,20000,0,0,0,0,0,0
alloc,0,adaptive,boundary_4,index_submit,20000,0,0,0,0,1,256
alloc,0,adaptive,boundary_4,index_ack,20000,0,0,0,0,0,0
alloc,0,adaptive,boundary_4,cross_page_submit_subset,5000,0,0,0,0,0,0
alloc,0,adaptive,jump_4,price_query,20000,0,0,0,0,0,0
alloc,0,adaptive,jump_4,near_range8,20000,0,0,0,0,0,0
alloc,0,adaptive,jump_4,index_submit,20000,0,0,0,0,1,256
alloc,0,adaptive,jump_4,index_ack,20000,0,0,0,0,0,0
alloc,0,adaptive,jump_4,cross_page_submit_subset,3746,0,0,0,0,0,0
alloc,0,adaptive,jump_4,jump_submit_subset,2496,0,0,0,0,0,0
alloc,0,adaptive,rolling_32,price_query,20000,0,0,0,0,0,0
alloc,0,adaptive,rolling_32,near_range8,20000,0,0,0,0,0,0
alloc,0,adaptive,rolling_32,index_submit,20000,0,0,0,0,1,2048
alloc,0,adaptive,rolling_32,index_ack,20000,0,0,0,0,0,0
alloc,0,adaptive,rolling_32,cross_page_submit_subset,305,0,0,0,0,0,0
alloc,0,adaptive,outliers_32,price_query,20000,0,0,0,0,0,0
alloc,0,adaptive,outliers_32,near_range8,20000,0,0,0,0,0,0
alloc,0,adaptive,outliers_32,index_submit,20000,0,0,0,0,1,6144
alloc,0,adaptive,outliers_32,index_ack,20000,0,0,0,0,0,0
alloc,0,adaptive,outliers_32,cross_page_submit_subset,305,0,0,0,0,0,0
alloc,0,adaptive,outliers_32,far_query,20000,0,0,0,0,0,0
alloc,0,adaptive,boundary_32,price_query,20000,0,0,0,0,0,0
alloc,0,adaptive,boundary_32,near_range8,20000,0,0,0,0,0,0
alloc,0,adaptive,boundary_32,index_submit,20000,0,0,0,0,1,2048
alloc,0,adaptive,boundary_32,index_ack,20000,0,0,0,0,0,0
alloc,0,adaptive,boundary_32,cross_page_submit_subset,625,0,0,0,0,0,0
alloc,0,adaptive,jump_32,price_query,20000,0,0,0,0,0,0
alloc,0,adaptive,jump_32,near_range8,20000,0,0,0,0,0,0
alloc,0,adaptive,jump_32,index_submit,20000,0,0,0,0,1,2048
alloc,0,adaptive,jump_32,index_ack,20000,0,0,0,0,0,0
alloc,0,adaptive,jump_32,cross_page_submit_subset,2652,0,0,0,0,0,0
alloc,0,adaptive,jump_32,jump_submit_subset,2496,0,0,0,0,0,0
alloc,0,adaptive,rolling_128,price_query,20000,0,0,0,0,0,0
alloc,0,adaptive,rolling_128,near_range8,20000,0,0,0,0,0,0
alloc,0,adaptive,rolling_128,index_submit,20000,0,0,0,0,4,27136
alloc,0,adaptive,rolling_128,index_ack,20000,0,0,0,0,0,0
alloc,0,adaptive,rolling_128,cross_page_submit_subset,312,0,0,0,0,0,0
alloc,0,adaptive,outliers_128,price_query,20000,0,0,0,0,0,0
alloc,0,adaptive,outliers_128,near_range8,20000,0,0,0,0,0,0
alloc,0,adaptive,outliers_128,index_submit,20000,0,0,0,0,3,12416
alloc,0,adaptive,outliers_128,index_ack,20000,0,0,0,0,0,0
alloc,0,adaptive,outliers_128,cross_page_submit_subset,312,0,0,0,0,0,0
alloc,0,adaptive,outliers_128,far_query,20000,0,0,0,0,0,0
alloc,0,adaptive,boundary_128,price_query,20000,0,0,0,0,0,0
alloc,0,adaptive,boundary_128,near_range8,20000,0,0,0,0,0,0
alloc,0,adaptive,boundary_128,index_submit,20000,0,0,0,0,4,27136
alloc,0,adaptive,boundary_128,index_ack,20000,0,0,0,0,0,0
alloc,0,adaptive,boundary_128,cross_page_submit_subset,313,0,0,0,0,0,0
alloc,0,adaptive,jump_128,price_query,20000,0,0,0,0,0,0
alloc,0,adaptive,jump_128,near_range8,20000,0,0,0,0,0,0
alloc,0,adaptive,jump_128,index_submit,20000,0,0,0,0,5,33792
alloc,0,adaptive,jump_128,index_ack,20000,0,0,0,0,0,0
alloc,0,adaptive,jump_128,cross_page_submit_subset,2704,0,0,0,0,1,6656
alloc,0,adaptive,jump_128,jump_submit_subset,2432,0,0,0,0,1,6656
alloc,0,adaptive,4096books_4near_2far,price_query,20000,0,0,0,0,0,0
alloc,0,adaptive,new_book_growth,index_insert,20000,0,0,0,0,20977,13118748
alloc,0,adaptive,engine_cancel_rehang_4near,cancel_to_command,20000,0,0,0,0,12,3734832
alloc,0,adaptive,engine_cancel_rehang_4near,new_to_command,20000,0,0,0,0,331,6766256
alloc,0,adaptive,engine_cancel_rehang_4near,accepted_report,20000,0,0,0,0,0,0
alloc,0,adaptive,engine_cancel_rehang_4near,canceled_report,20000,0,0,0,0,0,0
alloc,0,adaptive,engine_rolling_4_2far,price_query,20000,0,0,0,0,0,0
alloc,0,adaptive,engine_rolling_4_2far,intent_to_command,20000,0,0,0,0,0,0
alloc,0,adaptive,engine_rolling_4_2far,intent_queued,20000,0,0,0,0,1,104
alloc,0,adaptive,engine_rolling_4_2far,replace_report,20000,0,0,0,0,0,0
alloc,0,adaptive,engine_rolling_4_2far,ready_to_command,20000,0,0,0,0,0,0
alloc,0,adaptive,engine_jump_4_2far,price_query,20000,0,0,0,0,0,0
alloc,0,adaptive,engine_jump_4_2far,intent_to_command,20000,0,0,0,0,0,0
alloc,0,adaptive,engine_jump_4_2far,intent_queued,20000,0,0,0,0,1,104
alloc,0,adaptive,engine_jump_4_2far,replace_report,20000,0,0,0,0,0,0
alloc,0,adaptive,engine_jump_4_2far,ready_to_command,20000,0,0,0,0,0,0
alloc,0,adaptive,engine_jump_4_2far,jump_intent_subset,2496,0,0,0,0,0,0
alloc,0,adaptive,engine_rolling_32_2far,price_query,20000,0,0,0,0,0,0
alloc,0,adaptive,engine_rolling_32_2far,intent_to_command,20000,0,0,0,0,0,0
alloc,0,adaptive,engine_rolling_32_2far,intent_queued,20000,0,0,0,0,1,104
alloc,0,adaptive,engine_rolling_32_2far,replace_report,20000,0,0,0,0,0,0
alloc,0,adaptive,engine_rolling_32_2far,ready_to_command,20000,0,0,0,0,0,0
alloc,0,adaptive,engine_jump_32_2far,price_query,20000,0,0,0,0,0,0
alloc,0,adaptive,engine_jump_32_2far,intent_to_command,20000,0,0,0,0,0,0
alloc,0,adaptive,engine_jump_32_2far,intent_queued,20000,0,0,0,0,1,104
alloc,0,adaptive,engine_jump_32_2far,replace_report,20000,0,0,0,0,0,0
alloc,0,adaptive,engine_jump_32_2far,ready_to_command,20000,0,0,0,0,0,0
alloc,0,adaptive,engine_jump_32_2far,jump_intent_subset,2496,0,0,0,0,0,0
memory,0,adaptive,1books_4near_0far,resident_index_bytes,1,0,0,0,0,8,20868
capacity,0,adaptive,1books_4near_0far,pages_and_blocks,1,0,0,0,0,0,0
memory,0,adaptive,1books_4near_2far,resident_index_bytes,1,0,0,0,0,9,20996
capacity,0,adaptive,1books_4near_2far,pages_and_blocks,1,0,0,0,0,0,0
memory,0,adaptive,1books_32near_0far,resident_index_bytes,1,0,0,0,0,11,21764
capacity,0,adaptive,1books_32near_0far,pages_and_blocks,1,0,0,0,0,0,0
memory,0,adaptive,1books_32near_2far,resident_index_bytes,1,0,0,0,0,12,22788
capacity,0,adaptive,1books_32near_2far,pages_and_blocks,1,0,0,0,0,0,0
memory,0,adaptive,1books_128near_0far,resident_index_bytes,1,0,0,0,0,15,37636
capacity,0,adaptive,1books_128near_0far,pages_and_blocks,1,0,0,0,0,0,0
memory,0,adaptive,1books_128near_2far,resident_index_bytes,1,0,0,0,0,18,54532
capacity,0,adaptive,1books_128near_2far,pages_and_blocks,1,0,0,0,0,0,0
memory,0,adaptive,128books_4near_0far,resident_index_bytes,1,0,0,0,0,158,150400
capacity,0,adaptive,128books_4near_0far,pages_and_blocks,1,0,0,0,0,0,0
memory,0,adaptive,128books_4near_2far,resident_index_bytes,1,0,0,0,0,296,218240
capacity,0,adaptive,128books_4near_2far,pages_and_blocks,1,0,0,0,0,0,0
memory,0,adaptive,128books_32near_0far,resident_index_bytes,1,0,0,0,0,660,983680
capacity,0,adaptive,128books_32near_0far,pages_and_blocks,1,0,0,0,0,0,0
memory,0,adaptive,128books_32near_2far,resident_index_bytes,1,0,0,0,0,798,1168000
capacity,0,adaptive,128books_32near_2far,pages_and_blocks,1,0,0,0,0,0,0
memory,0,adaptive,128books_128near_0far,resident_index_bytes,1,0,0,0,0,1304,3840640
capacity,0,adaptive,128books_128near_0far,pages_and_blocks,1,0,0,0,0,0,0
memory,0,adaptive,128books_128near_2far,resident_index_bytes,1,0,0,0,0,1442,4424320
capacity,0,adaptive,128books_128near_2far,pages_and_blocks,1,0,0,0,0,0,0
time,0,timer,baseline,timer,20000,19,20,27,23982,0,0
