pass,round,backend,scenario,metric,n,p50_ns,p99_ns,p999_ns,max_ns,allocations,frees
time,0,legacy,small,price_hit,20000,73,117,211,21227,0,0
time,0,legacy,small,price_miss,20000,62,109,210,193191,0,0
time,0,legacy,small,best,20000,60,100,195,25979,0,0
time,0,legacy,small,range_first8,20000,66,124,227,4584,0,0
time,0,legacy,small,index_update,20000,161,344,928,34230,0,0
time,0,legacy,crowded,price_hit,20000,60,101,146,4403,0,0
time,0,legacy,crowded,price_miss,20000,60,101,171,26019,0,0
time,0,legacy,crowded,best,20000,60,96,189,18713,0,0
time,0,legacy,crowded,range_first8,20000,62,111,241,60384,0,0
time,0,legacy,crowded,index_update,20000,221,462,1200,91045,0,0
time,0,legacy,many_prices,price_hit,20000,137,260,446,56222,0,0
time,0,legacy,many_prices,price_miss,20000,85,160,310,26987,0,0
time,0,legacy,many_prices,best,20000,69,123,255,24178,0,0
time,0,legacy,many_prices,range_first8,20000,102,237,438,25861,0,0
time,0,legacy,many_prices,index_update,20000,524,1158,17515,108601,0,0
time,0,legacy,many_books,price_hit,20000,83,138,252,36654,0,0
time,0,legacy,many_books,price_miss,20000,66,131,239,6037,0,0
time,0,legacy,many_books,best,20000,64,134,250,36807,0,0
time,0,legacy,many_books,range_first8,20000,73,208,336,23601,0,0
time,0,legacy,many_books,index_update,20000,180,418,1190,183612,0,0
time,0,legacy,churn,price_hit,20000,95,167,232,277785,0,0
time,0,legacy,churn,price_miss,20000,88,179,290,42507,0,0
time,0,legacy,churn,best,20000,66,145,262,16528,0,0
time,0,legacy,churn,range_first8,20000,93,214,396,31618,0,0
time,0,legacy,churn,index_update,20000,307,767,18741,88812,0,0
time,0,legacy,growth,index_update,20000,197,2361,5201,40831,0,0
time,0,standard,small,price_hit,20000,85,114,181,20424,0,0
time,0,standard,small,price_miss,20000,70,196,261,17998,0,0
time,0,standard,small,best,20000,64,155,232,3882,0,0
time,0,standard,small,range_first8,20000,84,188,458,38249,0,0
time,0,standard,small,handle_hit,20000,43,55,82,18804,0,0
time,0,standard,small,index_update,20000,55,158,358,21492,0,0
time,0,standard,crowded,price_hit,20000,78,97,134,18068,0,0
time,0,standard,crowded,price_miss,20000,70,218,521,24222,0,0
time,0,standard,crowded,best,20000,65,218,515,4822,0,0
time,0,standard,crowded,range_first8,20000,79,229,564,34841,0,0
time,0,standard,crowded,handle_hit,20000,35,38,63,16914,0,0
time,0,standard,crowded,index_update,20000,87,415,646,19745,0,0
time,0,standard,many_prices,price_hit,20000,170,361,689,35862,0,0
time,0,standard,many_prices,price_miss,20000,95,272,576,40720,0,0
time,0,standard,many_prices,best,20000,64,219,528,29843,0,0
time,0,standard,many_prices,range_first8,20000,140,330,628,43821,0,0
time,0,standard,many_prices,handle_hit,20000,83,133,223,27044,0,0
time,0,standard,many_prices,index_update,20000,100,477,716,53892,0,0
time,0,standard,many_books,price_hit,20000,108,195,397,19519,0,0
time,0,standard,many_books,price_miss,20000,75,170,399,60853,0,0
time,0,standard,many_books,best,20000,66,181,307,26624,0,0
time,0,standard,many_books,range_first8,20000,112,276,589,300311,0,0
time,0,standard,many_books,handle_hit,20000,48,78,184,36093,0,0
time,0,standard,many_books,index_update,20000,63,233,507,32250,0,0
time,0,standard,churn,price_hit,20000,110,176,285,40336,0,0
time,0,standard,churn,price_miss,20000,98,213,329,21746,0,0
time,0,standard,churn,best,20000,64,146,321,46545,0,0
time,0,standard,churn,range_first8,20000,131,270,493,21155,0,0
time,0,standard,churn,handle_hit,20000,64,102,148,35612,0,0
time,0,standard,churn,index_update,20000,302,662,1730,30133,0,0
time,0,standard,growth,index_update,20000,265,5254,9252,53490,0,0
time,0,standard,growth,block_growth_subset,313,5430,14126,16544,36683,0,0
time,0,standard,engine,intent_immediate,20000,1053,3212,21077,170549,0,0
time,0,standard,engine,intent_queued,20000,519,2549,10002,491432,0,0
time,0,standard,engine,ready_to_command,20000,905,2928,24820,96672,0,0
time,0,standard,engine,replace_report,20000,822,4221,24659,507107,0,0
time,0,standard,engine_growth,new_to_command,20000,1193,13200,36906,1709799,0,0
time,0,standard,burst64_period100000ns,fill_service,20000,654,2576,9874,76114,0,0
time,0,standard,burst64_period100000ns,scheduled_arrival_to_visible,20000,30445,295693,350843,369025,0,0
time,0,pooled,small,price_hit,20000,88,139,217,4643,0,0
time,0,pooled,small,price_miss,20000,86,207,284,4337,0,0
time,0,pooled,small,best,20000,64,150,262,27132,0,0
time,0,pooled,small,range_first8,20000,106,231,533,24287,0,0
time,0,pooled,small,handle_hit,20000,43,72,182,2030510,0,0
time,0,pooled,small,index_update,20000,55,180,452,106054,0,0
time,0,pooled,crowded,price_hit,20000,79,135,285,35948,0,0
time,0,pooled,crowded,price_miss,20000,73,225,521,32237,0,0
time,0,pooled,crowded,best,20000,64,223,540,63463,0,0
time,0,pooled,crowded,range_first8,20000,75,235,563,34076,0,0
time,0,pooled,crowded,handle_hit,20000,36,114,204,21363,0,0
time,0,pooled,crowded,index_update,20000,116,549,1079,34906,0,0
time,0,pooled,many_prices,price_hit,20000,253,696,1203,27272,0,0
time,0,pooled,many_prices,price_miss,20000,159,320,650,29983,0,0
time,0,pooled,many_prices,best,20000,64,226,537,23781,0,0
time,0,pooled,many_prices,range_first8,20000,206,391,751,54664,0,0
time,0,pooled,many_prices,handle_hit,20000,113,143,264,29975,0,0
time,0,pooled,many_prices,index_update,20000,153,585,921,30921,0,0
time,0,pooled,many_books,price_hit,20000,118,365,770,38169,0,0
time,0,pooled,many_books,price_miss,20000,103,260,513,99816,0,0
time,0,pooled,many_books,best,20000,64,168,320,22079,0,0
time,0,pooled,many_books,range_first8,20000,170,473,749,138292,0,0
time,0,pooled,many_books,handle_hit,20000,55,96,235,37460,0,0
time,0,pooled,many_books,index_update,20000,64,274,577,25540,0,0
time,0,pooled,churn,price_hit,20000,126,203,318,110569,0,0
time,0,pooled,churn,price_miss,20000,122,210,592,184996,0,0
time,0,pooled,churn,best,20000,64,171,288,31305,0,0
time,0,pooled,churn,range_first8,20000,177,332,621,62305,0,0
time,0,pooled,churn,handle_hit,20000,79,112,190,4893,0,0
time,0,pooled,churn,index_update,20000,838,1480,25421,721314,0,0
time,0,pooled,growth,index_update,20000,864,3993,23423,750233,0,0
time,0,pooled,growth,block_growth_subset,313,3942,6445,11269,105148,0,0
time,0,pooled,engine,intent_immediate,20000,1107,2296,30082,362071,0,0
time,0,pooled,engine,intent_queued,20000,560,1253,25064,171536,0,0
time,0,pooled,engine,ready_to_command,20000,950,1961,24228,1760251,0,0
time,0,pooled,engine,replace_report,20000,887,4206,27679,173752,0,0
time,0,pooled,engine_growth,new_to_command,20000,1625,17651,36822,1742221,0,0
time,0,pooled,burst64_period100000ns,fill_service,20000,657,2576,7724,57115,0,0
time,0,pooled,burst64_period100000ns,scheduled_arrival_to_visible,20000,29793,190957,239864,266249,0,0
time,0,adaptive,small,price_hit,20000,89,139,230,24453,0,0
time,0,adaptive,small,price_miss,20000,71,153,432,52822,0,0
time,0,adaptive,small,best,20000,63,132,242,21434,0,0
time,0,adaptive,small,range_first8,20000,84,214,373,21310,0,0
time,0,adaptive,small,handle_hit,20000,47,68,116,36481,0,0
time,0,adaptive,small,index_update,20000,54,190,451,35426,0,0
time,0,adaptive,crowded,price_hit,20000,80,133,256,20719,0,0
time,0,adaptive,crowded,price_miss,20000,70,218,519,38592,0,0
time,0,adaptive,crowded,best,20000,64,219,527,26375,0,0
time,0,adaptive,crowded,range_first8,20000,79,244,568,42718,0,0
time,0,adaptive,crowded,handle_hit,20000,38,87,224,5189,0,0
time,0,adaptive,crowded,index_update,20000,103,462,731,34810,0,0
time,0,adaptive,many_prices,price_hit,20000,170,440,820,37128,0,0
time,0,adaptive,many_prices,price_miss,20000,92,253,548,27651,0,0
time,0,adaptive,many_prices,best,20000,64,220,501,29224,0,0
time,0,adaptive,many_prices,range_first8,20000,143,364,685,50399,0,0
time,0,adaptive,many_prices,handle_hit,20000,84,141,262,6599,0,0
time,0,adaptive,many_prices,index_update,20000,104,448,708,132856,0,0
time,0,adaptive,many_books,price_hit,20000,105,162,308,29209,0,0
time,0,adaptive,many_books,price_miss,20000,74,162,284,5409,0,0
time,0,adaptive,many_books,best,20000,64,163,292,36016,0,0
time,0,adaptive,many_books,range_first8,20000,101,247,474,37236,0,0
time,0,adaptive,many_books,handle_hit,20000,51,74,191,24170,0,0
time,0,adaptive,many_books,index_update,20000,62,193,353,25471,0,0
time,0,adaptive,churn,price_hit,20000,108,158,260,102155,0,0
time,0,adaptive,churn,price_miss,20000,90,169,257,164882,0,0
time,0,adaptive,churn,best,20000,66,155,251,75417,0,0
time,0,adaptive,churn,range_first8,20000,116,236,403,171685,0,0
time,0,adaptive,churn,handle_hit,20000,59,76,131,234082,0,0
time,0,adaptive,churn,index_update,20000,207,371,754,31842,0,0
time,0,adaptive,growth,index_update,20000,328,1922,4887,42092,0,0
time,0,adaptive,growth,block_growth_subset,313,2015,5530,27842,42092,0,0
time,0,adaptive,engine,intent_immediate,20000,1062,2123,24846,313679,0,0
time,0,adaptive,engine,intent_queued,20000,555,1172,6099,678297,0,0
time,0,adaptive,engine,ready_to_command,20000,910,1843,25534,81926,0,0
time,0,adaptive,engine,replace_report,20000,846,4022,28415,1271954,0,0
time,0,adaptive,engine_growth,new_to_command,20000,1172,13174,35162,1679504,0,0
time,0,adaptive,burst64_period100000ns,fill_service,20000,659,2834,11177,582311,0,0
time,0,adaptive,burst64_period100000ns,scheduled_arrival_to_visible,20000,34301,1670616,1718054,1735061,0,0
time,1,adaptive,small,price_hit,20000,91,138,254,1636614,0,0
time,1,adaptive,small,price_miss,20000,73,154,260,4108,0,0
time,1,adaptive,small,best,20000,66,141,279,70329,0,0
time,1,adaptive,small,range_first8,20000,86,206,484,288471,0,0
time,1,adaptive,small,handle_hit,20000,46,66,123,22363,0,0
time,1,adaptive,small,index_update,20000,53,196,426,74067,0,0
time,1,adaptive,crowded,price_hit,20000,81,131,224,28509,0,0
time,1,adaptive,crowded,price_miss,20000,72,220,525,30143,0,0
time,1,adaptive,crowded,best,20000,66,212,541,35196,0,0
time,1,adaptive,crowded,range_first8,20000,81,223,566,18843,0,0
time,1,adaptive,crowded,handle_hit,20000,36,66,173,33547,0,0
time,1,adaptive,crowded,index_update,20000,93,491,781,35961,0,0
time,1,adaptive,many_prices,price_hit,20000,169,436,3014,44448,0,0
time,1,adaptive,many_prices,price_miss,20000,95,254,587,28195,0,0
time,1,adaptive,many_prices,best,20000,66,222,576,29335,0,0
time,1,adaptive,many_prices,range_first8,20000,144,332,2902,36430,0,0
time,1,adaptive,many_prices,handle_hit,20000,83,121,231,58231,0,0
time,1,adaptive,many_prices,index_update,20000,99,526,2821,22738,0,0
time,1,adaptive,many_books,price_hit,20000,106,290,773,51157,0,0
time,1,adaptive,many_books,price_miss,20000,75,238,577,421291,0,0
time,1,adaptive,many_books,best,20000,64,221,520,26783,0,0
time,1,adaptive,many_books,range_first8,20000,102,358,1032,835798,0,0
time,1,adaptive,many_books,handle_hit,20000,51,163,461,58622,0,0
time,1,adaptive,many_books,index_update,20000,64,325,733,61456,0,0
time,1,adaptive,churn,price_hit,20000,106,171,499,48890,0,0
time,1,adaptive,churn,price_miss,20000,88,223,512,44393,0,0
time,1,adaptive,churn,best,20000,64,177,397,592031,0,0
time,1,adaptive,churn,range_first8,20000,114,256,484,38946,0,0
time,1,adaptive,churn,handle_hit,20000,59,80,180,18205,0,0
time,1,adaptive,churn,index_update,20000,203,464,2227,474700,0,0
time,1,adaptive,growth,index_update,20000,348,2332,8619,63477,0,0
time,1,adaptive,growth,block_growth_subset,313,2391,5355,8447,31817,0,0
time,1,adaptive,engine,intent_immediate,20000,1118,2431,29496,930116,0,0
time,1,adaptive,engine,intent_queued,20000,610,1352,21008,144617,0,0
time,1,adaptive,engine,ready_to_command,20000,923,2004,25093,421272,0,0
time,1,adaptive,engine,replace_report,20000,958,4708,31444,256147,0,0
time,1,adaptive,engine_growth,new_to_command,20000,1655,17018,51114,2371618,0,0
time,1,adaptive,burst64_period100000ns,fill_service,20000,781,3495,28178,121306,0,0
time,1,adaptive,burst64_period100000ns,scheduled_arrival_to_visible,20000,37830,676315,706275,717200,0,0
time,1,pooled,small,price_hit,20000,92,158,309,21915,0,0
time,1,pooled,small,price_miss,20000,86,240,615,425129,0,0
time,1,pooled,small,best,20000,64,193,391,4152,0,0
time,1,pooled,small,range_first8,20000,106,263,1044,27513,0,0
time,1,pooled,small,handle_hit,20000,44,113,236,363015,0,0
time,1,pooled,small,index_update,20000,56,226,536,44188,0,0
time,1,pooled,crowded,price_hit,20000,79,121,220,35862,0,0
time,1,pooled,crowded,price_miss,20000,73,238,565,27795,0,0
time,1,pooled,crowded,best,20000,64,242,581,101634,0,0
time,1,pooled,crowded,range_first8,20000,75,248,557,35294,0,0
time,1,pooled,crowded,handle_hit,20000,36,59,178,935,0,0
time,1,pooled,crowded,index_update,20000,104,519,761,37817,0,0
time,1,pooled,many_prices,price_hit,20000,292,824,4752,225314,0,0
time,1,pooled,many_prices,price_miss,20000,170,378,1061,215955,0,0
time,1,pooled,many_prices,best,20000,66,266,613,102109,0,0
time,1,pooled,many_prices,range_first8,20000,213,470,1310,47468,0,0
time,1,pooled,many_prices,handle_hit,20000,116,198,472,25521,0,0
time,1,pooled,many_prices,index_update,20000,186,664,1026,144475,0,0
time,1,pooled,many_books,price_hit,20000,119,216,363,20655,0,0
time,1,pooled,many_books,price_miss,20000,103,243,485,28862,0,0
time,1,pooled,many_books,best,20000,64,158,257,28054,0,0
time,1,pooled,many_books,range_first8,20000,170,327,749,35175,0,0
time,1,pooled,many_books,handle_hit,20000,55,103,218,21275,0,0
time,1,pooled,many_books,index_update,20000,65,244,563,24892,0,0
time,1,pooled,churn,price_hit,20000,129,261,732,35863,0,0
time,1,pooled,churn,price_miss,20000,124,259,625,1148014,0,0
time,1,pooled,churn,best,20000,65,201,524,2605788,0,0
time,1,pooled,churn,range_first8,20000,180,356,2197,302725,0,0
time,1,pooled,churn,handle_hit,20000,80,122,269,122895,0,0
time,1,pooled,churn,index_update,20000,857,1674,28211,729129,0,0
time,1,pooled,growth,index_update,20000,872,4039,23529,66571,0,0
time,1,pooled,growth,block_growth_subset,313,4015,9070,26254,30744,0,0
time,1,pooled,engine,intent_immediate,20000,1128,2341,27777,2816589,0,0
time,1,pooled,engine,intent_queued,20000,585,1319,20388,2102211,0,0
time,1,pooled,engine,ready_to_command,20000,951,1998,26835,2689947,0,0
time,1,pooled,engine,replace_report,20000,938,4769,30814,1868622,0,0
time,1,pooled,engine_growth,new_to_command,20000,1650,18459,43102,2009824,0,0
time,1,pooled,burst64_period100000ns,fill_service,20000,642,3082,7370,525441,0,0
time,1,pooled,burst64_period100000ns,scheduled_arrival_to_visible,20000,30821,1324596,1397787,1420614,0,0
time,1,standard,small,price_hit,20000,87,145,262,26339,0,0
time,1,standard,small,price_miss,20000,72,167,369,166068,0,0
time,1,standard,small,best,20000,65,191,340,23226,0,0
time,1,standard,small,range_first8,20000,85,226,477,28980,0,0
time,1,standard,small,handle_hit,20000,43,68,169,29849,0,0
time,1,standard,small,index_update,20000,57,174,486,173836,0,0
time,1,standard,crowded,price_hit,20000,77,146,383,42671,0,0
time,1,standard,crowded,price_miss,20000,69,248,537,24556,0,0
time,1,standard,crowded,best,20000,64,213,545,169616,0,0
time,1,standard,crowded,range_first8,20000,78,281,598,560488,0,0
time,1,standard,crowded,handle_hit,20000,36,124,254,50556,0,0
time,1,standard,crowded,index_update,20000,169,635,1067,181504,0,0
time,1,standard,many_prices,price_hit,20000,188,647,1495,46520,0,0
time,1,standard,many_prices,price_miss,20000,95,309,661,159197,0,0
time,1,standard,many_prices,best,20000,64,229,580,154335,0,0
time,1,standard,many_prices,range_first8,20000,142,396,792,24987,0,0
time,1,standard,many_prices,handle_hit,20000,85,157,242,23182,0,0
time,1,standard,many_prices,index_update,20000,147,595,847,25874,0,0
time,1,standard,many_books,price_hit,20000,109,259,556,46494,0,0
time,1,standard,many_books,price_miss,20000,74,245,496,340573,0,0
time,1,standard,many_books,best,20000,65,214,480,102408,0,0
time,1,standard,many_books,range_first8,20000,113,346,1106,41604,0,0
time,1,standard,many_books,handle_hit,20000,48,164,413,24915,0,0
time,1,standard,many_books,index_update,20000,74,262,624,111109,0,0
time,1,standard,churn,price_hit,20000,118,192,320,21843,0,0
time,1,standard,churn,price_miss,20000,102,236,341,21743,0,0
time,1,standard,churn,best,20000,65,196,429,48032,0,0
time,1,standard,churn,range_first8,20000,133,294,511,88177,0,0
time,1,standard,churn,handle_hit,20000,70,116,174,12346,0,0
time,1,standard,churn,index_update,20000,312,736,4354,55144,0,0
time,1,standard,growth,index_update,20000,270,1945,3638,41441,0,0
time,1,standard,growth,block_growth_subset,313,2054,5396,27088,29101,0,0
time,1,standard,engine,intent_immediate,20000,1086,2365,24093,180465,0,0
time,1,standard,engine,intent_queued,20000,565,1270,24414,2953586,0,0
time,1,standard,engine,ready_to_command,20000,919,2077,25372,777767,0,0
time,1,standard,engine,replace_report,20000,911,4338,25910,414404,0,0
time,1,standard,engine_growth,new_to_command,20000,2000,19127,45943,2532820,0,0
time,1,standard,burst64_period100000ns,fill_service,20000,1050,3849,28246,81331,0,0
time,1,standard,burst64_period100000ns,scheduled_arrival_to_visible,20000,66392,1212447,1249914,1271892,0,0
time,1,legacy,small,price_hit,20000,94,140,325,104210,0,0
time,1,legacy,small,price_miss,20000,89,193,485,160820,0,0
time,1,legacy,small,best,20000,82,211,513,147065,0,0
time,1,legacy,small,range_first8,20000,100,258,625,36990,0,0
time,1,legacy,small,index_update,20000,278,502,2831,353765,0,0
time,1,legacy,crowded,price_hit,20000,110,125,205,27767,0,0
time,1,legacy,crowded,price_miss,20000,109,244,561,46273,0,0
time,1,legacy,crowded,best,20000,105,243,574,24816,0,0
time,1,legacy,crowded,range_first8,20000,119,245,576,27280,0,0
time,1,legacy,crowded,index_update,20000,344,703,5105,49267,0,0
time,1,legacy,many_prices,price_hit,20000,208,376,771,29718,0,0
time,1,legacy,many_prices,price_miss,20000,170,319,713,30593,0,0
time,1,legacy,many_prices,best,20000,109,252,591,37033,0,0
time,1,legacy,many_prices,range_first8,20000,215,381,1059,49447,0,0
time,1,legacy,many_prices,index_update,20000,806,1672,22400,66287,0,0
time,1,legacy,many_books,price_hit,20000,96,332,544,26880,0,0
time,1,legacy,many_books,price_miss,20000,72,279,556,74410,0,0
time,1,legacy,many_books,best,20000,70,270,533,18067,0,0
time,1,legacy,many_books,range_first8,20000,90,362,618,28929,0,0
time,1,legacy,many_books,index_update,20000,278,734,3250,586506,0,0
time,1,legacy,churn,price_hit,20000,95,146,235,404645,0,0
time,1,legacy,churn,price_miss,20000,87,159,272,41851,0,0
time,1,legacy,churn,best,20000,66,155,293,48086,0,0
time,1,legacy,churn,range_first8,20000,93,225,360,28355,0,0
time,1,legacy,churn,index_update,20000,305,675,1745,33084,0,0
time,1,legacy,growth,index_update,20000,189,653,1150,40641,0,0
time,2,legacy,small,price_hit,20000,72,100,135,25382,0,0
time,2,legacy,small,price_miss,20000,62,145,223,21392,0,0
time,2,legacy,small,best,20000,60,177,235,17434,0,0
time,2,legacy,small,range_first8,20000,66,190,425,232526,0,0
time,2,legacy,small,index_update,20000,176,321,646,58532,0,0
time,2,legacy,crowded,price_hit,20000,60,91,130,43904,0,0
time,2,legacy,crowded,price_miss,20000,60,207,425,119321,0,0
time,2,legacy,crowded,best,20000,60,205,484,26967,0,0
time,2,legacy,crowded,range_first8,20000,62,204,455,32491,0,0
time,2,legacy,crowded,index_update,20000,225,537,1534,61408,0,0
time,2,legacy,many_prices,price_hit,20000,189,370,683,55276,0,0
time,2,legacy,many_prices,price_miss,20000,125,300,647,35654,0,0
time,2,legacy,many_prices,best,20000,91,249,546,34239,0,0
time,2,legacy,many_prices,range_first8,20000,161,375,680,494224,0,0
time,2,legacy,many_prices,index_update,20000,730,1682,34039,226878,0,0
time,2,legacy,many_books,price_hit,20000,108,160,300,31570,0,0
time,2,legacy,many_books,price_miss,20000,92,260,552,36290,0,0
time,2,legacy,many_books,best,20000,85,252,579,35168,0,0
time,2,legacy,many_books,range_first8,20000,111,290,623,69210,0,0
time,2,legacy,many_books,index_update,20000,287,484,1562,38571,0,0
time,2,legacy,churn,price_hit,20000,95,129,191,27210,0,0
time,2,legacy,churn,price_miss,20000,87,171,271,4279,0,0
time,2,legacy,churn,best,20000,66,143,230,26755,0,0
time,2,legacy,churn,range_first8,20000,93,172,311,17431,0,0
time,2,legacy,churn,index_update,20000,302,617,1242,33283,0,0
time,2,legacy,growth,index_update,20000,193,701,1376,60841,0,0
time,2,standard,small,price_hit,20000,87,156,292,128632,0,0
time,2,standard,small,price_miss,20000,72,224,530,139302,0,0
time,2,standard,small,best,20000,65,209,474,25316,0,0
time,2,standard,small,range_first8,20000,85,249,511,46686,0,0
time,2,standard,small,handle_hit,20000,43,108,230,52644,0,0
time,2,standard,small,index_update,20000,55,207,452,186925,0,0
time,2,standard,crowded,price_hit,20000,77,136,248,45537,0,0
time,2,standard,crowded,price_miss,20000,69,246,528,26359,0,0
time,2,standard,crowded,best,20000,64,226,553,32057,0,0
time,2,standard,crowded,range_first8,20000,78,270,560,99388,0,0
time,2,standard,crowded,handle_hit,20000,34,169,276,4086,0,0
time,2,standard,crowded,index_update,20000,132,555,1053,41137,0,0
time,2,standard,many_prices,price_hit,20000,258,609,4619,38245,0,0
time,2,standard,many_prices,price_miss,20000,143,328,664,43077,0,0
time,2,standard,many_prices,best,20000,86,254,569,17246,0,0
time,2,standard,many_prices,range_first8,20000,219,430,771,131549,0,0
time,2,standard,many_prices,handle_hit,20000,114,197,551,33811,0,0
time,2,standard,many_prices,index_update,20000,214,668,1010,46140,0,0
time,2,standard,many_books,price_hit,20000,141,232,512,44447,0,0
time,2,standard,many_books,price_miss,20000,108,279,599,41455,0,0
time,2,standard,many_books,best,20000,88,256,557,33233,0,0
time,2,standard,many_books,range_first8,20000,173,368,818,33278,0,0
time,2,standard,many_books,handle_hit,20000,61,179,448,4874,0,0
time,2,standard,many_books,index_update,20000,118,302,640,41643,0,0
time,2,standard,churn,price_hit,20000,157,221,340,41397,0,0
time,2,standard,churn,price_miss,20000,140,307,603,47188,0,0
time,2,standard,churn,best,20000,91,252,537,42853,0,0
time,2,standard,churn,range_first8,20000,206,398,1134,33095,0,0
time,2,standard,churn,handle_hit,20000,89,174,489,43508,0,0
time,2,standard,churn,index_update,20000,451,921,5894,61222,0,0
time,2,standard,growth,index_update,20000,394,2268,6164,47111,0,0
time,2,standard,growth,block_growth_subset,313,2331,5391,31451,32835,0,0
time,2,standard,engine,intent_immediate,20000,1633,2832,35844,477013,0,0
time,2,standard,engine,intent_queued,20000,848,1492,28965,180105,0,0
time,2,standard,engine,ready_to_command,20000,1388,2496,35255,4245336,0,0
time,2,standard,engine,replace_report,20000,1339,5474,35320,145284,0,0
time,2,standard,engine_growth,new_to_command,20000,1171,12924,38681,3515424,0,0
time,2,standard,burst64_period100000ns,fill_service,20000,712,2726,22985,167813,0,0
time,2,standard,burst64_period100000ns,scheduled_arrival_to_visible,20000,32700,261361,316047,331730,0,0
time,2,pooled,small,price_hit,20000,131,177,545,59936,0,0
time,2,pooled,small,price_miss,20000,131,289,636,45845,0,0
time,2,pooled,small,best,20000,107,244,545,47036,0,0
time,2,pooled,small,range_first8,20000,177,332,652,67236,0,0
time,2,pooled,small,handle_hit,20000,58,210,459,5180,0,0
time,2,pooled,small,index_update,20000,98,297,664,51943,0,0
time,2,pooled,crowded,price_hit,20000,127,147,347,37214,0,0
time,2,pooled,crowded,price_miss,20000,123,297,642,28360,0,0
time,2,pooled,crowded,best,20000,108,270,634,88986,0,0
time,2,pooled,crowded,range_first8,20000,132,297,671,45183,0,0
time,2,pooled,crowded,handle_hit,20000,52,194,504,30577,0,0
time,2,pooled,crowded,index_update,20000,226,698,1028,34763,0,0
time,2,pooled,many_prices,price_hit,20000,308,925,4523,85276,0,0
time,2,pooled,many_prices,price_miss,20000,171,436,2400,335111,0,0
time,2,pooled,many_prices,best,20000,68,263,552,72500,0,0
time,2,pooled,many_prices,range_first8,20000,215,518,3531,60135,0,0
time,2,pooled,many_prices,handle_hit,20000,123,200,729,33137,0,0
time,2,pooled,many_prices,index_update,20000,210,702,1026,951146,0,0
time,2,pooled,many_books,price_hit,20000,170,448,802,61724,0,0
time,2,pooled,many_books,price_miss,20000,151,403,847,48209,0,0
time,2,pooled,many_books,best,20000,107,257,540,35857,0,0
time,2,pooled,many_books,range_first8,20000,254,650,6562,57740,0,0
time,2,pooled,many_books,handle_hit,20000,71,216,533,37232,0,0
time,2,pooled,many_books,index_update,20000,139,449,720,37951,0,0
time,2,pooled,churn,price_hit,20000,177,235,666,50252,0,0
time,2,pooled,churn,price_miss,20000,171,303,551,29374,0,0
time,2,pooled,churn,best,20000,108,212,429,40190,0,0
time,2,pooled,churn,range_first8,20000,263,421,1240,38227,0,0
time,2,pooled,churn,handle_hit,20000,98,182,417,36662,0,0
time,2,pooled,churn,index_update,20000,1363,1780,26684,94230,0,0
time,2,pooled,growth,index_update,20000,1335,5857,35306,105828,0,0
time,2,pooled,growth,block_growth_subset,313,5624,31682,41723,73294,0,0
time,2,pooled,engine,intent_immediate,20000,1779,4023,38586,587080,0,0
time,2,pooled,engine,intent_queued,20000,893,1782,33876,448840,0,0
time,2,pooled,engine,ready_to_command,20000,1524,3687,36994,304155,0,0
time,2,pooled,engine,replace_report,20000,1367,6244,38258,194909,0,0
time,2,pooled,engine_growth,new_to_command,20000,1606,18209,51214,2131781,0,0
time,2,pooled,burst64_period100000ns,fill_service,20000,686,2582,21205,96450,0,0
time,2,pooled,burst64_period100000ns,scheduled_arrival_to_visible,20000,32423,760717,890392,906157,0,0
time,2,adaptive,small,price_hit,20000,91,147,237,23010,0,0
time,2,adaptive,small,price_miss,20000,74,208,476,32545,0,0
time,2,adaptive,small,best,20000,66,198,338,21729,0,0
time,2,adaptive,small,range_first8,20000,86,225,422,28279,0,0
time,2,adaptive,small,handle_hit,20000,47,78,178,21323,0,0
time,2,adaptive,small,index_update,20000,54,191,496,34901,0,0
time,2,adaptive,crowded,price_hit,20000,83,123,189,18744,0,0
time,2,adaptive,crowded,price_miss,20000,72,218,538,31825,0,0
time,2,adaptive,crowded,best,20000,66,220,516,18938,0,0
time,2,adaptive,crowded,range_first8,20000,81,239,594,39676,0,0
time,2,adaptive,crowded,handle_hit,20000,38,61,177,46107,0,0
time,2,adaptive,crowded,index_update,20000,95,486,722,18464,0,0
time,2,adaptive,many_prices,price_hit,20000,163,337,659,34865,0,0
time,2,adaptive,many_prices,price_miss,20000,92,255,551,29524,0,0
time,2,adaptive,many_prices,best,20000,64,218,541,35179,0,0
time,2,adaptive,many_prices,range_first8,20000,142,339,669,51992,0,0
time,2,adaptive,many_prices,handle_hit,20000,83,132,239,41252,0,0
time,2,adaptive,many_prices,index_update,20000,97,401,643,23061,0,0
time,2,adaptive,many_books,price_hit,20000,106,232,895,33974,0,0
time,2,adaptive,many_books,price_miss,20000,74,205,321,32214,0,0
time,2,adaptive,many_books,best,20000,64,200,280,16914,0,0
time,2,adaptive,many_books,range_first8,20000,100,270,653,39249,0,0
time,2,adaptive,many_books,handle_hit,20000,52,80,210,110662,0,0
time,2,adaptive,many_books,index_update,20000,62,308,601,5007,0,0
time,2,adaptive,churn,price_hit,20000,105,148,279,534148,0,0
time,2,adaptive,churn,price_miss,20000,88,181,373,20252,0,0
time,2,adaptive,churn,best,20000,63,140,257,21339,0,0
time,2,adaptive,churn,range_first8,20000,113,201,320,32311,0,0
time,2,adaptive,churn,handle_hit,20000,59,73,109,4696,0,0
time,2,adaptive,churn,index_update,20000,201,343,1418,44218,0,0
time,2,adaptive,growth,index_update,20000,329,1979,4320,61794,0,0
time,2,adaptive,growth,block_growth_subset,313,2062,5239,43255,51288,0,0
time,2,adaptive,engine,intent_immediate,20000,1078,2218,25905,93819,0,0
time,2,adaptive,engine,intent_queued,20000,577,1266,22668,338079,0,0
time,2,adaptive,engine,ready_to_command,20000,912,1938,26682,424903,0,0
time,2,adaptive,engine,replace_report,20000,900,4238,25885,126302,0,0
time,2,adaptive,engine_growth,new_to_command,20000,1498,14753,53885,2293262,0,0
time,2,adaptive,burst64_period100000ns,fill_service,20000,1012,3545,11029,77599,0,0
time,2,adaptive,burst64_period100000ns,scheduled_arrival_to_visible,20000,62612,1070591,1106298,1117311,0,0
time,3,adaptive,small,price_hit,20000,126,327,519,41331,0,0
time,3,adaptive,small,price_miss,20000,110,362,649,48966,0,0
time,3,adaptive,small,best,20000,90,324,618,64911,0,0
time,3,adaptive,small,range_first8,20000,137,420,736,85324,0,0
time,3,adaptive,small,handle_hit,20000,61,208,487,1391,0,0
time,3,adaptive,small,index_update,20000,98,326,651,46060,0,0
time,3,adaptive,crowded,price_hit,20000,83,176,322,897245,0,0
time,3,adaptive,crowded,price_miss,20000,73,257,585,36707,0,0
time,3,adaptive,crowded,best,20000,66,240,555,39722,0,0
time,3,adaptive,crowded,range_first8,20000,81,285,636,379967,0,0
time,3,adaptive,crowded,handle_hit,20000,38,162,290,24114,0,0
time,3,adaptive,crowded,index_update,20000,215,705,1124,1872195,0,0
time,3,adaptive,many_prices,price_hit,20000,172,448,3876,162471,0,0
time,3,adaptive,many_prices,price_miss,20000,92,267,599,751261,0,0
time,3,adaptive,many_prices,best,20000,64,226,522,34701,0,0
time,3,adaptive,many_prices,range_first8,20000,143,423,16205,216570,0,0
time,3,adaptive,many_prices,handle_hit,20000,84,154,365,67905,0,0
time,3,adaptive,many_prices,index_update,20000,104,474,793,280446,0,0
time,3,adaptive,many_books,price_hit,20000,107,230,407,152754,0,0
time,3,adaptive,many_books,price_miss,20000,74,189,290,36550,0,0
time,3,adaptive,many_books,best,20000,64,161,377,59226,0,0
time,3,adaptive,many_books,range_first8,20000,101,253,523,47429,0,0
time,3,adaptive,many_books,handle_hit,20000,52,80,192,213686,0,0
time,3,adaptive,many_books,index_update,20000,62,210,475,112862,0,0
time,3,adaptive,churn,price_hit,20000,108,195,622,48626,0,0
time,3,adaptive,churn,price_miss,20000,90,226,542,54921,0,0
time,3,adaptive,churn,best,20000,65,211,505,141259,0,0
time,3,adaptive,churn,range_first8,20000,116,328,797,385283,0,0
time,3,adaptive,churn,handle_hit,20000,59,162,365,38109,0,0
time,3,adaptive,churn,index_update,20000,205,492,1435,23557,0,0
time,3,adaptive,growth,index_update,20000,326,2119,5636,59499,0,0
time,3,adaptive,growth,block_growth_subset,313,2226,29640,39401,59499,0,0
time,3,adaptive,engine,intent_immediate,20000,1070,1867,21220,60885,0,0
time,3,adaptive,engine,intent_queued,20000,558,1133,5559,171725,0,0
time,3,adaptive,engine,ready_to_command,20000,911,1618,21595,205481,0,0
time,3,adaptive,engine,replace_report,20000,894,4382,19063,43647,0,0
time,3,adaptive,engine_growth,new_to_command,20000,1240,14163,45552,1884842,0,0
time,3,adaptive,burst64_period100000ns,fill_service,20000,1047,2973,37951,1855817,0,0
time,3,adaptive,burst64_period100000ns,scheduled_arrival_to_visible,20000,1839844,2947914,2983027,2996147,0,0
time,3,pooled,small,price_hit,20000,146,187,430,36971,0,0
time,3,pooled,small,price_miss,20000,134,277,619,56650,0,0
time,3,pooled,small,best,20000,103,235,527,12843,0,0
time,3,pooled,small,range_first8,20000,188,324,671,80977,0,0
time,3,pooled,small,handle_hit,20000,64,181,438,27457,0,0
time,3,pooled,small,index_update,20000,114,256,539,35738,0,0
time,3,pooled,crowded,price_hit,20000,80,158,779,267351,0,0
time,3,pooled,crowded,price_miss,20000,74,273,612,27683,0,0
time,3,pooled,crowded,best,20000,65,251,568,725104,0,0
time,3,pooled,crowded,range_first8,20000,76,280,646,30561,0,0
time,3,pooled,crowded,handle_hit,20000,37,175,405,30270,0,0
time,3,pooled,crowded,index_update,20000,162,590,1010,1581450,0,0
time,3,pooled,many_prices,price_hit,20000,248,636,1251,39621,0,0
time,3,pooled,many_prices,price_miss,20000,162,343,802,30334,0,0
time,3,pooled,many_prices,best,20000,64,225,561,39352,0,0
time,3,pooled,many_prices,range_first8,20000,209,404,1112,44526,0,0
time,3,pooled,many_prices,handle_hit,20000,115,157,360,45811,0,0
time,3,pooled,many_prices,index_update,20000,133,541,988,55922,0,0
time,3,pooled,many_books,price_hit,20000,120,295,575,38273,0,0
time,3,pooled,many_books,price_miss,20000,103,276,574,83406,0,0
time,3,pooled,many_books,best,20000,64,223,523,19139,0,0
time,3,pooled,many_books,range_first8,20000,172,422,902,30215,0,0
time,3,pooled,many_books,handle_hit,20000,55,149,301,18793,0,0
time,3,pooled,many_books,index_update,20000,66,252,532,28695,0,0
time,3,pooled,churn,price_hit,20000,127,203,341,38416,0,0
time,3,pooled,churn,price_miss,20000,123,245,513,60858,0,0
time,3,pooled,churn,best,20000,65,181,307,37364,0,0
time,3,pooled,churn,range_first8,20000,178,330,655,39341,0,0
time,3,pooled,churn,handle_hit,20000,78,111,204,18331,0,0
time,3,pooled,churn,index_update,20000,840,1471,18586,433568,0,0
time,3,pooled,growth,index_update,20000,904,3863,21915,69560,0,0
time,3,pooled,growth,block_growth_subset,313,3850,8900,38296,48336,0,0
time,3,pooled,engine,intent_immediate,20000,1641,2885,37578,395039,0,0
time,3,pooled,engine,intent_queued,20000,795,1454,29372,168199,0,0
time,3,pooled,engine,ready_to_command,20000,1437,2579,29001,837870,0,0
time,3,pooled,engine,replace_report,20000,1203,5118,34319,116638,0,0
time,3,pooled,engine_growth,new_to_command,20000,2340,22265,43604,2247869,0,0
time,3,pooled,burst64_period100000ns,fill_service,20000,993,3555,34967,64158,0,0
time,3,pooled,burst64_period100000ns,scheduled_arrival_to_visible,20000,56166,875370,915626,930177,0,0
time,3,standard,small,price_hit,20000,100,167,289,37261,0,0
time,3,standard,small,price_miss,20000,86,273,630,22353,0,0
time,3,standard,small,best,20000,75,257,517,45266,0,0
time,3,standard,small,range_first8,20000,114,324,661,47964,0,0
time,3,standard,small,handle_hit,20000,45,144,461,44061,0,0
time,3,standard,small,index_update,20000,71,250,587,33003,0,0
time,3,standard,crowded,price_hit,20000,77,128,204,20462,0,0
time,3,standard,crowded,price_miss,20000,69,226,526,30745,0,0
time,3,standard,crowded,best,20000,64,219,541,36249,0,0
time,3,standard,crowded,range_first8,20000,78,241,533,52596,0,0
time,3,standard,crowded,handle_hit,20000,34,56,187,20292,0,0
time,3,standard,crowded,index_update,20000,97,478,688,25448,0,0
time,3,standard,many_prices,price_hit,20000,168,359,637,28486,0,0
time,3,standard,many_prices,price_miss,20000,96,257,534,21759,0,0
time,3,standard,many_prices,best,20000,65,224,537,5166,0,0
time,3,standard,many_prices,range_first8,20000,141,321,677,55240,0,0
time,3,standard,many_prices,handle_hit,20000,83,118,190,21434,0,0
time,3,standard,many_prices,index_update,20000,100,424,653,34694,0,0
time,3,standard,many_books,price_hit,20000,107,154,281,85335,0,0
time,3,standard,many_books,price_miss,20000,73,129,246,22603,0,0
time,3,standard,many_books,best,20000,64,105,228,17247,0,0
time,3,standard,many_books,range_first8,20000,110,226,375,29760,0,0
time,3,standard,many_books,handle_hit,20000,48,66,109,15458,0,0
time,3,standard,many_books,index_update,20000,62,171,376,35176,0,0
time,3,standard,churn,price_hit,20000,113,164,277,38605,0,0
time,3,standard,churn,price_miss,20000,100,180,310,47981,0,0
time,3,standard,churn,best,20000,65,113,228,29196,0,0
time,3,standard,churn,range_first8,20000,132,249,455,19237,0,0
time,3,standard,churn,handle_hit,20000,65,97,122,17828,0,0
time,3,standard,churn,index_update,20000,300,640,1152,139229,0,0
time,3,standard,growth,index_update,20000,263,1822,3228,42278,0,0
time,3,standard,growth,block_growth_subset,313,1910,3171,4226,4616,0,0
time,3,standard,engine,intent_immediate,20000,1044,2003,21950,44438,0,0
time,3,standard,engine,intent_queued,20000,516,1121,1694,39289,0,0
time,3,standard,engine,ready_to_command,20000,910,1658,20044,81411,0,0
time,3,standard,engine,replace_report,20000,782,4001,25380,118879,0,0
time,3,standard,engine_growth,new_to_command,20000,1103,12289,30681,1641721,0,0
time,3,standard,burst64_period100000ns,fill_service,20000,607,2328,4044,36167,0,0
time,3,standard,burst64_period100000ns,scheduled_arrival_to_visible,20000,27131,96254,132520,148337,0,0
time,3,legacy,small,price_hit,20000,72,89,97,25989,0,0
time,3,legacy,small,price_miss,20000,62,81,207,59034,0,0
time,3,legacy,small,best,20000,60,77,182,3865,0,0
time,3,legacy,small,range_first8,20000,66,169,228,18328,0,0
time,3,legacy,small,index_update,20000,160,259,570,24722,0,0
time,3,legacy,crowded,price_hit,20000,60,75,90,54194,0,0
time,3,legacy,crowded,price_miss,20000,60,146,299,18471,0,0
time,3,legacy,crowded,best,20000,60,152,219,17533,0,0
time,3,legacy,crowded,range_first8,20000,62,178,358,28618,0,0
time,3,legacy,crowded,index_update,20000,219,420,696,18288,0,0
time,3,legacy,many_prices,price_hit,20000,133,273,517,613025,0,0
time,3,legacy,many_prices,price_miss,20000,87,240,528,48800,0,0
time,3,legacy,many_prices,best,20000,69,220,522,40692,0,0
time,3,legacy,many_prices,range_first8,20000,103,259,576,24653,0,0
time,3,legacy,many_prices,index_update,20000,527,1161,6127,200563,0,0
time,3,legacy,many_books,price_hit,20000,83,167,641,56207,0,0
time,3,legacy,many_books,price_miss,20000,65,186,300,197335,0,0
time,3,legacy,many_books,best,20000,64,200,484,187391,0,0
time,3,legacy,many_books,range_first8,20000,73,207,433,36242,0,0
time,3,legacy,many_books,index_update,20000,178,439,1382,267049,0,0
time,3,legacy,churn,price_hit,20000,96,159,235,35597,0,0
time,3,legacy,churn,price_miss,20000,89,183,428,33665,0,0
time,3,legacy,churn,best,20000,66,146,240,22178,0,0
time,3,legacy,churn,range_first8,20000,94,218,421,144269,0,0
time,3,legacy,churn,index_update,20000,315,736,1690,78616,0,0
time,3,legacy,growth,index_update,20000,190,743,7370,154905,0,0
time,4,legacy,small,price_hit,20000,73,116,219,30137,0,0
time,4,legacy,small,price_miss,20000,63,200,328,28256,0,0
time,4,legacy,small,best,20000,60,165,236,27723,0,0
time,4,legacy,small,range_first8,20000,66,178,339,35738,0,0
time,4,legacy,small,index_update,20000,162,367,875,63170,0,0
time,4,legacy,crowded,price_hit,20000,60,105,170,55876,0,0
time,4,legacy,crowded,price_miss,20000,60,182,362,49499,0,0
time,4,legacy,crowded,best,20000,60,202,513,28419,0,0
time,4,legacy,crowded,range_first8,20000,62,208,504,45371,0,0
time,4,legacy,crowded,index_update,20000,222,562,1408,461400,0,0
time,4,legacy,many_prices,price_hit,20000,134,234,485,54749,0,0
time,4,legacy,many_prices,price_miss,20000,85,240,548,23507,0,0
time,4,legacy,many_prices,best,20000,69,220,472,26102,0,0
time,4,legacy,many_prices,range_first8,20000,103,288,600,53049,0,0
time,4,legacy,many_prices,index_update,20000,529,1144,5406,42680,0,0
time,4,legacy,many_books,price_hit,20000,83,124,230,30180,0,0
time,4,legacy,many_books,price_miss,20000,65,184,260,90549,0,0
time,4,legacy,many_books,best,20000,64,181,270,88757,0,0
time,4,legacy,many_books,range_first8,20000,73,140,232,29630,0,0
time,4,legacy,many_books,index_update,20000,179,332,697,418519,0,0
time,4,legacy,churn,price_hit,20000,96,147,184,28398,0,0
time,4,legacy,churn,price_miss,20000,88,182,293,23327,0,0
time,4,legacy,churn,best,20000,66,140,232,33151,0,0
time,4,legacy,churn,range_first8,20000,93,188,314,19191,0,0
time,4,legacy,churn,index_update,20000,307,668,1709,42875,0,0
time,4,legacy,growth,index_update,20000,190,645,1254,172231,0,0
time,4,standard,small,price_hit,20000,85,145,202,36706,0,0
time,4,standard,small,price_miss,20000,70,195,288,24578,0,0
time,4,standard,small,best,20000,64,197,415,24632,0,0
time,4,standard,small,range_first8,20000,84,221,342,45549,0,0
time,4,standard,small,handle_hit,20000,42,71,166,24681,0,0
time,4,standard,small,index_update,20000,55,192,427,18222,0,0
time,4,standard,crowded,price_hit,20000,77,109,238,23645,0,0
time,4,standard,crowded,price_miss,20000,69,218,531,26162,0,0
time,4,standard,crowded,best,20000,64,225,531,54076,0,0
time,4,standard,crowded,range_first8,20000,78,240,538,23467,0,0
time,4,standard,crowded,handle_hit,20000,34,47,118,695,0,0
time,4,standard,crowded,index_update,20000,95,490,681,31292,0,0
time,4,standard,many_prices,price_hit,20000,164,318,608,21468,0,0
time,4,standard,many_prices,price_miss,20000,95,255,570,30277,0,0
time,4,standard,many_prices,best,20000,64,217,541,26313,0,0
time,4,standard,many_prices,range_first8,20000,140,348,668,36529,0,0
time,4,standard,many_prices,handle_hit,20000,83,133,195,21918,0,0
time,4,standard,many_prices,index_update,20000,94,389,646,27204,0,0
time,4,standard,many_books,price_hit,20000,107,154,314,32151,0,0
time,4,standard,many_books,price_miss,20000,73,120,227,19227,0,0
time,4,standard,many_books,best,20000,64,97,215,48389,0,0
time,4,standard,many_books,range_first8,20000,111,198,411,104432,0,0
time,4,standard,many_books,handle_hit,20000,48,65,94,35131,0,0
time,4,standard,many_books,index_update,20000,62,141,250,19206,0,0
time,4,standard,churn,price_hit,20000,114,190,316,156765,0,0
time,4,standard,churn,price_miss,20000,100,211,319,22060,0,0
time,4,standard,churn,best,20000,64,182,272,27811,0,0
time,4,standard,churn,range_first8,20000,132,283,1067,18625,0,0
time,4,standard,churn,handle_hit,20000,66,110,214,29699,0,0
time,4,standard,churn,index_update,20000,309,717,1701,151351,0,0
time,4,standard,growth,index_update,20000,267,1747,2870,39556,0,0
time,4,standard,growth,block_growth_subset,313,1823,3553,5547,27618,0,0
time,4,standard,engine,intent_immediate,20000,1051,2081,24034,195173,0,0
time,4,standard,engine,intent_queued,20000,525,1108,5339,105418,0,0
time,4,standard,engine,ready_to_command,20000,913,1802,23516,103925,0,0
time,4,standard,engine,replace_report,20000,801,4062,23197,166154,0,0
time,4,standard,engine_growth,new_to_command,20000,1149,13229,32987,1648730,0,0
time,4,standard,burst64_period100000ns,fill_service,20000,621,2438,4609,34356,0,0
time,4,standard,burst64_period100000ns,scheduled_arrival_to_visible,20000,26627,116688,145079,159013,0,0
time,4,pooled,small,price_hit,20000,109,180,700,28145,0,0
time,4,pooled,small,price_miss,20000,104,232,985,34097,0,0
time,4,pooled,small,best,20000,76,206,515,21528,0,0
time,4,pooled,small,range_first8,20000,134,306,1040,30724,0,0
time,4,pooled,small,handle_hit,20000,52,175,434,35634,0,0
time,4,pooled,small,index_update,20000,78,232,616,22247,0,0
time,4,pooled,crowded,price_hit,20000,79,125,222,34997,0,0
time,4,pooled,crowded,price_miss,20000,73,244,563,17784,0,0
time,4,pooled,crowded,best,20000,64,228,555,37423,0,0
time,4,pooled,crowded,range_first8,20000,75,244,550,18964,0,0
time,4,pooled,crowded,handle_hit,20000,36,60,197,35005,0,0
time,4,pooled,crowded,index_update,20000,94,432,660,35028,0,0
time,4,pooled,many_prices,price_hit,20000,225,510,1061,38191,0,0
time,4,pooled,many_prices,price_miss,20000,162,332,674,40778,0,0
time,4,pooled,many_prices,best,20000,64,220,523,24331,0,0
time,4,pooled,many_prices,range_first8,20000,207,402,1201,31444,0,0
time,4,pooled,many_prices,handle_hit,20000,114,151,239,19425,0,0
time,4,pooled,many_prices,index_update,20000,97,449,658,27053,0,0
time,4,pooled,many_books,price_hit,20000,118,174,319,37227,0,0
time,4,pooled,many_books,price_miss,20000,102,168,321,31553,0,0
time,4,pooled,many_books,best,20000,64,108,212,23642,0,0
time,4,pooled,many_books,range_first8,20000,169,287,467,22244,0,0
time,4,pooled,many_books,handle_hit,20000,54,74,111,23691,0,0
time,4,pooled,many_books,index_update,20000,64,182,296,27330,0,0
time,4,pooled,churn,price_hit,20000,127,201,297,27430,0,0
time,4,pooled,churn,price_miss,20000,122,208,318,29694,0,0
time,4,pooled,churn,best,20000,64,147,221,29055,0,0
time,4,pooled,churn,range_first8,20000,177,330,1081,34605,0,0
time,4,pooled,churn,handle_hit,20000,78,110,174,37549,0,0
time,4,pooled,churn,index_update,20000,837,1482,7264,34288,0,0
time,4,pooled,growth,index_update,20000,889,3989,20708,42767,0,0
time,4,pooled,growth,block_growth_subset,313,3977,7711,8608,32375,0,0
time,4,pooled,engine,intent_immediate,20000,1085,2051,23340,54939,0,0
time,4,pooled,engine,intent_queued,20000,541,1099,5414,33419,0,0
time,4,pooled,engine,ready_to_command,20000,947,1794,22287,58956,0,0
time,4,pooled,engine,replace_report,20000,808,4128,21704,48554,0,0
time,4,pooled,engine_growth,new_to_command,20000,1603,17466,34683,1616255,0,0
time,4,pooled,burst64_period100000ns,fill_service,20000,650,2510,21831,148538,0,0
time,4,pooled,burst64_period100000ns,scheduled_arrival_to_visible,20000,27775,174814,217235,229910,0,0
time,4,adaptive,small,price_hit,20000,89,143,221,24957,0,0
time,4,adaptive,small,price_miss,20000,72,155,267,30122,0,0
time,4,adaptive,small,best,20000,64,132,236,23752,0,0
time,4,adaptive,small,range_first8,20000,84,208,380,33386,0,0
time,4,adaptive,small,handle_hit,20000,47,70,162,27723,0,0
time,4,adaptive,small,index_update,20000,53,187,302,22873,0,0
time,4,adaptive,crowded,price_hit,20000,80,135,203,23326,0,0
time,4,adaptive,crowded,price_miss,20000,70,248,572,22745,0,0
time,4,adaptive,crowded,best,20000,64,239,584,32474,0,0
time,4,adaptive,crowded,range_first8,20000,79,259,598,23087,0,0
time,4,adaptive,crowded,handle_hit,20000,38,108,186,29017,0,0
time,4,adaptive,crowded,index_update,20000,94,425,656,24011,0,0
time,4,adaptive,many_prices,price_hit,20000,168,441,713,23363,0,0
time,4,adaptive,many_prices,price_miss,20000,93,369,630,51698,0,0
time,4,adaptive,many_prices,best,20000,64,235,570,32409,0,0
time,4,adaptive,many_prices,range_first8,20000,144,471,1027,42139,0,0
time,4,adaptive,many_prices,handle_hit,20000,85,175,285,33526,0,0
time,4,adaptive,many_prices,index_update,20000,105,515,734,26144,0,0
time,4,adaptive,many_books,price_hit,20000,106,176,440,31607,0,0
time,4,adaptive,many_books,price_miss,20000,74,152,229,21797,0,0
time,4,adaptive,many_books,best,20000,64,144,230,35332,0,0
time,4,adaptive,many_books,range_first8,20000,101,240,432,23709,0,0
time,4,adaptive,many_books,handle_hit,20000,51,74,183,25645,0,0
time,4,adaptive,many_books,index_update,20000,61,215,412,36758,0,0
time,4,adaptive,churn,price_hit,20000,108,260,672,1820447,0,0
time,4,adaptive,churn,price_miss,20000,90,230,483,3353325,0,0
time,4,adaptive,churn,best,20000,65,203,441,130723,0,0
time,4,adaptive,churn,range_first8,20000,116,304,850,39563,0,0
time,4,adaptive,churn,handle_hit,20000,60,161,309,64223,0,0
time,4,adaptive,churn,index_update,20000,208,600,2169,50809,0,0
time,4,adaptive,growth,index_update,20000,324,2015,5603,122514,0,0
time,4,adaptive,growth,block_growth_subset,313,2061,6984,39397,42881,0,0
time,4,adaptive,engine,intent_immediate,20000,1067,2182,25927,111458,0,0
time,4,adaptive,engine,intent_queued,20000,558,1216,20007,41044,0,0
time,4,adaptive,engine,ready_to_command,20000,911,1990,26678,320320,0,0
time,4,adaptive,engine,replace_report,20000,849,4241,26239,151512,0,0
time,4,adaptive,engine_growth,new_to_command,20000,1150,13203,40909,1657440,0,0
time,4,adaptive,burst64_period100000ns,fill_service,20000,653,2663,5570,183546,0,0
time,4,adaptive,burst64_period100000ns,scheduled_arrival_to_visible,20000,30841,295677,342215,377250,0,0
time,5,adaptive,small,price_hit,20000,91,166,303,59038,0,0
time,5,adaptive,small,price_miss,20000,74,171,300,31064,0,0
time,5,adaptive,small,best,20000,66,152,262,54004,0,0
time,5,adaptive,small,range_first8,20000,86,216,434,49217,0,0
time,5,adaptive,small,handle_hit,20000,47,93,207,45505,0,0
time,5,adaptive,small,index_update,20000,54,202,374,32704,0,0
time,5,adaptive,crowded,price_hit,20000,82,140,307,84942,0,0
time,5,adaptive,crowded,price_miss,20000,73,250,600,23009,0,0
time,5,adaptive,crowded,best,20000,66,237,574,49190,0,0
time,5,adaptive,crowded,range_first8,20000,81,259,575,365779,0,0
time,5,adaptive,crowded,handle_hit,20000,38,149,246,24387,0,0
time,5,adaptive,crowded,index_update,20000,110,507,759,152503,0,0
time,5,adaptive,many_prices,price_hit,20000,258,660,1303,85865,0,0
time,5,adaptive,many_prices,price_miss,20000,193,353,682,45859,0,0
time,5,adaptive,many_prices,best,20000,114,273,616,24305,0,0
time,5,adaptive,many_prices,range_first8,20000,297,508,1199,43125,0,0
time,5,adaptive,many_prices,handle_hit,20000,123,205,546,37950,0,0
time,5,adaptive,many_prices,index_update,20000,199,648,1199,47987,0,0
time,5,adaptive,many_books,price_hit,20000,165,198,326,26246,0,0
time,5,adaptive,many_books,price_miss,20000,141,258,634,59017,0,0
time,5,adaptive,many_books,best,20000,113,213,437,56196,0,0
time,5,adaptive,many_books,range_first8,20000,200,333,654,39066,0,0
time,5,adaptive,many_books,handle_hit,20000,72,173,351,4586,0,0
time,5,adaptive,many_books,index_update,20000,121,263,550,25387,0,0
time,5,adaptive,churn,price_hit,20000,111,211,421,197154,0,0
time,5,adaptive,churn,price_miss,20000,92,222,468,36069,0,0
time,5,adaptive,churn,best,20000,66,187,280,61805,0,0
time,5,adaptive,churn,range_first8,20000,118,264,544,49403,0,0
time,5,adaptive,churn,handle_hit,20000,60,100,193,26535,0,0
time,5,adaptive,churn,index_update,20000,223,501,1256,241571,0,0
time,5,adaptive,growth,index_update,20000,324,1995,6957,63196,0,0
time,5,adaptive,growth,block_growth_subset,313,2061,4264,42358,43532,0,0
time,5,adaptive,engine,intent_immediate,20000,1058,2164,23854,51719,0,0
time,5,adaptive,engine,intent_queued,20000,549,1153,20858,48658,0,0
time,5,adaptive,engine,ready_to_command,20000,909,1920,21584,101021,0,0
time,5,adaptive,engine,replace_report,20000,811,4456,23140,119094,0,0
time,5,adaptive,engine_growth,new_to_command,20000,1208,13568,34278,1706859,0,0
time,5,adaptive,burst64_period100000ns,fill_service,20000,660,3566,19372,60786,0,0
time,5,adaptive,burst64_period100000ns,scheduled_arrival_to_visible,20000,31694,748138,782850,799572,0,0
time,5,pooled,small,price_hit,20000,90,144,196,28122,0,0
time,5,pooled,small,price_miss,20000,86,161,333,33363,0,0
time,5,pooled,small,best,20000,64,139,252,30113,0,0
time,5,pooled,small,range_first8,20000,106,245,522,24139,0,0
time,5,pooled,small,handle_hit,20000,43,77,197,13908,0,0
time,5,pooled,small,index_update,20000,56,204,320,22413,0,0
time,5,pooled,crowded,price_hit,20000,79,140,263,40605,0,0
time,5,pooled,crowded,price_miss,20000,73,253,600,39439,0,0
time,5,pooled,crowded,best,20000,64,242,563,24255,0,0
time,5,pooled,crowded,range_first8,20000,75,270,617,43170,0,0
time,5,pooled,crowded,handle_hit,20000,36,154,278,1020,0,0
time,5,pooled,crowded,index_update,20000,108,465,669,49705,0,0
time,5,pooled,many_prices,price_hit,20000,268,773,1392,37905,0,0
time,5,pooled,many_prices,price_miss,20000,161,356,697,51040,0,0
time,5,pooled,many_prices,best,20000,64,240,539,37672,0,0
time,5,pooled,many_prices,range_first8,20000,208,438,1151,71801,0,0
time,5,pooled,many_prices,handle_hit,20000,117,169,332,45459,0,0
time,5,pooled,many_prices,index_update,20000,171,616,1138,35436,0,0
time,5,pooled,many_books,price_hit,20000,118,169,265,29844,0,0
time,5,pooled,many_books,price_miss,20000,103,191,286,25191,0,0
time,5,pooled,many_books,best,20000,64,148,289,26609,0,0
time,5,pooled,many_books,range_first8,20000,174,291,535,53189,0,0
time,5,pooled,many_books,handle_hit,20000,54,74,136,17896,0,0
time,5,pooled,many_books,index_update,20000,64,205,477,34447,0,0
time,5,pooled,churn,price_hit,20000,130,201,324,323980,0,0
time,5,pooled,churn,price_miss,20000,125,226,442,35762,0,0
time,5,pooled,churn,best,20000,66,159,274,48399,0,0
time,5,pooled,churn,range_first8,20000,179,327,562,58556,0,0
time,5,pooled,churn,handle_hit,20000,79,110,207,42567,0,0
time,5,pooled,churn,index_update,20000,846,1454,18255,63214,0,0
time,5,pooled,growth,index_update,20000,874,4059,20200,41136,0,0
time,5,pooled,growth,block_growth_subset,313,4077,6500,10654,31802,0,0
time,5,pooled,engine,intent_immediate,20000,1118,2571,28213,109427,0,0
time,5,pooled,engine,intent_queued,20000,578,1337,21487,40877,0,0
time,5,pooled,engine,ready_to_command,20000,956,2375,28656,145616,0,0
time,5,pooled,engine,replace_report,20000,907,4295,19879,300297,0,0
time,5,pooled,engine_growth,new_to_command,20000,1630,18243,42613,1778547,0,0
time,5,pooled,burst64_period100000ns,fill_service,20000,668,2878,20675,94708,0,0
time,5,pooled,burst64_period100000ns,scheduled_arrival_to_visible,20000,31475,242806,290860,306576,0,0
time,5,standard,small,price_hit,20000,88,141,251,16690,0,0
time,5,standard,small,price_miss,20000,72,185,286,29182,0,0
time,5,standard,small,best,20000,66,150,259,217154,0,0
time,5,standard,small,range_first8,20000,86,217,441,19947,0,0
time,5,standard,small,handle_hit,20000,43,66,179,110849,0,0
time,5,standard,small,index_update,20000,55,195,404,18550,0,0
time,5,standard,crowded,price_hit,20000,77,132,224,21145,0,0
time,5,standard,crowded,price_miss,20000,69,250,575,27482,0,0
time,5,standard,crowded,best,20000,64,238,595,268370,0,0
time,5,standard,crowded,range_first8,20000,78,258,560,79806,0,0
time,5,standard,crowded,handle_hit,20000,34,106,240,195605,0,0
time,5,standard,crowded,index_update,20000,101,481,696,43931,0,0
time,5,standard,many_prices,price_hit,20000,168,367,720,24627,0,0
time,5,standard,many_prices,price_miss,20000,96,268,599,68421,0,0
time,5,standard,many_prices,best,20000,65,229,543,24681,0,0
time,5,standard,many_prices,range_first8,20000,141,330,626,38243,0,0
time,5,standard,many_prices,handle_hit,20000,84,121,215,38957,0,0
time,5,standard,many_prices,index_update,20000,97,454,682,34498,0,0
time,5,standard,many_books,price_hit,20000,106,130,232,33614,0,0
time,5,standard,many_books,price_miss,20000,73,98,216,24816,0,0
time,5,standard,many_books,best,20000,64,84,195,462,0,0
time,5,standard,many_books,range_first8,20000,111,180,290,33081,0,0
time,5,standard,many_books,handle_hit,20000,47,60,75,21131,0,0
time,5,standard,many_books,index_update,20000,62,147,247,34447,0,0
time,5,standard,churn,price_hit,20000,117,211,438,40573,0,0
time,5,standard,churn,price_miss,20000,102,232,443,58774,0,0
time,5,standard,churn,best,20000,65,185,297,38347,0,0
time,5,standard,churn,range_first8,20000,135,313,893,79674,0,0
time,5,standard,churn,handle_hit,20000,67,142,250,22783,0,0
time,5,standard,churn,index_update,20000,326,831,5343,43371,0,0
time,5,standard,growth,index_update,20000,262,2032,3625,57131,0,0
time,5,standard,growth,block_growth_subset,313,2114,4635,17571,57131,0,0
time,5,standard,engine,intent_immediate,20000,1220,2474,27788,146051,0,0
time,5,standard,engine,intent_queued,20000,677,1328,24586,432124,0,0
time,5,standard,engine,ready_to_command,20000,1032,2160,26730,50610,0,0
time,5,standard,engine,replace_report,20000,1084,4441,32271,382321,0,0
time,5,standard,engine_growth,new_to_command,20000,1116,12860,28802,1687039,0,0
time,5,standard,burst64_period100000ns,fill_service,20000,639,2513,5606,44153,0,0
time,5,standard,burst64_period100000ns,scheduled_arrival_to_visible,20000,28851,183473,229268,239594,0,0
time,5,legacy,small,price_hit,20000,72,106,145,974,0,0
time,5,legacy,small,price_miss,20000,62,123,206,16638,0,0
time,5,legacy,small,best,20000,60,105,209,25051,0,0
time,5,legacy,small,range_first8,20000,66,170,272,43112,0,0
time,5,legacy,small,index_update,20000,161,322,640,21308,0,0
time,5,legacy,crowded,price_hit,20000,60,83,115,17516,0,0
time,5,legacy,crowded,price_miss,20000,60,200,334,4161,0,0
time,5,legacy,crowded,best,20000,60,198,388,30799,0,0
time,5,legacy,crowded,range_first8,20000,62,200,366,24446,0,0
time,5,legacy,crowded,index_update,20000,219,449,767,29152,0,0
time,5,legacy,many_prices,price_hit,20000,132,205,375,31156,0,0
time,5,legacy,many_prices,price_miss,20000,86,241,536,20438,0,0
time,5,legacy,many_prices,best,20000,69,225,536,24857,0,0
time,5,legacy,many_prices,range_first8,20000,102,259,539,21812,0,0
time,5,legacy,many_prices,index_update,20000,520,1092,5744,61454,0,0
time,5,legacy,many_books,price_hit,20000,113,266,555,50814,0,0
time,5,legacy,many_books,price_miss,20000,87,258,574,55832,0,0
time,5,legacy,many_books,best,20000,88,269,592,25589,0,0
time,5,legacy,many_books,range_first8,20000,118,317,619,38141,0,0
time,5,legacy,many_books,index_update,20000,293,587,1651,66723,0,0
time,5,legacy,churn,price_hit,20000,124,268,499,68622,0,0
time,5,legacy,churn,price_miss,20000,110,247,452,32675,0,0
time,5,legacy,churn,best,20000,83,213,463,1026,0,0
time,5,legacy,churn,range_first8,20000,130,308,602,59253,0,0
time,5,legacy,churn,index_update,20000,435,1053,5279,170865,0,0
time,5,legacy,growth,index_update,20000,193,676,1230,45016,0,0
time,6,legacy,small,price_hit,20000,72,91,124,17158,0,0
time,6,legacy,small,price_miss,20000,62,130,210,18105,0,0
time,6,legacy,small,best,20000,60,122,216,18982,0,0
time,6,legacy,small,range_first8,20000,66,134,228,33258,0,0
time,6,legacy,small,index_update,20000,169,298,576,49313,0,0
time,6,legacy,crowded,price_hit,20000,60,75,89,31794,0,0
time,6,legacy,crowded,price_miss,20000,60,185,340,28663,0,0
time,6,legacy,crowded,best,20000,60,177,251,4184,0,0
time,6,legacy,crowded,range_first8,20000,62,179,340,32048,0,0
time,6,legacy,crowded,index_update,20000,221,421,710,18954,0,0
time,6,legacy,many_prices,price_hit,20000,132,219,452,33546,0,0
time,6,legacy,many_prices,price_miss,20000,85,242,549,63011,0,0
time,6,legacy,many_prices,best,20000,69,227,543,68854,0,0
time,6,legacy,many_prices,range_first8,20000,102,264,581,33109,0,0
time,6,legacy,many_prices,index_update,20000,520,1096,5875,55859,0,0
time,6,legacy,many_books,price_hit,20000,82,103,117,30054,0,0
time,6,legacy,many_books,price_miss,20000,65,144,215,4392,0,0
time,6,legacy,many_books,best,20000,64,141,250,18625,0,0
time,6,legacy,many_books,range_first8,20000,73,93,214,19526,0,0
time,6,legacy,many_books,index_update,20000,177,280,568,18593,0,0
time,6,legacy,churn,price_hit,20000,95,125,154,27246,0,0
time,6,legacy,churn,price_miss,20000,87,117,232,19623,0,0
time,6,legacy,churn,best,20000,66,84,204,417,0,0
time,6,legacy,churn,range_first8,20000,93,124,255,17559,0,0
time,6,legacy,churn,index_update,20000,301,587,949,42339,0,0
time,6,legacy,growth,index_update,20000,189,687,1248,46874,0,0
time,6,standard,small,price_hit,20000,87,113,154,17169,0,0
time,6,standard,small,price_miss,20000,71,142,227,46355,0,0
time,6,standard,small,best,20000,65,137,216,584,0,0
time,6,standard,small,range_first8,20000,85,163,271,17831,0,0
time,6,standard,small,handle_hit,20000,42,52,71,18283,0,0
time,6,standard,small,index_update,20000,55,167,361,32198,0,0
time,6,standard,crowded,price_hit,20000,77,97,130,18493,0,0
time,6,standard,crowded,price_miss,20000,69,238,570,22178,0,0
time,6,standard,crowded,best,20000,64,233,554,9044,0,0
time,6,standard,crowded,range_first8,20000,78,246,577,19126,0,0
time,6,standard,crowded,handle_hit,20000,36,44,75,20088,0,0
time,6,standard,crowded,index_update,20000,94,476,676,50331,0,0
time,6,standard,many_prices,price_hit,20000,177,580,1190,50411,0,0
time,6,standard,many_prices,price_miss,20000,96,258,567,28875,0,0
time,6,standard,many_prices,best,20000,64,218,513,27612,0,0
time,6,standard,many_prices,range_first8,20000,140,358,674,232730,0,0
time,6,standard,many_prices,handle_hit,20000,84,139,209,54439,0,0
time,6,standard,many_prices,index_update,20000,111,521,855,39260,0,0
time,6,standard,many_books,price_hit,20000,108,498,1314,889703,0,0
time,6,standard,many_books,price_miss,20000,73,212,483,44976,0,0
time,6,standard,many_books,best,20000,64,206,356,23757,0,0
time,6,standard,many_books,range_first8,20000,110,382,888,342894,0,0
time,6,standard,many_books,handle_hit,20000,47,107,228,1164559,0,0
time,6,standard,many_books,index_update,20000,64,397,800,145688,0,0
time,6,standard,churn,price_hit,20000,112,197,539,56553,0,0
time,6,standard,churn,price_miss,20000,98,201,533,52909,0,0
time,6,standard,churn,best,20000,64,152,260,22714,0,0
time,6,standard,churn,range_first8,20000,131,272,514,1418961,0,0
time,6,standard,churn,handle_hit,20000,64,104,179,21939,0,0
time,6,standard,churn,index_update,20000,305,740,1917,42357,0,0
time,6,standard,growth,index_update,20000,469,2366,7281,96688,0,0
time,6,standard,growth,block_growth_subset,313,2441,8042,30075,90273,0,0
time,6,standard,engine,intent_immediate,20000,1348,3971,29408,140403,0,0
time,6,standard,engine,intent_queued,20000,733,1645,26485,248553,0,0
time,6,standard,engine,ready_to_command,20000,1111,3523,29714,387438,0,0
time,6,standard,engine,replace_report,20000,1097,5745,28581,123411,0,0
time,6,standard,engine_growth,new_to_command,20000,1726,16905,43669,2409690,0,0
time,6,standard,burst64_period100000ns,fill_service,20000,647,2550,23321,67675,0,0
time,6,standard,burst64_period100000ns,scheduled_arrival_to_visible,20000,27959,197024,248090,264142,0,0
time,6,pooled,small,price_hit,20000,88,119,182,30231,0,0
time,6,pooled,small,price_miss,20000,86,158,264,27154,0,0
time,6,pooled,small,best,20000,64,97,220,31008,0,0
time,6,pooled,small,range_first8,20000,106,220,449,17943,0,0
time,6,pooled,small,handle_hit,20000,43,61,92,16906,0,0
time,6,pooled,small,index_update,20000,55,149,283,3761,0,0
time,6,pooled,crowded,price_hit,20000,79,124,186,20862,0,0
time,6,pooled,crowded,price_miss,20000,73,221,522,5212,0,0
time,6,pooled,crowded,best,20000,64,224,519,126660,0,0
time,6,pooled,crowded,range_first8,20000,75,237,543,30359,0,0
time,6,pooled,crowded,handle_hit,20000,36,55,179,38106,0,0
time,6,pooled,crowded,index_update,20000,93,464,699,30522,0,0
time,6,pooled,many_prices,price_hit,20000,225,482,898,26784,0,0
time,6,pooled,many_prices,price_miss,20000,162,315,639,42645,0,0
time,6,pooled,many_prices,best,20000,64,220,549,100936,0,0
time,6,pooled,many_prices,range_first8,20000,209,395,874,62626,0,0
time,6,pooled,many_prices,handle_hit,20000,116,148,277,93832,0,0
time,6,pooled,many_prices,index_update,20000,96,450,696,109515,0,0
time,6,pooled,many_books,price_hit,20000,118,182,324,27858,0,0
time,6,pooled,many_books,price_miss,20000,102,169,285,57565,0,0
time,6,pooled,many_books,best,20000,64,122,242,21883,0,0
time,6,pooled,many_books,range_first8,20000,172,290,519,30189,0,0
time,6,pooled,many_books,handle_hit,20000,55,80,118,25563,0,0
time,6,pooled,many_books,index_update,20000,64,161,263,23442,0,0
time,6,pooled,churn,price_hit,20000,134,194,289,22279,0,0
time,6,pooled,churn,price_miss,20000,127,193,316,25318,0,0
time,6,pooled,churn,best,20000,71,154,250,21307,0,0
time,6,pooled,churn,range_first8,20000,179,300,502,416056,0,0
time,6,pooled,churn,handle_hit,20000,86,111,142,983768,0,0
time,6,pooled,churn,index_update,20000,844,1379,18647,195290,0,0
time,6,pooled,growth,index_update,20000,1284,4548,30635,68271,0,0
time,6,pooled,growth,block_growth_subset,313,4462,7769,10045,37263,0,0
time,6,pooled,engine,intent_immediate,20000,1070,2160,20309,57397,0,0
time,6,pooled,engine,intent_queued,20000,528,1137,4306,74855,0,0
time,6,pooled,engine,ready_to_command,20000,946,1891,21707,73921,0,0
time,6,pooled,engine,replace_report,20000,783,5308,21247,62081,0,0
time,6,pooled,engine_growth,new_to_command,20000,1534,16563,32880,1549462,0,0
time,6,pooled,burst64_period100000ns,fill_service,20000,665,2506,18955,223061,0,0
time,6,pooled,burst64_period100000ns,scheduled_arrival_to_visible,20000,31870,205516,265692,293620,0,0
time,6,adaptive,small,price_hit,20000,90,195,229,23260,0,0
time,6,adaptive,small,price_miss,20000,72,213,366,16981,0,0
time,6,adaptive,small,best,20000,64,205,324,18868,0,0
time,6,adaptive,small,range_first8,20000,84,303,510,30515,0,0
time,6,adaptive,small,handle_hit,20000,47,113,248,3633,0,0
time,6,adaptive,small,index_update,20000,54,215,429,4890,0,0
time,6,adaptive,crowded,price_hit,20000,81,125,245,46116,0,0
time,6,adaptive,crowded,price_miss,20000,70,219,492,29833,0,0
time,6,adaptive,crowded,best,20000,64,214,513,18554,0,0
time,6,adaptive,crowded,range_first8,20000,79,234,546,24118,0,0
time,6,adaptive,crowded,handle_hit,20000,38,62,169,3950,0,0
time,6,adaptive,crowded,index_update,20000,90,430,678,30222,0,0
time,6,adaptive,many_prices,price_hit,20000,160,343,640,35544,0,0
time,6,adaptive,many_prices,price_miss,20000,92,252,565,31810,0,0
time,6,adaptive,many_prices,best,20000,64,216,512,108949,0,0
time,6,adaptive,many_prices,range_first8,20000,142,346,594,22944,0,0
time,6,adaptive,many_prices,handle_hit,20000,82,129,214,18908,0,0
time,6,adaptive,many_prices,index_update,20000,95,416,661,29700,0,0
time,6,adaptive,many_books,price_hit,20000,105,150,335,31699,0,0
time,6,adaptive,many_books,price_miss,20000,74,122,225,24397,0,0
time,6,adaptive,many_books,best,20000,64,99,216,18520,0,0
time,6,adaptive,many_books,range_first8,20000,100,190,319,16939,0,0
time,6,adaptive,many_books,handle_hit,20000,51,68,113,22288,0,0
time,6,adaptive,many_books,index_update,20000,61,147,286,19741,0,0
time,6,adaptive,churn,price_hit,20000,105,137,202,32087,0,0
time,6,adaptive,churn,price_miss,20000,88,120,209,15621,0,0
time,6,adaptive,churn,best,20000,64,87,198,3902,0,0
time,6,adaptive,churn,range_first8,20000,114,174,261,35659,0,0
time,6,adaptive,churn,handle_hit,20000,59,71,89,25243,0,0
time,6,adaptive,churn,index_update,20000,200,296,536,20458,0,0
time,6,adaptive,growth,index_update,20000,323,1773,3393,36884,0,0
time,6,adaptive,growth,block_growth_subset,313,1867,4506,30542,30564,0,0
time,6,adaptive,engine,intent_immediate,20000,1021,1629,19709,52994,0,0
time,6,adaptive,engine,intent_queued,20000,509,975,5363,48297,0,0
time,6,adaptive,engine,ready_to_command,20000,905,1468,19096,35414,0,0
time,6,adaptive,engine,replace_report,20000,745,3467,10286,33366,0,0
time,6,adaptive,engine_growth,new_to_command,20000,1027,11737,30453,1559476,0,0
time,6,adaptive,burst64_period100000ns,fill_service,20000,630,2307,3885,36564,0,0
time,6,adaptive,burst64_period100000ns,scheduled_arrival_to_visible,20000,26762,150340,242118,258402,0,0
time,7,adaptive,small,price_hit,20000,89,137,236,21240,0,0
time,7,adaptive,small,price_miss,20000,71,154,284,22306,0,0
time,7,adaptive,small,best,20000,64,111,250,17249,0,0
time,7,adaptive,small,range_first8,20000,84,212,311,28195,0,0
time,7,adaptive,small,handle_hit,20000,47,67,151,5254,0,0
time,7,adaptive,small,index_update,20000,53,169,348,45171,0,0
time,7,adaptive,crowded,price_hit,20000,80,100,129,32586,0,0
time,7,adaptive,crowded,price_miss,20000,70,218,523,30014,0,0
time,7,adaptive,crowded,best,20000,64,220,541,21873,0,0
time,7,adaptive,crowded,range_first8,20000,79,236,567,20230,0,0
time,7,adaptive,crowded,handle_hit,20000,38,40,83,186,0,0
time,7,adaptive,crowded,index_update,20000,84,402,610,18068,0,0
time,7,adaptive,many_prices,price_hit,20000,158,322,638,32005,0,0
time,7,adaptive,many_prices,price_miss,20000,93,248,567,52458,0,0
time,7,adaptive,many_prices,best,20000,64,215,538,24941,0,0
time,7,adaptive,many_prices,range_first8,20000,142,305,610,19498,0,0
time,7,adaptive,many_prices,handle_hit,20000,82,119,180,21333,0,0
time,7,adaptive,many_prices,index_update,20000,90,320,579,25545,0,0
time,7,adaptive,many_books,price_hit,20000,105,137,195,29790,0,0
time,7,adaptive,many_books,price_miss,20000,74,109,217,21505,0,0
time,7,adaptive,many_books,best,20000,64,85,205,18948,0,0
time,7,adaptive,many_books,range_first8,20000,100,172,287,44997,0,0
time,7,adaptive,many_books,handle_hit,20000,51,63,88,23368,0,0
time,7,adaptive,many_books,index_update,20000,61,111,214,70861,0,0
time,7,adaptive,churn,price_hit,20000,105,159,256,33185,0,0
time,7,adaptive,churn,price_miss,20000,88,143,245,27836,0,0
time,7,adaptive,churn,best,20000,64,110,230,40625,0,0
time,7,adaptive,churn,range_first8,20000,114,204,340,29813,0,0
time,7,adaptive,churn,handle_hit,20000,59,77,107,26974,0,0
time,7,adaptive,churn,index_update,20000,201,354,746,42550,0,0
time,7,adaptive,growth,index_update,20000,323,1824,4650,39594,0,0
time,7,adaptive,growth,block_growth_subset,313,1899,3793,6133,36105,0,0
time,7,adaptive,engine,intent_immediate,20000,1072,2197,36617,1174422,0,0
time,7,adaptive,engine,intent_queued,20000,554,1228,5601,34944,0,0
time,7,adaptive,engine,ready_to_command,20000,917,1910,26455,196895,0,0
time,7,adaptive,engine,replace_report,20000,873,4027,23612,281723,0,0
time,7,adaptive,engine_growth,new_to_command,20000,1194,13508,36819,3197371,0,0
time,7,adaptive,burst64_period100000ns,fill_service,20000,791,3578,31086,70143,0,0
time,7,adaptive,burst64_period100000ns,scheduled_arrival_to_visible,20000,44761,949895,1010331,1027343,0,0
time,7,pooled,small,price_hit,20000,117,165,376,36179,0,0
time,7,pooled,small,price_miss,20000,113,278,575,535973,0,0
time,7,pooled,small,best,20000,85,255,532,66003,0,0
time,7,pooled,small,range_first8,20000,143,346,676,39546,0,0
time,7,pooled,small,handle_hit,20000,56,219,477,7822,0,0
time,7,pooled,small,index_update,20000,92,319,659,36752,0,0
time,7,pooled,crowded,price_hit,20000,127,149,301,36936,0,0
time,7,pooled,crowded,price_miss,20000,123,295,654,28560,0,0
time,7,pooled,crowded,best,20000,108,274,599,60895,0,0
time,7,pooled,crowded,range_first8,20000,132,295,631,25368,0,0
time,7,pooled,crowded,handle_hit,20000,51,197,508,6528,0,0
time,7,pooled,crowded,index_update,20000,170,607,980,40556,0,0
time,7,pooled,many_prices,price_hit,20000,304,828,3744,79878,0,0
time,7,pooled,many_prices,price_miss,20000,215,561,904,73753,0,0
time,7,pooled,many_prices,best,20000,108,270,621,100680,0,0
time,7,pooled,many_prices,range_first8,20000,294,752,1632,94431,0,0
time,7,pooled,many_prices,handle_hit,20000,138,312,597,36503,0,0
time,7,pooled,many_prices,index_update,20000,171,623,930,51100,0,0
time,7,pooled,many_books,price_hit,20000,118,197,348,5013,0,0
time,7,pooled,many_books,price_miss,20000,102,200,365,34536,0,0
time,7,pooled,many_books,best,20000,64,152,254,22479,0,0
time,7,pooled,many_books,range_first8,20000,172,318,681,34564,0,0
time,7,pooled,many_books,handle_hit,20000,56,86,184,32951,0,0
time,7,pooled,many_books,index_update,20000,64,216,446,28146,0,0
time,7,pooled,churn,price_hit,20000,130,225,644,24737,0,0
time,7,pooled,churn,price_miss,20000,125,262,1047,36557,0,0
time,7,pooled,churn,best,20000,66,192,386,22919,0,0
time,7,pooled,churn,range_first8,20000,181,381,1160,73350,0,0
time,7,pooled,churn,handle_hit,20000,79,132,237,36571,0,0
time,7,pooled,churn,index_update,20000,855,1683,23641,1198676,0,0
time,7,pooled,growth,index_update,20000,880,4079,22195,729158,0,0
time,7,pooled,growth,block_growth_subset,313,4039,6641,9848,23391,0,0
time,7,pooled,engine,intent_immediate,20000,1103,2317,26665,554051,0,0
time,7,pooled,engine,intent_queued,20000,556,1198,5355,59079,0,0
time,7,pooled,engine,ready_to_command,20000,950,1952,25884,1313145,0,0
time,7,pooled,engine,replace_report,20000,871,4172,24067,895395,0,0
time,7,pooled,engine_growth,new_to_command,20000,1643,18077,36810,1766690,0,0
time,7,pooled,burst64_period100000ns,fill_service,20000,661,2740,6207,44330,0,0
time,7,pooled,burst64_period100000ns,scheduled_arrival_to_visible,20000,31147,244190,284813,302775,0,0
time,7,standard,small,price_hit,20000,87,132,181,17526,0,0
time,7,standard,small,price_miss,20000,72,141,234,32562,0,0
time,7,standard,small,best,20000,66,111,209,27763,0,0
time,7,standard,small,range_first8,20000,86,213,370,21514,0,0
time,7,standard,small,handle_hit,20000,42,61,118,30052,0,0
time,7,standard,small,index_update,20000,55,192,302,4397,0,0
time,7,standard,crowded,price_hit,20000,78,120,207,15063,0,0
time,7,standard,crowded,price_miss,20000,70,248,552,24126,0,0
time,7,standard,crowded,best,20000,65,237,559,102248,0,0
time,7,standard,crowded,range_first8,20000,79,260,599,22472,0,0
time,7,standard,crowded,handle_hit,20000,34,53,181,22465,0,0
time,7,standard,crowded,index_update,20000,104,494,783,47295,0,0
time,7,standard,many_prices,price_hit,20000,172,356,735,34657,0,0
time,7,standard,many_prices,price_miss,20000,96,269,576,24385,0,0
time,7,standard,many_prices,best,20000,65,225,552,34484,0,0
time,7,standard,many_prices,range_first8,20000,141,324,648,24896,0,0
time,7,standard,many_prices,handle_hit,20000,83,127,207,54553,0,0
time,7,standard,many_prices,index_update,20000,101,378,629,34319,0,0
time,7,standard,many_books,price_hit,20000,106,302,700,30176,0,0
time,7,standard,many_books,price_miss,20000,73,168,275,350972,0,0
time,7,standard,many_books,best,20000,64,155,257,42699,0,0
time,7,standard,many_books,range_first8,20000,110,306,694,50377,0,0
time,7,standard,many_books,handle_hit,20000,49,88,193,76190,0,0
time,7,standard,many_books,index_update,20000,62,287,571,27099,0,0
time,7,standard,churn,price_hit,20000,113,209,402,74331,0,0
time,7,standard,churn,price_miss,20000,99,200,319,18055,0,0
time,7,standard,churn,best,20000,65,155,254,22891,0,0
time,7,standard,churn,range_first8,20000,133,289,1116,1370682,0,0
time,7,standard,churn,handle_hit,20000,64,110,167,31345,0,0
time,7,standard,churn,index_update,20000,307,768,4335,2294529,0,0
time,7,standard,growth,index_update,20000,262,1957,3668,39345,0,0
time,7,standard,growth,block_growth_subset,313,2039,3476,5804,24749,0,0
time,7,standard,engine,intent_immediate,20000,1068,2032,25109,1357486,0,0
time,7,standard,engine,intent_queued,20000,541,1121,5403,364233,0,0
time,7,standard,engine,ready_to_command,20000,909,1789,21909,126172,0,0
time,7,standard,engine,replace_report,20000,835,4020,29205,833314,0,0
time,7,standard,engine_growth,new_to_command,20000,1831,18981,53191,2419991,0,0
time,7,standard,burst64_period100000ns,fill_service,20000,654,2668,22776,41818,0,0
time,7,standard,burst64_period100000ns,scheduled_arrival_to_visible,20000,27753,234739,269710,284867,0,0
time,7,legacy,small,price_hit,20000,72,94,138,21009,0,0
time,7,legacy,small,price_miss,20000,62,97,207,60290,0,0
time,7,legacy,small,best,20000,60,87,199,28680,0,0
time,7,legacy,small,range_first8,20000,66,145,214,3148,0,0
time,7,legacy,small,index_update,20000,160,305,592,27607,0,0
time,7,legacy,crowded,price_hit,20000,60,97,134,34177,0,0
time,7,legacy,crowded,price_miss,20000,60,201,434,32098,0,0
time,7,legacy,crowded,best,20000,60,206,470,31913,0,0
time,7,legacy,crowded,range_first8,20000,62,203,406,25077,0,0
time,7,legacy,crowded,index_update,20000,222,472,966,99226,0,0
time,7,legacy,many_prices,price_hit,20000,135,336,814,97955,0,0
time,7,legacy,many_prices,price_miss,20000,85,240,517,405388,0,0
time,7,legacy,many_prices,best,20000,69,222,559,44147,0,0
time,7,legacy,many_prices,range_first8,20000,103,288,583,27567,0,0
time,7,legacy,many_prices,index_update,20000,535,1289,6412,139267,0,0
time,7,legacy,many_books,price_hit,20000,83,133,223,32958,0,0
time,7,legacy,many_books,price_miss,20000,65,183,250,24124,0,0
time,7,legacy,many_books,best,20000,64,139,231,23441,0,0
time,7,legacy,many_books,range_first8,20000,73,164,291,30423,0,0
time,7,legacy,many_books,index_update,20000,179,399,720,83512,0,0
time,7,legacy,churn,price_hit,20000,96,156,249,25230,0,0
time,7,legacy,churn,price_miss,20000,88,156,242,24382,0,0
time,7,legacy,churn,best,20000,66,183,270,50277,0,0
time,7,legacy,churn,range_first8,20000,93,206,361,26597,0,0
time,7,legacy,churn,index_update,20000,309,708,1457,165530,0,0
time,7,legacy,growth,index_update,20000,192,662,1175,41345,0,0
time,8,legacy,small,price_hit,20000,72,111,152,113733,0,0
time,8,legacy,small,price_miss,20000,62,147,224,31118,0,0
time,8,legacy,small,best,20000,60,173,255,21160,0,0
time,8,legacy,small,range_first8,20000,66,179,455,22175,0,0
time,8,legacy,small,index_update,20000,166,328,662,59410,0,0
time,8,legacy,crowded,price_hit,20000,60,95,126,4322,0,0
time,8,legacy,crowded,price_miss,20000,60,170,317,51211,0,0
time,8,legacy,crowded,best,20000,60,162,449,81674,0,0
time,8,legacy,crowded,range_first8,20000,62,200,479,22174,0,0
time,8,legacy,crowded,index_update,20000,225,465,1199,28982,0,0
time,8,legacy,many_prices,price_hit,20000,136,253,495,38852,0,0
time,8,legacy,many_prices,price_miss,20000,86,231,583,35766,0,0
time,8,legacy,many_prices,best,20000,71,220,546,333309,0,0
time,8,legacy,many_prices,range_first8,20000,103,292,628,34748,0,0
time,8,legacy,many_prices,index_update,20000,530,1170,4976,148956,0,0
time,8,legacy,many_books,price_hit,20000,83,143,203,22527,0,0
time,8,legacy,many_books,price_miss,20000,66,206,376,77978,0,0
time,8,legacy,many_books,best,20000,64,191,284,94370,0,0
time,8,legacy,many_books,range_first8,20000,73,168,309,33868,0,0
time,8,legacy,many_books,index_update,20000,180,397,779,446120,0,0
time,8,legacy,churn,price_hit,20000,96,154,311,110743,0,0
time,8,legacy,churn,price_miss,20000,88,147,231,50413,0,0
time,8,legacy,churn,best,20000,66,138,236,3558,0,0
time,8,legacy,churn,range_first8,20000,93,224,370,160730,0,0
time,8,legacy,churn,index_update,20000,313,717,5018,149714,0,0
time,8,legacy,growth,index_update,20000,190,658,1305,35906,0,0
time,8,standard,small,price_hit,20000,87,161,245,47942,0,0
time,8,standard,small,price_miss,20000,72,165,293,17155,0,0
time,8,standard,small,best,20000,65,165,294,21434,0,0
time,8,standard,small,range_first8,20000,88,226,376,34611,0,0
time,8,standard,small,handle_hit,20000,42,74,167,14777,0,0
time,8,standard,small,index_update,20000,55,158,350,22776,0,0
time,8,standard,crowded,price_hit,20000,77,114,218,31910,0,0
time,8,standard,crowded,price_miss,20000,69,172,423,23650,0,0
time,8,standard,crowded,best,20000,64,212,504,3990,0,0
time,8,standard,crowded,range_first8,20000,78,230,536,18534,0,0
time,8,standard,crowded,handle_hit,20000,36,50,164,20834,0,0
time,8,standard,crowded,index_update,20000,93,385,623,28842,0,0
time,8,standard,many_prices,price_hit,20000,166,280,469,35878,0,0
time,8,standard,many_prices,price_miss,20000,95,243,504,21336,0,0
time,8,standard,many_prices,best,20000,64,208,505,32829,0,0
time,8,standard,many_prices,range_first8,20000,141,316,615,22134,0,0
time,8,standard,many_prices,handle_hit,20000,85,125,203,31070,0,0
time,8,standard,many_prices,index_update,20000,96,330,602,53308,0,0
time,8,standard,many_books,price_hit,20000,108,165,325,28859,0,0
time,8,standard,many_books,price_miss,20000,73,130,227,86958,0,0
time,8,standard,many_books,best,20000,64,102,195,22748,0,0
time,8,standard,many_books,range_first8,20000,111,215,388,36213,0,0
time,8,standard,many_books,handle_hit,20000,47,69,145,22531,0,0
time,8,standard,many_books,index_update,20000,63,143,289,22018,0,0
time,8,standard,churn,price_hit,20000,112,189,340,1965078,0,0
time,8,standard,churn,price_miss,20000,99,183,294,22407,0,0
time,8,standard,churn,best,20000,64,132,234,35494,0,0
time,8,standard,churn,range_first8,20000,131,272,511,25103,0,0
time,8,standard,churn,handle_hit,20000,64,105,167,33742,0,0
time,8,standard,churn,index_update,20000,305,715,2698,32913,0,0
time,8,standard,growth,index_update,20000,263,1943,5826,1316308,0,0
time,8,standard,growth,block_growth_subset,313,2047,4936,23019,27209,0,0
time,8,standard,engine,intent_immediate,20000,1064,1932,23472,146899,0,0
time,8,standard,engine,intent_queued,20000,536,1080,4589,76706,0,0
time,8,standard,engine,ready_to_command,20000,909,1653,23392,75099,0,0
time,8,standard,engine,replace_report,20000,834,4267,25043,116118,0,0
time,8,standard,engine_growth,new_to_command,20000,1144,13171,40149,1805855,0,0
time,8,standard,burst64_period100000ns,fill_service,20000,704,2587,33909,148260,0,0
time,8,standard,burst64_period100000ns,scheduled_arrival_to_visible,20000,34981,295581,343459,351507,0,0
time,8,pooled,small,price_hit,20000,98,213,252,21630,0,0
time,8,pooled,small,price_miss,20000,87,287,457,24307,0,0
time,8,pooled,small,best,20000,65,238,509,45197,0,0
time,8,pooled,small,range_first8,20000,108,328,639,74849,0,0
time,8,pooled,small,handle_hit,20000,54,125,402,59183,0,0
time,8,pooled,small,index_update,20000,58,220,495,87814,0,0
time,8,pooled,crowded,price_hit,20000,79,118,184,5017,0,0
time,8,pooled,crowded,price_miss,20000,73,241,534,17743,0,0
time,8,pooled,crowded,best,20000,64,230,557,64304,0,0
time,8,pooled,crowded,range_first8,20000,75,245,561,18155,0,0
time,8,pooled,crowded,handle_hit,20000,36,57,179,4904,0,0
time,8,pooled,crowded,index_update,20000,95,446,661,37566,0,0
time,8,pooled,many_prices,price_hit,20000,244,653,1662,72290,0,0
time,8,pooled,many_prices,price_miss,20000,162,334,687,19841,0,0
time,8,pooled,many_prices,best,20000,64,226,539,24257,0,0
time,8,pooled,many_prices,range_first8,20000,210,409,1226,52219,0,0
time,8,pooled,many_prices,handle_hit,20000,118,155,246,4573,0,0
time,8,pooled,many_prices,index_update,20000,110,531,994,51903,0,0
time,8,pooled,many_books,price_hit,20000,120,240,438,83803,0,0
time,8,pooled,many_books,price_miss,20000,103,250,580,24123,0,0
time,8,pooled,many_books,best,20000,64,203,333,118794,0,0
time,8,pooled,many_books,range_first8,20000,170,377,1223,382520,0,0
time,8,pooled,many_books,handle_hit,20000,57,126,325,32433,0,0
time,8,pooled,many_books,index_update,20000,66,250,576,110127,0,0
time,8,pooled,churn,price_hit,20000,143,272,409,28337,0,0
time,8,pooled,churn,price_miss,20000,133,319,647,44296,0,0
time,8,pooled,churn,best,20000,66,208,403,23694,0,0
time,8,pooled,churn,range_first8,20000,221,436,877,41559,0,0
time,8,pooled,churn,handle_hit,20000,89,147,407,39235,0,0
time,8,pooled,churn,index_update,20000,943,1839,24475,57987,0,0
time,8,pooled,growth,index_update,20000,920,4333,24135,74896,0,0
time,8,pooled,growth,block_growth_subset,313,4258,9945,11459,13206,0,0
time,8,pooled,engine,intent_immediate,20000,1095,2157,23705,79209,0,0
time,8,pooled,engine,intent_queued,20000,552,1173,5462,33026,0,0
time,8,pooled,engine,ready_to_command,20000,948,1929,22145,106554,0,0
time,8,pooled,engine,replace_report,20000,856,4174,25348,47902,0,0
time,8,pooled,engine_growth,new_to_command,20000,1627,18511,35063,1876475,0,0
time,8,pooled,burst64_period100000ns,fill_service,20000,652,2714,5527,70838,0,0
time,8,pooled,burst64_period100000ns,scheduled_arrival_to_visible,20000,28842,212765,262151,284490,0,0
time,8,adaptive,small,price_hit,20000,91,115,166,4115,0,0
time,8,adaptive,small,price_miss,20000,74,111,236,22524,0,0
time,8,adaptive,small,best,20000,66,87,225,31154,0,0
time,8,adaptive,small,range_first8,20000,85,170,270,18237,0,0
time,8,adaptive,small,handle_hit,20000,47,56,102,16551,0,0
time,8,adaptive,small,index_update,20000,53,172,232,3839,0,0
time,8,adaptive,crowded,price_hit,20000,83,127,235,21246,0,0
time,8,adaptive,crowded,price_miss,20000,72,235,560,68412,0,0
time,8,adaptive,crowded,best,20000,66,233,571,25626,0,0
time,8,adaptive,crowded,range_first8,20000,81,256,600,690131,0,0
time,8,adaptive,crowded,handle_hit,20000,39,63,183,23210,0,0
time,8,adaptive,crowded,index_update,20000,104,513,758,407370,0,0
time,8,adaptive,many_prices,price_hit,20000,164,329,639,49570,0,0
time,8,adaptive,many_prices,price_miss,20000,95,263,600,21417,0,0
time,8,adaptive,many_prices,best,20000,66,231,565,37963,0,0
time,8,adaptive,many_prices,range_first8,20000,144,348,639,68957,0,0
time,8,adaptive,many_prices,handle_hit,20000,83,123,189,35614,0,0
time,8,adaptive,many_prices,index_update,20000,99,416,665,21155,0,0
time,8,adaptive,many_books,price_hit,20000,106,178,462,35140,0,0
time,8,adaptive,many_books,price_miss,20000,74,168,271,28404,0,0
time,8,adaptive,many_books,best,20000,64,148,236,855426,0,0
time,8,adaptive,many_books,range_first8,20000,101,233,507,47730,0,0
time,8,adaptive,many_books,handle_hit,20000,53,74,173,19841,0,0
time,8,adaptive,many_books,index_update,20000,62,211,437,666,0,0
time,8,adaptive,churn,price_hit,20000,107,176,285,108855,0,0
time,8,adaptive,churn,price_miss,20000,90,222,344,36787,0,0
time,8,adaptive,churn,best,20000,65,160,300,47402,0,0
time,8,adaptive,churn,range_first8,20000,115,240,437,106336,0,0
time,8,adaptive,churn,handle_hit,20000,59,84,173,28273,0,0
time,8,adaptive,churn,index_update,20000,205,404,1164,55354,0,0
time,8,adaptive,growth,index_update,20000,328,2021,6127,512896,0,0
time,8,adaptive,growth,block_growth_subset,313,2095,32249,44157,512896,0,0
time,8,adaptive,engine,intent_immediate,20000,1062,1913,22345,103788,0,0
time,8,adaptive,engine,intent_queued,20000,550,1099,21170,121063,0,0
time,8,adaptive,engine,ready_to_command,20000,914,1731,23339,89849,0,0
time,8,adaptive,engine,replace_report,20000,838,4034,24637,102321,0,0
time,8,adaptive,engine_growth,new_to_command,20000,1203,13351,46096,2013693,0,0
time,8,adaptive,burst64_period100000ns,fill_service,20000,621,2386,6972,43135,0,0
time,8,adaptive,burst64_period100000ns,scheduled_arrival_to_visible,20000,26173,144367,181291,192884,0,0
time,9,adaptive,small,price_hit,20000,91,126,175,4309,0,0
time,9,adaptive,small,price_miss,20000,73,119,221,31133,0,0
time,9,adaptive,small,best,20000,66,90,196,23302,0,0
time,9,adaptive,small,range_first8,20000,86,174,305,29858,0,0
time,9,adaptive,small,handle_hit,20000,47,61,89,20374,0,0
time,9,adaptive,small,index_update,20000,54,145,284,18959,0,0
time,9,adaptive,crowded,price_hit,20000,82,120,170,23602,0,0
time,9,adaptive,crowded,price_miss,20000,72,159,262,18859,0,0
time,9,adaptive,crowded,best,20000,66,207,492,17841,0,0
time,9,adaptive,crowded,range_first8,20000,81,233,555,88566,0,0
time,9,adaptive,crowded,handle_hit,20000,38,57,154,976,0,0
time,9,adaptive,crowded,index_update,20000,92,418,658,24853,0,0
time,9,adaptive,many_prices,price_hit,20000,166,326,1056,42288,0,0
time,9,adaptive,many_prices,price_miss,20000,94,277,608,31486,0,0
time,9,adaptive,many_prices,best,20000,65,227,568,14025,0,0
time,9,adaptive,many_prices,range_first8,20000,144,363,2234,53285,0,0
time,9,adaptive,many_prices,handle_hit,20000,84,138,284,20958,0,0
time,9,adaptive,many_prices,index_update,20000,97,377,643,25296,0,0
time,9,adaptive,many_books,price_hit,20000,105,134,219,35561,0,0
time,9,adaptive,many_books,price_miss,20000,74,102,205,20142,0,0
time,9,adaptive,many_books,best,20000,63,83,193,33335,0,0
time,9,adaptive,many_books,range_first8,20000,101,162,246,14734,0,0
time,9,adaptive,many_books,handle_hit,20000,52,65,87,20039,0,0
time,9,adaptive,many_books,index_update,20000,61,103,201,4383,0,0
time,9,adaptive,churn,price_hit,20000,107,128,177,18191,0,0
time,9,adaptive,churn,price_miss,20000,89,110,170,19022,0,0
time,9,adaptive,churn,best,20000,65,83,189,23182,0,0
time,9,adaptive,churn,range_first8,20000,114,145,257,46953,0,0
time,9,adaptive,churn,handle_hit,20000,59,69,86,33560,0,0
time,9,adaptive,churn,index_update,20000,202,273,521,18497,0,0
time,9,adaptive,growth,index_update,20000,323,1862,5645,79228,0,0
time,9,adaptive,growth,block_growth_subset,313,1911,4922,29330,35677,0,0
time,9,adaptive,engine,intent_immediate,20000,1031,1825,20561,145772,0,0
time,9,adaptive,engine,intent_queued,20000,517,1028,18730,63241,0,0
time,9,adaptive,engine,ready_to_command,20000,907,1644,23387,130332,0,0
time,9,adaptive,engine,replace_report,20000,743,4117,23515,81599,0,0
time,9,adaptive,engine_growth,new_to_command,20000,1058,12124,29957,1549521,0,0
time,9,adaptive,burst64_period100000ns,fill_service,20000,616,2419,6209,94584,0,0
time,9,adaptive,burst64_period100000ns,scheduled_arrival_to_visible,20000,26872,164811,212568,227711,0,0
time,9,pooled,small,price_hit,20000,94,138,191,61587,0,0
time,9,pooled,small,price_miss,20000,89,140,238,20050,0,0
time,9,pooled,small,best,20000,65,100,214,33363,0,0
time,9,pooled,small,range_first8,20000,107,235,330,22203,0,0
time,9,pooled,small,handle_hit,20000,43,67,162,17793,0,0
time,9,pooled,small,index_update,20000,56,147,263,22626,0,0
time,9,pooled,crowded,price_hit,20000,79,117,163,29983,0,0
time,9,pooled,crowded,price_miss,20000,73,172,471,18612,0,0
time,9,pooled,crowded,best,20000,64,206,505,31090,0,0
time,9,pooled,crowded,range_first8,20000,75,232,561,68363,0,0
time,9,pooled,crowded,handle_hit,20000,36,52,162,17775,0,0
time,9,pooled,crowded,index_update,20000,90,406,629,74013,0,0
time,9,pooled,many_prices,price_hit,20000,242,631,1354,252576,0,0
time,9,pooled,many_prices,price_miss,20000,162,344,708,206843,0,0
time,9,pooled,many_prices,best,20000,64,230,555,314340,0,0
time,9,pooled,many_prices,range_first8,20000,212,423,1176,35104,0,0
time,9,pooled,many_prices,handle_hit,20000,120,162,493,31798,0,0
time,9,pooled,many_prices,index_update,20000,104,484,757,38461,0,0
time,9,pooled,many_books,price_hit,20000,120,196,314,24329,0,0
time,9,pooled,many_books,price_miss,20000,103,225,415,25457,0,0
time,9,pooled,many_books,best,20000,64,185,345,29806,0,0
time,9,pooled,many_books,range_first8,20000,172,319,604,35967,0,0
time,9,pooled,many_books,handle_hit,20000,56,83,156,42977,0,0
time,9,pooled,many_books,index_update,20000,65,205,442,24463,0,0
time,9,pooled,churn,price_hit,20000,130,237,588,25135,0,0
time,9,pooled,churn,price_miss,20000,124,230,506,29302,0,0
time,9,pooled,churn,best,20000,64,196,373,32834,0,0
time,9,pooled,churn,range_first8,20000,178,386,1105,37874,0,0
time,9,pooled,churn,handle_hit,20000,79,128,286,36587,0,0
time,9,pooled,churn,index_update,20000,849,1887,21230,37318,0,0
time,9,pooled,growth,index_update,20000,872,3711,19758,33018,0,0
time,9,pooled,growth,block_growth_subset,313,3713,5702,7150,21983,0,0
time,9,pooled,engine,intent_immediate,20000,1086,2237,24138,662915,0,0
time,9,pooled,engine,intent_queued,20000,537,1192,19863,762936,0,0
time,9,pooled,engine,ready_to_command,20000,947,2016,23481,163973,0,0
time,9,pooled,engine,replace_report,20000,824,4173,24175,547983,0,0
time,9,pooled,engine_growth,new_to_command,20000,1665,18440,47836,1692720,0,0
time,9,pooled,burst64_period100000ns,fill_service,20000,663,2646,22854,45162,0,0
time,9,pooled,burst64_period100000ns,scheduled_arrival_to_visible,20000,29838,201999,234775,245408,0,0
time,9,standard,small,price_hit,20000,85,142,201,29375,0,0
time,9,standard,small,price_miss,20000,70,190,288,27673,0,0
time,9,standard,small,best,20000,64,140,227,17316,0,0
time,9,standard,small,range_first8,20000,84,198,325,4457,0,0
time,9,standard,small,handle_hit,20000,43,66,173,18990,0,0
time,9,standard,small,index_update,20000,55,189,453,30099,0,0
time,9,standard,crowded,price_hit,20000,79,140,306,913971,0,0
time,9,standard,crowded,price_miss,20000,71,220,525,37169,0,0
time,9,standard,crowded,best,20000,66,238,560,76099,0,0
time,9,standard,crowded,range_first8,20000,80,282,630,26354,0,0
time,9,standard,crowded,handle_hit,20000,34,130,252,37652,0,0
time,9,standard,crowded,index_update,20000,167,617,1095,290326,0,0
time,9,standard,many_prices,price_hit,20000,178,431,1065,49052,0,0
time,9,standard,many_prices,price_miss,20000,97,256,555,36860,0,0
time,9,standard,many_prices,best,20000,66,223,533,23477,0,0
time,9,standard,many_prices,range_first8,20000,143,345,739,169997,0,0
time,9,standard,many_prices,handle_hit,20000,84,136,226,4103,0,0
time,9,standard,many_prices,index_update,20000,103,465,728,49538,0,0
time,9,standard,many_books,price_hit,20000,108,274,440,18819,0,0
time,9,standard,many_books,price_miss,20000,73,159,288,18951,0,0
time,9,standard,many_books,best,20000,64,141,225,17950,0,0
time,9,standard,many_books,range_first8,20000,111,318,511,235254,0,0
time,9,standard,many_books,handle_hit,20000,49,83,170,20835,0,0
time,9,standard,many_books,index_update,20000,62,225,369,30755,0,0
time,9,standard,churn,price_hit,20000,115,198,328,21933,0,0
time,9,standard,churn,price_miss,20000,101,183,348,279468,0,0
time,9,standard,churn,best,20000,66,154,259,30388,0,0
time,9,standard,churn,range_first8,20000,133,291,646,143309,0,0
time,9,standard,churn,handle_hit,20000,64,113,206,145716,0,0
time,9,standard,churn,index_update,20000,308,741,4162,90994,0,0
time,9,standard,growth,index_update,20000,266,1844,3933,57963,0,0
time,9,standard,growth,block_growth_subset,313,1912,3449,6050,6587,0,0
time,9,standard,engine,intent_immediate,20000,1069,2189,29881,1907410,0,0
time,9,standard,engine,intent_queued,20000,546,1233,21152,161683,0,0
time,9,standard,engine,ready_to_command,20000,909,1858,21588,209804,0,0
time,9,standard,engine,replace_report,20000,870,4059,26815,791604,0,0
time,9,standard,engine_growth,new_to_command,20000,1144,12386,30467,1562513,0,0
time,9,standard,burst64_period100000ns,fill_service,20000,642,2612,6591,50579,0,0
time,9,standard,burst64_period100000ns,scheduled_arrival_to_visible,20000,27392,199110,229633,237600,0,0
time,9,legacy,small,price_hit,20000,73,110,144,22481,0,0
time,9,legacy,small,price_miss,20000,63,139,213,21559,0,0
time,9,legacy,small,best,20000,60,96,201,21560,0,0
time,9,legacy,small,range_first8,20000,66,191,395,21089,0,0
time,9,legacy,small,index_update,20000,161,326,690,123782,0,0
time,9,legacy,crowded,price_hit,20000,60,94,135,30783,0,0
time,9,legacy,crowded,price_miss,20000,60,141,356,37400,0,0
time,9,legacy,crowded,best,20000,60,152,381,4965,0,0
time,9,legacy,crowded,range_first8,20000,62,192,387,21651,0,0
time,9,legacy,crowded,index_update,20000,221,467,940,28273,0,0
time,9,legacy,many_prices,price_hit,20000,135,279,522,244022,0,0
time,9,legacy,many_prices,price_miss,20000,86,239,527,24561,0,0
time,9,legacy,many_prices,best,20000,69,212,540,362283,0,0
time,9,legacy,many_prices,range_first8,20000,103,270,542,43182,0,0
time,9,legacy,many_prices,index_update,20000,530,1218,5192,53908,0,0
time,9,legacy,many_books,price_hit,20000,83,143,305,25597,0,0
time,9,legacy,many_books,price_miss,20000,66,195,478,47801,0,0
time,9,legacy,many_books,best,20000,64,201,418,30943,0,0
time,9,legacy,many_books,range_first8,20000,73,202,357,28538,0,0
time,9,legacy,many_books,index_update,20000,180,422,1181,33190,0,0
time,9,legacy,churn,price_hit,20000,95,150,210,22803,0,0
time,9,legacy,churn,price_miss,20000,88,161,280,48949,0,0
time,9,legacy,churn,best,20000,66,167,247,3736,0,0
time,9,legacy,churn,range_first8,20000,93,228,395,22674,0,0
time,9,legacy,churn,index_update,20000,308,697,1627,44334,0,0
time,9,legacy,growth,index_update,20000,193,692,1360,159111,0,0
time,10,legacy,small,price_hit,20000,72,117,216,2091220,0,0
time,10,legacy,small,price_miss,20000,62,152,347,22612,0,0
time,10,legacy,small,best,20000,60,194,470,450543,0,0
time,10,legacy,small,range_first8,20000,66,198,435,21843,0,0
time,10,legacy,small,index_update,20000,162,362,1944,857059,0,0
time,10,legacy,crowded,price_hit,20000,60,92,132,4240,0,0
time,10,legacy,crowded,price_miss,20000,60,135,204,22930,0,0
time,10,legacy,crowded,best,20000,60,187,359,30773,0,0
time,10,legacy,crowded,range_first8,20000,62,183,313,19790,0,0
time,10,legacy,crowded,index_update,20000,222,453,909,59573,0,0
time,10,legacy,many_prices,price_hit,20000,133,205,344,26619,0,0
time,10,legacy,many_prices,price_miss,20000,85,229,537,51924,0,0
time,10,legacy,many_prices,best,20000,69,214,517,31398,0,0
time,10,legacy,many_prices,range_first8,20000,102,253,542,36288,0,0
time,10,legacy,many_prices,index_update,20000,520,1070,3718,37445,0,0
time,10,legacy,many_books,price_hit,20000,83,126,205,20870,0,0
time,10,legacy,many_books,price_miss,20000,65,205,308,35300,0,0
time,10,legacy,many_books,best,20000,64,204,463,30595,0,0
time,10,legacy,many_books,range_first8,20000,73,180,293,4155,0,0
time,10,legacy,many_books,index_update,20000,179,367,773,25647,0,0
time,10,legacy,churn,price_hit,20000,95,123,152,29611,0,0
time,10,legacy,churn,price_miss,20000,87,113,176,29639,0,0
time,10,legacy,churn,best,20000,66,134,220,18508,0,0
time,10,legacy,churn,range_first8,20000,93,163,293,27775,0,0
time,10,legacy,churn,index_update,20000,301,589,1142,48059,0,0
time,10,legacy,growth,index_update,20000,192,664,1405,44490,0,0
time,10,standard,small,price_hit,20000,85,134,188,173099,0,0
time,10,standard,small,price_miss,20000,70,130,211,5978,0,0
time,10,standard,small,best,20000,64,150,250,21667,0,0
time,10,standard,small,range_first8,20000,84,203,373,28441,0,0
time,10,standard,small,handle_hit,20000,43,63,131,11705,0,0
time,10,standard,small,index_update,20000,55,156,356,21034,0,0
time,10,standard,crowded,price_hit,20000,79,138,284,51475,0,0
time,10,standard,crowded,price_miss,20000,70,179,470,22400,0,0
time,10,standard,crowded,best,20000,65,227,528,58402,0,0
time,10,standard,crowded,range_first8,20000,79,265,587,32034,0,0
time,10,standard,crowded,handle_hit,20000,34,120,323,38645,0,0
time,10,standard,crowded,index_update,20000,97,390,670,48175,0,0
time,10,standard,many_prices,price_hit,20000,177,386,687,26315,0,0
time,10,standard,many_prices,price_miss,20000,96,307,610,33604,0,0
time,10,standard,many_prices,best,20000,65,235,542,62582,0,0
time,10,standard,many_prices,range_first8,20000,143,400,1181,37160,0,0
time,10,standard,many_prices,handle_hit,20000,85,168,283,89811,0,0
time,10,standard,many_prices,index_update,20000,101,473,985,39719,0,0
time,10,standard,many_books,price_hit,20000,118,254,507,356309,0,0
time,10,standard,many_books,price_miss,20000,81,226,408,19421,0,0
time,10,standard,many_books,best,20000,67,212,381,1012,0,0
time,10,standard,many_books,range_first8,20000,126,308,640,49956,0,0
time,10,standard,many_books,handle_hit,20000,51,156,325,6508,0,0
time,10,standard,many_books,index_update,20000,81,243,469,39810,0,0
time,10,standard,churn,price_hit,20000,150,200,473,41145,0,0
time,10,standard,churn,price_miss,20000,131,250,578,30029,0,0
time,10,standard,churn,best,20000,86,248,549,54293,0,0
time,10,standard,churn,range_first8,20000,192,382,693,39616,0,0
time,10,standard,churn,handle_hit,20000,81,181,442,37013,0,0
time,10,standard,churn,index_update,20000,403,874,5147,46522,0,0
time,10,standard,growth,index_update,20000,378,2141,7155,39746,0,0
time,10,standard,growth,block_growth_subset,313,2195,4239,6616,29651,0,0
time,10,standard,engine,intent_immediate,20000,1048,2001,23280,137033,0,0
time,10,standard,engine,intent_queued,20000,526,1164,5319,41768,0,0
time,10,standard,engine,ready_to_command,20000,917,1713,19948,82499,0,0
time,10,standard,engine,replace_report,20000,803,5214,22645,88128,0,0
time,10,standard,engine_growth,new_to_command,20000,1166,12712,34773,1588582,0,0
time,10,standard,burst64_period100000ns,fill_service,20000,624,2569,18789,29844,0,0
time,10,standard,burst64_period100000ns,scheduled_arrival_to_visible,20000,26629,321440,364829,384496,0,0
time,10,pooled,small,price_hit,20000,94,143,290,26353,0,0
time,10,pooled,small,price_miss,20000,90,174,296,19189,0,0
time,10,pooled,small,best,20000,66,163,259,23329,0,0
time,10,pooled,small,range_first8,20000,108,237,426,40294,0,0
time,10,pooled,small,handle_hit,20000,43,69,160,1154277,0,0
time,10,pooled,small,index_update,20000,56,162,354,21375,0,0
time,10,pooled,crowded,price_hit,20000,81,136,213,31988,0,0
time,10,pooled,crowded,price_miss,20000,75,191,439,22159,0,0
time,10,pooled,crowded,best,20000,66,215,516,28825,0,0
time,10,pooled,crowded,range_first8,20000,77,239,533,19833,0,0
time,10,pooled,crowded,handle_hit,20000,36,70,134,28771,0,0
time,10,pooled,crowded,index_update,20000,91,380,634,26263,0,0
time,10,pooled,many_prices,price_hit,20000,231,534,1105,50183,0,0
time,10,pooled,many_prices,price_miss,20000,163,326,641,29634,0,0
time,10,pooled,many_prices,best,20000,64,218,584,35029,0,0
time,10,pooled,many_prices,range_first8,20000,206,403,767,32829,0,0
time,10,pooled,many_prices,handle_hit,20000,116,158,442,37780,0,0
time,10,pooled,many_prices,index_update,20000,98,419,666,24248,0,0
time,10,pooled,many_books,price_hit,20000,118,157,385,29431,0,0
time,10,pooled,many_books,price_miss,20000,102,148,266,22496,0,0
time,10,pooled,many_books,best,20000,64,102,223,36775,0,0
time,10,pooled,many_books,range_first8,20000,168,243,425,20269,0,0
time,10,pooled,many_books,handle_hit,20000,56,76,105,27610,0,0
time,10,pooled,many_books,index_update,20000,63,157,293,30286,0,0
time,10,pooled,churn,price_hit,20000,129,200,329,41888,0,0
time,10,pooled,churn,price_miss,20000,124,205,338,25329,0,0
time,10,pooled,churn,best,20000,64,154,255,162947,0,0
time,10,pooled,churn,range_first8,20000,176,320,545,255221,0,0
time,10,pooled,churn,handle_hit,20000,78,108,153,160824,0,0
time,10,pooled,churn,index_update,20000,840,1453,23637,340615,0,0
time,10,pooled,growth,index_update,20000,868,3701,23519,78516,0,0
time,10,pooled,growth,block_growth_subset,313,3682,6791,22275,30606,0,0
time,10,pooled,engine,intent_immediate,20000,1077,2020,22293,83892,0,0
time,10,pooled,engine,intent_queued,20000,526,1078,4346,49508,0,0
time,10,pooled,engine,ready_to_command,20000,947,1764,25230,98422,0,0
time,10,pooled,engine,replace_report,20000,789,3900,22886,144278,0,0
time,10,pooled,engine_growth,new_to_command,20000,1668,19701,94160,2122789,0,0
time,10,pooled,burst64_period100000ns,fill_service,20000,658,2535,20104,1950564,0,0
time,10,pooled,burst64_period100000ns,scheduled_arrival_to_visible,20000,36046,2428313,2520083,2543966,0,0
time,10,adaptive,small,price_hit,20000,89,138,195,30244,0,0
time,10,adaptive,small,price_miss,20000,71,145,278,46737,0,0
time,10,adaptive,small,best,20000,63,130,245,11734,0,0
time,10,adaptive,small,range_first8,20000,83,215,472,29150,0,0
time,10,adaptive,small,handle_hit,20000,47,67,124,9700,0,0
time,10,adaptive,small,index_update,20000,53,157,351,143050,0,0
time,10,adaptive,crowded,price_hit,20000,80,139,270,80172,0,0
time,10,adaptive,crowded,price_miss,20000,70,214,512,32422,0,0
time,10,adaptive,crowded,best,20000,64,216,500,23262,0,0
time,10,adaptive,crowded,range_first8,20000,79,234,563,32909,0,0
time,10,adaptive,crowded,handle_hit,20000,38,100,197,44791,0,0
time,10,adaptive,crowded,index_update,20000,104,482,693,23226,0,0
time,10,adaptive,many_prices,price_hit,20000,165,305,518,32598,0,0
time,10,adaptive,many_prices,price_miss,20000,95,249,508,19992,0,0
time,10,adaptive,many_prices,best,20000,66,220,538,34847,0,0
time,10,adaptive,many_prices,range_first8,20000,144,353,706,73634,0,0
time,10,adaptive,many_prices,handle_hit,20000,83,134,196,26711,0,0
time,10,adaptive,many_prices,index_update,20000,99,388,654,23164,0,0
time,10,adaptive,many_books,price_hit,20000,107,244,530,262289,0,0
time,10,adaptive,many_books,price_miss,20000,74,159,296,57824,0,0
time,10,adaptive,many_books,best,20000,64,149,255,32528,0,0
time,10,adaptive,many_books,range_first8,20000,101,241,477,22002,0,0
time,10,adaptive,many_books,handle_hit,20000,52,76,195,18578,0,0
time,10,adaptive,many_books,index_update,20000,63,202,527,321665,0,0
time,10,adaptive,churn,price_hit,20000,107,176,302,47448,0,0
time,10,adaptive,churn,price_miss,20000,90,169,265,101136,0,0
time,10,adaptive,churn,best,20000,65,147,254,1242471,0,0
time,10,adaptive,churn,range_first8,20000,115,215,347,40481,0,0
time,10,adaptive,churn,handle_hit,20000,59,84,166,28918,0,0
time,10,adaptive,churn,index_update,20000,204,410,746,38874,0,0
time,10,adaptive,growth,index_update,20000,324,1957,5493,130012,0,0
time,10,adaptive,growth,block_growth_subset,313,2050,7295,30093,85394,0,0
time,10,adaptive,engine,intent_immediate,20000,1696,2544,29360,102024,0,0
time,10,adaptive,engine,intent_queued,20000,825,1392,11891,60820,0,0
time,10,adaptive,engine,ready_to_command,20000,1470,2324,28987,104748,0,0
time,10,adaptive,engine,replace_report,20000,1215,4324,27788,69846,0,0
time,10,adaptive,engine_growth,new_to_command,20000,1224,13581,34369,1667879,0,0
time,10,adaptive,burst64_period100000ns,fill_service,20000,619,2524,5197,60928,0,0
time,10,adaptive,burst64_period100000ns,scheduled_arrival_to_visible,20000,25882,196557,243250,255490,0,0
time,11,adaptive,small,price_hit,20000,89,154,229,36753,0,0
time,11,adaptive,small,price_miss,20000,71,202,288,16542,0,0
time,11,adaptive,small,best,20000,63,140,262,60751,0,0
time,11,adaptive,small,range_first8,20000,84,216,469,18556,0,0
time,11,adaptive,small,handle_hit,20000,47,77,176,4279,0,0
time,11,adaptive,small,index_update,20000,53,193,350,18827,0,0
time,11,adaptive,crowded,price_hit,20000,80,120,222,47811,0,0
time,11,adaptive,crowded,price_miss,20000,70,232,558,30083,0,0
time,11,adaptive,crowded,best,20000,64,234,561,19668,0,0
time,11,adaptive,crowded,range_first8,20000,79,246,560,37296,0,0
time,11,adaptive,crowded,handle_hit,20000,38,59,160,4805,0,0
time,11,adaptive,crowded,index_update,20000,96,475,680,18495,0,0
time,11,adaptive,many_prices,price_hit,20000,163,402,701,58405,0,0
time,11,adaptive,many_prices,price_miss,20000,93,277,590,42607,0,0
time,11,adaptive,many_prices,best,20000,64,226,551,16542,0,0
time,11,adaptive,many_prices,range_first8,20000,142,345,644,25332,0,0
time,11,adaptive,many_prices,handle_hit,20000,83,128,193,20145,0,0
time,11,adaptive,many_prices,index_update,20000,102,476,708,31801,0,0
time,11,adaptive,many_books,price_hit,20000,107,131,198,30302,0,0
time,11,adaptive,many_books,price_miss,20000,76,97,205,33781,0,0
time,11,adaptive,many_books,best,20000,66,83,170,17952,0,0
time,11,adaptive,many_books,range_first8,20000,102,128,253,20666,0,0
time,11,adaptive,many_books,handle_hit,20000,51,62,85,4671,0,0
time,11,adaptive,many_books,index_update,20000,62,98,216,23207,0,0
time,11,adaptive,churn,price_hit,20000,107,135,204,72410,0,0
time,11,adaptive,churn,price_miss,20000,90,119,251,22728,0,0
time,11,adaptive,churn,best,20000,66,86,215,17130,0,0
time,11,adaptive,churn,range_first8,20000,116,172,284,26827,0,0
time,11,adaptive,churn,handle_hit,20000,59,70,96,47147,0,0
time,11,adaptive,churn,index_update,20000,200,374,552,47408,0,0
time,11,adaptive,growth,index_update,20000,327,1967,3644,38619,0,0
time,11,adaptive,growth,block_growth_subset,313,2072,4759,32174,35755,0,0
time,11,adaptive,engine,intent_immediate,20000,1249,2395,29393,931560,0,0
time,11,adaptive,engine,intent_queued,20000,706,1364,24525,52788,0,0
time,11,adaptive,engine,ready_to_command,20000,1042,2170,29813,742502,0,0
time,11,adaptive,engine,replace_report,20000,1119,4177,24649,191009,0,0
time,11,adaptive,engine_growth,new_to_command,20000,1119,12195,33010,1528290,0,0
time,11,adaptive,burst64_period100000ns,fill_service,20000,650,2482,23245,40610,0,0
time,11,adaptive,burst64_period100000ns,scheduled_arrival_to_visible,20000,29484,138738,173628,195815,0,0
time,11,pooled,small,price_hit,20000,90,154,292,35682,0,0
time,11,pooled,small,price_miss,20000,86,210,1025,394570,0,0
time,11,pooled,small,best,20000,64,199,447,33330,0,0
time,11,pooled,small,range_first8,20000,106,256,1038,57272,0,0
time,11,pooled,small,handle_hit,20000,44,103,231,71671,0,0
time,11,pooled,small,index_update,20000,56,194,506,386911,0,0
time,11,pooled,crowded,price_hit,20000,79,125,229,22533,0,0
time,11,pooled,crowded,price_miss,20000,73,233,598,50789,0,0
time,11,pooled,crowded,best,20000,64,231,567,22218,0,0
time,11,pooled,crowded,range_first8,20000,75,233,558,23775,0,0
time,11,pooled,crowded,handle_hit,20000,37,61,177,1007,0,0
time,11,pooled,crowded,index_update,20000,92,433,633,30643,0,0
time,11,pooled,many_prices,price_hit,20000,227,510,942,44166,0,0
time,11,pooled,many_prices,price_miss,20000,164,336,635,30886,0,0
time,11,pooled,many_prices,best,20000,66,227,534,23581,0,0
time,11,pooled,many_prices,range_first8,20000,208,414,1173,36957,0,0
time,11,pooled,many_prices,handle_hit,20000,115,163,305,34790,0,0
time,11,pooled,many_prices,index_update,20000,95,411,645,31287,0,0
time,11,pooled,many_books,price_hit,20000,122,350,638,31012,0,0
time,11,pooled,many_books,price_miss,20000,106,284,585,160231,0,0
time,11,pooled,many_books,best,20000,66,203,341,30285,0,0
time,11,pooled,many_books,range_first8,20000,175,484,1154,33914,0,0
time,11,pooled,many_books,handle_hit,20000,57,136,222,5436,0,0
time,11,pooled,many_books,index_update,20000,66,250,568,48143,0,0
time,11,pooled,churn,price_hit,20000,172,303,1084,41247,0,0
time,11,pooled,churn,price_miss,20000,165,331,1062,37974,0,0
time,11,pooled,churn,best,20000,97,250,1007,54453,0,0
time,11,pooled,churn,range_first8,20000,260,520,1482,43479,0,0
time,11,pooled,churn,handle_hit,20000,93,180,973,38038,0,0
time,11,pooled,churn,index_update,20000,1298,2517,26872,50657,0,0
time,11,pooled,growth,index_update,20000,1283,5238,30617,158216,0,0
time,11,pooled,growth,block_growth_subset,313,5135,11865,30617,33116,0,0
time,11,pooled,engine,intent_immediate,20000,1085,2385,24348,128293,0,0
time,11,pooled,engine,intent_queued,20000,537,1228,4632,59301,0,0
time,11,pooled,engine,ready_to_command,20000,944,1929,18411,82890,0,0
time,11,pooled,engine,replace_report,20000,797,5648,22950,59695,0,0
time,11,pooled,engine_growth,new_to_command,20000,1716,18772,36306,1669667,0,0
time,11,pooled,burst64_period100000ns,fill_service,20000,636,2480,4197,61588,0,0
time,11,pooled,burst64_period100000ns,scheduled_arrival_to_visible,20000,26411,165844,216996,223710,0,0
time,11,standard,small,price_hit,20000,85,104,118,17753,0,0
time,11,standard,small,price_miss,20000,70,91,218,11988,0,0
time,11,standard,small,best,20000,64,81,159,70194,0,0
time,11,standard,small,range_first8,20000,84,160,262,19283,0,0
time,11,standard,small,handle_hit,20000,42,51,55,27308,0,0
time,11,standard,small,index_update,20000,55,160,310,3861,0,0
time,11,standard,crowded,price_hit,20000,76,99,144,17807,0,0
time,11,standard,crowded,price_miss,20000,68,210,408,33520,0,0
time,11,standard,crowded,best,20000,64,221,564,50757,0,0
time,11,standard,crowded,range_first8,20000,78,239,536,18672,0,0
time,11,standard,crowded,handle_hit,20000,34,44,169,17676,0,0
time,11,standard,crowded,index_update,20000,87,394,623,22769,0,0
time,11,standard,many_prices,price_hit,20000,164,329,641,31315,0,0
time,11,standard,many_prices,price_miss,20000,94,255,584,32367,0,0
time,11,standard,many_prices,best,20000,64,215,496,22265,0,0
time,11,standard,many_prices,range_first8,20000,140,333,676,15352,0,0
time,11,standard,many_prices,handle_hit,20000,83,122,176,21655,0,0
time,11,standard,many_prices,index_update,20000,95,366,608,28753,0,0
time,11,standard,many_books,price_hit,20000,108,136,196,24640,0,0
time,11,standard,many_books,price_miss,20000,75,98,186,18910,0,0
time,11,standard,many_books,best,20000,66,86,165,18753,0,0
time,11,standard,many_books,range_first8,20000,113,166,299,28391,0,0
time,11,standard,many_books,handle_hit,20000,47,60,80,23962,0,0
time,11,standard,many_books,index_update,20000,61,103,202,30238,0,0
time,11,standard,churn,price_hit,20000,111,170,260,48174,0,0
time,11,standard,churn,price_miss,20000,97,161,261,68854,0,0
time,11,standard,churn,best,20000,64,101,201,343228,0,0
time,11,standard,churn,range_first8,20000,131,252,405,100217,0,0
time,11,standard,churn,handle_hit,20000,64,99,136,200209,0,0
time,11,standard,churn,index_update,20000,300,680,1759,412977,0,0
time,11,standard,growth,index_update,20000,262,1864,2979,40806,0,0
time,11,standard,growth,block_growth_subset,313,1960,3184,4683,8243,0,0
time,11,standard,engine,intent_immediate,20000,1060,1963,23062,129227,0,0
time,11,standard,engine,intent_queued,20000,528,1095,6780,194926,0,0
time,11,standard,engine,ready_to_command,20000,907,1708,19547,85469,0,0
time,11,standard,engine,replace_report,20000,819,4054,23231,546406,0,0
time,11,standard,engine_growth,new_to_command,20000,1097,12892,31023,1707317,0,0
time,11,standard,burst64_period100000ns,fill_service,20000,622,2405,5526,98088,0,0
time,11,standard,burst64_period100000ns,scheduled_arrival_to_visible,20000,25659,131780,170488,177326,0,0
time,11,legacy,small,price_hit,20000,72,107,155,4360,0,0
time,11,legacy,small,price_miss,20000,62,110,220,24741,0,0
time,11,legacy,small,best,20000,60,94,176,17226,0,0
time,11,legacy,small,range_first8,20000,66,154,298,26185,0,0
time,11,legacy,small,index_update,20000,164,322,720,96786,0,0
time,11,legacy,crowded,price_hit,20000,60,87,136,85781,0,0
time,11,legacy,crowded,price_miss,20000,60,103,234,30215,0,0
time,11,legacy,crowded,best,20000,60,197,380,17488,0,0
time,11,legacy,crowded,range_first8,20000,62,198,398,33606,0,0
time,11,legacy,crowded,index_update,20000,220,442,1207,47860,0,0
time,11,legacy,many_prices,price_hit,20000,134,288,546,26606,0,0
time,11,legacy,many_prices,price_miss,20000,85,240,554,44548,0,0
time,11,legacy,many_prices,best,20000,69,217,543,21109,0,0
time,11,legacy,many_prices,range_first8,20000,103,288,554,58756,0,0
time,11,legacy,many_prices,index_update,20000,527,1203,6297,79814,0,0
time,11,legacy,many_books,price_hit,20000,83,123,170,127859,0,0
time,11,legacy,many_books,price_miss,20000,65,178,357,152065,0,0
time,11,legacy,many_books,best,20000,64,147,289,21895,0,0
time,11,legacy,many_books,range_first8,20000,73,160,270,21825,0,0
time,11,legacy,many_books,index_update,20000,179,347,862,33941,0,0
time,11,legacy,churn,price_hit,20000,96,165,306,115235,0,0
time,11,legacy,churn,price_miss,20000,88,210,346,351050,0,0
time,11,legacy,churn,best,20000,66,157,232,1273,0,0
time,11,legacy,churn,range_first8,20000,93,226,377,160714,0,0
time,11,legacy,churn,index_update,20000,310,759,6790,151407,0,0
time,11,legacy,growth,index_update,20000,192,693,1283,38860,0,0
alloc,0,legacy,small,price_hit,20000,0,0,0,0,0,0
alloc,0,legacy,small,price_miss,20000,0,0,0,0,0,0
alloc,0,legacy,small,best,20000,0,0,0,0,0,0
alloc,0,legacy,small,range_first8,20000,0,0,0,0,0,0
alloc,0,legacy,small,index_update,20000,0,0,0,0,20000,20000
alloc,0,legacy,crowded,price_hit,20000,0,0,0,0,0,0
alloc,0,legacy,crowded,price_miss,20000,0,0,0,0,0,0
alloc,0,legacy,crowded,best,20000,0,0,0,0,0,0
alloc,0,legacy,crowded,range_first8,20000,0,0,0,0,0,0
alloc,0,legacy,crowded,index_update,20000,0,0,0,0,1140,1276
alloc,0,legacy,many_prices,price_hit,20000,0,0,0,0,0,0
alloc,0,legacy,many_prices,price_miss,20000,0,0,0,0,0,0
alloc,0,legacy,many_prices,best,20000,0,0,0,0,0,0
alloc,0,legacy,many_prices,range_first8,20000,0,0,0,0,0,0
alloc,0,legacy,many_prices,index_update,20000,0,0,0,0,22280,22552
alloc,0,legacy,many_books,price_hit,20000,0,0,0,0,0,0
alloc,0,legacy,many_books,price_miss,20000,0,0,0,0,0,0
alloc,0,legacy,many_books,best,20000,0,0,0,0,0,0
alloc,0,legacy,many_books,range_first8,20000,0,0,0,0,0,0
alloc,0,legacy,many_books,index_update,20000,0,0,0,0,20000,20000
alloc,0,legacy,churn,price_hit,20000,0,0,0,0,0,0
alloc,0,legacy,churn,price_miss,20000,0,0,0,0,0,0
alloc,0,legacy,churn,best,20000,0,0,0,0,0,0
alloc,0,legacy,churn,range_first8,20000,0,0,0,0,0,0
alloc,0,legacy,churn,index_update,20000,0,0,0,0,25696,25702
alloc,0,legacy,growth,index_update,20000,0,0,0,0,26665,0
alloc,0,standard,small,price_hit,20000,0,0,0,0,0,0
alloc,0,standard,small,price_miss,20000,0,0,0,0,0,0
alloc,0,standard,small,best,20000,0,0,0,0,0,0
alloc,0,standard,small,range_first8,20000,0,0,0,0,0,0
alloc,0,standard,small,handle_hit,20000,0,0,0,0,0,0
alloc,0,standard,small,index_update,20000,0,0,0,0,0,0
alloc,0,standard,crowded,price_hit,20000,0,0,0,0,0,0
alloc,0,standard,crowded,price_miss,20000,0,0,0,0,0,0
alloc,0,standard,crowded,best,20000,0,0,0,0,0,0
alloc,0,standard,crowded,range_first8,20000,0,0,0,0,0,0
alloc,0,standard,crowded,handle_hit,20000,0,0,0,0,0,0
alloc,0,standard,crowded,index_update,20000,0,0,0,0,0,0
alloc,0,standard,many_prices,price_hit,20000,0,0,0,0,0,0
alloc,0,standard,many_prices,price_miss,20000,0,0,0,0,0,0
alloc,0,standard,many_prices,best,20000,0,0,0,0,0,0
alloc,0,standard,many_prices,range_first8,20000,0,0,0,0,0,0
alloc,0,standard,many_prices,handle_hit,20000,0,0,0,0,0,0
alloc,0,standard,many_prices,index_update,20000,0,0,0,0,0,0
alloc,0,standard,many_books,price_hit,20000,0,0,0,0,0,0
alloc,0,standard,many_books,price_miss,20000,0,0,0,0,0,0
alloc,0,standard,many_books,best,20000,0,0,0,0,0,0
alloc,0,standard,many_books,range_first8,20000,0,0,0,0,0,0
alloc,0,standard,many_books,handle_hit,20000,0,0,0,0,0,0
alloc,0,standard,many_books,index_update,20000,0,0,0,0,0,0
alloc,0,standard,churn,price_hit,20000,0,0,0,0,0,0
alloc,0,standard,churn,price_miss,20000,0,0,0,0,0,0
alloc,0,standard,churn,best,20000,0,0,0,0,0,0
alloc,0,standard,churn,range_first8,20000,0,0,0,0,0,0
alloc,0,standard,churn,handle_hit,20000,0,0,0,0,0,0
alloc,0,standard,churn,index_update,20000,0,0,0,0,5696,5702
alloc,0,standard,growth,index_update,20000,0,0,0,0,7309,14
alloc,0,standard,growth,block_growth_subset,313,0,0,0,0,749,14
alloc,0,standard,engine,intent_immediate,20000,0,0,0,0,0,0
alloc,0,standard,engine,intent_queued,20000,0,0,0,0,1,0
alloc,0,standard,engine,ready_to_command,20000,0,0,0,0,0,0
alloc,0,standard,engine,replace_report,20000,0,0,0,0,0,0
alloc,0,standard,engine_growth,new_to_command,20000,0,0,0,0,4326,47
alloc,0,pooled,small,price_hit,20000,0,0,0,0,0,0
alloc,0,pooled,small,price_miss,20000,0,0,0,0,0,0
alloc,0,pooled,small,best,20000,0,0,0,0,0,0
alloc,0,pooled,small,range_first8,20000,0,0,0,0,0,0
alloc,0,pooled,small,handle_hit,20000,0,0,0,0,0,0
alloc,0,pooled,small,index_update,20000,0,0,0,0,0,0
alloc,0,pooled,crowded,price_hit,20000,0,0,0,0,0,0
alloc,0,pooled,crowded,price_miss,20000,0,0,0,0,0,0
alloc,0,pooled,crowded,best,20000,0,0,0,0,0,0
alloc,0,pooled,crowded,range_first8,20000,0,0,0,0,0,0
alloc,0,pooled,crowded,handle_hit,20000,0,0,0,0,0,0
alloc,0,pooled,crowded,index_update,20000,0,0,0,0,0,0
alloc,0,pooled,many_prices,price_hit,20000,0,0,0,0,0,0
alloc,0,pooled,many_prices,price_miss,20000,0,0,0,0,0,0
alloc,0,pooled,many_prices,best,20000,0,0,0,0,0,0
alloc,0,pooled,many_prices,range_first8,20000,0,0,0,0,0,0
alloc,0,pooled,many_prices,handle_hit,20000,0,0,0,0,0,0
alloc,0,pooled,many_prices,index_update,20000,0,0,0,0,0,0
alloc,0,pooled,many_books,price_hit,20000,0,0,0,0,0,0
alloc,0,pooled,many_books,price_miss,20000,0,0,0,0,0,0
alloc,0,pooled,many_books,best,20000,0,0,0,0,0,0
alloc,0,pooled,many_books,range_first8,20000,0,0,0,0,0,0
alloc,0,pooled,many_books,handle_hit,20000,0,0,0,0,0,0
alloc,0,pooled,many_books,index_update,20000,0,0,0,0,0,0
alloc,0,pooled,churn,price_hit,20000,0,0,0,0,0,0
alloc,0,pooled,churn,price_miss,20000,0,0,0,0,0,0
alloc,0,pooled,churn,best,20000,0,0,0,0,0,0
alloc,0,pooled,churn,range_first8,20000,0,0,0,0,0,0
alloc,0,pooled,churn,handle_hit,20000,0,0,0,0,0,0
alloc,0,pooled,churn,index_update,20000,0,0,0,0,0,0
alloc,0,pooled,growth,index_update,20000,0,0,0,0,966,21
alloc,0,pooled,growth,block_growth_subset,313,0,0,0,0,966,21
alloc,0,pooled,engine,intent_immediate,20000,0,0,0,0,0,0
alloc,0,pooled,engine,intent_queued,20000,0,0,0,0,1,0
alloc,0,pooled,engine,ready_to_command,20000,0,0,0,0,0,0
alloc,0,pooled,engine,replace_report,20000,0,0,0,0,0,0
alloc,0,pooled,engine_growth,new_to_command,20000,0,0,0,0,1315,54
alloc,0,adaptive,small,price_hit,20000,0,0,0,0,0,0
alloc,0,adaptive,small,price_miss,20000,0,0,0,0,0,0
alloc,0,adaptive,small,best,20000,0,0,0,0,0,0
alloc,0,adaptive,small,range_first8,20000,0,0,0,0,0,0
alloc,0,adaptive,small,handle_hit,20000,0,0,0,0,0,0
alloc,0,adaptive,small,index_update,20000,0,0,0,0,0,0
alloc,0,adaptive,crowded,price_hit,20000,0,0,0,0,0,0
alloc,0,adaptive,crowded,price_miss,20000,0,0,0,0,0,0
alloc,0,adaptive,crowded,best,20000,0,0,0,0,0,0
alloc,0,adaptive,crowded,range_first8,20000,0,0,0,0,0,0
alloc,0,adaptive,crowded,handle_hit,20000,0,0,0,0,0,0
alloc,0,adaptive,crowded,index_update,20000,0,0,0,0,0,0
alloc,0,adaptive,many_prices,price_hit,20000,0,0,0,0,0,0
alloc,0,adaptive,many_prices,price_miss,20000,0,0,0,0,0,0
alloc,0,adaptive,many_prices,best,20000,0,0,0,0,0,0
alloc,0,adaptive,many_prices,range_first8,20000,0,0,0,0,0,0
alloc,0,adaptive,many_prices,handle_hit,20000,0,0,0,0,0,0
alloc,0,adaptive,many_prices,index_update,20000,0,0,0,0,0,0
alloc,0,adaptive,many_books,price_hit,20000,0,0,0,0,0,0
alloc,0,adaptive,many_books,price_miss,20000,0,0,0,0,0,0
alloc,0,adaptive,many_books,best,20000,0,0,0,0,0,0
alloc,0,adaptive,many_books,range_first8,20000,0,0,0,0,0,0
alloc,0,adaptive,many_books,handle_hit,20000,0,0,0,0,0,0
alloc,0,adaptive,many_books,index_update,20000,0,0,0,0,0,0
alloc,0,adaptive,churn,price_hit,20000,0,0,0,0,0,0
alloc,0,adaptive,churn,price_miss,20000,0,0,0,0,0,0
alloc,0,adaptive,churn,best,20000,0,0,0,0,0,0
alloc,0,adaptive,churn,range_first8,20000,0,0,0,0,0,0
alloc,0,adaptive,churn,handle_hit,20000,0,0,0,0,0,0
alloc,0,adaptive,churn,index_update,20000,0,0,0,0,0,0
alloc,0,adaptive,growth,index_update,20000,0,0,0,0,7179,36
alloc,0,adaptive,growth,block_growth_subset,313,0,0,0,0,951,32
alloc,0,adaptive,engine,intent_immediate,20000,0,0,0,0,0,0
alloc,0,adaptive,engine,intent_queued,20000,0,0,0,0,1,0
alloc,0,adaptive,engine,ready_to_command,20000,0,0,0,0,0,0
alloc,0,adaptive,engine,replace_report,20000,0,0,0,0,0,0
alloc,0,adaptive,engine_growth,new_to_command,20000,0,0,0,0,4262,59
time,0,timer,baseline,timer,20000,19,29,33,896,0,0
