pass,round,backend,scenario,metric,n,p50_ns,p99_ns,p999_ns,max_ns,allocations,allocated_bytes
time,0,absl_btree,prices_4,summary_first,20000,0,42,42,84,0,0
time,0,absl_btree,prices_4,summary_last,20000,0,42,42,167,0,0
time,0,absl_btree,prices_4,summary_miss,20000,0,42,42,84,0,0
time,0,absl_btree,prices_4,summary_random,20000,0,42,42,125,0,0
time,0,absl_btree,prices_4,best,20000,0,42,42,84,0,0
time,0,absl_btree,prices_4,sorted_range8,2000,0,42,42,42,0,0
time,0,absl_btree,prices_4,orders_at,2000,0,42,42,84,0,0
time,0,absl_btree,prices_4,batch64_summary,2000,667,791,834,875,0,0
time,0,absl_btree,updates_4,index_fill_visible,20000,0,42,42,1417,0,0
time,0,absl_btree,updates_4,index_replace_submit,20000,42,84,84,292,0,0
time,0,absl_btree,updates_4,index_replace_ack_visible,20000,42,84,84,333,0,0
time,0,absl_btree,updates_4,index_cancel_submit,20000,0,42,42,208,0,0
time,0,absl_btree,updates_4,index_terminal_visible,20000,42,84,125,208,0,0
time,0,absl_btree,updates_4,index_reactivate,20000,42,84,84,208,0,0
time,0,absl_btree,prices_8,summary_first,20000,0,42,42,84,0,0
time,0,absl_btree,prices_8,summary_last,20000,0,42,42,167,0,0
time,0,absl_btree,prices_8,summary_miss,20000,0,42,42,208,0,0
time,0,absl_btree,prices_8,summary_random,20000,0,42,42,167,0,0
time,0,absl_btree,prices_8,best,20000,0,42,42,209,0,0
time,0,absl_btree,prices_8,sorted_range8,2000,0,42,42,83,0,0
time,0,absl_btree,prices_8,orders_at,2000,0,42,42,84,0,0
time,0,absl_btree,prices_8,batch64_summary,2000,750,792,834,958,0,0
time,0,absl_btree,updates_8,index_fill_visible,20000,0,42,42,167,0,0
time,0,absl_btree,updates_8,index_replace_submit,20000,42,84,84,4917,0,0
time,0,absl_btree,updates_8,index_replace_ack_visible,20000,42,84,84,8958,0,0
time,0,absl_btree,updates_8,index_cancel_submit,20000,41,42,42,167,0,0
time,0,absl_btree,updates_8,index_terminal_visible,20000,42,84,84,3250,0,0
time,0,absl_btree,updates_8,index_reactivate,20000,42,84,84,208,0,0
time,0,absl_btree,prices_16,summary_first,20000,0,42,42,84,0,0
time,0,absl_btree,prices_16,summary_last,20000,0,42,42,125,0,0
time,0,absl_btree,prices_16,summary_miss,20000,0,42,42,208,0,0
time,0,absl_btree,prices_16,summary_random,20000,0,42,42,125,0,0
time,0,absl_btree,prices_16,best,20000,0,42,42,84,0,0
time,0,absl_btree,prices_16,sorted_range8,2000,0,42,42,42,0,0
time,0,absl_btree,prices_16,orders_at,2000,0,42,42,84,0,0
time,0,absl_btree,prices_16,batch64_summary,2000,1000,1084,1167,1292,0,0
time,0,absl_btree,updates_16,index_fill_visible,20000,0,42,42,208,0,0
time,0,absl_btree,updates_16,index_replace_submit,20000,42,84,125,916,0,0
time,0,absl_btree,updates_16,index_replace_ack_visible,20000,83,84,167,4250,0,0
time,0,absl_btree,updates_16,index_cancel_submit,20000,0,42,42,5416,0,0
time,0,absl_btree,updates_16,index_terminal_visible,20000,42,84,125,16709,0,0
time,0,absl_btree,updates_16,index_reactivate,20000,42,84,125,14250,0,0
time,0,absl_btree,prices_32,summary_first,20000,0,42,42,84,0,0
time,0,absl_btree,prices_32,summary_last,20000,0,42,42,125,0,0
time,0,absl_btree,prices_32,summary_miss,20000,0,42,42,167,0,0
time,0,absl_btree,prices_32,summary_random,20000,0,42,42,125,0,0
time,0,absl_btree,prices_32,best,20000,0,42,42,167,0,0
time,0,absl_btree,prices_32,sorted_range8,2000,0,42,42,42,0,0
time,0,absl_btree,prices_32,orders_at,2000,0,42,42,83,0,0
time,0,absl_btree,prices_32,batch64_summary,2000,1125,1292,1417,1417,0,0
time,0,absl_btree,updates_32,index_fill_visible,20000,0,42,42,208,0,0
time,0,absl_btree,updates_32,index_replace_submit,20000,83,84,166,250,0,0
time,0,absl_btree,updates_32,index_replace_ack_visible,20000,83,125,167,334,0,0
time,0,absl_btree,updates_32,index_cancel_submit,20000,0,42,42,208,0,0
time,0,absl_btree,updates_32,index_terminal_visible,20000,83,84,125,333,0,0
time,0,absl_btree,updates_32,index_reactivate,20000,83,125,166,291,0,0
time,0,absl_btree,prices_128,summary_first,20000,0,42,42,84,0,0
time,0,absl_btree,prices_128,summary_last,20000,0,42,42,5125,0,0
time,0,absl_btree,prices_128,summary_miss,20000,0,42,42,167,0,0
time,0,absl_btree,prices_128,summary_random,20000,0,42,42,209,0,0
time,0,absl_btree,prices_128,best,20000,0,42,42,209,0,0
time,0,absl_btree,prices_128,sorted_range8,2000,0,42,42,42,0,0
time,0,absl_btree,prices_128,orders_at,2000,41,42,83,84,0,0
time,0,absl_btree,updates_128,index_fill_visible,20000,0,42,42,84,0,0
time,0,absl_btree,updates_128,index_replace_submit,20000,83,125,125,1834,0,0
time,0,absl_btree,updates_128,index_replace_ack_visible,20000,84,167,208,334,0,0
time,0,absl_btree,updates_128,index_cancel_submit,20000,0,42,42,167,0,0
time,0,absl_btree,updates_128,index_terminal_visible,20000,83,125,166,250,0,0
time,0,absl_btree,updates_128,index_reactivate,20000,84,167,167,5291,0,0
time,0,absl_btree,prices_1024,summary_first,4000,0,42,42,84,0,0
time,0,absl_btree,prices_1024,summary_last,4000,0,42,42,84,0,0
time,0,absl_btree,prices_1024,summary_miss,4000,0,42,42,84,0,0
time,0,absl_btree,prices_1024,summary_random,4000,0,42,42,125,0,0
time,0,absl_btree,prices_1024,best,4000,0,42,42,42,0,0
time,0,absl_btree,prices_1024,sorted_range8,2000,0,42,42,125,0,0
time,0,absl_btree,prices_1024,orders_at,2000,42,42,84,84,0,0
time,0,absl_btree,updates_1024,index_fill_visible,4000,41,42,42,84,0,0
time,0,absl_btree,updates_1024,index_replace_submit,4000,84,167,209,1541,0,0
time,0,absl_btree,updates_1024,index_replace_ack_visible,4000,125,208,250,333,0,0
time,0,absl_btree,updates_1024,index_cancel_submit,4000,0,42,42,84,0,0
time,0,absl_btree,updates_1024,index_terminal_visible,4000,83,167,250,292,0,0
time,0,absl_btree,updates_1024,index_reactivate,4000,125,209,292,416,0,0
time,0,absl_btree,prices_4096,summary_first,4000,0,42,42,83,0,0
time,0,absl_btree,prices_4096,summary_last,4000,0,42,42,84,0,0
time,0,absl_btree,prices_4096,summary_miss,4000,0,42,42,84,0,0
time,0,absl_btree,prices_4096,summary_random,4000,41,42,84,166,0,0
time,0,absl_btree,prices_4096,best,4000,0,42,42,83,0,0
time,0,absl_btree,prices_4096,sorted_range8,2000,0,42,42,42,0,0
time,0,absl_btree,prices_4096,orders_at,2000,42,84,84,84,0,0
time,0,absl_btree,updates_4096,index_fill_visible,4000,41,42,42,167,0,0
time,0,absl_btree,updates_4096,index_replace_submit,4000,125,167,208,4750,0,0
time,0,absl_btree,updates_4096,index_replace_ack_visible,4000,125,208,250,5084,0,0
time,0,absl_btree,updates_4096,index_cancel_submit,4000,41,42,42,84,0,0
time,0,absl_btree,updates_4096,index_terminal_visible,4000,83,166,208,209,0,0
time,0,absl_btree,updates_4096,index_reactivate,4000,125,208,250,250,0,0
time,0,absl_btree,crowded_32,summary_first,4000,0,42,42,42,0,0
time,0,absl_btree,crowded_32,summary_last,4000,0,42,42,83,0,0
time,0,absl_btree,crowded_32,summary_miss,4000,0,42,42,84,0,0
time,0,absl_btree,crowded_32,summary_random,4000,0,42,42,83,0,0
time,0,absl_btree,crowded_32,best,4000,0,42,84,166,0,0
time,0,absl_btree,crowded_32,sorted_range8,2000,0,42,42,42,0,0
time,0,absl_btree,crowded_32,orders_at,2000,83,84,167,208,0,0
time,0,absl_btree,crowded_32,batch64_summary,2000,250,333,375,542,0,0
time,0,absl_btree,crowded_4096,summary_first,4000,0,42,42,42,0,0
time,0,absl_btree,crowded_4096,summary_last,4000,0,42,42,42,0,0
time,0,absl_btree,crowded_4096,summary_miss,4000,0,42,42,42,0,0
time,0,absl_btree,crowded_4096,summary_random,4000,0,42,42,42,0,0
time,0,absl_btree,crowded_4096,best,4000,0,42,42,166,0,0
time,0,absl_btree,crowded_4096,sorted_range8,2000,0,42,42,125,0,0
time,0,absl_btree,crowded_4096,orders_at,2000,16625,17125,21375,29167,0,0
time,0,absl_btree,mixed_4_q0,fill_plus_queries,20000,41,42,42,166,0,0
time,0,absl_btree,mixed_4_q1,fill_plus_queries,20000,42,42,42,125,0,0
time,0,absl_btree,mixed_4_q4,fill_plus_queries,20000,83,125,125,250,0,0
time,0,absl_btree,mixed_4_q16,fill_plus_queries,20000,208,250,250,375,0,0
time,0,absl_btree,mixed_32_q0,fill_plus_queries,20000,41,42,42,208,0,0
time,0,absl_btree,mixed_32_q1,fill_plus_queries,20000,42,84,84,125,0,0
time,0,absl_btree,mixed_32_q4,fill_plus_queries,20000,84,125,208,292,0,0
time,0,absl_btree,mixed_32_q16,fill_plus_queries,20000,292,375,417,4417,0,0
time,0,absl_btree,mixed_128_q0,fill_plus_queries,20000,41,42,42,84,0,0
time,0,absl_btree,mixed_128_q1,fill_plus_queries,20000,42,84,84,167,0,0
time,0,absl_btree,mixed_128_q4,fill_plus_queries,20000,125,167,167,250,0,0
time,0,absl_btree,mixed_128_q16,fill_plus_queries,20000,417,500,542,6750,0,0
time,0,absl_btree,mixed_4096_q0,fill_plus_queries,4000,41,42,84,84,0,0
time,0,absl_btree,mixed_4096_q1,fill_plus_queries,4000,83,125,125,125,0,0
time,0,absl_btree,mixed_4096_q4,fill_plus_queries,4000,167,250,292,458,0,0
time,0,absl_btree,mixed_4096_q16,fill_plus_queries,4000,583,667,875,7208,0,0
time,0,absl_btree,growth,new_order_price,20000,167,1708,3542,20792,0,0
time,0,absl_btree,growth,first32_subset,32,125,291,291,1250,0,0
time,0,absl_btree,growth,last_quarter_subset,5000,167,2167,3375,20792,0,0
time,0,absl_btree,growth,every64_subset,313,2000,6125,13583,20792,0,0
time,0,absl_btree,4096books_4near_2far,summary_random,20000,41,84,167,667,0,0
time,0,absl_btree,prototype_4,intent_to_command,20000,42,84,84,833,0,0
time,0,absl_btree,prototype_4,queued_intent,20000,0,42,42,125,0,0
time,0,absl_btree,prototype_4,report_visible,20000,83,125,167,1709,0,0
time,0,absl_btree,prototype_4,ready_to_command,20000,83,84,166,7250,0,0
time,0,absl_btree,prototype_32,intent_to_command,20000,83,84,125,250,0,0
time,0,absl_btree,prototype_32,queued_intent,20000,0,42,42,167,0,0
time,0,absl_btree,prototype_32,report_visible,20000,125,166,208,292,0,0
time,0,absl_btree,prototype_32,ready_to_command,20000,83,125,167,3834,0,0
time,0,absl_btree,prototype_128,intent_to_command,20000,83,125,167,2792,0,0
time,0,absl_btree,prototype_128,queued_intent,20000,0,42,42,167,0,0
time,0,absl_btree,prototype_128,report_visible,20000,125,167,250,1667,0,0
time,0,absl_btree,prototype_128,ready_to_command,20000,84,167,209,6208,0,0
time,0,linear_prices,prices_4,summary_first,20000,0,42,42,84,0,0
time,0,linear_prices,prices_4,summary_last,20000,0,42,42,167,0,0
time,0,linear_prices,prices_4,summary_miss,20000,0,42,42,84,0,0
time,0,linear_prices,prices_4,summary_random,20000,0,42,42,125,0,0
time,0,linear_prices,prices_4,best,20000,0,42,42,125,0,0
time,0,linear_prices,prices_4,sorted_range8,2000,0,42,83,167,0,0
time,0,linear_prices,prices_4,orders_at,2000,0,42,42,42,0,0
time,0,linear_prices,prices_4,batch64_summary,2000,625,709,750,3875,0,0
time,0,linear_prices,updates_4,index_fill_visible,20000,0,42,42,208,0,0
time,0,linear_prices,updates_4,index_replace_submit,20000,42,42,83,291,0,0
time,0,linear_prices,updates_4,index_replace_ack_visible,20000,42,83,84,291,0,0
time,0,linear_prices,updates_4,index_cancel_submit,20000,0,42,42,125,0,0
time,0,linear_prices,updates_4,index_terminal_visible,20000,41,42,42,167,0,0
time,0,linear_prices,updates_4,index_reactivate,20000,42,42,83,4000,0,0
time,0,linear_prices,prices_8,summary_first,20000,0,42,42,83,0,0
time,0,linear_prices,prices_8,summary_last,20000,0,42,42,167,0,0
time,0,linear_prices,prices_8,summary_miss,20000,0,42,42,125,0,0
time,0,linear_prices,prices_8,summary_random,20000,0,42,42,125,0,0
time,0,linear_prices,prices_8,best,20000,0,42,42,208,0,0
time,0,linear_prices,prices_8,sorted_range8,2000,42,84,166,209,0,0
time,0,linear_prices,prices_8,orders_at,2000,0,42,42,83,0,0
time,0,linear_prices,prices_8,batch64_summary,2000,875,959,1041,1042,0,0
time,0,linear_prices,updates_8,index_fill_visible,20000,0,42,42,1333,0,0
time,0,linear_prices,updates_8,index_replace_submit,20000,42,42,83,208,0,0
time,0,linear_prices,updates_8,index_replace_ack_visible,20000,42,84,84,209,0,0
time,0,linear_prices,updates_8,index_cancel_submit,20000,0,42,42,167,0,0
time,0,linear_prices,updates_8,index_terminal_visible,20000,42,42,84,167,0,0
time,0,linear_prices,updates_8,index_reactivate,20000,42,42,84,167,0,0
time,0,linear_prices,prices_16,summary_first,20000,0,42,42,42,0,0
time,0,linear_prices,prices_16,summary_last,20000,0,42,42,167,0,0
time,0,linear_prices,prices_16,summary_miss,20000,0,42,42,208,0,0
time,0,linear_prices,prices_16,summary_random,20000,0,42,42,208,0,0
time,0,linear_prices,prices_16,best,20000,0,42,42,208,0,0
time,0,linear_prices,prices_16,sorted_range8,2000,125,125,208,209,0,0
time,0,linear_prices,prices_16,orders_at,2000,0,42,42,167,0,0
time,0,linear_prices,prices_16,batch64_summary,2000,792,875,916,917,0,0
time,0,linear_prices,updates_16,index_fill_visible,20000,0,42,42,167,0,0
time,0,linear_prices,updates_16,index_replace_submit,20000,42,42,84,5125,0,0
time,0,linear_prices,updates_16,index_replace_ack_visible,20000,42,84,84,250,0,0
time,0,linear_prices,updates_16,index_cancel_submit,20000,0,42,42,84,0,0
time,0,linear_prices,updates_16,index_terminal_visible,20000,42,84,84,250,0,0
time,0,linear_prices,updates_16,index_reactivate,20000,42,42,84,208,0,0
time,0,linear_prices,prices_32,summary_first,20000,0,42,42,167,0,0
time,0,linear_prices,prices_32,summary_last,20000,0,42,42,167,0,0
time,0,linear_prices,prices_32,summary_miss,20000,0,42,42,125,0,0
time,0,linear_prices,prices_32,summary_random,20000,0,42,42,208,0,0
time,0,linear_prices,prices_32,best,20000,0,42,42,208,0,0
time,0,linear_prices,prices_32,sorted_range8,2000,208,209,292,334,0,0
time,0,linear_prices,prices_32,orders_at,2000,0,42,42,166,0,0
time,0,linear_prices,prices_32,batch64_summary,2000,917,1000,1042,1042,0,0
time,0,linear_prices,updates_32,index_fill_visible,20000,0,42,42,208,0,0
time,0,linear_prices,updates_32,index_replace_submit,20000,42,42,84,5042,0,0
time,0,linear_prices,updates_32,index_replace_ack_visible,20000,83,125,125,209,0,0
time,0,linear_prices,updates_32,index_cancel_submit,20000,0,42,42,125,0,0
time,0,linear_prices,updates_32,index_terminal_visible,20000,42,84,84,250,0,0
time,0,linear_prices,updates_32,index_reactivate,20000,42,84,84,209,0,0
time,0,linear_prices,prices_128,summary_first,20000,0,42,42,84,0,0
time,0,linear_prices,prices_128,summary_last,20000,42,84,84,167,0,0
time,0,linear_prices,prices_128,summary_miss,20000,42,84,84,4833,0,0
time,0,linear_prices,prices_128,summary_random,20000,41,83,84,167,0,0
time,0,linear_prices,prices_128,best,20000,0,42,42,167,0,0
time,0,linear_prices,prices_128,sorted_range8,2000,917,959,1042,1042,0,0
time,0,linear_prices,prices_128,orders_at,2000,42,84,84,84,0,0
time,0,linear_prices,updates_128,index_fill_visible,20000,0,42,42,167,0,0
time,0,linear_prices,updates_128,index_replace_submit,20000,125,125,167,1416,0,0
time,0,linear_prices,updates_128,index_replace_ack_visible,20000,167,292,333,917,0,0
time,0,linear_prices,updates_128,index_cancel_submit,20000,0,42,42,83,0,0
time,0,linear_prices,updates_128,index_terminal_visible,20000,125,209,250,1000,0,0
time,0,linear_prices,updates_128,index_reactivate,20000,167,167,209,8958,0,0
time,0,linear_prices,prices_1024,summary_first,4000,0,42,42,167,0,0
time,0,linear_prices,prices_1024,summary_last,4000,292,375,417,459,0,0
time,0,linear_prices,prices_1024,summary_miss,4000,292,334,334,417,0,0
time,0,linear_prices,prices_1024,summary_random,4000,167,292,334,334,0,0
time,0,linear_prices,prices_1024,best,4000,0,42,42,125,0,0
time,0,linear_prices,prices_1024,sorted_range8,2000,6708,6792,6875,13708,0,0
time,0,linear_prices,prices_1024,orders_at,2000,167,333,334,375,0,0
time,0,linear_prices,updates_1024,index_fill_visible,4000,41,42,83,167,0,0
time,0,linear_prices,updates_1024,index_replace_submit,4000,625,667,750,2167,0,0
time,0,linear_prices,updates_1024,index_replace_ack_visible,4000,916,1167,1208,1209,0,0
time,0,linear_prices,updates_1024,index_cancel_submit,4000,0,42,42,42,0,0
time,0,linear_prices,updates_1024,index_terminal_visible,4000,709,875,917,5792,0,0
time,0,linear_prices,updates_1024,index_reactivate,4000,917,958,1000,1042,0,0
time,0,linear_prices,prices_4096,summary_first,4000,0,42,42,42,0,0
time,0,linear_prices,prices_4096,summary_last,4000,1167,1209,1333,6125,0,0
time,0,linear_prices,prices_4096,summary_miss,4000,1167,1209,1292,15209,0,0
time,0,linear_prices,prices_4096,summary_random,4000,584,1167,1208,1209,0,0
time,0,linear_prices,prices_4096,best,4000,0,42,42,125,0,0
time,0,linear_prices,prices_4096,sorted_range8,2000,26709,26875,31709,32167,0,0
time,0,linear_prices,prices_4096,orders_at,2000,625,1167,1209,1250,0,0
time,0,linear_prices,updates_4096,index_fill_visible,4000,41,42,84,84,0,0
time,0,linear_prices,updates_4096,index_replace_submit,4000,2375,2458,2750,5542,0,0
time,0,linear_prices,updates_4096,index_replace_ack_visible,4000,3458,4583,4750,8125,0,0
time,0,linear_prices,updates_4096,index_cancel_submit,4000,0,42,42,42,0,0
time,0,linear_prices,updates_4096,index_terminal_visible,4000,2833,3417,3875,8292,0,0
time,0,linear_prices,updates_4096,index_reactivate,4000,3500,3584,4250,10834,0,0
time,0,linear_prices,crowded_32,summary_first,4000,0,42,42,42,0,0
time,0,linear_prices,crowded_32,summary_last,4000,0,42,42,84,0,0
time,0,linear_prices,crowded_32,summary_miss,4000,0,42,42,42,0,0
time,0,linear_prices,crowded_32,summary_random,4000,0,42,42,83,0,0
time,0,linear_prices,crowded_32,best,4000,0,42,42,42,0,0
time,0,linear_prices,crowded_32,sorted_range8,2000,0,42,42,42,0,0
time,0,linear_prices,crowded_32,orders_at,2000,83,125,125,167,0,0
time,0,linear_prices,crowded_32,batch64_summary,2000,250,250,250,291,0,0
time,0,linear_prices,crowded_4096,summary_first,4000,0,42,42,84,0,0
time,0,linear_prices,crowded_4096,summary_last,4000,0,42,42,5167,0,0
time,0,linear_prices,crowded_4096,summary_miss,4000,0,42,42,42,0,0
time,0,linear_prices,crowded_4096,summary_random,4000,0,42,42,125,0,0
time,0,linear_prices,crowded_4096,best,4000,0,42,42,42,0,0
time,0,linear_prices,crowded_4096,sorted_range8,2000,0,42,42,42,0,0
time,0,linear_prices,crowded_4096,orders_at,2000,16750,16917,21834,26834,0,0
time,0,linear_prices,mixed_4_q0,fill_plus_queries,20000,41,42,42,208,0,0
time,0,linear_prices,mixed_4_q1,fill_plus_queries,20000,41,42,42,208,0,0
time,0,linear_prices,mixed_4_q4,fill_plus_queries,20000,42,84,84,125,0,0
time,0,linear_prices,mixed_4_q16,fill_plus_queries,20000,209,250,292,375,0,0
time,0,linear_prices,mixed_32_q0,fill_plus_queries,20000,41,42,42,84,0,0
time,0,linear_prices,mixed_32_q1,fill_plus_queries,20000,41,42,83,167,0,0
time,0,linear_prices,mixed_32_q4,fill_plus_queries,20000,83,125,125,250,0,0
time,0,linear_prices,mixed_32_q16,fill_plus_queries,20000,292,334,416,583,0,0
time,0,linear_prices,mixed_128_q0,fill_plus_queries,20000,41,42,42,7417,0,0
time,0,linear_prices,mixed_128_q1,fill_plus_queries,20000,42,84,84,167,0,0
time,0,linear_prices,mixed_128_q4,fill_plus_queries,20000,166,209,209,292,0,0
time,0,linear_prices,mixed_128_q16,fill_plus_queries,20000,542,667,709,2291,0,0
time,0,linear_prices,mixed_4096_q0,fill_plus_queries,4000,41,42,84,125,0,0
time,0,linear_prices,mixed_4096_q1,fill_plus_queries,4000,750,1209,1250,1292,0,0
time,0,linear_prices,mixed_4096_q4,fill_plus_queries,4000,2833,4416,4667,6458,0,0
time,0,linear_prices,mixed_4096_q16,fill_plus_queries,4000,11209,14500,16291,18334,0,0
time,0,linear_prices,growth,new_order_price,20000,8375,16334,19958,83250,0,0
time,0,linear_prices,growth,first32_subset,32,83,167,167,1083,0,0
time,0,linear_prices,growth,last_quarter_subset,5000,14458,17916,21958,83250,0,0
time,0,linear_prices,growth,every64_subset,313,11459,22875,67125,83250,0,0
time,0,linear_prices,4096books_4near_2far,summary_random,20000,41,83,166,5250,0,0
time,0,linear_prices,prototype_4,intent_to_command,20000,42,42,84,833,0,0
time,0,linear_prices,prototype_4,queued_intent,20000,0,42,42,167,0,0
time,0,linear_prices,prototype_4,report_visible,20000,83,84,125,375,0,0
time,0,linear_prices,prototype_4,ready_to_command,20000,42,84,125,208,0,0
time,0,linear_prices,prototype_32,intent_to_command,20000,42,84,84,167,0,0
time,0,linear_prices,prototype_32,queued_intent,20000,0,42,42,167,0,0
time,0,linear_prices,prototype_32,report_visible,20000,83,125,125,209,0,0
time,0,linear_prices,prototype_32,ready_to_command,20000,83,84,84,250,0,0
time,0,linear_prices,prototype_128,intent_to_command,20000,125,167,167,4000,0,0
time,0,linear_prices,prototype_128,queued_intent,20000,0,42,42,167,0,0
time,0,linear_prices,prototype_128,report_visible,20000,208,292,292,3250,0,0
time,0,linear_prices,prototype_128,ready_to_command,20000,166,167,208,13834,0,0
time,0,linear_orders,prices_4,summary_first,20000,0,42,42,208,0,0
time,0,linear_orders,prices_4,summary_last,20000,0,42,42,2834,0,0
time,0,linear_orders,prices_4,summary_miss,20000,0,42,42,84,0,0
time,0,linear_orders,prices_4,summary_random,20000,0,42,42,125,0,0
time,0,linear_orders,prices_4,best,20000,0,42,42,167,0,0
time,0,linear_orders,prices_4,sorted_range8,2000,42,42,84,208,0,0
time,0,linear_orders,prices_4,orders_at,2000,0,42,42,167,0,0
time,0,linear_orders,prices_4,batch64_summary,2000,958,1000,1084,5875,0,0
time,0,linear_orders,updates_4,index_fill_visible,20000,0,42,42,125,0,0
time,0,linear_orders,updates_4,index_replace_submit,20000,0,42,42,83,0,0
time,0,linear_orders,updates_4,index_replace_ack_visible,20000,0,42,42,84,0,0
time,0,linear_orders,updates_4,index_cancel_submit,20000,0,42,42,125,0,0
time,0,linear_orders,updates_4,index_terminal_visible,20000,0,42,42,167,0,0
time,0,linear_orders,updates_4,index_reactivate,20000,0,42,42,84,0,0
time,0,linear_orders,prices_8,summary_first,20000,0,42,42,167,0,0
time,0,linear_orders,prices_8,summary_last,20000,0,42,42,84,0,0
time,0,linear_orders,prices_8,summary_miss,20000,0,42,42,84,0,0
time,0,linear_orders,prices_8,summary_random,20000,0,42,42,84,0,0
time,0,linear_orders,prices_8,best,20000,0,42,42,125,0,0
time,0,linear_orders,prices_8,sorted_range8,2000,125,167,167,291,0,0
time,0,linear_orders,prices_8,orders_at,2000,0,42,42,42,0,0
time,0,linear_orders,prices_8,batch64_summary,2000,1334,1500,1625,8125,0,0
time,0,linear_orders,updates_8,index_fill_visible,20000,0,42,42,167,0,0
time,0,linear_orders,updates_8,index_replace_submit,20000,0,42,42,209,0,0
time,0,linear_orders,updates_8,index_replace_ack_visible,20000,0,42,42,166,0,0
time,0,linear_orders,updates_8,index_cancel_submit,20000,0,42,42,209,0,0
time,0,linear_orders,updates_8,index_terminal_visible,20000,0,42,42,167,0,0
time,0,linear_orders,updates_8,index_reactivate,20000,0,42,42,208,0,0
time,0,linear_orders,prices_16,summary_first,20000,41,42,42,83,0,0
time,0,linear_orders,prices_16,summary_last,20000,41,42,42,166,0,0
time,0,linear_orders,prices_16,summary_miss,20000,41,42,42,84,0,0
time,0,linear_orders,prices_16,summary_random,20000,41,42,42,125,0,0
time,0,linear_orders,prices_16,best,20000,0,42,42,167,0,0
time,0,linear_orders,prices_16,sorted_range8,2000,209,250,292,375,0,0
time,0,linear_orders,prices_16,orders_at,2000,41,42,42,42,0,0
time,0,linear_orders,prices_16,batch64_summary,2000,1834,1917,2042,6875,0,0
time,0,linear_orders,updates_16,index_fill_visible,20000,0,42,42,209,0,0
time,0,linear_orders,updates_16,index_replace_submit,20000,0,42,42,209,0,0
time,0,linear_orders,updates_16,index_replace_ack_visible,20000,0,42,42,208,0,0
time,0,linear_orders,updates_16,index_cancel_submit,20000,0,42,42,209,0,0
time,0,linear_orders,updates_16,index_terminal_visible,20000,0,42,42,167,0,0
time,0,linear_orders,updates_16,index_reactivate,20000,0,42,42,167,0,0
time,0,linear_orders,prices_32,summary_first,20000,42,84,84,208,0,0
time,0,linear_orders,prices_32,summary_last,20000,42,84,84,250,0,0
time,0,linear_orders,prices_32,summary_miss,20000,42,84,84,208,0,0
time,0,linear_orders,prices_32,summary_random,20000,42,84,84,250,0,0
time,0,linear_orders,prices_32,best,20000,41,42,42,167,0,0
time,0,linear_orders,prices_32,sorted_range8,2000,459,500,500,625,0,0
time,0,linear_orders,prices_32,orders_at,2000,42,84,84,125,0,0
time,0,linear_orders,prices_32,batch64_summary,2000,3125,3250,3625,8334,0,0
time,0,linear_orders,updates_32,index_fill_visible,20000,0,42,42,125,0,0
time,0,linear_orders,updates_32,index_replace_submit,20000,0,42,42,84,0,0
time,0,linear_orders,updates_32,index_replace_ack_visible,20000,0,42,42,208,0,0
time,0,linear_orders,updates_32,index_cancel_submit,20000,0,42,42,125,0,0
time,0,linear_orders,updates_32,index_terminal_visible,20000,0,42,42,167,0,0
time,0,linear_orders,updates_32,index_reactivate,20000,0,42,42,167,0,0
time,0,linear_orders,prices_128,summary_first,20000,166,167,209,334,0,0
time,0,linear_orders,prices_128,summary_last,20000,166,167,209,5209,0,0
time,0,linear_orders,prices_128,summary_miss,20000,166,167,209,292,0,0
time,0,linear_orders,prices_128,summary_random,20000,167,167,209,5417,0,0
time,0,linear_orders,prices_128,best,20000,84,125,166,250,0,0
time,0,linear_orders,prices_128,sorted_range8,2000,1541,1583,1666,1708,0,0
time,0,linear_orders,prices_128,orders_at,2000,166,167,208,209,0,0
time,0,linear_orders,updates_128,index_fill_visible,20000,0,42,42,208,0,0
time,0,linear_orders,updates_128,index_replace_submit,20000,0,42,42,125,0,0
time,0,linear_orders,updates_128,index_replace_ack_visible,20000,0,42,42,209,0,0
time,0,linear_orders,updates_128,index_cancel_submit,20000,0,42,42,250,0,0
time,0,linear_orders,updates_128,index_terminal_visible,20000,0,42,42,167,0,0
time,0,linear_orders,updates_128,index_reactivate,20000,0,42,42,208,0,0
time,0,linear_orders,prices_1024,summary_first,4000,1209,1334,1500,3625,0,0
time,0,linear_orders,prices_1024,summary_last,4000,1250,1334,1500,7959,0,0
time,0,linear_orders,prices_1024,summary_miss,4000,1250,1334,1542,1750,0,0
time,0,linear_orders,prices_1024,summary_random,4000,1250,1375,1542,6292,0,0
time,0,linear_orders,prices_1024,best,4000,1000,1084,1250,7750,0,0
time,0,linear_orders,prices_1024,sorted_range8,2000,12291,12834,15500,18416,0,0
time,0,linear_orders,prices_1024,orders_at,2000,1167,1250,1458,6292,0,0
time,0,linear_orders,updates_1024,index_fill_visible,4000,0,42,42,208,0,0
time,0,linear_orders,updates_1024,index_replace_submit,4000,0,42,42,42,0,0
time,0,linear_orders,updates_1024,index_replace_ack_visible,4000,0,42,42,83,0,0
time,0,linear_orders,updates_1024,index_cancel_submit,4000,0,42,42,83,0,0
time,0,linear_orders,updates_1024,index_terminal_visible,4000,0,42,42,5084,0,0
time,0,linear_orders,updates_1024,index_reactivate,4000,0,42,42,42,0,0
time,0,linear_orders,prices_4096,summary_first,4000,7125,7417,13958,33583,0,0
time,0,linear_orders,prices_4096,summary_last,4000,7042,7375,13125,14708,0,0
time,0,linear_orders,prices_4096,summary_miss,4000,7042,7375,13708,20875,0,0
time,0,linear_orders,prices_4096,summary_random,4000,7042,7375,13541,32583,0,0
time,0,linear_orders,prices_4096,best,4000,6125,6334,12042,26375,0,0
time,0,linear_orders,prices_4096,sorted_range8,2000,58167,62959,124750,131916,0,0
time,0,linear_orders,prices_4096,orders_at,2000,6709,7042,14708,26625,0,0
time,0,linear_orders,updates_4096,index_fill_visible,4000,0,42,83,125,0,0
time,0,linear_orders,updates_4096,index_replace_submit,4000,0,42,42,83,0,0
time,0,linear_orders,updates_4096,index_replace_ack_visible,4000,0,42,42,83,0,0
time,0,linear_orders,updates_4096,index_cancel_submit,4000,0,42,42,42,0,0
time,0,linear_orders,updates_4096,index_terminal_visible,4000,0,42,42,84,0,0
time,0,linear_orders,updates_4096,index_reactivate,4000,0,42,83,7542,0,0
time,0,linear_orders,crowded_32,summary_first,4000,42,42,84,167,0,0
time,0,linear_orders,crowded_32,summary_last,4000,42,42,84,125,0,0
time,0,linear_orders,crowded_32,summary_miss,4000,42,84,84,125,0,0
time,0,linear_orders,crowded_32,summary_random,4000,42,83,84,125,0,0
time,0,linear_orders,crowded_32,best,4000,41,42,42,83,0,0
time,0,linear_orders,crowded_32,sorted_range8,2000,125,125,167,250,0,0
time,0,linear_orders,crowded_32,orders_at,2000,42,42,125,125,0,0
time,0,linear_orders,crowded_32,batch64_summary,2000,2625,2667,2750,2750,0,0
time,0,linear_orders,crowded_4096,summary_first,4000,6542,7208,10667,12375,0,0
time,0,linear_orders,crowded_4096,summary_last,4000,6542,7209,9417,10042,0,0
time,0,linear_orders,crowded_4096,summary_miss,4000,6583,7125,9334,12750,0,0
time,0,linear_orders,crowded_4096,summary_random,4000,6500,7084,11667,13209,0,0
time,0,linear_orders,crowded_4096,best,4000,5708,6250,9458,11291,0,0
time,0,linear_orders,crowded_4096,sorted_range8,2000,13542,14334,20083,22250,0,0
time,0,linear_orders,crowded_4096,orders_at,2000,6542,7000,7916,11000,0,0
time,0,linear_orders,mixed_4_q0,fill_plus_queries,20000,0,42,42,6750,0,0
time,0,linear_orders,mixed_4_q1,fill_plus_queries,20000,41,42,42,84,0,0
time,0,linear_orders,mixed_4_q4,fill_plus_queries,20000,42,84,125,250,0,0
time,0,linear_orders,mixed_4_q16,fill_plus_queries,20000,209,250,292,16167,0,0
time,0,linear_orders,mixed_32_q0,fill_plus_queries,20000,0,42,42,42,0,0
time,0,linear_orders,mixed_32_q1,fill_plus_queries,20000,42,84,84,167,0,0
time,0,linear_orders,mixed_32_q4,fill_plus_queries,20000,208,209,250,334,0,0
time,0,linear_orders,mixed_32_q16,fill_plus_queries,20000,750,792,916,5625,0,0
time,0,linear_orders,mixed_128_q0,fill_plus_queries,20000,0,42,42,84,0,0
time,0,linear_orders,mixed_128_q1,fill_plus_queries,20000,167,167,209,292,0,0
time,0,linear_orders,mixed_128_q4,fill_plus_queries,20000,625,667,750,5333,0,0
time,0,linear_orders,mixed_128_q16,fill_plus_queries,20000,2417,2541,2917,11292,0,0
time,0,linear_orders,mixed_4096_q0,fill_plus_queries,4000,0,42,42,125,0,0
time,0,linear_orders,mixed_4096_q1,fill_plus_queries,4000,6834,7167,9750,14958,0,0
time,0,linear_orders,mixed_4096_q4,fill_plus_queries,4000,27625,28750,32708,34834,0,0
time,0,linear_orders,mixed_4096_q16,fill_plus_queries,4000,113417,117583,127708,151833,0,0
time,0,linear_orders,growth,new_order_price,20000,41,833,1458,38333,0,0
time,0,linear_orders,growth,first32_subset,32,42,375,375,1167,0,0
time,0,linear_orders,growth,last_quarter_subset,5000,41,1041,1667,26000,0,0
time,0,linear_orders,growth,every64_subset,313,1042,7375,26000,38333,0,0
time,0,linear_orders,4096books_4near_2far,summary_random,20000,42,125,167,1209,0,0
time,0,linear_orders,prototype_4,intent_to_command,20000,0,42,42,1458,0,0
time,0,linear_orders,prototype_4,queued_intent,20000,0,42,42,167,0,0
time,0,linear_orders,prototype_4,report_visible,20000,41,42,42,1041,0,0
time,0,linear_orders,prototype_4,ready_to_command,20000,42,42,42,208,0,0
time,0,linear_orders,prototype_32,intent_to_command,20000,0,42,42,125,0,0
time,0,linear_orders,prototype_32,queued_intent,20000,0,42,42,125,0,0
time,0,linear_orders,prototype_32,report_visible,20000,41,42,42,166,0,0
time,0,linear_orders,prototype_32,ready_to_command,20000,42,42,42,208,0,0
time,0,linear_orders,prototype_128,intent_to_command,20000,0,42,42,84,0,0
time,0,linear_orders,prototype_128,queued_intent,20000,0,42,42,125,0,0
time,0,linear_orders,prototype_128,report_visible,20000,41,42,42,84,0,0
time,0,linear_orders,prototype_128,ready_to_command,20000,42,42,42,167,0,0
time,1,linear_orders,prices_4,summary_first,20000,0,42,42,125,0,0
time,1,linear_orders,prices_4,summary_last,20000,0,42,42,167,0,0
time,1,linear_orders,prices_4,summary_miss,20000,0,42,42,1541,0,0
time,1,linear_orders,prices_4,summary_random,20000,0,42,42,125,0,0
time,1,linear_orders,prices_4,best,20000,0,42,42,125,0,0
time,1,linear_orders,prices_4,sorted_range8,2000,42,42,84,125,0,0
time,1,linear_orders,prices_4,orders_at,2000,0,42,42,167,0,0
time,1,linear_orders,prices_4,batch64_summary,2000,917,1000,1084,1209,0,0
time,1,linear_orders,updates_4,index_fill_visible,20000,0,42,42,125,0,0
time,1,linear_orders,updates_4,index_replace_submit,20000,0,42,42,209,0,0
time,1,linear_orders,updates_4,index_replace_ack_visible,20000,0,42,42,1250,0,0
time,1,linear_orders,updates_4,index_cancel_submit,20000,0,42,42,209,0,0
time,1,linear_orders,updates_4,index_terminal_visible,20000,0,42,42,125,0,0
time,1,linear_orders,updates_4,index_reactivate,20000,0,42,42,208,0,0
time,1,linear_orders,prices_8,summary_first,20000,0,42,42,209,0,0
time,1,linear_orders,prices_8,summary_last,20000,0,42,42,1750,0,0
time,1,linear_orders,prices_8,summary_miss,20000,0,42,42,208,0,0
time,1,linear_orders,prices_8,summary_random,20000,0,42,42,167,0,0
time,1,linear_orders,prices_8,best,20000,0,42,42,208,0,0
time,1,linear_orders,prices_8,sorted_range8,2000,125,166,167,250,0,0
time,1,linear_orders,prices_8,orders_at,2000,0,42,42,83,0,0
time,1,linear_orders,prices_8,batch64_summary,2000,1209,1292,1375,1500,0,0
time,1,linear_orders,updates_8,index_fill_visible,20000,0,42,42,84,0,0
time,1,linear_orders,updates_8,index_replace_submit,20000,0,42,42,208,0,0
time,1,linear_orders,updates_8,index_replace_ack_visible,20000,0,42,42,84,0,0
time,1,linear_orders,updates_8,index_cancel_submit,20000,0,42,42,208,0,0
time,1,linear_orders,updates_8,index_terminal_visible,20000,0,42,42,166,0,0
time,1,linear_orders,updates_8,index_reactivate,20000,0,42,42,209,0,0
time,1,linear_orders,prices_16,summary_first,20000,41,42,42,5125,0,0
time,1,linear_orders,prices_16,summary_last,20000,41,42,42,125,0,0
time,1,linear_orders,prices_16,summary_miss,20000,41,42,42,84,0,0
time,1,linear_orders,prices_16,summary_random,20000,41,42,42,167,0,0
time,1,linear_orders,prices_16,best,20000,0,42,42,84,0,0
time,1,linear_orders,prices_16,sorted_range8,2000,209,250,333,333,0,0
time,1,linear_orders,prices_16,orders_at,2000,41,42,42,84,0,0
time,1,linear_orders,prices_16,batch64_summary,2000,1750,1834,1917,1959,0,0
time,1,linear_orders,updates_16,index_fill_visible,20000,0,42,42,167,0,0
time,1,linear_orders,updates_16,index_replace_submit,20000,0,42,42,167,0,0
time,1,linear_orders,updates_16,index_replace_ack_visible,20000,0,42,42,167,0,0
time,1,linear_orders,updates_16,index_cancel_submit,20000,0,42,42,125,0,0
time,1,linear_orders,updates_16,index_terminal_visible,20000,0,42,42,209,0,0
time,1,linear_orders,updates_16,index_reactivate,20000,0,42,42,209,0,0
time,1,linear_orders,prices_32,summary_first,20000,42,84,84,1250,0,0
time,1,linear_orders,prices_32,summary_last,20000,42,84,84,167,0,0
time,1,linear_orders,prices_32,summary_miss,20000,42,84,84,250,0,0
time,1,linear_orders,prices_32,summary_random,20000,42,84,84,208,0,0
time,1,linear_orders,prices_32,best,20000,41,42,42,84,0,0
time,1,linear_orders,prices_32,sorted_range8,2000,458,541,583,667,0,0
time,1,linear_orders,prices_32,orders_at,2000,42,84,84,209,0,0
time,1,linear_orders,prices_32,batch64_summary,2000,3042,3125,3750,8209,0,0
time,1,linear_orders,updates_32,index_fill_visible,20000,0,42,42,208,0,0
time,1,linear_orders,updates_32,index_replace_submit,20000,0,42,42,84,0,0
time,1,linear_orders,updates_32,index_replace_ack_visible,20000,0,42,42,167,0,0
time,1,linear_orders,updates_32,index_cancel_submit,20000,0,42,42,167,0,0
time,1,linear_orders,updates_32,index_terminal_visible,20000,0,42,42,167,0,0
time,1,linear_orders,updates_32,index_reactivate,20000,0,42,42,83,0,0
time,1,linear_orders,prices_128,summary_first,20000,166,167,208,5666,0,0
time,1,linear_orders,prices_128,summary_last,20000,166,167,209,958,0,0
time,1,linear_orders,prices_128,summary_miss,20000,166,167,209,292,0,0
time,1,linear_orders,prices_128,summary_random,20000,166,167,209,1833,0,0
time,1,linear_orders,prices_128,best,20000,84,125,166,458,0,0
time,1,linear_orders,prices_128,sorted_range8,2000,1541,1542,1625,6625,0,0
time,1,linear_orders,prices_128,orders_at,2000,166,167,208,250,0,0
time,1,linear_orders,updates_128,index_fill_visible,20000,0,42,42,167,0,0
time,1,linear_orders,updates_128,index_replace_submit,20000,0,42,42,167,0,0
time,1,linear_orders,updates_128,index_replace_ack_visible,20000,0,42,42,167,0,0
time,1,linear_orders,updates_128,index_cancel_submit,20000,0,42,42,167,0,0
time,1,linear_orders,updates_128,index_terminal_visible,20000,0,42,42,167,0,0
time,1,linear_orders,updates_128,index_reactivate,20000,0,42,42,209,0,0
time,1,linear_orders,prices_1024,summary_first,4000,1292,1375,1667,4292,0,0
time,1,linear_orders,prices_1024,summary_last,4000,1292,1375,1625,3125,0,0
time,1,linear_orders,prices_1024,summary_miss,4000,1292,1417,1625,6333,0,0
time,1,linear_orders,prices_1024,summary_random,4000,1292,1417,1625,3500,0,0
time,1,linear_orders,prices_1024,best,4000,1000,1083,1208,2708,0,0
time,1,linear_orders,prices_1024,sorted_range8,2000,12667,13000,14875,15709,0,0
time,1,linear_orders,prices_1024,orders_at,2000,1167,1250,1416,6000,0,0
time,1,linear_orders,updates_1024,index_fill_visible,4000,0,42,42,84,0,0
time,1,linear_orders,updates_1024,index_replace_submit,4000,0,42,42,42,0,0
time,1,linear_orders,updates_1024,index_replace_ack_visible,4000,0,42,42,42,0,0
time,1,linear_orders,updates_1024,index_cancel_submit,4000,0,42,42,83,0,0
time,1,linear_orders,updates_1024,index_terminal_visible,4000,0,42,42,5042,0,0
time,1,linear_orders,updates_1024,index_reactivate,4000,0,42,42,42,0,0
time,1,linear_orders,prices_4096,summary_first,4000,7208,7417,9833,13791,0,0
time,1,linear_orders,prices_4096,summary_last,4000,7125,7417,8709,14875,0,0
time,1,linear_orders,prices_4096,summary_miss,4000,7166,7417,10083,13917,0,0
time,1,linear_orders,prices_4096,summary_random,4000,7167,7417,8583,8958,0,0
time,1,linear_orders,prices_4096,best,4000,6167,6375,8625,12875,0,0
time,1,linear_orders,prices_4096,sorted_range8,2000,59584,63041,65833,66541,0,0
time,1,linear_orders,prices_4096,orders_at,2000,6833,7042,8125,11708,0,0
time,1,linear_orders,updates_4096,index_fill_visible,4000,0,42,42,83,0,0
time,1,linear_orders,updates_4096,index_replace_submit,4000,0,42,42,208,0,0
time,1,linear_orders,updates_4096,index_replace_ack_visible,4000,0,42,42,42,0,0
time,1,linear_orders,updates_4096,index_cancel_submit,4000,0,42,42,42,0,0
time,1,linear_orders,updates_4096,index_terminal_visible,4000,0,42,42,208,0,0
time,1,linear_orders,updates_4096,index_reactivate,4000,0,42,42,83,0,0
time,1,linear_orders,crowded_32,summary_first,4000,42,42,42,83,0,0
time,1,linear_orders,crowded_32,summary_last,4000,42,42,42,83,0,0
time,1,linear_orders,crowded_32,summary_miss,4000,42,84,84,125,0,0
time,1,linear_orders,crowded_32,summary_random,4000,42,42,83,84,0,0
time,1,linear_orders,crowded_32,best,4000,41,42,42,42,0,0
time,1,linear_orders,crowded_32,sorted_range8,2000,125,125,208,208,0,0
time,1,linear_orders,crowded_32,orders_at,2000,83,84,84,125,0,0
time,1,linear_orders,crowded_32,batch64_summary,2000,2584,2667,2750,7834,0,0
time,1,linear_orders,crowded_4096,summary_first,4000,6666,7125,7667,13667,0,0
time,1,linear_orders,crowded_4096,summary_last,4000,6666,7125,8417,16042,0,0
time,1,linear_orders,crowded_4096,summary_miss,4000,6666,7000,7542,11667,0,0
time,1,linear_orders,crowded_4096,summary_random,4000,6583,6917,7334,11417,0,0
time,1,linear_orders,crowded_4096,best,4000,5750,6000,6708,10417,0,0
time,1,linear_orders,crowded_4096,sorted_range8,2000,13833,14291,19000,21625,0,0
time,1,linear_orders,crowded_4096,orders_at,2000,8416,8542,9000,13458,0,0
time,1,linear_orders,mixed_4_q0,fill_plus_queries,20000,0,42,42,83,0,0
time,1,linear_orders,mixed_4_q1,fill_plus_queries,20000,41,42,42,166,0,0
time,1,linear_orders,mixed_4_q4,fill_plus_queries,20000,42,84,84,125,0,0
time,1,linear_orders,mixed_4_q16,fill_plus_queries,20000,209,250,292,4250,0,0
time,1,linear_orders,mixed_32_q0,fill_plus_queries,20000,0,42,42,84,0,0
time,1,linear_orders,mixed_32_q1,fill_plus_queries,20000,42,84,84,292,0,0
time,1,linear_orders,mixed_32_q4,fill_plus_queries,20000,208,209,250,5333,0,0
time,1,linear_orders,mixed_32_q16,fill_plus_queries,20000,750,792,875,2083,0,0
time,1,linear_orders,mixed_128_q0,fill_plus_queries,20000,0,42,42,167,0,0
time,1,linear_orders,mixed_128_q1,fill_plus_queries,20000,167,167,208,292,0,0
time,1,linear_orders,mixed_128_q4,fill_plus_queries,20000,625,625,709,4833,0,0
time,1,linear_orders,mixed_128_q16,fill_plus_queries,20000,2417,2500,2875,14666,0,0
time,1,linear_orders,mixed_4096_q0,fill_plus_queries,4000,0,42,42,42,0,0
time,1,linear_orders,mixed_4096_q1,fill_plus_queries,4000,6875,7209,8083,13708,0,0
time,1,linear_orders,mixed_4096_q4,fill_plus_queries,4000,27750,29500,34500,60916,0,0
time,1,linear_orders,mixed_4096_q16,fill_plus_queries,4000,114083,118958,124792,157625,0,0
time,1,linear_orders,growth,new_order_price,20000,41,250,1208,10291,0,0
time,1,linear_orders,growth,first32_subset,32,0,333,333,1208,0,0
time,1,linear_orders,growth,last_quarter_subset,5000,41,333,1250,10291,0,0
time,1,linear_orders,growth,every64_subset,313,250,1375,7792,10291,0,0
time,1,linear_orders,4096books_4near_2far,summary_random,20000,42,84,167,250,0,0
time,1,linear_orders,prototype_4,intent_to_command,20000,0,42,42,208,0,0
time,1,linear_orders,prototype_4,queued_intent,20000,0,42,42,125,0,0
time,1,linear_orders,prototype_4,report_visible,20000,41,42,42,250,0,0
time,1,linear_orders,prototype_4,ready_to_command,20000,42,42,42,375,0,0
time,1,linear_orders,prototype_32,intent_to_command,20000,0,42,42,2166,0,0
time,1,linear_orders,prototype_32,queued_intent,20000,0,42,42,167,0,0
time,1,linear_orders,prototype_32,report_visible,20000,41,42,42,208,0,0
time,1,linear_orders,prototype_32,ready_to_command,20000,42,42,42,167,0,0
time,1,linear_orders,prototype_128,intent_to_command,20000,0,42,42,84,0,0
time,1,linear_orders,prototype_128,queued_intent,20000,0,42,42,1500,0,0
time,1,linear_orders,prototype_128,report_visible,20000,41,42,42,125,0,0
time,1,linear_orders,prototype_128,ready_to_command,20000,42,42,42,125,0,0
time,1,linear_prices,prices_4,summary_first,20000,0,42,42,84,0,0
time,1,linear_prices,prices_4,summary_last,20000,0,42,42,208,0,0
time,1,linear_prices,prices_4,summary_miss,20000,0,42,42,84,0,0
time,1,linear_prices,prices_4,summary_random,20000,0,42,42,250,0,0
time,1,linear_prices,prices_4,best,20000,0,42,42,208,0,0
time,1,linear_prices,prices_4,sorted_range8,2000,0,42,42,167,0,0
time,1,linear_prices,prices_4,orders_at,2000,0,42,42,83,0,0
time,1,linear_prices,prices_4,batch64_summary,2000,750,875,875,5750,0,0
time,1,linear_prices,updates_4,index_fill_visible,20000,0,42,42,208,0,0
time,1,linear_prices,updates_4,index_replace_submit,20000,42,42,84,334,0,0
time,1,linear_prices,updates_4,index_replace_ack_visible,20000,42,84,84,209,0,0
time,1,linear_prices,updates_4,index_cancel_submit,20000,0,42,42,125,0,0
time,1,linear_prices,updates_4,index_terminal_visible,20000,42,83,84,167,0,0
time,1,linear_prices,updates_4,index_reactivate,20000,42,42,83,208,0,0
time,1,linear_prices,prices_8,summary_first,20000,0,42,42,84,0,0
time,1,linear_prices,prices_8,summary_last,20000,0,42,42,125,0,0
time,1,linear_prices,prices_8,summary_miss,20000,0,42,42,166,0,0
time,1,linear_prices,prices_8,summary_random,20000,0,42,42,125,0,0
time,1,linear_prices,prices_8,best,20000,0,42,42,250,0,0
time,1,linear_prices,prices_8,sorted_range8,2000,42,84,84,209,0,0
time,1,linear_prices,prices_8,orders_at,2000,0,42,42,42,0,0
time,1,linear_prices,prices_8,batch64_summary,2000,875,958,1042,2375,0,0
time,1,linear_prices,updates_8,index_fill_visible,20000,0,42,42,209,0,0
time,1,linear_prices,updates_8,index_replace_submit,20000,42,42,83,125,0,0
time,1,linear_prices,updates_8,index_replace_ack_visible,20000,42,84,84,167,0,0
time,1,linear_prices,updates_8,index_cancel_submit,20000,0,42,42,125,0,0
time,1,linear_prices,updates_8,index_terminal_visible,20000,42,84,84,208,0,0
time,1,linear_prices,updates_8,index_reactivate,20000,42,83,84,11000,0,0
time,1,linear_prices,prices_16,summary_first,20000,0,42,42,208,0,0
time,1,linear_prices,prices_16,summary_last,20000,0,42,42,166,0,0
time,1,linear_prices,prices_16,summary_miss,20000,0,42,42,84,0,0
time,1,linear_prices,prices_16,summary_random,20000,0,42,42,84,0,0
time,1,linear_prices,prices_16,best,20000,0,42,42,167,0,0
time,1,linear_prices,prices_16,sorted_range8,2000,125,125,209,250,0,0
time,1,linear_prices,prices_16,orders_at,2000,0,42,42,42,0,0
time,1,linear_prices,prices_16,batch64_summary,2000,958,1083,1208,1208,0,0
time,1,linear_prices,updates_16,index_fill_visible,20000,0,42,42,208,0,0
time,1,linear_prices,updates_16,index_replace_submit,20000,42,42,83,167,0,0
time,1,linear_prices,updates_16,index_replace_ack_visible,20000,42,84,84,250,0,0
time,1,linear_prices,updates_16,index_cancel_submit,20000,0,42,42,167,0,0
time,1,linear_prices,updates_16,index_terminal_visible,20000,42,83,84,167,0,0
time,1,linear_prices,updates_16,index_reactivate,20000,42,83,84,167,0,0
time,1,linear_prices,prices_32,summary_first,20000,0,42,42,84,0,0
time,1,linear_prices,prices_32,summary_last,20000,0,42,42,125,0,0
time,1,linear_prices,prices_32,summary_miss,20000,0,42,42,125,0,0
time,1,linear_prices,prices_32,summary_random,20000,0,42,42,84,0,0
time,1,linear_prices,prices_32,best,20000,0,42,42,7250,0,0
time,1,linear_prices,prices_32,sorted_range8,2000,208,209,333,375,0,0
time,1,linear_prices,prices_32,orders_at,2000,0,42,42,83,0,0
time,1,linear_prices,prices_32,batch64_summary,2000,1166,1209,1250,1292,0,0
time,1,linear_prices,updates_32,index_fill_visible,20000,0,42,42,167,0,0
time,1,linear_prices,updates_32,index_replace_submit,20000,42,42,84,291,0,0
time,1,linear_prices,updates_32,index_replace_ack_visible,20000,83,125,125,209,0,0
time,1,linear_prices,updates_32,index_cancel_submit,20000,0,42,42,166,0,0
time,1,linear_prices,updates_32,index_terminal_visible,20000,42,84,84,209,0,0
time,1,linear_prices,updates_32,index_reactivate,20000,42,84,84,208,0,0
time,1,linear_prices,prices_128,summary_first,20000,0,42,42,42,0,0
time,1,linear_prices,prices_128,summary_last,20000,42,84,84,209,0,0
time,1,linear_prices,prices_128,summary_miss,20000,42,84,84,125,0,0
time,1,linear_prices,prices_128,summary_random,20000,41,83,84,125,0,0
time,1,linear_prices,prices_128,best,20000,0,42,42,84,0,0
time,1,linear_prices,prices_128,sorted_range8,2000,917,959,1084,1125,0,0
time,1,linear_prices,prices_128,orders_at,2000,41,84,166,208,0,0
time,1,linear_prices,updates_128,index_fill_visible,20000,0,42,42,125,0,0
time,1,linear_prices,updates_128,index_replace_submit,20000,125,125,167,1208,0,0
time,1,linear_prices,updates_128,index_replace_ack_visible,20000,208,292,333,375,0,0
time,1,linear_prices,updates_128,index_cancel_submit,20000,0,42,42,166,0,0
time,1,linear_prices,updates_128,index_terminal_visible,20000,166,250,250,12750,0,0
time,1,linear_prices,updates_128,index_reactivate,20000,167,167,209,334,0,0
time,1,linear_prices,prices_1024,summary_first,4000,0,42,42,84,0,0
time,1,linear_prices,prices_1024,summary_last,4000,292,375,458,542,0,0
time,1,linear_prices,prices_1024,summary_miss,4000,292,334,375,417,0,0
time,1,linear_prices,prices_1024,summary_random,4000,167,292,334,458,0,0
time,1,linear_prices,prices_1024,best,4000,0,42,42,84,0,0
time,1,linear_prices,prices_1024,sorted_range8,2000,6708,6792,6875,11917,0,0
time,1,linear_prices,prices_1024,orders_at,2000,167,333,334,334,0,0
time,1,linear_prices,updates_1024,index_fill_visible,4000,0,42,42,83,0,0
time,1,linear_prices,updates_1024,index_replace_submit,4000,625,667,750,2000,0,0
time,1,linear_prices,updates_1024,index_replace_ack_visible,4000,1292,1959,2000,7625,0,0
time,1,linear_prices,updates_1024,index_cancel_submit,4000,0,42,42,42,0,0
time,1,linear_prices,updates_1024,index_terminal_visible,4000,1125,1667,1750,1833,0,0
time,1,linear_prices,updates_1024,index_reactivate,4000,917,1000,1083,8042,0,0
time,1,linear_prices,prices_4096,summary_first,4000,0,42,42,42,0,0
time,1,linear_prices,prices_4096,summary_last,4000,1167,1209,1292,1458,0,0
time,1,linear_prices,prices_4096,summary_miss,4000,1167,1209,1334,6292,0,0
time,1,linear_prices,prices_4096,summary_random,4000,625,1167,1167,1209,0,0
time,1,linear_prices,prices_4096,best,4000,0,42,42,42,0,0
time,1,linear_prices,prices_4096,sorted_range8,2000,26708,26875,31834,33791,0,0
time,1,linear_prices,prices_4096,orders_at,2000,625,1167,1250,6083,0,0
time,1,linear_prices,updates_4096,index_fill_visible,4000,41,42,83,125,0,0
time,1,linear_prices,updates_4096,index_replace_submit,4000,2375,2417,2750,7250,0,0
time,1,linear_prices,updates_4096,index_replace_ack_visible,4000,4458,6709,6792,10958,0,0
time,1,linear_prices,updates_4096,index_cancel_submit,4000,0,42,42,167,0,0
time,1,linear_prices,updates_4096,index_terminal_visible,4000,3708,5792,5833,8459,0,0
time,1,linear_prices,updates_4096,index_reactivate,4000,3500,3584,4042,10083,0,0
time,1,linear_prices,crowded_32,summary_first,4000,0,42,42,42,0,0
time,1,linear_prices,crowded_32,summary_last,4000,0,42,42,84,0,0
time,1,linear_prices,crowded_32,summary_miss,4000,0,42,42,42,0,0
time,1,linear_prices,crowded_32,summary_random,4000,0,42,42,42,0,0
time,1,linear_prices,crowded_32,best,4000,0,42,42,83,0,0
time,1,linear_prices,crowded_32,sorted_range8,2000,0,42,42,42,0,0
time,1,linear_prices,crowded_32,orders_at,2000,83,125,125,209,0,0
time,1,linear_prices,crowded_32,batch64_summary,2000,292,333,334,375,0,0
time,1,linear_prices,crowded_4096,summary_first,4000,0,42,42,83,0,0
time,1,linear_prices,crowded_4096,summary_last,4000,0,42,42,84,0,0
time,1,linear_prices,crowded_4096,summary_miss,4000,0,42,42,84,0,0
time,1,linear_prices,crowded_4096,summary_random,4000,0,42,42,167,0,0
time,1,linear_prices,crowded_4096,best,4000,0,42,42,42,0,0
time,1,linear_prices,crowded_4096,sorted_range8,2000,0,42,42,83,0,0
time,1,linear_prices,crowded_4096,orders_at,2000,16750,17125,21833,23917,0,0
time,1,linear_prices,mixed_4_q0,fill_plus_queries,20000,41,42,42,167,0,0
time,1,linear_prices,mixed_4_q1,fill_plus_queries,20000,42,42,84,166,0,0
time,1,linear_prices,mixed_4_q4,fill_plus_queries,20000,83,84,125,250,0,0
time,1,linear_prices,mixed_4_q16,fill_plus_queries,20000,208,250,291,2792,0,0
time,1,linear_prices,mixed_32_q0,fill_plus_queries,20000,41,42,42,166,0,0
time,1,linear_prices,mixed_32_q1,fill_plus_queries,20000,41,42,83,84,0,0
time,1,linear_prices,mixed_32_q4,fill_plus_queries,20000,83,125,166,292,0,0
time,1,linear_prices,mixed_32_q16,fill_plus_queries,20000,292,334,375,5375,0,0
time,1,linear_prices,mixed_128_q0,fill_plus_queries,20000,41,42,42,167,0,0
time,1,linear_prices,mixed_128_q1,fill_plus_queries,20000,42,84,84,125,0,0
time,1,linear_prices,mixed_128_q4,fill_plus_queries,20000,166,209,250,333,0,0
time,1,linear_prices,mixed_128_q16,fill_plus_queries,20000,542,667,709,7667,0,0
time,1,linear_prices,mixed_4096_q0,fill_plus_queries,4000,41,42,83,84,0,0
time,1,linear_prices,mixed_4096_q1,fill_plus_queries,4000,750,1250,1375,2292,0,0
time,1,linear_prices,mixed_4096_q4,fill_plus_queries,4000,2833,4417,4667,4791,0,0
time,1,linear_prices,mixed_4096_q16,fill_plus_queries,4000,11208,14458,16208,23292,0,0
time,1,linear_prices,growth,new_order_price,20000,8459,16541,19541,58916,0,0
time,1,linear_prices,growth,first32_subset,32,83,167,167,1042,0,0
time,1,linear_prices,growth,last_quarter_subset,5000,14625,17667,22458,58916,0,0
time,1,linear_prices,growth,every64_subset,313,11375,22875,24916,58916,0,0
time,1,linear_prices,4096books_4near_2far,summary_random,20000,41,83,84,459,0,0
time,1,linear_prices,prototype_4,intent_to_command,20000,42,83,84,958,0,0
time,1,linear_prices,prototype_4,queued_intent,20000,0,42,42,83,0,0
time,1,linear_prices,prototype_4,report_visible,20000,83,84,125,500,0,0
time,1,linear_prices,prototype_4,ready_to_command,20000,42,84,125,209,0,0
time,1,linear_prices,prototype_32,intent_to_command,20000,42,84,84,250,0,0
time,1,linear_prices,prototype_32,queued_intent,20000,0,42,42,209,0,0
time,1,linear_prices,prototype_32,report_visible,20000,83,125,125,5167,0,0
time,1,linear_prices,prototype_32,ready_to_command,20000,83,84,125,209,0,0
time,1,linear_prices,prototype_128,intent_to_command,20000,125,167,167,667,0,0
time,1,linear_prices,prototype_128,queued_intent,20000,0,42,42,42,0,0
time,1,linear_prices,prototype_128,report_visible,20000,208,292,333,7167,0,0
time,1,linear_prices,prototype_128,ready_to_command,20000,125,167,208,5125,0,0
time,1,absl_btree,prices_4,summary_first,20000,0,42,42,166,0,0
time,1,absl_btree,prices_4,summary_last,20000,0,42,42,84,0,0
time,1,absl_btree,prices_4,summary_miss,20000,0,42,42,250,0,0
time,1,absl_btree,prices_4,summary_random,20000,0,42,42,166,0,0
time,1,absl_btree,prices_4,best,20000,0,42,42,167,0,0
time,1,absl_btree,prices_4,sorted_range8,2000,0,42,42,83,0,0
time,1,absl_btree,prices_4,orders_at,2000,0,42,42,208,0,0
time,1,absl_btree,prices_4,batch64_summary,2000,667,791,833,833,0,0
time,1,absl_btree,updates_4,index_fill_visible,20000,41,42,42,208,0,0
time,1,absl_btree,updates_4,index_replace_submit,20000,42,84,84,333,0,0
time,1,absl_btree,updates_4,index_replace_ack_visible,20000,42,84,125,917,0,0
time,1,absl_btree,updates_4,index_cancel_submit,20000,41,42,42,209,0,0
time,1,absl_btree,updates_4,index_terminal_visible,20000,42,84,84,208,0,0
time,1,absl_btree,updates_4,index_reactivate,20000,42,84,84,209,0,0
time,1,absl_btree,prices_8,summary_first,20000,0,42,42,83,0,0
time,1,absl_btree,prices_8,summary_last,20000,0,42,42,84,0,0
time,1,absl_btree,prices_8,summary_miss,20000,0,42,42,167,0,0
time,1,absl_btree,prices_8,summary_random,20000,0,42,42,166,0,0
time,1,absl_btree,prices_8,best,20000,0,42,42,209,0,0
time,1,absl_btree,prices_8,sorted_range8,2000,0,42,42,42,0,0
time,1,absl_btree,prices_8,orders_at,2000,0,42,42,42,0,0
time,1,absl_btree,prices_8,batch64_summary,2000,792,834,917,1041,0,0
time,1,absl_btree,updates_8,index_fill_visible,20000,0,42,42,208,0,0
time,1,absl_btree,updates_8,index_replace_submit,20000,42,84,84,250,0,0
time,1,absl_btree,updates_8,index_replace_ack_visible,20000,42,84,125,250,0,0
time,1,absl_btree,updates_8,index_cancel_submit,20000,0,42,42,167,0,0
time,1,absl_btree,updates_8,index_terminal_visible,20000,42,84,84,125,0,0
time,1,absl_btree,updates_8,index_reactivate,20000,42,84,84,375,0,0
time,1,absl_btree,prices_16,summary_first,20000,0,42,42,84,0,0
time,1,absl_btree,prices_16,summary_last,20000,0,42,42,84,0,0
time,1,absl_btree,prices_16,summary_miss,20000,0,42,42,84,0,0
time,1,absl_btree,prices_16,summary_random,20000,0,42,42,167,0,0
time,1,absl_btree,prices_16,best,20000,0,42,42,166,0,0
time,1,absl_btree,prices_16,sorted_range8,2000,0,42,42,84,0,0
time,1,absl_btree,prices_16,orders_at,2000,0,42,42,83,0,0
time,1,absl_btree,prices_16,batch64_summary,2000,1000,1084,1167,6084,0,0
time,1,absl_btree,updates_16,index_fill_visible,20000,0,42,42,208,0,0
time,1,absl_btree,updates_16,index_replace_submit,20000,42,84,125,333,0,0
time,1,absl_btree,updates_16,index_replace_ack_visible,20000,83,84,125,209,0,0
time,1,absl_btree,updates_16,index_cancel_submit,20000,0,42,42,208,0,0
time,1,absl_btree,updates_16,index_terminal_visible,20000,42,84,84,208,0,0
time,1,absl_btree,updates_16,index_reactivate,20000,42,84,125,250,0,0
time,1,absl_btree,prices_32,summary_first,20000,0,42,42,84,0,0
time,1,absl_btree,prices_32,summary_last,20000,0,42,42,84,0,0
time,1,absl_btree,prices_32,summary_miss,20000,0,42,42,125,0,0
time,1,absl_btree,prices_32,summary_random,20000,0,42,42,167,0,0
time,1,absl_btree,prices_32,best,20000,0,42,42,167,0,0
time,1,absl_btree,prices_32,sorted_range8,2000,0,42,42,42,0,0
time,1,absl_btree,prices_32,orders_at,2000,0,42,42,42,0,0
time,1,absl_btree,prices_32,batch64_summary,2000,1166,1250,1291,1292,0,0
time,1,absl_btree,updates_32,index_fill_visible,20000,0,42,42,167,0,0
time,1,absl_btree,updates_32,index_replace_submit,20000,83,125,166,250,0,0
time,1,absl_btree,updates_32,index_replace_ack_visible,20000,83,125,167,291,0,0
time,1,absl_btree,updates_32,index_cancel_submit,20000,41,42,42,208,0,0
time,1,absl_btree,updates_32,index_terminal_visible,20000,83,125,125,5042,0,0
time,1,absl_btree,updates_32,index_reactivate,20000,83,125,167,250,0,0
time,1,absl_btree,prices_128,summary_first,20000,0,42,42,83,0,0
time,1,absl_btree,prices_128,summary_last,20000,0,42,42,166,0,0
time,1,absl_btree,prices_128,summary_miss,20000,0,42,42,42,0,0
time,1,absl_btree,prices_128,summary_random,20000,0,42,42,167,0,0
time,1,absl_btree,prices_128,best,20000,0,42,42,209,0,0
time,1,absl_btree,prices_128,sorted_range8,2000,0,42,42,83,0,0
time,1,absl_btree,prices_128,orders_at,2000,41,42,83,84,0,0
time,1,absl_btree,updates_128,index_fill_visible,20000,0,42,42,166,0,0
time,1,absl_btree,updates_128,index_replace_submit,20000,83,125,166,750,0,0
time,1,absl_btree,updates_128,index_replace_ack_visible,20000,84,167,208,14208,0,0
time,1,absl_btree,updates_128,index_cancel_submit,20000,0,42,42,208,0,0
time,1,absl_btree,updates_128,index_terminal_visible,20000,83,125,166,1708,0,0
time,1,absl_btree,updates_128,index_reactivate,20000,84,167,167,291,0,0
time,1,absl_btree,prices_1024,summary_first,4000,0,42,42,42,0,0
time,1,absl_btree,prices_1024,summary_last,4000,0,42,42,42,0,0
time,1,absl_btree,prices_1024,summary_miss,4000,0,42,42,42,0,0
time,1,absl_btree,prices_1024,summary_random,4000,0,42,42,84,0,0
time,1,absl_btree,prices_1024,best,4000,0,42,42,167,0,0
time,1,absl_btree,prices_1024,sorted_range8,2000,0,42,42,83,0,0
time,1,absl_btree,prices_1024,orders_at,2000,42,83,84,84,0,0
time,1,absl_btree,updates_1024,index_fill_visible,4000,41,42,42,125,0,0
time,1,absl_btree,updates_1024,index_replace_submit,4000,84,167,208,667,0,0
time,1,absl_btree,updates_1024,index_replace_ack_visible,4000,125,208,250,292,0,0
time,1,absl_btree,updates_1024,index_cancel_submit,4000,41,42,42,167,0,0
time,1,absl_btree,updates_1024,index_terminal_visible,4000,83,167,250,292,0,0
time,1,absl_btree,updates_1024,index_reactivate,4000,125,250,292,16500,0,0
time,1,absl_btree,prices_4096,summary_first,4000,0,42,42,83,0,0
time,1,absl_btree,prices_4096,summary_last,4000,0,42,42,42,0,0
time,1,absl_btree,prices_4096,summary_miss,4000,0,42,42,83,0,0
time,1,absl_btree,prices_4096,summary_random,4000,41,42,84,84,0,0
time,1,absl_btree,prices_4096,best,4000,0,42,42,42,0,0
time,1,absl_btree,prices_4096,sorted_range8,2000,0,42,42,42,0,0
time,1,absl_btree,prices_4096,orders_at,2000,42,84,84,125,0,0
time,1,absl_btree,updates_4096,index_fill_visible,4000,41,42,42,84,0,0
time,1,absl_btree,updates_4096,index_replace_submit,4000,125,167,209,1000,0,0
time,1,absl_btree,updates_4096,index_replace_ack_visible,4000,125,208,250,292,0,0
time,1,absl_btree,updates_4096,index_cancel_submit,4000,41,42,42,83,0,0
time,1,absl_btree,updates_4096,index_terminal_visible,4000,83,166,208,250,0,0
time,1,absl_btree,updates_4096,index_reactivate,4000,125,208,250,7375,0,0
time,1,absl_btree,crowded_32,summary_first,4000,0,42,42,83,0,0
time,1,absl_btree,crowded_32,summary_last,4000,0,42,83,125,0,0
time,1,absl_btree,crowded_32,summary_miss,4000,0,42,42,84,0,0
time,1,absl_btree,crowded_32,summary_random,4000,0,42,83,125,0,0
time,1,absl_btree,crowded_32,best,4000,0,42,42,42,0,0
time,1,absl_btree,crowded_32,sorted_range8,2000,0,42,42,42,0,0
time,1,absl_btree,crowded_32,orders_at,2000,83,84,167,209,0,0
time,1,absl_btree,crowded_32,batch64_summary,2000,291,292,417,417,0,0
time,1,absl_btree,crowded_4096,summary_first,4000,0,42,42,125,0,0
time,1,absl_btree,crowded_4096,summary_last,4000,0,42,42,84,0,0
time,1,absl_btree,crowded_4096,summary_miss,4000,0,42,42,42,0,0
time,1,absl_btree,crowded_4096,summary_random,4000,0,42,42,84,0,0
time,1,absl_btree,crowded_4096,best,4000,0,42,42,83,0,0
time,1,absl_btree,crowded_4096,sorted_range8,2000,0,42,84,125,0,0
time,1,absl_btree,crowded_4096,orders_at,2000,16750,19750,34167,43833,0,0
time,1,absl_btree,mixed_4_q0,fill_plus_queries,20000,41,42,42,125,0,0
time,1,absl_btree,mixed_4_q1,fill_plus_queries,20000,42,42,125,250,0,0
time,1,absl_btree,mixed_4_q4,fill_plus_queries,20000,83,84,125,208,0,0
time,1,absl_btree,mixed_4_q16,fill_plus_queries,20000,208,250,333,375,0,0
time,1,absl_btree,mixed_32_q0,fill_plus_queries,20000,41,42,42,167,0,0
time,1,absl_btree,mixed_32_q1,fill_plus_queries,20000,42,84,84,166,0,0
time,1,absl_btree,mixed_32_q4,fill_plus_queries,20000,84,125,167,1541,0,0
time,1,absl_btree,mixed_32_q16,fill_plus_queries,20000,292,375,458,2750,0,0
time,1,absl_btree,mixed_128_q0,fill_plus_queries,20000,41,42,42,84,0,0
time,1,absl_btree,mixed_128_q1,fill_plus_queries,20000,42,84,125,2042,0,0
time,1,absl_btree,mixed_128_q4,fill_plus_queries,20000,125,166,167,250,0,0
time,1,absl_btree,mixed_128_q16,fill_plus_queries,20000,334,417,459,5458,0,0
time,1,absl_btree,mixed_4096_q0,fill_plus_queries,4000,41,42,84,84,0,0
time,1,absl_btree,mixed_4096_q1,fill_plus_queries,4000,83,84,167,250,0,0
time,1,absl_btree,mixed_4096_q4,fill_plus_queries,4000,167,250,291,333,0,0
time,1,absl_btree,mixed_4096_q16,fill_plus_queries,4000,625,709,750,875,0,0
time,1,absl_btree,growth,new_order_price,20000,167,833,1500,7041,0,0
time,1,absl_btree,growth,first32_subset,32,125,375,375,1208,0,0
time,1,absl_btree,growth,last_quarter_subset,5000,167,1000,1542,7041,0,0
time,1,absl_btree,growth,every64_subset,313,917,1666,5917,7041,0,0
time,1,absl_btree,4096books_4near_2far,summary_random,20000,41,125,208,375,0,0
time,1,absl_btree,prototype_4,intent_to_command,20000,42,84,84,792,0,0
time,1,absl_btree,prototype_4,queued_intent,20000,0,42,42,209,0,0
time,1,absl_btree,prototype_4,report_visible,20000,83,125,125,833,0,0
time,1,absl_btree,prototype_4,ready_to_command,20000,83,125,125,333,0,0
time,1,absl_btree,prototype_32,intent_to_command,20000,83,84,125,292,0,0
time,1,absl_btree,prototype_32,queued_intent,20000,0,42,42,167,0,0
time,1,absl_btree,prototype_32,report_visible,20000,125,167,208,292,0,0
time,1,absl_btree,prototype_32,ready_to_command,20000,84,125,167,5625,0,0
time,1,absl_btree,prototype_128,intent_to_command,20000,83,125,167,4291,0,0
time,1,absl_btree,prototype_128,queued_intent,20000,0,42,42,125,0,0
time,1,absl_btree,prototype_128,report_visible,20000,125,208,209,417,0,0
time,1,absl_btree,prototype_128,ready_to_command,20000,125,167,167,250,0,0
time,2,linear_prices,prices_4,summary_first,20000,0,42,42,84,0,0
time,2,linear_prices,prices_4,summary_last,20000,0,42,42,125,0,0
time,2,linear_prices,prices_4,summary_miss,20000,0,42,42,167,0,0
time,2,linear_prices,prices_4,summary_random,20000,0,42,42,42,0,0
time,2,linear_prices,prices_4,best,20000,0,42,42,166,0,0
time,2,linear_prices,prices_4,sorted_range8,2000,0,42,42,208,0,0
time,2,linear_prices,prices_4,orders_at,2000,0,42,42,83,0,0
time,2,linear_prices,prices_4,batch64_summary,2000,750,834,875,917,0,0
time,2,linear_prices,updates_4,index_fill_visible,20000,0,42,42,167,0,0
time,2,linear_prices,updates_4,index_replace_submit,20000,42,42,84,250,0,0
time,2,linear_prices,updates_4,index_replace_ack_visible,20000,42,84,84,167,0,0
time,2,linear_prices,updates_4,index_cancel_submit,20000,0,42,42,84,0,0
time,2,linear_prices,updates_4,index_terminal_visible,20000,41,42,42,125,0,0
time,2,linear_prices,updates_4,index_reactivate,20000,42,42,84,1542,0,0
time,2,linear_prices,prices_8,summary_first,20000,0,42,42,42,0,0
time,2,linear_prices,prices_8,summary_last,20000,0,42,42,83,0,0
time,2,linear_prices,prices_8,summary_miss,20000,0,42,42,125,0,0
time,2,linear_prices,prices_8,summary_random,20000,0,42,42,84,0,0
time,2,linear_prices,prices_8,best,20000,0,42,42,83,0,0
time,2,linear_prices,prices_8,sorted_range8,2000,42,84,125,208,0,0
time,2,linear_prices,prices_8,orders_at,2000,0,42,42,42,0,0
time,2,linear_prices,prices_8,batch64_summary,2000,834,958,1000,1041,0,0
time,2,linear_prices,updates_8,index_fill_visible,20000,0,42,42,209,0,0
time,2,linear_prices,updates_8,index_replace_submit,20000,42,42,83,208,0,0
time,2,linear_prices,updates_8,index_replace_ack_visible,20000,42,84,84,167,0,0
time,2,linear_prices,updates_8,index_cancel_submit,20000,0,42,42,83,0,0
time,2,linear_prices,updates_8,index_terminal_visible,20000,42,42,84,1500,0,0
time,2,linear_prices,updates_8,index_reactivate,20000,42,83,84,208,0,0
time,2,linear_prices,prices_16,summary_first,20000,0,42,42,208,0,0
time,2,linear_prices,prices_16,summary_last,20000,0,42,42,84,0,0
time,2,linear_prices,prices_16,summary_miss,20000,0,42,42,125,0,0
time,2,linear_prices,prices_16,summary_random,20000,0,42,42,167,0,0
time,2,linear_prices,prices_16,best,20000,0,42,42,167,0,0
time,2,linear_prices,prices_16,sorted_range8,2000,125,125,250,292,0,0
time,2,linear_prices,prices_16,orders_at,2000,0,42,42,125,0,0
time,2,linear_prices,prices_16,batch64_summary,2000,917,1041,1084,1125,0,0
time,2,linear_prices,updates_16,index_fill_visible,20000,0,42,42,167,0,0
time,2,linear_prices,updates_16,index_replace_submit,20000,42,42,83,334,0,0
time,2,linear_prices,updates_16,index_replace_ack_visible,20000,42,84,84,208,0,0
time,2,linear_prices,updates_16,index_cancel_submit,20000,0,42,42,167,0,0
time,2,linear_prices,updates_16,index_terminal_visible,20000,42,84,84,167,0,0
time,2,linear_prices,updates_16,index_reactivate,20000,42,83,84,209,0,0
time,2,linear_prices,prices_32,summary_first,20000,0,42,42,83,0,0
time,2,linear_prices,prices_32,summary_last,20000,0,42,42,84,0,0
time,2,linear_prices,prices_32,summary_miss,20000,0,42,42,125,0,0
time,2,linear_prices,prices_32,summary_random,20000,0,42,42,166,0,0
time,2,linear_prices,prices_32,best,20000,0,42,42,125,0,0
time,2,linear_prices,prices_32,sorted_range8,2000,208,209,292,334,0,0
time,2,linear_prices,prices_32,orders_at,2000,41,42,42,83,0,0
time,2,linear_prices,prices_32,batch64_summary,2000,1167,1250,1334,6417,0,0
time,2,linear_prices,updates_32,index_fill_visible,20000,0,42,42,84,0,0
time,2,linear_prices,updates_32,index_replace_submit,20000,42,83,84,625,0,0
time,2,linear_prices,updates_32,index_replace_ack_visible,20000,83,125,125,666,0,0
time,2,linear_prices,updates_32,index_cancel_submit,20000,0,42,42,125,0,0
time,2,linear_prices,updates_32,index_terminal_visible,20000,42,84,84,250,0,0
time,2,linear_prices,updates_32,index_reactivate,20000,42,84,84,250,0,0
time,2,linear_prices,prices_128,summary_first,20000,0,42,42,83,0,0
time,2,linear_prices,prices_128,summary_last,20000,42,84,84,209,0,0
time,2,linear_prices,prices_128,summary_miss,20000,42,84,84,209,0,0
time,2,linear_prices,prices_128,summary_random,20000,41,83,84,125,0,0
time,2,linear_prices,prices_128,best,20000,0,42,42,84,0,0
time,2,linear_prices,prices_128,sorted_range8,2000,917,959,1000,5167,0,0
time,2,linear_prices,prices_128,orders_at,2000,42,84,84,84,0,0
time,2,linear_prices,updates_128,index_fill_visible,20000,0,42,42,125,0,0
time,2,linear_prices,updates_128,index_replace_submit,20000,125,125,166,959,0,0
time,2,linear_prices,updates_128,index_replace_ack_visible,20000,167,292,292,375,0,0
time,2,linear_prices,updates_128,index_cancel_submit,20000,0,42,42,84,0,0
time,2,linear_prices,updates_128,index_terminal_visible,20000,125,209,250,4792,0,0
time,2,linear_prices,updates_128,index_reactivate,20000,167,167,209,417,0,0
time,2,linear_prices,prices_1024,summary_first,4000,0,42,42,83,0,0
time,2,linear_prices,prices_1024,summary_last,4000,292,375,417,417,0,0
time,2,linear_prices,prices_1024,summary_miss,4000,292,334,375,417,0,0
time,2,linear_prices,prices_1024,summary_random,4000,167,292,334,375,0,0
time,2,linear_prices,prices_1024,best,4000,0,42,42,42,0,0
time,2,linear_prices,prices_1024,sorted_range8,2000,6708,6833,7708,10834,0,0
time,2,linear_prices,prices_1024,orders_at,2000,167,333,334,375,0,0
time,2,linear_prices,updates_1024,index_fill_visible,4000,41,42,42,42,0,0
time,2,linear_prices,updates_1024,index_replace_submit,4000,625,667,750,2250,0,0
time,2,linear_prices,updates_1024,index_replace_ack_visible,4000,916,1167,1209,1667,0,0
time,2,linear_prices,updates_1024,index_cancel_submit,4000,0,42,42,125,0,0
time,2,linear_prices,updates_1024,index_terminal_visible,4000,709,875,917,958,0,0
time,2,linear_prices,updates_1024,index_reactivate,4000,917,959,1083,1125,0,0
time,2,linear_prices,prices_4096,summary_first,4000,0,42,42,42,0,0
time,2,linear_prices,prices_4096,summary_last,4000,1167,1209,1333,1375,0,0
time,2,linear_prices,prices_4096,summary_miss,4000,1167,1209,1333,1500,0,0
time,2,linear_prices,prices_4096,summary_random,4000,584,1166,1167,5542,0,0
time,2,linear_prices,prices_4096,best,4000,0,42,42,42,0,0
time,2,linear_prices,prices_4096,sorted_range8,2000,26667,26792,31583,33625,0,0
time,2,linear_prices,prices_4096,orders_at,2000,709,4167,4416,5583,0,0
time,2,linear_prices,updates_4096,index_fill_visible,4000,41,42,42,84,0,0
time,2,linear_prices,updates_4096,index_replace_submit,4000,2333,2458,3750,9334,0,0
time,2,linear_prices,updates_4096,index_replace_ack_visible,4000,3417,4542,4666,8833,0,0
time,2,linear_prices,updates_4096,index_cancel_submit,4000,41,42,42,167,0,0
time,2,linear_prices,updates_4096,index_terminal_visible,4000,2833,3416,5625,21208,0,0
time,2,linear_prices,updates_4096,index_reactivate,4000,3459,3583,8542,10416,0,0
time,2,linear_prices,crowded_32,summary_first,4000,0,42,42,83,0,0
time,2,linear_prices,crowded_32,summary_last,4000,0,42,42,83,0,0
time,2,linear_prices,crowded_32,summary_miss,4000,0,42,42,84,0,0
time,2,linear_prices,crowded_32,summary_random,4000,0,42,42,42,0,0
time,2,linear_prices,crowded_32,best,4000,0,42,42,42,0,0
time,2,linear_prices,crowded_32,sorted_range8,2000,0,42,42,125,0,0
time,2,linear_prices,crowded_32,orders_at,2000,83,125,167,208,0,0
time,2,linear_prices,crowded_32,batch64_summary,2000,291,292,333,334,0,0
time,2,linear_prices,crowded_4096,summary_first,4000,0,42,42,84,0,0
time,2,linear_prices,crowded_4096,summary_last,4000,0,42,42,42,0,0
time,2,linear_prices,crowded_4096,summary_miss,4000,0,42,42,83,0,0
time,2,linear_prices,crowded_4096,summary_random,4000,0,42,42,42,0,0
time,2,linear_prices,crowded_4096,best,4000,0,42,42,125,0,0
time,2,linear_prices,crowded_4096,sorted_range8,2000,0,42,42,83,0,0
time,2,linear_prices,crowded_4096,orders_at,2000,16584,16875,23375,23625,0,0
time,2,linear_prices,mixed_4_q0,fill_plus_queries,20000,41,42,42,125,0,0
time,2,linear_prices,mixed_4_q1,fill_plus_queries,20000,41,42,83,166,0,0
time,2,linear_prices,mixed_4_q4,fill_plus_queries,20000,42,84,125,250,0,0
time,2,linear_prices,mixed_4_q16,fill_plus_queries,20000,208,250,292,417,0,0
time,2,linear_prices,mixed_32_q0,fill_plus_queries,20000,41,42,42,84,0,0
time,2,linear_prices,mixed_32_q1,fill_plus_queries,20000,41,42,83,4209,0,0
time,2,linear_prices,mixed_32_q4,fill_plus_queries,20000,83,125,125,167,0,0
time,2,linear_prices,mixed_32_q16,fill_plus_queries,20000,292,334,375,4000,0,0
time,2,linear_prices,mixed_128_q0,fill_plus_queries,20000,41,42,42,209,0,0
time,2,linear_prices,mixed_128_q1,fill_plus_queries,20000,42,84,84,6625,0,0
time,2,linear_prices,mixed_128_q4,fill_plus_queries,20000,166,209,250,334,0,0
time,2,linear_prices,mixed_128_q16,fill_plus_queries,20000,542,667,709,2000,0,0
time,2,linear_prices,mixed_4096_q0,fill_plus_queries,4000,41,42,84,84,0,0
time,2,linear_prices,mixed_4096_q1,fill_plus_queries,4000,750,1209,1250,1291,0,0
time,2,linear_prices,mixed_4096_q4,fill_plus_queries,4000,2833,4417,4625,8167,0,0
time,2,linear_prices,mixed_4096_q16,fill_plus_queries,4000,11125,14375,15667,17333,0,0
time,2,linear_prices,growth,new_order_price,20000,8334,16292,17292,32167,0,0
time,2,linear_prices,growth,first32_subset,32,84,167,167,1208,0,0
time,2,linear_prices,growth,last_quarter_subset,5000,14417,16458,19125,32167,0,0
time,2,linear_prices,growth,every64_subset,313,9458,18125,18416,32167,0,0
time,2,linear_prices,4096books_4near_2far,summary_random,20000,41,83,84,417,0,0
time,2,linear_prices,prototype_4,intent_to_command,20000,42,83,84,917,0,0
time,2,linear_prices,prototype_4,queued_intent,20000,0,42,42,1542,0,0
time,2,linear_prices,prototype_4,report_visible,20000,42,84,125,375,0,0
time,2,linear_prices,prototype_4,ready_to_command,20000,42,84,125,209,0,0
time,2,linear_prices,prototype_32,intent_to_command,20000,42,84,84,250,0,0
time,2,linear_prices,prototype_32,queued_intent,20000,0,42,42,167,0,0
time,2,linear_prices,prototype_32,report_visible,20000,83,125,125,250,0,0
time,2,linear_prices,prototype_32,ready_to_command,20000,83,84,125,250,0,0
time,2,linear_prices,prototype_128,intent_to_command,20000,125,167,167,5125,0,0
time,2,linear_prices,prototype_128,queued_intent,20000,0,42,42,5000,0,0
time,2,linear_prices,prototype_128,report_visible,20000,208,292,333,6667,0,0
time,2,linear_prices,prototype_128,ready_to_command,20000,166,167,209,292,0,0
time,2,linear_orders,prices_4,summary_first,20000,0,42,42,125,0,0
time,2,linear_orders,prices_4,summary_last,20000,0,42,42,167,0,0
time,2,linear_orders,prices_4,summary_miss,20000,0,42,42,125,0,0
time,2,linear_orders,prices_4,summary_random,20000,0,42,42,125,0,0
time,2,linear_orders,prices_4,best,20000,0,42,42,167,0,0
time,2,linear_orders,prices_4,sorted_range8,2000,42,42,84,416,0,0
time,2,linear_orders,prices_4,orders_at,2000,0,42,42,167,0,0
time,2,linear_orders,prices_4,batch64_summary,2000,1042,1125,1167,1250,0,0
time,2,linear_orders,updates_4,index_fill_visible,20000,0,42,42,167,0,0
time,2,linear_orders,updates_4,index_replace_submit,20000,0,42,42,208,0,0
time,2,linear_orders,updates_4,index_replace_ack_visible,20000,0,42,42,84,0,0
time,2,linear_orders,updates_4,index_cancel_submit,20000,0,42,42,84,0,0
time,2,linear_orders,updates_4,index_terminal_visible,20000,0,42,42,209,0,0
time,2,linear_orders,updates_4,index_reactivate,20000,0,42,42,208,0,0
time,2,linear_orders,prices_8,summary_first,20000,0,42,42,209,0,0
time,2,linear_orders,prices_8,summary_last,20000,0,42,42,84,0,0
time,2,linear_orders,prices_8,summary_miss,20000,0,42,42,208,0,0
time,2,linear_orders,prices_8,summary_random,20000,0,42,42,125,0,0
time,2,linear_orders,prices_8,best,20000,0,42,42,209,0,0
time,2,linear_orders,prices_8,sorted_range8,2000,125,166,167,291,0,0
time,2,linear_orders,prices_8,orders_at,2000,0,42,42,6417,0,0
time,2,linear_orders,prices_8,batch64_summary,2000,1209,1292,1334,1500,0,0
time,2,linear_orders,updates_8,index_fill_visible,20000,0,42,42,250,0,0
time,2,linear_orders,updates_8,index_replace_submit,20000,0,42,42,125,0,0
time,2,linear_orders,updates_8,index_replace_ack_visible,20000,0,42,42,84,0,0
time,2,linear_orders,updates_8,index_cancel_submit,20000,0,42,42,209,0,0
time,2,linear_orders,updates_8,index_terminal_visible,20000,0,42,42,208,0,0
time,2,linear_orders,updates_8,index_reactivate,20000,0,42,42,5083,0,0
time,2,linear_orders,prices_16,summary_first,20000,41,42,42,167,0,0
time,2,linear_orders,prices_16,summary_last,20000,41,42,42,125,0,0
time,2,linear_orders,prices_16,summary_miss,20000,41,42,42,250,0,0
time,2,linear_orders,prices_16,summary_random,20000,41,42,42,125,0,0
time,2,linear_orders,prices_16,best,20000,0,42,42,167,0,0
time,2,linear_orders,prices_16,sorted_range8,2000,209,250,292,375,0,0
time,2,linear_orders,prices_16,orders_at,2000,41,42,42,84,0,0
time,2,linear_orders,prices_16,batch64_summary,2000,1750,1833,1917,8459,0,0
time,2,linear_orders,updates_16,index_fill_visible,20000,0,42,42,125,0,0
time,2,linear_orders,updates_16,index_replace_submit,20000,0,42,42,125,0,0
time,2,linear_orders,updates_16,index_replace_ack_visible,20000,0,42,42,84,0,0
time,2,linear_orders,updates_16,index_cancel_submit,20000,0,42,42,167,0,0
time,2,linear_orders,updates_16,index_terminal_visible,20000,0,42,42,167,0,0
time,2,linear_orders,updates_16,index_reactivate,20000,0,42,42,125,0,0
time,2,linear_orders,prices_32,summary_first,20000,42,84,84,250,0,0
time,2,linear_orders,prices_32,summary_last,20000,42,84,84,167,0,0
time,2,linear_orders,prices_32,summary_miss,20000,42,84,84,208,0,0
time,2,linear_orders,prices_32,summary_random,20000,42,84,84,250,0,0
time,2,linear_orders,prices_32,best,20000,41,42,42,83,0,0
time,2,linear_orders,prices_32,sorted_range8,2000,459,500,542,625,0,0
time,2,linear_orders,prices_32,orders_at,2000,42,84,84,84,0,0
time,2,linear_orders,prices_32,batch64_summary,2000,3042,3208,3750,9750,0,0
time,2,linear_orders,updates_32,index_fill_visible,20000,0,42,42,167,0,0
time,2,linear_orders,updates_32,index_replace_submit,20000,0,42,42,167,0,0
time,2,linear_orders,updates_32,index_replace_ack_visible,20000,0,42,42,125,0,0
time,2,linear_orders,updates_32,index_cancel_submit,20000,0,42,42,209,0,0
time,2,linear_orders,updates_32,index_terminal_visible,20000,0,42,42,209,0,0
time,2,linear_orders,updates_32,index_reactivate,20000,0,42,42,83,0,0
time,2,linear_orders,prices_128,summary_first,20000,166,167,209,292,0,0
time,2,linear_orders,prices_128,summary_last,20000,166,167,209,333,0,0
time,2,linear_orders,prices_128,summary_miss,20000,166,167,209,11042,0,0
time,2,linear_orders,prices_128,summary_random,20000,166,167,209,9375,0,0
time,2,linear_orders,prices_128,best,20000,84,125,166,292,0,0
time,2,linear_orders,prices_128,sorted_range8,2000,1541,1666,2042,13792,0,0
time,2,linear_orders,prices_128,orders_at,2000,166,167,250,7000,0,0
time,2,linear_orders,updates_128,index_fill_visible,20000,0,42,42,209,0,0
time,2,linear_orders,updates_128,index_replace_submit,20000,0,42,42,208,0,0
time,2,linear_orders,updates_128,index_replace_ack_visible,20000,0,42,42,792,0,0
time,2,linear_orders,updates_128,index_cancel_submit,20000,0,42,42,208,0,0
time,2,linear_orders,updates_128,index_terminal_visible,20000,0,42,42,208,0,0
time,2,linear_orders,updates_128,index_reactivate,20000,0,42,42,167,0,0
time,2,linear_orders,prices_1024,summary_first,4000,1209,1834,1875,2041,0,0
time,2,linear_orders,prices_1024,summary_last,4000,1250,1834,1875,1959,0,0
time,2,linear_orders,prices_1024,summary_miss,4000,1250,1834,1875,3084,0,0
time,2,linear_orders,prices_1024,summary_random,4000,1250,1834,1917,8333,0,0
time,2,linear_orders,prices_1024,best,4000,958,1583,1625,6042,0,0
time,2,linear_orders,prices_1024,sorted_range8,2000,12459,16375,18250,32375,0,0
time,2,linear_orders,prices_1024,orders_at,2000,1167,1709,1791,1833,0,0
time,2,linear_orders,updates_1024,index_fill_visible,4000,0,42,42,42,0,0
time,2,linear_orders,updates_1024,index_replace_submit,4000,0,42,42,42,0,0
time,2,linear_orders,updates_1024,index_replace_ack_visible,4000,0,42,42,84,0,0
time,2,linear_orders,updates_1024,index_cancel_submit,4000,0,42,42,84,0,0
time,2,linear_orders,updates_1024,index_terminal_visible,4000,0,42,42,42,0,0
time,2,linear_orders,updates_1024,index_reactivate,4000,0,42,42,83,0,0
time,2,linear_orders,prices_4096,summary_first,4000,7125,7334,8375,22084,0,0
time,2,linear_orders,prices_4096,summary_last,4000,7084,7375,11333,14041,0,0
time,2,linear_orders,prices_4096,summary_miss,4000,7084,7375,11750,15459,0,0
time,2,linear_orders,prices_4096,summary_random,4000,7084,7375,10000,17625,0,0
time,2,linear_orders,prices_4096,best,4000,6125,6333,7208,12792,0,0
time,2,linear_orders,prices_4096,sorted_range8,2000,58875,62541,69417,86125,0,0
time,2,linear_orders,prices_4096,orders_at,2000,6708,6959,10500,11791,0,0
time,2,linear_orders,updates_4096,index_fill_visible,4000,0,42,42,125,0,0
time,2,linear_orders,updates_4096,index_replace_submit,4000,0,42,42,125,0,0
time,2,linear_orders,updates_4096,index_replace_ack_visible,4000,0,42,125,167,0,0
time,2,linear_orders,updates_4096,index_cancel_submit,4000,0,42,42,167,0,0
time,2,linear_orders,updates_4096,index_terminal_visible,4000,0,42,125,166,0,0
time,2,linear_orders,updates_4096,index_reactivate,4000,0,42,83,167,0,0
time,2,linear_orders,crowded_32,summary_first,4000,42,42,83,167,0,0
time,2,linear_orders,crowded_32,summary_last,4000,42,42,83,166,0,0
time,2,linear_orders,crowded_32,summary_miss,4000,42,84,84,125,0,0
time,2,linear_orders,crowded_32,summary_random,4000,42,42,83,84,0,0
time,2,linear_orders,crowded_32,best,4000,41,42,42,125,0,0
time,2,linear_orders,crowded_32,sorted_range8,2000,125,125,208,250,0,0
time,2,linear_orders,crowded_32,orders_at,2000,42,42,83,167,0,0
time,2,linear_orders,crowded_32,batch64_summary,2000,2584,2709,3250,3333,0,0
time,2,linear_orders,crowded_4096,summary_first,4000,6542,7042,7917,13500,0,0
time,2,linear_orders,crowded_4096,summary_last,4000,6583,7083,10333,14292,0,0
time,2,linear_orders,crowded_4096,summary_miss,4000,6583,7000,9625,13209,0,0
time,2,linear_orders,crowded_4096,summary_random,4000,6500,6834,8000,37500,0,0
time,2,linear_orders,crowded_4096,best,4000,5708,5916,6542,12583,0,0
time,2,linear_orders,crowded_4096,sorted_range8,2000,13541,14167,18541,20166,0,0
time,2,linear_orders,crowded_4096,orders_at,2000,6542,7000,12791,13000,0,0
time,2,linear_orders,mixed_4_q0,fill_plus_queries,20000,0,42,42,84,0,0
time,2,linear_orders,mixed_4_q1,fill_plus_queries,20000,41,42,42,84,0,0
time,2,linear_orders,mixed_4_q4,fill_plus_queries,20000,42,84,84,292,0,0
time,2,linear_orders,mixed_4_q16,fill_plus_queries,20000,209,250,292,375,0,0
time,2,linear_orders,mixed_32_q0,fill_plus_queries,20000,0,42,42,83,0,0
time,2,linear_orders,mixed_32_q1,fill_plus_queries,20000,42,84,84,166,0,0
time,2,linear_orders,mixed_32_q4,fill_plus_queries,20000,208,209,291,5208,0,0
time,2,linear_orders,mixed_32_q16,fill_plus_queries,20000,750,792,875,7417,0,0
time,2,linear_orders,mixed_128_q0,fill_plus_queries,20000,0,42,42,209,0,0
time,2,linear_orders,mixed_128_q1,fill_plus_queries,20000,167,167,209,5250,0,0
time,2,linear_orders,mixed_128_q4,fill_plus_queries,20000,625,625,750,7417,0,0
time,2,linear_orders,mixed_128_q16,fill_plus_queries,20000,2417,2500,2792,7666,0,0
time,2,linear_orders,mixed_4096_q0,fill_plus_queries,4000,0,42,42,83,0,0
time,2,linear_orders,mixed_4096_q1,fill_plus_queries,4000,7000,7250,8041,12083,0,0
time,2,linear_orders,mixed_4096_q4,fill_plus_queries,4000,28000,28750,33750,35250,0,0
time,2,linear_orders,mixed_4096_q16,fill_plus_queries,4000,113083,116792,121167,124917,0,0
time,2,linear_orders,growth,new_order_price,20000,41,334,1125,10709,0,0
time,2,linear_orders,growth,first32_subset,32,42,209,209,583,0,0
time,2,linear_orders,growth,last_quarter_subset,5000,41,792,1167,10709,0,0
time,2,linear_orders,growth,every64_subset,313,750,1583,4542,10709,0,0
time,2,linear_orders,4096books_4near_2far,summary_random,20000,42,84,167,1167,0,0
time,2,linear_orders,prototype_4,intent_to_command,20000,0,42,42,167,0,0
time,2,linear_orders,prototype_4,queued_intent,20000,0,42,42,209,0,0
time,2,linear_orders,prototype_4,report_visible,20000,41,42,42,292,0,0
time,2,linear_orders,prototype_4,ready_to_command,20000,42,42,42,166,0,0
time,2,linear_orders,prototype_32,intent_to_command,20000,0,42,42,125,0,0
time,2,linear_orders,prototype_32,queued_intent,20000,0,42,42,167,0,0
time,2,linear_orders,prototype_32,report_visible,20000,41,42,42,209,0,0
time,2,linear_orders,prototype_32,ready_to_command,20000,42,42,83,375,0,0
time,2,linear_orders,prototype_128,intent_to_command,20000,0,42,42,125,0,0
time,2,linear_orders,prototype_128,queued_intent,20000,0,42,42,125,0,0
time,2,linear_orders,prototype_128,report_visible,20000,41,42,42,167,0,0
time,2,linear_orders,prototype_128,ready_to_command,20000,42,42,83,2041,0,0
time,2,absl_btree,prices_4,summary_first,20000,0,42,42,84,0,0
time,2,absl_btree,prices_4,summary_last,20000,0,42,42,125,0,0
time,2,absl_btree,prices_4,summary_miss,20000,0,42,42,167,0,0
time,2,absl_btree,prices_4,summary_random,20000,0,42,42,84,0,0
time,2,absl_btree,prices_4,best,20000,0,42,42,209,0,0
time,2,absl_btree,prices_4,sorted_range8,2000,0,42,83,209,0,0
time,2,absl_btree,prices_4,orders_at,2000,0,42,42,83,0,0
time,2,absl_btree,prices_4,batch64_summary,2000,708,792,834,834,0,0
time,2,absl_btree,updates_4,index_fill_visible,20000,0,42,42,167,0,0
time,2,absl_btree,updates_4,index_replace_submit,20000,42,84,84,5000,0,0
time,2,absl_btree,updates_4,index_replace_ack_visible,20000,42,84,84,500,0,0
time,2,absl_btree,updates_4,index_cancel_submit,20000,0,42,42,208,0,0
time,2,absl_btree,updates_4,index_terminal_visible,20000,42,84,84,166,0,0
time,2,absl_btree,updates_4,index_reactivate,20000,42,84,84,167,0,0
time,2,absl_btree,prices_8,summary_first,20000,0,42,42,84,0,0
time,2,absl_btree,prices_8,summary_last,20000,0,42,42,167,0,0
time,2,absl_btree,prices_8,summary_miss,20000,0,42,42,42,0,0
time,2,absl_btree,prices_8,summary_random,20000,0,42,42,42,0,0
time,2,absl_btree,prices_8,best,20000,0,42,42,84,0,0
time,2,absl_btree,prices_8,sorted_range8,2000,0,42,42,208,0,0
time,2,absl_btree,prices_8,orders_at,2000,0,42,42,125,0,0
time,2,absl_btree,prices_8,batch64_summary,2000,750,834,916,917,0,0
time,2,absl_btree,updates_8,index_fill_visible,20000,0,42,42,208,0,0
time,2,absl_btree,updates_8,index_replace_submit,20000,42,84,84,208,0,0
time,2,absl_btree,updates_8,index_replace_ack_visible,20000,42,84,84,208,0,0
time,2,absl_btree,updates_8,index_cancel_submit,20000,0,42,42,208,0,0
time,2,absl_btree,updates_8,index_terminal_visible,20000,42,84,84,167,0,0
time,2,absl_btree,updates_8,index_reactivate,20000,42,84,84,250,0,0
time,2,absl_btree,prices_16,summary_first,20000,0,42,42,42,0,0
time,2,absl_btree,prices_16,summary_last,20000,0,42,42,167,0,0
time,2,absl_btree,prices_16,summary_miss,20000,0,42,42,167,0,0
time,2,absl_btree,prices_16,summary_random,20000,0,42,42,42,0,0
time,2,absl_btree,prices_16,best,20000,0,42,42,167,0,0
time,2,absl_btree,prices_16,sorted_range8,2000,0,42,42,84,0,0
time,2,absl_btree,prices_16,orders_at,2000,0,42,42,83,0,0
time,2,absl_btree,prices_16,batch64_summary,2000,1000,1084,1167,6167,0,0
time,2,absl_btree,updates_16,index_fill_visible,20000,0,42,42,84,0,0
time,2,absl_btree,updates_16,index_replace_submit,20000,42,84,84,209,0,0
time,2,absl_btree,updates_16,index_replace_ack_visible,20000,42,84,125,209,0,0
time,2,absl_btree,updates_16,index_cancel_submit,20000,41,42,42,125,0,0
time,2,absl_btree,updates_16,index_terminal_visible,20000,42,84,84,250,0,0
time,2,absl_btree,updates_16,index_reactivate,20000,42,84,84,167,0,0
time,2,absl_btree,prices_32,summary_first,20000,0,42,42,583,0,0
time,2,absl_btree,prices_32,summary_last,20000,0,42,42,5250,0,0
time,2,absl_btree,prices_32,summary_miss,20000,0,42,42,84,0,0
time,2,absl_btree,prices_32,summary_random,20000,0,42,42,7375,0,0
time,2,absl_btree,prices_32,best,20000,0,42,42,5792,0,0
time,2,absl_btree,prices_32,sorted_range8,2000,0,42,42,42,0,0
time,2,absl_btree,prices_32,orders_at,2000,0,42,42,84,0,0
time,2,absl_btree,prices_32,batch64_summary,2000,1167,1250,1333,1334,0,0
time,2,absl_btree,updates_32,index_fill_visible,20000,41,42,42,125,0,0
time,2,absl_btree,updates_32,index_replace_submit,20000,83,125,166,209,0,0
time,2,absl_btree,updates_32,index_replace_ack_visible,20000,83,125,167,3833,0,0
time,2,absl_btree,updates_32,index_cancel_submit,20000,41,42,42,167,0,0
time,2,absl_btree,updates_32,index_terminal_visible,20000,83,125,125,500,0,0
time,2,absl_btree,updates_32,index_reactivate,20000,83,125,167,2834,0,0
time,2,absl_btree,prices_128,summary_first,20000,0,42,42,125,0,0
time,2,absl_btree,prices_128,summary_last,20000,0,42,42,166,0,0
time,2,absl_btree,prices_128,summary_miss,20000,0,42,42,167,0,0
time,2,absl_btree,prices_128,summary_random,20000,0,42,42,167,0,0
time,2,absl_btree,prices_128,best,20000,0,42,42,167,0,0
time,2,absl_btree,prices_128,sorted_range8,2000,0,42,83,125,0,0
time,2,absl_btree,prices_128,orders_at,2000,41,42,125,167,0,0
time,2,absl_btree,updates_128,index_fill_visible,20000,0,42,42,208,0,0
time,2,absl_btree,updates_128,index_replace_submit,20000,83,125,166,875,0,0
time,2,absl_btree,updates_128,index_replace_ack_visible,20000,84,167,208,333,0,0
time,2,absl_btree,updates_128,index_cancel_submit,20000,0,42,42,208,0,0
time,2,absl_btree,updates_128,index_terminal_visible,20000,83,125,167,250,0,0
time,2,absl_btree,updates_128,index_reactivate,20000,84,167,208,250,0,0
time,2,absl_btree,prices_1024,summary_first,4000,0,42,42,167,0,0
time,2,absl_btree,prices_1024,summary_last,4000,0,42,42,125,0,0
time,2,absl_btree,prices_1024,summary_miss,4000,0,42,42,42,0,0
time,2,absl_btree,prices_1024,summary_random,4000,0,42,83,125,0,0
time,2,absl_btree,prices_1024,best,4000,0,42,42,125,0,0
time,2,absl_btree,prices_1024,sorted_range8,2000,0,42,83,125,0,0
time,2,absl_btree,prices_1024,orders_at,2000,42,42,84,84,0,0
time,2,absl_btree,updates_1024,index_fill_visible,4000,41,42,42,125,0,0
time,2,absl_btree,updates_1024,index_replace_submit,4000,84,167,208,666,0,0
time,2,absl_btree,updates_1024,index_replace_ack_visible,4000,125,209,250,292,0,0
time,2,absl_btree,updates_1024,index_cancel_submit,4000,0,42,42,42,0,0
time,2,absl_btree,updates_1024,index_terminal_visible,4000,83,167,209,250,0,0
time,2,absl_btree,updates_1024,index_reactivate,4000,125,209,292,5292,0,0
time,2,absl_btree,prices_4096,summary_first,4000,0,42,42,42,0,0
time,2,absl_btree,prices_4096,summary_last,4000,0,42,42,84,0,0
time,2,absl_btree,prices_4096,summary_miss,4000,0,42,42,42,0,0
time,2,absl_btree,prices_4096,summary_random,4000,41,42,83,84,0,0
time,2,absl_btree,prices_4096,best,4000,0,42,42,84,0,0
time,2,absl_btree,prices_4096,sorted_range8,2000,0,42,42,125,0,0
time,2,absl_btree,prices_4096,orders_at,2000,42,84,84,125,0,0
time,2,absl_btree,updates_4096,index_fill_visible,4000,41,42,83,125,0,0
time,2,absl_btree,updates_4096,index_replace_submit,4000,125,167,209,1208,0,0
time,2,absl_btree,updates_4096,index_replace_ack_visible,4000,125,208,291,292,0,0
time,2,absl_btree,updates_4096,index_cancel_submit,4000,0,42,42,42,0,0
time,2,absl_btree,updates_4096,index_terminal_visible,4000,83,166,208,250,0,0
time,2,absl_btree,updates_4096,index_reactivate,4000,125,167,209,250,0,0
time,2,absl_btree,crowded_32,summary_first,4000,0,42,42,84,0,0
time,2,absl_btree,crowded_32,summary_last,4000,0,42,42,42,0,0
time,2,absl_btree,crowded_32,summary_miss,4000,0,42,42,83,0,0
time,2,absl_btree,crowded_32,summary_random,4000,0,42,42,83,0,0
time,2,absl_btree,crowded_32,best,4000,0,42,42,42,0,0
time,2,absl_btree,crowded_32,sorted_range8,2000,0,42,42,84,0,0
time,2,absl_btree,crowded_32,orders_at,2000,83,84,167,208,0,0
time,2,absl_btree,crowded_32,batch64_summary,2000,291,292,334,458,0,0
time,2,absl_btree,crowded_4096,summary_first,4000,0,42,42,84,0,0
time,2,absl_btree,crowded_4096,summary_last,4000,0,42,42,42,0,0
time,2,absl_btree,crowded_4096,summary_miss,4000,0,42,42,83,0,0
time,2,absl_btree,crowded_4096,summary_random,4000,0,42,42,42,0,0
time,2,absl_btree,crowded_4096,best,4000,0,42,42,209,0,0
time,2,absl_btree,crowded_4096,sorted_range8,2000,0,42,42,42,0,0
time,2,absl_btree,crowded_4096,orders_at,2000,17042,17167,22292,24041,0,0
time,2,absl_btree,mixed_4_q0,fill_plus_queries,20000,41,42,42,167,0,0
time,2,absl_btree,mixed_4_q1,fill_plus_queries,20000,42,42,83,209,0,0
time,2,absl_btree,mixed_4_q4,fill_plus_queries,20000,83,125,125,208,0,0
time,2,absl_btree,mixed_4_q16,fill_plus_queries,20000,250,292,375,15042,0,0
time,2,absl_btree,mixed_32_q0,fill_plus_queries,20000,41,42,42,208,0,0
time,2,absl_btree,mixed_32_q1,fill_plus_queries,20000,42,84,84,125,0,0
time,2,absl_btree,mixed_32_q4,fill_plus_queries,20000,125,166,167,250,0,0
time,2,absl_btree,mixed_32_q16,fill_plus_queries,20000,333,417,417,4667,0,0
time,2,absl_btree,mixed_128_q0,fill_plus_queries,20000,41,42,83,208,0,0
time,2,absl_btree,mixed_128_q1,fill_plus_queries,20000,42,84,84,166,0,0
time,2,absl_btree,mixed_128_q4,fill_plus_queries,20000,125,166,167,291,0,0
time,2,absl_btree,mixed_128_q16,fill_plus_queries,20000,334,417,458,5459,0,0
time,2,absl_btree,mixed_4096_q0,fill_plus_queries,4000,41,42,84,84,0,0
time,2,absl_btree,mixed_4096_q1,fill_plus_queries,4000,83,125,125,125,0,0
time,2,absl_btree,mixed_4096_q4,fill_plus_queries,4000,167,250,292,1000,0,0
time,2,absl_btree,mixed_4096_q16,fill_plus_queries,4000,583,708,750,875,0,0
time,2,absl_btree,growth,new_order_price,20000,167,875,2042,7125,0,0
time,2,absl_btree,growth,first32_subset,32,125,291,291,1209,0,0
time,2,absl_btree,growth,last_quarter_subset,5000,167,1084,2417,7125,0,0
time,2,absl_btree,growth,every64_subset,313,1042,4375,5750,7125,0,0
time,2,absl_btree,4096books_4near_2far,summary_random,20000,42,84,125,209,0,0
time,2,absl_btree,prototype_4,intent_to_command,20000,42,84,84,875,0,0
time,2,absl_btree,prototype_4,queued_intent,20000,0,42,42,208,0,0
time,2,absl_btree,prototype_4,report_visible,20000,83,125,125,708,0,0
time,2,absl_btree,prototype_4,ready_to_command,20000,83,125,125,334,0,0
time,2,absl_btree,prototype_32,intent_to_command,20000,83,125,125,250,0,0
time,2,absl_btree,prototype_32,queued_intent,20000,0,42,42,208,0,0
time,2,absl_btree,prototype_32,report_visible,20000,125,167,209,5208,0,0
time,2,absl_btree,prototype_32,ready_to_command,20000,84,167,167,333,0,0
time,2,absl_btree,prototype_128,intent_to_command,20000,83,125,125,1791,0,0
time,2,absl_btree,prototype_128,queued_intent,20000,0,42,42,167,0,0
time,2,absl_btree,prototype_128,report_visible,20000,125,208,209,541,0,0
time,2,absl_btree,prototype_128,ready_to_command,20000,125,167,167,250,0,0
time,3,absl_btree,prices_4,summary_first,20000,0,42,42,84,0,0
time,3,absl_btree,prices_4,summary_last,20000,0,42,42,166,0,0
time,3,absl_btree,prices_4,summary_miss,20000,0,42,42,167,0,0
time,3,absl_btree,prices_4,summary_random,20000,0,42,42,167,0,0
time,3,absl_btree,prices_4,best,20000,0,42,42,84,0,0
time,3,absl_btree,prices_4,sorted_range8,2000,0,42,42,167,0,0
time,3,absl_btree,prices_4,orders_at,2000,0,42,42,83,0,0
time,3,absl_btree,prices_4,batch64_summary,2000,708,834,917,959,0,0
time,3,absl_btree,updates_4,index_fill_visible,20000,0,42,42,166,0,0
time,3,absl_btree,updates_4,index_replace_submit,20000,42,84,84,208,0,0
time,3,absl_btree,updates_4,index_replace_ack_visible,20000,42,84,84,167,0,0
time,3,absl_btree,updates_4,index_cancel_submit,20000,0,42,42,208,0,0
time,3,absl_btree,updates_4,index_terminal_visible,20000,42,84,84,167,0,0
time,3,absl_btree,updates_4,index_reactivate,20000,42,84,84,250,0,0
time,3,absl_btree,prices_8,summary_first,20000,0,42,42,83,0,0
time,3,absl_btree,prices_8,summary_last,20000,0,42,42,125,0,0
time,3,absl_btree,prices_8,summary_miss,20000,0,42,42,125,0,0
time,3,absl_btree,prices_8,summary_random,20000,0,42,42,84,0,0
time,3,absl_btree,prices_8,best,20000,0,42,42,167,0,0
time,3,absl_btree,prices_8,sorted_range8,2000,0,42,42,42,0,0
time,3,absl_btree,prices_8,orders_at,2000,0,42,42,42,0,0
time,3,absl_btree,prices_8,batch64_summary,2000,750,833,875,917,0,0
time,3,absl_btree,updates_8,index_fill_visible,20000,0,42,42,208,0,0
time,3,absl_btree,updates_8,index_replace_submit,20000,42,84,84,334,0,0
time,3,absl_btree,updates_8,index_replace_ack_visible,20000,42,84,125,250,0,0
time,3,absl_btree,updates_8,index_cancel_submit,20000,0,42,42,167,0,0
time,3,absl_btree,updates_8,index_terminal_visible,20000,42,84,84,291,0,0
time,3,absl_btree,updates_8,index_reactivate,20000,42,84,84,208,0,0
time,3,absl_btree,prices_16,summary_first,20000,0,42,42,84,0,0
time,3,absl_btree,prices_16,summary_last,20000,0,42,42,167,0,0
time,3,absl_btree,prices_16,summary_miss,20000,0,42,42,83,0,0
time,3,absl_btree,prices_16,summary_random,20000,0,42,42,84,0,0
time,3,absl_btree,prices_16,best,20000,0,42,42,84,0,0
time,3,absl_btree,prices_16,sorted_range8,2000,0,42,42,42,0,0
time,3,absl_btree,prices_16,orders_at,2000,0,42,42,42,0,0
time,3,absl_btree,prices_16,batch64_summary,2000,1000,1125,1208,7958,0,0
time,3,absl_btree,updates_16,index_fill_visible,20000,0,42,42,167,0,0
time,3,absl_btree,updates_16,index_replace_submit,20000,42,84,125,208,0,0
time,3,absl_btree,updates_16,index_replace_ack_visible,20000,42,84,125,208,0,0
time,3,absl_btree,updates_16,index_cancel_submit,20000,0,42,42,6417,0,0
time,3,absl_btree,updates_16,index_terminal_visible,20000,42,84,84,208,0,0
time,3,absl_btree,updates_16,index_reactivate,20000,42,84,125,5209,0,0
time,3,absl_btree,prices_32,summary_first,20000,0,42,42,42,0,0
time,3,absl_btree,prices_32,summary_last,20000,0,42,42,125,0,0
time,3,absl_btree,prices_32,summary_miss,20000,0,42,42,125,0,0
time,3,absl_btree,prices_32,summary_random,20000,0,42,42,209,0,0
time,3,absl_btree,prices_32,best,20000,0,42,42,208,0,0
time,3,absl_btree,prices_32,sorted_range8,2000,0,42,42,208,0,0
time,3,absl_btree,prices_32,orders_at,2000,0,42,42,208,0,0
time,3,absl_btree,prices_32,batch64_summary,2000,1125,1250,1292,2791,0,0
time,3,absl_btree,updates_32,index_fill_visible,20000,41,42,42,83,0,0
time,3,absl_btree,updates_32,index_replace_submit,20000,83,125,125,250,0,0
time,3,absl_btree,updates_32,index_replace_ack_visible,20000,83,125,167,209,0,0
time,3,absl_btree,updates_32,index_cancel_submit,20000,41,42,42,84,0,0
time,3,absl_btree,updates_32,index_terminal_visible,20000,83,125,125,208,0,0
time,3,absl_btree,updates_32,index_reactivate,20000,83,125,167,209,0,0
time,3,absl_btree,prices_128,summary_first,20000,0,42,42,42,0,0
time,3,absl_btree,prices_128,summary_last,20000,0,42,42,42,0,0
time,3,absl_btree,prices_128,summary_miss,20000,0,42,42,42,0,0
time,3,absl_btree,prices_128,summary_random,20000,0,42,42,125,0,0
time,3,absl_btree,prices_128,best,20000,0,42,42,83,0,0
time,3,absl_btree,prices_128,sorted_range8,2000,0,42,42,42,0,0
time,3,absl_btree,prices_128,orders_at,2000,41,42,42,84,0,0
time,3,absl_btree,updates_128,index_fill_visible,20000,0,42,42,209,0,0
time,3,absl_btree,updates_128,index_replace_submit,20000,83,125,167,625,0,0
time,3,absl_btree,updates_128,index_replace_ack_visible,20000,84,167,208,6584,0,0
time,3,absl_btree,updates_128,index_cancel_submit,20000,41,42,42,167,0,0
time,3,absl_btree,updates_128,index_terminal_visible,20000,83,125,167,292,0,0
time,3,absl_btree,updates_128,index_reactivate,20000,84,167,208,5083,0,0
time,3,absl_btree,prices_1024,summary_first,4000,0,42,42,42,0,0
time,3,absl_btree,prices_1024,summary_last,4000,0,42,42,125,0,0
time,3,absl_btree,prices_1024,summary_miss,4000,0,42,42,83,0,0
time,3,absl_btree,prices_1024,summary_random,4000,0,42,42,84,0,0
time,3,absl_btree,prices_1024,best,4000,0,42,42,166,0,0
time,3,absl_btree,prices_1024,sorted_range8,2000,0,42,42,42,0,0
time,3,absl_btree,prices_1024,orders_at,2000,42,83,84,84,0,0
time,3,absl_btree,updates_1024,index_fill_visible,4000,41,42,42,209,0,0
time,3,absl_btree,updates_1024,index_replace_submit,4000,84,167,208,667,0,0
time,3,absl_btree,updates_1024,index_replace_ack_visible,4000,125,208,250,292,0,0
time,3,absl_btree,updates_1024,index_cancel_submit,4000,0,42,42,208,0,0
time,3,absl_btree,updates_1024,index_terminal_visible,4000,83,167,250,250,0,0
time,3,absl_btree,updates_1024,index_reactivate,4000,125,209,292,333,0,0
time,3,absl_btree,prices_4096,summary_first,4000,0,42,42,83,0,0
time,3,absl_btree,prices_4096,summary_last,4000,0,42,42,125,0,0
time,3,absl_btree,prices_4096,summary_miss,4000,0,42,42,84,0,0
time,3,absl_btree,prices_4096,summary_random,4000,41,42,83,167,0,0
time,3,absl_btree,prices_4096,best,4000,0,42,42,42,0,0
time,3,absl_btree,prices_4096,sorted_range8,2000,0,42,42,42,0,0
time,3,absl_btree,prices_4096,orders_at,2000,42,84,84,84,0,0
time,3,absl_btree,updates_4096,index_fill_visible,4000,41,42,42,83,0,0
time,3,absl_btree,updates_4096,index_replace_submit,4000,84,167,209,1542,0,0
time,3,absl_btree,updates_4096,index_replace_ack_visible,4000,125,208,250,334,0,0
time,3,absl_btree,updates_4096,index_cancel_submit,4000,41,42,42,166,0,0
time,3,absl_btree,updates_4096,index_terminal_visible,4000,83,166,209,250,0,0
time,3,absl_btree,updates_4096,index_reactivate,4000,125,208,250,6083,0,0
time,3,absl_btree,crowded_32,summary_first,4000,0,42,42,83,0,0
time,3,absl_btree,crowded_32,summary_last,4000,0,42,42,42,0,0
time,3,absl_btree,crowded_32,summary_miss,4000,0,42,42,42,0,0
time,3,absl_btree,crowded_32,summary_random,4000,0,42,42,42,0,0
time,3,absl_btree,crowded_32,best,4000,0,42,42,42,0,0
time,3,absl_btree,crowded_32,sorted_range8,2000,0,42,42,84,0,0
time,3,absl_btree,crowded_32,orders_at,2000,83,84,125,167,0,0
time,3,absl_btree,crowded_32,batch64_summary,2000,291,292,417,4084,0,0
time,3,absl_btree,crowded_4096,summary_first,4000,0,42,42,83,0,0
time,3,absl_btree,crowded_4096,summary_last,4000,0,42,42,83,0,0
time,3,absl_btree,crowded_4096,summary_miss,4000,0,42,42,42,0,0
time,3,absl_btree,crowded_4096,summary_random,4000,0,42,42,125,0,0
time,3,absl_btree,crowded_4096,best,4000,0,42,42,42,0,0
time,3,absl_btree,crowded_4096,sorted_range8,2000,0,42,42,42,0,0
time,3,absl_btree,crowded_4096,orders_at,2000,16709,17209,18917,20667,0,0
time,3,absl_btree,mixed_4_q0,fill_plus_queries,20000,41,42,42,209,0,0
time,3,absl_btree,mixed_4_q1,fill_plus_queries,20000,42,42,83,84,0,0
time,3,absl_btree,mixed_4_q4,fill_plus_queries,20000,83,125,125,5166,0,0
time,3,absl_btree,mixed_4_q16,fill_plus_queries,20000,250,292,375,500,0,0
time,3,absl_btree,mixed_32_q0,fill_plus_queries,20000,41,42,42,125,0,0
time,3,absl_btree,mixed_32_q1,fill_plus_queries,20000,42,84,84,375,0,0
time,3,absl_btree,mixed_32_q4,fill_plus_queries,20000,125,125,167,5166,0,0
time,3,absl_btree,mixed_32_q16,fill_plus_queries,20000,375,417,458,542,0,0
time,3,absl_btree,mixed_128_q0,fill_plus_queries,20000,41,42,42,208,0,0
time,3,absl_btree,mixed_128_q1,fill_plus_queries,20000,42,84,84,167,0,0
time,3,absl_btree,mixed_128_q4,fill_plus_queries,20000,125,167,167,250,0,0
time,3,absl_btree,mixed_128_q16,fill_plus_queries,20000,334,458,500,5250,0,0
time,3,absl_btree,mixed_4096_q0,fill_plus_queries,4000,41,42,84,84,0,0
time,3,absl_btree,mixed_4096_q1,fill_plus_queries,4000,83,125,125,167,0,0
time,3,absl_btree,mixed_4096_q4,fill_plus_queries,4000,167,250,291,334,0,0
time,3,absl_btree,mixed_4096_q16,fill_plus_queries,4000,625,750,750,833,0,0
time,3,absl_btree,growth,new_order_price,20000,167,792,1250,5792,0,0
time,3,absl_btree,growth,first32_subset,32,125,292,292,1250,0,0
time,3,absl_btree,growth,last_quarter_subset,5000,167,875,1333,5792,0,0
time,3,absl_btree,growth,every64_subset,313,834,1500,3917,5792,0,0
time,3,absl_btree,4096books_4near_2far,summary_random,20000,42,84,166,375,0,0
time,3,absl_btree,prototype_4,intent_to_command,20000,42,84,84,708,0,0
time,3,absl_btree,prototype_4,queued_intent,20000,0,42,42,6958,0,0
time,3,absl_btree,prototype_4,report_visible,20000,83,125,125,291,0,0
time,3,absl_btree,prototype_4,ready_to_command,20000,83,125,125,250,0,0
time,3,absl_btree,prototype_32,intent_to_command,20000,83,125,125,250,0,0
time,3,absl_btree,prototype_32,queued_intent,20000,0,42,42,84,0,0
time,3,absl_btree,prototype_32,report_visible,20000,125,167,209,291,0,0
time,3,absl_btree,prototype_32,ready_to_command,20000,84,166,167,250,0,0
time,3,absl_btree,prototype_128,intent_to_command,20000,83,125,125,625,0,0
time,3,absl_btree,prototype_128,queued_intent,20000,0,42,42,125,0,0
time,3,absl_btree,prototype_128,report_visible,20000,125,208,209,375,0,0
time,3,absl_btree,prototype_128,ready_to_command,20000,125,167,167,292,0,0
time,3,linear_orders,prices_4,summary_first,20000,0,42,42,167,0,0
time,3,linear_orders,prices_4,summary_last,20000,0,42,42,125,0,0
time,3,linear_orders,prices_4,summary_miss,20000,0,42,42,166,0,0
time,3,linear_orders,prices_4,summary_random,20000,0,42,42,167,0,0
time,3,linear_orders,prices_4,best,20000,0,42,42,167,0,0
time,3,linear_orders,prices_4,sorted_range8,2000,42,42,125,291,0,0
time,3,linear_orders,prices_4,orders_at,2000,0,42,42,209,0,0
time,3,linear_orders,prices_4,batch64_summary,2000,917,1000,1042,1250,0,0
time,3,linear_orders,updates_4,index_fill_visible,20000,0,42,42,125,0,0
time,3,linear_orders,updates_4,index_replace_submit,20000,0,42,42,209,0,0
time,3,linear_orders,updates_4,index_replace_ack_visible,20000,0,42,42,125,0,0
time,3,linear_orders,updates_4,index_cancel_submit,20000,0,42,42,83,0,0
time,3,linear_orders,updates_4,index_terminal_visible,20000,0,42,42,5208,0,0
time,3,linear_orders,updates_4,index_reactivate,20000,0,42,42,167,0,0
time,3,linear_orders,prices_8,summary_first,20000,0,42,42,250,0,0
time,3,linear_orders,prices_8,summary_last,20000,0,42,42,209,0,0
time,3,linear_orders,prices_8,summary_miss,20000,0,42,42,208,0,0
time,3,linear_orders,prices_8,summary_random,20000,0,42,42,167,0,0
time,3,linear_orders,prices_8,best,20000,0,42,42,250,0,0
time,3,linear_orders,prices_8,sorted_range8,2000,125,167,209,250,0,0
time,3,linear_orders,prices_8,orders_at,2000,0,42,42,42,0,0
time,3,linear_orders,prices_8,batch64_summary,2000,1209,1292,1334,1542,0,0
time,3,linear_orders,updates_8,index_fill_visible,20000,0,42,42,208,0,0
time,3,linear_orders,updates_8,index_replace_submit,20000,0,42,42,167,0,0
time,3,linear_orders,updates_8,index_replace_ack_visible,20000,0,42,42,84,0,0
time,3,linear_orders,updates_8,index_cancel_submit,20000,0,42,42,167,0,0
time,3,linear_orders,updates_8,index_terminal_visible,20000,0,42,42,125,0,0
time,3,linear_orders,updates_8,index_reactivate,20000,0,42,42,208,0,0
time,3,linear_orders,prices_16,summary_first,20000,41,42,42,125,0,0
time,3,linear_orders,prices_16,summary_last,20000,41,42,42,167,0,0
time,3,linear_orders,prices_16,summary_miss,20000,41,42,42,209,0,0
time,3,linear_orders,prices_16,summary_random,20000,41,42,42,208,0,0
time,3,linear_orders,prices_16,best,20000,0,42,42,84,0,0
time,3,linear_orders,prices_16,sorted_range8,2000,209,250,333,375,0,0
time,3,linear_orders,prices_16,orders_at,2000,41,42,42,42,0,0
time,3,linear_orders,prices_16,batch64_summary,2000,1750,1833,1917,6167,0,0
time,3,linear_orders,updates_16,index_fill_visible,20000,0,42,42,167,0,0
time,3,linear_orders,updates_16,index_replace_submit,20000,0,42,42,167,0,0
time,3,linear_orders,updates_16,index_replace_ack_visible,20000,0,42,42,167,0,0
time,3,linear_orders,updates_16,index_cancel_submit,20000,0,42,42,208,0,0
time,3,linear_orders,updates_16,index_terminal_visible,20000,0,42,42,250,0,0
time,3,linear_orders,updates_16,index_reactivate,20000,0,42,42,208,0,0
time,3,linear_orders,prices_32,summary_first,20000,42,84,84,125,0,0
time,3,linear_orders,prices_32,summary_last,20000,42,84,84,167,0,0
time,3,linear_orders,prices_32,summary_miss,20000,42,84,84,166,0,0
time,3,linear_orders,prices_32,summary_random,20000,42,84,84,1250,0,0
time,3,linear_orders,prices_32,best,20000,41,42,42,83,0,0
time,3,linear_orders,prices_32,sorted_range8,2000,459,541,584,625,0,0
time,3,linear_orders,prices_32,orders_at,2000,42,84,84,84,0,0
time,3,linear_orders,prices_32,batch64_summary,2000,3042,3125,3167,3209,0,0
time,3,linear_orders,updates_32,index_fill_visible,20000,0,42,42,125,0,0
time,3,linear_orders,updates_32,index_replace_submit,20000,0,42,42,167,0,0
time,3,linear_orders,updates_32,index_replace_ack_visible,20000,0,42,42,209,0,0
time,3,linear_orders,updates_32,index_cancel_submit,20000,0,42,42,209,0,0
time,3,linear_orders,updates_32,index_terminal_visible,20000,0,42,42,166,0,0
time,3,linear_orders,updates_32,index_reactivate,20000,0,42,42,208,0,0
time,3,linear_orders,prices_128,summary_first,20000,166,167,208,1958,0,0
time,3,linear_orders,prices_128,summary_last,20000,166,167,208,5084,0,0
time,3,linear_orders,prices_128,summary_miss,20000,166,167,208,292,0,0
time,3,linear_orders,prices_128,summary_random,20000,166,167,209,292,0,0
time,3,linear_orders,prices_128,best,20000,84,125,125,250,0,0
time,3,linear_orders,prices_128,sorted_range8,2000,1541,1583,1625,1834,0,0
time,3,linear_orders,prices_128,orders_at,2000,166,167,167,209,0,0
time,3,linear_orders,updates_128,index_fill_visible,20000,0,42,42,166,0,0
time,3,linear_orders,updates_128,index_replace_submit,20000,0,42,42,42,0,0
time,3,linear_orders,updates_128,index_replace_ack_visible,20000,0,42,42,166,0,0
time,3,linear_orders,updates_128,index_cancel_submit,20000,0,42,42,42,0,0
time,3,linear_orders,updates_128,index_terminal_visible,20000,0,42,42,84,0,0
time,3,linear_orders,updates_128,index_reactivate,20000,0,42,42,125,0,0
time,3,linear_orders,prices_1024,summary_first,4000,1250,1792,1958,2375,0,0
time,3,linear_orders,prices_1024,summary_last,4000,1250,1792,2042,7000,0,0
time,3,linear_orders,prices_1024,summary_miss,4000,1250,1792,1916,5417,0,0
time,3,linear_orders,prices_1024,summary_random,4000,1250,1833,1875,6459,0,0
time,3,linear_orders,prices_1024,best,4000,958,1542,1583,1792,0,0
time,3,linear_orders,prices_1024,sorted_range8,2000,12334,14875,19333,21709,0,0
time,3,linear_orders,prices_1024,orders_at,2000,1167,1667,1750,1916,0,0
time,3,linear_orders,updates_1024,index_fill_visible,4000,0,42,42,125,0,0
time,3,linear_orders,updates_1024,index_replace_submit,4000,0,42,42,167,0,0
time,3,linear_orders,updates_1024,index_replace_ack_visible,4000,0,42,42,209,0,0
time,3,linear_orders,updates_1024,index_cancel_submit,4000,0,42,42,167,0,0
time,3,linear_orders,updates_1024,index_terminal_visible,4000,0,42,42,42,0,0
time,3,linear_orders,updates_1024,index_reactivate,4000,0,42,42,125,0,0
time,3,linear_orders,prices_4096,summary_first,4000,7167,7375,9042,14375,0,0
time,3,linear_orders,prices_4096,summary_last,4000,7125,7417,8541,18666,0,0
time,3,linear_orders,prices_4096,summary_miss,4000,7125,7417,11917,16209,0,0
time,3,linear_orders,prices_4096,summary_random,4000,7125,7417,11875,12375,0,0
time,3,linear_orders,prices_4096,best,4000,6125,6334,7500,11083,0,0
time,3,linear_orders,prices_4096,sorted_range8,2000,59375,61917,66333,68625,0,0
time,3,linear_orders,prices_4096,orders_at,2000,6750,7000,7917,11625,0,0
time,3,linear_orders,updates_4096,index_fill_visible,4000,0,42,42,84,0,0
time,3,linear_orders,updates_4096,index_replace_submit,4000,0,42,42,42,0,0
time,3,linear_orders,updates_4096,index_replace_ack_visible,4000,0,42,42,167,0,0
time,3,linear_orders,updates_4096,index_cancel_submit,4000,0,42,42,42,0,0
time,3,linear_orders,updates_4096,index_terminal_visible,4000,0,42,42,42,0,0
time,3,linear_orders,updates_4096,index_reactivate,4000,0,42,42,42,0,0
time,3,linear_orders,crowded_32,summary_first,4000,42,42,42,125,0,0
time,3,linear_orders,crowded_32,summary_last,4000,42,42,42,83,0,0
time,3,linear_orders,crowded_32,summary_miss,4000,42,84,84,84,0,0
time,3,linear_orders,crowded_32,summary_random,4000,42,42,83,84,0,0
time,3,linear_orders,crowded_32,best,4000,41,42,42,42,0,0
time,3,linear_orders,crowded_32,sorted_range8,2000,125,125,167,208,0,0
time,3,linear_orders,crowded_32,orders_at,2000,83,84,84,125,0,0
time,3,linear_orders,crowded_32,batch64_summary,2000,2584,2750,3167,7500,0,0
time,3,linear_orders,crowded_4096,summary_first,4000,6625,7125,7833,13250,0,0
time,3,linear_orders,crowded_4096,summary_last,4000,6666,7166,8250,13375,0,0
time,3,linear_orders,crowded_4096,summary_miss,4000,6625,7000,8292,11791,0,0
time,3,linear_orders,crowded_4096,summary_random,4000,6583,6959,8084,16708,0,0
time,3,linear_orders,crowded_4096,best,4000,5750,6000,6875,8458,0,0
time,3,linear_orders,crowded_4096,sorted_range8,2000,13833,14334,19584,20250,0,0
time,3,linear_orders,crowded_4096,orders_at,2000,8416,8583,9917,13375,0,0
time,3,linear_orders,mixed_4_q0,fill_plus_queries,20000,0,42,42,83,0,0
time,3,linear_orders,mixed_4_q1,fill_plus_queries,20000,41,42,42,167,0,0
time,3,linear_orders,mixed_4_q4,fill_plus_queries,20000,42,84,84,209,0,0
time,3,linear_orders,mixed_4_q16,fill_plus_queries,20000,209,250,334,6875,0,0
time,3,linear_orders,mixed_32_q0,fill_plus_queries,20000,0,42,42,250,0,0
time,3,linear_orders,mixed_32_q1,fill_plus_queries,20000,42,84,84,208,0,0
time,3,linear_orders,mixed_32_q4,fill_plus_queries,20000,208,209,250,1625,0,0
time,3,linear_orders,mixed_32_q16,fill_plus_queries,20000,750,792,875,7583,0,0
time,3,linear_orders,mixed_128_q0,fill_plus_queries,20000,0,42,42,125,0,0
time,3,linear_orders,mixed_128_q1,fill_plus_queries,20000,167,167,208,2000,0,0
time,3,linear_orders,mixed_128_q4,fill_plus_queries,20000,625,625,750,7333,0,0
time,3,linear_orders,mixed_128_q16,fill_plus_queries,20000,2417,2500,2917,67875,0,0
time,3,linear_orders,mixed_4096_q0,fill_plus_queries,4000,0,42,42,208,0,0
time,3,linear_orders,mixed_4096_q1,fill_plus_queries,4000,7000,7250,9834,17667,0,0
time,3,linear_orders,mixed_4096_q4,fill_plus_queries,4000,28167,29875,35083,52833,0,0
time,3,linear_orders,mixed_4096_q16,fill_plus_queries,4000,113375,119417,122833,126375,0,0
time,3,linear_orders,growth,new_order_price,20000,41,250,1208,10625,0,0
time,3,linear_orders,growth,first32_subset,32,41,291,291,833,0,0
time,3,linear_orders,growth,last_quarter_subset,5000,41,417,1208,10625,0,0
time,3,linear_orders,growth,every64_subset,313,417,1875,8250,10625,0,0
time,3,linear_orders,4096books_4near_2far,summary_random,20000,42,84,167,375,0,0
time,3,linear_orders,prototype_4,intent_to_command,20000,0,42,42,167,0,0
time,3,linear_orders,prototype_4,queued_intent,20000,0,42,42,208,0,0
time,3,linear_orders,prototype_4,report_visible,20000,41,42,42,209,0,0
time,3,linear_orders,prototype_4,ready_to_command,20000,42,42,42,250,0,0
time,3,linear_orders,prototype_32,intent_to_command,20000,0,42,42,167,0,0
time,3,linear_orders,prototype_32,queued_intent,20000,0,42,42,42,0,0
time,3,linear_orders,prototype_32,report_visible,20000,41,42,42,84,0,0
time,3,linear_orders,prototype_32,ready_to_command,20000,42,42,42,84,0,0
time,3,linear_orders,prototype_128,intent_to_command,20000,0,42,42,83,0,0
time,3,linear_orders,prototype_128,queued_intent,20000,0,42,42,208,0,0
time,3,linear_orders,prototype_128,report_visible,20000,41,42,42,125,0,0
time,3,linear_orders,prototype_128,ready_to_command,20000,42,42,42,209,0,0
time,3,linear_prices,prices_4,summary_first,20000,0,42,42,42,0,0
time,3,linear_prices,prices_4,summary_last,20000,0,42,42,125,0,0
time,3,linear_prices,prices_4,summary_miss,20000,0,42,42,167,0,0
time,3,linear_prices,prices_4,summary_random,20000,0,42,42,83,0,0
time,3,linear_prices,prices_4,best,20000,0,42,42,167,0,0
time,3,linear_prices,prices_4,sorted_range8,2000,0,42,42,250,0,0
time,3,linear_prices,prices_4,orders_at,2000,0,42,42,125,0,0
time,3,linear_prices,prices_4,batch64_summary,2000,750,875,917,1375,0,0
time,3,linear_prices,updates_4,index_fill_visible,20000,41,42,42,167,0,0
time,3,linear_prices,updates_4,index_replace_submit,20000,42,42,84,250,0,0
time,3,linear_prices,updates_4,index_replace_ack_visible,20000,42,84,84,250,0,0
time,3,linear_prices,updates_4,index_cancel_submit,20000,41,42,42,125,0,0
time,3,linear_prices,updates_4,index_terminal_visible,20000,41,42,83,166,0,0
time,3,linear_prices,updates_4,index_reactivate,20000,42,83,84,209,0,0
time,3,linear_prices,prices_8,summary_first,20000,0,42,42,83,0,0
time,3,linear_prices,prices_8,summary_last,20000,0,42,42,84,0,0
time,3,linear_prices,prices_8,summary_miss,20000,0,42,42,125,0,0
time,3,linear_prices,prices_8,summary_random,20000,0,42,42,125,0,0
time,3,linear_prices,prices_8,best,20000,0,42,42,166,0,0
time,3,linear_prices,prices_8,sorted_range8,2000,42,84,84,167,0,0
time,3,linear_prices,prices_8,orders_at,2000,0,42,42,1833,0,0
time,3,linear_prices,prices_8,batch64_summary,2000,875,1000,1041,1042,0,0
time,3,linear_prices,updates_8,index_fill_visible,20000,41,42,42,209,0,0
time,3,linear_prices,updates_8,index_replace_submit,20000,42,42,83,167,0,0
time,3,linear_prices,updates_8,index_replace_ack_visible,20000,42,84,84,125,0,0
time,3,linear_prices,updates_8,index_cancel_submit,20000,41,42,42,125,0,0
time,3,linear_prices,updates_8,index_terminal_visible,20000,42,42,84,166,0,0
time,3,linear_prices,updates_8,index_reactivate,20000,42,83,84,167,0,0
time,3,linear_prices,prices_16,summary_first,20000,0,42,42,83,0,0
time,3,linear_prices,prices_16,summary_last,20000,0,42,42,125,0,0
time,3,linear_prices,prices_16,summary_miss,20000,0,42,42,125,0,0
time,3,linear_prices,prices_16,summary_random,20000,0,42,42,125,0,0
time,3,linear_prices,prices_16,best,20000,0,42,42,208,0,0
time,3,linear_prices,prices_16,sorted_range8,2000,125,125,208,250,0,0
time,3,linear_prices,prices_16,orders_at,2000,0,42,83,84,0,0
time,3,linear_prices,prices_16,batch64_summary,2000,958,1041,1084,1084,0,0
time,3,linear_prices,updates_16,index_fill_visible,20000,0,42,42,125,0,0
time,3,linear_prices,updates_16,index_replace_submit,20000,42,42,83,167,0,0
time,3,linear_prices,updates_16,index_replace_ack_visible,20000,42,84,84,5000,0,0
time,3,linear_prices,updates_16,index_cancel_submit,20000,0,42,42,208,0,0
time,3,linear_prices,updates_16,index_terminal_visible,20000,42,83,84,208,0,0
time,3,linear_prices,updates_16,index_reactivate,20000,42,42,84,166,0,0
time,3,linear_prices,prices_32,summary_first,20000,0,42,42,84,0,0
time,3,linear_prices,prices_32,summary_last,20000,0,42,42,208,0,0
time,3,linear_prices,prices_32,summary_miss,20000,0,42,42,208,0,0
time,3,linear_prices,prices_32,summary_random,20000,0,42,42,208,0,0
time,3,linear_prices,prices_32,best,20000,0,42,42,208,0,0
time,3,linear_prices,prices_32,sorted_range8,2000,208,209,333,375,0,0
time,3,linear_prices,prices_32,orders_at,2000,0,42,83,83,0,0
time,3,linear_prices,prices_32,batch64_summary,2000,1167,1250,1292,1334,0,0
time,3,linear_prices,updates_32,index_fill_visible,20000,0,42,42,166,0,0
time,3,linear_prices,updates_32,index_replace_submit,20000,42,42,84,209,0,0
time,3,linear_prices,updates_32,index_replace_ack_visible,20000,83,125,125,250,0,0
time,3,linear_prices,updates_32,index_cancel_submit,20000,0,42,42,6500,0,0
time,3,linear_prices,updates_32,index_terminal_visible,20000,42,84,84,250,0,0
time,3,linear_prices,updates_32,index_reactivate,20000,42,84,84,208,0,0
time,3,linear_prices,prices_128,summary_first,20000,0,42,42,84,0,0
time,3,linear_prices,prices_128,summary_last,20000,42,84,125,250,0,0
time,3,linear_prices,prices_128,summary_miss,20000,42,84,84,209,0,0
time,3,linear_prices,prices_128,summary_random,20000,42,84,84,167,0,0
time,3,linear_prices,prices_128,best,20000,0,42,42,3042,0,0
time,3,linear_prices,prices_128,sorted_range8,2000,917,959,1000,1042,0,0
time,3,linear_prices,prices_128,orders_at,2000,42,84,84,84,0,0
time,3,linear_prices,updates_128,index_fill_visible,20000,0,42,42,83,0,0
time,3,linear_prices,updates_128,index_replace_submit,20000,125,125,167,1250,0,0
time,3,linear_prices,updates_128,index_replace_ack_visible,20000,167,292,292,375,0,0
time,3,linear_prices,updates_128,index_cancel_submit,20000,0,42,42,166,0,0
time,3,linear_prices,updates_128,index_terminal_visible,20000,125,250,250,334,0,0
time,3,linear_prices,updates_128,index_reactivate,20000,167,167,209,333,0,0
time,3,linear_prices,prices_1024,summary_first,4000,0,42,42,42,0,0
time,3,linear_prices,prices_1024,summary_last,4000,292,375,458,459,0,0
time,3,linear_prices,prices_1024,summary_miss,4000,292,334,375,458,0,0
time,3,linear_prices,prices_1024,summary_random,4000,167,292,334,417,0,0
time,3,linear_prices,prices_1024,best,4000,0,42,42,42,0,0
time,3,linear_prices,prices_1024,sorted_range8,2000,6708,6833,11792,16500,0,0
time,3,linear_prices,prices_1024,orders_at,2000,167,333,334,375,0,0
time,3,linear_prices,updates_1024,index_fill_visible,4000,0,42,42,84,0,0
time,3,linear_prices,updates_1024,index_replace_submit,4000,625,667,750,5792,0,0
time,3,linear_prices,updates_1024,index_replace_ack_visible,4000,916,1167,1209,1250,0,0
time,3,linear_prices,updates_1024,index_cancel_submit,4000,0,42,42,83,0,0
time,3,linear_prices,updates_1024,index_terminal_visible,4000,709,875,917,1000,0,0
time,3,linear_prices,updates_1024,index_reactivate,4000,917,959,1084,1125,0,0
time,3,linear_prices,prices_4096,summary_first,4000,0,42,42,83,0,0
time,3,linear_prices,prices_4096,summary_last,4000,1167,1209,1334,2417,0,0
time,3,linear_prices,prices_4096,summary_miss,4000,1167,1209,1334,4041,0,0
time,3,linear_prices,prices_4096,summary_random,4000,625,1167,1250,1334,0,0
time,3,linear_prices,prices_4096,best,4000,0,42,42,42,0,0
time,3,linear_prices,prices_4096,sorted_range8,2000,26666,28333,31708,36208,0,0
time,3,linear_prices,prices_4096,orders_at,2000,625,1209,1459,1500,0,0
time,3,linear_prices,updates_4096,index_fill_visible,4000,41,42,84,84,0,0
time,3,linear_prices,updates_4096,index_replace_submit,4000,2334,2417,2959,5667,0,0
time,3,linear_prices,updates_4096,index_replace_ack_visible,4000,4458,6917,7042,9750,0,0
time,3,linear_prices,updates_4096,index_cancel_submit,4000,0,42,42,42,0,0
time,3,linear_prices,updates_4096,index_terminal_visible,4000,3333,5959,6000,11625,0,0
time,3,linear_prices,updates_4096,index_reactivate,4000,3500,3583,4125,4750,0,0
time,3,linear_prices,crowded_32,summary_first,4000,0,42,42,84,0,0
time,3,linear_prices,crowded_32,summary_last,4000,0,42,42,42,0,0
time,3,linear_prices,crowded_32,summary_miss,4000,0,42,42,84,0,0
time,3,linear_prices,crowded_32,summary_random,4000,0,42,42,83,0,0
time,3,linear_prices,crowded_32,best,4000,0,42,42,42,0,0
time,3,linear_prices,crowded_32,sorted_range8,2000,0,42,42,42,0,0
time,3,linear_prices,crowded_32,orders_at,2000,83,125,166,167,0,0
time,3,linear_prices,crowded_32,batch64_summary,2000,291,292,334,375,0,0
time,3,linear_prices,crowded_4096,summary_first,4000,0,42,42,125,0,0
time,3,linear_prices,crowded_4096,summary_last,4000,0,42,84,84,0,0
time,3,linear_prices,crowded_4096,summary_miss,4000,0,42,42,42,0,0
time,3,linear_prices,crowded_4096,summary_random,4000,0,42,42,83,0,0
time,3,linear_prices,crowded_4096,best,4000,0,42,42,166,0,0
time,3,linear_prices,crowded_4096,sorted_range8,2000,0,42,42,167,0,0
time,3,linear_prices,crowded_4096,orders_at,2000,16750,17292,21709,26791,0,0
time,3,linear_prices,mixed_4_q0,fill_plus_queries,20000,41,42,42,209,0,0
time,3,linear_prices,mixed_4_q1,fill_plus_queries,20000,41,42,83,84,0,0
time,3,linear_prices,mixed_4_q4,fill_plus_queries,20000,83,84,125,209,0,0
time,3,linear_prices,mixed_4_q16,fill_plus_queries,20000,208,250,291,2042,0,0
time,3,linear_prices,mixed_32_q0,fill_plus_queries,20000,41,42,42,208,0,0
time,3,linear_prices,mixed_32_q1,fill_plus_queries,20000,41,42,83,84,0,0
time,3,linear_prices,mixed_32_q4,fill_plus_queries,20000,83,125,125,208,0,0
time,3,linear_prices,mixed_32_q16,fill_plus_queries,20000,292,334,375,7000,0,0
time,3,linear_prices,mixed_128_q0,fill_plus_queries,20000,41,42,42,209,0,0
time,3,linear_prices,mixed_128_q1,fill_plus_queries,20000,42,84,84,125,0,0
time,3,linear_prices,mixed_128_q4,fill_plus_queries,20000,166,209,250,500,0,0
time,3,linear_prices,mixed_128_q16,fill_plus_queries,20000,542,667,750,5666,0,0
time,3,linear_prices,mixed_4096_q0,fill_plus_queries,4000,41,42,83,84,0,0
time,3,linear_prices,mixed_4096_q1,fill_plus_queries,4000,750,1209,1334,1375,0,0
time,3,linear_prices,mixed_4096_q4,fill_plus_queries,4000,2834,4458,4708,4792,0,0
time,3,linear_prices,mixed_4096_q16,fill_plus_queries,4000,11333,35417,48416,52292,0,0
time,3,linear_prices,growth,new_order_price,20000,8459,16583,19583,38334,0,0
time,3,linear_prices,growth,first32_subset,32,83,333,333,1333,0,0
time,3,linear_prices,growth,last_quarter_subset,5000,14625,17709,21750,38334,0,0
time,3,linear_prices,growth,every64_subset,313,11041,22250,27041,38334,0,0
time,3,linear_prices,4096books_4near_2far,summary_random,20000,41,84,167,375,0,0
time,3,linear_prices,prototype_4,intent_to_command,20000,42,83,84,1125,0,0
time,3,linear_prices,prototype_4,queued_intent,20000,0,42,42,167,0,0
time,3,linear_prices,prototype_4,report_visible,20000,42,84,125,500,0,0
time,3,linear_prices,prototype_4,ready_to_command,20000,42,84,125,209,0,0
time,3,linear_prices,prototype_32,intent_to_command,20000,42,84,84,208,0,0
time,3,linear_prices,prototype_32,queued_intent,20000,0,42,42,83,0,0
time,3,linear_prices,prototype_32,report_visible,20000,83,125,125,209,0,0
time,3,linear_prices,prototype_32,ready_to_command,20000,83,84,125,5292,0,0
time,3,linear_prices,prototype_128,intent_to_command,20000,125,167,208,958,0,0
time,3,linear_prices,prototype_128,queued_intent,20000,0,42,42,208,0,0
time,3,linear_prices,prototype_128,report_visible,20000,208,292,333,1459,0,0
time,3,linear_prices,prototype_128,ready_to_command,20000,166,167,209,291,0,0
time,4,linear_orders,prices_4,summary_first,20000,0,42,42,167,0,0
time,4,linear_orders,prices_4,summary_last,20000,0,42,42,167,0,0
time,4,linear_orders,prices_4,summary_miss,20000,0,42,42,166,0,0
time,4,linear_orders,prices_4,summary_random,20000,0,42,42,125,0,0
time,4,linear_orders,prices_4,best,20000,0,42,42,250,0,0
time,4,linear_orders,prices_4,sorted_range8,2000,42,42,83,208,0,0
time,4,linear_orders,prices_4,orders_at,2000,0,42,42,208,0,0
time,4,linear_orders,prices_4,batch64_summary,2000,917,1042,1125,6125,0,0
time,4,linear_orders,updates_4,index_fill_visible,20000,0,42,42,167,0,0
time,4,linear_orders,updates_4,index_replace_submit,20000,0,42,83,167,0,0
time,4,linear_orders,updates_4,index_replace_ack_visible,20000,0,42,42,166,0,0
time,4,linear_orders,updates_4,index_cancel_submit,20000,0,42,42,167,0,0
time,4,linear_orders,updates_4,index_terminal_visible,20000,0,42,42,167,0,0
time,4,linear_orders,updates_4,index_reactivate,20000,0,42,83,167,0,0
time,4,linear_orders,prices_8,summary_first,20000,0,42,42,208,0,0
time,4,linear_orders,prices_8,summary_last,20000,0,42,42,125,0,0
time,4,linear_orders,prices_8,summary_miss,20000,0,42,42,208,0,0
time,4,linear_orders,prices_8,summary_random,20000,0,42,42,208,0,0
time,4,linear_orders,prices_8,best,20000,0,42,42,167,0,0
time,4,linear_orders,prices_8,sorted_range8,2000,125,167,167,250,0,0
time,4,linear_orders,prices_8,orders_at,2000,0,42,42,83,0,0
time,4,linear_orders,prices_8,batch64_summary,2000,1208,1292,1334,6083,0,0
time,4,linear_orders,updates_8,index_fill_visible,20000,0,42,42,84,0,0
time,4,linear_orders,updates_8,index_replace_submit,20000,0,42,42,167,0,0
time,4,linear_orders,updates_8,index_replace_ack_visible,20000,0,42,42,209,0,0
time,4,linear_orders,updates_8,index_cancel_submit,20000,0,42,42,167,0,0
time,4,linear_orders,updates_8,index_terminal_visible,20000,0,42,42,208,0,0
time,4,linear_orders,updates_8,index_reactivate,20000,0,42,42,208,0,0
time,4,linear_orders,prices_16,summary_first,20000,41,42,42,209,0,0
time,4,linear_orders,prices_16,summary_last,20000,41,42,42,208,0,0
time,4,linear_orders,prices_16,summary_miss,20000,41,42,42,208,0,0
time,4,linear_orders,prices_16,summary_random,20000,41,42,42,167,0,0
time,4,linear_orders,prices_16,best,20000,0,42,42,84,0,0
time,4,linear_orders,prices_16,sorted_range8,2000,209,250,291,333,0,0
time,4,linear_orders,prices_16,orders_at,2000,41,42,42,84,0,0
time,4,linear_orders,prices_16,batch64_summary,2000,1750,1833,1917,8834,0,0
time,4,linear_orders,updates_16,index_fill_visible,20000,0,42,42,167,0,0
time,4,linear_orders,updates_16,index_replace_submit,20000,0,42,42,208,0,0
time,4,linear_orders,updates_16,index_replace_ack_visible,20000,0,42,42,167,0,0
time,4,linear_orders,updates_16,index_cancel_submit,20000,0,42,42,167,0,0
time,4,linear_orders,updates_16,index_terminal_visible,20000,0,42,42,208,0,0
time,4,linear_orders,updates_16,index_reactivate,20000,0,42,42,208,0,0
time,4,linear_orders,prices_32,summary_first,20000,42,84,84,84,0,0
time,4,linear_orders,prices_32,summary_last,20000,42,84,84,208,0,0
time,4,linear_orders,prices_32,summary_miss,20000,42,84,84,250,0,0
time,4,linear_orders,prices_32,summary_random,20000,42,84,84,208,0,0
time,4,linear_orders,prices_32,best,20000,41,42,42,208,0,0
time,4,linear_orders,prices_32,sorted_range8,2000,459,500,500,500,0,0
time,4,linear_orders,prices_32,orders_at,2000,42,84,84,84,0,0
time,4,linear_orders,prices_32,batch64_summary,2000,3042,3125,3209,8125,0,0
time,4,linear_orders,updates_32,index_fill_visible,20000,0,42,42,42,0,0
time,4,linear_orders,updates_32,index_replace_submit,20000,0,42,42,83,0,0
time,4,linear_orders,updates_32,index_replace_ack_visible,20000,0,42,42,83,0,0
time,4,linear_orders,updates_32,index_cancel_submit,20000,0,42,42,84,0,0
time,4,linear_orders,updates_32,index_terminal_visible,20000,0,42,42,167,0,0
time,4,linear_orders,updates_32,index_reactivate,20000,0,42,42,208,0,0
time,4,linear_orders,prices_128,summary_first,20000,166,167,208,333,0,0
time,4,linear_orders,prices_128,summary_last,20000,166,167,209,1834,0,0
time,4,linear_orders,prices_128,summary_miss,20000,166,167,250,334,0,0
time,4,linear_orders,prices_128,summary_random,20000,166,167,209,5250,0,0
time,4,linear_orders,prices_128,best,20000,84,125,125,250,0,0
time,4,linear_orders,prices_128,sorted_range8,2000,1541,1583,1666,1667,0,0
time,4,linear_orders,prices_128,orders_at,2000,166,167,209,209,0,0
time,4,linear_orders,updates_128,index_fill_visible,20000,0,42,42,167,0,0
time,4,linear_orders,updates_128,index_replace_submit,20000,0,42,42,125,0,0
time,4,linear_orders,updates_128,index_replace_ack_visible,20000,0,42,42,167,0,0
time,4,linear_orders,updates_128,index_cancel_submit,20000,0,42,42,209,0,0
time,4,linear_orders,updates_128,index_terminal_visible,20000,0,42,42,167,0,0
time,4,linear_orders,updates_128,index_reactivate,20000,0,42,42,208,0,0
time,4,linear_orders,prices_1024,summary_first,4000,1333,1417,1458,3834,0,0
time,4,linear_orders,prices_1024,summary_last,4000,1333,1417,1459,1792,0,0
time,4,linear_orders,prices_1024,summary_miss,4000,1333,1417,1500,6333,0,0
time,4,linear_orders,prices_1024,summary_random,4000,1333,1417,1500,6459,0,0
time,4,linear_orders,prices_1024,best,4000,1000,1084,1167,1584,0,0
time,4,linear_orders,prices_1024,sorted_range8,2000,12792,13084,15167,17542,0,0
time,4,linear_orders,prices_1024,orders_at,2000,1208,1292,1334,3041,0,0
time,4,linear_orders,updates_1024,index_fill_visible,4000,0,42,42,42,0,0
time,4,linear_orders,updates_1024,index_replace_submit,4000,0,42,42,83,0,0
time,4,linear_orders,updates_1024,index_replace_ack_visible,4000,0,42,42,84,0,0
time,4,linear_orders,updates_1024,index_cancel_submit,4000,0,42,42,83,0,0
time,4,linear_orders,updates_1024,index_terminal_visible,4000,0,42,42,42,0,0
time,4,linear_orders,updates_1024,index_reactivate,4000,0,42,42,42,0,0
time,4,linear_orders,prices_4096,summary_first,4000,7083,7375,8167,12083,0,0
time,4,linear_orders,prices_4096,summary_last,4000,7041,7375,8583,13209,0,0
time,4,linear_orders,prices_4096,summary_miss,4000,7042,7375,8375,24375,0,0
time,4,linear_orders,prices_4096,summary_random,4000,7042,7375,11791,13542,0,0
time,4,linear_orders,prices_4096,best,4000,6083,6333,7250,8750,0,0
time,4,linear_orders,prices_4096,sorted_range8,2000,58625,60750,64042,66958,0,0
time,4,linear_orders,prices_4096,orders_at,2000,6708,6917,7917,13167,0,0
time,4,linear_orders,updates_4096,index_fill_visible,4000,0,42,42,125,0,0
time,4,linear_orders,updates_4096,index_replace_submit,4000,0,42,42,208,0,0
time,4,linear_orders,updates_4096,index_replace_ack_visible,4000,0,42,42,208,0,0
time,4,linear_orders,updates_4096,index_cancel_submit,4000,0,42,42,84,0,0
time,4,linear_orders,updates_4096,index_terminal_visible,4000,0,42,42,292,0,0
time,4,linear_orders,updates_4096,index_reactivate,4000,0,42,42,167,0,0
time,4,linear_orders,crowded_32,summary_first,4000,42,42,84,625,0,0
time,4,linear_orders,crowded_32,summary_last,4000,42,42,84,208,0,0
time,4,linear_orders,crowded_32,summary_miss,4000,42,84,84,166,0,0
time,4,linear_orders,crowded_32,summary_random,4000,42,42,84,166,0,0
time,4,linear_orders,crowded_32,best,4000,41,42,42,84,0,0
time,4,linear_orders,crowded_32,sorted_range8,2000,125,125,166,208,0,0
time,4,linear_orders,crowded_32,orders_at,2000,83,84,84,84,0,0
time,4,linear_orders,crowded_32,batch64_summary,2000,2666,2709,2875,7833,0,0
time,4,linear_orders,crowded_4096,summary_first,4000,6625,7166,7959,11667,0,0
time,4,linear_orders,crowded_4096,summary_last,4000,6625,7125,8083,13291,0,0
time,4,linear_orders,crowded_4096,summary_miss,4000,6625,7000,7750,8292,0,0
time,4,linear_orders,crowded_4096,summary_random,4000,6542,6958,8708,12542,0,0
time,4,linear_orders,crowded_4096,best,4000,5708,6000,7208,10791,0,0
time,4,linear_orders,crowded_4096,sorted_range8,2000,13750,14333,15375,15833,0,0
time,4,linear_orders,crowded_4096,orders_at,2000,8375,8542,9834,13083,0,0
time,4,linear_orders,mixed_4_q0,fill_plus_queries,20000,0,42,42,167,0,0
time,4,linear_orders,mixed_4_q1,fill_plus_queries,20000,41,42,42,84,0,0
time,4,linear_orders,mixed_4_q4,fill_plus_queries,20000,42,84,125,1875,0,0
time,4,linear_orders,mixed_4_q16,fill_plus_queries,20000,209,250,292,417,0,0
time,4,linear_orders,mixed_32_q0,fill_plus_queries,20000,0,42,42,166,0,0
time,4,linear_orders,mixed_32_q1,fill_plus_queries,20000,42,84,84,6500,0,0
time,4,linear_orders,mixed_32_q4,fill_plus_queries,20000,208,209,250,5292,0,0
time,4,linear_orders,mixed_32_q16,fill_plus_queries,20000,750,792,875,5791,0,0
time,4,linear_orders,mixed_128_q0,fill_plus_queries,20000,0,42,42,6541,0,0
time,4,linear_orders,mixed_128_q1,fill_plus_queries,20000,167,167,250,333,0,0
time,4,linear_orders,mixed_128_q4,fill_plus_queries,20000,625,667,750,10625,0,0
time,4,linear_orders,mixed_128_q16,fill_plus_queries,20000,2417,2500,2834,8708,0,0
time,4,linear_orders,mixed_4096_q0,fill_plus_queries,4000,0,42,42,84,0,0
time,4,linear_orders,mixed_4096_q1,fill_plus_queries,4000,6833,7208,8917,17583,0,0
time,4,linear_orders,mixed_4096_q4,fill_plus_queries,4000,27834,29458,39042,58667,0,0
time,4,linear_orders,mixed_4096_q16,fill_plus_queries,4000,113708,118250,124250,138916,0,0
time,4,linear_orders,growth,new_order_price,20000,41,250,1292,11250,0,0
time,4,linear_orders,growth,first32_subset,32,42,250,250,792,0,0
time,4,linear_orders,growth,last_quarter_subset,5000,41,500,1291,11250,0,0
time,4,linear_orders,growth,every64_subset,313,416,3167,5667,11250,0,0
time,4,linear_orders,4096books_4near_2far,summary_random,20000,42,84,167,416,0,0
time,4,linear_orders,prototype_4,intent_to_command,20000,0,42,42,167,0,0
time,4,linear_orders,prototype_4,queued_intent,20000,0,42,42,167,0,0
time,4,linear_orders,prototype_4,report_visible,20000,41,42,42,292,0,0
time,4,linear_orders,prototype_4,ready_to_command,20000,42,42,42,166,0,0
time,4,linear_orders,prototype_32,intent_to_command,20000,0,42,42,209,0,0
time,4,linear_orders,prototype_32,queued_intent,20000,0,42,42,167,0,0
time,4,linear_orders,prototype_32,report_visible,20000,41,42,42,208,0,0
time,4,linear_orders,prototype_32,ready_to_command,20000,42,42,42,208,0,0
time,4,linear_orders,prototype_128,intent_to_command,20000,0,42,42,84,0,0
time,4,linear_orders,prototype_128,queued_intent,20000,0,42,42,125,0,0
time,4,linear_orders,prototype_128,report_visible,20000,41,42,42,84,0,0
time,4,linear_orders,prototype_128,ready_to_command,20000,42,42,42,167,0,0
time,4,absl_btree,prices_4,summary_first,20000,0,42,42,84,0,0
time,4,absl_btree,prices_4,summary_last,20000,0,42,42,208,0,0
time,4,absl_btree,prices_4,summary_miss,20000,0,42,42,167,0,0
time,4,absl_btree,prices_4,summary_random,20000,0,42,42,166,0,0
time,4,absl_btree,prices_4,best,20000,0,42,42,125,0,0
time,4,absl_btree,prices_4,sorted_range8,2000,0,42,42,250,0,0
time,4,absl_btree,prices_4,orders_at,2000,0,42,42,166,0,0
time,4,absl_btree,prices_4,batch64_summary,2000,708,791,834,917,0,0
time,4,absl_btree,updates_4,index_fill_visible,20000,41,42,42,208,0,0
time,4,absl_btree,updates_4,index_replace_submit,20000,42,84,84,250,0,0
time,4,absl_btree,updates_4,index_replace_ack_visible,20000,42,84,125,709,0,0
time,4,absl_btree,updates_4,index_cancel_submit,20000,41,42,42,167,0,0
time,4,absl_btree,updates_4,index_terminal_visible,20000,42,84,84,6958,0,0
time,4,absl_btree,updates_4,index_reactivate,20000,42,84,84,167,0,0
time,4,absl_btree,prices_8,summary_first,20000,0,42,42,84,0,0
time,4,absl_btree,prices_8,summary_last,20000,0,42,42,167,0,0
time,4,absl_btree,prices_8,summary_miss,20000,0,42,42,125,0,0
time,4,absl_btree,prices_8,summary_random,20000,0,42,42,125,0,0
time,4,absl_btree,prices_8,best,20000,0,42,42,1458,0,0
time,4,absl_btree,prices_8,sorted_range8,2000,0,42,42,125,0,0
time,4,absl_btree,prices_8,orders_at,2000,0,42,42,42,0,0
time,4,absl_btree,prices_8,batch64_summary,2000,750,833,875,917,0,0
time,4,absl_btree,updates_8,index_fill_visible,20000,41,42,42,125,0,0
time,4,absl_btree,updates_8,index_replace_submit,20000,42,84,84,209,0,0
time,4,absl_btree,updates_8,index_replace_ack_visible,20000,42,84,125,167,0,0
time,4,absl_btree,updates_8,index_cancel_submit,20000,41,42,42,125,0,0
time,4,absl_btree,updates_8,index_terminal_visible,20000,42,84,84,167,0,0
time,4,absl_btree,updates_8,index_reactivate,20000,42,84,125,167,0,0
time,4,absl_btree,prices_16,summary_first,20000,0,42,42,83,0,0
time,4,absl_btree,prices_16,summary_last,20000,0,42,42,83,0,0
time,4,absl_btree,prices_16,summary_miss,20000,0,42,42,83,0,0
time,4,absl_btree,prices_16,summary_random,20000,0,42,42,42,0,0
time,4,absl_btree,prices_16,best,20000,0,42,42,125,0,0
time,4,absl_btree,prices_16,sorted_range8,2000,0,42,42,42,0,0
time,4,absl_btree,prices_16,orders_at,2000,0,42,42,83,0,0
time,4,absl_btree,prices_16,batch64_summary,2000,1000,1125,1166,5959,0,0
time,4,absl_btree,updates_16,index_fill_visible,20000,41,42,42,208,0,0
time,4,absl_btree,updates_16,index_replace_submit,20000,42,84,125,292,0,0
time,4,absl_btree,updates_16,index_replace_ack_visible,20000,83,84,166,292,0,0
time,4,absl_btree,updates_16,index_cancel_submit,20000,41,42,42,4041,0,0
time,4,absl_btree,updates_16,index_terminal_visible,20000,42,84,84,542,0,0
time,4,absl_btree,updates_16,index_reactivate,20000,42,84,125,333,0,0
time,4,absl_btree,prices_32,summary_first,20000,0,42,42,83,0,0
time,4,absl_btree,prices_32,summary_last,20000,0,42,42,84,0,0
time,4,absl_btree,prices_32,summary_miss,20000,0,42,42,166,0,0
time,4,absl_btree,prices_32,summary_random,20000,0,42,42,209,0,0
time,4,absl_btree,prices_32,best,20000,0,42,42,167,0,0
time,4,absl_btree,prices_32,sorted_range8,2000,0,42,42,167,0,0
time,4,absl_btree,prices_32,orders_at,2000,0,42,83,125,0,0
time,4,absl_btree,prices_32,batch64_summary,2000,1125,1209,1292,8167,0,0
time,4,absl_btree,updates_32,index_fill_visible,20000,41,42,42,208,0,0
time,4,absl_btree,updates_32,index_replace_submit,20000,83,125,125,250,0,0
time,4,absl_btree,updates_32,index_replace_ack_visible,20000,83,125,167,250,0,0
time,4,absl_btree,updates_32,index_cancel_submit,20000,41,42,83,167,0,0
time,4,absl_btree,updates_32,index_terminal_visible,20000,83,125,125,4208,0,0
time,4,absl_btree,updates_32,index_reactivate,20000,83,125,167,209,0,0
time,4,absl_btree,prices_128,summary_first,20000,0,42,42,84,0,0
time,4,absl_btree,prices_128,summary_last,20000,0,42,42,84,0,0
time,4,absl_btree,prices_128,summary_miss,20000,0,42,42,84,0,0
time,4,absl_btree,prices_128,summary_random,20000,0,42,42,167,0,0
time,4,absl_btree,prices_128,best,20000,0,42,42,208,0,0
time,4,absl_btree,prices_128,sorted_range8,2000,0,42,42,83,0,0
time,4,absl_btree,prices_128,orders_at,2000,41,42,42,83,0,0
time,4,absl_btree,updates_128,index_fill_visible,20000,0,42,42,84,0,0
time,4,absl_btree,updates_128,index_replace_submit,20000,83,125,166,792,0,0
time,4,absl_btree,updates_128,index_replace_ack_visible,20000,84,167,208,4291,0,0
time,4,absl_btree,updates_128,index_cancel_submit,20000,41,42,42,167,0,0
time,4,absl_btree,updates_128,index_terminal_visible,20000,83,125,167,250,0,0
time,4,absl_btree,updates_128,index_reactivate,20000,84,167,167,250,0,0
time,4,absl_btree,prices_1024,summary_first,4000,0,42,42,83,0,0
time,4,absl_btree,prices_1024,summary_last,4000,0,42,42,84,0,0
time,4,absl_btree,prices_1024,summary_miss,4000,0,42,42,42,0,0
time,4,absl_btree,prices_1024,summary_random,4000,0,42,42,83,0,0
time,4,absl_btree,prices_1024,best,4000,0,42,42,42,0,0
time,4,absl_btree,prices_1024,sorted_range8,2000,0,42,42,42,0,0
time,4,absl_btree,prices_1024,orders_at,2000,42,83,84,84,0,0
time,4,absl_btree,updates_1024,index_fill_visible,4000,41,42,42,84,0,0
time,4,absl_btree,updates_1024,index_replace_submit,4000,84,167,208,667,0,0
time,4,absl_btree,updates_1024,index_replace_ack_visible,4000,125,208,250,292,0,0
time,4,absl_btree,updates_1024,index_cancel_submit,4000,0,42,42,83,0,0
time,4,absl_btree,updates_1024,index_terminal_visible,4000,83,167,250,292,0,0
time,4,absl_btree,updates_1024,index_reactivate,4000,125,209,292,375,0,0
time,4,absl_btree,prices_4096,summary_first,4000,0,42,42,125,0,0
time,4,absl_btree,prices_4096,summary_last,4000,0,42,42,42,0,0
time,4,absl_btree,prices_4096,summary_miss,4000,0,42,42,83,0,0
time,4,absl_btree,prices_4096,summary_random,4000,41,42,83,125,0,0
time,4,absl_btree,prices_4096,best,4000,0,42,42,83,0,0
time,4,absl_btree,prices_4096,sorted_range8,2000,0,42,42,84,0,0
time,4,absl_btree,prices_4096,orders_at,2000,42,84,125,125,0,0
time,4,absl_btree,updates_4096,index_fill_visible,4000,41,42,42,42,0,0
time,4,absl_btree,updates_4096,index_replace_submit,4000,125,167,208,1333,0,0
time,4,absl_btree,updates_4096,index_replace_ack_visible,4000,125,208,250,333,0,0
time,4,absl_btree,updates_4096,index_cancel_submit,4000,0,42,42,84,0,0
time,4,absl_btree,updates_4096,index_terminal_visible,4000,83,125,209,292,0,0
time,4,absl_btree,updates_4096,index_reactivate,4000,125,208,250,5208,0,0
time,4,absl_btree,crowded_32,summary_first,4000,0,42,42,84,0,0
time,4,absl_btree,crowded_32,summary_last,4000,0,42,42,83,0,0
time,4,absl_btree,crowded_32,summary_miss,4000,0,42,42,83,0,0
time,4,absl_btree,crowded_32,summary_random,4000,0,42,42,42,0,0
time,4,absl_btree,crowded_32,best,4000,0,42,42,83,0,0
time,4,absl_btree,crowded_32,sorted_range8,2000,0,42,42,83,0,0
time,4,absl_btree,crowded_32,orders_at,2000,83,84,125,208,0,0
time,4,absl_btree,crowded_32,batch64_summary,2000,291,333,375,625,0,0
time,4,absl_btree,crowded_4096,summary_first,4000,0,42,42,42,0,0
time,4,absl_btree,crowded_4096,summary_last,4000,0,42,42,84,0,0
time,4,absl_btree,crowded_4096,summary_miss,4000,0,42,42,83,0,0
time,4,absl_btree,crowded_4096,summary_random,4000,0,42,42,42,0,0
time,4,absl_btree,crowded_4096,best,4000,0,42,42,167,0,0
time,4,absl_btree,crowded_4096,sorted_range8,2000,0,42,42,125,0,0
time,4,absl_btree,crowded_4096,orders_at,2000,17042,17458,21041,23417,0,0
time,4,absl_btree,mixed_4_q0,fill_plus_queries,20000,41,42,42,167,0,0
time,4,absl_btree,mixed_4_q1,fill_plus_queries,20000,42,42,83,5292,0,0
time,4,absl_btree,mixed_4_q4,fill_plus_queries,20000,83,125,125,375,0,0
time,4,absl_btree,mixed_4_q16,fill_plus_queries,20000,250,292,334,417,0,0
time,4,absl_btree,mixed_32_q0,fill_plus_queries,20000,41,42,42,84,0,0
time,4,absl_btree,mixed_32_q1,fill_plus_queries,20000,42,84,125,1875,0,0
time,4,absl_btree,mixed_32_q4,fill_plus_queries,20000,125,125,167,250,0,0
time,4,absl_btree,mixed_32_q16,fill_plus_queries,20000,292,375,375,5250,0,0
time,4,absl_btree,mixed_128_q0,fill_plus_queries,20000,41,42,42,167,0,0
time,4,absl_btree,mixed_128_q1,fill_plus_queries,20000,42,84,84,125,0,0
time,4,absl_btree,mixed_128_q4,fill_plus_queries,20000,125,167,209,292,0,0
time,4,absl_btree,mixed_128_q16,fill_plus_queries,20000,417,500,500,5625,0,0
time,4,absl_btree,mixed_4096_q0,fill_plus_queries,4000,41,42,84,84,0,0
time,4,absl_btree,mixed_4096_q1,fill_plus_queries,4000,83,125,125,167,0,0
time,4,absl_btree,mixed_4096_q4,fill_plus_queries,4000,167,250,250,333,0,0
time,4,absl_btree,mixed_4096_q16,fill_plus_queries,4000,583,708,791,1917,0,0
time,4,absl_btree,growth,new_order_price,20000,166,917,2000,6458,0,0
time,4,absl_btree,growth,first32_subset,32,125,375,375,1292,0,0
time,4,absl_btree,growth,last_quarter_subset,5000,167,1167,2000,6458,0,0
time,4,absl_btree,growth,every64_subset,313,1125,2541,5042,6458,0,0
time,4,absl_btree,4096books_4near_2far,summary_random,20000,42,84,125,375,0,0
time,4,absl_btree,prototype_4,intent_to_command,20000,42,84,84,791,0,0
time,4,absl_btree,prototype_4,queued_intent,20000,0,42,42,83,0,0
time,4,absl_btree,prototype_4,report_visible,20000,83,125,125,417,0,0
time,4,absl_btree,prototype_4,ready_to_command,20000,83,125,125,291,0,0
time,4,absl_btree,prototype_32,intent_to_command,20000,83,125,125,291,0,0
time,4,absl_btree,prototype_32,queued_intent,20000,0,42,42,83,0,0
time,4,absl_btree,prototype_32,report_visible,20000,125,167,208,292,0,0
time,4,absl_btree,prototype_32,ready_to_command,20000,84,166,167,6375,0,0
time,4,absl_btree,prototype_128,intent_to_command,20000,83,125,125,584,0,0
time,4,absl_btree,prototype_128,queued_intent,20000,0,42,42,166,0,0
time,4,absl_btree,prototype_128,report_visible,20000,125,208,209,7000,0,0
time,4,absl_btree,prototype_128,ready_to_command,20000,125,167,167,250,0,0
time,4,linear_prices,prices_4,summary_first,20000,0,42,42,83,0,0
time,4,linear_prices,prices_4,summary_last,20000,0,42,42,209,0,0
time,4,linear_prices,prices_4,summary_miss,20000,0,42,42,125,0,0
time,4,linear_prices,prices_4,summary_random,20000,0,42,42,209,0,0
time,4,linear_prices,prices_4,best,20000,0,42,42,167,0,0
time,4,linear_prices,prices_4,sorted_range8,2000,0,42,42,250,0,0
time,4,linear_prices,prices_4,orders_at,2000,0,42,42,83,0,0
time,4,linear_prices,prices_4,batch64_summary,2000,750,875,916,5667,0,0
time,4,linear_prices,updates_4,index_fill_visible,20000,0,42,42,83,0,0
time,4,linear_prices,updates_4,index_replace_submit,20000,42,42,83,167,0,0
time,4,linear_prices,updates_4,index_replace_ack_visible,20000,42,84,84,166,0,0
time,4,linear_prices,updates_4,index_cancel_submit,20000,0,42,42,84,0,0
time,4,linear_prices,updates_4,index_terminal_visible,20000,41,42,83,209,0,0
time,4,linear_prices,updates_4,index_reactivate,20000,42,42,84,84,0,0
time,4,linear_prices,prices_8,summary_first,20000,0,42,42,167,0,0
time,4,linear_prices,prices_8,summary_last,20000,0,42,42,84,0,0
time,4,linear_prices,prices_8,summary_miss,20000,0,42,42,208,0,0
time,4,linear_prices,prices_8,summary_random,20000,0,42,42,125,0,0
time,4,linear_prices,prices_8,best,20000,0,42,42,167,0,0
time,4,linear_prices,prices_8,sorted_range8,2000,42,84,84,208,0,0
time,4,linear_prices,prices_8,orders_at,2000,0,42,125,208,0,0
time,4,linear_prices,prices_8,batch64_summary,2000,875,958,1000,1000,0,0
time,4,linear_prices,updates_8,index_fill_visible,20000,0,42,42,209,0,0
time,4,linear_prices,updates_8,index_replace_submit,20000,42,42,83,167,0,0
time,4,linear_prices,updates_8,index_replace_ack_visible,20000,42,84,84,208,0,0
time,4,linear_prices,updates_8,index_cancel_submit,20000,0,42,42,167,0,0
time,4,linear_prices,updates_8,index_terminal_visible,20000,42,42,84,208,0,0
time,4,linear_prices,updates_8,index_reactivate,20000,42,83,84,250,0,0
time,4,linear_prices,prices_16,summary_first,20000,0,42,42,83,0,0
time,4,linear_prices,prices_16,summary_last,20000,0,42,42,84,0,0
time,4,linear_prices,prices_16,summary_miss,20000,0,42,42,166,0,0
time,4,linear_prices,prices_16,summary_random,20000,0,42,42,84,0,0
time,4,linear_prices,prices_16,best,20000,0,42,42,2333,0,0
time,4,linear_prices,prices_16,sorted_range8,2000,125,125,167,209,0,0
time,4,linear_prices,prices_16,orders_at,2000,0,42,42,42,0,0
time,4,linear_prices,prices_16,batch64_summary,2000,958,1042,1083,1125,0,0
time,4,linear_prices,updates_16,index_fill_visible,20000,0,42,42,208,0,0
time,4,linear_prices,updates_16,index_replace_submit,20000,42,42,83,209,0,0
time,4,linear_prices,updates_16,index_replace_ack_visible,20000,42,84,84,209,0,0
time,4,linear_prices,updates_16,index_cancel_submit,20000,0,42,42,84,0,0
time,4,linear_prices,updates_16,index_terminal_visible,20000,42,84,84,167,0,0
time,4,linear_prices,updates_16,index_reactivate,20000,42,83,84,167,0,0
time,4,linear_prices,prices_32,summary_first,20000,0,42,42,84,0,0
time,4,linear_prices,prices_32,summary_last,20000,0,42,42,125,0,0
time,4,linear_prices,prices_32,summary_miss,20000,0,42,42,209,0,0
time,4,linear_prices,prices_32,summary_random,20000,0,42,42,84,0,0
time,4,linear_prices,prices_32,best,20000,0,42,42,250,0,0
time,4,linear_prices,prices_32,sorted_range8,2000,208,209,250,291,0,0
time,4,linear_prices,prices_32,orders_at,2000,0,42,42,42,0,0
time,4,linear_prices,prices_32,batch64_summary,2000,1167,1250,1250,1292,0,0
time,4,linear_prices,updates_32,index_fill_visible,20000,0,42,42,166,0,0
time,4,linear_prices,updates_32,index_replace_submit,20000,42,83,84,500,0,0
time,4,linear_prices,updates_32,index_replace_ack_visible,20000,83,125,125,292,0,0
time,4,linear_prices,updates_32,index_cancel_submit,20000,0,42,42,4917,0,0
time,4,linear_prices,updates_32,index_terminal_visible,20000,42,84,84,292,0,0
time,4,linear_prices,updates_32,index_reactivate,20000,42,84,84,167,0,0
time,4,linear_prices,prices_128,summary_first,20000,0,42,42,83,0,0
time,4,linear_prices,prices_128,summary_last,20000,42,84,84,250,0,0
time,4,linear_prices,prices_128,summary_miss,20000,42,84,84,208,0,0
time,4,linear_prices,prices_128,summary_random,20000,41,83,84,125,0,0
time,4,linear_prices,prices_128,best,20000,0,42,42,84,0,0
time,4,linear_prices,prices_128,sorted_range8,2000,917,1000,1166,1250,0,0
time,4,linear_prices,prices_128,orders_at,2000,41,84,84,84,0,0
time,4,linear_prices,updates_128,index_fill_visible,20000,0,42,42,167,0,0
time,4,linear_prices,updates_128,index_replace_submit,20000,125,125,167,1084,0,0
time,4,linear_prices,updates_128,index_replace_ack_visible,20000,208,292,333,417,0,0
time,4,linear_prices,updates_128,index_cancel_submit,20000,0,42,42,84,0,0
time,4,linear_prices,updates_128,index_terminal_visible,20000,166,250,250,2709,0,0
time,4,linear_prices,updates_128,index_reactivate,20000,167,167,209,5125,0,0
time,4,linear_prices,prices_1024,summary_first,4000,0,42,42,83,0,0
time,4,linear_prices,prices_1024,summary_last,4000,292,375,458,458,0,0
time,4,linear_prices,prices_1024,summary_miss,4000,292,334,375,500,0,0
time,4,linear_prices,prices_1024,summary_random,4000,167,333,334,375,0,0
time,4,linear_prices,prices_1024,best,4000,0,42,42,42,0,0
time,4,linear_prices,prices_1024,sorted_range8,2000,6708,6875,9125,13250,0,0
time,4,linear_prices,prices_1024,orders_at,2000,167,333,334,375,0,0
time,4,linear_prices,updates_1024,index_fill_visible,4000,41,42,42,125,0,0
time,4,linear_prices,updates_1024,index_replace_submit,4000,625,667,709,1708,0,0
time,4,linear_prices,updates_1024,index_replace_ack_visible,4000,1250,1959,2000,6250,0,0
time,4,linear_prices,updates_1024,index_cancel_submit,4000,41,42,42,83,0,0
time,4,linear_prices,updates_1024,index_terminal_visible,4000,1083,1667,1709,5875,0,0
time,4,linear_prices,updates_1024,index_reactivate,4000,917,959,1083,1167,0,0
time,4,linear_prices,prices_4096,summary_first,4000,0,42,42,83,0,0
time,4,linear_prices,prices_4096,summary_last,4000,1167,1209,1333,10167,0,0
time,4,linear_prices,prices_4096,summary_miss,4000,1167,1209,1250,4250,0,0
time,4,linear_prices,prices_4096,summary_random,4000,584,1167,1208,1292,0,0
time,4,linear_prices,prices_4096,best,4000,0,42,42,83,0,0
time,4,linear_prices,prices_4096,sorted_range8,2000,26708,27250,34084,39083,0,0
time,4,linear_prices,prices_4096,orders_at,2000,625,1167,1292,1500,0,0
time,4,linear_prices,updates_4096,index_fill_visible,4000,41,42,83,84,0,0
time,4,linear_prices,updates_4096,index_replace_submit,4000,2375,2417,2750,5125,0,0
time,4,linear_prices,updates_4096,index_replace_ack_visible,4000,3458,4583,5292,14583,0,0
time,4,linear_prices,updates_4096,index_cancel_submit,4000,0,42,42,167,0,0
time,4,linear_prices,updates_4096,index_terminal_visible,4000,2833,3416,3875,5000,0,0
time,4,linear_prices,updates_4096,index_reactivate,4000,3500,3584,4084,7583,0,0
time,4,linear_prices,crowded_32,summary_first,4000,0,42,42,42,0,0
time,4,linear_prices,crowded_32,summary_last,4000,0,42,42,42,0,0
time,4,linear_prices,crowded_32,summary_miss,4000,0,42,42,42,0,0
time,4,linear_prices,crowded_32,summary_random,4000,0,42,42,42,0,0
time,4,linear_prices,crowded_32,best,4000,0,42,42,84,0,0
time,4,linear_prices,crowded_32,sorted_range8,2000,0,42,42,84,0,0
time,4,linear_prices,crowded_32,orders_at,2000,83,84,167,209,0,0
time,4,linear_prices,crowded_32,batch64_summary,2000,292,333,334,375,0,0
time,4,linear_prices,crowded_4096,summary_first,4000,0,42,42,42,0,0
time,4,linear_prices,crowded_4096,summary_last,4000,0,42,84,125,0,0
time,4,linear_prices,crowded_4096,summary_miss,4000,0,42,42,84,0,0
time,4,linear_prices,crowded_4096,summary_random,4000,0,42,42,42,0,0
time,4,linear_prices,crowded_4096,best,4000,0,42,42,83,0,0
time,4,linear_prices,crowded_4096,sorted_range8,2000,0,42,42,167,0,0
time,4,linear_prices,crowded_4096,orders_at,2000,16750,16875,21709,23292,0,0
time,4,linear_prices,mixed_4_q0,fill_plus_queries,20000,41,42,42,84,0,0
time,4,linear_prices,mixed_4_q1,fill_plus_queries,20000,41,42,84,167,0,0
time,4,linear_prices,mixed_4_q4,fill_plus_queries,20000,42,84,125,5125,0,0
time,4,linear_prices,mixed_4_q16,fill_plus_queries,20000,208,250,292,375,0,0
time,4,linear_prices,mixed_32_q0,fill_plus_queries,20000,41,42,42,84,0,0
time,4,linear_prices,mixed_32_q1,fill_plus_queries,20000,41,42,84,209,0,0
time,4,linear_prices,mixed_32_q4,fill_plus_queries,20000,83,125,125,5083,0,0
time,4,linear_prices,mixed_32_q16,fill_plus_queries,20000,292,334,375,500,0,0
time,4,linear_prices,mixed_128_q0,fill_plus_queries,20000,41,42,42,84,0,0
time,4,linear_prices,mixed_128_q1,fill_plus_queries,20000,42,84,84,167,0,0
time,4,linear_prices,mixed_128_q4,fill_plus_queries,20000,166,209,250,375,0,0
time,4,linear_prices,mixed_128_q16,fill_plus_queries,20000,542,667,750,21667,0,0
time,4,linear_prices,mixed_4096_q0,fill_plus_queries,4000,41,42,84,167,0,0
time,4,linear_prices,mixed_4096_q1,fill_plus_queries,4000,750,1209,1334,1500,0,0
time,4,linear_prices,mixed_4096_q4,fill_plus_queries,4000,2833,4417,4667,9167,0,0
time,4,linear_prices,mixed_4096_q16,fill_plus_queries,4000,11208,14500,16291,17917,0,0
time,4,linear_prices,growth,new_order_price,20000,8334,16334,18208,32375,0,0
time,4,linear_prices,growth,first32_subset,32,83,167,167,1042,0,0
time,4,linear_prices,growth,last_quarter_subset,5000,14459,16500,21375,32375,0,0
time,4,linear_prices,growth,every64_subset,313,9500,17583,18041,32375,0,0
time,4,linear_prices,4096books_4near_2far,summary_random,20000,41,83,166,375,0,0
time,4,linear_prices,prototype_4,intent_to_command,20000,42,83,84,875,0,0
time,4,linear_prices,prototype_4,queued_intent,20000,0,42,42,125,0,0
time,4,linear_prices,prototype_4,report_visible,20000,42,84,125,375,0,0
time,4,linear_prices,prototype_4,ready_to_command,20000,42,84,125,292,0,0
time,4,linear_prices,prototype_32,intent_to_command,20000,42,84,84,5209,0,0
time,4,linear_prices,prototype_32,queued_intent,20000,0,42,42,208,0,0
time,4,linear_prices,prototype_32,report_visible,20000,83,125,125,250,0,0
time,4,linear_prices,prototype_32,ready_to_command,20000,83,84,125,250,0,0
time,4,linear_prices,prototype_128,intent_to_command,20000,125,167,167,709,0,0
time,4,linear_prices,prototype_128,queued_intent,20000,0,42,42,125,0,0
time,4,linear_prices,prototype_128,report_visible,20000,167,292,333,458,0,0
time,4,linear_prices,prototype_128,ready_to_command,20000,166,167,209,2417,0,0
time,5,linear_prices,prices_4,summary_first,20000,0,42,42,84,0,0
time,5,linear_prices,prices_4,summary_last,20000,0,42,42,125,0,0
time,5,linear_prices,prices_4,summary_miss,20000,0,42,42,83,0,0
time,5,linear_prices,prices_4,summary_random,20000,0,42,42,84,0,0
time,5,linear_prices,prices_4,best,20000,0,42,42,125,0,0
time,5,linear_prices,prices_4,sorted_range8,2000,0,42,42,417,0,0
time,5,linear_prices,prices_4,orders_at,2000,0,42,42,42,0,0
time,5,linear_prices,prices_4,batch64_summary,2000,750,834,875,917,0,0
time,5,linear_prices,updates_4,index_fill_visible,20000,0,42,42,125,0,0
time,5,linear_prices,updates_4,index_replace_submit,20000,42,42,83,125,0,0
time,5,linear_prices,updates_4,index_replace_ack_visible,20000,42,83,84,84,0,0
time,5,linear_prices,updates_4,index_cancel_submit,20000,0,42,42,42,0,0
time,5,linear_prices,updates_4,index_terminal_visible,20000,41,42,83,167,0,0
time,5,linear_prices,updates_4,index_reactivate,20000,42,42,83,208,0,0
time,5,linear_prices,prices_8,summary_first,20000,0,42,42,42,0,0
time,5,linear_prices,prices_8,summary_last,20000,0,42,42,125,0,0
time,5,linear_prices,prices_8,summary_miss,20000,0,42,42,125,0,0
time,5,linear_prices,prices_8,summary_random,20000,0,42,42,125,0,0
time,5,linear_prices,prices_8,best,20000,0,42,42,125,0,0
time,5,linear_prices,prices_8,sorted_range8,2000,42,84,125,209,0,0
time,5,linear_prices,prices_8,orders_at,2000,0,42,42,42,0,0
time,5,linear_prices,prices_8,batch64_summary,2000,875,1000,1083,1125,0,0
time,5,linear_prices,updates_8,index_fill_visible,20000,0,42,42,166,0,0
time,5,linear_prices,updates_8,index_replace_submit,20000,42,42,42,459,0,0
time,5,linear_prices,updates_8,index_replace_ack_visible,20000,42,84,84,4250,0,0
time,5,linear_prices,updates_8,index_cancel_submit,20000,0,42,42,208,0,0
time,5,linear_prices,updates_8,index_terminal_visible,20000,42,42,84,416,0,0
time,5,linear_prices,updates_8,index_reactivate,20000,42,83,84,208,0,0
time,5,linear_prices,prices_16,summary_first,20000,0,42,42,83,0,0
time,5,linear_prices,prices_16,summary_last,20000,0,42,42,84,0,0
time,5,linear_prices,prices_16,summary_miss,20000,0,42,42,84,0,0
time,5,linear_prices,prices_16,summary_random,20000,0,42,42,84,0,0
time,5,linear_prices,prices_16,best,20000,0,42,42,84,0,0
time,5,linear_prices,prices_16,sorted_range8,2000,125,125,166,250,0,0
time,5,linear_prices,prices_16,orders_at,2000,0,42,42,42,0,0
time,5,linear_prices,prices_16,batch64_summary,2000,958,1042,1166,1167,0,0
time,5,linear_prices,updates_16,index_fill_visible,20000,0,42,42,84,0,0
time,5,linear_prices,updates_16,index_replace_submit,20000,42,42,83,167,0,0
time,5,linear_prices,updates_16,index_replace_ack_visible,20000,42,84,84,4875,0,0
time,5,linear_prices,updates_16,index_cancel_submit,20000,0,42,42,166,0,0
time,5,linear_prices,updates_16,index_terminal_visible,20000,42,83,84,166,0,0
time,5,linear_prices,updates_16,index_reactivate,20000,42,83,84,4750,0,0
time,5,linear_prices,prices_32,summary_first,20000,0,42,42,83,0,0
time,5,linear_prices,prices_32,summary_last,20000,0,42,42,84,0,0
time,5,linear_prices,prices_32,summary_miss,20000,0,42,42,167,0,0
time,5,linear_prices,prices_32,summary_random,20000,0,42,42,125,0,0
time,5,linear_prices,prices_32,best,20000,0,42,42,167,0,0
time,5,linear_prices,prices_32,sorted_range8,2000,208,209,250,334,0,0
time,5,linear_prices,prices_32,orders_at,2000,0,42,42,83,0,0
time,5,linear_prices,prices_32,batch64_summary,2000,1167,1250,1292,5416,0,0
time,5,linear_prices,updates_32,index_fill_visible,20000,0,42,42,208,0,0
time,5,linear_prices,updates_32,index_replace_submit,20000,42,42,84,167,0,0
time,5,linear_prices,updates_32,index_replace_ack_visible,20000,83,125,125,250,0,0
time,5,linear_prices,updates_32,index_cancel_submit,20000,0,42,42,125,0,0
time,5,linear_prices,updates_32,index_terminal_visible,20000,42,84,84,167,0,0
time,5,linear_prices,updates_32,index_reactivate,20000,42,84,84,208,0,0
time,5,linear_prices,prices_128,summary_first,20000,0,42,42,84,0,0
time,5,linear_prices,prices_128,summary_last,20000,42,84,84,250,0,0
time,5,linear_prices,prices_128,summary_miss,20000,42,84,84,250,0,0
time,5,linear_prices,prices_128,summary_random,20000,41,83,84,250,0,0
time,5,linear_prices,prices_128,best,20000,0,42,42,209,0,0
time,5,linear_prices,prices_128,sorted_range8,2000,917,959,1042,5167,0,0
time,5,linear_prices,prices_128,orders_at,2000,42,84,84,125,0,0
time,5,linear_prices,updates_128,index_fill_visible,20000,0,42,42,208,0,0
time,5,linear_prices,updates_128,index_replace_submit,20000,125,125,167,666,0,0
time,5,linear_prices,updates_128,index_replace_ack_visible,20000,208,292,333,5125,0,0
time,5,linear_prices,updates_128,index_cancel_submit,20000,0,42,42,250,0,0
time,5,linear_prices,updates_128,index_terminal_visible,20000,166,250,250,5334,0,0
time,5,linear_prices,updates_128,index_reactivate,20000,167,167,209,333,0,0
time,5,linear_prices,prices_1024,summary_first,4000,0,42,42,42,0,0
time,5,linear_prices,prices_1024,summary_last,4000,292,375,458,5667,0,0
time,5,linear_prices,prices_1024,summary_miss,4000,292,334,417,417,0,0
time,5,linear_prices,prices_1024,summary_random,4000,167,292,334,334,0,0
time,5,linear_prices,prices_1024,best,4000,0,42,42,42,0,0
time,5,linear_prices,prices_1024,sorted_range8,2000,6708,6792,6834,6834,0,0
time,5,linear_prices,prices_1024,orders_at,2000,167,333,334,334,0,0
time,5,linear_prices,updates_1024,index_fill_visible,4000,41,42,83,84,0,0
time,5,linear_prices,updates_1024,index_replace_submit,4000,625,625,750,1667,0,0
time,5,linear_prices,updates_1024,index_replace_ack_visible,4000,916,1167,1209,2208,0,0
time,5,linear_prices,updates_1024,index_cancel_submit,4000,0,42,42,209,0,0
time,5,linear_prices,updates_1024,index_terminal_visible,4000,709,875,917,2417,0,0
time,5,linear_prices,updates_1024,index_reactivate,4000,917,917,1042,1084,0,0
time,5,linear_prices,prices_4096,summary_first,4000,0,42,42,42,0,0
time,5,linear_prices,prices_4096,summary_last,4000,1167,1209,1375,11917,0,0
time,5,linear_prices,prices_4096,summary_miss,4000,1167,1209,1458,11166,0,0
time,5,linear_prices,prices_4096,summary_random,4000,584,1167,1167,7250,0,0
time,5,linear_prices,prices_4096,best,4000,0,42,42,42,0,0
time,5,linear_prices,prices_4096,sorted_range8,2000,26666,26834,32208,33792,0,0
time,5,linear_prices,prices_4096,orders_at,2000,625,1167,1250,1500,0,0
time,5,linear_prices,updates_4096,index_fill_visible,4000,41,42,84,167,0,0
time,5,linear_prices,updates_4096,index_replace_submit,4000,2375,2417,2708,5625,0,0
time,5,linear_prices,updates_4096,index_replace_ack_visible,4000,3458,4583,5084,9208,0,0
time,5,linear_prices,updates_4096,index_cancel_submit,4000,41,42,42,84,0,0
time,5,linear_prices,updates_4096,index_terminal_visible,4000,2833,3417,3542,9500,0,0
time,5,linear_prices,updates_4096,index_reactivate,4000,3500,3584,3958,6208,0,0
time,5,linear_prices,crowded_32,summary_first,4000,0,42,42,83,0,0
time,5,linear_prices,crowded_32,summary_last,4000,0,42,42,42,0,0
time,5,linear_prices,crowded_32,summary_miss,4000,0,42,42,83,0,0
time,5,linear_prices,crowded_32,summary_random,4000,0,42,42,83,0,0
time,5,linear_prices,crowded_32,best,4000,0,42,42,42,0,0
time,5,linear_prices,crowded_32,sorted_range8,2000,0,42,42,42,0,0
time,5,linear_prices,crowded_32,orders_at,2000,83,125,167,208,0,0
time,5,linear_prices,crowded_32,batch64_summary,2000,292,333,375,500,0,0
time,5,linear_prices,crowded_4096,summary_first,4000,0,42,42,42,0,0
time,5,linear_prices,crowded_4096,summary_last,4000,0,42,42,42,0,0
time,5,linear_prices,crowded_4096,summary_miss,4000,0,42,42,209,0,0
time,5,linear_prices,crowded_4096,summary_random,4000,0,42,42,42,0,0
time,5,linear_prices,crowded_4096,best,4000,0,42,42,83,0,0
time,5,linear_prices,crowded_4096,sorted_range8,2000,0,42,42,42,0,0
time,5,linear_prices,crowded_4096,orders_at,2000,16625,17083,19708,21834,0,0
time,5,linear_prices,mixed_4_q0,fill_plus_queries,20000,41,42,42,166,0,0
time,5,linear_prices,mixed_4_q1,fill_plus_queries,20000,41,42,84,4916,0,0
time,5,linear_prices,mixed_4_q4,fill_plus_queries,20000,42,84,125,209,0,0
time,5,linear_prices,mixed_4_q16,fill_plus_queries,20000,208,250,292,416,0,0
time,5,linear_prices,mixed_32_q0,fill_plus_queries,20000,41,42,42,208,0,0
time,5,linear_prices,mixed_32_q1,fill_plus_queries,20000,41,42,84,84,0,0
time,5,linear_prices,mixed_32_q4,fill_plus_queries,20000,83,125,125,4833,0,0
time,5,linear_prices,mixed_32_q16,fill_plus_queries,20000,292,334,375,500,0,0
time,5,linear_prices,mixed_128_q0,fill_plus_queries,20000,41,42,42,208,0,0
time,5,linear_prices,mixed_128_q1,fill_plus_queries,20000,42,84,84,5041,0,0
time,5,linear_prices,mixed_128_q4,fill_plus_queries,20000,166,209,250,292,0,0
time,5,linear_prices,mixed_128_q16,fill_plus_queries,20000,542,667,709,2291,0,0
time,5,linear_prices,mixed_4096_q0,fill_plus_queries,4000,41,42,84,84,0,0
time,5,linear_prices,mixed_4096_q1,fill_plus_queries,4000,750,1209,1250,1292,0,0
time,5,linear_prices,mixed_4096_q4,fill_plus_queries,4000,2833,4417,4625,7958,0,0
time,5,linear_prices,mixed_4096_q16,fill_plus_queries,4000,11166,14334,15791,16500,0,0
time,5,linear_prices,growth,new_order_price,20000,8375,16375,17750,30875,0,0
time,5,linear_prices,growth,first32_subset,32,83,167,167,1000,0,0
time,5,linear_prices,growth,last_quarter_subset,5000,14459,16833,19375,30875,0,0
time,5,linear_prices,growth,every64_subset,313,9833,18333,19958,30875,0,0
time,5,linear_prices,4096books_4near_2far,summary_random,20000,41,83,167,416,0,0
time,5,linear_prices,prototype_4,intent_to_command,20000,42,83,84,916,0,0
time,5,linear_prices,prototype_4,queued_intent,20000,0,42,42,83,0,0
time,5,linear_prices,prototype_4,report_visible,20000,42,84,84,375,0,0
time,5,linear_prices,prototype_4,ready_to_command,20000,42,84,125,5083,0,0
time,5,linear_prices,prototype_32,intent_to_command,20000,42,84,84,291,0,0
time,5,linear_prices,prototype_32,queued_intent,20000,0,42,42,84,0,0
time,5,linear_prices,prototype_32,report_visible,20000,83,125,166,250,0,0
time,5,linear_prices,prototype_32,ready_to_command,20000,83,84,125,250,0,0
time,5,linear_prices,prototype_128,intent_to_command,20000,125,167,167,792,0,0
time,5,linear_prices,prototype_128,queued_intent,20000,0,42,42,209,0,0
time,5,linear_prices,prototype_128,report_visible,20000,208,292,333,375,0,0
time,5,linear_prices,prototype_128,ready_to_command,20000,166,167,209,333,0,0
time,5,absl_btree,prices_4,summary_first,20000,0,42,42,125,0,0
time,5,absl_btree,prices_4,summary_last,20000,0,42,42,84,0,0
time,5,absl_btree,prices_4,summary_miss,20000,0,42,42,84,0,0
time,5,absl_btree,prices_4,summary_random,20000,0,42,42,125,0,0
time,5,absl_btree,prices_4,best,20000,0,42,42,167,0,0
time,5,absl_btree,prices_4,sorted_range8,2000,0,42,42,209,0,0
time,5,absl_btree,prices_4,orders_at,2000,0,42,42,125,0,0
time,5,absl_btree,prices_4,batch64_summary,2000,667,750,833,833,0,0
time,5,absl_btree,updates_4,index_fill_visible,20000,0,42,42,167,0,0
time,5,absl_btree,updates_4,index_replace_submit,20000,42,84,84,458,0,0
time,5,absl_btree,updates_4,index_replace_ack_visible,20000,42,84,84,875,0,0
time,5,absl_btree,updates_4,index_cancel_submit,20000,0,42,42,84,0,0
time,5,absl_btree,updates_4,index_terminal_visible,20000,42,84,84,209,0,0
time,5,absl_btree,updates_4,index_reactivate,20000,42,84,84,209,0,0
time,5,absl_btree,prices_8,summary_first,20000,0,42,42,84,0,0
time,5,absl_btree,prices_8,summary_last,20000,0,42,42,167,0,0
time,5,absl_btree,prices_8,summary_miss,20000,0,42,42,84,0,0
time,5,absl_btree,prices_8,summary_random,20000,0,42,42,167,0,0
time,5,absl_btree,prices_8,best,20000,0,42,42,125,0,0
time,5,absl_btree,prices_8,sorted_range8,2000,0,42,42,83,0,0
time,5,absl_btree,prices_8,orders_at,2000,0,42,42,42,0,0
time,5,absl_btree,prices_8,batch64_summary,2000,750,875,958,5833,0,0
time,5,absl_btree,updates_8,index_fill_visible,20000,0,42,42,166,0,0
time,5,absl_btree,updates_8,index_replace_submit,20000,42,84,84,208,0,0
time,5,absl_btree,updates_8,index_replace_ack_visible,20000,42,84,125,209,0,0
time,5,absl_btree,updates_8,index_cancel_submit,20000,0,42,42,84,0,0
time,5,absl_btree,updates_8,index_terminal_visible,20000,42,84,84,208,0,0
time,5,absl_btree,updates_8,index_reactivate,20000,42,84,84,167,0,0
time,5,absl_btree,prices_16,summary_first,20000,0,42,42,83,0,0
time,5,absl_btree,prices_16,summary_last,20000,0,42,42,125,0,0
time,5,absl_btree,prices_16,summary_miss,20000,0,42,42,6708,0,0
time,5,absl_btree,prices_16,summary_random,20000,0,42,42,84,0,0
time,5,absl_btree,prices_16,best,20000,0,42,42,209,0,0
time,5,absl_btree,prices_16,sorted_range8,2000,0,42,42,42,0,0
time,5,absl_btree,prices_16,orders_at,2000,0,42,42,83,0,0
time,5,absl_btree,prices_16,batch64_summary,2000,1000,1125,1208,1209,0,0
time,5,absl_btree,updates_16,index_fill_visible,20000,0,42,42,208,0,0
time,5,absl_btree,updates_16,index_replace_submit,20000,42,84,84,250,0,0
time,5,absl_btree,updates_16,index_replace_ack_visible,20000,42,84,125,209,0,0
time,5,absl_btree,updates_16,index_cancel_submit,20000,41,42,42,208,0,0
time,5,absl_btree,updates_16,index_terminal_visible,20000,42,84,84,5750,0,0
time,5,absl_btree,updates_16,index_reactivate,20000,42,84,125,208,0,0
time,5,absl_btree,prices_32,summary_first,20000,0,42,42,84,0,0
time,5,absl_btree,prices_32,summary_last,20000,0,42,42,167,0,0
time,5,absl_btree,prices_32,summary_miss,20000,0,42,42,166,0,0
time,5,absl_btree,prices_32,summary_random,20000,0,42,42,167,0,0
time,5,absl_btree,prices_32,best,20000,0,42,42,167,0,0
time,5,absl_btree,prices_32,sorted_range8,2000,0,42,42,42,0,0
time,5,absl_btree,prices_32,orders_at,2000,0,42,42,42,0,0
time,5,absl_btree,prices_32,batch64_summary,2000,1125,1209,1250,1541,0,0
time,5,absl_btree,updates_32,index_fill_visible,20000,0,42,42,6625,0,0
time,5,absl_btree,updates_32,index_replace_submit,20000,83,125,125,250,0,0
time,5,absl_btree,updates_32,index_replace_ack_visible,20000,83,125,167,11167,0,0
time,5,absl_btree,updates_32,index_cancel_submit,20000,41,42,42,167,0,0
time,5,absl_btree,updates_32,index_terminal_visible,20000,83,125,125,292,0,0
time,5,absl_btree,updates_32,index_reactivate,20000,83,125,125,250,0,0
time,5,absl_btree,prices_128,summary_first,20000,0,42,42,83,0,0
time,5,absl_btree,prices_128,summary_last,20000,0,42,42,166,0,0
time,5,absl_btree,prices_128,summary_miss,20000,0,42,42,42,0,0
time,5,absl_btree,prices_128,summary_random,20000,0,42,42,125,0,0
time,5,absl_btree,prices_128,best,20000,0,42,42,167,0,0
time,5,absl_btree,prices_128,sorted_range8,2000,0,42,42,42,0,0
time,5,absl_btree,prices_128,orders_at,2000,41,42,83,84,0,0
time,5,absl_btree,updates_128,index_fill_visible,20000,0,42,42,209,0,0
time,5,absl_btree,updates_128,index_replace_submit,20000,83,125,166,3916,0,0
time,5,absl_btree,updates_128,index_replace_ack_visible,20000,84,167,208,292,0,0
time,5,absl_btree,updates_128,index_cancel_submit,20000,0,42,42,167,0,0
time,5,absl_btree,updates_128,index_terminal_visible,20000,83,125,167,250,0,0
time,5,absl_btree,updates_128,index_reactivate,20000,84,167,167,375,0,0
time,5,absl_btree,prices_1024,summary_first,4000,0,42,42,42,0,0
time,5,absl_btree,prices_1024,summary_last,4000,0,42,42,42,0,0
time,5,absl_btree,prices_1024,summary_miss,4000,0,42,42,42,0,0
time,5,absl_btree,prices_1024,summary_random,4000,0,42,42,83,0,0
time,5,absl_btree,prices_1024,best,4000,0,42,42,84,0,0
time,5,absl_btree,prices_1024,sorted_range8,2000,0,42,42,83,0,0
time,5,absl_btree,prices_1024,orders_at,2000,42,83,84,84,0,0
time,5,absl_btree,updates_1024,index_fill_visible,4000,41,42,42,83,0,0
time,5,absl_btree,updates_1024,index_replace_submit,4000,84,167,208,625,0,0
time,5,absl_btree,updates_1024,index_replace_ack_visible,4000,125,208,291,1667,0,0
time,5,absl_btree,updates_1024,index_cancel_submit,4000,0,42,42,84,0,0
time,5,absl_btree,updates_1024,index_terminal_visible,4000,83,167,250,292,0,0
time,5,absl_btree,updates_1024,index_reactivate,4000,125,250,292,375,0,0
time,5,absl_btree,prices_4096,summary_first,4000,0,42,42,84,0,0
time,5,absl_btree,prices_4096,summary_last,4000,0,42,42,167,0,0
time,5,absl_btree,prices_4096,summary_miss,4000,0,42,42,83,0,0
time,5,absl_btree,prices_4096,summary_random,4000,41,42,42,209,0,0
time,5,absl_btree,prices_4096,best,4000,0,42,42,42,0,0
time,5,absl_btree,prices_4096,sorted_range8,2000,0,42,42,83,0,0
time,5,absl_btree,prices_4096,orders_at,2000,42,84,84,125,0,0
time,5,absl_btree,updates_4096,index_fill_visible,4000,0,42,84,125,0,0
time,5,absl_btree,updates_4096,index_replace_submit,4000,125,167,208,1084,0,0
time,5,absl_btree,updates_4096,index_replace_ack_visible,4000,125,208,250,334,0,0
time,5,absl_btree,updates_4096,index_cancel_submit,4000,0,42,42,167,0,0
time,5,absl_btree,updates_4096,index_terminal_visible,4000,83,166,208,250,0,0
time,5,absl_btree,updates_4096,index_reactivate,4000,125,208,209,250,0,0
time,5,absl_btree,crowded_32,summary_first,4000,0,42,42,42,0,0
time,5,absl_btree,crowded_32,summary_last,4000,0,42,42,42,0,0
time,5,absl_btree,crowded_32,summary_miss,4000,0,42,42,83,0,0
time,5,absl_btree,crowded_32,summary_random,4000,0,42,42,42,0,0
time,5,absl_btree,crowded_32,best,4000,0,42,42,125,0,0
time,5,absl_btree,crowded_32,sorted_range8,2000,0,42,42,42,0,0
time,5,absl_btree,crowded_32,orders_at,2000,83,84,166,167,0,0
time,5,absl_btree,crowded_32,batch64_summary,2000,291,292,333,334,0,0
time,5,absl_btree,crowded_4096,summary_first,4000,0,42,42,42,0,0
time,5,absl_btree,crowded_4096,summary_last,4000,0,42,42,42,0,0
time,5,absl_btree,crowded_4096,summary_miss,4000,0,42,42,125,0,0
time,5,absl_btree,crowded_4096,summary_random,4000,0,42,42,83,0,0
time,5,absl_btree,crowded_4096,best,4000,0,42,42,208,0,0
time,5,absl_btree,crowded_4096,sorted_range8,2000,0,42,42,42,0,0
time,5,absl_btree,crowded_4096,orders_at,2000,16584,16875,20542,23333,0,0
time,5,absl_btree,mixed_4_q0,fill_plus_queries,20000,41,42,42,209,0,0
time,5,absl_btree,mixed_4_q1,fill_plus_queries,20000,42,42,83,84,0,0
time,5,absl_btree,mixed_4_q4,fill_plus_queries,20000,83,125,125,125,0,0
time,5,absl_btree,mixed_4_q16,fill_plus_queries,20000,209,292,334,19333,0,0
time,5,absl_btree,mixed_32_q0,fill_plus_queries,20000,41,42,42,83,0,0
time,5,absl_btree,mixed_32_q1,fill_plus_queries,20000,42,84,84,167,0,0
time,5,absl_btree,mixed_32_q4,fill_plus_queries,20000,84,125,167,291,0,0
time,5,absl_btree,mixed_32_q16,fill_plus_queries,20000,292,375,417,7208,0,0
time,5,absl_btree,mixed_128_q0,fill_plus_queries,20000,41,42,42,84,0,0
time,5,absl_btree,mixed_128_q1,fill_plus_queries,20000,42,84,84,125,0,0
time,5,absl_btree,mixed_128_q4,fill_plus_queries,20000,125,166,167,291,0,0
time,5,absl_btree,mixed_128_q16,fill_plus_queries,20000,334,417,458,12791,0,0
time,5,absl_btree,mixed_4096_q0,fill_plus_queries,4000,41,42,83,84,0,0
time,5,absl_btree,mixed_4096_q1,fill_plus_queries,4000,83,125,125,125,0,0
time,5,absl_btree,mixed_4096_q4,fill_plus_queries,4000,167,250,292,5292,0,0
time,5,absl_btree,mixed_4096_q16,fill_plus_queries,4000,625,709,792,5916,0,0
time,5,absl_btree,growth,new_order_price,20000,167,792,1209,7708,0,0
time,5,absl_btree,growth,first32_subset,32,125,333,333,1250,0,0
time,5,absl_btree,growth,last_quarter_subset,5000,167,834,1209,6042,0,0
time,5,absl_btree,growth,every64_subset,313,833,1750,6042,7708,0,0
time,5,absl_btree,4096books_4near_2far,summary_random,20000,42,84,84,375,0,0
time,5,absl_btree,prototype_4,intent_to_command,20000,42,84,84,709,0,0
time,5,absl_btree,prototype_4,queued_intent,20000,0,42,42,167,0,0
time,5,absl_btree,prototype_4,report_visible,20000,83,125,125,375,0,0
time,5,absl_btree,prototype_4,ready_to_command,20000,83,125,125,4375,0,0
time,5,absl_btree,prototype_32,intent_to_command,20000,83,125,125,5167,0,0
time,5,absl_btree,prototype_32,queued_intent,20000,0,42,42,125,0,0
time,5,absl_btree,prototype_32,report_visible,20000,125,167,209,292,0,0
time,5,absl_btree,prototype_32,ready_to_command,20000,84,167,167,250,0,0
time,5,absl_btree,prototype_128,intent_to_command,20000,83,125,166,625,0,0
time,5,absl_btree,prototype_128,queued_intent,20000,0,42,42,125,0,0
time,5,absl_btree,prototype_128,report_visible,20000,125,208,209,333,0,0
time,5,absl_btree,prototype_128,ready_to_command,20000,125,167,208,333,0,0
time,5,linear_orders,prices_4,summary_first,20000,0,42,42,125,0,0
time,5,linear_orders,prices_4,summary_last,20000,0,42,42,84,0,0
time,5,linear_orders,prices_4,summary_miss,20000,0,42,42,83,0,0
time,5,linear_orders,prices_4,summary_random,20000,0,42,42,667,0,0
time,5,linear_orders,prices_4,best,20000,0,42,42,167,0,0
time,5,linear_orders,prices_4,sorted_range8,2000,42,42,42,458,0,0
time,5,linear_orders,prices_4,orders_at,2000,0,42,42,292,0,0
time,5,linear_orders,prices_4,batch64_summary,2000,917,1000,1083,1167,0,0
time,5,linear_orders,updates_4,index_fill_visible,20000,0,42,42,125,0,0
time,5,linear_orders,updates_4,index_replace_submit,20000,0,42,42,167,0,0
time,5,linear_orders,updates_4,index_replace_ack_visible,20000,0,42,42,125,0,0
time,5,linear_orders,updates_4,index_cancel_submit,20000,0,42,42,167,0,0
time,5,linear_orders,updates_4,index_terminal_visible,20000,0,42,42,125,0,0
time,5,linear_orders,updates_4,index_reactivate,20000,0,42,42,167,0,0
time,5,linear_orders,prices_8,summary_first,20000,0,42,42,208,0,0
time,5,linear_orders,prices_8,summary_last,20000,0,42,42,208,0,0
time,5,linear_orders,prices_8,summary_miss,20000,0,42,42,208,0,0
time,5,linear_orders,prices_8,summary_random,20000,0,42,42,125,0,0
time,5,linear_orders,prices_8,best,20000,0,42,42,208,0,0
time,5,linear_orders,prices_8,sorted_range8,2000,125,167,167,291,0,0
time,5,linear_orders,prices_8,orders_at,2000,0,42,42,42,0,0
time,5,linear_orders,prices_8,batch64_summary,2000,1208,1292,1333,1542,0,0
time,5,linear_orders,updates_8,index_fill_visible,20000,0,42,42,42,0,0
time,5,linear_orders,updates_8,index_replace_submit,20000,0,42,42,208,0,0
time,5,linear_orders,updates_8,index_replace_ack_visible,20000,0,42,42,42,0,0
time,5,linear_orders,updates_8,index_cancel_submit,20000,0,42,42,167,0,0
time,5,linear_orders,updates_8,index_terminal_visible,20000,0,42,42,84,0,0
time,5,linear_orders,updates_8,index_reactivate,20000,0,42,42,167,0,0
time,5,linear_orders,prices_16,summary_first,20000,41,42,42,208,0,0
time,5,linear_orders,prices_16,summary_last,20000,41,42,42,166,0,0
time,5,linear_orders,prices_16,summary_miss,20000,41,42,42,167,0,0
time,5,linear_orders,prices_16,summary_random,20000,41,42,42,167,0,0
time,5,linear_orders,prices_16,best,20000,0,42,42,166,0,0
time,5,linear_orders,prices_16,sorted_range8,2000,209,250,334,416,0,0
time,5,linear_orders,prices_16,orders_at,2000,41,42,42,250,0,0
time,5,linear_orders,prices_16,batch64_summary,2000,1750,1834,2208,6459,0,0
time,5,linear_orders,updates_16,index_fill_visible,20000,0,42,42,125,0,0
time,5,linear_orders,updates_16,index_replace_submit,20000,0,42,42,83,0,0
time,5,linear_orders,updates_16,index_replace_ack_visible,20000,0,42,42,42,0,0
time,5,linear_orders,updates_16,index_cancel_submit,20000,0,42,42,83,0,0
time,5,linear_orders,updates_16,index_terminal_visible,20000,0,42,42,4916,0,0
time,5,linear_orders,updates_16,index_reactivate,20000,0,42,42,167,0,0
time,5,linear_orders,prices_32,summary_first,20000,42,84,84,167,0,0
time,5,linear_orders,prices_32,summary_last,20000,42,84,84,167,0,0
time,5,linear_orders,prices_32,summary_miss,20000,42,84,84,209,0,0
time,5,linear_orders,prices_32,summary_random,20000,42,84,84,250,0,0
time,5,linear_orders,prices_32,best,20000,41,42,42,167,0,0
time,5,linear_orders,prices_32,sorted_range8,2000,459,541,625,750,0,0
time,5,linear_orders,prices_32,orders_at,2000,42,84,84,84,0,0
time,5,linear_orders,prices_32,batch64_summary,2000,3042,3167,3583,8083,0,0
time,5,linear_orders,updates_32,index_fill_visible,20000,0,42,42,125,0,0
time,5,linear_orders,updates_32,index_replace_submit,20000,0,42,42,208,0,0
time,5,linear_orders,updates_32,index_replace_ack_visible,20000,0,42,42,167,0,0
time,5,linear_orders,updates_32,index_cancel_submit,20000,0,42,42,208,0,0
time,5,linear_orders,updates_32,index_terminal_visible,20000,0,42,42,166,0,0
time,5,linear_orders,updates_32,index_reactivate,20000,0,42,42,167,0,0
time,5,linear_orders,prices_128,summary_first,20000,166,167,209,292,0,0
time,5,linear_orders,prices_128,summary_last,20000,166,167,208,291,0,0
time,5,linear_orders,prices_128,summary_miss,20000,166,167,208,292,0,0
time,5,linear_orders,prices_128,summary_random,20000,166,167,209,292,0,0
time,5,linear_orders,prices_128,best,20000,84,125,125,291,0,0
time,5,linear_orders,prices_128,sorted_range8,2000,1541,1584,1667,6500,0,0
time,5,linear_orders,prices_128,orders_at,2000,166,167,250,250,0,0
time,5,linear_orders,updates_128,index_fill_visible,20000,0,42,42,750,0,0
time,5,linear_orders,updates_128,index_replace_submit,20000,0,42,42,167,0,0
time,5,linear_orders,updates_128,index_replace_ack_visible,20000,0,42,42,166,0,0
time,5,linear_orders,updates_128,index_cancel_submit,20000,0,42,42,208,0,0
time,5,linear_orders,updates_128,index_terminal_visible,20000,0,42,42,250,0,0
time,5,linear_orders,updates_128,index_reactivate,20000,0,42,42,208,0,0
time,5,linear_orders,prices_1024,summary_first,4000,1292,1375,1500,2000,0,0
time,5,linear_orders,prices_1024,summary_last,4000,1292,1375,1500,1791,0,0
time,5,linear_orders,prices_1024,summary_miss,4000,1292,1375,1542,6375,0,0
time,5,linear_orders,prices_1024,summary_random,4000,1292,1375,1542,6375,0,0
time,5,linear_orders,prices_1024,best,4000,1000,1083,1167,7875,0,0
time,5,linear_orders,prices_1024,sorted_range8,2000,12667,13125,14458,17667,0,0
time,5,linear_orders,prices_1024,orders_at,2000,1167,1250,1375,1459,0,0
time,5,linear_orders,updates_1024,index_fill_visible,4000,0,42,42,83,0,0
time,5,linear_orders,updates_1024,index_replace_submit,4000,0,42,42,42,0,0
time,5,linear_orders,updates_1024,index_replace_ack_visible,4000,0,42,42,167,0,0
time,5,linear_orders,updates_1024,index_cancel_submit,4000,0,42,42,167,0,0
time,5,linear_orders,updates_1024,index_terminal_visible,4000,0,42,42,208,0,0
time,5,linear_orders,updates_1024,index_reactivate,4000,0,42,42,83,0,0
time,5,linear_orders,prices_4096,summary_first,4000,7167,7416,8833,13792,0,0
time,5,linear_orders,prices_4096,summary_last,4000,7084,7416,9583,12208,0,0
time,5,linear_orders,prices_4096,summary_miss,4000,7125,7417,8709,47333,0,0
time,5,linear_orders,prices_4096,summary_random,4000,7125,7417,8417,11792,0,0
time,5,linear_orders,prices_4096,best,4000,6125,6334,7250,9042,0,0
time,5,linear_orders,prices_4096,sorted_range8,2000,59166,62875,65834,75083,0,0
time,5,linear_orders,prices_4096,orders_at,2000,6750,7000,7875,11917,0,0
time,5,linear_orders,updates_4096,index_fill_visible,4000,0,42,42,83,0,0
time,5,linear_orders,updates_4096,index_replace_submit,4000,0,42,42,42,0,0
time,5,linear_orders,updates_4096,index_replace_ack_visible,4000,0,42,42,125,0,0
time,5,linear_orders,updates_4096,index_cancel_submit,4000,0,42,42,42,0,0
time,5,linear_orders,updates_4096,index_terminal_visible,4000,0,42,42,84,0,0
time,5,linear_orders,updates_4096,index_reactivate,4000,0,42,42,83,0,0
time,5,linear_orders,crowded_32,summary_first,4000,42,42,84,125,0,0
time,5,linear_orders,crowded_32,summary_last,4000,42,42,83,125,0,0
time,5,linear_orders,crowded_32,summary_miss,4000,42,84,125,125,0,0
time,5,linear_orders,crowded_32,summary_random,4000,42,42,125,125,0,0
time,5,linear_orders,crowded_32,best,4000,41,42,84,125,0,0
time,5,linear_orders,crowded_32,sorted_range8,2000,125,125,208,209,0,0
time,5,linear_orders,crowded_32,orders_at,2000,83,84,125,166,0,0
time,5,linear_orders,crowded_32,batch64_summary,2000,2625,2792,3250,20458,0,0
time,5,linear_orders,crowded_4096,summary_first,4000,6541,7042,7959,16250,0,0
time,5,linear_orders,crowded_4096,summary_last,4000,6542,7084,7875,12458,0,0
time,5,linear_orders,crowded_4096,summary_miss,4000,6542,6959,9792,15500,0,0
time,5,linear_orders,crowded_4096,summary_random,4000,6500,6833,8000,12250,0,0
time,5,linear_orders,crowded_4096,best,4000,5667,5917,9708,13000,0,0
time,5,linear_orders,crowded_4096,sorted_range8,2000,13542,14167,16417,16875,0,0
time,5,linear_orders,crowded_4096,orders_at,2000,6542,7000,9708,11542,0,0
time,5,linear_orders,mixed_4_q0,fill_plus_queries,20000,0,42,42,84,0,0
time,5,linear_orders,mixed_4_q1,fill_plus_queries,20000,41,42,42,166,0,0
time,5,linear_orders,mixed_4_q4,fill_plus_queries,20000,42,84,84,4166,0,0
time,5,linear_orders,mixed_4_q16,fill_plus_queries,20000,209,250,292,5125,0,0
time,5,linear_orders,mixed_32_q0,fill_plus_queries,20000,0,42,42,167,0,0
time,5,linear_orders,mixed_32_q1,fill_plus_queries,20000,42,84,84,166,0,0
time,5,linear_orders,mixed_32_q4,fill_plus_queries,20000,208,209,250,458,0,0
time,5,linear_orders,mixed_32_q16,fill_plus_queries,20000,750,833,917,7125,0,0
time,5,linear_orders,mixed_128_q0,fill_plus_queries,20000,0,42,42,167,0,0
time,5,linear_orders,mixed_128_q1,fill_plus_queries,20000,167,167,209,333,0,0
time,5,linear_orders,mixed_128_q4,fill_plus_queries,20000,625,666,750,5625,0,0
time,5,linear_orders,mixed_128_q16,fill_plus_queries,20000,2417,2542,2958,9417,0,0
time,5,linear_orders,mixed_4096_q0,fill_plus_queries,4000,0,42,42,84,0,0
time,5,linear_orders,mixed_4096_q1,fill_plus_queries,4000,7000,7250,8167,12125,0,0
time,5,linear_orders,mixed_4096_q4,fill_plus_queries,4000,27417,28250,33250,37792,0,0
time,5,linear_orders,mixed_4096_q16,fill_plus_queries,4000,112583,117417,122875,150458,0,0
time,5,linear_orders,growth,new_order_price,20000,41,459,1375,11583,0,0
time,5,linear_orders,growth,first32_subset,32,0,667,667,2417,0,0
time,5,linear_orders,growth,last_quarter_subset,5000,41,1041,1375,11583,0,0
time,5,linear_orders,growth,every64_subset,313,1000,2541,5708,11583,0,0
time,5,linear_orders,4096books_4near_2far,summary_random,20000,42,84,208,416,0,0
time,5,linear_orders,prototype_4,intent_to_command,20000,0,42,42,208,0,0
time,5,linear_orders,prototype_4,queued_intent,20000,0,42,42,167,0,0
time,5,linear_orders,prototype_4,report_visible,20000,41,42,42,292,0,0
time,5,linear_orders,prototype_4,ready_to_command,20000,42,42,42,333,0,0
time,5,linear_orders,prototype_32,intent_to_command,20000,0,42,42,84,0,0
time,5,linear_orders,prototype_32,queued_intent,20000,0,42,42,84,0,0
time,5,linear_orders,prototype_32,report_visible,20000,41,42,42,5125,0,0
time,5,linear_orders,prototype_32,ready_to_command,20000,42,42,42,125,0,0
time,5,linear_orders,prototype_128,intent_to_command,20000,0,42,42,84,0,0
time,5,linear_orders,prototype_128,queued_intent,20000,0,42,42,209,0,0
time,5,linear_orders,prototype_128,report_visible,20000,41,42,42,208,0,0
time,5,linear_orders,prototype_128,ready_to_command,20000,42,42,42,208,0,0
time,0,timer,baseline,timer,20000,0,42,42,84,0,0
