pass,round,backend,scenario,metric,n,p50_ns,p99_ns,p999_ns,max_ns,allocations,allocated_bytes
time,0,standard,sparse_n1,hit,20000,41,42,83,3000,0,0
time,0,standard,sparse_n1,miss,20000,41,42,83,3541,0,0
time,0,standard,sparse_n1,range8,20000,41,42,83,3750,0,0
time,0,standard,sparse_n1,working_off_best_on,20000,42,42,84,3875,0,0
time,0,standard,sparse_n1,reprice,20000,42,84,125,3167,0,0
time,0,standard,sparse_n4,hit,20000,41,42,83,3459,0,0
time,0,standard,sparse_n4,miss,20000,41,42,42,3209,0,0
time,0,standard,sparse_n4,range8,20000,41,42,83,3167,0,0
time,0,standard,sparse_n4,working_off_best_on,20000,42,42,84,3250,0,0
time,0,standard,sparse_n4,reprice,20000,42,84,125,5292,0,0
time,0,standard,sparse_n8,hit,20000,0,42,42,84,0,0
time,0,standard,sparse_n8,miss,20000,0,42,42,83,0,0
time,0,standard,sparse_n8,range8,20000,41,42,83,334,0,0
time,0,standard,sparse_n8,working_off_best_on,20000,41,42,84,291,0,0
time,0,standard,sparse_n8,reprice,20000,41,42,83,167,0,0
time,0,standard,sparse_n16,hit,20000,0,42,42,84,0,0
time,0,standard,sparse_n16,miss,20000,0,42,42,84,0,0
time,0,standard,sparse_n16,range8,20000,0,42,42,84,0,0
time,0,standard,sparse_n16,working_off_best_on,20000,41,42,42,291,0,0
time,0,standard,sparse_n16,reprice,20000,42,84,84,125,0,0
time,0,standard,sparse_n64,hit,20000,0,42,42,84,0,0
time,0,standard,sparse_n64,miss,20000,0,42,42,83,0,0
time,0,standard,sparse_n64,range8,20000,0,42,42,83,0,0
time,0,standard,sparse_n64,working_off_best_on,20000,41,84,125,4042,0,0
time,0,standard,sparse_n64,reprice,20000,83,167,209,4417,0,0
time,0,standard,sparse_n4096,hit,20000,42,84,84,125,0,0
time,0,standard,sparse_n4096,miss,20000,42,84,84,125,0,0
time,0,standard,sparse_n4096,range8,20000,42,84,84,125,0,0
time,0,standard,sparse_n4096,working_off_best_on,20000,83,208,292,708,0,0
time,0,standard,sparse_n4096,reprice,20000,208,375,417,1375,0,0
time,0,standard,dense_n4096,hit,20000,42,84,84,84,0,0
time,0,standard,dense_n4096,miss,20000,0,42,42,84,0,0
time,0,standard,dense_n4096,range8,20000,42,84,84,125,0,0
time,0,standard,dense_n4096,working_off_best_on,20000,83,208,292,1292,0,0
time,0,standard,dense_n4096,reprice,20000,208,334,417,500,0,0
time,0,standard,4096books_4prices,hit,20000,0,42,42,84,0,0
time,0,standard,insert_after4,insert,20000,0,42,42,84,0,0
time,0,standard,insert_after8,insert,20000,0,42,42,84,0,0
time,0,standard,insert_after16,insert,20000,41,42,42,125,0,0
time,0,standard,random_growth,insert,20000,125,250,1167,8833,0,0
time,0,standard,4095_pending_only,refresh_best,20000,0,42,42,84,0,0
time,0,flat,sparse_n1,hit,20000,0,42,42,84,0,0
time,0,flat,sparse_n1,miss,20000,0,42,42,84,0,0
time,0,flat,sparse_n1,range8,20000,0,42,42,958,0,0
time,0,flat,sparse_n1,working_off_best_on,20000,0,42,42,84,0,0
time,0,flat,sparse_n1,reprice,20000,0,42,42,125,0,0
time,0,flat,sparse_n4,hit,20000,0,42,42,83,0,0
time,0,flat,sparse_n4,miss,20000,0,42,42,84,0,0
time,0,flat,sparse_n4,range8,20000,0,42,42,84,0,0
time,0,flat,sparse_n4,working_off_best_on,20000,0,42,42,84,0,0
time,0,flat,sparse_n4,reprice,20000,0,42,42,84,0,0
time,0,flat,sparse_n8,hit,20000,0,42,42,83,0,0
time,0,flat,sparse_n8,miss,20000,0,42,42,84,0,0
time,0,flat,sparse_n8,range8,20000,0,42,42,84,0,0
time,0,flat,sparse_n8,working_off_best_on,20000,0,42,42,84,0,0
time,0,flat,sparse_n8,reprice,20000,0,42,42,84,0,0
time,0,flat,sparse_n16,hit,20000,0,42,42,84,0,0
time,0,flat,sparse_n16,miss,20000,0,42,42,84,0,0
time,0,flat,sparse_n16,range8,20000,0,42,42,83,0,0
time,0,flat,sparse_n16,working_off_best_on,20000,0,42,42,1125,0,0
time,0,flat,sparse_n16,reprice,20000,0,42,42,84,0,0
time,0,flat,sparse_n64,hit,20000,0,42,42,125,0,0
time,0,flat,sparse_n64,miss,20000,0,42,42,84,0,0
time,0,flat,sparse_n64,range8,20000,0,42,42,83,0,0
time,0,flat,sparse_n64,working_off_best_on,20000,0,42,42,84,0,0
time,0,flat,sparse_n64,reprice,20000,42,84,84,84,0,0
time,0,flat,sparse_n4096,hit,20000,42,83,84,84,0,0
time,0,flat,sparse_n4096,miss,20000,41,42,42,84,0,0
time,0,flat,sparse_n4096,range8,20000,0,42,42,83,0,0
time,0,flat,sparse_n4096,working_off_best_on,20000,41,42,42,84,0,0
time,0,flat,sparse_n4096,reprice,20000,750,1500,1583,5500,0,0
time,0,flat,dense_n4096,hit,20000,42,83,84,84,0,0
time,0,flat,dense_n4096,miss,20000,41,42,42,83,0,0
time,0,flat,dense_n4096,range8,20000,0,42,42,84,0,0
time,0,flat,dense_n4096,working_off_best_on,20000,41,42,42,84,0,0
time,0,flat,dense_n4096,reprice,20000,750,1500,1542,2584,0,0
time,0,flat,4096books_4prices,hit,20000,0,42,42,84,0,0
time,0,flat,insert_after4,insert,20000,42,84,84,1083,0,0
time,0,flat,insert_after8,insert,20000,42,84,84,958,0,0
time,0,flat,insert_after16,insert,20000,42,84,84,1042,0,0
time,0,flat,random_growth,insert,20000,1708,8625,9583,14292,0,0
time,0,flat,4095_pending_only,refresh_best,20000,1166,1209,1333,2291,0,0
time,0,adaptive4,sparse_n1,hit,20000,0,42,42,83,0,0
time,0,adaptive4,sparse_n1,miss,20000,0,42,42,1250,0,0
time,0,adaptive4,sparse_n1,range8,20000,0,42,42,10125,0,0
time,0,adaptive4,sparse_n1,working_off_best_on,20000,0,42,42,125,0,0
time,0,adaptive4,sparse_n1,reprice,20000,0,42,42,166,0,0
time,0,adaptive4,sparse_n4,hit,20000,0,42,42,84,0,0
time,0,adaptive4,sparse_n4,miss,20000,0,42,42,84,0,0
time,0,adaptive4,sparse_n4,range8,20000,0,42,42,83,0,0
time,0,adaptive4,sparse_n4,working_off_best_on,20000,0,42,42,84,0,0
time,0,adaptive4,sparse_n4,reprice,20000,0,42,42,84,0,0
time,0,adaptive4,sparse_n8,hit,20000,0,42,42,84,0,0
time,0,adaptive4,sparse_n8,miss,20000,0,42,42,84,0,0
time,0,adaptive4,sparse_n8,range8,20000,0,42,42,167,0,0
time,0,adaptive4,sparse_n8,working_off_best_on,20000,0,42,42,125,0,0
time,0,adaptive4,sparse_n8,reprice,20000,41,42,84,125,0,0
time,0,adaptive4,sparse_n16,hit,20000,0,42,42,84,0,0
time,0,adaptive4,sparse_n16,miss,20000,0,42,42,83,0,0
time,0,adaptive4,sparse_n16,range8,20000,0,42,42,125,0,0
time,0,adaptive4,sparse_n16,working_off_best_on,20000,41,42,83,125,0,0
time,0,adaptive4,sparse_n16,reprice,20000,42,84,125,250,0,0
time,0,adaptive4,sparse_n64,hit,20000,0,42,42,84,0,0
time,0,adaptive4,sparse_n64,miss,20000,0,42,42,84,0,0
time,0,adaptive4,sparse_n64,range8,20000,0,42,42,84,0,0
time,0,adaptive4,sparse_n64,working_off_best_on,20000,41,84,125,250,0,0
time,0,adaptive4,sparse_n64,reprice,20000,83,167,209,291,0,0
time,0,adaptive4,sparse_n4096,hit,20000,42,83,84,125,0,0
time,0,adaptive4,sparse_n4096,miss,20000,42,42,84,125,0,0
time,0,adaptive4,sparse_n4096,range8,20000,42,84,84,125,0,0
time,0,adaptive4,sparse_n4096,working_off_best_on,20000,83,208,292,458,0,0
time,0,adaptive4,sparse_n4096,reprice,20000,208,334,417,1458,0,0
time,0,adaptive4,dense_n4096,hit,20000,42,83,84,84,0,0
time,0,adaptive4,dense_n4096,miss,20000,41,42,42,84,0,0
time,0,adaptive4,dense_n4096,range8,20000,42,84,84,125,0,0
time,0,adaptive4,dense_n4096,working_off_best_on,20000,83,208,291,417,0,0
time,0,adaptive4,dense_n4096,reprice,20000,208,334,417,1584,0,0
time,0,adaptive4,4096books_4prices,hit,20000,0,42,42,375,0,0
time,0,adaptive4,insert_after4,insert,20000,83,125,125,250,0,0
time,0,adaptive4,insert_after8,insert,20000,0,42,42,83,0,0
time,0,adaptive4,insert_after16,insert,20000,41,42,42,84,0,0
time,0,adaptive4,random_growth,insert,20000,125,250,375,1333,0,0
time,0,adaptive4,4095_pending_only,refresh_best,20000,0,42,42,84,0,0
time,0,adaptive8,sparse_n1,hit,20000,0,42,42,84,0,0
time,0,adaptive8,sparse_n1,miss,20000,0,42,42,208,0,0
time,0,adaptive8,sparse_n1,range8,20000,0,42,42,83,0,0
time,0,adaptive8,sparse_n1,working_off_best_on,20000,0,42,42,166,0,0
time,0,adaptive8,sparse_n1,reprice,20000,0,42,42,84,0,0
time,0,adaptive8,sparse_n4,hit,20000,0,42,42,84,0,0
time,0,adaptive8,sparse_n4,miss,20000,0,42,42,84,0,0
time,0,adaptive8,sparse_n4,range8,20000,0,42,42,84,0,0
time,0,adaptive8,sparse_n4,working_off_best_on,20000,0,42,42,84,0,0
time,0,adaptive8,sparse_n4,reprice,20000,0,42,42,125,0,0
time,0,adaptive8,sparse_n8,hit,20000,0,42,42,84,0,0
time,0,adaptive8,sparse_n8,miss,20000,0,42,42,83,0,0
time,0,adaptive8,sparse_n8,range8,20000,0,42,42,84,0,0
time,0,adaptive8,sparse_n8,working_off_best_on,20000,0,42,42,83,0,0
time,0,adaptive8,sparse_n8,reprice,20000,0,42,42,84,0,0
time,0,adaptive8,sparse_n16,hit,20000,0,42,42,84,0,0
time,0,adaptive8,sparse_n16,miss,20000,0,42,42,84,0,0
time,0,adaptive8,sparse_n16,range8,20000,0,42,42,208,0,0
time,0,adaptive8,sparse_n16,working_off_best_on,20000,41,42,42,84,0,0
time,0,adaptive8,sparse_n16,reprice,20000,42,84,84,166,0,0
time,0,adaptive8,sparse_n64,hit,20000,0,42,42,84,0,0
time,0,adaptive8,sparse_n64,miss,20000,0,42,42,83,0,0
time,0,adaptive8,sparse_n64,range8,20000,0,42,42,84,0,0
time,0,adaptive8,sparse_n64,working_off_best_on,20000,41,84,125,1041,0,0
time,0,adaptive8,sparse_n64,reprice,20000,83,167,209,250,0,0
time,0,adaptive8,sparse_n4096,hit,20000,42,83,84,84,0,0
time,0,adaptive8,sparse_n4096,miss,20000,42,42,84,84,0,0
time,0,adaptive8,sparse_n4096,range8,20000,42,84,125,125,0,0
time,0,adaptive8,sparse_n4096,working_off_best_on,20000,83,208,292,1458,0,0
time,0,adaptive8,sparse_n4096,reprice,20000,208,375,417,500,0,0
time,0,adaptive8,dense_n4096,hit,20000,42,83,84,2917,0,0
time,0,adaptive8,dense_n4096,miss,20000,41,42,42,84,0,0
time,0,adaptive8,dense_n4096,range8,20000,42,84,84,125,0,0
time,0,adaptive8,dense_n4096,working_off_best_on,20000,83,208,292,375,0,0
time,0,adaptive8,dense_n4096,reprice,20000,208,334,417,500,0,0
time,0,adaptive8,4096books_4prices,hit,20000,0,42,42,84,0,0
time,0,adaptive8,insert_after4,insert,20000,0,42,42,84,0,0
time,0,adaptive8,insert_after8,insert,20000,125,125,167,375,0,0
time,0,adaptive8,insert_after16,insert,20000,41,42,42,84,0,0
time,0,adaptive8,random_growth,insert,20000,125,250,334,458,0,0
time,0,adaptive8,4095_pending_only,refresh_best,20000,0,42,42,84,0,0
time,0,adaptive16,sparse_n1,hit,20000,0,42,42,84,0,0
time,0,adaptive16,sparse_n1,miss,20000,0,42,42,83,0,0
time,0,adaptive16,sparse_n1,range8,20000,0,42,42,83,0,0
time,0,adaptive16,sparse_n1,working_off_best_on,20000,0,42,42,84,0,0
time,0,adaptive16,sparse_n1,reprice,20000,0,42,42,84,0,0
time,0,adaptive16,sparse_n4,hit,20000,0,42,42,84,0,0
time,0,adaptive16,sparse_n4,miss,20000,0,42,42,1125,0,0
time,0,adaptive16,sparse_n4,range8,20000,0,42,42,83,0,0
time,0,adaptive16,sparse_n4,working_off_best_on,20000,0,42,42,83,0,0
time,0,adaptive16,sparse_n4,reprice,20000,0,42,42,83,0,0
time,0,adaptive16,sparse_n8,hit,20000,0,42,42,83,0,0
time,0,adaptive16,sparse_n8,miss,20000,0,42,42,83,0,0
time,0,adaptive16,sparse_n8,range8,20000,0,42,42,84,0,0
time,0,adaptive16,sparse_n8,working_off_best_on,20000,0,42,42,84,0,0
time,0,adaptive16,sparse_n8,reprice,20000,0,42,42,42,0,0
time,0,adaptive16,sparse_n16,hit,20000,0,42,42,84,0,0
time,0,adaptive16,sparse_n16,miss,20000,0,42,42,84,0,0
time,0,adaptive16,sparse_n16,range8,20000,0,42,42,125,0,0
time,0,adaptive16,sparse_n16,working_off_best_on,20000,0,42,42,2875,0,0
time,0,adaptive16,sparse_n16,reprice,20000,0,42,42,83,0,0
time,0,adaptive16,sparse_n64,hit,20000,0,42,42,84,0,0
time,0,adaptive16,sparse_n64,miss,20000,0,42,42,84,0,0
time,0,adaptive16,sparse_n64,range8,20000,0,42,42,166,0,0
time,0,adaptive16,sparse_n64,working_off_best_on,20000,41,84,125,167,0,0
time,0,adaptive16,sparse_n64,reprice,20000,83,167,209,250,0,0
time,0,adaptive16,sparse_n4096,hit,20000,42,83,84,125,0,0
time,0,adaptive16,sparse_n4096,miss,20000,42,42,84,125,0,0
time,0,adaptive16,sparse_n4096,range8,20000,42,84,84,125,0,0
time,0,adaptive16,sparse_n4096,working_off_best_on,20000,83,208,292,458,0,0
time,0,adaptive16,sparse_n4096,reprice,20000,208,334,417,500,0,0
time,0,adaptive16,dense_n4096,hit,20000,42,83,84,84,0,0
time,0,adaptive16,dense_n4096,miss,20000,41,42,42,84,0,0
time,0,adaptive16,dense_n4096,range8,20000,42,84,84,125,0,0
time,0,adaptive16,dense_n4096,working_off_best_on,20000,83,208,291,417,0,0
time,0,adaptive16,dense_n4096,reprice,20000,208,334,417,500,0,0
time,0,adaptive16,4096books_4prices,hit,20000,0,42,42,84,0,0
time,0,adaptive16,insert_after4,insert,20000,0,42,42,84,0,0
time,0,adaptive16,insert_after8,insert,20000,0,42,42,83,0,0
time,0,adaptive16,insert_after16,insert,20000,250,292,334,1041,0,0
time,0,adaptive16,random_growth,insert,20000,125,250,375,917,0,0
time,0,adaptive16,4095_pending_only,refresh_best,20000,0,42,42,42,0,0
time,0,hash_ordered,sparse_n1,hit,20000,0,42,42,83,0,0
time,0,hash_ordered,sparse_n1,miss,20000,0,42,42,42,0,0
time,0,hash_ordered,sparse_n1,range8,20000,0,42,42,1250,0,0
time,0,hash_ordered,sparse_n1,working_off_best_on,20000,0,42,42,84,0,0
time,0,hash_ordered,sparse_n1,reprice,20000,41,42,42,250,0,0
time,0,hash_ordered,sparse_n4,hit,20000,0,42,42,42,0,0
time,0,hash_ordered,sparse_n4,miss,20000,0,42,42,83,0,0
time,0,hash_ordered,sparse_n4,range8,20000,0,42,42,83,0,0
time,0,hash_ordered,sparse_n4,working_off_best_on,20000,0,42,42,125,0,0
time,0,hash_ordered,sparse_n4,reprice,20000,42,83,84,125,0,0
time,0,hash_ordered,sparse_n8,hit,20000,0,42,42,84,0,0
time,0,hash_ordered,sparse_n8,miss,20000,0,42,42,83,0,0
time,0,hash_ordered,sparse_n8,range8,20000,0,42,42,84,0,0
time,0,hash_ordered,sparse_n8,working_off_best_on,20000,0,42,42,84,0,0
time,0,hash_ordered,sparse_n8,reprice,20000,42,84,84,333,0,0
time,0,hash_ordered,sparse_n16,hit,20000,0,42,42,83,0,0
time,0,hash_ordered,sparse_n16,miss,20000,0,42,42,84,0,0
time,0,hash_ordered,sparse_n16,range8,20000,0,42,42,84,0,0
time,0,hash_ordered,sparse_n16,working_off_best_on,20000,0,42,42,125,0,0
time,0,hash_ordered,sparse_n16,reprice,20000,83,125,167,458,0,0
time,0,hash_ordered,sparse_n64,hit,20000,0,42,42,84,0,0
time,0,hash_ordered,sparse_n64,miss,20000,0,42,42,3000,0,0
time,0,hash_ordered,sparse_n64,range8,20000,0,42,42,84,0,0
time,0,hash_ordered,sparse_n64,working_off_best_on,20000,41,84,125,209,0,0
time,0,hash_ordered,sparse_n64,reprice,20000,125,209,250,3042,0,0
time,0,hash_ordered,sparse_n4096,hit,20000,41,42,42,125,0,0
time,0,hash_ordered,sparse_n4096,miss,20000,0,42,42,84,0,0
time,0,hash_ordered,sparse_n4096,range8,20000,42,84,125,1000,0,0
time,0,hash_ordered,sparse_n4096,working_off_best_on,20000,83,208,292,417,0,0
time,0,hash_ordered,sparse_n4096,reprice,20000,209,416,2708,29375,0,0
time,0,hash_ordered,dense_n4096,hit,20000,41,42,42,2667,0,0
time,0,hash_ordered,dense_n4096,miss,20000,0,42,42,84,0,0
time,0,hash_ordered,dense_n4096,range8,20000,42,84,125,2958,0,0
time,0,hash_ordered,dense_n4096,working_off_best_on,20000,83,208,292,2958,0,0
time,0,hash_ordered,dense_n4096,reprice,20000,209,375,542,29500,0,0
time,0,hash_ordered,4096books_4prices,hit,20000,0,42,42,84,0,0
time,0,hash_ordered,insert_after4,insert,20000,41,42,42,84,0,0
time,0,hash_ordered,insert_after8,insert,20000,41,42,42,84,0,0
time,0,hash_ordered,insert_after16,insert,20000,41,42,42,84,0,0
time,0,hash_ordered,random_growth,insert,20000,125,250,416,120583,0,0
time,0,hash_ordered,4095_pending_only,refresh_best,20000,0,42,42,42,0,0
time,0,paged64,sparse_n1,hit,20000,0,42,42,125,0,0
time,0,paged64,sparse_n1,miss,20000,0,42,42,42,0,0
time,0,paged64,sparse_n1,range8,20000,0,42,42,375,0,0
time,0,paged64,sparse_n1,working_off_best_on,20000,0,42,42,125,0,0
time,0,paged64,sparse_n1,reprice,20000,42,84,84,1292,0,0
time,0,paged64,sparse_n4,hit,20000,0,42,42,83,0,0
time,0,paged64,sparse_n4,miss,20000,0,42,42,84,0,0
time,0,paged64,sparse_n4,range8,20000,0,42,42,83,0,0
time,0,paged64,sparse_n4,working_off_best_on,20000,41,42,42,125,0,0
time,0,paged64,sparse_n4,reprice,20000,42,84,84,208,0,0
time,0,paged64,sparse_n8,hit,20000,0,42,42,83,0,0
time,0,paged64,sparse_n8,miss,20000,0,42,42,83,0,0
time,0,paged64,sparse_n8,range8,20000,0,42,42,84,0,0
time,0,paged64,sparse_n8,working_off_best_on,20000,41,42,42,125,0,0
time,0,paged64,sparse_n8,reprice,20000,83,84,84,208,0,0
time,0,paged64,sparse_n16,hit,20000,0,42,42,83,0,0
time,0,paged64,sparse_n16,miss,20000,0,42,42,83,0,0
time,0,paged64,sparse_n16,range8,20000,0,42,42,84,0,0
time,0,paged64,sparse_n16,working_off_best_on,20000,41,42,84,167,0,0
time,0,paged64,sparse_n16,reprice,20000,83,125,167,250,0,0
time,0,paged64,sparse_n64,hit,20000,0,42,42,84,0,0
time,0,paged64,sparse_n64,miss,20000,0,42,42,84,0,0
time,0,paged64,sparse_n64,range8,20000,41,42,42,84,0,0
time,0,paged64,sparse_n64,working_off_best_on,20000,42,125,167,291,0,0
time,0,paged64,sparse_n64,reprice,20000,125,250,292,417,0,0
time,0,paged64,sparse_n4096,hit,20000,42,84,84,84,0,0
time,0,paged64,sparse_n4096,miss,20000,41,42,83,125,0,0
time,0,paged64,sparse_n4096,range8,20000,83,84,125,167,0,0
time,0,paged64,sparse_n4096,working_off_best_on,20000,167,292,375,542,0,0
time,0,paged64,sparse_n4096,reprice,20000,334,500,584,709,0,0
time,0,paged64,dense_n4096,hit,20000,0,42,42,84,0,0
time,0,paged64,dense_n4096,miss,20000,0,42,42,84,0,0
time,0,paged64,dense_n4096,range8,20000,41,42,42,125,0,0
time,0,paged64,dense_n4096,working_off_best_on,20000,41,42,83,125,0,0
time,0,paged64,dense_n4096,reprice,20000,42,166,250,3583,0,0
time,0,paged64,4096books_4prices,hit,20000,41,458,666,1292,0,0
time,0,paged64,insert_after4,insert,20000,42,42,83,125,0,0
time,0,paged64,insert_after8,insert,20000,42,83,84,125,0,0
time,0,paged64,insert_after16,insert,20000,42,84,84,125,0,0
time,0,paged64,random_growth,insert,20000,167,1042,1292,21125,0,0
time,0,paged64,4095_pending_only,refresh_best,20000,0,42,42,84,0,0
time,1,standard,sparse_n1,hit,20000,0,42,42,84,0,0
time,1,standard,sparse_n1,miss,20000,0,42,42,84,0,0
time,1,standard,sparse_n1,range8,20000,0,42,42,167,0,0
time,1,standard,sparse_n1,working_off_best_on,20000,0,42,42,84,0,0
time,1,standard,sparse_n1,reprice,20000,0,42,42,333,0,0
time,1,standard,sparse_n4,hit,20000,0,42,42,84,0,0
time,1,standard,sparse_n4,miss,20000,0,42,42,84,0,0
time,1,standard,sparse_n4,range8,20000,0,42,42,84,0,0
time,1,standard,sparse_n4,working_off_best_on,20000,0,42,42,125,0,0
time,1,standard,sparse_n4,reprice,20000,41,42,83,125,0,0
time,1,standard,sparse_n8,hit,20000,0,42,42,84,0,0
time,1,standard,sparse_n8,miss,20000,0,42,42,84,0,0
time,1,standard,sparse_n8,range8,20000,0,42,42,84,0,0
time,1,standard,sparse_n8,working_off_best_on,20000,41,42,42,125,0,0
time,1,standard,sparse_n8,reprice,20000,42,42,84,125,0,0
time,1,standard,sparse_n16,hit,20000,0,42,42,84,0,0
time,1,standard,sparse_n16,miss,20000,0,42,42,1125,0,0
time,1,standard,sparse_n16,range8,20000,0,42,42,84,0,0
time,1,standard,sparse_n16,working_off_best_on,20000,41,42,42,125,0,0
time,1,standard,sparse_n16,reprice,20000,42,84,84,250,0,0
time,1,standard,sparse_n64,hit,20000,0,42,42,167,0,0
time,1,standard,sparse_n64,miss,20000,0,42,42,84,0,0
time,1,standard,sparse_n64,range8,20000,0,42,42,84,0,0
time,1,standard,sparse_n64,working_off_best_on,20000,41,84,125,250,0,0
time,1,standard,sparse_n64,reprice,20000,83,167,209,250,0,0
time,1,standard,sparse_n4096,hit,20000,42,84,84,125,0,0
time,1,standard,sparse_n4096,miss,20000,42,84,84,125,0,0
time,1,standard,sparse_n4096,range8,20000,42,84,84,125,0,0
time,1,standard,sparse_n4096,working_off_best_on,20000,83,208,292,1375,0,0
time,1,standard,sparse_n4096,reprice,20000,208,375,417,500,0,0
time,1,standard,dense_n4096,hit,20000,42,84,84,125,0,0
time,1,standard,dense_n4096,miss,20000,0,42,42,125,0,0
time,1,standard,dense_n4096,range8,20000,42,84,84,125,0,0
time,1,standard,dense_n4096,working_off_best_on,20000,83,208,291,1167,0,0
time,1,standard,dense_n4096,reprice,20000,167,334,417,500,0,0
time,1,standard,4096books_4prices,hit,20000,0,42,42,83,0,0
time,1,standard,insert_after4,insert,20000,0,42,42,125,0,0
time,1,standard,insert_after8,insert,20000,0,42,42,84,0,0
time,1,standard,insert_after16,insert,20000,0,42,42,375,0,0
time,1,standard,random_growth,insert,20000,125,250,917,1542,0,0
time,1,standard,4095_pending_only,refresh_best,20000,0,42,42,84,0,0
time,1,paged64,sparse_n1,hit,20000,0,42,42,417,0,0
time,1,paged64,sparse_n1,miss,20000,0,42,42,83,0,0
time,1,paged64,sparse_n1,range8,20000,0,42,42,250,0,0
time,1,paged64,sparse_n1,working_off_best_on,20000,0,42,42,167,0,0
time,1,paged64,sparse_n1,reprice,20000,42,84,84,625,0,0
time,1,paged64,sparse_n4,hit,20000,0,42,42,83,0,0
time,1,paged64,sparse_n4,miss,20000,0,42,42,84,0,0
time,1,paged64,sparse_n4,range8,20000,0,42,42,83,0,0
time,1,paged64,sparse_n4,working_off_best_on,20000,41,42,42,125,0,0
time,1,paged64,sparse_n4,reprice,20000,42,84,84,209,0,0
time,1,paged64,sparse_n8,hit,20000,0,42,42,84,0,0
time,1,paged64,sparse_n8,miss,20000,0,42,42,83,0,0
time,1,paged64,sparse_n8,range8,20000,0,42,42,84,0,0
time,1,paged64,sparse_n8,working_off_best_on,20000,41,42,42,125,0,0
time,1,paged64,sparse_n8,reprice,20000,83,84,125,250,0,0
time,1,paged64,sparse_n16,hit,20000,0,42,42,83,0,0
time,1,paged64,sparse_n16,miss,20000,0,42,42,84,0,0
time,1,paged64,sparse_n16,range8,20000,0,42,42,84,0,0
time,1,paged64,sparse_n16,working_off_best_on,20000,41,42,84,209,0,0
time,1,paged64,sparse_n16,reprice,20000,83,125,166,375,0,0
time,1,paged64,sparse_n64,hit,20000,0,42,42,84,0,0
time,1,paged64,sparse_n64,miss,20000,0,42,42,84,0,0
time,1,paged64,sparse_n64,range8,20000,41,42,42,84,0,0
time,1,paged64,sparse_n64,working_off_best_on,20000,42,125,167,291,0,0
time,1,paged64,sparse_n64,reprice,20000,125,250,292,1250,0,0
time,1,paged64,sparse_n4096,hit,20000,42,84,84,125,0,0
time,1,paged64,sparse_n4096,miss,20000,41,42,83,84,0,0
time,1,paged64,sparse_n4096,range8,20000,83,84,125,167,0,0
time,1,paged64,sparse_n4096,working_off_best_on,20000,167,292,375,1375,0,0
time,1,paged64,sparse_n4096,reprice,20000,334,500,584,1292,0,0
time,1,paged64,dense_n4096,hit,20000,0,42,42,83,0,0
time,1,paged64,dense_n4096,miss,20000,0,42,42,84,0,0
time,1,paged64,dense_n4096,range8,20000,41,42,42,84,0,0
time,1,paged64,dense_n4096,working_off_best_on,20000,41,42,83,1416,0,0
time,1,paged64,dense_n4096,reprice,20000,42,166,250,459,0,0
time,1,paged64,4096books_4prices,hit,20000,41,167,250,625,0,0
time,1,paged64,insert_after4,insert,20000,42,42,84,84,0,0
time,1,paged64,insert_after8,insert,20000,42,83,84,125,0,0
time,1,paged64,insert_after16,insert,20000,42,84,84,125,0,0
time,1,paged64,random_growth,insert,20000,167,1000,1458,3542,0,0
time,1,paged64,4095_pending_only,refresh_best,20000,0,42,42,2542,0,0
time,1,hash_ordered,sparse_n1,hit,20000,0,42,42,84,0,0
time,1,hash_ordered,sparse_n1,miss,20000,0,42,42,83,0,0
time,1,hash_ordered,sparse_n1,range8,20000,0,42,42,292,0,0
time,1,hash_ordered,sparse_n1,working_off_best_on,20000,0,42,42,84,0,0
time,1,hash_ordered,sparse_n1,reprice,20000,41,42,42,667,0,0
time,1,hash_ordered,sparse_n4,hit,20000,0,42,42,84,0,0
time,1,hash_ordered,sparse_n4,miss,20000,0,42,42,84,0,0
time,1,hash_ordered,sparse_n4,range8,20000,0,42,42,125,0,0
time,1,hash_ordered,sparse_n4,working_off_best_on,20000,0,42,42,84,0,0
time,1,hash_ordered,sparse_n4,reprice,20000,42,83,84,125,0,0
time,1,hash_ordered,sparse_n8,hit,20000,0,42,42,83,0,0
time,1,hash_ordered,sparse_n8,miss,20000,0,42,42,42,0,0
time,1,hash_ordered,sparse_n8,range8,20000,0,42,42,84,0,0
time,1,hash_ordered,sparse_n8,working_off_best_on,20000,0,42,42,84,0,0
time,1,hash_ordered,sparse_n8,reprice,20000,42,84,84,375,0,0
time,1,hash_ordered,sparse_n16,hit,20000,0,42,42,84,0,0
time,1,hash_ordered,sparse_n16,miss,20000,0,42,42,84,0,0
time,1,hash_ordered,sparse_n16,range8,20000,0,42,42,125,0,0
time,1,hash_ordered,sparse_n16,working_off_best_on,20000,0,42,42,208,0,0
time,1,hash_ordered,sparse_n16,reprice,20000,83,125,166,542,0,0
time,1,hash_ordered,sparse_n64,hit,20000,0,42,42,84,0,0
time,1,hash_ordered,sparse_n64,miss,20000,0,42,42,84,0,0
time,1,hash_ordered,sparse_n64,range8,20000,0,42,42,84,0,0
time,1,hash_ordered,sparse_n64,working_off_best_on,20000,41,84,125,208,0,0
time,1,hash_ordered,sparse_n64,reprice,20000,125,209,250,917,0,0
time,1,hash_ordered,sparse_n4096,hit,20000,41,42,83,167,0,0
time,1,hash_ordered,sparse_n4096,miss,20000,0,42,42,84,0,0
time,1,hash_ordered,sparse_n4096,range8,20000,42,84,125,1166,0,0
time,1,hash_ordered,sparse_n4096,working_off_best_on,20000,83,208,292,791,0,0
time,1,hash_ordered,sparse_n4096,reprice,20000,209,375,458,46875,0,0
time,1,hash_ordered,dense_n4096,hit,20000,41,42,42,208,0,0
time,1,hash_ordered,dense_n4096,miss,20000,0,42,42,84,0,0
time,1,hash_ordered,dense_n4096,range8,20000,42,84,84,125,0,0
time,1,hash_ordered,dense_n4096,working_off_best_on,20000,83,208,291,1250,0,0
time,1,hash_ordered,dense_n4096,reprice,20000,209,375,458,29375,0,0
time,1,hash_ordered,4096books_4prices,hit,20000,0,42,42,125,0,0
time,1,hash_ordered,insert_after4,insert,20000,41,42,42,84,0,0
time,1,hash_ordered,insert_after8,insert,20000,41,42,42,84,0,0
time,1,hash_ordered,insert_after16,insert,20000,41,42,83,19000,0,0
time,1,hash_ordered,random_growth,insert,20000,125,291,417,112375,0,0
time,1,hash_ordered,4095_pending_only,refresh_best,20000,0,42,42,125,0,0
time,1,adaptive16,sparse_n1,hit,20000,0,42,42,125,0,0
time,1,adaptive16,sparse_n1,miss,20000,0,42,42,84,0,0
time,1,adaptive16,sparse_n1,range8,20000,0,42,42,125,0,0
time,1,adaptive16,sparse_n1,working_off_best_on,20000,0,42,42,1291,0,0
time,1,adaptive16,sparse_n1,reprice,20000,0,42,42,84,0,0
time,1,adaptive16,sparse_n4,hit,20000,0,42,42,84,0,0
time,1,adaptive16,sparse_n4,miss,20000,0,42,42,84,0,0
time,1,adaptive16,sparse_n4,range8,20000,0,42,42,84,0,0
time,1,adaptive16,sparse_n4,working_off_best_on,20000,0,42,42,84,0,0
time,1,adaptive16,sparse_n4,reprice,20000,0,42,42,19375,0,0
time,1,adaptive16,sparse_n8,hit,20000,0,42,42,84,0,0
time,1,adaptive16,sparse_n8,miss,20000,0,42,42,83,0,0
time,1,adaptive16,sparse_n8,range8,20000,0,42,42,84,0,0
time,1,adaptive16,sparse_n8,working_off_best_on,20000,0,42,42,84,0,0
time,1,adaptive16,sparse_n8,reprice,20000,0,42,42,84,0,0
time,1,adaptive16,sparse_n16,hit,20000,0,42,42,83,0,0
time,1,adaptive16,sparse_n16,miss,20000,0,42,42,84,0,0
time,1,adaptive16,sparse_n16,range8,20000,0,42,42,83,0,0
time,1,adaptive16,sparse_n16,working_off_best_on,20000,0,42,42,84,0,0
time,1,adaptive16,sparse_n16,reprice,20000,0,42,42,84,0,0
time,1,adaptive16,sparse_n64,hit,20000,0,42,42,84,0,0
time,1,adaptive16,sparse_n64,miss,20000,0,42,42,84,0,0
time,1,adaptive16,sparse_n64,range8,20000,0,42,83,250,0,0
time,1,adaptive16,sparse_n64,working_off_best_on,20000,41,84,125,209,0,0
time,1,adaptive16,sparse_n64,reprice,20000,83,167,209,250,0,0
time,1,adaptive16,sparse_n4096,hit,20000,42,84,84,1292,0,0
time,1,adaptive16,sparse_n4096,miss,20000,42,42,84,125,0,0
time,1,adaptive16,sparse_n4096,range8,20000,42,84,125,1292,0,0
time,1,adaptive16,sparse_n4096,working_off_best_on,20000,83,208,291,417,0,0
time,1,adaptive16,sparse_n4096,reprice,20000,208,375,417,2834,0,0
time,1,adaptive16,dense_n4096,hit,20000,42,83,84,125,0,0
time,1,adaptive16,dense_n4096,miss,20000,41,42,42,125,0,0
time,1,adaptive16,dense_n4096,range8,20000,42,84,84,2625,0,0
time,1,adaptive16,dense_n4096,working_off_best_on,20000,83,208,292,416,0,0
time,1,adaptive16,dense_n4096,reprice,20000,208,375,417,6459,0,0
time,1,adaptive16,4096books_4prices,hit,20000,0,42,42,125,0,0
time,1,adaptive16,insert_after4,insert,20000,0,42,42,42,0,0
time,1,adaptive16,insert_after8,insert,20000,0,42,42,125,0,0
time,1,adaptive16,insert_after16,insert,20000,291,333,375,7208,0,0
time,1,adaptive16,random_growth,insert,20000,125,291,416,834,0,0
time,1,adaptive16,4095_pending_only,refresh_best,20000,0,42,42,83,0,0
time,1,adaptive8,sparse_n1,hit,20000,0,42,42,250,0,0
time,1,adaptive8,sparse_n1,miss,20000,0,42,42,84,0,0
time,1,adaptive8,sparse_n1,range8,20000,0,42,42,125,0,0
time,1,adaptive8,sparse_n1,working_off_best_on,20000,0,42,42,84,0,0
time,1,adaptive8,sparse_n1,reprice,20000,0,42,42,83,0,0
time,1,adaptive8,sparse_n4,hit,20000,0,42,42,1292,0,0
time,1,adaptive8,sparse_n4,miss,20000,0,42,42,83,0,0
time,1,adaptive8,sparse_n4,range8,20000,0,42,42,84,0,0
time,1,adaptive8,sparse_n4,working_off_best_on,20000,0,42,42,84,0,0
time,1,adaptive8,sparse_n4,reprice,20000,0,42,42,83,0,0
time,1,adaptive8,sparse_n8,hit,20000,0,42,42,84,0,0
time,1,adaptive8,sparse_n8,miss,20000,0,42,42,42,0,0
time,1,adaptive8,sparse_n8,range8,20000,0,42,42,208,0,0
time,1,adaptive8,sparse_n8,working_off_best_on,20000,0,42,42,84,0,0
time,1,adaptive8,sparse_n8,reprice,20000,0,42,42,167,0,0
time,1,adaptive8,sparse_n16,hit,20000,0,42,42,125,0,0
time,1,adaptive8,sparse_n16,miss,20000,0,42,42,84,0,0
time,1,adaptive8,sparse_n16,range8,20000,0,42,42,375,0,0
time,1,adaptive8,sparse_n16,working_off_best_on,20000,41,42,42,209,0,0
time,1,adaptive8,sparse_n16,reprice,20000,42,84,125,250,0,0
time,1,adaptive8,sparse_n64,hit,20000,0,42,42,125,0,0
time,1,adaptive8,sparse_n64,miss,20000,0,42,42,84,0,0
time,1,adaptive8,sparse_n64,range8,20000,41,42,42,208,0,0
time,1,adaptive8,sparse_n64,working_off_best_on,20000,41,84,125,292,0,0
time,1,adaptive8,sparse_n64,reprice,20000,83,167,209,334,0,0
time,1,adaptive8,sparse_n4096,hit,20000,42,84,84,208,0,0
time,1,adaptive8,sparse_n4096,miss,20000,42,83,84,167,0,0
time,1,adaptive8,sparse_n4096,range8,20000,42,84,125,1292,0,0
time,1,adaptive8,sparse_n4096,working_off_best_on,20000,84,208,292,458,0,0
time,1,adaptive8,sparse_n4096,reprice,20000,208,375,458,7125,0,0
time,1,adaptive8,dense_n4096,hit,20000,42,84,84,125,0,0
time,1,adaptive8,dense_n4096,miss,20000,41,42,42,167,0,0
time,1,adaptive8,dense_n4096,range8,20000,42,84,125,250,0,0
time,1,adaptive8,dense_n4096,working_off_best_on,20000,83,208,292,1375,0,0
time,1,adaptive8,dense_n4096,reprice,20000,208,375,417,500,0,0
time,1,adaptive8,4096books_4prices,hit,20000,0,42,42,83,0,0
time,1,adaptive8,insert_after4,insert,20000,0,42,42,84,0,0
time,1,adaptive8,insert_after8,insert,20000,125,166,167,1333,0,0
time,1,adaptive8,insert_after16,insert,20000,41,42,42,125,0,0
time,1,adaptive8,random_growth,insert,20000,125,250,375,1041,0,0
time,1,adaptive8,4095_pending_only,refresh_best,20000,0,42,42,42,0,0
time,1,adaptive4,sparse_n1,hit,20000,0,42,42,83,0,0
time,1,adaptive4,sparse_n1,miss,20000,0,42,42,167,0,0
time,1,adaptive4,sparse_n1,range8,20000,0,42,42,208,0,0
time,1,adaptive4,sparse_n1,working_off_best_on,20000,0,42,42,167,0,0
time,1,adaptive4,sparse_n1,reprice,20000,0,42,42,83,0,0
time,1,adaptive4,sparse_n4,hit,20000,0,42,42,84,0,0
time,1,adaptive4,sparse_n4,miss,20000,0,42,42,42,0,0
time,1,adaptive4,sparse_n4,range8,20000,0,42,42,42,0,0
time,1,adaptive4,sparse_n4,working_off_best_on,20000,0,42,42,875,0,0
time,1,adaptive4,sparse_n4,reprice,20000,0,42,42,84,0,0
time,1,adaptive4,sparse_n8,hit,20000,0,42,42,83,0,0
time,1,adaptive4,sparse_n8,miss,20000,0,42,42,42,0,0
time,1,adaptive4,sparse_n8,range8,20000,0,42,42,375,0,0
time,1,adaptive4,sparse_n8,working_off_best_on,20000,0,42,42,125,0,0
time,1,adaptive4,sparse_n8,reprice,20000,42,42,84,250,0,0
time,1,adaptive4,sparse_n16,hit,20000,0,42,42,84,0,0
time,1,adaptive4,sparse_n16,miss,20000,0,42,42,84,0,0
time,1,adaptive4,sparse_n16,range8,20000,0,42,42,208,0,0
time,1,adaptive4,sparse_n16,working_off_best_on,20000,41,42,42,250,0,0
time,1,adaptive4,sparse_n16,reprice,20000,42,84,125,291,0,0
time,1,adaptive4,sparse_n64,hit,20000,0,42,42,84,0,0
time,1,adaptive4,sparse_n64,miss,20000,0,42,42,125,0,0
time,1,adaptive4,sparse_n64,range8,20000,41,42,42,84,0,0
time,1,adaptive4,sparse_n64,working_off_best_on,20000,41,84,125,250,0,0
time,1,adaptive4,sparse_n64,reprice,20000,83,167,209,333,0,0
time,1,adaptive4,sparse_n4096,hit,20000,42,84,84,125,0,0
time,1,adaptive4,sparse_n4096,miss,20000,42,42,84,125,0,0
time,1,adaptive4,sparse_n4096,range8,20000,42,84,125,1125,0,0
time,1,adaptive4,sparse_n4096,working_off_best_on,20000,84,208,292,417,0,0
time,1,adaptive4,sparse_n4096,reprice,20000,208,375,459,6292,0,0
time,1,adaptive4,dense_n4096,hit,20000,42,84,84,6708,0,0
time,1,adaptive4,dense_n4096,miss,20000,41,42,42,2417,0,0
time,1,adaptive4,dense_n4096,range8,20000,42,84,125,541,0,0
time,1,adaptive4,dense_n4096,working_off_best_on,20000,84,208,292,875,0,0
time,1,adaptive4,dense_n4096,reprice,20000,208,375,417,1625,0,0
time,1,adaptive4,4096books_4prices,hit,20000,0,42,42,84,0,0
time,1,adaptive4,insert_after4,insert,20000,83,84,125,1167,0,0
time,1,adaptive4,insert_after8,insert,20000,0,42,42,125,0,0
time,1,adaptive4,insert_after16,insert,20000,41,42,42,125,0,0
time,1,adaptive4,random_growth,insert,20000,125,250,417,3792,0,0
time,1,adaptive4,4095_pending_only,refresh_best,20000,0,42,42,84,0,0
time,1,flat,sparse_n1,hit,20000,0,42,42,84,0,0
time,1,flat,sparse_n1,miss,20000,0,42,42,84,0,0
time,1,flat,sparse_n1,range8,20000,0,42,42,83,0,0
time,1,flat,sparse_n1,working_off_best_on,20000,0,42,42,84,0,0
time,1,flat,sparse_n1,reprice,20000,0,42,42,84,0,0
time,1,flat,sparse_n4,hit,20000,0,42,42,83,0,0
time,1,flat,sparse_n4,miss,20000,0,42,42,84,0,0
time,1,flat,sparse_n4,range8,20000,0,42,42,125,0,0
time,1,flat,sparse_n4,working_off_best_on,20000,0,42,42,42,0,0
time,1,flat,sparse_n4,reprice,20000,0,42,42,84,0,0
time,1,flat,sparse_n8,hit,20000,0,42,42,84,0,0
time,1,flat,sparse_n8,miss,20000,0,42,42,83,0,0
time,1,flat,sparse_n8,range8,20000,0,42,42,83,0,0
time,1,flat,sparse_n8,working_off_best_on,20000,0,42,42,84,0,0
time,1,flat,sparse_n8,reprice,20000,0,42,42,84,0,0
time,1,flat,sparse_n16,hit,20000,0,42,42,42,0,0
time,1,flat,sparse_n16,miss,20000,0,42,42,42,0,0
time,1,flat,sparse_n16,range8,20000,0,42,42,10417,0,0
time,1,flat,sparse_n16,working_off_best_on,20000,0,42,42,42,0,0
time,1,flat,sparse_n16,reprice,20000,0,42,42,1000,0,0
time,1,flat,sparse_n64,hit,20000,41,42,42,83,0,0
time,1,flat,sparse_n64,miss,20000,0,42,42,500,0,0
time,1,flat,sparse_n64,range8,20000,0,42,42,83,0,0
time,1,flat,sparse_n64,working_off_best_on,20000,0,42,42,83,0,0
time,1,flat,sparse_n64,reprice,20000,42,84,84,125,0,0
time,1,flat,sparse_n4096,hit,20000,42,83,84,84,0,0
time,1,flat,sparse_n4096,miss,20000,42,42,42,83,0,0
time,1,flat,sparse_n4096,range8,20000,0,42,42,84,0,0
time,1,flat,sparse_n4096,working_off_best_on,20000,41,42,42,84,0,0
time,1,flat,sparse_n4096,reprice,20000,750,1541,1625,3875,0,0
time,1,flat,dense_n4096,hit,20000,42,83,84,125,0,0
time,1,flat,dense_n4096,miss,20000,41,42,42,125,0,0
time,1,flat,dense_n4096,range8,20000,0,42,83,84,0,0
time,1,flat,dense_n4096,working_off_best_on,20000,41,42,42,84,0,0
time,1,flat,dense_n4096,reprice,20000,750,1500,1584,2125,0,0
time,1,flat,4096books_4prices,hit,20000,0,42,42,83,0,0
time,1,flat,insert_after4,insert,20000,42,84,84,250,0,0
time,1,flat,insert_after8,insert,20000,42,84,84,1125,0,0
time,1,flat,insert_after16,insert,20000,42,84,84,125,0,0
time,1,flat,random_growth,insert,20000,1709,8667,9583,10667,0,0
time,1,flat,4095_pending_only,refresh_best,20000,1166,1209,1375,5125,0,0
time,2,adaptive4,sparse_n1,hit,20000,0,42,42,84,0,0
time,2,adaptive4,sparse_n1,miss,20000,0,42,42,167,0,0
time,2,adaptive4,sparse_n1,range8,20000,0,42,42,1125,0,0
time,2,adaptive4,sparse_n1,working_off_best_on,20000,0,42,42,125,0,0
time,2,adaptive4,sparse_n1,reprice,20000,0,42,42,84,0,0
time,2,adaptive4,sparse_n4,hit,20000,0,42,42,83,0,0
time,2,adaptive4,sparse_n4,miss,20000,0,42,42,83,0,0
time,2,adaptive4,sparse_n4,range8,20000,0,42,42,84,0,0
time,2,adaptive4,sparse_n4,working_off_best_on,20000,0,42,42,84,0,0
time,2,adaptive4,sparse_n4,reprice,20000,0,42,42,83,0,0
time,2,adaptive4,sparse_n8,hit,20000,0,42,42,42,0,0
time,2,adaptive4,sparse_n8,miss,20000,0,42,42,84,0,0
time,2,adaptive4,sparse_n8,range8,20000,0,42,42,84,0,0
time,2,adaptive4,sparse_n8,working_off_best_on,20000,0,42,42,208,0,0
time,2,adaptive4,sparse_n8,reprice,20000,42,42,84,250,0,0
time,2,adaptive4,sparse_n16,hit,20000,0,42,42,84,0,0
time,2,adaptive4,sparse_n16,miss,20000,0,42,42,42,0,0
time,2,adaptive4,sparse_n16,range8,20000,0,42,42,84,0,0
time,2,adaptive4,sparse_n16,working_off_best_on,20000,41,42,42,292,0,0
time,2,adaptive4,sparse_n16,reprice,20000,42,84,84,167,0,0
time,2,adaptive4,sparse_n64,hit,20000,0,42,42,84,0,0
time,2,adaptive4,sparse_n64,miss,20000,0,42,42,42,0,0
time,2,adaptive4,sparse_n64,range8,20000,0,42,42,84,0,0
time,2,adaptive4,sparse_n64,working_off_best_on,20000,41,84,125,208,0,0
time,2,adaptive4,sparse_n64,reprice,20000,83,167,209,834,0,0
time,2,adaptive4,sparse_n4096,hit,20000,42,83,84,84,0,0
time,2,adaptive4,sparse_n4096,miss,20000,42,42,84,125,0,0
time,2,adaptive4,sparse_n4096,range8,20000,42,84,84,125,0,0
time,2,adaptive4,sparse_n4096,working_off_best_on,20000,83,208,292,500,0,0
time,2,adaptive4,sparse_n4096,reprice,20000,208,375,417,1166,0,0
time,2,adaptive4,dense_n4096,hit,20000,42,84,84,125,0,0
time,2,adaptive4,dense_n4096,miss,20000,41,42,42,125,0,0
time,2,adaptive4,dense_n4096,range8,20000,42,84,84,125,0,0
time,2,adaptive4,dense_n4096,working_off_best_on,20000,84,208,292,2875,0,0
time,2,adaptive4,dense_n4096,reprice,20000,208,375,2375,3541,0,0
time,2,adaptive4,4096books_4prices,hit,20000,0,42,42,3208,0,0
time,2,adaptive4,insert_after4,insert,20000,83,84,125,2417,0,0
time,2,adaptive4,insert_after8,insert,20000,41,42,42,2833,0,0
time,2,adaptive4,insert_after16,insert,20000,41,42,42,84,0,0
time,2,adaptive4,random_growth,insert,20000,125,250,375,584,0,0
time,2,adaptive4,4095_pending_only,refresh_best,20000,0,42,42,84,0,0
time,2,adaptive8,sparse_n1,hit,20000,0,42,42,84,0,0
time,2,adaptive8,sparse_n1,miss,20000,0,42,42,84,0,0
time,2,adaptive8,sparse_n1,range8,20000,0,42,42,125,0,0
time,2,adaptive8,sparse_n1,working_off_best_on,20000,0,42,42,125,0,0
time,2,adaptive8,sparse_n1,reprice,20000,0,42,42,125,0,0
time,2,adaptive8,sparse_n4,hit,20000,0,42,42,84,0,0
time,2,adaptive8,sparse_n4,miss,20000,0,42,42,84,0,0
time,2,adaptive8,sparse_n4,range8,20000,0,42,42,84,0,0
time,2,adaptive8,sparse_n4,working_off_best_on,20000,0,42,42,84,0,0
time,2,adaptive8,sparse_n4,reprice,20000,0,42,42,84,0,0
time,2,adaptive8,sparse_n8,hit,20000,0,42,42,84,0,0
time,2,adaptive8,sparse_n8,miss,20000,0,42,42,84,0,0
time,2,adaptive8,sparse_n8,range8,20000,0,42,42,84,0,0
time,2,adaptive8,sparse_n8,working_off_best_on,20000,0,42,42,84,0,0
time,2,adaptive8,sparse_n8,reprice,20000,0,42,42,84,0,0
time,2,adaptive8,sparse_n16,hit,20000,0,42,42,84,0,0
time,2,adaptive8,sparse_n16,miss,20000,0,42,42,84,0,0
time,2,adaptive8,sparse_n16,range8,20000,0,42,42,250,0,0
time,2,adaptive8,sparse_n16,working_off_best_on,20000,41,42,42,84,0,0
time,2,adaptive8,sparse_n16,reprice,20000,42,84,125,2625,0,0
time,2,adaptive8,sparse_n64,hit,20000,0,42,42,84,0,0
time,2,adaptive8,sparse_n64,miss,20000,0,42,42,84,0,0
time,2,adaptive8,sparse_n64,range8,20000,0,42,42,84,0,0
time,2,adaptive8,sparse_n64,working_off_best_on,20000,41,84,125,208,0,0
time,2,adaptive8,sparse_n64,reprice,20000,83,167,209,292,0,0
time,2,adaptive8,sparse_n4096,hit,20000,42,83,84,1084,0,0
time,2,adaptive8,sparse_n4096,miss,20000,42,42,84,125,0,0
time,2,adaptive8,sparse_n4096,range8,20000,42,84,84,125,0,0
time,2,adaptive8,sparse_n4096,working_off_best_on,20000,83,208,292,417,0,0
time,2,adaptive8,sparse_n4096,reprice,20000,208,375,458,2958,0,0
time,2,adaptive8,dense_n4096,hit,20000,42,84,84,2667,0,0
time,2,adaptive8,dense_n4096,miss,20000,41,42,42,125,0,0
time,2,adaptive8,dense_n4096,range8,20000,42,84,125,875,0,0
time,2,adaptive8,dense_n4096,working_off_best_on,20000,84,208,292,916,0,0
time,2,adaptive8,dense_n4096,reprice,20000,208,375,458,2708,0,0
time,2,adaptive8,4096books_4prices,hit,20000,0,42,42,83,0,0
time,2,adaptive8,insert_after4,insert,20000,0,42,42,84,0,0
time,2,adaptive8,insert_after8,insert,20000,125,167,209,6208,0,0
time,2,adaptive8,insert_after16,insert,20000,41,42,42,2458,0,0
time,2,adaptive8,random_growth,insert,20000,125,250,417,2667,0,0
time,2,adaptive8,4095_pending_only,refresh_best,20000,0,42,42,83,0,0
time,2,adaptive16,sparse_n1,hit,20000,0,42,42,83,0,0
time,2,adaptive16,sparse_n1,miss,20000,0,42,42,42,0,0
time,2,adaptive16,sparse_n1,range8,20000,0,42,42,167,0,0
time,2,adaptive16,sparse_n1,working_off_best_on,20000,0,42,42,125,0,0
time,2,adaptive16,sparse_n1,reprice,20000,0,42,42,84,0,0
time,2,adaptive16,sparse_n4,hit,20000,0,42,42,83,0,0
time,2,adaptive16,sparse_n4,miss,20000,0,42,42,83,0,0
time,2,adaptive16,sparse_n4,range8,20000,0,42,42,83,0,0
time,2,adaptive16,sparse_n4,working_off_best_on,20000,0,42,42,84,0,0
time,2,adaptive16,sparse_n4,reprice,20000,0,42,42,84,0,0
time,2,adaptive16,sparse_n8,hit,20000,0,42,42,83,0,0
time,2,adaptive16,sparse_n8,miss,20000,0,42,42,84,0,0
time,2,adaptive16,sparse_n8,range8,20000,0,42,42,84,0,0
time,2,adaptive16,sparse_n8,working_off_best_on,20000,0,42,42,42,0,0
time,2,adaptive16,sparse_n8,reprice,20000,0,42,42,84,0,0
time,2,adaptive16,sparse_n16,hit,20000,0,42,42,84,0,0
time,2,adaptive16,sparse_n16,miss,20000,0,42,42,84,0,0
time,2,adaptive16,sparse_n16,range8,20000,0,42,42,84,0,0
time,2,adaptive16,sparse_n16,working_off_best_on,20000,0,42,42,84,0,0
time,2,adaptive16,sparse_n16,reprice,20000,0,42,42,84,0,0
time,2,adaptive16,sparse_n64,hit,20000,0,42,42,84,0,0
time,2,adaptive16,sparse_n64,miss,20000,0,42,42,84,0,0
time,2,adaptive16,sparse_n64,range8,20000,0,42,42,125,0,0
time,2,adaptive16,sparse_n64,working_off_best_on,20000,41,84,125,209,0,0
time,2,adaptive16,sparse_n64,reprice,20000,83,167,209,250,0,0
time,2,adaptive16,sparse_n4096,hit,20000,42,83,84,125,0,0
time,2,adaptive16,sparse_n4096,miss,20000,42,42,84,125,0,0
time,2,adaptive16,sparse_n4096,range8,20000,42,84,84,1375,0,0
time,2,adaptive16,sparse_n4096,working_off_best_on,20000,83,208,292,458,0,0
time,2,adaptive16,sparse_n4096,reprice,20000,208,334,417,1375,0,0
time,2,adaptive16,dense_n4096,hit,20000,42,83,84,125,0,0
time,2,adaptive16,dense_n4096,miss,20000,41,42,42,84,0,0
time,2,adaptive16,dense_n4096,range8,20000,42,84,84,125,0,0
time,2,adaptive16,dense_n4096,working_off_best_on,20000,83,208,291,417,0,0
time,2,adaptive16,dense_n4096,reprice,20000,208,334,417,1250,0,0
time,2,adaptive16,4096books_4prices,hit,20000,0,42,42,84,0,0
time,2,adaptive16,insert_after4,insert,20000,0,42,42,84,0,0
time,2,adaptive16,insert_after8,insert,20000,0,42,42,84,0,0
time,2,adaptive16,insert_after16,insert,20000,291,292,334,1167,0,0
time,2,adaptive16,random_growth,insert,20000,125,250,334,500,0,0
time,2,adaptive16,4095_pending_only,refresh_best,20000,0,42,42,42,0,0
time,2,hash_ordered,sparse_n1,hit,20000,0,42,42,875,0,0
time,2,hash_ordered,sparse_n1,miss,20000,0,42,42,83,0,0
time,2,hash_ordered,sparse_n1,range8,20000,0,42,42,209,0,0
time,2,hash_ordered,sparse_n1,working_off_best_on,20000,0,42,42,83,0,0
time,2,hash_ordered,sparse_n1,reprice,20000,41,42,42,167,0,0
time,2,hash_ordered,sparse_n4,hit,20000,0,42,42,84,0,0
time,2,hash_ordered,sparse_n4,miss,20000,0,42,42,84,0,0
time,2,hash_ordered,sparse_n4,range8,20000,0,42,42,83,0,0
time,2,hash_ordered,sparse_n4,working_off_best_on,20000,0,42,42,83,0,0
time,2,hash_ordered,sparse_n4,reprice,20000,42,83,84,125,0,0
time,2,hash_ordered,sparse_n8,hit,20000,0,42,42,83,0,0
time,2,hash_ordered,sparse_n8,miss,20000,0,42,42,84,0,0
time,2,hash_ordered,sparse_n8,range8,20000,0,42,42,84,0,0
time,2,hash_ordered,sparse_n8,working_off_best_on,20000,0,42,42,792,0,0
time,2,hash_ordered,sparse_n8,reprice,20000,42,84,84,500,0,0
time,2,hash_ordered,sparse_n16,hit,20000,0,42,42,83,0,0
time,2,hash_ordered,sparse_n16,miss,20000,0,42,42,84,0,0
time,2,hash_ordered,sparse_n16,range8,20000,0,42,42,84,0,0
time,2,hash_ordered,sparse_n16,working_off_best_on,20000,0,42,42,125,0,0
time,2,hash_ordered,sparse_n16,reprice,20000,83,125,167,584,0,0
time,2,hash_ordered,sparse_n64,hit,20000,0,42,42,83,0,0
time,2,hash_ordered,sparse_n64,miss,20000,0,42,42,6791,0,0
time,2,hash_ordered,sparse_n64,range8,20000,0,42,42,84,0,0
time,2,hash_ordered,sparse_n64,working_off_best_on,20000,41,84,125,250,0,0
time,2,hash_ordered,sparse_n64,reprice,20000,125,209,250,917,0,0
time,2,hash_ordered,sparse_n4096,hit,20000,41,42,42,125,0,0
time,2,hash_ordered,sparse_n4096,miss,20000,0,42,42,83,0,0
time,2,hash_ordered,sparse_n4096,range8,20000,42,84,84,125,0,0
time,2,hash_ordered,sparse_n4096,working_off_best_on,20000,83,208,291,4208,0,0
time,2,hash_ordered,sparse_n4096,reprice,20000,209,375,458,29458,0,0
time,2,hash_ordered,dense_n4096,hit,20000,41,42,42,1000,0,0
time,2,hash_ordered,dense_n4096,miss,20000,0,42,42,84,0,0
time,2,hash_ordered,dense_n4096,range8,20000,42,84,84,2875,0,0
time,2,hash_ordered,dense_n4096,working_off_best_on,20000,83,208,291,375,0,0
time,2,hash_ordered,dense_n4096,reprice,20000,209,375,459,29375,0,0
time,2,hash_ordered,4096books_4prices,hit,20000,0,42,42,125,0,0
time,2,hash_ordered,insert_after4,insert,20000,41,42,42,84,0,0
time,2,hash_ordered,insert_after8,insert,20000,41,42,42,2708,0,0
time,2,hash_ordered,insert_after16,insert,20000,41,42,83,84,0,0
time,2,hash_ordered,random_growth,insert,20000,125,291,416,106500,0,0
time,2,hash_ordered,4095_pending_only,refresh_best,20000,0,42,42,83,0,0
time,2,paged64,sparse_n1,hit,20000,0,42,42,83,0,0
time,2,paged64,sparse_n1,miss,20000,0,42,42,125,0,0
time,2,paged64,sparse_n1,range8,20000,0,42,42,334,0,0
time,2,paged64,sparse_n1,working_off_best_on,20000,0,42,42,167,0,0
time,2,paged64,sparse_n1,reprice,20000,42,84,84,333,0,0
time,2,paged64,sparse_n4,hit,20000,0,42,42,84,0,0
time,2,paged64,sparse_n4,miss,20000,0,42,42,84,0,0
time,2,paged64,sparse_n4,range8,20000,0,42,42,625,0,0
time,2,paged64,sparse_n4,working_off_best_on,20000,41,42,83,667,0,0
time,2,paged64,sparse_n4,reprice,20000,42,84,125,667,0,0
time,2,paged64,sparse_n8,hit,20000,0,42,42,84,0,0
time,2,paged64,sparse_n8,miss,20000,0,42,42,83,0,0
time,2,paged64,sparse_n8,range8,20000,0,42,42,84,0,0
time,2,paged64,sparse_n8,working_off_best_on,20000,41,42,42,125,0,0
time,2,paged64,sparse_n8,reprice,20000,83,84,125,208,0,0
time,2,paged64,sparse_n16,hit,20000,0,42,42,125,0,0
time,2,paged64,sparse_n16,miss,20000,0,42,42,42,0,0
time,2,paged64,sparse_n16,range8,20000,0,42,42,1458,0,0
time,2,paged64,sparse_n16,working_off_best_on,20000,41,42,84,375,0,0
time,2,paged64,sparse_n16,reprice,20000,83,125,209,5083,0,0
time,2,paged64,sparse_n64,hit,20000,0,42,42,84,0,0
time,2,paged64,sparse_n64,miss,20000,0,42,42,84,0,0
time,2,paged64,sparse_n64,range8,20000,41,42,42,125,0,0
time,2,paged64,sparse_n64,working_off_best_on,20000,42,125,167,292,0,0
time,2,paged64,sparse_n64,reprice,20000,125,250,292,417,0,0
time,2,paged64,sparse_n4096,hit,20000,42,84,84,125,0,0
time,2,paged64,sparse_n4096,miss,20000,41,42,84,125,0,0
time,2,paged64,sparse_n4096,range8,20000,83,84,125,3625,0,0
time,2,paged64,sparse_n4096,working_off_best_on,20000,167,292,375,1042,0,0
time,2,paged64,sparse_n4096,reprice,20000,334,541,625,4291,0,0
time,2,paged64,dense_n4096,hit,20000,0,42,42,84,0,0
time,2,paged64,dense_n4096,miss,20000,0,42,42,83,0,0
time,2,paged64,dense_n4096,range8,20000,0,42,42,84,0,0
time,2,paged64,dense_n4096,working_off_best_on,20000,41,42,83,84,0,0
time,2,paged64,dense_n4096,reprice,20000,42,166,250,458,0,0
time,2,paged64,4096books_4prices,hit,20000,41,167,250,500,0,0
time,2,paged64,insert_after4,insert,20000,42,42,42,125,0,0
time,2,paged64,insert_after8,insert,20000,42,42,83,84,0,0
time,2,paged64,insert_after16,insert,20000,42,84,84,125,0,0
time,2,paged64,random_growth,insert,20000,167,417,1041,2125,0,0
time,2,paged64,4095_pending_only,refresh_best,20000,0,42,42,166,0,0
time,2,standard,sparse_n1,hit,20000,0,42,42,83,0,0
time,2,standard,sparse_n1,miss,20000,0,42,42,84,0,0
time,2,standard,sparse_n1,range8,20000,0,42,42,291,0,0
time,2,standard,sparse_n1,working_off_best_on,20000,0,42,42,125,0,0
time,2,standard,sparse_n1,reprice,20000,0,42,42,2041,0,0
time,2,standard,sparse_n4,hit,20000,0,42,42,84,0,0
time,2,standard,sparse_n4,miss,20000,0,42,42,125,0,0
time,2,standard,sparse_n4,range8,20000,0,42,42,84,0,0
time,2,standard,sparse_n4,working_off_best_on,20000,0,42,42,84,0,0
time,2,standard,sparse_n4,reprice,20000,41,42,83,125,0,0
time,2,standard,sparse_n8,hit,20000,0,42,42,84,0,0
time,2,standard,sparse_n8,miss,20000,0,42,42,84,0,0
time,2,standard,sparse_n8,range8,20000,0,42,42,208,0,0
time,2,standard,sparse_n8,working_off_best_on,20000,41,42,42,84,0,0
time,2,standard,sparse_n8,reprice,20000,42,42,84,125,0,0
time,2,standard,sparse_n16,hit,20000,0,42,42,83,0,0
time,2,standard,sparse_n16,miss,20000,0,42,42,1208,0,0
time,2,standard,sparse_n16,range8,20000,0,42,42,84,0,0
time,2,standard,sparse_n16,working_off_best_on,20000,41,42,42,125,0,0
time,2,standard,sparse_n16,reprice,20000,42,84,125,167,0,0
time,2,standard,sparse_n64,hit,20000,0,42,42,84,0,0
time,2,standard,sparse_n64,miss,20000,0,42,42,83,0,0
time,2,standard,sparse_n64,range8,20000,0,42,42,84,0,0
time,2,standard,sparse_n64,working_off_best_on,20000,41,84,125,209,0,0
time,2,standard,sparse_n64,reprice,20000,83,167,209,250,0,0
time,2,standard,sparse_n4096,hit,20000,42,84,84,1250,0,0
time,2,standard,sparse_n4096,miss,20000,42,84,84,8083,0,0
time,2,standard,sparse_n4096,range8,20000,42,84,125,125,0,0
time,2,standard,sparse_n4096,working_off_best_on,20000,83,208,292,625,0,0
time,2,standard,sparse_n4096,reprice,20000,208,375,417,1167,0,0
time,2,standard,dense_n4096,hit,20000,42,84,84,166,0,0
time,2,standard,dense_n4096,miss,20000,0,42,42,167,0,0
time,2,standard,dense_n4096,range8,20000,42,84,125,208,0,0
time,2,standard,dense_n4096,working_off_best_on,20000,83,208,292,1083,0,0
time,2,standard,dense_n4096,reprice,20000,208,375,417,500,0,0
time,2,standard,4096books_4prices,hit,20000,0,42,42,84,0,0
time,2,standard,insert_after4,insert,20000,0,42,42,125,0,0
time,2,standard,insert_after8,insert,20000,0,42,42,792,0,0
time,2,standard,insert_after16,insert,20000,41,42,42,84,0,0
time,2,standard,random_growth,insert,20000,125,250,375,3125,0,0
time,2,standard,4095_pending_only,refresh_best,20000,0,42,42,83,0,0
time,2,flat,sparse_n1,hit,20000,0,42,42,42,0,0
time,2,flat,sparse_n1,miss,20000,0,42,42,84,0,0
time,2,flat,sparse_n1,range8,20000,0,42,42,84,0,0
time,2,flat,sparse_n1,working_off_best_on,20000,0,42,42,42,0,0
time,2,flat,sparse_n1,reprice,20000,0,42,42,125,0,0
time,2,flat,sparse_n4,hit,20000,0,42,42,42,0,0
time,2,flat,sparse_n4,miss,20000,0,42,42,84,0,0
time,2,flat,sparse_n4,range8,20000,0,42,42,83,0,0
time,2,flat,sparse_n4,working_off_best_on,20000,0,42,42,1208,0,0
time,2,flat,sparse_n4,reprice,20000,0,42,42,83,0,0
time,2,flat,sparse_n8,hit,20000,0,42,42,83,0,0
time,2,flat,sparse_n8,miss,20000,0,42,42,83,0,0
time,2,flat,sparse_n8,range8,20000,0,42,42,84,0,0
time,2,flat,sparse_n8,working_off_best_on,20000,0,42,42,2833,0,0
time,2,flat,sparse_n8,reprice,20000,0,42,42,84,0,0
time,2,flat,sparse_n16,hit,20000,0,42,42,83,0,0
time,2,flat,sparse_n16,miss,20000,0,42,42,84,0,0
time,2,flat,sparse_n16,range8,20000,0,42,42,83,0,0
time,2,flat,sparse_n16,working_off_best_on,20000,0,42,42,83,0,0
time,2,flat,sparse_n16,reprice,20000,0,42,42,83,0,0
time,2,flat,sparse_n64,hit,20000,0,42,42,1000,0,0
time,2,flat,sparse_n64,miss,20000,0,42,42,84,0,0
time,2,flat,sparse_n64,range8,20000,0,42,42,84,0,0
time,2,flat,sparse_n64,working_off_best_on,20000,0,42,42,83,0,0
time,2,flat,sparse_n64,reprice,20000,42,84,84,2375,0,0
time,2,flat,sparse_n4096,hit,20000,42,83,84,84,0,0
time,2,flat,sparse_n4096,miss,20000,41,42,42,2625,0,0
time,2,flat,sparse_n4096,range8,20000,0,42,42,84,0,0
time,2,flat,sparse_n4096,working_off_best_on,20000,41,42,42,83,0,0
time,2,flat,sparse_n4096,reprice,20000,750,1500,1583,4209,0,0
time,2,flat,dense_n4096,hit,20000,42,83,84,125,0,0
time,2,flat,dense_n4096,miss,20000,41,42,42,84,0,0
time,2,flat,dense_n4096,range8,20000,0,42,83,84,0,0
time,2,flat,dense_n4096,working_off_best_on,20000,41,42,42,2958,0,0
time,2,flat,dense_n4096,reprice,20000,750,1541,1916,24125,0,0
time,2,flat,4096books_4prices,hit,20000,0,42,42,83,0,0
time,2,flat,insert_after4,insert,20000,42,84,84,333,0,0
time,2,flat,insert_after8,insert,20000,42,84,84,167,0,0
time,2,flat,insert_after16,insert,20000,42,84,84,166,0,0
time,2,flat,random_growth,insert,20000,1709,8750,11000,19209,0,0
time,2,flat,4095_pending_only,refresh_best,20000,1166,1209,4000,8291,0,0
time,3,adaptive4,sparse_n1,hit,20000,0,42,42,84,0,0
time,3,adaptive4,sparse_n1,miss,20000,0,42,42,125,0,0
time,3,adaptive4,sparse_n1,range8,20000,0,42,42,292,0,0
time,3,adaptive4,sparse_n1,working_off_best_on,20000,0,42,42,125,0,0
time,3,adaptive4,sparse_n1,reprice,20000,0,42,42,166,0,0
time,3,adaptive4,sparse_n4,hit,20000,0,42,42,84,0,0
time,3,adaptive4,sparse_n4,miss,20000,0,42,42,42,0,0
time,3,adaptive4,sparse_n4,range8,20000,0,42,42,83,0,0
time,3,adaptive4,sparse_n4,working_off_best_on,20000,0,42,42,84,0,0
time,3,adaptive4,sparse_n4,reprice,20000,0,42,42,84,0,0
time,3,adaptive4,sparse_n8,hit,20000,0,42,42,42,0,0
time,3,adaptive4,sparse_n8,miss,20000,0,42,42,83,0,0
time,3,adaptive4,sparse_n8,range8,20000,0,42,42,125,0,0
time,3,adaptive4,sparse_n8,working_off_best_on,20000,0,42,42,167,0,0
time,3,adaptive4,sparse_n8,reprice,20000,42,42,83,125,0,0
time,3,adaptive4,sparse_n16,hit,20000,0,42,42,83,0,0
time,3,adaptive4,sparse_n16,miss,20000,0,42,42,84,0,0
time,3,adaptive4,sparse_n16,range8,20000,0,42,42,84,0,0
time,3,adaptive4,sparse_n16,working_off_best_on,20000,41,42,42,84,0,0
time,3,adaptive4,sparse_n16,reprice,20000,42,84,84,208,0,0
time,3,adaptive4,sparse_n64,hit,20000,0,42,42,84,0,0
time,3,adaptive4,sparse_n64,miss,20000,0,42,42,83,0,0
time,3,adaptive4,sparse_n64,range8,20000,0,42,42,84,0,0
time,3,adaptive4,sparse_n64,working_off_best_on,20000,41,84,125,291,0,0
time,3,adaptive4,sparse_n64,reprice,20000,83,167,209,292,0,0
time,3,adaptive4,sparse_n4096,hit,20000,42,84,84,125,0,0
time,3,adaptive4,sparse_n4096,miss,20000,41,42,84,125,0,0
time,3,adaptive4,sparse_n4096,range8,20000,42,84,84,125,0,0
time,3,adaptive4,sparse_n4096,working_off_best_on,20000,83,208,292,458,0,0
time,3,adaptive4,sparse_n4096,reprice,20000,208,375,417,1542,0,0
time,3,adaptive4,dense_n4096,hit,20000,42,84,84,125,0,0
time,3,adaptive4,dense_n4096,miss,20000,41,42,42,84,0,0
time,3,adaptive4,dense_n4096,range8,20000,42,84,84,125,0,0
time,3,adaptive4,dense_n4096,working_off_best_on,20000,83,208,292,417,0,0
time,3,adaptive4,dense_n4096,reprice,20000,208,334,417,1375,0,0
time,3,adaptive4,4096books_4prices,hit,20000,0,42,42,292,0,0
time,3,adaptive4,insert_after4,insert,20000,83,84,125,375,0,0
time,3,adaptive4,insert_after8,insert,20000,0,42,42,84,0,0
time,3,adaptive4,insert_after16,insert,20000,41,42,42,83,0,0
time,3,adaptive4,random_growth,insert,20000,125,250,375,500,0,0
time,3,adaptive4,4095_pending_only,refresh_best,20000,0,42,42,84,0,0
time,3,flat,sparse_n1,hit,20000,0,42,42,84,0,0
time,3,flat,sparse_n1,miss,20000,0,42,42,84,0,0
time,3,flat,sparse_n1,range8,20000,0,42,42,84,0,0
time,3,flat,sparse_n1,working_off_best_on,20000,0,42,42,84,0,0
time,3,flat,sparse_n1,reprice,20000,0,42,42,84,0,0
time,3,flat,sparse_n4,hit,20000,0,42,42,83,0,0
time,3,flat,sparse_n4,miss,20000,0,42,42,84,0,0
time,3,flat,sparse_n4,range8,20000,0,42,42,83,0,0
time,3,flat,sparse_n4,working_off_best_on,20000,0,42,42,84,0,0
time,3,flat,sparse_n4,reprice,20000,0,42,42,83,0,0
time,3,flat,sparse_n8,hit,20000,0,42,42,84,0,0
time,3,flat,sparse_n8,miss,20000,0,42,42,84,0,0
time,3,flat,sparse_n8,range8,20000,0,42,42,125,0,0
time,3,flat,sparse_n8,working_off_best_on,20000,0,42,42,84,0,0
time,3,flat,sparse_n8,reprice,20000,0,42,42,84,0,0
time,3,flat,sparse_n16,hit,20000,0,42,42,83,0,0
time,3,flat,sparse_n16,miss,20000,0,42,42,84,0,0
time,3,flat,sparse_n16,range8,20000,0,42,42,84,0,0
time,3,flat,sparse_n16,working_off_best_on,20000,0,42,42,4000,0,0
time,3,flat,sparse_n16,reprice,20000,0,42,42,1125,0,0
time,3,flat,sparse_n64,hit,20000,0,42,42,84,0,0
time,3,flat,sparse_n64,miss,20000,0,42,42,84,0,0
time,3,flat,sparse_n64,range8,20000,0,42,42,83,0,0
time,3,flat,sparse_n64,working_off_best_on,20000,0,42,42,84,0,0
time,3,flat,sparse_n64,reprice,20000,42,84,84,84,0,0
time,3,flat,sparse_n4096,hit,20000,42,84,84,84,0,0
time,3,flat,sparse_n4096,miss,20000,41,42,42,84,0,0
time,3,flat,sparse_n4096,range8,20000,0,42,42,84,0,0
time,3,flat,sparse_n4096,working_off_best_on,20000,41,42,42,84,0,0
time,3,flat,sparse_n4096,reprice,20000,750,1541,1583,4208,0,0
time,3,flat,dense_n4096,hit,20000,42,84,84,84,0,0
time,3,flat,dense_n4096,miss,20000,41,42,42,83,0,0
time,3,flat,dense_n4096,range8,20000,0,42,42,84,0,0
time,3,flat,dense_n4096,working_off_best_on,20000,41,42,42,84,0,0
time,3,flat,dense_n4096,reprice,20000,750,1500,1583,4292,0,0
time,3,flat,4096books_4prices,hit,20000,0,42,42,84,0,0
time,3,flat,insert_after4,insert,20000,42,84,84,166,0,0
time,3,flat,insert_after8,insert,20000,42,84,84,2792,0,0
time,3,flat,insert_after16,insert,20000,42,84,84,125,0,0
time,3,flat,random_growth,insert,20000,1709,8583,9541,10250,0,0
time,3,flat,4095_pending_only,refresh_best,20000,1167,1208,1209,2166,0,0
time,3,standard,sparse_n1,hit,20000,0,42,42,83,0,0
time,3,standard,sparse_n1,miss,20000,0,42,42,1333,0,0
time,3,standard,sparse_n1,range8,20000,0,42,42,84,0,0
time,3,standard,sparse_n1,working_off_best_on,20000,0,42,42,84,0,0
time,3,standard,sparse_n1,reprice,20000,41,42,42,125,0,0
time,3,standard,sparse_n4,hit,20000,0,42,42,83,0,0
time,3,standard,sparse_n4,miss,20000,0,42,42,125,0,0
time,3,standard,sparse_n4,range8,20000,0,42,42,83,0,0
time,3,standard,sparse_n4,working_off_best_on,20000,0,42,42,84,0,0
time,3,standard,sparse_n4,reprice,20000,41,42,42,84,0,0
time,3,standard,sparse_n8,hit,20000,0,42,42,84,0,0
time,3,standard,sparse_n8,miss,20000,0,42,42,84,0,0
time,3,standard,sparse_n8,range8,20000,0,42,42,84,0,0
time,3,standard,sparse_n8,working_off_best_on,20000,41,42,42,84,0,0
time,3,standard,sparse_n8,reprice,20000,42,42,83,125,0,0
time,3,standard,sparse_n16,hit,20000,0,42,42,84,0,0
time,3,standard,sparse_n16,miss,20000,0,42,42,84,0,0
time,3,standard,sparse_n16,range8,20000,0,42,42,84,0,0
time,3,standard,sparse_n16,working_off_best_on,20000,41,42,42,125,0,0
time,3,standard,sparse_n16,reprice,20000,42,84,84,167,0,0
time,3,standard,sparse_n64,hit,20000,0,42,42,84,0,0
time,3,standard,sparse_n64,miss,20000,0,42,42,83,0,0
time,3,standard,sparse_n64,range8,20000,0,42,42,84,0,0
time,3,standard,sparse_n64,working_off_best_on,20000,41,84,125,208,0,0
time,3,standard,sparse_n64,reprice,20000,83,167,209,1292,0,0
time,3,standard,sparse_n4096,hit,20000,42,84,84,125,0,0
time,3,standard,sparse_n4096,miss,20000,42,84,84,125,0,0
time,3,standard,sparse_n4096,range8,20000,42,84,125,125,0,0
time,3,standard,sparse_n4096,working_off_best_on,20000,83,208,292,417,0,0
time,3,standard,sparse_n4096,reprice,20000,208,375,417,500,0,0
time,3,standard,dense_n4096,hit,20000,42,84,84,125,0,0
time,3,standard,dense_n4096,miss,20000,0,42,42,125,0,0
time,3,standard,dense_n4096,range8,20000,42,84,125,125,0,0
time,3,standard,dense_n4096,working_off_best_on,20000,83,208,291,375,0,0
time,3,standard,dense_n4096,reprice,20000,208,375,417,1084,0,0
time,3,standard,4096books_4prices,hit,20000,0,42,42,84,0,0
time,3,standard,insert_after4,insert,20000,0,42,42,84,0,0
time,3,standard,insert_after8,insert,20000,0,42,42,84,0,0
time,3,standard,insert_after16,insert,20000,0,42,42,84,0,0
time,3,standard,random_growth,insert,20000,125,250,375,3000,0,0
time,3,standard,4095_pending_only,refresh_best,20000,0,42,42,42,0,0
time,3,paged64,sparse_n1,hit,20000,0,42,42,125,0,0
time,3,paged64,sparse_n1,miss,20000,0,42,42,83,0,0
time,3,paged64,sparse_n1,range8,20000,0,42,42,166,0,0
time,3,paged64,sparse_n1,working_off_best_on,20000,0,42,42,209,0,0
time,3,paged64,sparse_n1,reprice,20000,42,84,84,375,0,0
time,3,paged64,sparse_n4,hit,20000,0,42,42,83,0,0
time,3,paged64,sparse_n4,miss,20000,0,42,42,84,0,0
time,3,paged64,sparse_n4,range8,20000,0,42,42,42,0,0
time,3,paged64,sparse_n4,working_off_best_on,20000,41,42,42,1041,0,0
time,3,paged64,sparse_n4,reprice,20000,42,84,84,208,0,0
time,3,paged64,sparse_n8,hit,20000,0,42,42,84,0,0
time,3,paged64,sparse_n8,miss,20000,0,42,42,84,0,0
time,3,paged64,sparse_n8,range8,20000,0,42,42,84,0,0
time,3,paged64,sparse_n8,working_off_best_on,20000,41,42,42,125,0,0
time,3,paged64,sparse_n8,reprice,20000,83,84,125,250,0,0
time,3,paged64,sparse_n16,hit,20000,0,42,42,84,0,0
time,3,paged64,sparse_n16,miss,20000,0,42,42,83,0,0
time,3,paged64,sparse_n16,range8,20000,0,42,42,125,0,0
time,3,paged64,sparse_n16,working_off_best_on,20000,41,42,84,250,0,0
time,3,paged64,sparse_n16,reprice,20000,83,125,167,2667,0,0
time,3,paged64,sparse_n64,hit,20000,0,42,42,84,0,0
time,3,paged64,sparse_n64,miss,20000,0,42,42,84,0,0
time,3,paged64,sparse_n64,range8,20000,41,42,42,84,0,0
time,3,paged64,sparse_n64,working_off_best_on,20000,42,125,167,292,0,0
time,3,paged64,sparse_n64,reprice,20000,125,250,292,3209,0,0
time,3,paged64,sparse_n4096,hit,20000,42,84,84,125,0,0
time,3,paged64,sparse_n4096,miss,20000,41,42,84,84,0,0
time,3,paged64,sparse_n4096,range8,20000,83,125,125,167,0,0
time,3,paged64,sparse_n4096,working_off_best_on,20000,167,292,375,542,0,0
time,3,paged64,sparse_n4096,reprice,20000,334,541,625,1458,0,0
time,3,paged64,dense_n4096,hit,20000,0,42,42,84,0,0
time,3,paged64,dense_n4096,miss,20000,0,42,42,84,0,0
time,3,paged64,dense_n4096,range8,20000,41,42,42,84,0,0
time,3,paged64,dense_n4096,working_off_best_on,20000,41,42,83,84,0,0
time,3,paged64,dense_n4096,reprice,20000,42,166,250,2500,0,0
time,3,paged64,4096books_4prices,hit,20000,41,167,291,417,0,0
time,3,paged64,insert_after4,insert,20000,42,42,42,125,0,0
time,3,paged64,insert_after8,insert,20000,42,83,84,125,0,0
time,3,paged64,insert_after16,insert,20000,42,84,84,125,0,0
time,3,paged64,random_growth,insert,20000,167,417,542,21792,0,0
time,3,paged64,4095_pending_only,refresh_best,20000,0,42,42,125,0,0
time,3,hash_ordered,sparse_n1,hit,20000,0,42,42,83,0,0
time,3,hash_ordered,sparse_n1,miss,20000,0,42,42,84,0,0
time,3,hash_ordered,sparse_n1,range8,20000,0,42,42,2792,0,0
time,3,hash_ordered,sparse_n1,working_off_best_on,20000,0,42,42,125,0,0
time,3,hash_ordered,sparse_n1,reprice,20000,41,42,42,667,0,0
time,3,hash_ordered,sparse_n4,hit,20000,0,42,42,2625,0,0
time,3,hash_ordered,sparse_n4,miss,20000,0,42,42,84,0,0
time,3,hash_ordered,sparse_n4,range8,20000,0,42,42,1167,0,0
time,3,hash_ordered,sparse_n4,working_off_best_on,20000,0,42,42,84,0,0
time,3,hash_ordered,sparse_n4,reprice,20000,42,83,84,125,0,0
time,3,hash_ordered,sparse_n8,hit,20000,0,42,42,83,0,0
time,3,hash_ordered,sparse_n8,miss,20000,0,42,42,84,0,0
time,3,hash_ordered,sparse_n8,range8,20000,0,42,42,84,0,0
time,3,hash_ordered,sparse_n8,working_off_best_on,20000,0,42,42,84,0,0
time,3,hash_ordered,sparse_n8,reprice,20000,42,84,125,11500,0,0
time,3,hash_ordered,sparse_n16,hit,20000,0,42,42,84,0,0
time,3,hash_ordered,sparse_n16,miss,20000,0,42,42,84,0,0
time,3,hash_ordered,sparse_n16,range8,20000,0,42,42,125,0,0
time,3,hash_ordered,sparse_n16,working_off_best_on,20000,0,42,83,125,0,0
time,3,hash_ordered,sparse_n16,reprice,20000,83,125,167,500,0,0
time,3,hash_ordered,sparse_n64,hit,20000,0,42,42,84,0,0
time,3,hash_ordered,sparse_n64,miss,20000,0,42,42,84,0,0
time,3,hash_ordered,sparse_n64,range8,20000,0,42,42,84,0,0
time,3,hash_ordered,sparse_n64,working_off_best_on,20000,41,84,125,250,0,0
time,3,hash_ordered,sparse_n64,reprice,20000,125,209,250,1292,0,0
time,3,hash_ordered,sparse_n4096,hit,20000,41,42,42,84,0,0
time,3,hash_ordered,sparse_n4096,miss,20000,0,42,42,84,0,0
time,3,hash_ordered,sparse_n4096,range8,20000,42,84,125,167,0,0
time,3,hash_ordered,sparse_n4096,working_off_best_on,20000,83,208,292,458,0,0
time,3,hash_ordered,sparse_n4096,reprice,20000,209,375,459,29833,0,0
time,3,hash_ordered,dense_n4096,hit,20000,41,42,42,209,0,0
time,3,hash_ordered,dense_n4096,miss,20000,0,42,42,84,0,0
time,3,hash_ordered,dense_n4096,range8,20000,42,84,125,125,0,0
time,3,hash_ordered,dense_n4096,working_off_best_on,20000,83,208,291,375,0,0
time,3,hash_ordered,dense_n4096,reprice,20000,209,375,500,29625,0,0
time,3,hash_ordered,4096books_4prices,hit,20000,0,42,42,833,0,0
time,3,hash_ordered,insert_after4,insert,20000,41,42,42,125,0,0
time,3,hash_ordered,insert_after8,insert,20000,41,42,42,84,0,0
time,3,hash_ordered,insert_after16,insert,20000,41,42,83,84,0,0
time,3,hash_ordered,random_growth,insert,20000,125,291,417,110709,0,0
time,3,hash_ordered,4095_pending_only,refresh_best,20000,0,42,42,208,0,0
time,3,adaptive16,sparse_n1,hit,20000,0,42,42,125,0,0
time,3,adaptive16,sparse_n1,miss,20000,0,42,42,166,0,0
time,3,adaptive16,sparse_n1,range8,20000,0,42,42,167,0,0
time,3,adaptive16,sparse_n1,working_off_best_on,20000,0,42,42,125,0,0
time,3,adaptive16,sparse_n1,reprice,20000,0,42,42,125,0,0
time,3,adaptive16,sparse_n4,hit,20000,0,42,42,84,0,0
time,3,adaptive16,sparse_n4,miss,20000,0,42,42,84,0,0
time,3,adaptive16,sparse_n4,range8,20000,0,42,42,84,0,0
time,3,adaptive16,sparse_n4,working_off_best_on,20000,0,42,42,84,0,0
time,3,adaptive16,sparse_n4,reprice,20000,0,42,42,84,0,0
time,3,adaptive16,sparse_n8,hit,20000,0,42,42,84,0,0
time,3,adaptive16,sparse_n8,miss,20000,0,42,42,84,0,0
time,3,adaptive16,sparse_n8,range8,20000,0,42,42,84,0,0
time,3,adaptive16,sparse_n8,working_off_best_on,20000,0,42,42,84,0,0
time,3,adaptive16,sparse_n8,reprice,20000,0,42,42,83,0,0
time,3,adaptive16,sparse_n16,hit,20000,0,42,42,84,0,0
time,3,adaptive16,sparse_n16,miss,20000,0,42,42,84,0,0
time,3,adaptive16,sparse_n16,range8,20000,0,42,42,83,0,0
time,3,adaptive16,sparse_n16,working_off_best_on,20000,0,42,42,84,0,0
time,3,adaptive16,sparse_n16,reprice,20000,0,42,42,84,0,0
time,3,adaptive16,sparse_n64,hit,20000,0,42,42,84,0,0
time,3,adaptive16,sparse_n64,miss,20000,0,42,42,84,0,0
time,3,adaptive16,sparse_n64,range8,20000,0,42,83,958,0,0
time,3,adaptive16,sparse_n64,working_off_best_on,20000,41,125,166,209,0,0
time,3,adaptive16,sparse_n64,reprice,20000,83,167,209,250,0,0
time,3,adaptive16,sparse_n4096,hit,20000,42,83,84,125,0,0
time,3,adaptive16,sparse_n4096,miss,20000,42,42,84,125,0,0
time,3,adaptive16,sparse_n4096,range8,20000,42,84,84,125,0,0
time,3,adaptive16,sparse_n4096,working_off_best_on,20000,83,208,292,375,0,0
time,3,adaptive16,sparse_n4096,reprice,20000,208,334,417,1333,0,0
time,3,adaptive16,dense_n4096,hit,20000,42,84,84,208,0,0
time,3,adaptive16,dense_n4096,miss,20000,41,42,42,125,0,0
time,3,adaptive16,dense_n4096,range8,20000,42,84,125,8375,0,0
time,3,adaptive16,dense_n4096,working_off_best_on,20000,83,208,292,458,0,0
time,3,adaptive16,dense_n4096,reprice,20000,208,375,417,500,0,0
time,3,adaptive16,4096books_4prices,hit,20000,0,42,42,84,0,0
time,3,adaptive16,insert_after4,insert,20000,0,42,42,84,0,0
time,3,adaptive16,insert_after8,insert,20000,0,42,42,84,0,0
time,3,adaptive16,insert_after16,insert,20000,250,292,334,6833,0,0
time,3,adaptive16,random_growth,insert,20000,125,250,375,459,0,0
time,3,adaptive16,4095_pending_only,refresh_best,20000,0,42,42,42,0,0
time,3,adaptive8,sparse_n1,hit,20000,0,42,42,42,0,0
time,3,adaptive8,sparse_n1,miss,20000,0,42,42,42,0,0
time,3,adaptive8,sparse_n1,range8,20000,0,42,42,42,0,0
time,3,adaptive8,sparse_n1,working_off_best_on,20000,0,42,42,125,0,0
time,3,adaptive8,sparse_n1,reprice,20000,0,42,42,167,0,0
time,3,adaptive8,sparse_n4,hit,20000,0,42,42,84,0,0
time,3,adaptive8,sparse_n4,miss,20000,0,42,42,83,0,0
time,3,adaptive8,sparse_n4,range8,20000,0,42,42,42,0,0
time,3,adaptive8,sparse_n4,working_off_best_on,20000,0,42,42,42,0,0
time,3,adaptive8,sparse_n4,reprice,20000,0,42,42,84,0,0
time,3,adaptive8,sparse_n8,hit,20000,0,42,42,1042,0,0
time,3,adaptive8,sparse_n8,miss,20000,0,42,42,42,0,0
time,3,adaptive8,sparse_n8,range8,20000,0,42,42,42,0,0
time,3,adaptive8,sparse_n8,working_off_best_on,20000,0,42,42,84,0,0
time,3,adaptive8,sparse_n8,reprice,20000,0,42,42,84,0,0
time,3,adaptive8,sparse_n16,hit,20000,0,42,42,84,0,0
time,3,adaptive8,sparse_n16,miss,20000,0,42,42,83,0,0
time,3,adaptive8,sparse_n16,range8,20000,0,42,42,250,0,0
time,3,adaptive8,sparse_n16,working_off_best_on,20000,41,42,42,125,0,0
time,3,adaptive8,sparse_n16,reprice,20000,42,84,84,208,0,0
time,3,adaptive8,sparse_n64,hit,20000,0,42,42,84,0,0
time,3,adaptive8,sparse_n64,miss,20000,0,42,42,84,0,0
time,3,adaptive8,sparse_n64,range8,20000,0,42,42,125,0,0
time,3,adaptive8,sparse_n64,working_off_best_on,20000,41,84,125,208,0,0
time,3,adaptive8,sparse_n64,reprice,20000,83,167,209,250,0,0
time,3,adaptive8,sparse_n4096,hit,20000,42,84,84,250,0,0
time,3,adaptive8,sparse_n4096,miss,20000,42,42,84,125,0,0
time,3,adaptive8,sparse_n4096,range8,20000,42,84,125,125,0,0
time,3,adaptive8,sparse_n4096,working_off_best_on,20000,83,208,292,417,0,0
time,3,adaptive8,sparse_n4096,reprice,20000,208,375,417,1208,0,0
time,3,adaptive8,dense_n4096,hit,20000,42,84,84,125,0,0
time,3,adaptive8,dense_n4096,miss,20000,41,42,42,84,0,0
time,3,adaptive8,dense_n4096,range8,20000,42,84,84,125,0,0
time,3,adaptive8,dense_n4096,working_off_best_on,20000,83,208,292,375,0,0
time,3,adaptive8,dense_n4096,reprice,20000,208,334,417,1291,0,0
time,3,adaptive8,4096books_4prices,hit,20000,0,42,42,83,0,0
time,3,adaptive8,insert_after4,insert,20000,0,42,42,125,0,0
time,3,adaptive8,insert_after8,insert,20000,125,166,167,7292,0,0
time,3,adaptive8,insert_after16,insert,20000,41,42,42,125,0,0
time,3,adaptive8,random_growth,insert,20000,125,250,375,2708,0,0
time,3,adaptive8,4095_pending_only,refresh_best,20000,0,42,42,84,0,0
time,4,adaptive16,sparse_n1,hit,20000,0,42,42,84,0,0
time,4,adaptive16,sparse_n1,miss,20000,0,42,42,2833,0,0
time,4,adaptive16,sparse_n1,range8,20000,0,42,42,84,0,0
time,4,adaptive16,sparse_n1,working_off_best_on,20000,0,42,42,84,0,0
time,4,adaptive16,sparse_n1,reprice,20000,0,42,42,2292,0,0
time,4,adaptive16,sparse_n4,hit,20000,0,42,42,84,0,0
time,4,adaptive16,sparse_n4,miss,20000,0,42,42,84,0,0
time,4,adaptive16,sparse_n4,range8,20000,0,42,42,83,0,0
time,4,adaptive16,sparse_n4,working_off_best_on,20000,0,42,42,83,0,0
time,4,adaptive16,sparse_n4,reprice,20000,0,42,42,84,0,0
time,4,adaptive16,sparse_n8,hit,20000,0,42,42,84,0,0
time,4,adaptive16,sparse_n8,miss,20000,0,42,42,84,0,0
time,4,adaptive16,sparse_n8,range8,20000,0,42,42,83,0,0
time,4,adaptive16,sparse_n8,working_off_best_on,20000,0,42,42,42,0,0
time,4,adaptive16,sparse_n8,reprice,20000,0,42,42,916,0,0
time,4,adaptive16,sparse_n16,hit,20000,0,42,42,84,0,0
time,4,adaptive16,sparse_n16,miss,20000,0,42,42,84,0,0
time,4,adaptive16,sparse_n16,range8,20000,0,42,42,84,0,0
time,4,adaptive16,sparse_n16,working_off_best_on,20000,0,42,42,84,0,0
time,4,adaptive16,sparse_n16,reprice,20000,0,42,42,83,0,0
time,4,adaptive16,sparse_n64,hit,20000,0,42,42,1250,0,0
time,4,adaptive16,sparse_n64,miss,20000,0,42,42,83,0,0
time,4,adaptive16,sparse_n64,range8,20000,0,42,42,125,0,0
time,4,adaptive16,sparse_n64,working_off_best_on,20000,41,84,125,6667,0,0
time,4,adaptive16,sparse_n64,reprice,20000,83,167,209,2750,0,0
time,4,adaptive16,sparse_n4096,hit,20000,42,84,84,125,0,0
time,4,adaptive16,sparse_n4096,miss,20000,42,42,84,125,0,0
time,4,adaptive16,sparse_n4096,range8,20000,42,84,84,125,0,0
time,4,adaptive16,sparse_n4096,working_off_best_on,20000,83,208,292,417,0,0
time,4,adaptive16,sparse_n4096,reprice,20000,208,375,417,1208,0,0
time,4,adaptive16,dense_n4096,hit,20000,42,84,84,1166,0,0
time,4,adaptive16,dense_n4096,miss,20000,41,42,42,84,0,0
time,4,adaptive16,dense_n4096,range8,20000,42,84,84,125,0,0
time,4,adaptive16,dense_n4096,working_off_best_on,20000,83,208,291,417,0,0
time,4,adaptive16,dense_n4096,reprice,20000,208,375,417,500,0,0
time,4,adaptive16,4096books_4prices,hit,20000,0,42,42,83,0,0
time,4,adaptive16,insert_after4,insert,20000,0,42,42,84,0,0
time,4,adaptive16,insert_after8,insert,20000,0,42,42,84,0,0
time,4,adaptive16,insert_after16,insert,20000,291,292,334,1083,0,0
time,4,adaptive16,random_growth,insert,20000,125,250,375,1208,0,0
time,4,adaptive16,4095_pending_only,refresh_best,20000,0,42,42,84,0,0
time,4,hash_ordered,sparse_n1,hit,20000,0,42,42,84,0,0
time,4,hash_ordered,sparse_n1,miss,20000,0,42,42,84,0,0
time,4,hash_ordered,sparse_n1,range8,20000,0,42,42,84,0,0
time,4,hash_ordered,sparse_n1,working_off_best_on,20000,0,42,42,84,0,0
time,4,hash_ordered,sparse_n1,reprice,20000,41,42,42,84,0,0
time,4,hash_ordered,sparse_n4,hit,20000,0,42,42,84,0,0
time,4,hash_ordered,sparse_n4,miss,20000,0,42,42,84,0,0
time,4,hash_ordered,sparse_n4,range8,20000,0,42,42,1125,0,0
time,4,hash_ordered,sparse_n4,working_off_best_on,20000,0,42,42,125,0,0
time,4,hash_ordered,sparse_n4,reprice,20000,42,83,84,125,0,0
time,4,hash_ordered,sparse_n8,hit,20000,0,42,42,83,0,0
time,4,hash_ordered,sparse_n8,miss,20000,0,42,42,84,0,0
time,4,hash_ordered,sparse_n8,range8,20000,0,42,42,84,0,0
time,4,hash_ordered,sparse_n8,working_off_best_on,20000,0,42,42,84,0,0
time,4,hash_ordered,sparse_n8,reprice,20000,42,84,84,250,0,0
time,4,hash_ordered,sparse_n16,hit,20000,0,42,42,1125,0,0
time,4,hash_ordered,sparse_n16,miss,20000,0,42,42,84,0,0
time,4,hash_ordered,sparse_n16,range8,20000,0,42,42,84,0,0
time,4,hash_ordered,sparse_n16,working_off_best_on,20000,0,42,83,84,0,0
time,4,hash_ordered,sparse_n16,reprice,20000,83,125,208,292,0,0
time,4,hash_ordered,sparse_n64,hit,20000,0,42,42,84,0,0
time,4,hash_ordered,sparse_n64,miss,20000,0,42,42,84,0,0
time,4,hash_ordered,sparse_n64,range8,20000,0,42,42,125,0,0
time,4,hash_ordered,sparse_n64,working_off_best_on,20000,41,84,125,208,0,0
time,4,hash_ordered,sparse_n64,reprice,20000,125,209,250,834,0,0
time,4,hash_ordered,sparse_n4096,hit,20000,41,42,42,84,0,0
time,4,hash_ordered,sparse_n4096,miss,20000,0,42,42,83,0,0
time,4,hash_ordered,sparse_n4096,range8,20000,42,84,125,125,0,0
time,4,hash_ordered,sparse_n4096,working_off_best_on,20000,83,208,292,1209,0,0
time,4,hash_ordered,sparse_n4096,reprice,20000,209,416,459,29625,0,0
time,4,hash_ordered,dense_n4096,hit,20000,41,42,42,84,0,0
time,4,hash_ordered,dense_n4096,miss,20000,0,42,42,42,0,0
time,4,hash_ordered,dense_n4096,range8,20000,42,84,84,125,0,0
time,4,hash_ordered,dense_n4096,working_off_best_on,20000,83,208,292,375,0,0
time,4,hash_ordered,dense_n4096,reprice,20000,209,375,458,29750,0,0
time,4,hash_ordered,4096books_4prices,hit,20000,0,42,42,125,0,0
time,4,hash_ordered,insert_after4,insert,20000,41,42,42,84,0,0
time,4,hash_ordered,insert_after8,insert,20000,41,42,42,84,0,0
time,4,hash_ordered,insert_after16,insert,20000,41,42,42,84,0,0
time,4,hash_ordered,random_growth,insert,20000,125,291,416,109875,0,0
time,4,hash_ordered,4095_pending_only,refresh_best,20000,0,42,42,84,0,0
time,4,paged64,sparse_n1,hit,20000,0,42,42,84,0,0
time,4,paged64,sparse_n1,miss,20000,0,42,42,125,0,0
time,4,paged64,sparse_n1,range8,20000,0,42,42,208,0,0
time,4,paged64,sparse_n1,working_off_best_on,20000,0,42,42,166,0,0
time,4,paged64,sparse_n1,reprice,20000,42,84,125,334,0,0
time,4,paged64,sparse_n4,hit,20000,0,42,42,84,0,0
time,4,paged64,sparse_n4,miss,20000,0,42,42,84,0,0
time,4,paged64,sparse_n4,range8,20000,0,42,42,83,0,0
time,4,paged64,sparse_n4,working_off_best_on,20000,41,42,42,84,0,0
time,4,paged64,sparse_n4,reprice,20000,42,84,84,209,0,0
time,4,paged64,sparse_n8,hit,20000,0,42,42,84,0,0
time,4,paged64,sparse_n8,miss,20000,0,42,42,84,0,0
time,4,paged64,sparse_n8,range8,20000,0,42,42,84,0,0
time,4,paged64,sparse_n8,working_off_best_on,20000,41,42,42,125,0,0
time,4,paged64,sparse_n8,reprice,20000,83,84,125,208,0,0
time,4,paged64,sparse_n16,hit,20000,0,42,42,917,0,0
time,4,paged64,sparse_n16,miss,20000,0,42,42,84,0,0
time,4,paged64,sparse_n16,range8,20000,0,42,42,84,0,0
time,4,paged64,sparse_n16,working_off_best_on,20000,41,42,84,167,0,0
time,4,paged64,sparse_n16,reprice,20000,83,125,167,292,0,0
time,4,paged64,sparse_n64,hit,20000,0,42,42,84,0,0
time,4,paged64,sparse_n64,miss,20000,0,42,42,84,0,0
time,4,paged64,sparse_n64,range8,20000,41,42,42,125,0,0
time,4,paged64,sparse_n64,working_off_best_on,20000,42,125,167,291,0,0
time,4,paged64,sparse_n64,reprice,20000,125,250,292,1250,0,0
time,4,paged64,sparse_n4096,hit,20000,42,84,84,125,0,0
time,4,paged64,sparse_n4096,miss,20000,41,42,83,84,0,0
time,4,paged64,sparse_n4096,range8,20000,83,125,125,167,0,0
time,4,paged64,sparse_n4096,working_off_best_on,20000,167,292,375,541,0,0
time,4,paged64,sparse_n4096,reprice,20000,334,541,584,1583,0,0
time,4,paged64,dense_n4096,hit,20000,0,42,42,84,0,0
time,4,paged64,dense_n4096,miss,20000,0,42,42,83,0,0
time,4,paged64,dense_n4096,range8,20000,41,42,42,1125,0,0
time,4,paged64,dense_n4096,working_off_best_on,20000,41,42,83,84,0,0
time,4,paged64,dense_n4096,reprice,20000,42,166,250,458,0,0
time,4,paged64,4096books_4prices,hit,20000,41,167,250,416,0,0
time,4,paged64,insert_after4,insert,20000,42,42,83,167,0,0
time,4,paged64,insert_after8,insert,20000,42,42,84,125,0,0
time,4,paged64,insert_after16,insert,20000,42,84,84,125,0,0
time,4,paged64,random_growth,insert,20000,167,416,542,875,0,0
time,4,paged64,4095_pending_only,refresh_best,20000,0,42,42,166,0,0
time,4,standard,sparse_n1,hit,20000,0,42,42,84,0,0
time,4,standard,sparse_n1,miss,20000,0,42,42,125,0,0
time,4,standard,sparse_n1,range8,20000,0,42,42,333,0,0
time,4,standard,sparse_n1,working_off_best_on,20000,0,42,42,125,0,0
time,4,standard,sparse_n1,reprice,20000,41,42,42,417,0,0
time,4,standard,sparse_n4,hit,20000,0,42,42,84,0,0
time,4,standard,sparse_n4,miss,20000,0,42,42,84,0,0
time,4,standard,sparse_n4,range8,20000,0,42,42,84,0,0
time,4,standard,sparse_n4,working_off_best_on,20000,0,42,42,84,0,0
time,4,standard,sparse_n4,reprice,20000,41,42,42,125,0,0
time,4,standard,sparse_n8,hit,20000,0,42,42,84,0,0
time,4,standard,sparse_n8,miss,20000,0,42,42,1041,0,0
time,4,standard,sparse_n8,range8,20000,0,42,42,125,0,0
time,4,standard,sparse_n8,working_off_best_on,20000,0,42,42,84,0,0
time,4,standard,sparse_n8,reprice,20000,42,42,83,84,0,0
time,4,standard,sparse_n16,hit,20000,0,42,42,84,0,0
time,4,standard,sparse_n16,miss,20000,0,42,42,84,0,0
time,4,standard,sparse_n16,range8,20000,0,42,42,84,0,0
time,4,standard,sparse_n16,working_off_best_on,20000,41,42,42,84,0,0
time,4,standard,sparse_n16,reprice,20000,42,84,84,375,0,0
time,4,standard,sparse_n64,hit,20000,0,42,42,83,0,0
time,4,standard,sparse_n64,miss,20000,0,42,42,84,0,0
time,4,standard,sparse_n64,range8,20000,0,42,42,84,0,0
time,4,standard,sparse_n64,working_off_best_on,20000,41,84,125,209,0,0
time,4,standard,sparse_n64,reprice,20000,83,167,209,333,0,0
time,4,standard,sparse_n4096,hit,20000,42,84,84,125,0,0
time,4,standard,sparse_n4096,miss,20000,42,84,84,125,0,0
time,4,standard,sparse_n4096,range8,20000,42,84,125,125,0,0
time,4,standard,sparse_n4096,working_off_best_on,20000,83,208,292,417,0,0
time,4,standard,sparse_n4096,reprice,20000,208,375,417,3833,0,0
time,4,standard,dense_n4096,hit,20000,42,84,84,125,0,0
time,4,standard,dense_n4096,miss,20000,0,42,42,84,0,0
time,4,standard,dense_n4096,range8,20000,42,84,84,125,0,0
time,4,standard,dense_n4096,working_off_best_on,20000,83,208,292,3000,0,0
time,4,standard,dense_n4096,reprice,20000,208,375,417,3166,0,0
time,4,standard,4096books_4prices,hit,20000,0,42,42,3000,0,0
time,4,standard,insert_after4,insert,20000,0,42,42,3084,0,0
time,4,standard,insert_after8,insert,20000,0,42,42,2917,0,0
time,4,standard,insert_after16,insert,20000,41,42,83,2667,0,0
time,4,standard,random_growth,insert,20000,125,250,375,1000,0,0
time,4,standard,4095_pending_only,refresh_best,20000,0,42,42,84,0,0
time,4,flat,sparse_n1,hit,20000,0,42,42,83,0,0
time,4,flat,sparse_n1,miss,20000,0,42,42,84,0,0
time,4,flat,sparse_n1,range8,20000,0,42,42,42,0,0
time,4,flat,sparse_n1,working_off_best_on,20000,0,42,42,209,0,0
time,4,flat,sparse_n1,reprice,20000,0,42,42,84,0,0
time,4,flat,sparse_n4,hit,20000,0,42,42,84,0,0
time,4,flat,sparse_n4,miss,20000,0,42,42,1125,0,0
time,4,flat,sparse_n4,range8,20000,0,42,42,84,0,0
time,4,flat,sparse_n4,working_off_best_on,20000,0,42,42,83,0,0
time,4,flat,sparse_n4,reprice,20000,0,42,42,84,0,0
time,4,flat,sparse_n8,hit,20000,0,42,42,84,0,0
time,4,flat,sparse_n8,miss,20000,0,42,42,125,0,0
time,4,flat,sparse_n8,range8,20000,0,42,42,84,0,0
time,4,flat,sparse_n8,working_off_best_on,20000,0,42,42,83,0,0
time,4,flat,sparse_n8,reprice,20000,0,42,42,84,0,0
time,4,flat,sparse_n16,hit,20000,0,42,42,84,0,0
time,4,flat,sparse_n16,miss,20000,0,42,42,84,0,0
time,4,flat,sparse_n16,range8,20000,0,42,42,84,0,0
time,4,flat,sparse_n16,working_off_best_on,20000,0,42,42,83,0,0
time,4,flat,sparse_n16,reprice,20000,0,42,42,84,0,0
time,4,flat,sparse_n64,hit,20000,0,42,42,84,0,0
time,4,flat,sparse_n64,miss,20000,0,42,42,875,0,0
time,4,flat,sparse_n64,range8,20000,0,42,42,84,0,0
time,4,flat,sparse_n64,working_off_best_on,20000,0,42,42,84,0,0
time,4,flat,sparse_n64,reprice,20000,42,84,84,166,0,0
time,4,flat,sparse_n4096,hit,20000,42,84,84,84,0,0
time,4,flat,sparse_n4096,miss,20000,41,42,42,84,0,0
time,4,flat,sparse_n4096,range8,20000,0,42,42,84,0,0
time,4,flat,sparse_n4096,working_off_best_on,20000,41,42,42,84,0,0
time,4,flat,sparse_n4096,reprice,20000,750,1541,1708,21500,0,0
time,4,flat,dense_n4096,hit,20000,42,84,84,125,0,0
time,4,flat,dense_n4096,miss,20000,41,42,42,125,0,0
time,4,flat,dense_n4096,range8,20000,0,42,42,84,0,0
time,4,flat,dense_n4096,working_off_best_on,20000,41,42,42,84,0,0
time,4,flat,dense_n4096,reprice,20000,750,1541,1583,2625,0,0
time,4,flat,4096books_4prices,hit,20000,0,42,42,83,0,0
time,4,flat,insert_after4,insert,20000,42,84,84,166,0,0
time,4,flat,insert_after8,insert,20000,42,84,84,167,0,0
time,4,flat,insert_after16,insert,20000,42,84,84,125,0,0
time,4,flat,random_growth,insert,20000,1709,8583,9500,9917,0,0
time,4,flat,4095_pending_only,refresh_best,20000,1167,1209,1375,8333,0,0
time,4,adaptive4,sparse_n1,hit,20000,0,42,42,83,0,0
time,4,adaptive4,sparse_n1,miss,20000,0,42,42,125,0,0
time,4,adaptive4,sparse_n1,range8,20000,0,42,42,209,0,0
time,4,adaptive4,sparse_n1,working_off_best_on,20000,0,42,42,84,0,0
time,4,adaptive4,sparse_n1,reprice,20000,0,42,42,84,0,0
time,4,adaptive4,sparse_n4,hit,20000,0,42,42,42,0,0
time,4,adaptive4,sparse_n4,miss,20000,0,42,42,83,0,0
time,4,adaptive4,sparse_n4,range8,20000,0,42,42,83,0,0
time,4,adaptive4,sparse_n4,working_off_best_on,20000,0,42,42,83,0,0
time,4,adaptive4,sparse_n4,reprice,20000,0,42,42,83,0,0
time,4,adaptive4,sparse_n8,hit,20000,0,42,42,83,0,0
time,4,adaptive4,sparse_n8,miss,20000,0,42,42,84,0,0
time,4,adaptive4,sparse_n8,range8,20000,0,42,42,84,0,0
time,4,adaptive4,sparse_n8,working_off_best_on,20000,0,42,42,333,0,0
time,4,adaptive4,sparse_n8,reprice,20000,42,42,84,209,0,0
time,4,adaptive4,sparse_n16,hit,20000,0,42,42,84,0,0
time,4,adaptive4,sparse_n16,miss,20000,0,42,42,84,0,0
time,4,adaptive4,sparse_n16,range8,20000,0,42,42,83,0,0
time,4,adaptive4,sparse_n16,working_off_best_on,20000,41,42,42,84,0,0
time,4,adaptive4,sparse_n16,reprice,20000,42,84,84,292,0,0
time,4,adaptive4,sparse_n64,hit,20000,0,42,42,84,0,0
time,4,adaptive4,sparse_n64,miss,20000,0,42,42,84,0,0
time,4,adaptive4,sparse_n64,range8,20000,0,42,42,84,0,0
time,4,adaptive4,sparse_n64,working_off_best_on,20000,41,84,125,209,0,0
time,4,adaptive4,sparse_n64,reprice,20000,83,167,209,292,0,0
time,4,adaptive4,sparse_n4096,hit,20000,42,84,84,125,0,0
time,4,adaptive4,sparse_n4096,miss,20000,41,42,84,125,0,0
time,4,adaptive4,sparse_n4096,range8,20000,42,84,84,125,0,0
time,4,adaptive4,sparse_n4096,working_off_best_on,20000,83,208,292,417,0,0
time,4,adaptive4,sparse_n4096,reprice,20000,208,375,417,1125,0,0
time,4,adaptive4,dense_n4096,hit,20000,42,84,84,125,0,0
time,4,adaptive4,dense_n4096,miss,20000,41,42,42,125,0,0
time,4,adaptive4,dense_n4096,range8,20000,42,84,125,167,0,0
time,4,adaptive4,dense_n4096,working_off_best_on,20000,83,208,292,375,0,0
time,4,adaptive4,dense_n4096,reprice,20000,208,375,417,1417,0,0
time,4,adaptive4,4096books_4prices,hit,20000,0,42,42,125,0,0
time,4,adaptive4,insert_after4,insert,20000,83,84,125,334,0,0
time,4,adaptive4,insert_after8,insert,20000,0,42,42,125,0,0
time,4,adaptive4,insert_after16,insert,20000,41,42,42,84,0,0
time,4,adaptive4,random_growth,insert,20000,125,250,375,1250,0,0
time,4,adaptive4,4095_pending_only,refresh_best,20000,0,42,42,84,0,0
time,4,adaptive8,sparse_n1,hit,20000,0,42,42,125,0,0
time,4,adaptive8,sparse_n1,miss,20000,0,42,42,83,0,0
time,4,adaptive8,sparse_n1,range8,20000,0,42,42,42,0,0
time,4,adaptive8,sparse_n1,working_off_best_on,20000,0,42,42,125,0,0
time,4,adaptive8,sparse_n1,reprice,20000,0,42,42,167,0,0
time,4,adaptive8,sparse_n4,hit,20000,0,42,42,83,0,0
time,4,adaptive8,sparse_n4,miss,20000,0,42,42,42,0,0
time,4,adaptive8,sparse_n4,range8,20000,0,42,42,84,0,0
time,4,adaptive8,sparse_n4,working_off_best_on,20000,0,42,42,125,0,0
time,4,adaptive8,sparse_n4,reprice,20000,0,42,42,83,0,0
time,4,adaptive8,sparse_n8,hit,20000,0,42,42,1250,0,0
time,4,adaptive8,sparse_n8,miss,20000,0,42,42,42,0,0
time,4,adaptive8,sparse_n8,range8,20000,0,42,42,42,0,0
time,4,adaptive8,sparse_n8,working_off_best_on,20000,0,42,42,42,0,0
time,4,adaptive8,sparse_n8,reprice,20000,0,42,42,83,0,0
time,4,adaptive8,sparse_n16,hit,20000,0,42,42,83,0,0
time,4,adaptive8,sparse_n16,miss,20000,0,42,42,42,0,0
time,4,adaptive8,sparse_n16,range8,20000,0,42,42,83,0,0
time,4,adaptive8,sparse_n16,working_off_best_on,20000,41,42,42,125,0,0
time,4,adaptive8,sparse_n16,reprice,20000,42,84,84,167,0,0
time,4,adaptive8,sparse_n64,hit,20000,0,42,42,84,0,0
time,4,adaptive8,sparse_n64,miss,20000,0,42,42,83,0,0
time,4,adaptive8,sparse_n64,range8,20000,0,42,42,84,0,0
time,4,adaptive8,sparse_n64,working_off_best_on,20000,41,84,125,1375,0,0
time,4,adaptive8,sparse_n64,reprice,20000,83,167,209,500,0,0
time,4,adaptive8,sparse_n4096,hit,20000,42,84,84,2958,0,0
time,4,adaptive8,sparse_n4096,miss,20000,42,42,84,3333,0,0
time,4,adaptive8,sparse_n4096,range8,20000,42,84,84,125,0,0
time,4,adaptive8,sparse_n4096,working_off_best_on,20000,83,208,292,417,0,0
time,4,adaptive8,sparse_n4096,reprice,20000,208,375,417,500,0,0
time,4,adaptive8,dense_n4096,hit,20000,42,84,84,125,0,0
time,4,adaptive8,dense_n4096,miss,20000,41,42,42,84,0,0
time,4,adaptive8,dense_n4096,range8,20000,42,84,84,125,0,0
time,4,adaptive8,dense_n4096,working_off_best_on,20000,83,208,292,375,0,0
time,4,adaptive8,dense_n4096,reprice,20000,208,334,417,500,0,0
time,4,adaptive8,4096books_4prices,hit,20000,0,42,42,84,0,0
time,4,adaptive8,insert_after4,insert,20000,0,42,42,83,0,0
time,4,adaptive8,insert_after8,insert,20000,125,125,167,375,0,0
time,4,adaptive8,insert_after16,insert,20000,41,42,42,84,0,0
time,4,adaptive8,random_growth,insert,20000,125,250,375,500,0,0
time,4,adaptive8,4095_pending_only,refresh_best,20000,0,42,42,83,0,0
alloc,0,standard,sparse_n1,hit,20000,0,0,0,0,0,0
alloc,0,standard,sparse_n1,miss,20000,0,0,0,0,0,0
alloc,0,standard,sparse_n1,range8,20000,0,0,0,0,0,0
alloc,0,standard,sparse_n1,working_off_best_on,20000,0,0,0,0,0,0
alloc,0,standard,sparse_n1,reprice,20000,0,0,0,0,0,0
alloc,0,standard,sparse_n4,hit,20000,0,0,0,0,0,0
alloc,0,standard,sparse_n4,miss,20000,0,0,0,0,0,0
alloc,0,standard,sparse_n4,range8,20000,0,0,0,0,0,0
alloc,0,standard,sparse_n4,working_off_best_on,20000,0,0,0,0,0,0
alloc,0,standard,sparse_n4,reprice,20000,0,0,0,0,0,0
alloc,0,standard,sparse_n8,hit,20000,0,0,0,0,0,0
alloc,0,standard,sparse_n8,miss,20000,0,0,0,0,0,0
alloc,0,standard,sparse_n8,range8,20000,0,0,0,0,0,0
alloc,0,standard,sparse_n8,working_off_best_on,20000,0,0,0,0,0,0
alloc,0,standard,sparse_n8,reprice,20000,0,0,0,0,0,0
alloc,0,standard,sparse_n16,hit,20000,0,0,0,0,0,0
alloc,0,standard,sparse_n16,miss,20000,0,0,0,0,0,0
alloc,0,standard,sparse_n16,range8,20000,0,0,0,0,0,0
alloc,0,standard,sparse_n16,working_off_best_on,20000,0,0,0,0,0,0
alloc,0,standard,sparse_n16,reprice,20000,0,0,0,0,0,0
alloc,0,standard,sparse_n64,hit,20000,0,0,0,0,0,0
alloc,0,standard,sparse_n64,miss,20000,0,0,0,0,0,0
alloc,0,standard,sparse_n64,range8,20000,0,0,0,0,0,0
alloc,0,standard,sparse_n64,working_off_best_on,20000,0,0,0,0,738,76752
alloc,0,standard,sparse_n64,reprice,20000,0,0,0,0,5439,1044376
alloc,0,standard,sparse_n4096,hit,20000,0,0,0,0,0,0
alloc,0,standard,sparse_n4096,miss,20000,0,0,0,0,0,0
alloc,0,standard,sparse_n4096,range8,20000,0,0,0,0,0,0
alloc,0,standard,sparse_n4096,working_off_best_on,20000,0,0,0,0,1140,129312
alloc,0,standard,sparse_n4096,reprice,20000,0,0,0,0,6631,1361816
alloc,0,standard,dense_n4096,hit,20000,0,0,0,0,0,0
alloc,0,standard,dense_n4096,miss,20000,0,0,0,0,0,0
alloc,0,standard,dense_n4096,range8,20000,0,0,0,0,0,0
alloc,0,standard,dense_n4096,working_off_best_on,20000,0,0,0,0,1140,129312
alloc,0,standard,dense_n4096,reprice,20000,0,0,0,0,6631,1361816
alloc,0,standard,4096books_4prices,hit,20000,0,0,0,0,0,0
alloc,0,standard,insert_after4,insert,20000,0,0,0,0,0,0
alloc,0,standard,insert_after8,insert,20000,0,0,0,0,0,0
alloc,0,standard,insert_after16,insert,20000,0,0,0,0,0,0
alloc,0,standard,random_growth,insert,20000,0,0,0,0,5540,1125888
alloc,0,standard,4095_pending_only,refresh_best,20000,0,0,0,0,0,0
memory,0,standard,sparse_n4,resident_requested,1,0,0,0,0,2,432
memory,0,standard,sparse_n8,resident_requested,1,0,0,0,0,2,432
memory,0,standard,sparse_n16,resident_requested,1,0,0,0,0,6,1392
memory,0,standard,sparse_n4096,resident_requested,1,0,0,0,0,1362,279984
memory,0,standard,dense_n4096,resident_requested,1,0,0,0,0,1362,279984
alloc,0,flat,sparse_n1,hit,20000,0,0,0,0,0,0
alloc,0,flat,sparse_n1,miss,20000,0,0,0,0,0,0
alloc,0,flat,sparse_n1,range8,20000,0,0,0,0,0,0
alloc,0,flat,sparse_n1,working_off_best_on,20000,0,0,0,0,0,0
alloc,0,flat,sparse_n1,reprice,20000,0,0,0,0,0,0
alloc,0,flat,sparse_n4,hit,20000,0,0,0,0,0,0
alloc,0,flat,sparse_n4,miss,20000,0,0,0,0,0,0
alloc,0,flat,sparse_n4,range8,20000,0,0,0,0,0,0
alloc,0,flat,sparse_n4,working_off_best_on,20000,0,0,0,0,0,0
alloc,0,flat,sparse_n4,reprice,20000,0,0,0,0,0,0
alloc,0,flat,sparse_n8,hit,20000,0,0,0,0,0,0
alloc,0,flat,sparse_n8,miss,20000,0,0,0,0,0,0
alloc,0,flat,sparse_n8,range8,20000,0,0,0,0,0,0
alloc,0,flat,sparse_n8,working_off_best_on,20000,0,0,0,0,0,0
alloc,0,flat,sparse_n8,reprice,20000,0,0,0,0,0,0
alloc,0,flat,sparse_n16,hit,20000,0,0,0,0,0,0
alloc,0,flat,sparse_n16,miss,20000,0,0,0,0,0,0
alloc,0,flat,sparse_n16,range8,20000,0,0,0,0,0,0
alloc,0,flat,sparse_n16,working_off_best_on,20000,0,0,0,0,0,0
alloc,0,flat,sparse_n16,reprice,20000,0,0,0,0,0,0
alloc,0,flat,sparse_n64,hit,20000,0,0,0,0,0,0
alloc,0,flat,sparse_n64,miss,20000,0,0,0,0,0,0
alloc,0,flat,sparse_n64,range8,20000,0,0,0,0,0,0
alloc,0,flat,sparse_n64,working_off_best_on,20000,0,0,0,0,0,0
alloc,0,flat,sparse_n64,reprice,20000,0,0,0,0,0,0
alloc,0,flat,sparse_n4096,hit,20000,0,0,0,0,0,0
alloc,0,flat,sparse_n4096,miss,20000,0,0,0,0,0,0
alloc,0,flat,sparse_n4096,range8,20000,0,0,0,0,0,0
alloc,0,flat,sparse_n4096,working_off_best_on,20000,0,0,0,0,0,0
alloc,0,flat,sparse_n4096,reprice,20000,0,0,0,0,0,0
alloc,0,flat,dense_n4096,hit,20000,0,0,0,0,0,0
alloc,0,flat,dense_n4096,miss,20000,0,0,0,0,0,0
alloc,0,flat,dense_n4096,range8,20000,0,0,0,0,0,0
alloc,0,flat,dense_n4096,working_off_best_on,20000,0,0,0,0,0,0
alloc,0,flat,dense_n4096,reprice,20000,0,0,0,0,0,0
alloc,0,flat,4096books_4prices,hit,20000,0,0,0,0,0,0
alloc,0,flat,insert_after4,insert,20000,0,0,0,0,20000,5120000
alloc,0,flat,insert_after8,insert,20000,0,0,0,0,20000,10240000
alloc,0,flat,insert_after16,insert,20000,0,0,0,0,20000,20480000
alloc,0,flat,random_growth,insert,20000,0,0,0,0,14,2097024
alloc,0,flat,4095_pending_only,refresh_best,20000,0,0,0,0,0,0
memory,0,flat,sparse_n4,resident_requested,1,0,0,0,0,1,152
memory,0,flat,sparse_n8,resident_requested,1,0,0,0,0,2,280
memory,0,flat,sparse_n16,resident_requested,1,0,0,0,0,3,536
memory,0,flat,sparse_n4096,resident_requested,1,0,0,0,0,11,131096
memory,0,flat,dense_n4096,resident_requested,1,0,0,0,0,11,131096
alloc,0,adaptive4,sparse_n1,hit,20000,0,0,0,0,0,0
alloc,0,adaptive4,sparse_n1,miss,20000,0,0,0,0,0,0
alloc,0,adaptive4,sparse_n1,range8,20000,0,0,0,0,0,0
alloc,0,adaptive4,sparse_n1,working_off_best_on,20000,0,0,0,0,0,0
alloc,0,adaptive4,sparse_n1,reprice,20000,0,0,0,0,0,0
alloc,0,adaptive4,sparse_n4,hit,20000,0,0,0,0,0,0
alloc,0,adaptive4,sparse_n4,miss,20000,0,0,0,0,0,0
alloc,0,adaptive4,sparse_n4,range8,20000,0,0,0,0,0,0
alloc,0,adaptive4,sparse_n4,working_off_best_on,20000,0,0,0,0,0,0
alloc,0,adaptive4,sparse_n4,reprice,20000,0,0,0,0,0,0
alloc,0,adaptive4,sparse_n8,hit,20000,0,0,0,0,0,0
alloc,0,adaptive4,sparse_n8,miss,20000,0,0,0,0,0,0
alloc,0,adaptive4,sparse_n8,range8,20000,0,0,0,0,0,0
alloc,0,adaptive4,sparse_n8,working_off_best_on,20000,0,0,0,0,0,0
alloc,0,adaptive4,sparse_n8,reprice,20000,0,0,0,0,0,0
alloc,0,adaptive4,sparse_n16,hit,20000,0,0,0,0,0,0
alloc,0,adaptive4,sparse_n16,miss,20000,0,0,0,0,0,0
alloc,0,adaptive4,sparse_n16,range8,20000,0,0,0,0,0,0
alloc,0,adaptive4,sparse_n16,working_off_best_on,20000,0,0,0,0,0,0
alloc,0,adaptive4,sparse_n16,reprice,20000,0,0,0,0,0,0
alloc,0,adaptive4,sparse_n64,hit,20000,0,0,0,0,0,0
alloc,0,adaptive4,sparse_n64,miss,20000,0,0,0,0,0,0
alloc,0,adaptive4,sparse_n64,range8,20000,0,0,0,0,0,0
alloc,0,adaptive4,sparse_n64,working_off_best_on,20000,0,0,0,0,738,76752
alloc,0,adaptive4,sparse_n64,reprice,20000,0,0,0,0,5439,1044376
alloc,0,adaptive4,sparse_n4096,hit,20000,0,0,0,0,0,0
alloc,0,adaptive4,sparse_n4096,miss,20000,0,0,0,0,0,0
alloc,0,adaptive4,sparse_n4096,range8,20000,0,0,0,0,0,0
alloc,0,adaptive4,sparse_n4096,working_off_best_on,20000,0,0,0,0,1140,129312
alloc,0,adaptive4,sparse_n4096,reprice,20000,0,0,0,0,6631,1361816
alloc,0,adaptive4,dense_n4096,hit,20000,0,0,0,0,0,0
alloc,0,adaptive4,dense_n4096,miss,20000,0,0,0,0,0,0
alloc,0,adaptive4,dense_n4096,range8,20000,0,0,0,0,0,0
alloc,0,adaptive4,dense_n4096,working_off_best_on,20000,0,0,0,0,1140,129312
alloc,0,adaptive4,dense_n4096,reprice,20000,0,0,0,0,6631,1361816
alloc,0,adaptive4,4096books_4prices,hit,20000,0,0,0,0,0,0
alloc,0,adaptive4,insert_after4,insert,20000,0,0,0,0,40000,7680000
alloc,0,adaptive4,insert_after8,insert,20000,0,0,0,0,0,0
alloc,0,adaptive4,insert_after16,insert,20000,0,0,0,0,0,0
alloc,0,adaptive4,random_growth,insert,20000,0,0,0,0,5540,1125888
alloc,0,adaptive4,4095_pending_only,refresh_best,20000,0,0,0,0,0,0
memory,0,adaptive4,sparse_n4,resident_requested,1,0,0,0,0,0,192
memory,0,adaptive4,sparse_n8,resident_requested,1,0,0,0,0,2,576
memory,0,adaptive4,sparse_n16,resident_requested,1,0,0,0,0,6,1536
memory,0,adaptive4,sparse_n4096,resident_requested,1,0,0,0,0,1362,280128
memory,0,adaptive4,dense_n4096,resident_requested,1,0,0,0,0,1362,280128
alloc,0,adaptive8,sparse_n1,hit,20000,0,0,0,0,0,0
alloc,0,adaptive8,sparse_n1,miss,20000,0,0,0,0,0,0
alloc,0,adaptive8,sparse_n1,range8,20000,0,0,0,0,0,0
alloc,0,adaptive8,sparse_n1,working_off_best_on,20000,0,0,0,0,0,0
alloc,0,adaptive8,sparse_n1,reprice,20000,0,0,0,0,0,0
alloc,0,adaptive8,sparse_n4,hit,20000,0,0,0,0,0,0
alloc,0,adaptive8,sparse_n4,miss,20000,0,0,0,0,0,0
alloc,0,adaptive8,sparse_n4,range8,20000,0,0,0,0,0,0
alloc,0,adaptive8,sparse_n4,working_off_best_on,20000,0,0,0,0,0,0
alloc,0,adaptive8,sparse_n4,reprice,20000,0,0,0,0,0,0
alloc,0,adaptive8,sparse_n8,hit,20000,0,0,0,0,0,0
alloc,0,adaptive8,sparse_n8,miss,20000,0,0,0,0,0,0
alloc,0,adaptive8,sparse_n8,range8,20000,0,0,0,0,0,0
alloc,0,adaptive8,sparse_n8,working_off_best_on,20000,0,0,0,0,0,0
alloc,0,adaptive8,sparse_n8,reprice,20000,0,0,0,0,0,0
alloc,0,adaptive8,sparse_n16,hit,20000,0,0,0,0,0,0
alloc,0,adaptive8,sparse_n16,miss,20000,0,0,0,0,0,0
alloc,0,adaptive8,sparse_n16,range8,20000,0,0,0,0,0,0
alloc,0,adaptive8,sparse_n16,working_off_best_on,20000,0,0,0,0,0,0
alloc,0,adaptive8,sparse_n16,reprice,20000,0,0,0,0,0,0
alloc,0,adaptive8,sparse_n64,hit,20000,0,0,0,0,0,0
alloc,0,adaptive8,sparse_n64,miss,20000,0,0,0,0,0,0
alloc,0,adaptive8,sparse_n64,range8,20000,0,0,0,0,0,0
alloc,0,adaptive8,sparse_n64,working_off_best_on,20000,0,0,0,0,738,76752
alloc,0,adaptive8,sparse_n64,reprice,20000,0,0,0,0,5439,1044376
alloc,0,adaptive8,sparse_n4096,hit,20000,0,0,0,0,0,0
alloc,0,adaptive8,sparse_n4096,miss,20000,0,0,0,0,0,0
alloc,0,adaptive8,sparse_n4096,range8,20000,0,0,0,0,0,0
alloc,0,adaptive8,sparse_n4096,working_off_best_on,20000,0,0,0,0,1140,129312
alloc,0,adaptive8,sparse_n4096,reprice,20000,0,0,0,0,6631,1361816
alloc,0,adaptive8,dense_n4096,hit,20000,0,0,0,0,0,0
alloc,0,adaptive8,dense_n4096,miss,20000,0,0,0,0,0,0
alloc,0,adaptive8,dense_n4096,range8,20000,0,0,0,0,0,0
alloc,0,adaptive8,dense_n4096,working_off_best_on,20000,0,0,0,0,1140,129312
alloc,0,adaptive8,dense_n4096,reprice,20000,0,0,0,0,6631,1361816
alloc,0,adaptive8,4096books_4prices,hit,20000,0,0,0,0,0,0
alloc,0,adaptive8,insert_after4,insert,20000,0,0,0,0,0,0
alloc,0,adaptive8,insert_after8,insert,20000,0,0,0,0,40000,7680000
alloc,0,adaptive8,insert_after16,insert,20000,0,0,0,0,0,0
alloc,0,adaptive8,random_growth,insert,20000,0,0,0,0,5540,1125888
alloc,0,adaptive8,4095_pending_only,refresh_best,20000,0,0,0,0,0,0
memory,0,adaptive8,sparse_n4,resident_requested,1,0,0,0,0,0,320
memory,0,adaptive8,sparse_n8,resident_requested,1,0,0,0,0,0,320
memory,0,adaptive8,sparse_n16,resident_requested,1,0,0,0,0,6,1664
memory,0,adaptive8,sparse_n4096,resident_requested,1,0,0,0,0,1362,280256
memory,0,adaptive8,dense_n4096,resident_requested,1,0,0,0,0,1362,280256
alloc,0,adaptive16,sparse_n1,hit,20000,0,0,0,0,0,0
alloc,0,adaptive16,sparse_n1,miss,20000,0,0,0,0,0,0
alloc,0,adaptive16,sparse_n1,range8,20000,0,0,0,0,0,0
alloc,0,adaptive16,sparse_n1,working_off_best_on,20000,0,0,0,0,0,0
alloc,0,adaptive16,sparse_n1,reprice,20000,0,0,0,0,0,0
alloc,0,adaptive16,sparse_n4,hit,20000,0,0,0,0,0,0
alloc,0,adaptive16,sparse_n4,miss,20000,0,0,0,0,0,0
alloc,0,adaptive16,sparse_n4,range8,20000,0,0,0,0,0,0
alloc,0,adaptive16,sparse_n4,working_off_best_on,20000,0,0,0,0,0,0
alloc,0,adaptive16,sparse_n4,reprice,20000,0,0,0,0,0,0
alloc,0,adaptive16,sparse_n8,hit,20000,0,0,0,0,0,0
alloc,0,adaptive16,sparse_n8,miss,20000,0,0,0,0,0,0
alloc,0,adaptive16,sparse_n8,range8,20000,0,0,0,0,0,0
alloc,0,adaptive16,sparse_n8,working_off_best_on,20000,0,0,0,0,0,0
alloc,0,adaptive16,sparse_n8,reprice,20000,0,0,0,0,0,0
alloc,0,adaptive16,sparse_n16,hit,20000,0,0,0,0,0,0
alloc,0,adaptive16,sparse_n16,miss,20000,0,0,0,0,0,0
alloc,0,adaptive16,sparse_n16,range8,20000,0,0,0,0,0,0
alloc,0,adaptive16,sparse_n16,working_off_best_on,20000,0,0,0,0,0,0
alloc,0,adaptive16,sparse_n16,reprice,20000,0,0,0,0,0,0
alloc,0,adaptive16,sparse_n64,hit,20000,0,0,0,0,0,0
alloc,0,adaptive16,sparse_n64,miss,20000,0,0,0,0,0,0
alloc,0,adaptive16,sparse_n64,range8,20000,0,0,0,0,0,0
alloc,0,adaptive16,sparse_n64,working_off_best_on,20000,0,0,0,0,738,76752
alloc,0,adaptive16,sparse_n64,reprice,20000,0,0,0,0,5439,1044376
alloc,0,adaptive16,sparse_n4096,hit,20000,0,0,0,0,0,0
alloc,0,adaptive16,sparse_n4096,miss,20000,0,0,0,0,0,0
alloc,0,adaptive16,sparse_n4096,range8,20000,0,0,0,0,0,0
alloc,0,adaptive16,sparse_n4096,working_off_best_on,20000,0,0,0,0,1140,129312
alloc,0,adaptive16,sparse_n4096,reprice,20000,0,0,0,0,6631,1361816
alloc,0,adaptive16,dense_n4096,hit,20000,0,0,0,0,0,0
alloc,0,adaptive16,dense_n4096,miss,20000,0,0,0,0,0,0
alloc,0,adaptive16,dense_n4096,range8,20000,0,0,0,0,0,0
alloc,0,adaptive16,dense_n4096,working_off_best_on,20000,0,0,0,0,1140,129312
alloc,0,adaptive16,dense_n4096,reprice,20000,0,0,0,0,6631,1361816
alloc,0,adaptive16,4096books_4prices,hit,20000,0,0,0,0,0,0
alloc,0,adaptive16,insert_after4,insert,20000,0,0,0,0,0,0
alloc,0,adaptive16,insert_after8,insert,20000,0,0,0,0,0,0
alloc,0,adaptive16,insert_after16,insert,20000,0,0,0,0,120000,26880000
alloc,0,adaptive16,random_growth,insert,20000,0,0,0,0,5540,1125888
alloc,0,adaptive16,4095_pending_only,refresh_best,20000,0,0,0,0,0,0
memory,0,adaptive16,sparse_n4,resident_requested,1,0,0,0,0,0,576
memory,0,adaptive16,sparse_n8,resident_requested,1,0,0,0,0,0,576
memory,0,adaptive16,sparse_n16,resident_requested,1,0,0,0,0,0,576
memory,0,adaptive16,sparse_n4096,resident_requested,1,0,0,0,0,1362,280512
memory,0,adaptive16,dense_n4096,resident_requested,1,0,0,0,0,1362,280512
alloc,0,hash_ordered,sparse_n1,hit,20000,0,0,0,0,0,0
alloc,0,hash_ordered,sparse_n1,miss,20000,0,0,0,0,0,0
alloc,0,hash_ordered,sparse_n1,range8,20000,0,0,0,0,0,0
alloc,0,hash_ordered,sparse_n1,working_off_best_on,20000,0,0,0,0,0,0
alloc,0,hash_ordered,sparse_n1,reprice,20000,0,0,0,0,0,0
alloc,0,hash_ordered,sparse_n4,hit,20000,0,0,0,0,0,0
alloc,0,hash_ordered,sparse_n4,miss,20000,0,0,0,0,0,0
alloc,0,hash_ordered,sparse_n4,range8,20000,0,0,0,0,0,0
alloc,0,hash_ordered,sparse_n4,working_off_best_on,20000,0,0,0,0,0,0
alloc,0,hash_ordered,sparse_n4,reprice,20000,0,0,0,0,0,0
alloc,0,hash_ordered,sparse_n8,hit,20000,0,0,0,0,0,0
alloc,0,hash_ordered,sparse_n8,miss,20000,0,0,0,0,0,0
alloc,0,hash_ordered,sparse_n8,range8,20000,0,0,0,0,0,0
alloc,0,hash_ordered,sparse_n8,working_off_best_on,20000,0,0,0,0,0,0
alloc,0,hash_ordered,sparse_n8,reprice,20000,0,0,0,0,1,808
alloc,0,hash_ordered,sparse_n16,hit,20000,0,0,0,0,0,0
alloc,0,hash_ordered,sparse_n16,miss,20000,0,0,0,0,0,0
alloc,0,hash_ordered,sparse_n16,range8,20000,0,0,0,0,0,0
alloc,0,hash_ordered,sparse_n16,working_off_best_on,20000,0,0,0,0,0,0
alloc,0,hash_ordered,sparse_n16,reprice,20000,0,0,0,0,1,1608
alloc,0,hash_ordered,sparse_n64,hit,20000,0,0,0,0,0,0
alloc,0,hash_ordered,sparse_n64,miss,20000,0,0,0,0,0,0
alloc,0,hash_ordered,sparse_n64,range8,20000,0,0,0,0,0,0
alloc,0,hash_ordered,sparse_n64,working_off_best_on,20000,0,0,0,0,738,76752
alloc,0,hash_ordered,sparse_n64,reprice,20000,0,0,0,0,5440,1050784
alloc,0,hash_ordered,sparse_n4096,hit,20000,0,0,0,0,0,0
alloc,0,hash_ordered,sparse_n4096,miss,20000,0,0,0,0,0,0
alloc,0,hash_ordered,sparse_n4096,range8,20000,0,0,0,0,0,0
alloc,0,hash_ordered,sparse_n4096,working_off_best_on,20000,0,0,0,0,1140,129312
alloc,0,hash_ordered,sparse_n4096,reprice,20000,0,0,0,0,6632,1771424
alloc,0,hash_ordered,dense_n4096,hit,20000,0,0,0,0,0,0
alloc,0,hash_ordered,dense_n4096,miss,20000,0,0,0,0,0,0
alloc,0,hash_ordered,dense_n4096,range8,20000,0,0,0,0,0,0
alloc,0,hash_ordered,dense_n4096,working_off_best_on,20000,0,0,0,0,1140,129312
alloc,0,hash_ordered,dense_n4096,reprice,20000,0,0,0,0,6632,1771424
alloc,0,hash_ordered,4096books_4prices,hit,20000,0,0,0,0,0,0
alloc,0,hash_ordered,insert_after4,insert,20000,0,0,0,0,0,0
alloc,0,hash_ordered,insert_after8,insert,20000,0,0,0,0,0,0
alloc,0,hash_ordered,insert_after16,insert,20000,0,0,0,0,0,0
alloc,0,hash_ordered,random_growth,insert,20000,0,0,0,0,5554,2764300
alloc,0,hash_ordered,4095_pending_only,refresh_best,20000,0,0,0,0,0,0
memory,0,hash_ordered,sparse_n4,resident_requested,1,0,0,0,0,4,688
memory,0,hash_ordered,sparse_n8,resident_requested,1,0,0,0,0,5,888
memory,0,hash_ordered,sparse_n16,resident_requested,1,0,0,0,0,10,2248
memory,0,hash_ordered,sparse_n4096,resident_requested,1,0,0,0,0,1374,484840
memory,0,hash_ordered,dense_n4096,resident_requested,1,0,0,0,0,1374,484840
alloc,0,paged64,sparse_n1,hit,20000,0,0,0,0,0,0
alloc,0,paged64,sparse_n1,miss,20000,0,0,0,0,0,0
alloc,0,paged64,sparse_n1,range8,20000,0,0,0,0,0,0
alloc,0,paged64,sparse_n1,working_off_best_on,20000,0,0,0,0,0,0
alloc,0,paged64,sparse_n1,reprice,20000,0,0,0,0,20000,20800000
alloc,0,paged64,sparse_n4,hit,20000,0,0,0,0,0,0
alloc,0,paged64,sparse_n4,miss,20000,0,0,0,0,0,0
alloc,0,paged64,sparse_n4,range8,20000,0,0,0,0,0,0
alloc,0,paged64,sparse_n4,working_off_best_on,20000,0,0,0,0,0,0
alloc,0,paged64,sparse_n4,reprice,20000,0,0,0,0,20000,20800000
alloc,0,paged64,sparse_n8,hit,20000,0,0,0,0,0,0
alloc,0,paged64,sparse_n8,miss,20000,0,0,0,0,0,0
alloc,0,paged64,sparse_n8,range8,20000,0,0,0,0,0,0
alloc,0,paged64,sparse_n8,working_off_best_on,20000,0,0,0,0,0,0
alloc,0,paged64,sparse_n8,reprice,20000,0,0,0,0,20000,20800000
alloc,0,paged64,sparse_n16,hit,20000,0,0,0,0,0,0
alloc,0,paged64,sparse_n16,miss,20000,0,0,0,0,0,0
alloc,0,paged64,sparse_n16,range8,20000,0,0,0,0,0,0
alloc,0,paged64,sparse_n16,working_off_best_on,20000,0,0,0,0,0,0
alloc,0,paged64,sparse_n16,reprice,20000,0,0,0,0,20000,20800000
alloc,0,paged64,sparse_n64,hit,20000,0,0,0,0,0,0
alloc,0,paged64,sparse_n64,miss,20000,0,0,0,0,0,0
alloc,0,paged64,sparse_n64,range8,20000,0,0,0,0,0,0
alloc,0,paged64,sparse_n64,working_off_best_on,20000,0,0,0,0,738,76752
alloc,0,paged64,sparse_n64,reprice,20000,0,0,0,0,25439,21605016
alloc,0,paged64,sparse_n4096,hit,20000,0,0,0,0,0,0
alloc,0,paged64,sparse_n4096,miss,20000,0,0,0,0,0,0
alloc,0,paged64,sparse_n4096,range8,20000,0,0,0,0,0,0
alloc,0,paged64,sparse_n4096,working_off_best_on,20000,0,0,0,0,1140,129312
alloc,0,paged64,sparse_n4096,reprice,20000,0,0,0,0,26631,21869832
alloc,0,paged64,dense_n4096,hit,20000,0,0,0,0,0,0
alloc,0,paged64,dense_n4096,miss,20000,0,0,0,0,0,0
alloc,0,paged64,dense_n4096,range8,20000,0,0,0,0,0,0
alloc,0,paged64,dense_n4096,working_off_best_on,20000,0,0,0,0,0,0
alloc,0,paged64,dense_n4096,reprice,20000,0,0,0,0,417,342256
alloc,0,paged64,4096books_4prices,hit,20000,0,0,0,0,0,0
alloc,0,paged64,insert_after4,insert,20000,0,0,0,0,20000,20800000
alloc,0,paged64,insert_after8,insert,20000,0,0,0,0,20000,20800000
alloc,0,paged64,insert_after16,insert,20000,0,0,0,0,20000,20800000
alloc,0,paged64,random_growth,insert,20000,0,0,0,0,25540,21682128
alloc,0,paged64,4095_pending_only,refresh_best,20000,0,0,0,0,0,0
memory,0,paged64,sparse_n4,resident_requested,1,0,0,0,0,6,4504
memory,0,paged64,sparse_n8,resident_requested,1,0,0,0,0,10,8664
memory,0,paged64,sparse_n16,resident_requested,1,0,0,0,0,22,17768
memory,0,paged64,sparse_n4096,resident_requested,1,0,0,0,0,5458,4479896
memory,0,paged64,dense_n4096,resident_requested,1,0,0,0,0,84,69760
time,0,timer,baseline,timer,20000,0,42,42,84,0,0
