pass,round,backend,scenario,metric,n,p50_ns,p99_ns,p999_ns,max_ns,allocations,allocated_bytes
time,0,absl_btree,rolling_4,price_query,20000,42,51,61,12062,0,0
time,0,absl_btree,rolling_4,near_range8,20000,47,64,79,4278,0,0
time,0,absl_btree,rolling_4,index_submit,20000,84,118,175,19675,0,0
time,0,absl_btree,rolling_4,index_ack,20000,92,157,203,17277,0,0
time,0,absl_btree,rolling_4,cross_page_submit_subset,314,85,115,140,302,0,0
time,0,absl_btree,outliers_4,price_query,20000,42,60,76,12480,0,0
time,0,absl_btree,outliers_4,near_range8,20000,48,73,80,20867,0,0
time,0,absl_btree,outliers_4,index_submit,20000,84,128,187,12185,0,0
time,0,absl_btree,outliers_4,index_ack,20000,94,169,226,92479,0,0
time,0,absl_btree,outliers_4,cross_page_submit_subset,314,84,110,127,198,0,0
time,0,absl_btree,outliers_4,far_query,20000,42,53,73,13211,0,0
time,0,absl_btree,boundary_4,price_query,20000,42,58,82,24606,0,0
time,0,absl_btree,boundary_4,near_range8,20000,48,72,98,12517,0,0
time,0,absl_btree,boundary_4,index_submit,20000,84,137,245,12385,0,0
time,0,absl_btree,boundary_4,index_ack,20000,119,186,304,28654,0,0
time,0,absl_btree,boundary_4,cross_page_submit_subset,5000,84,128,211,3352,0,0
time,0,absl_btree,jump_4,price_query,20000,43,64,92,13649,0,0
time,0,absl_btree,jump_4,near_range8,20000,48,80,112,5767,0,0
time,0,absl_btree,jump_4,index_submit,20000,98,182,253,20073,0,0
time,0,absl_btree,jump_4,index_ack,20000,98,229,289,21859,0,0
time,0,absl_btree,jump_4,cross_page_submit_subset,3746,107,195,256,355,0,0
time,0,absl_btree,jump_4,jump_submit_subset,2496,111,199,266,355,0,0
time,0,absl_btree,rolling_32,price_query,20000,48,88,134,26060,0,0
time,0,absl_btree,rolling_32,near_range8,20000,63,117,195,17391,0,0
time,0,absl_btree,rolling_32,index_submit,20000,102,236,344,38622,0,0
time,0,absl_btree,rolling_32,index_ack,20000,78,239,415,16429,0,0
time,0,absl_btree,rolling_32,cross_page_submit_subset,305,98,220,269,272,0,0
time,0,absl_btree,outliers_32,price_query,20000,46,82,118,4823,0,0
time,0,absl_btree,outliers_32,near_range8,20000,61,103,155,190960,0,0
time,0,absl_btree,outliers_32,index_submit,20000,92,197,415,328677,0,0
time,0,absl_btree,outliers_32,index_ack,20000,75,196,328,37678,0,0
time,0,absl_btree,outliers_32,cross_page_submit_subset,305,95,180,207,281,0,0
time,0,absl_btree,outliers_32,far_query,20000,50,75,102,13315,0,0
time,0,absl_btree,boundary_32,price_query,20000,48,75,109,26915,0,0
time,0,absl_btree,boundary_32,near_range8,20000,60,90,118,16426,0,0
time,0,absl_btree,boundary_32,index_submit,20000,91,187,293,44662,0,0
time,0,absl_btree,boundary_32,index_ack,20000,131,233,385,13163,0,0
time,0,absl_btree,boundary_32,cross_page_submit_subset,625,89,134,171,181,0,0
time,0,absl_btree,jump_32,price_query,20000,47,83,175,42190,0,0
time,0,absl_btree,jump_32,near_range8,20000,61,108,145,14225,0,0
time,0,absl_btree,jump_32,index_submit,20000,98,226,421,32821,0,0
time,0,absl_btree,jump_32,index_ack,20000,76,269,488,55505,0,0
time,0,absl_btree,jump_32,cross_page_submit_subset,2652,138,272,466,12208,0,0
time,0,absl_btree,jump_32,jump_submit_subset,2496,140,276,466,12208,0,0
time,0,absl_btree,rolling_128,price_query,20000,52,95,154,18467,0,0
time,0,absl_btree,rolling_128,near_range8,20000,63,107,155,45879,0,0
time,0,absl_btree,rolling_128,index_submit,20000,115,209,378,32686,0,0
time,0,absl_btree,rolling_128,index_ack,20000,79,188,436,19916,0,0
time,0,absl_btree,rolling_128,cross_page_submit_subset,312,115,218,323,335,0,0
time,0,absl_btree,outliers_128,price_query,20000,52,101,157,17062,0,0
time,0,absl_btree,outliers_128,near_range8,20000,63,109,166,4360,0,0
time,0,absl_btree,outliers_128,index_submit,20000,115,224,449,34397,0,0
time,0,absl_btree,outliers_128,index_ack,20000,79,199,484,25080,0,0
time,0,absl_btree,outliers_128,cross_page_submit_subset,312,115,194,392,395,0,0
time,0,absl_btree,outliers_128,far_query,20000,54,83,160,1136596,0,0
time,0,absl_btree,boundary_128,price_query,20000,51,92,163,13114,0,0
time,0,absl_btree,boundary_128,near_range8,20000,62,108,199,23887,0,0
time,0,absl_btree,boundary_128,index_submit,20000,107,187,409,30395,0,0
time,0,absl_btree,boundary_128,index_ack,20000,141,332,583,19244,0,0
time,0,absl_btree,boundary_128,cross_page_submit_subset,313,109,172,288,290,0,0
time,0,absl_btree,jump_128,price_query,20000,57,110,196,20904,0,0
time,0,absl_btree,jump_128,near_range8,20000,64,129,249,29361,0,0
time,0,absl_btree,jump_128,index_submit,20000,119,321,3149,32585,0,0
time,0,absl_btree,jump_128,index_ack,20000,80,424,2890,134341,0,0
time,0,absl_btree,jump_128,cross_page_submit_subset,2704,189,468,637,5527,0,0
time,0,absl_btree,jump_128,jump_submit_subset,2432,193,482,637,5527,0,0
time,0,absl_btree,4096books_4near_2far,price_query,20000,137,564,788,27579,0,0
time,0,absl_btree,new_book_growth,index_insert,20000,224,3043,14198,259049,0,0
time,0,absl_btree,new_book_growth,every64_subset,313,2927,15245,25996,89543,0,0
time,0,absl_btree,cancel_rehang_4near,index_cancel,20000,65,98,134,15175,0,0
time,0,absl_btree,cancel_rehang_4near,index_new,20000,118,180,264,18401,0,0
time,0,absl_btree,cancel_rehang_4near,index_accepted,20000,88,141,277,24264,0,0
time,0,absl_btree,cancel_rehang_4near,index_canceled,20000,108,195,290,15851,0,0
time,0,absl_btree,prototype_rolling_4_2far,price_query,20000,46,58,85,48795,0,0
time,0,absl_btree,prototype_rolling_4_2far,intent_to_command,20000,100,160,288,12857,0,0
time,0,absl_btree,prototype_rolling_4_2far,intent_queued,20000,46,58,70,196,0,0
time,0,absl_btree,prototype_rolling_4_2far,replace_report,20000,142,248,399,56549,0,0
time,0,absl_btree,prototype_rolling_4_2far,ready_to_command,20000,135,238,430,117202,0,0
time,0,absl_btree,prototype_jump_4_2far,price_query,20000,46,62,96,24868,0,0
time,0,absl_btree,prototype_jump_4_2far,intent_to_command,20000,101,166,298,21161,0,0
time,0,absl_btree,prototype_jump_4_2far,intent_queued,20000,46,60,79,3300,0,0
time,0,absl_btree,prototype_jump_4_2far,replace_report,20000,141,256,441,20520,0,0
time,0,absl_btree,prototype_jump_4_2far,ready_to_command,20000,135,244,358,31365,0,0
time,0,absl_btree,prototype_rolling_32_2far,price_query,20000,57,104,140,20866,0,0
time,0,absl_btree,prototype_rolling_32_2far,intent_to_command,20000,126,203,380,19800,0,0
time,0,absl_btree,prototype_rolling_32_2far,intent_queued,20000,50,81,157,14950,0,0
time,0,absl_btree,prototype_rolling_32_2far,replace_report,20000,125,355,483,27658,0,0
time,0,absl_btree,prototype_rolling_32_2far,ready_to_command,20000,152,323,430,47706,0,0
time,0,absl_btree,prototype_jump_32_2far,price_query,20000,56,108,150,22137,0,0
time,0,absl_btree,prototype_jump_32_2far,intent_to_command,20000,111,210,378,36842,0,0
time,0,absl_btree,prototype_jump_32_2far,intent_queued,20000,46,78,125,23998,0,0
time,0,absl_btree,prototype_jump_32_2far,replace_report,20000,105,354,536,373854,0,0
time,0,absl_btree,prototype_jump_32_2far,ready_to_command,20000,134,330,472,18832,0,0
time,0,pool_pages,rolling_4,price_query,20000,46,67,98,16463,0,0
time,0,pool_pages,rolling_4,near_range8,20000,55,92,129,16705,0,0
time,0,pool_pages,rolling_4,index_submit,20000,85,178,336,18000,0,0
time,0,pool_pages,rolling_4,index_ack,20000,89,164,267,4508,0,0
time,0,pool_pages,rolling_4,cross_page_submit_subset,314,95,385,404,409,0,0
time,0,pool_pages,rolling_4,page_creation_subset,78,277,404,404,409,0,0
time,0,pool_pages,outliers_4,price_query,20000,46,64,89,16618,0,0
time,0,pool_pages,outliers_4,near_range8,20000,55,86,140,24392,0,0
time,0,pool_pages,outliers_4,index_submit,20000,85,203,390,25266,0,0
time,0,pool_pages,outliers_4,index_ack,20000,89,163,292,15803,0,0
time,0,pool_pages,outliers_4,cross_page_submit_subset,314,94,399,429,437,0,0
time,0,pool_pages,outliers_4,page_creation_subset,78,278,429,429,437,0,0
time,0,pool_pages,outliers_4,far_query,20000,48,65,94,267,0,0
time,0,pool_pages,boundary_4,price_query,20000,46,61,88,12476,0,0
time,0,pool_pages,boundary_4,near_range8,20000,58,92,124,16244,0,0
time,0,pool_pages,boundary_4,index_submit,20000,84,150,220,10453,0,0
time,0,pool_pages,boundary_4,index_ack,20000,110,194,323,18801,0,0
time,0,pool_pages,boundary_4,cross_page_submit_subset,5000,83,138,201,3911,0,0
time,0,pool_pages,jump_4,price_query,20000,46,61,85,236,0,0
time,0,pool_pages,jump_4,near_range8,20000,55,88,126,18766,0,0
time,0,pool_pages,jump_4,index_submit,20000,89,205,308,5588,0,0
time,0,pool_pages,jump_4,index_ack,20000,89,196,305,43022,0,0
time,0,pool_pages,jump_4,cross_page_submit_subset,3746,94,271,341,5588,0,0
time,0,pool_pages,jump_4,page_creation_subset,1248,175,305,365,5588,0,0
time,0,pool_pages,jump_4,jump_submit_subset,2496,143,279,341,5588,0,0
time,0,pool_pages,rolling_32,price_query,20000,46,60,88,16346,0,0
time,0,pool_pages,rolling_32,near_range8,20000,64,97,144,17603,0,0
time,0,pool_pages,rolling_32,index_submit,20000,83,137,262,3951,0,0
time,0,pool_pages,rolling_32,index_ack,20000,75,136,228,21280,0,0
time,0,pool_pages,rolling_32,cross_page_submit_subset,305,94,346,460,477,0,0
time,0,pool_pages,rolling_32,page_creation_subset,10,345,460,460,477,0,0
time,0,pool_pages,outliers_32,price_query,20000,46,60,85,11115,0,0
time,0,pool_pages,outliers_32,near_range8,20000,64,97,132,34268,0,0
time,0,pool_pages,outliers_32,index_submit,20000,84,171,337,15856,0,0
time,0,pool_pages,outliers_32,index_ack,20000,76,134,231,5228,0,0
time,0,pool_pages,outliers_32,cross_page_submit_subset,305,95,324,389,477,0,0
time,0,pool_pages,outliers_32,page_creation_subset,10,318,389,389,477,0,0
time,0,pool_pages,outliers_32,far_query,20000,48,63,93,14954,0,0
time,0,pool_pages,boundary_32,price_query,20000,50,75,162,28382,0,0
time,0,pool_pages,boundary_32,near_range8,20000,86,136,285,50072,0,0
time,0,pool_pages,boundary_32,index_submit,20000,106,186,352,21835,0,0
time,0,pool_pages,boundary_32,index_ack,20000,120,234,3043,21073,0,0
time,0,pool_pages,boundary_32,cross_page_submit_subset,625,111,210,329,3819,0,0
time,0,pool_pages,jump_32,price_query,20000,46,60,82,17685,0,0
time,0,pool_pages,jump_32,near_range8,20000,65,96,153,33326,0,0
time,0,pool_pages,jump_32,index_submit,20000,84,171,314,38203,0,0
time,0,pool_pages,jump_32,index_ack,20000,76,173,270,18694,0,0
time,0,pool_pages,jump_32,cross_page_submit_subset,2652,95,245,355,3796,0,0
time,0,pool_pages,jump_32,page_creation_subset,156,209,355,420,957,0,0
time,0,pool_pages,jump_32,jump_submit_subset,2496,95,248,355,3796,0,0
time,0,pool_pages,rolling_128,price_query,20000,46,59,76,4675,0,0
time,0,pool_pages,rolling_128,near_range8,20000,64,87,125,15053,0,0
time,0,pool_pages,rolling_128,index_submit,20000,85,129,207,19837,0,0
time,0,pool_pages,rolling_128,index_ack,20000,79,125,184,34782,0,0
time,0,pool_pages,rolling_128,cross_page_submit_subset,312,102,162,458,462,0,0
time,0,pool_pages,rolling_128,page_creation_subset,3,458,458,458,462,0,0
time,0,pool_pages,outliers_128,price_query,20000,46,60,85,19851,0,0
time,0,pool_pages,outliers_128,near_range8,20000,64,98,172,13839,0,0
time,0,pool_pages,outliers_128,index_submit,20000,85,156,340,19870,0,0
time,0,pool_pages,outliers_128,index_ack,20000,79,131,231,12404,0,0
time,0,pool_pages,outliers_128,cross_page_submit_subset,312,103,184,564,1342,0,0
time,0,pool_pages,outliers_128,page_creation_subset,3,564,564,564,1342,0,0
time,0,pool_pages,outliers_128,far_query,20000,48,63,100,28324,0,0
time,0,pool_pages,boundary_128,price_query,20000,45,58,83,16887,0,0
time,0,pool_pages,boundary_128,near_range8,20000,65,92,129,12482,0,0
time,0,pool_pages,boundary_128,index_submit,20000,82,126,198,32559,0,0
time,0,pool_pages,boundary_128,index_ack,20000,112,153,256,18882,0,0
time,0,pool_pages,boundary_128,cross_page_submit_subset,313,85,122,160,201,0,0
time,0,pool_pages,jump_128,price_query,20000,46,60,85,17231,0,0
time,0,pool_pages,jump_128,near_range8,20000,64,91,139,21728,0,0
time,0,pool_pages,jump_128,index_submit,20000,85,140,326,26681,0,0
time,0,pool_pages,jump_128,index_ack,20000,80,155,311,17652,0,0
time,0,pool_pages,jump_128,cross_page_submit_subset,2704,96,293,754,11544,0,0
time,0,pool_pages,jump_128,page_creation_subset,77,275,754,754,4680,0,0
time,0,pool_pages,jump_128,jump_submit_subset,2432,96,275,754,11544,0,0
time,0,pool_pages,4096books_4near_2far,price_query,20000,285,960,1487,29717,0,0
time,0,pool_pages,new_book_growth,index_insert,20000,346,11769,46560,375822,0,0
time,0,pool_pages,new_book_growth,page_block_growth_subset,313,12409,70364,75988,189714,0,0
time,0,pool_pages,new_book_growth,every64_subset,313,12409,70364,75988,189714,0,0
time,0,pool_pages,cancel_rehang_4near,index_cancel,20000,64,134,310,40245,0,0
time,0,pool_pages,cancel_rehang_4near,index_new,20000,177,252,457,110990,0,0
time,0,pool_pages,cancel_rehang_4near,index_accepted,20000,92,226,421,26163,0,0
time,0,pool_pages,cancel_rehang_4near,index_canceled,20000,105,215,339,131917,0,0
time,0,pool_pages,prototype_rolling_4_2far,price_query,20000,53,62,80,15229,0,0
time,0,pool_pages,prototype_rolling_4_2far,intent_to_command,20000,99,138,211,23257,0,0
time,0,pool_pages,prototype_rolling_4_2far,intent_queued,20000,46,55,77,18446,0,0
time,0,pool_pages,prototype_rolling_4_2far,replace_report,20000,108,200,284,12178,0,0
time,0,pool_pages,prototype_rolling_4_2far,ready_to_command,20000,119,286,390,18703,0,0
time,0,pool_pages,prototype_jump_4_2far,price_query,20000,53,68,101,19137,0,0
time,0,pool_pages,prototype_jump_4_2far,intent_to_command,20000,100,234,355,1016620,0,0
time,0,pool_pages,prototype_jump_4_2far,intent_queued,20000,46,60,82,18822,0,0
time,0,pool_pages,prototype_jump_4_2far,replace_report,20000,108,238,686,43939,0,0
time,0,pool_pages,prototype_jump_4_2far,ready_to_command,20000,120,285,408,872876,0,0
time,0,pool_pages,prototype_rolling_32_2far,price_query,20000,54,77,108,16594,0,0
time,0,pool_pages,prototype_rolling_32_2far,intent_to_command,20000,100,168,252,87598,0,0
time,0,pool_pages,prototype_rolling_32_2far,intent_queued,20000,46,69,92,16630,0,0
time,0,pool_pages,prototype_rolling_32_2far,replace_report,20000,95,204,375,20982,0,0
time,0,pool_pages,prototype_rolling_32_2far,ready_to_command,20000,111,231,417,11613,0,0
time,0,pool_pages,prototype_jump_32_2far,price_query,20000,54,79,118,114110,0,0
time,0,pool_pages,prototype_jump_32_2far,intent_to_command,20000,100,180,405,91739,0,0
time,0,pool_pages,prototype_jump_32_2far,intent_queued,20000,46,65,89,12854,0,0
time,0,pool_pages,prototype_jump_32_2far,replace_report,20000,96,224,381,17690,0,0
time,0,pool_pages,prototype_jump_32_2far,ready_to_command,20000,112,243,402,192344,0,0
time,0,sorted_deque,rolling_4,price_query,20000,54,78,99,15187,0,0
time,0,sorted_deque,rolling_4,near_range8,20000,58,79,97,26071,0,0
time,0,sorted_deque,rolling_4,index_submit,20000,140,204,268,29749,0,0
time,0,sorted_deque,rolling_4,index_ack,20000,137,176,206,17561,0,0
time,0,sorted_deque,rolling_4,cross_page_submit_subset,314,141,207,214,333,0,0
time,0,sorted_deque,outliers_4,price_query,20000,51,69,92,6278,0,0
time,0,sorted_deque,outliers_4,near_range8,20000,54,74,98,28228,0,0
time,0,sorted_deque,outliers_4,index_submit,20000,127,301,526,40260,0,0
time,0,sorted_deque,outliers_4,index_ack,20000,118,175,279,35976,0,0
time,0,sorted_deque,outliers_4,cross_page_submit_subset,314,123,185,260,291,0,0
time,0,sorted_deque,outliers_4,far_query,20000,50,68,83,21281,0,0
time,0,sorted_deque,boundary_4,price_query,20000,50,71,90,6591,0,0
time,0,sorted_deque,boundary_4,near_range8,20000,54,78,103,24289,0,0
time,0,sorted_deque,boundary_4,index_submit,20000,123,171,306,49229,0,0
time,0,sorted_deque,boundary_4,index_ack,20000,135,188,320,25157,0,0
time,0,sorted_deque,boundary_4,cross_page_submit_subset,5000,120,187,255,878,0,0
time,0,sorted_deque,jump_4,price_query,20000,52,75,92,466,0,0
time,0,sorted_deque,jump_4,near_range8,20000,55,78,98,23238,0,0
time,0,sorted_deque,jump_4,index_submit,20000,125,195,307,30404,0,0
time,0,sorted_deque,jump_4,index_ack,20000,119,178,282,46659,0,0
time,0,sorted_deque,jump_4,cross_page_submit_subset,3746,141,230,367,30404,0,0
time,0,sorted_deque,jump_4,jump_submit_subset,2496,149,240,429,30404,0,0
time,0,sorted_deque,rolling_32,price_query,20000,56,85,119,19568,0,0
time,0,sorted_deque,rolling_32,near_range8,20000,73,98,176,24634,0,0
time,0,sorted_deque,rolling_32,index_submit,20000,126,306,575,25447,0,0
time,0,sorted_deque,rolling_32,index_ack,20000,108,289,595,38764,0,0
time,0,sorted_deque,rolling_32,cross_page_submit_subset,305,126,293,444,467,0,0
time,0,sorted_deque,outliers_32,price_query,20000,57,87,204,16198,0,0
time,0,sorted_deque,outliers_32,near_range8,20000,71,103,213,22909,0,0
time,0,sorted_deque,outliers_32,index_submit,20000,127,292,3656,22614,0,0
time,0,sorted_deque,outliers_32,index_ack,20000,108,233,358,33761,0,0
time,0,sorted_deque,outliers_32,cross_page_submit_subset,305,126,284,3990,6003,0,0
time,0,sorted_deque,outliers_32,far_query,20000,55,79,327,34735,0,0
time,0,sorted_deque,boundary_32,price_query,20000,51,86,275,31908,0,0
time,0,sorted_deque,boundary_32,near_range8,20000,63,122,365,28907,0,0
time,0,sorted_deque,boundary_32,index_submit,20000,129,604,847,79424,0,0
time,0,sorted_deque,boundary_32,index_ack,20000,149,607,835,114597,0,0
time,0,sorted_deque,boundary_32,cross_page_submit_subset,625,127,480,595,611,0,0
time,0,sorted_deque,jump_32,price_query,20000,48,69,98,12143,0,0
time,0,sorted_deque,jump_32,near_range8,20000,56,86,116,39341,0,0
time,0,sorted_deque,jump_32,index_submit,20000,91,163,263,15862,0,0
time,0,sorted_deque,jump_32,index_ack,20000,75,160,254,17268,0,0
time,0,sorted_deque,jump_32,cross_page_submit_subset,2652,109,216,302,4151,0,0
time,0,sorted_deque,jump_32,jump_submit_subset,2496,110,220,302,4151,0,0
time,0,sorted_deque,rolling_128,price_query,20000,51,94,143,17229,0,0
time,0,sorted_deque,rolling_128,near_range8,20000,58,92,130,12004,0,0
time,0,sorted_deque,rolling_128,index_submit,20000,98,166,295,92898,0,0
time,0,sorted_deque,rolling_128,index_ack,20000,79,129,220,250123,0,0
time,0,sorted_deque,rolling_128,cross_page_submit_subset,312,100,170,188,188,0,0
time,0,sorted_deque,outliers_128,price_query,20000,51,100,2746,147052,0,0
time,0,sorted_deque,outliers_128,near_range8,20000,56,93,2600,23852,0,0
time,0,sorted_deque,outliers_128,index_submit,20000,103,245,2990,199222,0,0
time,0,sorted_deque,outliers_128,index_ack,20000,79,141,3094,106101,0,0
time,0,sorted_deque,outliers_128,cross_page_submit_subset,312,103,203,234,242,0,0
time,0,sorted_deque,outliers_128,far_query,20000,49,78,430,31270,0,0
time,0,sorted_deque,boundary_128,price_query,20000,52,93,131,308,0,0
time,0,sorted_deque,boundary_128,near_range8,20000,57,94,134,16763,0,0
time,0,sorted_deque,boundary_128,index_submit,20000,110,174,292,35522,0,0
time,0,sorted_deque,boundary_128,index_ack,20000,120,206,404,24403,0,0
time,0,sorted_deque,boundary_128,cross_page_submit_subset,313,112,178,271,354,0,0
time,0,sorted_deque,jump_128,price_query,20000,51,92,146,20592,0,0
time,0,sorted_deque,jump_128,near_range8,20000,57,94,159,34943,0,0
time,0,sorted_deque,jump_128,index_submit,20000,103,226,350,69719,0,0
time,0,sorted_deque,jump_128,index_ack,20000,79,232,341,17538,0,0
time,0,sorted_deque,jump_128,cross_page_submit_subset,2704,122,275,1624,3594,0,0
time,0,sorted_deque,jump_128,jump_submit_subset,2432,133,277,1624,3594,0,0
time,0,sorted_deque,4096books_4near_2far,price_query,20000,138,438,765,29976,0,0
time,0,sorted_deque,new_book_growth,index_insert,20000,251,4141,9672,534960,0,0
time,0,sorted_deque,new_book_growth,every64_subset,313,4251,9930,23453,25406,0,0
time,0,sorted_deque,cancel_rehang_4near,index_cancel,20000,64,91,155,6789,0,0
time,0,sorted_deque,cancel_rehang_4near,index_new,20000,109,148,3001,40047,0,0
time,0,sorted_deque,cancel_rehang_4near,index_accepted,20000,82,111,259,12609,0,0
time,0,sorted_deque,cancel_rehang_4near,index_canceled,20000,81,117,268,14418,0,0
time,0,sorted_deque,prototype_rolling_4_2far,price_query,20000,47,59,96,17248,0,0
time,0,sorted_deque,prototype_rolling_4_2far,intent_to_command,20000,101,161,287,28253,0,0
time,0,sorted_deque,prototype_rolling_4_2far,intent_queued,20000,46,60,86,161733,0,0
time,0,sorted_deque,prototype_rolling_4_2far,replace_report,20000,114,196,483,58659,0,0
time,0,sorted_deque,prototype_rolling_4_2far,ready_to_command,20000,126,231,562,35260,0,0
time,0,sorted_deque,prototype_jump_4_2far,price_query,20000,47,61,93,46372,0,0
time,0,sorted_deque,prototype_jump_4_2far,intent_to_command,20000,101,165,295,215444,0,0
time,0,sorted_deque,prototype_jump_4_2far,intent_queued,20000,46,60,83,119387,0,0
time,0,sorted_deque,prototype_jump_4_2far,replace_report,20000,114,194,409,20685,0,0
time,0,sorted_deque,prototype_jump_4_2far,ready_to_command,20000,126,223,329,13993,0,0
time,0,sorted_deque,prototype_rolling_32_2far,price_query,20000,53,92,189,17007,0,0
time,0,sorted_deque,prototype_rolling_32_2far,intent_to_command,20000,107,196,334,13867,0,0
time,0,sorted_deque,prototype_rolling_32_2far,intent_queued,20000,46,75,143,25964,0,0
time,0,sorted_deque,prototype_rolling_32_2far,replace_report,20000,95,216,387,30425,0,0
time,0,sorted_deque,prototype_rolling_32_2far,ready_to_command,20000,120,256,405,18274,0,0
time,0,sorted_deque,prototype_jump_32_2far,price_query,20000,53,95,142,20805,0,0
time,0,sorted_deque,prototype_jump_32_2far,intent_to_command,20000,107,190,363,131889,0,0
time,0,sorted_deque,prototype_jump_32_2far,intent_queued,20000,46,71,115,41675,0,0
time,0,sorted_deque,prototype_jump_32_2far,replace_report,20000,95,211,374,19539,0,0
time,0,sorted_deque,prototype_jump_32_2far,ready_to_command,20000,121,260,395,117482,0,0
time,0,sorted_deque_soa,rolling_4,price_query,20000,51,68,214,14821,0,0
time,0,sorted_deque_soa,rolling_4,near_range8,20000,53,74,201,17655,0,0
time,0,sorted_deque_soa,rolling_4,index_submit,20000,100,192,356,23238,0,0
time,0,sorted_deque_soa,rolling_4,index_ack,20000,96,154,376,21981,0,0
time,0,sorted_deque_soa,rolling_4,cross_page_submit_subset,314,101,194,225,265,0,0
time,0,sorted_deque_soa,outliers_4,price_query,20000,51,64,2636,41612,0,0
time,0,sorted_deque_soa,outliers_4,near_range8,20000,53,68,2695,14125,0,0
time,0,sorted_deque_soa,outliers_4,index_submit,20000,94,211,2897,17671,0,0
time,0,sorted_deque_soa,outliers_4,index_ack,20000,97,158,2881,24772,0,0
time,0,sorted_deque_soa,outliers_4,cross_page_submit_subset,314,94,169,233,2897,0,0
time,0,sorted_deque_soa,outliers_4,far_query,20000,51,63,2668,10847,0,0
time,0,sorted_deque_soa,boundary_4,price_query,20000,51,62,95,15092,0,0
time,0,sorted_deque_soa,boundary_4,near_range8,20000,53,67,140,24444,0,0
time,0,sorted_deque_soa,boundary_4,index_submit,20000,92,146,205,20243,0,0
time,0,sorted_deque_soa,boundary_4,index_ack,20000,117,164,249,15878,0,0
time,0,sorted_deque_soa,boundary_4,cross_page_submit_subset,5000,92,136,177,306,0,0
time,0,sorted_deque_soa,jump_4,price_query,20000,51,62,86,13406,0,0
time,0,sorted_deque_soa,jump_4,near_range8,20000,53,65,97,3908,0,0
time,0,sorted_deque_soa,jump_4,index_submit,20000,99,154,274,17481,0,0
time,0,sorted_deque_soa,jump_4,index_ack,20000,96,144,242,24318,0,0
time,0,sorted_deque_soa,jump_4,cross_page_submit_subset,3746,105,184,290,17341,0,0
time,0,sorted_deque_soa,jump_4,jump_submit_subset,2496,109,208,318,17341,0,0
time,0,sorted_deque_soa,rolling_32,price_query,20000,65,81,109,19957,0,0
time,0,sorted_deque_soa,rolling_32,near_range8,20000,73,97,125,31614,0,0
time,0,sorted_deque_soa,rolling_32,index_submit,20000,106,167,300,1695607,0,0
time,0,sorted_deque_soa,rolling_32,index_ack,20000,75,139,196,21277,0,0
time,0,sorted_deque_soa,rolling_32,cross_page_submit_subset,305,107,185,204,225,0,0
time,0,sorted_deque_soa,outliers_32,price_query,20000,66,96,140,27397,0,0
time,0,sorted_deque_soa,outliers_32,near_range8,20000,74,120,231,49106,0,0
time,0,sorted_deque_soa,outliers_32,index_submit,20000,108,268,423,17011,0,0
time,0,sorted_deque_soa,outliers_32,index_ack,20000,75,174,281,60353,0,0
time,0,sorted_deque_soa,outliers_32,cross_page_submit_subset,305,108,290,402,5271,0,0
time,0,sorted_deque_soa,outliers_32,far_query,20000,65,95,156,31255,0,0
time,0,sorted_deque_soa,boundary_32,price_query,20000,65,80,117,19751,0,0
time,0,sorted_deque_soa,boundary_32,near_range8,20000,73,97,127,13640,0,0
time,0,sorted_deque_soa,boundary_32,index_submit,20000,106,165,260,20209,0,0
time,0,sorted_deque_soa,boundary_32,index_ack,20000,145,192,273,30585,0,0
time,0,sorted_deque_soa,boundary_32,cross_page_submit_subset,625,106,164,198,532,0,0
time,0,sorted_deque_soa,jump_32,price_query,20000,66,108,156,17444,0,0
time,0,sorted_deque_soa,jump_32,near_range8,20000,73,134,218,25886,0,0
time,0,sorted_deque_soa,jump_32,index_submit,20000,107,264,423,19759,0,0
time,0,sorted_deque_soa,jump_32,index_ack,20000,76,237,344,51688,0,0
time,0,sorted_deque_soa,jump_32,cross_page_submit_subset,2652,182,355,543,19759,0,0
time,0,sorted_deque_soa,jump_32,jump_submit_subset,2496,184,357,543,19759,0,0
time,0,sorted_deque_soa,rolling_128,price_query,20000,51,93,132,16873,0,0
time,0,sorted_deque_soa,rolling_128,near_range8,20000,54,89,127,40146,0,0
time,0,sorted_deque_soa,rolling_128,index_submit,20000,118,196,320,18024,0,0
time,0,sorted_deque_soa,rolling_128,index_ack,20000,79,135,201,13733,0,0
time,0,sorted_deque_soa,rolling_128,cross_page_submit_subset,312,119,182,191,280,0,0
time,0,sorted_deque_soa,outliers_128,price_query,20000,50,103,2810,25510,0,0
time,0,sorted_deque_soa,outliers_128,near_range8,20000,56,110,2872,26537,0,0
time,0,sorted_deque_soa,outliers_128,index_submit,20000,98,324,3671,27654,0,0
time,0,sorted_deque_soa,outliers_128,index_ack,20000,78,170,3318,36315,0,0
time,0,sorted_deque_soa,outliers_128,cross_page_submit_subset,312,98,272,420,2849,0,0
time,0,sorted_deque_soa,outliers_128,far_query,20000,50,71,2737,8394,0,0
time,0,sorted_deque_soa,boundary_128,price_query,20000,68,101,129,14100,0,0
time,0,sorted_deque_soa,boundary_128,near_range8,20000,54,80,110,12663,0,0
time,0,sorted_deque_soa,boundary_128,index_submit,20000,114,172,279,166434,0,0
time,0,sorted_deque_soa,boundary_128,index_ack,20000,119,199,264,36271,0,0
time,0,sorted_deque_soa,boundary_128,cross_page_submit_subset,313,121,192,226,282,0,0
time,0,sorted_deque_soa,jump_128,price_query,20000,68,115,164,21228,0,0
time,0,sorted_deque_soa,jump_128,near_range8,20000,71,134,188,46378,0,0
time,0,sorted_deque_soa,jump_128,index_submit,20000,151,337,564,38404,0,0
time,0,sorted_deque_soa,jump_128,index_ack,20000,106,314,486,35018,0,0
time,0,sorted_deque_soa,jump_128,cross_page_submit_subset,2704,182,417,2893,38404,0,0
time,0,sorted_deque_soa,jump_128,jump_submit_subset,2432,192,423,2893,38404,0,0
time,0,sorted_deque_soa,4096books_4near_2far,price_query,20000,247,675,1119,46289,0,0
time,0,sorted_deque_soa,new_book_growth,index_insert,20000,257,3661,7051,942427,0,0
time,0,sorted_deque_soa,new_book_growth,every64_subset,313,3997,6919,10425,15018,0,0
time,0,sorted_deque_soa,cancel_rehang_4near,index_cancel,20000,64,99,2756,12791,0,0
time,0,sorted_deque_soa,cancel_rehang_4near,index_new,20000,109,207,3057,13692,0,0
time,0,sorted_deque_soa,cancel_rehang_4near,index_accepted,20000,90,162,2883,23292,0,0
time,0,sorted_deque_soa,cancel_rehang_4near,index_canceled,20000,85,150,3185,47402,0,0
time,0,sorted_deque_soa,prototype_rolling_4_2far,price_query,20000,56,59,70,12623,0,0
time,0,sorted_deque_soa,prototype_rolling_4_2far,intent_to_command,20000,108,134,153,16337,0,0
time,0,sorted_deque_soa,prototype_rolling_4_2far,intent_queued,20000,46,48,62,3167,0,0
time,0,sorted_deque_soa,prototype_rolling_4_2far,replace_report,20000,119,132,287,23198,0,0
time,0,sorted_deque_soa,prototype_rolling_4_2far,ready_to_command,20000,134,163,247,27110,0,0
time,0,sorted_deque_soa,prototype_jump_4_2far,price_query,20000,56,63,73,3836,0,0
time,0,sorted_deque_soa,prototype_jump_4_2far,intent_to_command,20000,108,171,242,13602,0,0
time,0,sorted_deque_soa,prototype_jump_4_2far,intent_queued,20000,46,58,65,14055,0,0
time,0,sorted_deque_soa,prototype_jump_4_2far,replace_report,20000,119,189,305,20734,0,0
time,0,sorted_deque_soa,prototype_jump_4_2far,ready_to_command,20000,134,200,288,20182,0,0
time,0,sorted_deque_soa,prototype_rolling_32_2far,price_query,20000,69,83,2745,5980,0,0
time,0,sorted_deque_soa,prototype_rolling_32_2far,intent_to_command,20000,121,179,2993,25647,0,0
time,0,sorted_deque_soa,prototype_rolling_32_2far,intent_queued,20000,46,65,2709,17384,0,0
time,0,sorted_deque_soa,prototype_rolling_32_2far,replace_report,20000,94,236,3039,19750,0,0
time,0,sorted_deque_soa,prototype_rolling_32_2far,ready_to_command,20000,132,281,3126,12657,0,0
time,0,sorted_deque_soa,prototype_jump_32_2far,price_query,20000,70,108,2738,13567,0,0
time,0,sorted_deque_soa,prototype_jump_32_2far,intent_to_command,20000,123,236,3074,48782,0,0
time,0,sorted_deque_soa,prototype_jump_32_2far,intent_queued,20000,46,77,2661,18159,0,0
time,0,sorted_deque_soa,prototype_jump_32_2far,replace_report,20000,104,309,3112,27028,0,0
time,0,sorted_deque_soa,prototype_jump_32_2far,ready_to_command,20000,144,365,3188,46409,0,0
time,0,linear_prices,rolling_4,price_query,20000,41,56,81,16037,0,0
time,0,linear_prices,rolling_4,near_range8,20000,56,98,178,13568,0,0
time,0,linear_prices,rolling_4,index_submit,20000,75,128,182,20983,0,0
time,0,linear_prices,rolling_4,index_ack,20000,89,134,180,25591,0,0
time,0,linear_prices,rolling_4,cross_page_submit_subset,314,75,146,253,260,0,0
time,0,linear_prices,outliers_4,price_query,20000,41,58,93,4535,0,0
time,0,linear_prices,outliers_4,near_range8,20000,59,124,353,928218,0,0
time,0,linear_prices,outliers_4,index_submit,20000,76,171,386,22837,0,0
time,0,linear_prices,outliers_4,index_ack,20000,88,144,233,15441,0,0
time,0,linear_prices,outliers_4,cross_page_submit_subset,314,75,122,153,196,0,0
time,0,linear_prices,outliers_4,far_query,20000,41,54,81,63093,0,0
time,0,linear_prices,boundary_4,price_query,20000,41,57,2590,3422,0,0
time,0,linear_prices,boundary_4,near_range8,20000,64,116,2813,12668,0,0
time,0,linear_prices,boundary_4,index_submit,20000,76,150,2861,20543,0,0
time,0,linear_prices,boundary_4,index_ack,20000,102,166,3043,43801,0,0
time,0,linear_prices,boundary_4,cross_page_submit_subset,5000,75,141,2805,3676,0,0
time,0,linear_prices,jump_4,price_query,20000,41,52,72,193,0,0
time,0,linear_prices,jump_4,near_range8,20000,57,103,207,15445,0,0
time,0,linear_prices,jump_4,index_submit,20000,76,128,252,29496,0,0
time,0,linear_prices,jump_4,index_ack,20000,90,134,197,53845,0,0
time,0,linear_prices,jump_4,cross_page_submit_subset,3746,86,145,220,3913,0,0
time,0,linear_prices,jump_4,jump_submit_subset,2496,87,146,214,3913,0,0
time,0,linear_prices,rolling_32,price_query,20000,53,81,116,14429,0,0
time,0,linear_prices,rolling_32,near_range8,20000,350,699,3691,31080,0,0
time,0,linear_prices,rolling_32,index_submit,20000,94,168,305,131862,0,0
time,0,linear_prices,rolling_32,index_ack,20000,75,189,292,142451,0,0
time,0,linear_prices,rolling_32,cross_page_submit_subset,305,89,143,194,302,0,0
time,0,linear_prices,outliers_32,price_query,20000,51,81,104,210715,0,0
time,0,linear_prices,outliers_32,near_range8,20000,356,674,1116,276031,0,0
time,0,linear_prices,outliers_32,index_submit,20000,94,200,402,30959,0,0
time,0,linear_prices,outliers_32,index_ack,20000,75,191,299,21281,0,0
time,0,linear_prices,outliers_32,cross_page_submit_subset,305,85,154,176,196,0,0
time,0,linear_prices,outliers_32,far_query,20000,58,74,110,367,0,0
time,0,linear_prices,boundary_32,price_query,20000,48,74,100,13293,0,0
time,0,linear_prices,boundary_32,near_range8,20000,349,623,3641,418858,0,0
time,0,linear_prices,boundary_32,index_submit,20000,91,181,346,14838,0,0
time,0,linear_prices,boundary_32,index_ack,20000,106,190,381,31160,0,0
time,0,linear_prices,boundary_32,cross_page_submit_subset,625,84,146,212,216,0,0
time,0,linear_prices,jump_32,price_query,20000,56,96,158,13850,0,0
time,0,linear_prices,jump_32,near_range8,20000,357,836,3894,28912,0,0
time,0,linear_prices,jump_32,index_submit,20000,95,236,379,22065,0,0
time,0,linear_prices,jump_32,index_ack,20000,76,321,455,38000,0,0
time,0,linear_prices,jump_32,cross_page_submit_subset,2652,135,277,358,16562,0,0
time,0,linear_prices,jump_32,jump_submit_subset,2496,137,277,358,16562,0,0
time,0,linear_prices,rolling_128,price_query,20000,74,139,173,15932,0,0
time,0,linear_prices,rolling_128,near_range8,20000,1275,2138,16650,36703,0,0
time,0,linear_prices,rolling_128,index_submit,20000,119,257,371,20397,0,0
time,0,linear_prices,rolling_128,index_ack,20000,78,193,478,18791,0,0
time,0,linear_prices,rolling_128,cross_page_submit_subset,312,107,224,272,303,0,0
time,0,linear_prices,outliers_128,price_query,20000,74,147,223,33225,0,0
time,0,linear_prices,outliers_128,near_range8,20000,1289,2369,15408,109301,0,0
time,0,linear_prices,outliers_128,index_submit,20000,121,281,482,30342,0,0
time,0,linear_prices,outliers_128,index_ack,20000,78,205,545,78934,0,0
time,0,linear_prices,outliers_128,cross_page_submit_subset,312,108,235,250,302,0,0
time,0,linear_prices,outliers_128,far_query,20000,87,153,369,17887,0,0
time,0,linear_prices,boundary_128,price_query,20000,75,144,192,25111,0,0
time,0,linear_prices,boundary_128,near_range8,20000,1287,2185,16360,47098,0,0
time,0,linear_prices,boundary_128,index_submit,20000,120,259,383,21693,0,0
time,0,linear_prices,boundary_128,index_ack,20000,115,326,482,12550,0,0
time,0,linear_prices,boundary_128,cross_page_submit_subset,313,110,214,220,224,0,0
time,0,linear_prices,jump_128,price_query,20000,79,154,209,19517,0,0
time,0,linear_prices,jump_128,near_range8,20000,1289,2291,17842,541977,0,0
time,0,linear_prices,jump_128,index_submit,20000,123,346,625,132703,0,0
time,0,linear_prices,jump_128,index_ack,20000,79,580,825,228764,0,0
time,0,linear_prices,jump_128,cross_page_submit_subset,2704,262,489,3327,35872,0,0
time,0,linear_prices,jump_128,jump_submit_subset,2432,266,495,3327,35872,0,0
time,0,linear_prices,4096books_4near_2far,price_query,20000,117,425,642,44386,0,0
time,0,linear_prices,new_book_growth,index_insert,20000,194,2322,6417,339496,0,0
time,0,linear_prices,new_book_growth,every64_subset,313,2358,6611,14184,36414,0,0
time,0,linear_prices,cancel_rehang_4near,index_cancel,20000,64,84,119,474675,0,0
time,0,linear_prices,cancel_rehang_4near,index_new,20000,107,131,177,62789,0,0
time,0,linear_prices,cancel_rehang_4near,index_accepted,20000,92,118,174,23265,0,0
time,0,linear_prices,cancel_rehang_4near,index_canceled,20000,90,116,160,25157,0,0
time,0,linear_prices,prototype_rolling_4_2far,price_query,20000,54,68,97,19588,0,0
time,0,linear_prices,prototype_rolling_4_2far,intent_to_command,20000,91,143,233,81607,0,0
time,0,linear_prices,prototype_rolling_4_2far,intent_queued,20000,46,55,77,13112,0,0
time,0,linear_prices,prototype_rolling_4_2far,replace_report,20000,122,182,336,139217,0,0
time,0,linear_prices,prototype_rolling_4_2far,ready_to_command,20000,113,186,300,208605,0,0
time,0,linear_prices,prototype_jump_4_2far,price_query,20000,54,76,113,4303,0,0
time,0,linear_prices,prototype_jump_4_2far,intent_to_command,20000,91,164,394,40716,0,0
time,0,linear_prices,prototype_jump_4_2far,intent_queued,20000,46,62,92,20558,0,0
time,0,linear_prices,prototype_jump_4_2far,replace_report,20000,122,211,402,98740,0,0
time,0,linear_prices,prototype_jump_4_2far,ready_to_command,20000,113,211,408,17921,0,0
time,0,linear_prices,prototype_rolling_32_2far,price_query,20000,59,87,154,12373,0,0
time,0,linear_prices,prototype_rolling_32_2far,intent_to_command,20000,98,183,2523,21073,0,0
time,0,linear_prices,prototype_rolling_32_2far,intent_queued,20000,46,65,95,3640,0,0
time,0,linear_prices,prototype_rolling_32_2far,replace_report,20000,95,236,2579,24800,0,0
time,0,linear_prices,prototype_rolling_32_2far,ready_to_command,20000,119,236,2584,20764,0,0
time,0,linear_prices,prototype_jump_32_2far,price_query,20000,60,98,191,29291,0,0
time,0,linear_prices,prototype_jump_32_2far,intent_to_command,20000,101,185,2533,65827,0,0
time,0,linear_prices,prototype_jump_32_2far,intent_queued,20000,46,65,93,25935,0,0
time,0,linear_prices,prototype_jump_32_2far,replace_report,20000,95,251,2569,16444,0,0
time,0,linear_prices,prototype_jump_32_2far,ready_to_command,20000,121,244,2604,17705,0,0
time,0,adaptive,rolling_4,price_query,20000,44,58,81,4305,0,0
time,0,adaptive,rolling_4,near_range8,20000,48,68,83,2875,0,0
time,0,adaptive,rolling_4,index_submit,20000,80,131,241,30965,0,0
time,0,adaptive,rolling_4,index_ack,20000,81,118,193,12883,0,0
time,0,adaptive,rolling_4,cross_page_submit_subset,314,80,135,184,188,0,0
time,0,adaptive,outliers_4,price_query,20000,44,60,83,3826,0,0
time,0,adaptive,outliers_4,near_range8,20000,48,70,108,14214,0,0
time,0,adaptive,outliers_4,index_submit,20000,80,175,2363,19806,0,0
time,0,adaptive,outliers_4,index_ack,20000,82,124,217,14002,0,0
time,0,adaptive,outliers_4,cross_page_submit_subset,314,80,147,2331,2407,0,0
time,0,adaptive,outliers_4,far_query,20000,44,59,92,3762,0,0
time,0,adaptive,boundary_4,price_query,20000,44,55,92,11910,0,0
time,0,adaptive,boundary_4,near_range8,20000,48,60,86,11669,0,0
time,0,adaptive,boundary_4,index_submit,20000,80,115,182,20018,0,0
time,0,adaptive,boundary_4,index_ack,20000,98,129,232,14464,0,0
time,0,adaptive,boundary_4,cross_page_submit_subset,5000,79,102,149,2215,0,0
time,0,adaptive,jump_4,price_query,20000,44,59,78,12392,0,0
time,0,adaptive,jump_4,near_range8,20000,48,62,89,12116,0,0
time,0,adaptive,jump_4,index_submit,20000,82,130,330,12648,0,0
time,0,adaptive,jump_4,index_ack,20000,82,117,226,15235,0,0
time,0,adaptive,jump_4,cross_page_submit_subset,3746,91,144,227,12648,0,0
time,0,adaptive,jump_4,jump_submit_subset,2496,94,149,227,12648,0,0
time,0,adaptive,rolling_32,price_query,20000,49,83,147,379298,0,0
time,0,adaptive,rolling_32,near_range8,20000,64,95,145,12983,0,0
time,0,adaptive,rolling_32,index_submit,20000,85,158,2499,285282,0,0
time,0,adaptive,rolling_32,index_ack,20000,76,132,2329,42249,0,0
time,0,adaptive,rolling_32,cross_page_submit_subset,305,87,153,183,2693,0,0
time,0,adaptive,outliers_32,price_query,20000,51,83,119,120904,0,0
time,0,adaptive,outliers_32,near_range8,20000,65,94,169,18060,0,0
time,0,adaptive,outliers_32,index_submit,20000,95,193,399,34309,0,0
time,0,adaptive,outliers_32,index_ack,20000,78,144,219,119129,0,0
time,0,adaptive,outliers_32,cross_page_submit_subset,305,89,212,255,256,0,0
time,0,adaptive,outliers_32,far_query,20000,51,65,88,30193,0,0
time,0,adaptive,boundary_32,price_query,20000,57,82,121,31414,0,0
time,0,adaptive,boundary_32,near_range8,20000,79,96,152,26750,0,0
time,0,adaptive,boundary_32,index_submit,20000,110,160,265,20114,0,0
time,0,adaptive,boundary_32,index_ack,20000,138,175,278,36879,0,0
time,0,adaptive,boundary_32,cross_page_submit_subset,625,115,156,227,3817,0,0
time,0,adaptive,jump_32,price_query,20000,57,85,112,4046,0,0
time,0,adaptive,jump_32,near_range8,20000,78,106,171,22661,0,0
time,0,adaptive,jump_32,index_submit,20000,111,188,297,29519,0,0
time,0,adaptive,jump_32,index_ack,20000,100,197,300,28089,0,0
time,0,adaptive,jump_32,cross_page_submit_subset,2652,147,254,922,16302,0,0
time,0,adaptive,jump_32,jump_submit_subset,2496,148,256,922,16302,0,0
time,0,adaptive,rolling_128,price_query,20000,60,102,128,24789,0,0
time,0,adaptive,rolling_128,near_range8,20000,80,95,130,15608,0,0
time,0,adaptive,rolling_128,index_submit,20000,126,183,271,25456,0,0
time,0,adaptive,rolling_128,index_ack,20000,101,149,193,16161,0,0
time,0,adaptive,rolling_128,cross_page_submit_subset,312,130,182,187,213,0,0
time,0,adaptive,outliers_128,price_query,20000,59,102,128,19195,0,0
time,0,adaptive,outliers_128,near_range8,20000,78,100,145,23700,0,0
time,0,adaptive,outliers_128,index_submit,20000,122,202,346,15815,0,0
time,0,adaptive,outliers_128,index_ack,20000,100,147,203,22721,0,0
time,0,adaptive,outliers_128,cross_page_submit_subset,312,125,190,236,261,0,0
time,0,adaptive,outliers_128,far_query,20000,59,71,98,5643,0,0
time,0,adaptive,boundary_128,price_query,20000,59,110,255,30016,0,0
time,0,adaptive,boundary_128,near_range8,20000,67,122,187,29648,0,0
time,0,adaptive,boundary_128,index_submit,20000,116,210,381,21000,0,0
time,0,adaptive,boundary_128,index_ack,20000,122,242,431,28133,0,0
time,0,adaptive,boundary_128,cross_page_submit_subset,313,131,213,231,3324,0,0
time,0,adaptive,jump_128,price_query,20000,60,105,200,25821,0,0
time,0,adaptive,jump_128,near_range8,20000,78,123,231,25157,0,0
time,0,adaptive,jump_128,index_submit,20000,124,282,602,31849,0,0
time,0,adaptive,jump_128,index_ack,20000,101,293,442,24139,0,0
time,0,adaptive,jump_128,cross_page_submit_subset,2704,155,342,1461,4925,0,0
time,0,adaptive,jump_128,jump_submit_subset,2432,160,342,602,2404,0,0
time,0,adaptive,4096books_4near_2far,price_query,20000,151,480,728,178630,0,0
time,0,adaptive,new_book_growth,index_insert,20000,236,2860,12350,1545210,0,0
time,0,adaptive,new_book_growth,every64_subset,313,3043,11295,39586,444270,0,0
time,0,adaptive,cancel_rehang_4near,index_cancel,20000,64,93,140,17057,0,0
time,0,adaptive,cancel_rehang_4near,index_new,20000,111,165,324,27414,0,0
time,0,adaptive,cancel_rehang_4near,index_accepted,20000,85,146,331,37974,0,0
time,0,adaptive,cancel_rehang_4near,index_canceled,20000,69,122,192,163234,0,0
time,0,adaptive,prototype_rolling_4_2far,price_query,20000,49,62,84,18060,0,0
time,0,adaptive,prototype_rolling_4_2far,intent_to_command,20000,95,160,253,43195,0,0
time,0,adaptive,prototype_rolling_4_2far,intent_queued,20000,46,61,86,13309,0,0
time,0,adaptive,prototype_rolling_4_2far,replace_report,20000,103,195,415,158331,0,0
time,0,adaptive,prototype_rolling_4_2far,ready_to_command,20000,119,235,446,43067,0,0
time,0,adaptive,prototype_jump_4_2far,price_query,20000,50,79,2672,6126,0,0
time,0,adaptive,prototype_jump_4_2far,intent_to_command,20000,96,222,3453,34588,0,0
time,0,adaptive,prototype_jump_4_2far,intent_queued,20000,46,73,2605,109987,0,0
time,0,adaptive,prototype_jump_4_2far,replace_report,20000,104,337,3737,21934,0,0
time,0,adaptive,prototype_jump_4_2far,ready_to_command,20000,120,333,3996,21417,0,0
time,0,adaptive,prototype_rolling_32_2far,price_query,20000,57,92,123,28482,0,0
time,0,adaptive,prototype_rolling_32_2far,intent_to_command,20000,101,174,313,86966,0,0
time,0,adaptive,prototype_rolling_32_2far,intent_queued,20000,46,70,90,5368,0,0
time,0,adaptive,prototype_rolling_32_2far,replace_report,20000,95,189,360,17824,0,0
time,0,adaptive,prototype_rolling_32_2far,ready_to_command,20000,112,242,363,18388,0,0
time,0,adaptive,prototype_jump_32_2far,price_query,20000,58,97,261,4464,0,0
time,0,adaptive,prototype_jump_32_2far,intent_to_command,20000,102,183,2997,42481,0,0
time,0,adaptive,prototype_jump_32_2far,intent_queued,20000,46,74,106,15848,0,0
time,0,adaptive,prototype_jump_32_2far,replace_report,20000,97,220,2954,20082,0,0
time,0,adaptive,prototype_jump_32_2far,ready_to_command,20000,118,266,3046,34453,0,0
time,1,pool_pages,rolling_4,price_query,20000,46,61,2556,12431,0,0
time,1,pool_pages,rolling_4,near_range8,20000,55,84,2632,3941,0,0
time,1,pool_pages,rolling_4,index_submit,20000,92,204,3020,15661,0,0
time,1,pool_pages,rolling_4,index_ack,20000,92,177,2890,24418,0,0
time,1,pool_pages,rolling_4,cross_page_submit_subset,314,96,387,471,2829,0,0
time,1,pool_pages,rolling_4,page_creation_subset,78,294,410,410,471,0,0
time,1,pool_pages,outliers_4,price_query,20000,46,65,2653,16455,0,0
time,1,pool_pages,outliers_4,near_range8,20000,55,84,2707,19895,0,0
time,1,pool_pages,outliers_4,index_submit,20000,91,250,2873,17784,0,0
time,1,pool_pages,outliers_4,index_ack,20000,92,189,2828,4680,0,0
time,1,pool_pages,outliers_4,cross_page_submit_subset,314,97,763,2870,3023,0,0
time,1,pool_pages,outliers_4,page_creation_subset,78,302,763,763,3023,0,0
time,1,pool_pages,outliers_4,far_query,20000,48,67,2700,10665,0,0
time,1,pool_pages,boundary_4,price_query,20000,46,108,2707,18399,0,0
time,1,pool_pages,boundary_4,near_range8,20000,58,123,2795,45523,0,0
time,1,pool_pages,boundary_4,index_submit,20000,92,2370,3803,190398,0,0
time,1,pool_pages,boundary_4,index_ack,20000,115,656,3560,38064,0,0
time,1,pool_pages,boundary_4,cross_page_submit_subset,5000,85,238,4075,22264,0,0
time,1,pool_pages,jump_4,price_query,20000,46,69,115,33118,0,0
time,1,pool_pages,jump_4,near_range8,20000,55,97,2425,28840,0,0
time,1,pool_pages,jump_4,index_submit,20000,93,214,2918,18783,0,0
time,1,pool_pages,jump_4,index_ack,20000,93,195,2743,38242,0,0
time,1,pool_pages,jump_4,cross_page_submit_subset,3746,105,274,2893,12015,0,0
time,1,pool_pages,jump_4,page_creation_subset,1248,179,305,358,5675,0,0
time,1,pool_pages,jump_4,jump_submit_subset,2496,144,283,2736,5675,0,0
time,1,pool_pages,rolling_32,price_query,20000,47,67,190,31384,0,0
time,1,pool_pages,rolling_32,near_range8,20000,65,111,230,25850,0,0
time,1,pool_pages,rolling_32,index_submit,20000,86,187,442,31244,0,0
time,1,pool_pages,rolling_32,index_ack,20000,78,186,424,2239865,0,0
time,1,pool_pages,rolling_32,cross_page_submit_subset,305,104,505,744,1351,0,0
time,1,pool_pages,rolling_32,page_creation_subset,10,431,744,744,1351,0,0
time,1,pool_pages,outliers_32,price_query,20000,46,61,90,3706,0,0
time,1,pool_pages,outliers_32,near_range8,20000,64,102,157,17961,0,0
time,1,pool_pages,outliers_32,index_submit,20000,85,197,414,18654,0,0
time,1,pool_pages,outliers_32,index_ack,20000,76,144,250,29575,0,0
time,1,pool_pages,outliers_32,cross_page_submit_subset,305,96,453,640,755,0,0
time,1,pool_pages,outliers_32,page_creation_subset,10,427,640,640,755,0,0
time,1,pool_pages,outliers_32,far_query,20000,48,65,96,319,0,0
time,1,pool_pages,boundary_32,price_query,20000,46,58,78,14121,0,0
time,1,pool_pages,boundary_32,near_range8,20000,67,94,131,12335,0,0
time,1,pool_pages,boundary_32,index_submit,20000,84,129,191,14675,0,0
time,1,pool_pages,boundary_32,index_ack,20000,115,171,291,22052,0,0
time,1,pool_pages,boundary_32,cross_page_submit_subset,625,104,137,206,207,0,0
time,1,pool_pages,jump_32,price_query,20000,56,83,3518,16977,0,0
time,1,pool_pages,jump_32,near_range8,20000,89,160,3724,45363,0,0
time,1,pool_pages,jump_32,index_submit,20000,120,380,4033,222012,0,0
time,1,pool_pages,jump_32,index_ack,20000,113,356,4069,48440,0,0
time,1,pool_pages,jump_32,cross_page_submit_subset,2652,140,533,4191,33198,0,0
time,1,pool_pages,jump_32,page_creation_subset,156,295,4045,4081,4191,0,0
time,1,pool_pages,jump_32,jump_submit_subset,2496,140,553,4191,33198,0,0
time,1,pool_pages,rolling_128,price_query,20000,56,74,107,23709,0,0
time,1,pool_pages,rolling_128,near_range8,20000,87,115,200,23946,0,0
time,1,pool_pages,rolling_128,index_submit,20000,119,190,415,58858,0,0
time,1,pool_pages,rolling_128,index_ack,20000,110,182,361,25738,0,0
time,1,pool_pages,rolling_128,cross_page_submit_subset,312,143,278,1037,1554,0,0
time,1,pool_pages,rolling_128,page_creation_subset,3,1037,1037,1037,1554,0,0
time,1,pool_pages,outliers_128,price_query,20000,57,73,96,36493,0,0
time,1,pool_pages,outliers_128,near_range8,20000,90,110,169,31951,0,0
time,1,pool_pages,outliers_128,index_submit,20000,122,271,500,35737,0,0
time,1,pool_pages,outliers_128,index_ack,20000,113,175,260,21709,0,0
time,1,pool_pages,outliers_128,cross_page_submit_subset,312,144,308,971,1315,0,0
time,1,pool_pages,outliers_128,page_creation_subset,3,971,971,971,1315,0,0
time,1,pool_pages,outliers_128,far_query,20000,59,73,106,59968,0,0
time,1,pool_pages,boundary_128,price_query,20000,55,75,275,5263,0,0
time,1,pool_pages,boundary_128,near_range8,20000,92,125,3581,50197,0,0
time,1,pool_pages,boundary_128,index_submit,20000,117,197,3776,35380,0,0
time,1,pool_pages,boundary_128,index_ack,20000,132,220,3575,16836,0,0
time,1,pool_pages,boundary_128,cross_page_submit_subset,313,135,326,3851,3897,0,0
time,1,pool_pages,jump_128,price_query,20000,59,98,127,44302,0,0
time,1,pool_pages,jump_128,near_range8,20000,96,175,297,24345,0,0
time,1,pool_pages,jump_128,index_submit,20000,126,235,1758,46361,0,0
time,1,pool_pages,jump_128,index_ack,20000,120,267,539,25673,0,0
time,1,pool_pages,jump_128,cross_page_submit_subset,2704,149,402,5219,24952,0,0
time,1,pool_pages,jump_128,page_creation_subset,77,365,760,760,1255,0,0
time,1,pool_pages,jump_128,jump_submit_subset,2432,148,389,1687,6708,0,0
time,1,pool_pages,4096books_4near_2far,price_query,20000,388,1000,8074,53131,0,0
time,1,pool_pages,new_book_growth,index_insert,20000,488,15536,51938,504714,0,0
time,1,pool_pages,new_book_growth,page_block_growth_subset,313,16004,65116,71625,111530,0,0
time,1,pool_pages,new_book_growth,every64_subset,313,16004,65116,71625,111530,0,0
time,1,pool_pages,cancel_rehang_4near,index_cancel,20000,64,95,2818,27190,0,0
time,1,pool_pages,cancel_rehang_4near,index_new,20000,175,319,3070,47181,0,0
time,1,pool_pages,cancel_rehang_4near,index_accepted,20000,92,238,2894,14553,0,0
time,1,pool_pages,cancel_rehang_4near,index_canceled,20000,105,189,2898,28488,0,0
time,1,pool_pages,prototype_rolling_4_2far,price_query,20000,53,63,80,31440,0,0
time,1,pool_pages,prototype_rolling_4_2far,intent_to_command,20000,102,147,215,22196,0,0
time,1,pool_pages,prototype_rolling_4_2far,intent_queued,20000,46,55,73,4195,0,0
time,1,pool_pages,prototype_rolling_4_2far,replace_report,20000,114,219,347,17476,0,0
time,1,pool_pages,prototype_rolling_4_2far,ready_to_command,20000,125,297,384,14122,0,0
time,1,pool_pages,prototype_jump_4_2far,price_query,20000,53,66,318,11611,0,0
time,1,pool_pages,prototype_jump_4_2far,intent_to_command,20000,102,257,2908,11575,0,0
time,1,pool_pages,prototype_jump_4_2far,intent_queued,20000,46,60,2657,18553,0,0
time,1,pool_pages,prototype_jump_4_2far,replace_report,20000,116,262,3009,20302,0,0
time,1,pool_pages,prototype_jump_4_2far,ready_to_command,20000,124,311,3174,18491,0,0
time,1,pool_pages,prototype_rolling_32_2far,price_query,20000,54,68,94,22268,0,0
time,1,pool_pages,prototype_rolling_32_2far,intent_to_command,20000,100,146,223,13896,0,0
time,1,pool_pages,prototype_rolling_32_2far,intent_queued,20000,46,65,78,13056,0,0
time,1,pool_pages,prototype_rolling_32_2far,replace_report,20000,96,179,363,24453,0,0
time,1,pool_pages,prototype_rolling_32_2far,ready_to_command,20000,112,191,430,16969,0,0
time,1,pool_pages,prototype_jump_32_2far,price_query,20000,54,70,108,4458,0,0
time,1,pool_pages,prototype_jump_32_2far,intent_to_command,20000,100,151,583,32753,0,0
time,1,pool_pages,prototype_jump_32_2far,intent_queued,20000,46,65,74,15924,0,0
time,1,pool_pages,prototype_jump_32_2far,replace_report,20000,97,205,382,24183,0,0
time,1,pool_pages,prototype_jump_32_2far,ready_to_command,20000,114,188,506,21332,0,0
time,1,sorted_deque,rolling_4,price_query,20000,43,52,65,3902,0,0
time,1,sorted_deque,rolling_4,near_range8,20000,44,55,68,32188,0,0
time,1,sorted_deque,rolling_4,index_submit,20000,86,123,172,13522,0,0
time,1,sorted_deque,rolling_4,index_ack,20000,89,100,138,11552,0,0
time,1,sorted_deque,rolling_4,cross_page_submit_subset,314,86,125,158,263,0,0
time,1,sorted_deque,outliers_4,price_query,20000,43,60,84,25788,0,0
time,1,sorted_deque,outliers_4,near_range8,20000,43,66,86,3600,0,0
time,1,sorted_deque,outliers_4,index_submit,20000,87,208,379,15746,0,0
time,1,sorted_deque,outliers_4,index_ack,20000,89,132,180,25061,0,0
time,1,sorted_deque,outliers_4,cross_page_submit_subset,314,87,129,144,144,0,0
time,1,sorted_deque,outliers_4,far_query,20000,42,65,87,13107,0,0
time,1,sorted_deque,boundary_4,price_query,20000,43,50,69,30373,0,0
time,1,sorted_deque,boundary_4,near_range8,20000,44,55,67,13485,0,0
time,1,sorted_deque,boundary_4,index_submit,20000,86,112,186,18285,0,0
time,1,sorted_deque,boundary_4,index_ack,20000,101,120,175,14011,0,0
time,1,sorted_deque,boundary_4,cross_page_submit_subset,5000,86,103,139,3002,0,0
time,1,sorted_deque,jump_4,price_query,20000,43,67,86,697,0,0
time,1,sorted_deque,jump_4,near_range8,20000,44,71,97,15473,0,0
time,1,sorted_deque,jump_4,index_submit,20000,89,167,311,29378,0,0
time,1,sorted_deque,jump_4,index_ack,20000,91,155,232,18174,0,0
time,1,sorted_deque,jump_4,cross_page_submit_subset,3746,98,196,350,29378,0,0
time,1,sorted_deque,jump_4,jump_submit_subset,2496,102,205,346,15015,0,0
time,1,sorted_deque,rolling_32,price_query,20000,48,71,98,14077,0,0
time,1,sorted_deque,rolling_32,near_range8,20000,56,85,119,70198,0,0
time,1,sorted_deque,rolling_32,index_submit,20000,91,143,204,20826,0,0
time,1,sorted_deque,rolling_32,index_ack,20000,75,125,183,14877,0,0
time,1,sorted_deque,rolling_32,cross_page_submit_subset,305,90,151,171,175,0,0
time,1,sorted_deque,outliers_32,price_query,20000,48,64,94,11980,0,0
time,1,sorted_deque,outliers_32,near_range8,20000,54,68,92,174,0,0
time,1,sorted_deque,outliers_32,index_submit,20000,91,170,318,12725,0,0
time,1,sorted_deque,outliers_32,index_ack,20000,75,118,156,22298,0,0
time,1,sorted_deque,outliers_32,cross_page_submit_subset,305,91,213,248,335,0,0
time,1,sorted_deque,outliers_32,far_query,20000,48,53,70,17919,0,0
time,1,sorted_deque,boundary_32,price_query,20000,48,67,99,2748,0,0
time,1,sorted_deque,boundary_32,near_range8,20000,54,80,105,23273,0,0
time,1,sorted_deque,boundary_32,index_submit,20000,90,137,191,11931,0,0
time,1,sorted_deque,boundary_32,index_ack,20000,113,153,203,12303,0,0
time,1,sorted_deque,boundary_32,cross_page_submit_subset,625,91,140,181,257,0,0
time,1,sorted_deque,jump_32,price_query,20000,48,67,109,13483,0,0
time,1,sorted_deque,jump_32,near_range8,20000,56,77,108,14187,0,0
time,1,sorted_deque,jump_32,index_submit,20000,91,150,319,19785,0,0
time,1,sorted_deque,jump_32,index_ack,20000,75,152,252,20959,0,0
time,1,sorted_deque,jump_32,cross_page_submit_subset,2652,108,206,1077,3211,0,0
time,1,sorted_deque,jump_32,jump_submit_subset,2496,109,210,1077,3211,0,0
time,1,sorted_deque,rolling_128,price_query,20000,50,97,140,748029,0,0
time,1,sorted_deque,rolling_128,near_range8,20000,57,82,110,3588,0,0
time,1,sorted_deque,rolling_128,index_submit,20000,98,169,360,158565,0,0
time,1,sorted_deque,rolling_128,index_ack,20000,78,127,231,652666,0,0
time,1,sorted_deque,rolling_128,cross_page_submit_subset,312,101,252,318,2899,0,0
time,1,sorted_deque,outliers_128,price_query,20000,50,84,108,30893,0,0
time,1,sorted_deque,outliers_128,near_range8,20000,56,76,108,4210,0,0
time,1,sorted_deque,outliers_128,index_submit,20000,97,179,326,16125,0,0
time,1,sorted_deque,outliers_128,index_ack,20000,78,121,213,21282,0,0
time,1,sorted_deque,outliers_128,cross_page_submit_subset,312,107,179,211,217,0,0
time,1,sorted_deque,outliers_128,far_query,20000,49,58,83,81361,0,0
time,1,sorted_deque,boundary_128,price_query,20000,52,89,143,12847,0,0
time,1,sorted_deque,boundary_128,near_range8,20000,57,88,128,13127,0,0
time,1,sorted_deque,boundary_128,index_submit,20000,111,172,1333,35502,0,0
time,1,sorted_deque,boundary_128,index_ack,20000,120,197,294,20419,0,0
time,1,sorted_deque,boundary_128,cross_page_submit_subset,313,115,194,224,261,0,0
time,1,sorted_deque,jump_128,price_query,20000,51,91,125,17203,0,0
time,1,sorted_deque,jump_128,near_range8,20000,57,95,136,4959,0,0
time,1,sorted_deque,jump_128,index_submit,20000,104,224,379,13923,0,0
time,1,sorted_deque,jump_128,index_ack,20000,79,225,384,22355,0,0
time,1,sorted_deque,jump_128,cross_page_submit_subset,2704,127,264,1525,3248,0,0
time,1,sorted_deque,jump_128,jump_submit_subset,2432,137,269,1525,3248,0,0
time,1,sorted_deque,4096books_4near_2far,price_query,20000,138,456,739,21402,0,0
time,1,sorted_deque,new_book_growth,index_insert,20000,228,2688,7468,297607,0,0
time,1,sorted_deque,new_book_growth,every64_subset,313,3235,10384,14301,41403,0,0
time,1,sorted_deque,cancel_rehang_4near,index_cancel,20000,64,85,109,3158,0,0
time,1,sorted_deque,cancel_rehang_4near,index_new,20000,109,139,195,22118,0,0
time,1,sorted_deque,cancel_rehang_4near,index_accepted,20000,82,108,182,25561,0,0
time,1,sorted_deque,cancel_rehang_4near,index_canceled,20000,81,112,147,37685,0,0
time,1,sorted_deque,prototype_rolling_4_2far,price_query,20000,47,61,83,3644,0,0
time,1,sorted_deque,prototype_rolling_4_2far,intent_to_command,20000,101,165,340,81011,0,0
time,1,sorted_deque,prototype_rolling_4_2far,intent_queued,20000,46,61,77,16064,0,0
time,1,sorted_deque,prototype_rolling_4_2far,replace_report,20000,114,195,2450,133520,0,0
time,1,sorted_deque,prototype_rolling_4_2far,ready_to_command,20000,126,224,483,1474049,0,0
time,1,sorted_deque,prototype_jump_4_2far,price_query,20000,47,62,94,148340,0,0
time,1,sorted_deque,prototype_jump_4_2far,intent_to_command,20000,101,159,251,80670,0,0
time,1,sorted_deque,prototype_jump_4_2far,intent_queued,20000,46,61,76,45260,0,0
time,1,sorted_deque,prototype_jump_4_2far,replace_report,20000,114,188,313,140030,0,0
time,1,sorted_deque,prototype_jump_4_2far,ready_to_command,20000,127,211,6332,197750,0,0
time,1,sorted_deque,prototype_rolling_32_2far,price_query,20000,53,88,150,41619,0,0
time,1,sorted_deque,prototype_rolling_32_2far,intent_to_command,20000,107,167,282,115428,0,0
time,1,sorted_deque,prototype_rolling_32_2far,intent_queued,20000,46,65,83,98738,0,0
time,1,sorted_deque,prototype_rolling_32_2far,replace_report,20000,95,184,400,97632,0,0
time,1,sorted_deque,prototype_rolling_32_2far,ready_to_command,20000,119,211,435,84576,0,0
time,1,sorted_deque,prototype_jump_32_2far,price_query,20000,53,94,133,158126,0,0
time,1,sorted_deque,prototype_jump_32_2far,intent_to_command,20000,107,182,375,97176,0,0
time,1,sorted_deque,prototype_jump_32_2far,intent_queued,20000,46,71,90,41749,0,0
time,1,sorted_deque,prototype_jump_32_2far,replace_report,20000,96,212,504,142353,0,0
time,1,sorted_deque,prototype_jump_32_2far,ready_to_command,20000,125,257,496,380869,0,0
time,1,sorted_deque_soa,rolling_4,price_query,20000,51,68,91,1691712,0,0
time,1,sorted_deque_soa,rolling_4,near_range8,20000,53,72,97,141678,0,0
time,1,sorted_deque_soa,rolling_4,index_submit,20000,101,195,278,22274,0,0
time,1,sorted_deque_soa,rolling_4,index_ack,20000,97,157,288,26508,0,0
time,1,sorted_deque_soa,rolling_4,cross_page_submit_subset,314,103,197,3912,6269,0,0
time,1,sorted_deque_soa,outliers_4,price_query,20000,55,77,139,34712,0,0
time,1,sorted_deque_soa,outliers_4,near_range8,20000,57,85,149,86760,0,0
time,1,sorted_deque_soa,outliers_4,index_submit,20000,124,346,544,55573,0,0
time,1,sorted_deque_soa,outliers_4,index_ack,20000,111,188,352,36640,0,0
time,1,sorted_deque_soa,outliers_4,cross_page_submit_subset,314,125,206,233,319,0,0
time,1,sorted_deque_soa,outliers_4,far_query,20000,54,74,112,3317,0,0
time,1,sorted_deque_soa,boundary_4,price_query,20000,52,69,142,22384,0,0
time,1,sorted_deque_soa,boundary_4,near_range8,20000,54,80,123,18669,0,0
time,1,sorted_deque_soa,boundary_4,index_submit,20000,103,174,280,35086,0,0
time,1,sorted_deque_soa,boundary_4,index_ack,20000,119,189,291,16430,0,0
time,1,sorted_deque_soa,boundary_4,cross_page_submit_subset,5000,100,166,289,4925,0,0
time,1,sorted_deque_soa,jump_4,price_query,20000,55,74,141,27773,0,0
time,1,sorted_deque_soa,jump_4,near_range8,20000,57,85,193,24727,0,0
time,1,sorted_deque_soa,jump_4,index_submit,20000,121,207,322,48902,0,0
time,1,sorted_deque_soa,jump_4,index_ack,20000,110,203,343,5854,0,0
time,1,sorted_deque_soa,jump_4,cross_page_submit_subset,3746,131,239,298,555,0,0
time,1,sorted_deque_soa,jump_4,jump_submit_subset,2496,146,254,298,555,0,0
time,1,sorted_deque_soa,rolling_32,price_query,20000,65,71,117,14767,0,0
time,1,sorted_deque_soa,rolling_32,near_range8,20000,73,89,111,12868,0,0
time,1,sorted_deque_soa,rolling_32,index_submit,20000,106,170,369,19437,0,0
time,1,sorted_deque_soa,rolling_32,index_ack,20000,75,139,198,19786,0,0
time,1,sorted_deque_soa,rolling_32,cross_page_submit_subset,305,106,165,269,2915,0,0
time,1,sorted_deque_soa,outliers_32,price_query,20000,65,69,97,15378,0,0
time,1,sorted_deque_soa,outliers_32,near_range8,20000,73,85,109,23827,0,0
time,1,sorted_deque_soa,outliers_32,index_submit,20000,107,208,380,13769,0,0
time,1,sorted_deque_soa,outliers_32,index_ack,20000,75,138,166,3668,0,0
time,1,sorted_deque_soa,outliers_32,cross_page_submit_subset,305,107,221,278,297,0,0
time,1,sorted_deque_soa,outliers_32,far_query,20000,65,69,91,22647,0,0
time,1,sorted_deque_soa,boundary_32,price_query,20000,65,74,93,11693,0,0
time,1,sorted_deque_soa,boundary_32,near_range8,20000,73,92,115,29769,0,0
time,1,sorted_deque_soa,boundary_32,index_submit,20000,106,173,238,49853,0,0
time,1,sorted_deque_soa,boundary_32,index_ack,20000,145,173,220,17136,0,0
time,1,sorted_deque_soa,boundary_32,cross_page_submit_subset,625,112,146,280,3505,0,0
time,1,sorted_deque_soa,jump_32,price_query,20000,65,81,89,13602,0,0
time,1,sorted_deque_soa,jump_32,near_range8,20000,73,97,107,15468,0,0
time,1,sorted_deque_soa,jump_32,index_submit,20000,106,208,260,21135,0,0
time,1,sorted_deque_soa,jump_32,index_ack,20000,75,210,251,14610,0,0
time,1,sorted_deque_soa,jump_32,cross_page_submit_subset,2652,175,238,314,9361,0,0
time,1,sorted_deque_soa,jump_32,jump_submit_subset,2496,176,240,314,9361,0,0
time,1,sorted_deque_soa,rolling_128,price_query,20000,50,84,105,4211,0,0
time,1,sorted_deque_soa,rolling_128,near_range8,20000,53,64,80,12347,0,0
time,1,sorted_deque_soa,rolling_128,index_submit,20000,117,146,185,12015,0,0
time,1,sorted_deque_soa,rolling_128,index_ack,20000,78,119,146,13674,0,0
time,1,sorted_deque_soa,rolling_128,cross_page_submit_subset,312,124,161,174,200,0,0
time,1,sorted_deque_soa,outliers_128,price_query,20000,50,83,106,12987,0,0
time,1,sorted_deque_soa,outliers_128,near_range8,20000,56,65,82,12465,0,0
time,1,sorted_deque_soa,outliers_128,index_submit,20000,94,162,259,20717,0,0
time,1,sorted_deque_soa,outliers_128,index_ack,20000,78,122,162,12321,0,0
time,1,sorted_deque_soa,outliers_128,cross_page_submit_subset,312,105,179,213,213,0,0
time,1,sorted_deque_soa,outliers_128,far_query,20000,50,53,66,29865,0,0
time,1,sorted_deque_soa,boundary_128,price_query,20000,67,97,117,18044,0,0
time,1,sorted_deque_soa,boundary_128,near_range8,20000,54,66,81,2912,0,0
time,1,sorted_deque_soa,boundary_128,index_submit,20000,112,151,191,12976,0,0
time,1,sorted_deque_soa,boundary_128,index_ack,20000,118,187,222,18062,0,0
time,1,sorted_deque_soa,boundary_128,cross_page_submit_subset,313,127,167,179,217,0,0
time,1,sorted_deque_soa,jump_128,price_query,20000,52,86,107,11914,0,0
time,1,sorted_deque_soa,jump_128,near_range8,20000,54,87,109,14042,0,0
time,1,sorted_deque_soa,jump_128,index_submit,20000,116,214,335,19492,0,0
time,1,sorted_deque_soa,jump_128,index_ack,20000,79,208,274,20561,0,0
time,1,sorted_deque_soa,jump_128,cross_page_submit_subset,2704,123,263,363,1584,0,0
time,1,sorted_deque_soa,jump_128,jump_submit_subset,2432,128,266,363,1584,0,0
time,1,sorted_deque_soa,4096books_4near_2far,price_query,20000,161,519,858,31260,0,0
time,1,sorted_deque_soa,new_book_growth,index_insert,20000,246,3038,6682,718442,0,0
time,1,sorted_deque_soa,new_book_growth,every64_subset,313,4304,12004,34391,45334,0,0
time,1,sorted_deque_soa,cancel_rehang_4near,index_cancel,20000,64,78,103,31644,0,0
time,1,sorted_deque_soa,cancel_rehang_4near,index_new,20000,109,138,190,14195,0,0
time,1,sorted_deque_soa,cancel_rehang_4near,index_accepted,20000,89,111,203,38485,0,0
time,1,sorted_deque_soa,cancel_rehang_4near,index_canceled,20000,84,105,160,17412,0,0
time,1,sorted_deque_soa,prototype_rolling_4_2far,price_query,20000,56,59,65,235,0,0
time,1,sorted_deque_soa,prototype_rolling_4_2far,intent_to_command,20000,108,134,167,29556,0,0
time,1,sorted_deque_soa,prototype_rolling_4_2far,intent_queued,20000,46,48,58,27819,0,0
time,1,sorted_deque_soa,prototype_rolling_4_2far,replace_report,20000,118,140,252,19507,0,0
time,1,sorted_deque_soa,prototype_rolling_4_2far,ready_to_command,20000,136,167,246,13607,0,0
time,1,sorted_deque_soa,prototype_jump_4_2far,price_query,20000,56,68,93,17985,0,0
time,1,sorted_deque_soa,prototype_jump_4_2far,intent_to_command,20000,108,178,278,27498,0,0
time,1,sorted_deque_soa,prototype_jump_4_2far,intent_queued,20000,46,61,85,13213,0,0
time,1,sorted_deque_soa,prototype_jump_4_2far,replace_report,20000,118,207,333,27753,0,0
time,1,sorted_deque_soa,prototype_jump_4_2far,ready_to_command,20000,136,237,338,16732,0,0
time,1,sorted_deque_soa,prototype_rolling_32_2far,price_query,20000,69,74,86,29388,0,0
time,1,sorted_deque_soa,prototype_rolling_32_2far,intent_to_command,20000,120,156,180,19187,0,0
time,1,sorted_deque_soa,prototype_rolling_32_2far,intent_queued,20000,46,64,66,15744,0,0
time,1,sorted_deque_soa,prototype_rolling_32_2far,replace_report,20000,94,147,240,13331,0,0
time,1,sorted_deque_soa,prototype_rolling_32_2far,ready_to_command,20000,131,206,303,19780,0,0
time,1,sorted_deque_soa,prototype_jump_32_2far,price_query,20000,69,77,88,11982,0,0
time,1,sorted_deque_soa,prototype_jump_32_2far,intent_to_command,20000,121,159,245,33396,0,0
time,1,sorted_deque_soa,prototype_jump_32_2far,intent_queued,20000,46,64,72,11707,0,0
time,1,sorted_deque_soa,prototype_jump_32_2far,replace_report,20000,94,188,257,12240,0,0
time,1,sorted_deque_soa,prototype_jump_32_2far,ready_to_command,20000,132,213,275,11703,0,0
time,1,linear_prices,rolling_4,price_query,20000,42,78,193,23157,0,0
time,1,linear_prices,rolling_4,near_range8,20000,58,131,262,21076,0,0
time,1,linear_prices,rolling_4,index_submit,20000,78,160,297,32573,0,0
time,1,linear_prices,rolling_4,index_ack,20000,92,171,351,40729,0,0
time,1,linear_prices,rolling_4,cross_page_submit_subset,314,79,157,187,318,0,0
time,1,linear_prices,outliers_4,price_query,20000,42,78,207,29360,0,0
time,1,linear_prices,outliers_4,near_range8,20000,59,142,365,42168,0,0
time,1,linear_prices,outliers_4,index_submit,20000,76,211,382,25491,0,0
time,1,linear_prices,outliers_4,index_ack,20000,90,172,320,26638,0,0
time,1,linear_prices,outliers_4,cross_page_submit_subset,314,76,172,243,257,0,0
time,1,linear_prices,outliers_4,far_query,20000,41,74,157,51550,0,0
time,1,linear_prices,boundary_4,price_query,20000,42,81,215,21284,0,0
time,1,linear_prices,boundary_4,near_range8,20000,64,142,329,30308,0,0
time,1,linear_prices,boundary_4,index_submit,20000,77,167,342,27345,0,0
time,1,linear_prices,boundary_4,index_ack,20000,103,188,3380,35087,0,0
time,1,linear_prices,boundary_4,cross_page_submit_subset,5000,75,165,2789,25030,0,0
time,1,linear_prices,jump_4,price_query,20000,41,77,206,18821,0,0
time,1,linear_prices,jump_4,near_range8,20000,60,147,327,19557,0,0
time,1,linear_prices,jump_4,index_submit,20000,79,169,318,29922,0,0
time,1,linear_prices,jump_4,index_ack,20000,91,180,335,25812,0,0
time,1,linear_prices,jump_4,cross_page_submit_subset,3746,87,177,368,22845,0,0
time,1,linear_prices,jump_4,jump_submit_subset,2496,89,182,368,22518,0,0
time,1,linear_prices,rolling_32,price_query,20000,54,87,157,18040,0,0
time,1,linear_prices,rolling_32,near_range8,20000,350,682,3831,29397,0,0
time,1,linear_prices,rolling_32,index_submit,20000,96,182,310,16408,0,0
time,1,linear_prices,rolling_32,index_ack,20000,75,205,306,21231,0,0
time,1,linear_prices,rolling_32,cross_page_submit_subset,305,89,176,272,310,0,0
time,1,linear_prices,outliers_32,price_query,20000,54,91,209,21525,0,0
time,1,linear_prices,outliers_32,near_range8,20000,366,780,3958,22281,0,0
time,1,linear_prices,outliers_32,index_submit,20000,101,272,491,66196,0,0
time,1,linear_prices,outliers_32,index_ack,20000,77,238,341,17035,0,0
time,1,linear_prices,outliers_32,cross_page_submit_subset,305,94,321,348,404,0,0
time,1,linear_prices,outliers_32,far_query,20000,58,84,211,26085,0,0
time,1,linear_prices,boundary_32,price_query,20000,50,80,154,9786,0,0
time,1,linear_prices,boundary_32,near_range8,20000,349,619,3607,41743,0,0
time,1,linear_prices,boundary_32,index_submit,20000,95,189,368,32696,0,0
time,1,linear_prices,boundary_32,index_ack,20000,109,212,381,21174,0,0
time,1,linear_prices,boundary_32,cross_page_submit_subset,625,89,165,233,306,0,0
time,1,linear_prices,jump_32,price_query,20000,55,95,217,22878,0,0
time,1,linear_prices,jump_32,near_range8,20000,352,774,4172,38006,0,0
time,1,linear_prices,jump_32,index_submit,20000,97,224,377,36652,0,0
time,1,linear_prices,jump_32,index_ack,20000,77,283,413,28245,0,0
time,1,linear_prices,jump_32,cross_page_submit_subset,2652,135,263,377,18145,0,0
time,1,linear_prices,jump_32,jump_submit_subset,2496,137,264,377,18145,0,0
time,1,linear_prices,rolling_128,price_query,20000,73,140,251,19307,0,0
time,1,linear_prices,rolling_128,near_range8,20000,1276,2023,14950,52901,0,0
time,1,linear_prices,rolling_128,index_submit,20000,119,260,378,44935,0,0
time,1,linear_prices,rolling_128,index_ack,20000,78,254,457,20361,0,0
time,1,linear_prices,rolling_128,cross_page_submit_subset,312,108,200,220,220,0,0
time,1,linear_prices,outliers_128,price_query,20000,74,151,262,28462,0,0
time,1,linear_prices,outliers_128,near_range8,20000,1289,2166,15576,36015,0,0
time,1,linear_prices,outliers_128,index_submit,20000,121,289,467,14525,0,0
time,1,linear_prices,outliers_128,index_ack,20000,79,252,517,11931,0,0
time,1,linear_prices,outliers_128,cross_page_submit_subset,312,108,251,363,3211,0,0
time,1,linear_prices,outliers_128,far_query,20000,87,162,302,14063,0,0
time,1,linear_prices,boundary_128,price_query,20000,83,160,217,44245,0,0
time,1,linear_prices,boundary_128,near_range8,20000,1439,2516,26931,755655,0,0
time,1,linear_prices,boundary_128,index_submit,20000,145,348,3265,41206,0,0
time,1,linear_prices,boundary_128,index_ack,20000,129,382,651,14266,0,0
time,1,linear_prices,boundary_128,cross_page_submit_subset,313,128,265,302,386,0,0
time,1,linear_prices,jump_128,price_query,20000,92,213,18352,106520,0,0
time,1,linear_prices,jump_128,near_range8,20000,1782,25302,84629,586715,0,0
time,1,linear_prices,jump_128,index_submit,20000,173,600,25045,135387,0,0
time,1,linear_prices,jump_128,index_ack,20000,106,711,17742,262854,0,0
time,1,linear_prices,jump_128,cross_page_submit_subset,2704,364,749,42578,89205,0,0
time,1,linear_prices,jump_128,jump_submit_subset,2432,380,804,42578,89205,0,0
time,1,linear_prices,4096books_4near_2far,price_query,20000,213,2636,48486,152014,0,0
time,1,linear_prices,new_book_growth,index_insert,20000,252,19161,117227,916591,0,0
time,1,linear_prices,new_book_growth,every64_subset,313,4600,117227,199800,208699,0,0
time,1,linear_prices,cancel_rehang_4near,index_cancel,20000,64,167,28230,779899,0,0
time,1,linear_prices,cancel_rehang_4near,index_new,20000,108,343,64671,199462,0,0
time,1,linear_prices,cancel_rehang_4near,index_accepted,20000,94,336,49375,255840,0,0
time,1,linear_prices,cancel_rehang_4near,index_canceled,20000,90,229,37126,595494,0,0
time,1,linear_prices,prototype_rolling_4_2far,price_query,20000,55,95,35153,142828,0,0
time,1,linear_prices,prototype_rolling_4_2far,intent_to_command,20000,92,229,47565,266355,0,0
time,1,linear_prices,prototype_rolling_4_2far,intent_queued,20000,46,80,19191,224780,0,0
time,1,linear_prices,prototype_rolling_4_2far,replace_report,20000,123,391,48218,202965,0,0
time,1,linear_prices,prototype_rolling_4_2far,ready_to_command,20000,114,381,61472,520382,0,0
time,1,linear_prices,prototype_jump_4_2far,price_query,20000,55,93,25667,206897,0,0
time,1,linear_prices,prototype_jump_4_2far,intent_to_command,20000,92,270,38867,150111,0,0
time,1,linear_prices,prototype_jump_4_2far,intent_queued,20000,46,87,20569,318832,0,0
time,1,linear_prices,prototype_jump_4_2far,replace_report,20000,123,639,60295,488997,0,0
time,1,linear_prices,prototype_jump_4_2far,ready_to_command,20000,114,358,64220,361970,0,0
time,1,linear_prices,prototype_rolling_32_2far,price_query,20000,59,85,2329,16018,0,0
time,1,linear_prices,prototype_rolling_32_2far,intent_to_command,20000,98,186,2511,18345,0,0
time,1,linear_prices,prototype_rolling_32_2far,intent_queued,20000,46,60,120,28263,0,0
time,1,linear_prices,prototype_rolling_32_2far,replace_report,20000,95,248,2692,24757,0,0
time,1,linear_prices,prototype_rolling_32_2far,ready_to_command,20000,119,235,2775,19878,0,0
time,1,linear_prices,prototype_jump_32_2far,price_query,20000,63,115,2382,13568,0,0
time,1,linear_prices,prototype_jump_32_2far,intent_to_command,20000,105,219,3068,27750,0,0
time,1,linear_prices,prototype_jump_32_2far,intent_queued,20000,46,81,199,12293,0,0
time,1,linear_prices,prototype_jump_32_2far,replace_report,20000,97,341,3326,29203,0,0
time,1,linear_prices,prototype_jump_32_2far,ready_to_command,20000,127,297,3198,28180,0,0
time,1,adaptive,rolling_4,price_query,20000,44,79,2244,20306,0,0
time,1,adaptive,rolling_4,near_range8,20000,48,89,158,19176,0,0
time,1,adaptive,rolling_4,index_submit,20000,80,184,2593,18743,0,0
time,1,adaptive,rolling_4,index_ack,20000,82,159,2531,47185,0,0
time,1,adaptive,rolling_4,cross_page_submit_subset,314,80,180,207,222,0,0
time,1,adaptive,outliers_4,price_query,20000,44,82,141,41666,0,0
time,1,adaptive,outliers_4,near_range8,20000,48,93,120,15007,0,0
time,1,adaptive,outliers_4,index_submit,20000,81,212,2652,25900,0,0
time,1,adaptive,outliers_4,index_ack,20000,83,162,2474,34936,0,0
time,1,adaptive,outliers_4,cross_page_submit_subset,314,81,208,2319,2431,0,0
time,1,adaptive,outliers_4,far_query,20000,45,80,2318,20975,0,0
time,1,adaptive,boundary_4,price_query,20000,44,81,233,36852,0,0
time,1,adaptive,boundary_4,near_range8,20000,49,96,242,28550,0,0
time,1,adaptive,boundary_4,index_submit,20000,81,174,3058,43332,0,0
time,1,adaptive,boundary_4,index_ack,20000,104,180,2945,17999,0,0
time,1,adaptive,boundary_4,cross_page_submit_subset,5000,80,153,2920,12247,0,0
time,1,adaptive,jump_4,price_query,20000,45,84,2233,39313,0,0
time,1,adaptive,jump_4,near_range8,20000,49,98,2441,31559,0,0
time,1,adaptive,jump_4,index_submit,20000,91,205,3084,19686,0,0
time,1,adaptive,jump_4,index_ack,20000,93,193,3123,28951,0,0
time,1,adaptive,jump_4,cross_page_submit_subset,3746,101,231,2935,14658,0,0
time,1,adaptive,jump_4,jump_submit_subset,2496,109,243,3147,14658,0,0
time,1,adaptive,rolling_32,price_query,20000,50,90,259,14131,0,0
time,1,adaptive,rolling_32,near_range8,20000,65,117,2380,73308,0,0
time,1,adaptive,rolling_32,index_submit,20000,85,188,3231,32827,0,0
time,1,adaptive,rolling_32,index_ack,20000,77,166,2981,23784,0,0
time,1,adaptive,rolling_32,cross_page_submit_subset,305,85,207,2694,28851,0,0
time,1,adaptive,outliers_32,price_query,20000,50,91,275,17840,0,0
time,1,adaptive,outliers_32,near_range8,20000,64,113,2251,19380,0,0
time,1,adaptive,outliers_32,index_submit,20000,85,219,2546,33912,0,0
time,1,adaptive,outliers_32,index_ack,20000,76,154,2580,39037,0,0
time,1,adaptive,outliers_32,cross_page_submit_subset,305,85,251,2520,14967,0,0
time,1,adaptive,outliers_32,far_query,20000,50,77,171,30633,0,0
time,1,adaptive,boundary_32,price_query,20000,49,89,251,34461,0,0
time,1,adaptive,boundary_32,near_range8,20000,63,102,2260,33704,0,0
time,1,adaptive,boundary_32,index_submit,20000,84,171,2880,22083,0,0
time,1,adaptive,boundary_32,index_ack,20000,114,187,2725,31285,0,0
time,1,adaptive,boundary_32,cross_page_submit_subset,625,85,171,303,2392,0,0
time,1,adaptive,jump_32,price_query,20000,49,91,2636,37818,0,0
time,1,adaptive,jump_32,near_range8,20000,64,108,2656,24645,0,0
time,1,adaptive,jump_32,index_submit,20000,85,216,2817,33238,0,0
time,1,adaptive,jump_32,index_ack,20000,77,215,2962,31078,0,0
time,1,adaptive,jump_32,cross_page_submit_subset,2652,104,301,2907,33238,0,0
time,1,adaptive,jump_32,jump_submit_subset,2496,104,301,2809,22070,0,0
time,1,adaptive,rolling_128,price_query,20000,53,115,3238,119827,0,0
time,1,adaptive,rolling_128,near_range8,20000,68,125,2872,20252,0,0
time,1,adaptive,rolling_128,index_submit,20000,113,228,3628,40080,0,0
time,1,adaptive,rolling_128,index_ack,20000,81,175,3368,36764,0,0
time,1,adaptive,rolling_128,cross_page_submit_subset,312,114,193,240,2312,0,0
time,1,adaptive,outliers_128,price_query,20000,52,88,2417,3685,0,0
time,1,adaptive,outliers_128,near_range8,20000,65,81,2486,16814,0,0
time,1,adaptive,outliers_128,index_submit,20000,99,195,2804,20777,0,0
time,1,adaptive,outliers_128,index_ack,20000,79,127,2673,16891,0,0
time,1,adaptive,outliers_128,cross_page_submit_subset,312,99,176,195,200,0,0
time,1,adaptive,outliers_128,far_query,20000,53,65,2239,4437,0,0
time,1,adaptive,boundary_128,price_query,20000,53,95,147,14651,0,0
time,1,adaptive,boundary_128,near_range8,20000,65,90,2369,32889,0,0
time,1,adaptive,boundary_128,index_submit,20000,106,171,2500,14730,0,0
time,1,adaptive,boundary_128,index_ack,20000,121,204,2659,12370,0,0
time,1,adaptive,boundary_128,cross_page_submit_subset,313,112,181,210,267,0,0
time,1,adaptive,jump_128,price_query,20000,52,93,122,20305,0,0
time,1,adaptive,jump_128,near_range8,20000,67,111,156,13200,0,0
time,1,adaptive,jump_128,index_submit,20000,105,212,309,37382,0,0
time,1,adaptive,jump_128,index_ack,20000,80,278,403,31679,0,0
time,1,adaptive,jump_128,cross_page_submit_subset,2704,133,252,455,15656,0,0
time,1,adaptive,jump_128,jump_submit_subset,2432,143,259,455,15656,0,0
time,1,adaptive,4096books_4near_2far,price_query,20000,151,512,824,49152,0,0
time,1,adaptive,new_book_growth,index_insert,20000,319,4744,20702,434100,0,0
time,1,adaptive,new_book_growth,every64_subset,313,4399,18350,26486,41313,0,0
time,1,adaptive,cancel_rehang_4near,index_cancel,20000,64,100,180,17709,0,0
time,1,adaptive,cancel_rehang_4near,index_new,20000,111,171,276,25643,0,0
time,1,adaptive,cancel_rehang_4near,index_accepted,20000,85,160,313,24786,0,0
time,1,adaptive,cancel_rehang_4near,index_canceled,20000,69,133,250,40352,0,0
time,1,adaptive,prototype_rolling_4_2far,price_query,20000,49,65,89,26365,0,0
time,1,adaptive,prototype_rolling_4_2far,intent_to_command,20000,95,170,240,43190,0,0
time,1,adaptive,prototype_rolling_4_2far,intent_queued,20000,46,63,143,13329,0,0
time,1,adaptive,prototype_rolling_4_2far,replace_report,20000,104,205,387,336758,0,0
time,1,adaptive,prototype_rolling_4_2far,ready_to_command,20000,119,250,407,15103,0,0
time,1,adaptive,prototype_jump_4_2far,price_query,20000,50,91,36249,746000,0,0
time,1,adaptive,prototype_jump_4_2far,intent_to_command,20000,97,297,75380,1444034,0,0
time,1,adaptive,prototype_jump_4_2far,intent_queued,20000,46,75,42434,446407,0,0
time,1,adaptive,prototype_jump_4_2far,replace_report,20000,105,433,50904,1475169,0,0
time,1,adaptive,prototype_jump_4_2far,ready_to_command,20000,121,486,57272,397559,0,0
time,1,adaptive,prototype_rolling_32_2far,price_query,20000,57,119,25364,814543,0,0
time,1,adaptive,prototype_rolling_32_2far,intent_to_command,20000,101,226,37620,2090804,0,0
time,1,adaptive,prototype_rolling_32_2far,intent_queued,20000,46,75,15408,98884,0,0
time,1,adaptive,prototype_rolling_32_2far,replace_report,20000,96,269,36313,397443,0,0
time,1,adaptive,prototype_rolling_32_2far,ready_to_command,20000,113,325,36601,752418,0,0
time,1,adaptive,prototype_jump_32_2far,price_query,20000,57,103,157,43973,0,0
time,1,adaptive,prototype_jump_32_2far,intent_to_command,20000,100,201,2486,27866,0,0
time,1,adaptive,prototype_jump_32_2far,intent_queued,20000,46,78,145,30118,0,0
time,1,adaptive,prototype_jump_32_2far,replace_report,20000,97,247,2568,43310,0,0
time,1,adaptive,prototype_jump_32_2far,ready_to_command,20000,115,285,2693,27933,0,0
time,1,absl_btree,rolling_4,price_query,20000,43,60,85,19424,0,0
time,1,absl_btree,rolling_4,near_range8,20000,47,77,109,15517,0,0
time,1,absl_btree,rolling_4,index_submit,20000,84,174,240,17035,0,0
time,1,absl_btree,rolling_4,index_ack,20000,94,203,274,47739,0,0
time,1,absl_btree,rolling_4,cross_page_submit_subset,314,85,170,266,282,0,0
time,1,absl_btree,outliers_4,price_query,20000,43,61,90,16389,0,0
time,1,absl_btree,outliers_4,near_range8,20000,48,77,116,21978,0,0
time,1,absl_btree,outliers_4,index_submit,20000,84,206,352,15627,0,0
time,1,absl_btree,outliers_4,index_ack,20000,95,194,246,17723,0,0
time,1,absl_btree,outliers_4,cross_page_submit_subset,314,84,145,177,199,0,0
time,1,absl_btree,outliers_4,far_query,20000,42,60,92,12092,0,0
time,1,absl_btree,boundary_4,price_query,20000,42,61,94,13184,0,0
time,1,absl_btree,boundary_4,near_range8,20000,48,77,105,4457,0,0
time,1,absl_btree,boundary_4,index_submit,20000,84,165,218,20752,0,0
time,1,absl_btree,boundary_4,index_ack,20000,119,215,344,22882,0,0
time,1,absl_btree,boundary_4,cross_page_submit_subset,5000,84,139,170,9734,0,0
time,1,absl_btree,jump_4,price_query,20000,43,72,97,245061,0,0
time,1,absl_btree,jump_4,near_range8,20000,47,87,144,22644,0,0
time,1,absl_btree,jump_4,index_submit,20000,94,194,326,158076,0,0
time,1,absl_btree,jump_4,index_ack,20000,97,234,344,37946,0,0
time,1,absl_btree,jump_4,cross_page_submit_subset,3746,107,217,339,613,0,0
time,1,absl_btree,jump_4,jump_submit_subset,2496,119,222,336,613,0,0
time,1,absl_btree,rolling_32,price_query,20000,46,74,101,24246,0,0
time,1,absl_btree,rolling_32,near_range8,20000,61,91,115,11642,0,0
time,1,absl_btree,rolling_32,index_submit,20000,89,176,285,33997,0,0
time,1,absl_btree,rolling_32,index_ack,20000,75,175,302,12443,0,0
time,1,absl_btree,rolling_32,cross_page_submit_subset,305,89,175,240,315,0,0
time,1,absl_btree,outliers_32,price_query,20000,46,74,105,32380,0,0
time,1,absl_btree,outliers_32,near_range8,20000,61,88,116,33623,0,0
time,1,absl_btree,outliers_32,index_submit,20000,90,185,351,402680,0,0
time,1,absl_btree,outliers_32,index_ack,20000,75,178,254,13524,0,0
time,1,absl_btree,outliers_32,cross_page_submit_subset,305,90,208,258,415,0,0
time,1,absl_btree,outliers_32,far_query,20000,49,66,98,14379,0,0
time,1,absl_btree,boundary_32,price_query,20000,46,70,99,24323,0,0
time,1,absl_btree,boundary_32,near_range8,20000,59,84,124,12476,0,0
time,1,absl_btree,boundary_32,index_submit,20000,87,188,279,46772,0,0
time,1,absl_btree,boundary_32,index_ack,20000,129,220,327,18833,0,0
time,1,absl_btree,boundary_32,cross_page_submit_subset,625,86,118,148,150,0,0
time,1,absl_btree,jump_32,price_query,20000,47,91,131,19473,0,0
time,1,absl_btree,jump_32,near_range8,20000,61,129,219,16643,0,0
time,1,absl_btree,jump_32,index_submit,20000,100,252,430,187416,0,0
time,1,absl_btree,jump_32,index_ack,20000,76,301,580,17385,0,0
time,1,absl_btree,jump_32,cross_page_submit_subset,2652,142,309,580,889,0,0
time,1,absl_btree,jump_32,jump_submit_subset,2496,143,310,580,889,0,0
time,1,absl_btree,rolling_128,price_query,20000,60,113,297,21739,0,0
time,1,absl_btree,rolling_128,near_range8,20000,83,147,290,51045,0,0
time,1,absl_btree,rolling_128,index_submit,20000,140,283,3784,51600,0,0
time,1,absl_btree,rolling_128,index_ack,20000,99,260,3630,24561,0,0
time,1,absl_btree,rolling_128,cross_page_submit_subset,312,141,277,710,8746,0,0
time,1,absl_btree,outliers_128,price_query,20000,64,117,305,35586,0,0
time,1,absl_btree,outliers_128,near_range8,20000,88,151,3592,27543,0,0
time,1,absl_btree,outliers_128,index_submit,20000,151,442,3997,31330,0,0
time,1,absl_btree,outliers_128,index_ack,20000,106,298,3692,74944,0,0
time,1,absl_btree,outliers_128,cross_page_submit_subset,312,149,442,1141,3881,0,0
time,1,absl_btree,outliers_128,far_query,20000,63,112,312,8901,0,0
time,1,absl_btree,boundary_128,price_query,20000,60,102,3471,28028,0,0
time,1,absl_btree,boundary_128,near_range8,20000,86,128,3678,53315,0,0
time,1,absl_btree,boundary_128,index_submit,20000,138,260,3886,46706,0,0
time,1,absl_btree,boundary_128,index_ack,20000,190,396,4082,40979,0,0
time,1,absl_btree,boundary_128,cross_page_submit_subset,313,140,233,285,343,0,0
time,1,absl_btree,jump_128,price_query,20000,68,127,3422,55200,0,0
time,1,absl_btree,jump_128,near_range8,20000,88,184,3640,32656,0,0
time,1,absl_btree,jump_128,index_submit,20000,150,467,3983,39308,0,0
time,1,absl_btree,jump_128,index_ack,20000,107,531,3834,41933,0,0
time,1,absl_btree,jump_128,cross_page_submit_subset,2704,239,716,5037,39308,0,0
time,1,absl_btree,jump_128,jump_submit_subset,2432,243,716,4123,39308,0,0
time,1,absl_btree,4096books_4near_2far,price_query,20000,254,681,4134,55142,0,0
time,1,absl_btree,new_book_growth,index_insert,20000,224,3733,8692,289716,0,0
time,1,absl_btree,new_book_growth,every64_subset,313,3726,10243,28492,40325,0,0
time,1,absl_btree,cancel_rehang_4near,index_cancel,20000,65,98,183,32848,0,0
time,1,absl_btree,cancel_rehang_4near,index_new,20000,119,183,2958,40687,0,0
time,1,absl_btree,cancel_rehang_4near,index_accepted,20000,88,176,459,31709,0,0
time,1,absl_btree,cancel_rehang_4near,index_canceled,20000,107,199,2918,32555,0,0
time,1,absl_btree,prototype_rolling_4_2far,price_query,20000,46,58,2290,17643,0,0
time,1,absl_btree,prototype_rolling_4_2far,intent_to_command,20000,100,154,2885,37810,0,0
time,1,absl_btree,prototype_rolling_4_2far,intent_queued,20000,46,56,102,31367,0,0
time,1,absl_btree,prototype_rolling_4_2far,replace_report,20000,143,294,3156,21620,0,0
time,1,absl_btree,prototype_rolling_4_2far,ready_to_command,20000,135,229,3104,18725,0,0
time,1,absl_btree,prototype_jump_4_2far,price_query,20000,47,61,96,6646,0,0
time,1,absl_btree,prototype_jump_4_2far,intent_to_command,20000,101,159,222,14672,0,0
time,1,absl_btree,prototype_jump_4_2far,intent_queued,20000,46,60,73,3769,0,0
time,1,absl_btree,prototype_jump_4_2far,replace_report,20000,142,238,480,13931,0,0
time,1,absl_btree,prototype_jump_4_2far,ready_to_command,20000,135,219,725,32296,0,0
time,1,absl_btree,prototype_rolling_32_2far,price_query,20000,51,92,152,4287,0,0
time,1,absl_btree,prototype_rolling_32_2far,intent_to_command,20000,105,168,1375,21959,0,0
time,1,absl_btree,prototype_rolling_32_2far,intent_queued,20000,46,59,75,23509,0,0
time,1,absl_btree,prototype_rolling_32_2far,replace_report,20000,96,289,1457,21094,0,0
time,1,absl_btree,prototype_rolling_32_2far,ready_to_command,20000,116,266,580,44754,0,0
time,1,absl_btree,prototype_jump_32_2far,price_query,20000,53,106,157,15497,0,0
time,1,absl_btree,prototype_jump_32_2far,intent_to_command,20000,107,204,343,55811,0,0
time,1,absl_btree,prototype_jump_32_2far,intent_queued,20000,46,65,118,29682,0,0
time,1,absl_btree,prototype_jump_32_2far,replace_report,20000,97,358,642,1012396,0,0
time,1,absl_btree,prototype_jump_32_2far,ready_to_command,20000,128,324,531,1001656,0,0
time,2,sorted_deque,rolling_4,price_query,20000,43,60,90,15428,0,0
time,2,sorted_deque,rolling_4,near_range8,20000,44,64,108,183565,0,0
time,2,sorted_deque,rolling_4,index_submit,20000,87,165,302,1740807,0,0
time,2,sorted_deque,rolling_4,index_ack,20000,90,140,252,18777,0,0
time,2,sorted_deque,rolling_4,cross_page_submit_subset,314,87,167,190,230,0,0
time,2,sorted_deque,outliers_4,price_query,20000,43,58,90,22977,0,0
time,2,sorted_deque,outliers_4,near_range8,20000,43,64,96,12950,0,0
time,2,sorted_deque,outliers_4,index_submit,20000,87,205,379,2167692,0,0
time,2,sorted_deque,outliers_4,index_ack,20000,90,140,240,368512,0,0
time,2,sorted_deque,outliers_4,cross_page_submit_subset,314,87,154,278,770,0,0
time,2,sorted_deque,outliers_4,far_query,20000,42,57,78,15410,0,0
time,2,sorted_deque,boundary_4,price_query,20000,47,75,118,51088,0,0
time,2,sorted_deque,boundary_4,near_range8,20000,51,89,146,38264,0,0
time,2,sorted_deque,boundary_4,index_submit,20000,110,205,391,117485,0,0
time,2,sorted_deque,boundary_4,index_ack,20000,118,227,403,2154119,0,0
time,2,sorted_deque,boundary_4,cross_page_submit_subset,5000,107,230,407,5796,0,0
time,2,sorted_deque,jump_4,price_query,20000,50,73,100,18627,0,0
time,2,sorted_deque,jump_4,near_range8,20000,54,79,106,16943,0,0
time,2,sorted_deque,jump_4,index_submit,20000,120,193,364,95598,0,0
time,2,sorted_deque,jump_4,index_ack,20000,113,181,274,35486,0,0
time,2,sorted_deque,jump_4,cross_page_submit_subset,3746,130,215,434,27519,0,0
time,2,sorted_deque,jump_4,jump_submit_subset,2496,144,224,434,27519,0,0
time,2,sorted_deque,rolling_32,price_query,20000,48,84,2741,6210,0,0
time,2,sorted_deque,rolling_32,near_range8,20000,55,80,2768,16375,0,0
time,2,sorted_deque,rolling_32,index_submit,20000,91,223,2932,33994,0,0
time,2,sorted_deque,rolling_32,index_ack,20000,76,138,2838,29363,0,0
time,2,sorted_deque,rolling_32,cross_page_submit_subset,305,91,201,285,2828,0,0
time,2,sorted_deque,outliers_32,price_query,20000,48,67,2769,17378,0,0
time,2,sorted_deque,outliers_32,near_range8,20000,54,72,2766,13749,0,0
time,2,sorted_deque,outliers_32,index_submit,20000,91,210,2964,22538,0,0
time,2,sorted_deque,outliers_32,index_ack,20000,75,136,2861,17484,0,0
time,2,sorted_deque,outliers_32,cross_page_submit_subset,305,91,239,2888,2888,0,0
time,2,sorted_deque,outliers_32,far_query,20000,48,67,2707,19693,0,0
time,2,sorted_deque,boundary_32,price_query,20000,48,68,106,21737,0,0
time,2,sorted_deque,boundary_32,near_range8,20000,55,81,99,3465,0,0
time,2,sorted_deque,boundary_32,index_submit,20000,91,141,196,19217,0,0
time,2,sorted_deque,boundary_32,index_ack,20000,113,158,206,11904,0,0
time,2,sorted_deque,boundary_32,cross_page_submit_subset,625,112,144,271,312,0,0
time,2,sorted_deque,jump_32,price_query,20000,48,80,2777,22532,0,0
time,2,sorted_deque,jump_32,near_range8,20000,56,89,2621,18379,0,0
time,2,sorted_deque,jump_32,index_submit,20000,91,196,3003,14092,0,0
time,2,sorted_deque,jump_32,index_ack,20000,76,172,2960,68591,0,0
time,2,sorted_deque,jump_32,cross_page_submit_subset,2652,111,226,1260,3122,0,0
time,2,sorted_deque,jump_32,jump_submit_subset,2496,112,228,1260,3122,0,0
time,2,sorted_deque,rolling_128,price_query,20000,50,84,111,242,0,0
time,2,sorted_deque,rolling_128,near_range8,20000,57,67,91,20511,0,0
time,2,sorted_deque,rolling_128,index_submit,20000,95,139,221,22191,0,0
time,2,sorted_deque,rolling_128,index_ack,20000,78,119,169,14159,0,0
time,2,sorted_deque,rolling_128,cross_page_submit_subset,312,97,144,166,208,0,0
time,2,sorted_deque,outliers_128,price_query,20000,50,88,114,3001,0,0
time,2,sorted_deque,outliers_128,near_range8,20000,56,67,95,315,0,0
time,2,sorted_deque,outliers_128,index_submit,20000,97,168,288,17540,0,0
time,2,sorted_deque,outliers_128,index_ack,20000,78,117,149,13031,0,0
time,2,sorted_deque,outliers_128,cross_page_submit_subset,312,98,159,179,213,0,0
time,2,sorted_deque,outliers_128,far_query,20000,48,52,66,33845,0,0
time,2,sorted_deque,boundary_128,price_query,20000,53,94,2695,41858,0,0
time,2,sorted_deque,boundary_128,near_range8,20000,57,84,2723,26549,0,0
time,2,sorted_deque,boundary_128,index_submit,20000,111,183,2973,86008,0,0
time,2,sorted_deque,boundary_128,index_ack,20000,120,199,3110,40765,0,0
time,2,sorted_deque,boundary_128,cross_page_submit_subset,313,114,183,2951,3000,0,0
time,2,sorted_deque,jump_128,price_query,20000,51,91,135,41030,0,0
time,2,sorted_deque,jump_128,near_range8,20000,57,94,125,39188,0,0
time,2,sorted_deque,jump_128,index_submit,20000,102,221,300,24228,0,0
time,2,sorted_deque,jump_128,index_ack,20000,79,228,340,46032,0,0
time,2,sorted_deque,jump_128,cross_page_submit_subset,2704,118,271,1698,9888,0,0
time,2,sorted_deque,jump_128,jump_submit_subset,2432,132,274,1698,9888,0,0
time,2,sorted_deque,4096books_4near_2far,price_query,20000,129,487,756,37502,0,0
time,2,sorted_deque,new_book_growth,index_insert,20000,227,3732,13797,1006083,0,0
time,2,sorted_deque,new_book_growth,every64_subset,313,3758,13797,25674,54403,0,0
time,2,sorted_deque,cancel_rehang_4near,index_cancel,20000,64,80,105,31538,0,0
time,2,sorted_deque,cancel_rehang_4near,index_new,20000,109,135,175,16268,0,0
time,2,sorted_deque,cancel_rehang_4near,index_accepted,20000,82,102,201,37218,0,0
time,2,sorted_deque,cancel_rehang_4near,index_canceled,20000,81,99,135,17252,0,0
time,2,sorted_deque,prototype_rolling_4_2far,price_query,20000,47,51,64,45211,0,0
time,2,sorted_deque,prototype_rolling_4_2far,intent_to_command,20000,101,127,168,3396,0,0
time,2,sorted_deque,prototype_rolling_4_2far,intent_queued,20000,46,48,65,14015,0,0
time,2,sorted_deque,prototype_rolling_4_2far,replace_report,20000,114,142,254,18607,0,0
time,2,sorted_deque,prototype_rolling_4_2far,ready_to_command,20000,127,162,252,11841,0,0
time,2,sorted_deque,prototype_jump_4_2far,price_query,20000,47,54,68,11285,0,0
time,2,sorted_deque,prototype_jump_4_2far,intent_to_command,20000,101,144,183,19297,0,0
time,2,sorted_deque,prototype_jump_4_2far,intent_queued,20000,46,59,64,14864,0,0
time,2,sorted_deque,prototype_jump_4_2far,replace_report,20000,114,160,231,17518,0,0
time,2,sorted_deque,prototype_jump_4_2far,ready_to_command,20000,127,171,227,22812,0,0
time,2,sorted_deque,prototype_rolling_32_2far,price_query,20000,53,70,109,11885,0,0
time,2,sorted_deque,prototype_rolling_32_2far,intent_to_command,20000,107,145,197,12922,0,0
time,2,sorted_deque,prototype_rolling_32_2far,intent_queued,20000,46,55,66,14230,0,0
time,2,sorted_deque,prototype_rolling_32_2far,replace_report,20000,94,146,230,12254,0,0
time,2,sorted_deque,prototype_rolling_32_2far,ready_to_command,20000,119,179,296,15196,0,0
time,2,sorted_deque,prototype_jump_32_2far,price_query,20000,53,80,110,33822,0,0
time,2,sorted_deque,prototype_jump_32_2far,intent_to_command,20000,107,160,233,447013,0,0
time,2,sorted_deque,prototype_jump_32_2far,intent_queued,20000,46,59,80,13700,0,0
time,2,sorted_deque,prototype_jump_32_2far,replace_report,20000,95,170,307,262685,0,0
time,2,sorted_deque,prototype_jump_32_2far,ready_to_command,20000,120,207,337,19237,0,0
time,2,sorted_deque_soa,rolling_4,price_query,20000,51,58,71,14798,0,0
time,2,sorted_deque_soa,rolling_4,near_range8,20000,53,61,81,28151,0,0
time,2,sorted_deque_soa,rolling_4,index_submit,20000,94,136,233,26163,0,0
time,2,sorted_deque_soa,rolling_4,index_ack,20000,94,114,172,20337,0,0
time,2,sorted_deque_soa,rolling_4,cross_page_submit_subset,314,94,130,156,306,0,0
time,2,sorted_deque_soa,outliers_4,price_query,20000,52,67,97,24420,0,0
time,2,sorted_deque_soa,outliers_4,near_range8,20000,53,74,113,36308,0,0
time,2,sorted_deque_soa,outliers_4,index_submit,20000,94,242,472,24036,0,0
time,2,sorted_deque_soa,outliers_4,index_ack,20000,98,163,286,25512,0,0
time,2,sorted_deque_soa,outliers_4,cross_page_submit_subset,314,93,188,224,353,0,0
time,2,sorted_deque_soa,outliers_4,far_query,20000,51,66,113,107847,0,0
time,2,sorted_deque_soa,boundary_4,price_query,20000,51,63,89,3411,0,0
time,2,sorted_deque_soa,boundary_4,near_range8,20000,53,69,104,16258,0,0
time,2,sorted_deque_soa,boundary_4,index_submit,20000,93,152,216,28360,0,0
time,2,sorted_deque_soa,boundary_4,index_ack,20000,117,163,228,16319,0,0
time,2,sorted_deque_soa,boundary_4,cross_page_submit_subset,5000,92,142,209,406,0,0
time,2,sorted_deque_soa,jump_4,price_query,20000,51,57,79,13884,0,0
time,2,sorted_deque_soa,jump_4,near_range8,20000,53,63,87,15452,0,0
time,2,sorted_deque_soa,jump_4,index_submit,20000,99,144,276,24039,0,0
time,2,sorted_deque_soa,jump_4,index_ack,20000,96,137,214,14274,0,0
time,2,sorted_deque_soa,jump_4,cross_page_submit_subset,3746,105,164,462,19478,0,0
time,2,sorted_deque_soa,jump_4,jump_submit_subset,2496,109,171,343,19478,0,0
time,2,sorted_deque_soa,rolling_32,price_query,20000,65,87,215,19955,0,0
time,2,sorted_deque_soa,rolling_32,near_range8,20000,73,108,178,1142955,0,0
time,2,sorted_deque_soa,rolling_32,index_submit,20000,106,197,480,88656,0,0
time,2,sorted_deque_soa,rolling_32,index_ack,20000,75,163,348,49275,0,0
time,2,sorted_deque_soa,rolling_32,cross_page_submit_subset,305,106,204,246,289,0,0
time,2,sorted_deque_soa,outliers_32,price_query,20000,66,92,177,14168,0,0
time,2,sorted_deque_soa,outliers_32,near_range8,20000,74,120,227,16508,0,0
time,2,sorted_deque_soa,outliers_32,index_submit,20000,107,242,438,16281,0,0
time,2,sorted_deque_soa,outliers_32,index_ack,20000,75,162,267,35186,0,0
time,2,sorted_deque_soa,outliers_32,cross_page_submit_subset,305,107,299,366,376,0,0
time,2,sorted_deque_soa,outliers_32,far_query,20000,65,91,177,13321,0,0
time,2,sorted_deque_soa,boundary_32,price_query,20000,65,75,91,11602,0,0
time,2,sorted_deque_soa,boundary_32,near_range8,20000,73,91,114,16693,0,0
time,2,sorted_deque_soa,boundary_32,index_submit,20000,106,158,204,10343,0,0
time,2,sorted_deque_soa,boundary_32,index_ack,20000,145,177,217,35159,0,0
time,2,sorted_deque_soa,boundary_32,cross_page_submit_subset,625,105,135,204,239,0,0
time,2,sorted_deque_soa,jump_32,price_query,20000,65,83,114,14559,0,0
time,2,sorted_deque_soa,jump_32,near_range8,20000,73,104,147,36947,0,0
time,2,sorted_deque_soa,jump_32,index_submit,20000,106,217,313,21674,0,0
time,2,sorted_deque_soa,jump_32,index_ack,20000,75,213,287,14400,0,0
time,2,sorted_deque_soa,jump_32,cross_page_submit_subset,2652,176,287,400,21674,0,0
time,2,sorted_deque_soa,jump_32,jump_submit_subset,2496,177,293,400,21674,0,0
time,2,sorted_deque_soa,rolling_128,price_query,20000,50,85,109,12269,0,0
time,2,sorted_deque_soa,rolling_128,near_range8,20000,53,64,84,19886,0,0
time,2,sorted_deque_soa,rolling_128,index_submit,20000,114,151,214,24899,0,0
time,2,sorted_deque_soa,rolling_128,index_ack,20000,77,121,150,12826,0,0
time,2,sorted_deque_soa,rolling_128,cross_page_submit_subset,312,117,154,171,258,0,0
time,2,sorted_deque_soa,outliers_128,price_query,20000,50,87,115,2925,0,0
time,2,sorted_deque_soa,outliers_128,near_range8,20000,56,81,117,3300,0,0
time,2,sorted_deque_soa,outliers_128,index_submit,20000,94,192,378,12232,0,0
time,2,sorted_deque_soa,outliers_128,index_ack,20000,78,132,282,63760,0,0
time,2,sorted_deque_soa,outliers_128,cross_page_submit_subset,312,95,181,236,246,0,0
time,2,sorted_deque_soa,outliers_128,far_query,20000,50,62,104,24252,0,0
time,2,sorted_deque_soa,boundary_128,price_query,20000,68,102,151,109813,0,0
time,2,sorted_deque_soa,boundary_128,near_range8,20000,54,78,104,13709,0,0
time,2,sorted_deque_soa,boundary_128,index_submit,20000,112,171,339,31594,0,0
time,2,sorted_deque_soa,boundary_128,index_ack,20000,119,231,412,34001,0,0
time,2,sorted_deque_soa,boundary_128,cross_page_submit_subset,313,123,217,286,4218,0,0
time,2,sorted_deque_soa,jump_128,price_query,20000,52,87,109,2858,0,0
time,2,sorted_deque_soa,jump_128,near_range8,20000,54,89,133,14245,0,0
time,2,sorted_deque_soa,jump_128,index_submit,20000,115,221,476,18202,0,0
time,2,sorted_deque_soa,jump_128,index_ack,20000,78,215,321,13722,0,0
time,2,sorted_deque_soa,jump_128,cross_page_submit_subset,2704,121,266,1557,18202,0,0
time,2,sorted_deque_soa,jump_128,jump_submit_subset,2432,130,270,1557,18202,0,0
time,2,sorted_deque_soa,4096books_4near_2far,price_query,20000,191,546,3189,102560,0,0
time,2,sorted_deque_soa,new_book_growth,index_insert,20000,267,5022,18291,2110746,0,0
time,2,sorted_deque_soa,new_book_growth,every64_subset,313,3888,16731,27401,36619,0,0
time,2,sorted_deque_soa,cancel_rehang_4near,index_cancel,20000,90,162,323,27857,0,0
time,2,sorted_deque_soa,cancel_rehang_4near,index_new,20000,154,213,3839,46709,0,0
time,2,sorted_deque_soa,cancel_rehang_4near,index_accepted,20000,120,208,396,38325,0,0
time,2,sorted_deque_soa,cancel_rehang_4near,index_canceled,20000,122,168,3148,45331,0,0
time,2,sorted_deque_soa,prototype_rolling_4_2far,price_query,20000,66,89,163,17946,0,0
time,2,sorted_deque_soa,prototype_rolling_4_2far,intent_to_command,20000,155,207,339,38200,0,0
time,2,sorted_deque_soa,prototype_rolling_4_2far,intent_queued,20000,58,78,153,33561,0,0
time,2,sorted_deque_soa,prototype_rolling_4_2far,replace_report,20000,193,280,925,40729,0,0
time,2,sorted_deque_soa,prototype_rolling_4_2far,ready_to_command,20000,226,313,745,57853,0,0
time,2,sorted_deque_soa,prototype_jump_4_2far,price_query,20000,66,92,158,46548,0,0
time,2,sorted_deque_soa,prototype_jump_4_2far,intent_to_command,20000,155,252,439,76023,0,0
time,2,sorted_deque_soa,prototype_jump_4_2far,intent_queued,20000,58,80,155,38161,0,0
time,2,sorted_deque_soa,prototype_jump_4_2far,replace_report,20000,193,305,796,34981,0,0
time,2,sorted_deque_soa,prototype_jump_4_2far,ready_to_command,20000,226,319,660,39020,0,0
time,2,sorted_deque_soa,prototype_rolling_32_2far,price_query,20000,85,117,194,36558,0,0
time,2,sorted_deque_soa,prototype_rolling_32_2far,intent_to_command,20000,171,233,471,62550,0,0
time,2,sorted_deque_soa,prototype_rolling_32_2far,intent_queued,20000,59,79,139,20295,0,0
time,2,sorted_deque_soa,prototype_rolling_32_2far,replace_report,20000,153,289,492,31658,0,0
time,2,sorted_deque_soa,prototype_rolling_32_2far,ready_to_command,20000,202,380,4502,51448,0,0
time,2,sorted_deque_soa,prototype_jump_32_2far,price_query,20000,85,128,226,47866,0,0
time,2,sorted_deque_soa,prototype_jump_32_2far,intent_to_command,20000,172,287,3936,28103,0,0
time,2,sorted_deque_soa,prototype_jump_32_2far,intent_queued,20000,58,78,140,57232,0,0
time,2,sorted_deque_soa,prototype_jump_32_2far,replace_report,20000,155,336,4240,47278,0,0
time,2,sorted_deque_soa,prototype_jump_32_2far,ready_to_command,20000,205,408,4395,38409,0,0
time,2,linear_prices,rolling_4,price_query,20000,42,59,80,14833,0,0
time,2,linear_prices,rolling_4,near_range8,20000,57,110,200,53203,0,0
time,2,linear_prices,rolling_4,index_submit,20000,76,141,194,36163,0,0
time,2,linear_prices,rolling_4,index_ack,20000,91,151,238,30801,0,0
time,2,linear_prices,rolling_4,cross_page_submit_subset,314,76,142,163,252,0,0
time,2,linear_prices,outliers_4,price_query,20000,41,55,79,11056,0,0
time,2,linear_prices,outliers_4,near_range8,20000,59,100,175,13861,0,0
time,2,linear_prices,outliers_4,index_submit,20000,75,180,354,21505,0,0
time,2,linear_prices,outliers_4,index_ack,20000,88,132,182,19648,0,0
time,2,linear_prices,outliers_4,cross_page_submit_subset,314,75,125,177,3889,0,0
time,2,linear_prices,outliers_4,far_query,20000,41,51,65,14865,0,0
time,2,linear_prices,boundary_4,price_query,20000,41,50,67,24289,0,0
time,2,linear_prices,boundary_4,near_range8,20000,64,72,123,18286,0,0
time,2,linear_prices,boundary_4,index_submit,20000,75,107,157,22626,0,0
time,2,linear_prices,boundary_4,index_ack,20000,101,129,183,15808,0,0
time,2,linear_prices,boundary_4,cross_page_submit_subset,5000,74,96,157,318,0,0
time,2,linear_prices,jump_4,price_query,20000,41,50,65,12333,0,0
time,2,linear_prices,jump_4,near_range8,20000,56,86,227,19718,0,0
time,2,linear_prices,jump_4,index_submit,20000,76,107,135,3465,0,0
time,2,linear_prices,jump_4,index_ack,20000,89,126,166,3976,0,0
time,2,linear_prices,jump_4,cross_page_submit_subset,3746,86,114,142,282,0,0
time,2,linear_prices,jump_4,jump_submit_subset,2496,87,115,160,282,0,0
time,2,linear_prices,rolling_32,price_query,20000,50,77,86,3396,0,0
time,2,linear_prices,rolling_32,near_range8,20000,350,578,3735,20441,0,0
time,2,linear_prices,rolling_32,index_submit,20000,93,135,183,17499,0,0
time,2,linear_prices,rolling_32,index_ack,20000,75,181,217,13220,0,0
time,2,linear_prices,rolling_32,cross_page_submit_subset,305,87,132,148,159,0,0
time,2,linear_prices,outliers_32,price_query,20000,50,78,94,3583,0,0
time,2,linear_prices,outliers_32,near_range8,20000,357,564,3302,22684,0,0
time,2,linear_prices,outliers_32,index_submit,20000,93,148,288,20429,0,0
time,2,linear_prices,outliers_32,index_ack,20000,75,185,221,11311,0,0
time,2,linear_prices,outliers_32,cross_page_submit_subset,305,84,126,139,4109,0,0
time,2,linear_prices,outliers_32,far_query,20000,58,68,97,14367,0,0
time,2,linear_prices,boundary_32,price_query,20000,48,69,123,22333,0,0
time,2,linear_prices,boundary_32,near_range8,20000,349,383,3409,22429,0,0
time,2,linear_prices,boundary_32,index_submit,20000,91,131,254,13763,0,0
time,2,linear_prices,boundary_32,index_ack,20000,105,188,230,19706,0,0
time,2,linear_prices,boundary_32,cross_page_submit_subset,625,84,142,213,254,0,0
time,2,linear_prices,jump_32,price_query,20000,52,82,129,14640,0,0
time,2,linear_prices,jump_32,near_range8,20000,349,648,4045,21205,0,0
time,2,linear_prices,jump_32,index_submit,20000,92,161,271,14079,0,0
time,2,linear_prices,jump_32,index_ack,20000,75,242,449,29531,0,0
time,2,linear_prices,jump_32,cross_page_submit_subset,2652,129,181,339,7132,0,0
time,2,linear_prices,jump_32,jump_submit_subset,2496,130,183,339,7132,0,0
time,2,linear_prices,rolling_128,price_query,20000,73,134,177,13825,0,0
time,2,linear_prices,rolling_128,near_range8,20000,1285,1656,14334,40782,0,0
time,2,linear_prices,rolling_128,index_submit,20000,118,216,414,15227,0,0
time,2,linear_prices,rolling_128,index_ack,20000,78,224,464,22125,0,0
time,2,linear_prices,rolling_128,cross_page_submit_subset,312,108,186,207,214,0,0
time,2,linear_prices,outliers_128,price_query,20000,72,142,193,4704,0,0
time,2,linear_prices,outliers_128,near_range8,20000,1307,1923,15515,30729,0,0
time,2,linear_prices,outliers_128,index_submit,20000,118,245,434,15542,0,0
time,2,linear_prices,outliers_128,index_ack,20000,78,206,464,40369,0,0
time,2,linear_prices,outliers_128,cross_page_submit_subset,312,108,222,357,366,0,0
time,2,linear_prices,outliers_128,far_query,20000,87,128,172,4292,0,0
time,2,linear_prices,boundary_128,price_query,20000,72,143,228,21131,0,0
time,2,linear_prices,boundary_128,near_range8,20000,1286,3814,15139,30866,0,0
time,2,linear_prices,boundary_128,index_submit,20000,117,230,368,11792,0,0
time,2,linear_prices,boundary_128,index_ack,20000,110,300,3079,19699,0,0
time,2,linear_prices,boundary_128,cross_page_submit_subset,313,107,150,225,236,0,0
time,2,linear_prices,jump_128,price_query,20000,78,153,205,18541,0,0
time,2,linear_prices,jump_128,near_range8,20000,1290,2222,15491,43349,0,0
time,2,linear_prices,jump_128,index_submit,20000,121,351,558,13918,0,0
time,2,linear_prices,jump_128,index_ack,20000,78,563,659,12711,0,0
time,2,linear_prices,jump_128,cross_page_submit_subset,2704,268,478,596,3665,0,0
time,2,linear_prices,jump_128,jump_submit_subset,2432,274,485,596,3665,0,0
time,2,linear_prices,4096books_4near_2far,price_query,20000,116,393,594,30249,0,0
time,2,linear_prices,new_book_growth,index_insert,20000,189,2257,10691,560132,0,0
time,2,linear_prices,new_book_growth,every64_subset,313,2268,12472,24751,28517,0,0
time,2,linear_prices,cancel_rehang_4near,index_cancel,20000,64,79,85,15417,0,0
time,2,linear_prices,cancel_rehang_4near,index_new,20000,107,115,208,14152,0,0
time,2,linear_prices,cancel_rehang_4near,index_accepted,20000,92,100,144,25205,0,0
time,2,linear_prices,cancel_rehang_4near,index_canceled,20000,90,98,135,14362,0,0
time,2,linear_prices,prototype_rolling_4_2far,price_query,20000,54,75,106,12001,0,0
time,2,linear_prices,prototype_rolling_4_2far,intent_to_command,20000,91,155,230,30676,0,0
time,2,linear_prices,prototype_rolling_4_2far,intent_queued,20000,46,62,85,13513,0,0
time,2,linear_prices,prototype_rolling_4_2far,replace_report,20000,123,193,310,12889,0,0
time,2,linear_prices,prototype_rolling_4_2far,ready_to_command,20000,113,201,279,11892,0,0
time,2,linear_prices,prototype_jump_4_2far,price_query,20000,54,72,100,3974,0,0
time,2,linear_prices,prototype_jump_4_2far,intent_to_command,20000,91,146,209,21684,0,0
time,2,linear_prices,prototype_jump_4_2far,intent_queued,20000,46,60,79,20679,0,0
time,2,linear_prices,prototype_jump_4_2far,replace_report,20000,122,184,348,34658,0,0
time,2,linear_prices,prototype_jump_4_2far,ready_to_command,20000,113,190,276,16187,0,0
time,2,linear_prices,prototype_rolling_32_2far,price_query,20000,59,88,2744,4772,0,0
time,2,linear_prices,prototype_rolling_32_2far,intent_to_command,20000,98,166,2929,17704,0,0
time,2,linear_prices,prototype_rolling_32_2far,intent_queued,20000,46,60,2745,21938,0,0
time,2,linear_prices,prototype_rolling_32_2far,replace_report,20000,95,260,3107,38388,0,0
time,2,linear_prices,prototype_rolling_32_2far,ready_to_command,20000,123,264,3162,18000,0,0
time,2,linear_prices,prototype_jump_32_2far,price_query,20000,60,92,128,15354,0,0
time,2,linear_prices,prototype_jump_32_2far,intent_to_command,20000,100,145,235,20591,0,0
time,2,linear_prices,prototype_jump_32_2far,intent_queued,20000,46,54,73,14102,0,0
time,2,linear_prices,prototype_jump_32_2far,replace_report,20000,95,219,335,37587,0,0
time,2,linear_prices,prototype_jump_32_2far,ready_to_command,20000,120,183,344,14203,0,0
time,2,adaptive,rolling_4,price_query,20000,44,54,67,3230,0,0
time,2,adaptive,rolling_4,near_range8,20000,48,64,74,12939,0,0
time,2,adaptive,rolling_4,index_submit,20000,81,118,211,21459,0,0
time,2,adaptive,rolling_4,index_ack,20000,80,108,150,44888,0,0
time,2,adaptive,rolling_4,cross_page_submit_subset,314,81,120,248,21459,0,0
time,2,adaptive,outliers_4,price_query,20000,44,66,2669,16937,0,0
time,2,adaptive,outliers_4,near_range8,20000,48,72,2664,3230,0,0
time,2,adaptive,outliers_4,index_submit,20000,82,225,2872,21957,0,0
time,2,adaptive,outliers_4,index_ack,20000,83,162,2850,39288,0,0
time,2,adaptive,outliers_4,cross_page_submit_subset,314,82,163,252,2665,0,0
time,2,adaptive,outliers_4,far_query,20000,44,66,2651,15808,0,0
time,2,adaptive,boundary_4,price_query,20000,44,54,66,16373,0,0
time,2,adaptive,boundary_4,near_range8,20000,48,54,70,3698,0,0
time,2,adaptive,boundary_4,index_submit,20000,80,111,153,17383,0,0
time,2,adaptive,boundary_4,index_ack,20000,98,126,171,12052,0,0
time,2,adaptive,boundary_4,cross_page_submit_subset,5000,80,104,135,248,0,0
time,2,adaptive,jump_4,price_query,20000,44,65,86,22150,0,0
time,2,adaptive,jump_4,near_range8,20000,48,74,102,4953,0,0
time,2,adaptive,jump_4,index_submit,20000,82,150,220,34943,0,0
time,2,adaptive,jump_4,index_ack,20000,82,149,234,18639,0,0
time,2,adaptive,jump_4,cross_page_submit_subset,3746,91,173,220,389,0,0
time,2,adaptive,jump_4,jump_submit_subset,2496,94,177,220,389,0,0
time,2,adaptive,rolling_32,price_query,20000,49,63,92,3148,0,0
time,2,adaptive,rolling_32,near_range8,20000,64,69,97,12171,0,0
time,2,adaptive,rolling_32,index_submit,20000,84,121,184,19365,0,0
time,2,adaptive,rolling_32,index_ack,20000,76,120,155,17590,0,0
time,2,adaptive,rolling_32,cross_page_submit_subset,305,84,109,131,165,0,0
time,2,adaptive,outliers_32,price_query,20000,49,87,113,24509,0,0
time,2,adaptive,outliers_32,near_range8,20000,63,101,133,12941,0,0
time,2,adaptive,outliers_32,index_submit,20000,84,197,370,38422,0,0
time,2,adaptive,outliers_32,index_ack,20000,76,140,216,38569,0,0
time,2,adaptive,outliers_32,cross_page_submit_subset,305,85,245,297,3503,0,0
time,2,adaptive,outliers_32,far_query,20000,50,68,91,19037,0,0
time,2,adaptive,boundary_32,price_query,20000,49,63,94,12163,0,0
time,2,adaptive,boundary_32,near_range8,20000,62,75,113,24209,0,0
time,2,adaptive,boundary_32,index_submit,20000,84,123,225,32176,0,0
time,2,adaptive,boundary_32,index_ack,20000,108,141,214,14423,0,0
time,2,adaptive,boundary_32,cross_page_submit_subset,625,84,124,131,163,0,0
time,2,adaptive,jump_32,price_query,20000,49,68,160,14650,0,0
time,2,adaptive,jump_32,near_range8,20000,64,82,2724,32873,0,0
time,2,adaptive,jump_32,index_submit,20000,85,152,2591,14121,0,0
time,2,adaptive,jump_32,index_ack,20000,76,151,2478,29594,0,0
time,2,adaptive,jump_32,cross_page_submit_subset,2652,101,207,338,14121,0,0
time,2,adaptive,jump_32,jump_submit_subset,2496,102,210,338,14121,0,0
time,2,adaptive,rolling_128,price_query,20000,52,87,151,13977,0,0
time,2,adaptive,rolling_128,near_range8,20000,66,71,139,3868,0,0
time,2,adaptive,rolling_128,index_submit,20000,99,152,1955,41923,0,0
time,2,adaptive,rolling_128,index_ack,20000,79,120,2891,19610,0,0
time,2,adaptive,rolling_128,cross_page_submit_subset,312,101,155,205,213,0,0
time,2,adaptive,outliers_128,price_query,20000,52,81,109,14356,0,0
time,2,adaptive,outliers_128,near_range8,20000,65,70,86,18149,0,0
time,2,adaptive,outliers_128,index_submit,20000,97,156,309,19313,0,0
time,2,adaptive,outliers_128,index_ack,20000,78,115,149,14534,0,0
time,2,adaptive,outliers_128,cross_page_submit_subset,312,102,148,171,173,0,0
time,2,adaptive,outliers_128,far_query,20000,53,59,68,12056,0,0
time,2,adaptive,boundary_128,price_query,20000,52,83,108,4236,0,0
time,2,adaptive,boundary_128,near_range8,20000,64,78,103,13763,0,0
time,2,adaptive,boundary_128,index_submit,20000,107,151,199,19503,0,0
time,2,adaptive,boundary_128,index_ack,20000,120,189,251,14172,0,0
time,2,adaptive,boundary_128,cross_page_submit_subset,313,112,161,175,18654,0,0
time,2,adaptive,jump_128,price_query,20000,53,94,183,19247,0,0
time,2,adaptive,jump_128,near_range8,20000,67,111,252,31311,0,0
time,2,adaptive,jump_128,index_submit,20000,106,219,3267,45697,0,0
time,2,adaptive,jump_128,index_ack,20000,80,236,516,21428,0,0
time,2,adaptive,jump_128,cross_page_submit_subset,2704,124,266,460,45697,0,0
time,2,adaptive,jump_128,jump_submit_subset,2432,129,267,460,45697,0,0
time,2,adaptive,4096books_4near_2far,price_query,20000,141,463,2925,28325,0,0
time,2,adaptive,new_book_growth,index_insert,20000,240,5472,19273,531717,0,0
time,2,adaptive,new_book_growth,every64_subset,313,3543,21115,31238,40635,0,0
time,2,adaptive,cancel_rehang_4near,index_cancel,20000,64,71,85,4397,0,0
time,2,adaptive,cancel_rehang_4near,index_new,20000,111,128,205,22519,0,0
time,2,adaptive,cancel_rehang_4near,index_accepted,20000,84,103,147,21115,0,0
time,2,adaptive,cancel_rehang_4near,index_canceled,20000,69,92,126,16176,0,0
time,2,adaptive,prototype_rolling_4_2far,price_query,20000,49,53,66,12499,0,0
time,2,adaptive,prototype_rolling_4_2far,intent_to_command,20000,97,134,154,15745,0,0
time,2,adaptive,prototype_rolling_4_2far,intent_queued,20000,46,48,63,4146,0,0
time,2,adaptive,prototype_rolling_4_2far,replace_report,20000,103,134,307,19403,0,0
time,2,adaptive,prototype_rolling_4_2far,ready_to_command,20000,119,158,248,34364,0,0
time,2,adaptive,prototype_jump_4_2far,price_query,20000,49,54,69,12205,0,0
time,2,adaptive,prototype_jump_4_2far,intent_to_command,20000,98,141,171,2949,0,0
time,2,adaptive,prototype_jump_4_2far,intent_queued,20000,46,54,62,3655,0,0
time,2,adaptive,prototype_jump_4_2far,replace_report,20000,103,156,221,13259,0,0
time,2,adaptive,prototype_jump_4_2far,ready_to_command,20000,119,166,247,41450,0,0
time,2,adaptive,prototype_rolling_32_2far,price_query,20000,58,80,114,3095,0,0
time,2,adaptive,prototype_rolling_32_2far,intent_to_command,20000,101,151,727,15528,0,0
time,2,adaptive,prototype_rolling_32_2far,intent_queued,20000,46,60,86,18353,0,0
time,2,adaptive,prototype_rolling_32_2far,replace_report,20000,95,169,321,15084,0,0
time,2,adaptive,prototype_rolling_32_2far,ready_to_command,20000,113,203,523,19197,0,0
time,2,adaptive,prototype_jump_32_2far,price_query,20000,58,78,136,10504,0,0
time,2,adaptive,prototype_jump_32_2far,intent_to_command,20000,101,145,240,12254,0,0
time,2,adaptive,prototype_jump_32_2far,intent_queued,20000,46,51,65,4803,0,0
time,2,adaptive,prototype_jump_32_2far,replace_report,20000,96,160,342,13888,0,0
time,2,adaptive,prototype_jump_32_2far,ready_to_command,20000,114,190,377,19040,0,0
time,2,absl_btree,rolling_4,price_query,20000,43,56,62,3334,0,0
time,2,absl_btree,rolling_4,near_range8,20000,47,71,76,17743,0,0
time,2,absl_btree,rolling_4,index_submit,20000,85,118,161,3570,0,0
time,2,absl_btree,rolling_4,index_ack,20000,92,155,200,17688,0,0
time,2,absl_btree,rolling_4,cross_page_submit_subset,314,84,117,160,323,0,0
time,2,absl_btree,outliers_4,price_query,20000,42,51,61,20053,0,0
time,2,absl_btree,outliers_4,near_range8,20000,48,59,75,13753,0,0
time,2,absl_btree,outliers_4,index_submit,20000,84,170,312,14825,0,0
time,2,absl_btree,outliers_4,index_ack,20000,93,154,197,12255,0,0
time,2,absl_btree,outliers_4,cross_page_submit_subset,314,84,116,127,158,0,0
time,2,absl_btree,outliers_4,far_query,20000,42,45,62,13105,0,0
time,2,absl_btree,boundary_4,price_query,20000,43,58,136,18996,0,0
time,2,absl_btree,boundary_4,near_range8,20000,48,67,137,17946,0,0
time,2,absl_btree,boundary_4,index_submit,20000,84,121,2689,14054,0,0
time,2,absl_btree,boundary_4,index_ack,20000,119,171,269,5305,0,0
time,2,absl_btree,boundary_4,cross_page_submit_subset,5000,84,102,173,3753,0,0
time,2,absl_btree,jump_4,price_query,20000,42,58,71,2896,0,0
time,2,absl_btree,jump_4,near_range8,20000,47,66,88,19222,0,0
time,2,absl_btree,jump_4,index_submit,20000,85,132,230,19068,0,0
time,2,absl_btree,jump_4,index_ack,20000,95,175,313,34349,0,0
time,2,absl_btree,jump_4,cross_page_submit_subset,3746,105,140,374,13965,0,0
time,2,absl_btree,jump_4,jump_submit_subset,2496,107,147,374,3159,0,0
time,2,absl_btree,rolling_32,price_query,20000,46,74,102,4721,0,0
time,2,absl_btree,rolling_32,near_range8,20000,61,87,116,20245,0,0
time,2,absl_btree,rolling_32,index_submit,20000,90,183,309,14295,0,0
time,2,absl_btree,rolling_32,index_ack,20000,75,182,407,119479,0,0
time,2,absl_btree,rolling_32,cross_page_submit_subset,305,89,171,225,235,0,0
time,2,absl_btree,outliers_32,price_query,20000,46,71,120,13212,0,0
time,2,absl_btree,outliers_32,near_range8,20000,61,92,165,6762,0,0
time,2,absl_btree,outliers_32,index_submit,20000,89,203,394,27436,0,0
time,2,absl_btree,outliers_32,index_ack,20000,75,188,302,14963,0,0
time,2,absl_btree,outliers_32,cross_page_submit_subset,305,89,220,273,342,0,0
time,2,absl_btree,outliers_32,far_query,20000,49,67,102,17391,0,0
time,2,absl_btree,boundary_32,price_query,20000,46,74,119,6057,0,0
time,2,absl_btree,boundary_32,near_range8,20000,59,88,136,15796,0,0
time,2,absl_btree,boundary_32,index_submit,20000,87,183,329,19364,0,0
time,2,absl_btree,boundary_32,index_ack,20000,129,229,413,13541,0,0
time,2,absl_btree,boundary_32,cross_page_submit_subset,625,87,136,178,182,0,0
time,2,absl_btree,jump_32,price_query,20000,46,77,100,21367,0,0
time,2,absl_btree,jump_32,near_range8,20000,61,90,141,59884,0,0
time,2,absl_btree,jump_32,index_submit,20000,97,200,304,14610,0,0
time,2,absl_btree,jump_32,index_ack,20000,75,248,375,3566,0,0
time,2,absl_btree,jump_32,cross_page_submit_subset,2652,135,236,332,556,0,0
time,2,absl_btree,jump_32,jump_submit_subset,2496,136,237,332,556,0,0
time,2,absl_btree,rolling_128,price_query,20000,51,89,119,3929,0,0
time,2,absl_btree,rolling_128,near_range8,20000,63,98,142,18786,0,0
time,2,absl_btree,rolling_128,index_submit,20000,114,190,344,35989,0,0
time,2,absl_btree,rolling_128,index_ack,20000,78,180,386,14760,0,0
time,2,absl_btree,rolling_128,cross_page_submit_subset,312,114,187,314,327,0,0
time,2,absl_btree,outliers_128,price_query,20000,52,93,141,10547,0,0
time,2,absl_btree,outliers_128,near_range8,20000,62,95,147,20796,0,0
time,2,absl_btree,outliers_128,index_submit,20000,113,218,393,15328,0,0
time,2,absl_btree,outliers_128,index_ack,20000,78,196,469,15162,0,0
time,2,absl_btree,outliers_128,cross_page_submit_subset,312,114,194,250,371,0,0
time,2,absl_btree,outliers_128,far_query,20000,54,81,157,15038,0,0
time,2,absl_btree,boundary_128,price_query,20000,50,77,102,4097,0,0
time,2,absl_btree,boundary_128,near_range8,20000,62,80,115,14710,0,0
time,2,absl_btree,boundary_128,index_submit,20000,104,170,302,44971,0,0
time,2,absl_btree,boundary_128,index_ack,20000,137,276,445,36313,0,0
time,2,absl_btree,boundary_128,cross_page_submit_subset,313,98,135,254,3897,0,0
time,2,absl_btree,jump_128,price_query,20000,52,94,132,20173,0,0
time,2,absl_btree,jump_128,near_range8,20000,63,103,167,19553,0,0
time,2,absl_btree,jump_128,index_submit,20000,115,252,467,33866,0,0
time,2,absl_btree,jump_128,index_ack,20000,79,351,525,14436,0,0
time,2,absl_btree,jump_128,cross_page_submit_subset,2704,177,373,595,15090,0,0
time,2,absl_btree,jump_128,jump_submit_subset,2432,179,374,592,1514,0,0
time,2,absl_btree,4096books_4near_2far,price_query,20000,120,436,663,44478,0,0
time,2,absl_btree,new_book_growth,index_insert,20000,211,2547,6088,318417,0,0
time,2,absl_btree,new_book_growth,every64_subset,313,2661,7719,11879,22530,0,0
time,2,absl_btree,cancel_rehang_4near,index_cancel,20000,65,81,122,11984,0,0
time,2,absl_btree,cancel_rehang_4near,index_new,20000,118,148,304,30706,0,0
time,2,absl_btree,cancel_rehang_4near,index_accepted,20000,87,109,201,19049,0,0
time,2,absl_btree,cancel_rehang_4near,index_canceled,20000,107,158,348,24256,0,0
time,2,absl_btree,prototype_rolling_4_2far,price_query,20000,46,54,72,12433,0,0
time,2,absl_btree,prototype_rolling_4_2far,intent_to_command,20000,103,144,274,13151,0,0
time,2,absl_btree,prototype_rolling_4_2far,intent_queued,20000,46,55,73,14508,0,0
time,2,absl_btree,prototype_rolling_4_2far,replace_report,20000,146,226,391,13062,0,0
time,2,absl_btree,prototype_rolling_4_2far,ready_to_command,20000,136,199,362,17004,0,0
time,2,absl_btree,prototype_jump_4_2far,price_query,20000,46,61,80,12117,0,0
time,2,absl_btree,prototype_jump_4_2far,intent_to_command,20000,102,154,222,43576,0,0
time,2,absl_btree,prototype_jump_4_2far,intent_queued,20000,46,60,75,282,0,0
time,2,absl_btree,prototype_jump_4_2far,replace_report,20000,147,227,352,13320,0,0
time,2,absl_btree,prototype_jump_4_2far,ready_to_command,20000,136,193,359,13030,0,0
time,2,absl_btree,prototype_rolling_32_2far,price_query,20000,51,90,134,17763,0,0
time,2,absl_btree,prototype_rolling_32_2far,intent_to_command,20000,105,156,251,34812,0,0
time,2,absl_btree,prototype_rolling_32_2far,intent_queued,20000,46,65,78,3220,0,0
time,2,absl_btree,prototype_rolling_32_2far,replace_report,20000,97,275,421,12484,0,0
time,2,absl_btree,prototype_rolling_32_2far,ready_to_command,20000,115,243,389,18252,0,0
time,2,absl_btree,prototype_jump_32_2far,price_query,20000,52,95,129,17209,0,0
time,2,absl_btree,prototype_jump_32_2far,intent_to_command,20000,106,169,281,35758,0,0
time,2,absl_btree,prototype_jump_32_2far,intent_queued,20000,46,65,85,13020,0,0
time,2,absl_btree,prototype_jump_32_2far,replace_report,20000,98,291,425,20275,0,0
time,2,absl_btree,prototype_jump_32_2far,ready_to_command,20000,123,253,413,13223,0,0
time,2,pool_pages,rolling_4,price_query,20000,46,57,81,6727,0,0
time,2,pool_pages,rolling_4,near_range8,20000,55,78,106,16861,0,0
time,2,pool_pages,rolling_4,index_submit,20000,92,153,316,18760,0,0
time,2,pool_pages,rolling_4,index_ack,20000,91,150,218,12560,0,0
time,2,pool_pages,rolling_4,cross_page_submit_subset,314,96,328,398,424,0,0
time,2,pool_pages,rolling_4,page_creation_subset,78,279,398,398,424,0,0
time,2,pool_pages,outliers_4,price_query,20000,46,60,83,14546,0,0
time,2,pool_pages,outliers_4,near_range8,20000,55,78,110,11851,0,0
time,2,pool_pages,outliers_4,index_submit,20000,92,210,385,19786,0,0
time,2,pool_pages,outliers_4,index_ack,20000,91,155,233,12562,0,0
time,2,pool_pages,outliers_4,cross_page_submit_subset,314,96,369,486,4426,0,0
time,2,pool_pages,outliers_4,page_creation_subset,78,277,486,486,4426,0,0
time,2,pool_pages,outliers_4,far_query,20000,48,60,86,17516,0,0
time,2,pool_pages,boundary_4,price_query,20000,46,52,65,130,0,0
time,2,pool_pages,boundary_4,near_range8,20000,58,86,91,14069,0,0
time,2,pool_pages,boundary_4,index_submit,20000,89,122,156,33293,0,0
time,2,pool_pages,boundary_4,index_ack,20000,110,154,196,17556,0,0
time,2,pool_pages,boundary_4,cross_page_submit_subset,5000,84,113,150,3275,0,0
time,2,pool_pages,jump_4,price_query,20000,46,60,84,22044,0,0
time,2,pool_pages,jump_4,near_range8,20000,55,82,106,3920,0,0
time,2,pool_pages,jump_4,index_submit,20000,93,206,278,20678,0,0
time,2,pool_pages,jump_4,index_ack,20000,93,188,277,16367,0,0
time,2,pool_pages,jump_4,cross_page_submit_subset,3746,105,245,323,5037,0,0
time,2,pool_pages,jump_4,page_creation_subset,1248,178,278,334,5037,0,0
time,2,pool_pages,jump_4,jump_submit_subset,2496,143,262,334,5037,0,0
time,2,pool_pages,rolling_32,price_query,20000,46,53,70,15225,0,0
time,2,pool_pages,rolling_32,near_range8,20000,64,86,114,28935,0,0
time,2,pool_pages,rolling_32,index_submit,20000,84,130,270,33512,0,0
time,2,pool_pages,rolling_32,index_ack,20000,76,130,203,12504,0,0
time,2,pool_pages,rolling_32,cross_page_submit_subset,305,96,316,428,433,0,0
time,2,pool_pages,rolling_32,page_creation_subset,10,312,428,428,433,0,0
time,2,pool_pages,outliers_32,price_query,20000,46,57,75,3209,0,0
time,2,pool_pages,outliers_32,near_range8,20000,64,90,130,18938,0,0
time,2,pool_pages,outliers_32,index_submit,20000,84,156,424,19715,0,0
time,2,pool_pages,outliers_32,index_ack,20000,76,135,312,14497,0,0
time,2,pool_pages,outliers_32,cross_page_submit_subset,305,96,424,447,523,0,0
time,2,pool_pages,outliers_32,page_creation_subset,10,424,447,447,523,0,0
time,2,pool_pages,outliers_32,far_query,20000,48,59,122,15512,0,0
time,2,pool_pages,boundary_32,price_query,20000,46,60,156,12344,0,0
time,2,pool_pages,boundary_32,near_range8,20000,67,97,212,22694,0,0
time,2,pool_pages,boundary_32,index_submit,20000,84,135,225,23893,0,0
time,2,pool_pages,boundary_32,index_ack,20000,115,176,296,28423,0,0
time,2,pool_pages,boundary_32,cross_page_submit_subset,625,104,148,172,183,0,0
time,2,pool_pages,jump_32,price_query,20000,46,53,63,15067,0,0
time,2,pool_pages,jump_32,near_range8,20000,64,86,108,20779,0,0
time,2,pool_pages,jump_32,index_submit,20000,84,155,264,14188,0,0
time,2,pool_pages,jump_32,index_ack,20000,76,156,223,3661,0,0
time,2,pool_pages,jump_32,cross_page_submit_subset,2652,95,234,289,3186,0,0
time,2,pool_pages,jump_32,page_creation_subset,156,200,289,290,344,0,0
time,2,pool_pages,jump_32,jump_submit_subset,2496,95,235,289,3186,0,0
time,2,pool_pages,rolling_128,price_query,20000,46,58,77,24823,0,0
time,2,pool_pages,rolling_128,near_range8,20000,64,93,129,33778,0,0
time,2,pool_pages,rolling_128,index_submit,20000,85,134,216,46653,0,0
time,2,pool_pages,rolling_128,index_ack,20000,80,132,201,16439,0,0
time,2,pool_pages,rolling_128,cross_page_submit_subset,312,106,187,355,499,0,0
time,2,pool_pages,rolling_128,page_creation_subset,3,355,355,355,499,0,0
time,2,pool_pages,outliers_128,price_query,20000,46,61,84,19823,0,0
time,2,pool_pages,outliers_128,near_range8,20000,64,98,140,19693,0,0
time,2,pool_pages,outliers_128,index_submit,20000,86,175,377,33972,0,0
time,2,pool_pages,outliers_128,index_ack,20000,80,133,234,19998,0,0
time,2,pool_pages,outliers_128,cross_page_submit_subset,312,110,213,571,768,0,0
time,2,pool_pages,outliers_128,page_creation_subset,3,571,571,571,768,0,0
time,2,pool_pages,outliers_128,far_query,20000,48,63,99,20007,0,0
time,2,pool_pages,boundary_128,price_query,20000,46,59,79,12200,0,0
time,2,pool_pages,boundary_128,near_range8,20000,67,91,115,14850,0,0
time,2,pool_pages,boundary_128,index_submit,20000,85,130,236,19729,0,0
time,2,pool_pages,boundary_128,index_ack,20000,116,155,232,3870,0,0
time,2,pool_pages,boundary_128,cross_page_submit_subset,313,99,139,180,366,0,0
time,2,pool_pages,jump_128,price_query,20000,46,57,70,152,0,0
time,2,pool_pages,jump_128,near_range8,20000,64,84,113,285,0,0
time,2,pool_pages,jump_128,index_submit,20000,85,137,317,18353,0,0
time,2,pool_pages,jump_128,index_ack,20000,80,160,301,19471,0,0
time,2,pool_pages,jump_128,cross_page_submit_subset,2704,96,294,410,12315,0,0
time,2,pool_pages,jump_128,page_creation_subset,77,265,410,410,416,0,0
time,2,pool_pages,jump_128,jump_submit_subset,2432,96,262,354,12315,0,0
time,2,pool_pages,4096books_4near_2far,price_query,20000,288,915,1380,28599,0,0
time,2,pool_pages,new_book_growth,index_insert,20000,330,11294,41899,372633,0,0
time,2,pool_pages,new_book_growth,page_block_growth_subset,313,11784,75947,115871,178168,0,0
time,2,pool_pages,new_book_growth,every64_subset,313,11784,75947,115871,178168,0,0
time,2,pool_pages,cancel_rehang_4near,index_cancel,20000,64,83,117,5271,0,0
time,2,pool_pages,cancel_rehang_4near,index_new,20000,174,201,355,31417,0,0
time,2,pool_pages,cancel_rehang_4near,index_accepted,20000,92,140,333,16204,0,0
time,2,pool_pages,cancel_rehang_4near,index_canceled,20000,104,148,236,21593,0,0
time,2,pool_pages,prototype_rolling_4_2far,price_query,20000,53,56,66,264,0,0
time,2,pool_pages,prototype_rolling_4_2far,intent_to_command,20000,102,140,177,25443,0,0
time,2,pool_pages,prototype_rolling_4_2far,intent_queued,20000,46,50,73,14394,0,0
time,2,pool_pages,prototype_rolling_4_2far,replace_report,20000,113,208,318,16948,0,0
time,2,pool_pages,prototype_rolling_4_2far,ready_to_command,20000,124,298,380,12765,0,0
time,2,pool_pages,prototype_jump_4_2far,price_query,20000,53,66,85,13378,0,0
time,2,pool_pages,prototype_jump_4_2far,intent_to_command,20000,102,242,284,16603,0,0
time,2,pool_pages,prototype_jump_4_2far,intent_queued,20000,46,60,74,12401,0,0
time,2,pool_pages,prototype_jump_4_2far,replace_report,20000,115,235,391,12279,0,0
time,2,pool_pages,prototype_jump_4_2far,ready_to_command,20000,125,299,367,22290,0,0
time,2,pool_pages,prototype_rolling_32_2far,price_query,20000,54,68,162,40382,0,0
time,2,pool_pages,prototype_rolling_32_2far,intent_to_command,20000,100,155,332,32034,0,0
time,2,pool_pages,prototype_rolling_32_2far,intent_queued,20000,46,65,90,13862,0,0
time,2,pool_pages,prototype_rolling_32_2far,replace_report,20000,96,188,374,12137,0,0
time,2,pool_pages,prototype_rolling_32_2far,ready_to_command,20000,112,204,423,19099,0,0
time,2,pool_pages,prototype_jump_32_2far,price_query,20000,54,71,149,12430,0,0
time,2,pool_pages,prototype_jump_32_2far,intent_to_command,20000,100,178,345,14754,0,0
time,2,pool_pages,prototype_jump_32_2far,intent_queued,20000,46,65,141,34832,0,0
time,2,pool_pages,prototype_jump_32_2far,replace_report,20000,97,209,397,19516,0,0
time,2,pool_pages,prototype_jump_32_2far,ready_to_command,20000,115,210,382,18069,0,0
time,3,sorted_deque_soa,rolling_4,price_query,20000,50,61,130,14458,0,0
time,3,sorted_deque_soa,rolling_4,near_range8,20000,53,64,169,18692,0,0
time,3,sorted_deque_soa,rolling_4,index_submit,20000,94,159,323,20586,0,0
time,3,sorted_deque_soa,rolling_4,index_ack,20000,94,138,276,14123,0,0
time,3,sorted_deque_soa,rolling_4,cross_page_submit_subset,314,94,156,193,306,0,0
time,3,sorted_deque_soa,outliers_4,price_query,20000,52,63,145,15361,0,0
time,3,sorted_deque_soa,outliers_4,near_range8,20000,53,66,168,5191,0,0
time,3,sorted_deque_soa,outliers_4,index_submit,20000,94,198,365,21523,0,0
time,3,sorted_deque_soa,outliers_4,index_ack,20000,97,143,290,22326,0,0
time,3,sorted_deque_soa,outliers_4,cross_page_submit_subset,314,94,170,292,325,0,0
time,3,sorted_deque_soa,outliers_4,far_query,20000,51,62,143,20879,0,0
time,3,sorted_deque_soa,boundary_4,price_query,20000,51,62,156,17000,0,0
time,3,sorted_deque_soa,boundary_4,near_range8,20000,53,66,159,12352,0,0
time,3,sorted_deque_soa,boundary_4,index_submit,20000,93,151,308,26477,0,0
time,3,sorted_deque_soa,boundary_4,index_ack,20000,117,166,312,17915,0,0
time,3,sorted_deque_soa,boundary_4,cross_page_submit_subset,5000,92,146,322,4794,0,0
time,3,sorted_deque_soa,jump_4,price_query,20000,51,62,141,19729,0,0
time,3,sorted_deque_soa,jump_4,near_range8,20000,53,65,156,14800,0,0
time,3,sorted_deque_soa,jump_4,index_submit,20000,99,162,306,12887,0,0
time,3,sorted_deque_soa,jump_4,index_ack,20000,96,152,309,33885,0,0
time,3,sorted_deque_soa,jump_4,cross_page_submit_subset,3746,105,196,337,12887,0,0
time,3,sorted_deque_soa,jump_4,jump_submit_subset,2496,109,203,337,3876,0,0
time,3,sorted_deque_soa,rolling_32,price_query,20000,65,82,213,15840,0,0
time,3,sorted_deque_soa,rolling_32,near_range8,20000,73,102,251,14140,0,0
time,3,sorted_deque_soa,rolling_32,index_submit,20000,106,180,323,18315,0,0
time,3,sorted_deque_soa,rolling_32,index_ack,20000,75,141,250,11056,0,0
time,3,sorted_deque_soa,rolling_32,cross_page_submit_subset,305,106,167,210,330,0,0
time,3,sorted_deque_soa,outliers_32,price_query,20000,65,81,215,12586,0,0
time,3,sorted_deque_soa,outliers_32,near_range8,20000,73,101,255,12373,0,0
time,3,sorted_deque_soa,outliers_32,index_submit,20000,107,212,333,12456,0,0
time,3,sorted_deque_soa,outliers_32,index_ack,20000,75,146,286,14427,0,0
time,3,sorted_deque_soa,outliers_32,cross_page_submit_subset,305,107,209,299,496,0,0
time,3,sorted_deque_soa,outliers_32,far_query,20000,65,79,174,16977,0,0
time,3,sorted_deque_soa,boundary_32,price_query,20000,65,86,236,23850,0,0
time,3,sorted_deque_soa,boundary_32,near_range8,20000,73,105,241,19397,0,0
time,3,sorted_deque_soa,boundary_32,index_submit,20000,106,182,335,31126,0,0
time,3,sorted_deque_soa,boundary_32,index_ack,20000,145,205,330,14493,0,0
time,3,sorted_deque_soa,boundary_32,cross_page_submit_subset,625,106,171,210,235,0,0
time,3,sorted_deque_soa,jump_32,price_query,20000,65,85,217,20851,0,0
time,3,sorted_deque_soa,jump_32,near_range8,20000,73,106,262,13248,0,0
time,3,sorted_deque_soa,jump_32,index_submit,20000,106,227,370,33445,0,0
time,3,sorted_deque_soa,jump_32,index_ack,20000,75,217,315,28860,0,0
time,3,sorted_deque_soa,jump_32,cross_page_submit_subset,2652,176,305,440,33445,0,0
time,3,sorted_deque_soa,jump_32,jump_submit_subset,2496,178,306,440,33445,0,0
time,3,sorted_deque_soa,rolling_128,price_query,20000,50,89,164,275,0,0
time,3,sorted_deque_soa,rolling_128,near_range8,20000,53,81,213,4081,0,0
time,3,sorted_deque_soa,rolling_128,index_submit,20000,117,185,330,18806,0,0
time,3,sorted_deque_soa,rolling_128,index_ack,20000,78,128,255,19941,0,0
time,3,sorted_deque_soa,rolling_128,cross_page_submit_subset,312,124,175,191,232,0,0
time,3,sorted_deque_soa,outliers_128,price_query,20000,50,89,208,18103,0,0
time,3,sorted_deque_soa,outliers_128,near_range8,20000,56,85,169,41185,0,0
time,3,sorted_deque_soa,outliers_128,index_submit,20000,95,190,338,17405,0,0
time,3,sorted_deque_soa,outliers_128,index_ack,20000,78,134,272,21184,0,0
time,3,sorted_deque_soa,outliers_128,cross_page_submit_subset,312,106,176,222,311,0,0
time,3,sorted_deque_soa,outliers_128,far_query,20000,50,63,162,24141,0,0
time,3,sorted_deque_soa,boundary_128,price_query,20000,68,101,245,20650,0,0
time,3,sorted_deque_soa,boundary_128,near_range8,20000,54,80,188,13478,0,0
time,3,sorted_deque_soa,boundary_128,index_submit,20000,113,178,320,18628,0,0
time,3,sorted_deque_soa,boundary_128,index_ack,20000,120,202,336,13275,0,0
time,3,sorted_deque_soa,boundary_128,cross_page_submit_subset,313,127,189,225,362,0,0
time,3,sorted_deque_soa,jump_128,price_query,20000,51,90,232,14723,0,0
time,3,sorted_deque_soa,jump_128,near_range8,20000,54,92,141,14714,0,0
time,3,sorted_deque_soa,jump_128,index_submit,20000,117,227,402,12792,0,0
time,3,sorted_deque_soa,jump_128,index_ack,20000,78,221,319,13803,0,0
time,3,sorted_deque_soa,jump_128,cross_page_submit_subset,2704,124,296,488,1953,0,0
time,3,sorted_deque_soa,jump_128,jump_submit_subset,2432,130,306,488,1953,0,0
time,3,sorted_deque_soa,4096books_4near_2far,price_query,20000,159,532,789,40789,0,0
time,3,sorted_deque_soa,new_book_growth,index_insert,20000,244,2558,6510,312702,0,0
time,3,sorted_deque_soa,new_book_growth,every64_subset,313,3006,6967,25787,31848,0,0
time,3,sorted_deque_soa,cancel_rehang_4near,index_cancel,20000,64,94,225,13467,0,0
time,3,sorted_deque_soa,cancel_rehang_4near,index_new,20000,109,168,327,22837,0,0
time,3,sorted_deque_soa,cancel_rehang_4near,index_accepted,20000,90,126,284,33388,0,0
time,3,sorted_deque_soa,cancel_rehang_4near,index_canceled,20000,84,132,270,12978,0,0
time,3,sorted_deque_soa,prototype_rolling_4_2far,price_query,20000,57,69,152,288,0,0
time,3,sorted_deque_soa,prototype_rolling_4_2far,intent_to_command,20000,108,171,327,19633,0,0
time,3,sorted_deque_soa,prototype_rolling_4_2far,intent_queued,20000,46,61,91,16656,0,0
time,3,sorted_deque_soa,prototype_rolling_4_2far,replace_report,20000,119,218,416,29248,0,0
time,3,sorted_deque_soa,prototype_rolling_4_2far,ready_to_command,20000,134,250,443,21110,0,0
time,3,sorted_deque_soa,prototype_jump_4_2far,price_query,20000,56,67,155,13925,0,0
time,3,sorted_deque_soa,prototype_jump_4_2far,intent_to_command,20000,108,179,338,17325,0,0
time,3,sorted_deque_soa,prototype_jump_4_2far,intent_queued,20000,46,60,126,10999,0,0
time,3,sorted_deque_soa,prototype_jump_4_2far,replace_report,20000,119,212,403,20117,0,0
time,3,sorted_deque_soa,prototype_jump_4_2far,ready_to_command,20000,134,243,420,13144,0,0
time,3,sorted_deque_soa,prototype_rolling_32_2far,price_query,20000,69,81,189,22687,0,0
time,3,sorted_deque_soa,prototype_rolling_32_2far,intent_to_command,20000,121,169,2828,14471,0,0
time,3,sorted_deque_soa,prototype_rolling_32_2far,intent_queued,20000,46,65,2367,3794,0,0
time,3,sorted_deque_soa,prototype_rolling_32_2far,replace_report,20000,94,189,2603,26709,0,0
time,3,sorted_deque_soa,prototype_rolling_32_2far,ready_to_command,20000,132,248,3340,32370,0,0
time,3,sorted_deque_soa,prototype_jump_32_2far,price_query,20000,69,80,133,12688,0,0
time,3,sorted_deque_soa,prototype_jump_32_2far,intent_to_command,20000,121,160,2388,12994,0,0
time,3,sorted_deque_soa,prototype_jump_32_2far,intent_queued,20000,46,65,146,12697,0,0
time,3,sorted_deque_soa,prototype_jump_32_2far,replace_report,20000,94,191,2405,45409,0,0
time,3,sorted_deque_soa,prototype_jump_32_2far,ready_to_command,20000,132,225,2500,21081,0,0
time,3,linear_prices,rolling_4,price_query,20000,41,50,73,3413,0,0
time,3,linear_prices,rolling_4,near_range8,20000,56,78,291,39238,0,0
time,3,linear_prices,rolling_4,index_submit,20000,75,106,256,20312,0,0
time,3,linear_prices,rolling_4,index_ack,20000,87,103,2282,17285,0,0
time,3,linear_prices,rolling_4,cross_page_submit_subset,314,75,105,121,238,0,0
time,3,linear_prices,outliers_4,price_query,20000,41,51,79,19227,0,0
time,3,linear_prices,outliers_4,near_range8,20000,59,83,309,41772,0,0
time,3,linear_prices,outliers_4,index_submit,20000,75,137,2319,12589,0,0
time,3,linear_prices,outliers_4,index_ack,20000,87,108,2329,11578,0,0
time,3,linear_prices,outliers_4,cross_page_submit_subset,314,75,122,149,2330,0,0
time,3,linear_prices,outliers_4,far_query,20000,41,43,65,14754,0,0
time,3,linear_prices,boundary_4,price_query,20000,41,51,85,3860,0,0
time,3,linear_prices,boundary_4,near_range8,20000,64,72,112,11509,0,0
time,3,linear_prices,boundary_4,index_submit,20000,75,107,270,3764,0,0
time,3,linear_prices,boundary_4,index_ack,20000,101,121,2354,19205,0,0
time,3,linear_prices,boundary_4,cross_page_submit_subset,5000,74,96,2257,3544,0,0
time,3,linear_prices,jump_4,price_query,20000,41,57,93,18950,0,0
time,3,linear_prices,jump_4,near_range8,20000,56,94,272,15487,0,0
time,3,linear_prices,jump_4,index_submit,20000,76,110,2243,12147,0,0
time,3,linear_prices,jump_4,index_ack,20000,89,126,289,15340,0,0
time,3,linear_prices,jump_4,cross_page_submit_subset,3746,86,116,297,12147,0,0
time,3,linear_prices,jump_4,jump_submit_subset,2496,87,120,212,12147,0,0
time,3,linear_prices,rolling_32,price_query,20000,52,82,127,4050,0,0
time,3,linear_prices,rolling_32,near_range8,20000,349,639,4252,96006,0,0
time,3,linear_prices,rolling_32,index_submit,20000,96,149,2383,15354,0,0
time,3,linear_prices,rolling_32,index_ack,20000,76,193,2336,21718,0,0
time,3,linear_prices,rolling_32,cross_page_submit_subset,305,88,135,171,171,0,0
time,3,linear_prices,outliers_32,price_query,20000,50,78,109,11391,0,0
time,3,linear_prices,outliers_32,near_range8,20000,357,599,3058,30280,0,0
time,3,linear_prices,outliers_32,index_submit,20000,94,152,2395,13921,0,0
time,3,linear_prices,outliers_32,index_ack,20000,75,191,236,12873,0,0
time,3,linear_prices,outliers_32,cross_page_submit_subset,305,87,134,142,145,0,0
time,3,linear_prices,outliers_32,far_query,20000,58,67,2261,20502,0,0
time,3,linear_prices,boundary_32,price_query,20000,48,70,90,3321,0,0
time,3,linear_prices,boundary_32,near_range8,20000,350,383,3644,19959,0,0
time,3,linear_prices,boundary_32,index_submit,20000,92,137,2421,58578,0,0
time,3,linear_prices,boundary_32,index_ack,20000,106,188,2332,12509,0,0
time,3,linear_prices,boundary_32,cross_page_submit_subset,625,100,142,165,240,0,0
time,3,linear_prices,jump_32,price_query,20000,53,83,123,16707,0,0
time,3,linear_prices,jump_32,near_range8,20000,349,632,3025,18121,0,0
time,3,linear_prices,jump_32,index_submit,20000,93,160,2375,29466,0,0
time,3,linear_prices,jump_32,index_ack,20000,76,248,2318,19103,0,0
time,3,linear_prices,jump_32,cross_page_submit_subset,2652,129,178,278,12152,0,0
time,3,linear_prices,jump_32,jump_submit_subset,2496,130,180,278,12152,0,0
time,3,linear_prices,rolling_128,price_query,20000,73,133,195,4657,0,0
time,3,linear_prices,rolling_128,near_range8,20000,1380,3727,13939,37151,0,0
time,3,linear_prices,rolling_128,index_submit,20000,118,202,2421,16466,0,0
time,3,linear_prices,rolling_128,index_ack,20000,78,192,468,2983,0,0
time,3,linear_prices,rolling_128,cross_page_submit_subset,312,111,190,2271,3231,0,0
time,3,linear_prices,outliers_128,price_query,20000,72,136,189,14000,0,0
time,3,linear_prices,outliers_128,near_range8,20000,1400,3746,13024,22139,0,0
time,3,linear_prices,outliers_128,index_submit,20000,120,213,2502,18388,0,0
time,3,linear_prices,outliers_128,index_ack,20000,78,198,2412,26969,0,0
time,3,linear_prices,outliers_128,cross_page_submit_subset,312,114,192,207,311,0,0
time,3,linear_prices,outliers_128,far_query,20000,87,109,2324,19484,0,0
time,3,linear_prices,boundary_128,price_query,20000,74,141,2275,20469,0,0
time,3,linear_prices,boundary_128,near_range8,20000,1289,3680,14029,36838,0,0
time,3,linear_prices,boundary_128,index_submit,20000,118,231,2413,46096,0,0
time,3,linear_prices,boundary_128,index_ack,20000,113,342,2649,26751,0,0
time,3,linear_prices,boundary_128,cross_page_submit_subset,313,111,199,243,17276,0,0
time,3,linear_prices,jump_128,price_query,20000,79,153,222,59459,0,0
time,3,linear_prices,jump_128,near_range8,20000,1288,2380,15358,39759,0,0
time,3,linear_prices,jump_128,index_submit,20000,121,350,871,37448,0,0
time,3,linear_prices,jump_128,index_ack,20000,78,565,817,16675,0,0
time,3,linear_prices,jump_128,cross_page_submit_subset,2704,268,408,2703,37448,0,0
time,3,linear_prices,jump_128,jump_submit_subset,2432,272,411,2671,37448,0,0
time,3,linear_prices,4096books_4near_2far,price_query,20000,116,422,633,28762,0,0
time,3,linear_prices,new_book_growth,index_insert,20000,191,2316,10245,761730,0,0
time,3,linear_prices,new_book_growth,every64_subset,313,2332,12596,23224,24315,0,0
time,3,linear_prices,cancel_rehang_4near,index_cancel,20000,64,111,180,15104,0,0
time,3,linear_prices,cancel_rehang_4near,index_new,20000,108,164,275,15799,0,0
time,3,linear_prices,cancel_rehang_4near,index_accepted,20000,93,155,260,27122,0,0
time,3,linear_prices,cancel_rehang_4near,index_canceled,20000,90,147,230,13544,0,0
time,3,linear_prices,prototype_rolling_4_2far,price_query,20000,54,63,92,11217,0,0
time,3,linear_prices,prototype_rolling_4_2far,intent_to_command,20000,91,124,175,13437,0,0
time,3,linear_prices,prototype_rolling_4_2far,intent_queued,20000,46,54,70,12172,0,0
time,3,linear_prices,prototype_rolling_4_2far,replace_report,20000,122,159,251,20212,0,0
time,3,linear_prices,prototype_rolling_4_2far,ready_to_command,20000,113,159,245,4370,0,0
time,3,linear_prices,prototype_jump_4_2far,price_query,20000,54,74,98,40595,0,0
time,3,linear_prices,prototype_jump_4_2far,intent_to_command,20000,91,160,237,17200,0,0
time,3,linear_prices,prototype_jump_4_2far,intent_queued,20000,46,61,86,19792,0,0
time,3,linear_prices,prototype_jump_4_2far,replace_report,20000,122,193,323,21756,0,0
time,3,linear_prices,prototype_jump_4_2far,ready_to_command,20000,113,202,301,6343,0,0
time,3,linear_prices,prototype_rolling_32_2far,price_query,20000,58,81,100,59312,0,0
time,3,linear_prices,prototype_rolling_32_2far,intent_to_command,20000,97,138,180,20859,0,0
time,3,linear_prices,prototype_rolling_32_2far,intent_queued,20000,46,64,67,2782,0,0
time,3,linear_prices,prototype_rolling_32_2far,replace_report,20000,94,211,287,12686,0,0
time,3,linear_prices,prototype_rolling_32_2far,ready_to_command,20000,117,176,245,11367,0,0
time,3,linear_prices,prototype_jump_32_2far,price_query,20000,60,94,123,38691,0,0
time,3,linear_prices,prototype_jump_32_2far,intent_to_command,20000,100,170,238,24466,0,0
time,3,linear_prices,prototype_jump_32_2far,intent_queued,20000,46,65,80,11793,0,0
time,3,linear_prices,prototype_jump_32_2far,replace_report,20000,95,227,329,13455,0,0
time,3,linear_prices,prototype_jump_32_2far,ready_to_command,20000,119,213,288,16684,0,0
time,3,adaptive,rolling_4,price_query,20000,44,57,66,12404,0,0
time,3,adaptive,rolling_4,near_range8,20000,48,61,74,12057,0,0
time,3,adaptive,rolling_4,index_submit,20000,80,115,179,14483,0,0
time,3,adaptive,rolling_4,index_ack,20000,80,104,120,16842,0,0
time,3,adaptive,rolling_4,cross_page_submit_subset,314,80,138,191,249,0,0
time,3,adaptive,outliers_4,price_query,20000,44,60,79,16328,0,0
time,3,adaptive,outliers_4,near_range8,20000,48,65,90,12111,0,0
time,3,adaptive,outliers_4,index_submit,20000,80,150,281,11346,0,0
time,3,adaptive,outliers_4,index_ack,20000,82,114,171,15253,0,0
time,3,adaptive,outliers_4,cross_page_submit_subset,314,80,126,163,171,0,0
time,3,adaptive,outliers_4,far_query,20000,44,58,77,3170,0,0
time,3,adaptive,boundary_4,price_query,20000,44,53,74,3882,0,0
time,3,adaptive,boundary_4,near_range8,20000,48,63,82,14259,0,0
time,3,adaptive,boundary_4,index_submit,20000,80,114,227,22145,0,0
time,3,adaptive,boundary_4,index_ack,20000,98,127,212,15047,0,0
time,3,adaptive,boundary_4,cross_page_submit_subset,5000,79,104,3040,14132,0,0
time,3,adaptive,jump_4,price_query,20000,44,58,84,11723,0,0
time,3,adaptive,jump_4,near_range8,20000,48,63,86,29739,0,0
time,3,adaptive,jump_4,index_submit,20000,82,132,209,19439,0,0
time,3,adaptive,jump_4,index_ack,20000,82,118,197,16954,0,0
time,3,adaptive,jump_4,cross_page_submit_subset,3746,91,151,216,4186,0,0
time,3,adaptive,jump_4,jump_submit_subset,2496,94,160,290,4186,0,0
time,3,adaptive,rolling_32,price_query,20000,49,71,95,18703,0,0
time,3,adaptive,rolling_32,near_range8,20000,64,90,113,12857,0,0
time,3,adaptive,rolling_32,index_submit,20000,85,139,220,12976,0,0
time,3,adaptive,rolling_32,index_ack,20000,76,123,168,23293,0,0
time,3,adaptive,rolling_32,cross_page_submit_subset,305,86,135,167,172,0,0
time,3,adaptive,outliers_32,price_query,20000,49,79,108,18042,0,0
time,3,adaptive,outliers_32,near_range8,20000,63,95,140,18217,0,0
time,3,adaptive,outliers_32,index_submit,20000,86,185,349,153287,0,0
time,3,adaptive,outliers_32,index_ack,20000,76,128,181,35339,0,0
time,3,adaptive,outliers_32,cross_page_submit_subset,305,85,147,242,258,0,0
time,3,adaptive,outliers_32,far_query,20000,50,64,92,8986,0,0
time,3,adaptive,boundary_32,price_query,20000,49,77,114,14996,0,0
time,3,adaptive,boundary_32,near_range8,20000,63,92,169,24510,0,0
time,3,adaptive,boundary_32,index_submit,20000,85,146,258,17997,0,0
time,3,adaptive,boundary_32,index_ack,20000,112,169,266,32323,0,0
time,3,adaptive,boundary_32,cross_page_submit_subset,625,86,164,230,382,0,0
time,3,adaptive,jump_32,price_query,20000,49,75,106,3048,0,0
time,3,adaptive,jump_32,near_range8,20000,64,84,144,24605,0,0
time,3,adaptive,jump_32,index_submit,20000,85,158,268,17145,0,0
time,3,adaptive,jump_32,index_ack,20000,76,154,222,14395,0,0
time,3,adaptive,jump_32,cross_page_submit_subset,2652,102,219,471,17145,0,0
time,3,adaptive,jump_32,jump_submit_subset,2496,103,221,471,17145,0,0
time,3,adaptive,rolling_128,price_query,20000,53,94,133,354762,0,0
time,3,adaptive,rolling_128,near_range8,20000,67,95,133,74293,0,0
time,3,adaptive,rolling_128,index_submit,20000,106,175,298,37346,0,0
time,3,adaptive,rolling_128,index_ack,20000,80,131,245,16832,0,0
time,3,adaptive,rolling_128,cross_page_submit_subset,312,113,182,197,223,0,0
time,3,adaptive,outliers_128,price_query,20000,52,93,146,19763,0,0
time,3,adaptive,outliers_128,near_range8,20000,65,86,131,11495,0,0
time,3,adaptive,outliers_128,index_submit,20000,100,195,399,16303,0,0
time,3,adaptive,outliers_128,index_ack,20000,79,127,270,28100,0,0
time,3,adaptive,outliers_128,cross_page_submit_subset,312,107,193,211,213,0,0
time,3,adaptive,outliers_128,far_query,20000,53,65,92,22987,0,0
time,3,adaptive,boundary_128,price_query,20000,53,98,2751,23679,0,0
time,3,adaptive,boundary_128,near_range8,20000,65,103,2837,23035,0,0
time,3,adaptive,boundary_128,index_submit,20000,108,197,3080,4177,0,0
time,3,adaptive,boundary_128,index_ack,20000,122,220,3312,261651,0,0
time,3,adaptive,boundary_128,cross_page_submit_subset,313,119,194,226,246,0,0
time,3,adaptive,jump_128,price_query,20000,52,91,128,47817,0,0
time,3,adaptive,jump_128,near_range8,20000,67,101,153,65505,0,0
time,3,adaptive,jump_128,index_submit,20000,104,223,489,30601,0,0
time,3,adaptive,jump_128,index_ack,20000,80,225,407,64407,0,0
time,3,adaptive,jump_128,cross_page_submit_subset,2704,118,269,1650,29814,0,0
time,3,adaptive,jump_128,jump_submit_subset,2432,125,275,1650,29814,0,0
time,3,adaptive,4096books_4near_2far,price_query,20000,150,499,724,84163,0,0
time,3,adaptive,new_book_growth,index_insert,20000,229,3332,16373,330178,0,0
time,3,adaptive,new_book_growth,every64_subset,313,3018,18766,28327,62648,0,0
time,3,adaptive,cancel_rehang_4near,index_cancel,20000,64,110,223,1608926,0,0
time,3,adaptive,cancel_rehang_4near,index_new,20000,112,185,355,29498,0,0
time,3,adaptive,cancel_rehang_4near,index_accepted,20000,85,156,284,712610,0,0
time,3,adaptive,cancel_rehang_4near,index_canceled,20000,69,134,211,2297649,0,0
time,3,adaptive,prototype_rolling_4_2far,price_query,20000,52,62,84,24378,0,0
time,3,adaptive,prototype_rolling_4_2far,intent_to_command,20000,95,148,218,4767,0,0
time,3,adaptive,prototype_rolling_4_2far,intent_queued,20000,46,60,80,23444,0,0
time,3,adaptive,prototype_rolling_4_2far,replace_report,20000,103,180,271,17388,0,0
time,3,adaptive,prototype_rolling_4_2far,ready_to_command,20000,119,219,394,69093,0,0
time,3,adaptive,prototype_jump_4_2far,price_query,20000,52,64,95,14920,0,0
time,3,adaptive,prototype_jump_4_2far,intent_to_command,20000,95,165,273,64512,0,0
time,3,adaptive,prototype_jump_4_2far,intent_queued,20000,46,61,86,3464,0,0
time,3,adaptive,prototype_jump_4_2far,replace_report,20000,104,193,367,50637,0,0
time,3,adaptive,prototype_jump_4_2far,ready_to_command,20000,119,231,397,32398,0,0
time,3,adaptive,prototype_rolling_32_2far,price_query,20000,58,87,134,17980,0,0
time,3,adaptive,prototype_rolling_32_2far,intent_to_command,20000,102,173,261,19237,0,0
time,3,adaptive,prototype_rolling_32_2far,intent_queued,20000,46,71,107,22837,0,0
time,3,adaptive,prototype_rolling_32_2far,replace_report,20000,95,189,300,5956,0,0
time,3,adaptive,prototype_rolling_32_2far,ready_to_command,20000,113,240,1062,27897,0,0
time,3,adaptive,prototype_jump_32_2far,price_query,20000,58,98,3132,3742,0,0
time,3,adaptive,prototype_jump_32_2far,intent_to_command,20000,102,188,3558,39242,0,0
time,3,adaptive,prototype_jump_32_2far,intent_queued,20000,46,65,3067,18954,0,0
time,3,adaptive,prototype_jump_32_2far,replace_report,20000,97,273,3649,26174,0,0
time,3,adaptive,prototype_jump_32_2far,ready_to_command,20000,116,298,3850,29925,0,0
time,3,absl_btree,rolling_4,price_query,20000,42,56,77,259,0,0
time,3,absl_btree,rolling_4,near_range8,20000,47,75,105,112225,0,0
time,3,absl_btree,rolling_4,index_submit,20000,85,158,268,57198,0,0
time,3,absl_btree,rolling_4,index_ack,20000,94,186,275,22883,0,0
time,3,absl_btree,rolling_4,cross_page_submit_subset,314,85,170,321,346,0,0
time,3,absl_btree,outliers_4,price_query,20000,43,65,94,45909,0,0
time,3,absl_btree,outliers_4,near_range8,20000,48,82,118,15820,0,0
time,3,absl_btree,outliers_4,index_submit,20000,85,237,408,28353,0,0
time,3,absl_btree,outliers_4,index_ack,20000,96,204,280,30895,0,0
time,3,absl_btree,outliers_4,cross_page_submit_subset,314,85,181,295,374,0,0
time,3,absl_btree,outliers_4,far_query,20000,42,62,90,127262,0,0
time,3,absl_btree,boundary_4,price_query,20000,42,59,90,1589427,0,0
time,3,absl_btree,boundary_4,near_range8,20000,48,68,97,17625,0,0
time,3,absl_btree,boundary_4,index_submit,20000,85,135,252,57048,0,0
time,3,absl_btree,boundary_4,index_ack,20000,119,180,324,364609,0,0
time,3,absl_btree,boundary_4,cross_page_submit_subset,5000,84,128,231,5811,0,0
time,3,absl_btree,jump_4,price_query,20000,42,61,92,15548,0,0
time,3,absl_btree,jump_4,near_range8,20000,47,77,119,16150,0,0
time,3,absl_btree,jump_4,index_submit,20000,86,168,252,12588,0,0
time,3,absl_btree,jump_4,index_ack,20000,96,205,325,43133,0,0
time,3,absl_btree,jump_4,cross_page_submit_subset,3746,106,194,277,412,0,0
time,3,absl_btree,jump_4,jump_submit_subset,2496,108,204,295,412,0,0
time,3,absl_btree,rolling_32,price_query,20000,46,79,121,16858,0,0
time,3,absl_btree,rolling_32,near_range8,20000,61,102,136,13899,0,0
time,3,absl_btree,rolling_32,index_submit,20000,91,195,332,119705,0,0
time,3,absl_btree,rolling_32,index_ack,20000,76,192,362,83719,0,0
time,3,absl_btree,rolling_32,cross_page_submit_subset,305,91,179,222,273,0,0
time,3,absl_btree,outliers_32,price_query,20000,46,79,112,32375,0,0
time,3,absl_btree,outliers_32,near_range8,20000,61,99,146,29071,0,0
time,3,absl_btree,outliers_32,index_submit,20000,97,225,397,32658,0,0
time,3,absl_btree,outliers_32,index_ack,20000,76,193,333,14314,0,0
time,3,absl_btree,outliers_32,cross_page_submit_subset,305,92,265,320,344,0,0
time,3,absl_btree,outliers_32,far_query,20000,50,73,110,11682,0,0
time,3,absl_btree,boundary_32,price_query,20000,47,82,153,374377,0,0
time,3,absl_btree,boundary_32,near_range8,20000,59,104,200,27946,0,0
time,3,absl_btree,boundary_32,index_submit,20000,88,199,430,20962,0,0
time,3,absl_btree,boundary_32,index_ack,20000,131,263,3097,164197,0,0
time,3,absl_btree,boundary_32,cross_page_submit_subset,625,100,171,239,241,0,0
time,3,absl_btree,jump_32,price_query,20000,46,83,124,3153,0,0
time,3,absl_btree,jump_32,near_range8,20000,61,102,181,77697,0,0
time,3,absl_btree,jump_32,index_submit,20000,99,234,437,213782,0,0
time,3,absl_btree,jump_32,index_ack,20000,76,287,538,12421,0,0
time,3,absl_btree,jump_32,cross_page_submit_subset,2652,140,309,491,3368,0,0
time,3,absl_btree,jump_32,jump_submit_subset,2496,142,311,491,3368,0,0
time,3,absl_btree,rolling_128,price_query,20000,51,91,140,13008,0,0
time,3,absl_btree,rolling_128,near_range8,20000,63,97,137,12389,0,0
time,3,absl_btree,rolling_128,index_submit,20000,113,185,370,21410,0,0
time,3,absl_btree,rolling_128,index_ack,20000,78,177,354,14042,0,0
time,3,absl_btree,rolling_128,cross_page_submit_subset,312,120,196,295,346,0,0
time,3,absl_btree,outliers_128,price_query,20000,52,98,194,3197,0,0
time,3,absl_btree,outliers_128,near_range8,20000,63,119,247,27420,0,0
time,3,absl_btree,outliers_128,index_submit,20000,114,254,3069,14183,0,0
time,3,absl_btree,outliers_128,index_ack,20000,79,213,3086,33487,0,0
time,3,absl_btree,outliers_128,cross_page_submit_subset,312,123,216,380,3147,0,0
time,3,absl_btree,outliers_128,far_query,20000,54,90,170,3680,0,0
time,3,absl_btree,boundary_128,price_query,20000,50,88,226,31078,0,0
time,3,absl_btree,boundary_128,near_range8,20000,62,109,315,35456,0,0
time,3,absl_btree,boundary_128,index_submit,20000,104,189,936,47833,0,0
time,3,absl_btree,boundary_128,index_ack,20000,138,324,3259,6932,0,0
time,3,absl_btree,boundary_128,cross_page_submit_subset,313,111,213,3111,3967,0,0
time,3,absl_btree,jump_128,price_query,20000,52,98,212,15456,0,0
time,3,absl_btree,jump_128,near_range8,20000,63,105,179,20997,0,0
time,3,absl_btree,jump_128,index_submit,20000,115,280,3087,23090,0,0
time,3,absl_btree,jump_128,index_ack,20000,79,375,636,14970,0,0
time,3,absl_btree,jump_128,cross_page_submit_subset,2704,180,429,3563,17539,0,0
time,3,absl_btree,jump_128,jump_submit_subset,2432,183,446,3563,17539,0,0
time,3,absl_btree,4096books_4near_2far,price_query,20000,191,546,3738,36089,0,0
time,3,absl_btree,new_book_growth,index_insert,20000,222,3013,7074,321823,0,0
time,3,absl_btree,new_book_growth,every64_subset,313,2782,9418,9847,9986,0,0
time,3,absl_btree,cancel_rehang_4near,index_cancel,20000,65,83,170,14009,0,0
time,3,absl_btree,cancel_rehang_4near,index_new,20000,118,171,3103,38193,0,0
time,3,absl_btree,cancel_rehang_4near,index_accepted,20000,88,118,2920,15030,0,0
time,3,absl_btree,cancel_rehang_4near,index_canceled,20000,107,173,3035,32219,0,0
time,3,absl_btree,prototype_rolling_4_2far,price_query,20000,46,52,115,13571,0,0
time,3,absl_btree,prototype_rolling_4_2far,intent_to_command,20000,100,137,2856,14214,0,0
time,3,absl_btree,prototype_rolling_4_2far,intent_queued,20000,46,51,79,14677,0,0
time,3,absl_btree,prototype_rolling_4_2far,replace_report,20000,142,239,3070,32555,0,0
time,3,absl_btree,prototype_rolling_4_2far,ready_to_command,20000,135,202,3051,116875,0,0
time,3,absl_btree,prototype_jump_4_2far,price_query,20000,46,64,125,5344,0,0
time,3,absl_btree,prototype_jump_4_2far,intent_to_command,20000,101,172,2904,113870,0,0
time,3,absl_btree,prototype_jump_4_2far,intent_queued,20000,46,62,100,14232,0,0
time,3,absl_btree,prototype_jump_4_2far,replace_report,20000,142,298,3213,48720,0,0
time,3,absl_btree,prototype_jump_4_2far,ready_to_command,20000,135,252,3020,181603,0,0
time,3,absl_btree,prototype_rolling_32_2far,price_query,20000,51,91,2613,21982,0,0
time,3,absl_btree,prototype_rolling_32_2far,intent_to_command,20000,105,173,434,20280,0,0
time,3,absl_btree,prototype_rolling_32_2far,intent_queued,20000,46,59,99,34818,0,0
time,3,absl_btree,prototype_rolling_32_2far,replace_report,20000,96,286,3128,22477,0,0
time,3,absl_btree,prototype_rolling_32_2far,ready_to_command,20000,116,268,2218,20922,0,0
time,3,absl_btree,prototype_jump_32_2far,price_query,20000,51,95,191,172859,0,0
time,3,absl_btree,prototype_jump_32_2far,intent_to_command,20000,105,169,2838,13650,0,0
time,3,absl_btree,prototype_jump_32_2far,intent_queued,20000,46,57,91,16432,0,0
time,3,absl_btree,prototype_jump_32_2far,replace_report,20000,96,294,3066,21078,0,0
time,3,absl_btree,prototype_jump_32_2far,ready_to_command,20000,122,266,3115,55367,0,0
time,3,pool_pages,rolling_4,price_query,20000,46,59,91,3703,0,0
time,3,pool_pages,rolling_4,near_range8,20000,55,77,115,2773,0,0
time,3,pool_pages,rolling_4,index_submit,20000,84,166,2768,57028,0,0
time,3,pool_pages,rolling_4,index_ack,20000,87,151,392,15388,0,0
time,3,pool_pages,rolling_4,cross_page_submit_subset,314,95,360,408,408,0,0
time,3,pool_pages,rolling_4,page_creation_subset,78,277,408,408,408,0,0
time,3,pool_pages,outliers_4,price_query,20000,46,52,65,20855,0,0
time,3,pool_pages,outliers_4,near_range8,20000,55,70,83,18322,0,0
time,3,pool_pages,outliers_4,index_submit,20000,84,197,327,11210,0,0
time,3,pool_pages,outliers_4,index_ack,20000,87,119,170,553,0,0
time,3,pool_pages,outliers_4,cross_page_submit_subset,314,93,325,343,348,0,0
time,3,pool_pages,outliers_4,page_creation_subset,78,252,343,343,348,0,0
time,3,pool_pages,outliers_4,far_query,20000,48,50,67,11391,0,0
time,3,pool_pages,boundary_4,price_query,20000,46,60,2497,17826,0,0
time,3,pool_pages,boundary_4,near_range8,20000,58,86,2562,13428,0,0
time,3,pool_pages,boundary_4,index_submit,20000,84,148,2778,68073,0,0
time,3,pool_pages,boundary_4,index_ack,20000,110,180,2839,19709,0,0
time,3,pool_pages,boundary_4,cross_page_submit_subset,5000,83,139,2766,2890,0,0
time,3,pool_pages,jump_4,price_query,20000,46,62,142,3467,0,0
time,3,pool_pages,jump_4,near_range8,20000,55,89,250,18620,0,0
time,3,pool_pages,jump_4,index_submit,20000,92,234,2904,14534,0,0
time,3,pool_pages,jump_4,index_ack,20000,90,212,2836,14361,0,0
time,3,pool_pages,jump_4,cross_page_submit_subset,3746,95,285,3088,6355,0,0
time,3,pool_pages,jump_4,page_creation_subset,1248,179,355,3002,6355,0,0
time,3,pool_pages,jump_4,jump_submit_subset,2496,144,306,3002,6355,0,0
time,3,pool_pages,rolling_32,price_query,20000,46,59,106,4063,0,0
time,3,pool_pages,rolling_32,near_range8,20000,64,92,151,764673,0,0
time,3,pool_pages,rolling_32,index_submit,20000,84,140,408,33417,0,0
time,3,pool_pages,rolling_32,index_ack,20000,75,136,360,39046,0,0
time,3,pool_pages,rolling_32,cross_page_submit_subset,305,96,337,522,1130,0,0
time,3,pool_pages,rolling_32,page_creation_subset,10,321,522,522,1130,0,0
time,3,pool_pages,outliers_32,price_query,20000,46,60,105,60187,0,0
time,3,pool_pages,outliers_32,near_range8,20000,64,98,168,13972,0,0
time,3,pool_pages,outliers_32,index_submit,20000,84,177,520,20945,0,0
time,3,pool_pages,outliers_32,index_ack,20000,76,140,539,21022,0,0
time,3,pool_pages,outliers_32,cross_page_submit_subset,305,96,509,633,3268,0,0
time,3,pool_pages,outliers_32,page_creation_subset,10,431,600,600,633,0,0
time,3,pool_pages,outliers_32,far_query,20000,48,65,121,16673,0,0
time,3,pool_pages,boundary_32,price_query,20000,46,57,81,4762,0,0
time,3,pool_pages,boundary_32,near_range8,20000,66,95,148,1204550,0,0
time,3,pool_pages,boundary_32,index_submit,20000,83,133,279,2102979,0,0
time,3,pool_pages,boundary_32,index_ack,20000,115,164,324,55149,0,0
time,3,pool_pages,boundary_32,cross_page_submit_subset,625,83,145,209,215,0,0
time,3,pool_pages,jump_32,price_query,20000,46,58,76,726412,0,0
time,3,pool_pages,jump_32,near_range8,20000,64,97,183,461038,0,0
time,3,pool_pages,jump_32,index_submit,20000,84,183,375,20259,0,0
time,3,pool_pages,jump_32,index_ack,20000,76,175,558,360705,0,0
time,3,pool_pages,jump_32,cross_page_submit_subset,2652,95,266,886,1068,0,0
time,3,pool_pages,jump_32,page_creation_subset,156,205,791,886,1068,0,0
time,3,pool_pages,jump_32,jump_submit_subset,2496,95,266,791,1068,0,0
time,3,pool_pages,rolling_128,price_query,20000,46,60,81,5610,0,0
time,3,pool_pages,rolling_128,near_range8,20000,64,96,157,35310,0,0
time,3,pool_pages,rolling_128,index_submit,20000,85,139,265,547750,0,0
time,3,pool_pages,rolling_128,index_ack,20000,80,134,233,33513,0,0
time,3,pool_pages,rolling_128,cross_page_submit_subset,312,104,240,806,913,0,0
time,3,pool_pages,rolling_128,page_creation_subset,3,806,806,806,913,0,0
time,3,pool_pages,outliers_128,price_query,20000,46,63,118,20846,0,0
time,3,pool_pages,outliers_128,near_range8,20000,64,100,191,14661,0,0
time,3,pool_pages,outliers_128,index_submit,20000,85,195,521,28251,0,0
time,3,pool_pages,outliers_128,index_ack,20000,80,137,237,17670,0,0
time,3,pool_pages,outliers_128,cross_page_submit_subset,312,106,290,728,761,0,0
time,3,pool_pages,outliers_128,page_creation_subset,3,728,728,728,761,0,0
time,3,pool_pages,outliers_128,far_query,20000,48,67,103,13728,0,0
time,3,pool_pages,boundary_128,price_query,20000,46,64,94,23048,0,0
time,3,pool_pages,boundary_128,near_range8,20000,67,107,189,19367,0,0
time,3,pool_pages,boundary_128,index_submit,20000,85,145,286,16477,0,0
time,3,pool_pages,boundary_128,index_ack,20000,117,175,310,36309,0,0
time,3,pool_pages,boundary_128,cross_page_submit_subset,313,89,163,172,256,0,0
time,3,pool_pages,jump_128,price_query,20000,46,61,84,19619,0,0
time,3,pool_pages,jump_128,near_range8,20000,64,97,149,17767,0,0
time,3,pool_pages,jump_128,index_submit,20000,85,150,357,12505,0,0
time,3,pool_pages,jump_128,index_ack,20000,80,166,326,19968,0,0
time,3,pool_pages,jump_128,cross_page_submit_subset,2704,97,309,475,12505,0,0
time,3,pool_pages,jump_128,page_creation_subset,77,278,402,402,475,0,0
time,3,pool_pages,jump_128,jump_submit_subset,2432,96,283,475,12505,0,0
time,3,pool_pages,4096books_4near_2far,price_query,20000,307,947,4258,1003014,0,0
time,3,pool_pages,new_book_growth,index_insert,20000,325,11498,41190,354560,0,0
time,3,pool_pages,new_book_growth,page_block_growth_subset,313,11899,48855,55071,72856,0,0
time,3,pool_pages,new_book_growth,every64_subset,313,11899,48855,55071,72856,0,0
time,3,pool_pages,cancel_rehang_4near,index_cancel,20000,64,88,111,3616,0,0
time,3,pool_pages,cancel_rehang_4near,index_new,20000,174,213,326,19611,0,0
time,3,pool_pages,cancel_rehang_4near,index_accepted,20000,92,167,306,22908,0,0
time,3,pool_pages,cancel_rehang_4near,index_canceled,20000,104,173,330,35717,0,0
time,3,pool_pages,prototype_rolling_4_2far,price_query,20000,53,62,77,11392,0,0
time,3,pool_pages,prototype_rolling_4_2far,intent_to_command,20000,99,145,208,14772,0,0
time,3,pool_pages,prototype_rolling_4_2far,intent_queued,20000,46,56,66,17541,0,0
time,3,pool_pages,prototype_rolling_4_2far,replace_report,20000,108,203,320,72991,0,0
time,3,pool_pages,prototype_rolling_4_2far,ready_to_command,20000,120,288,363,17243,0,0
time,3,pool_pages,prototype_jump_4_2far,price_query,20000,53,67,86,11110,0,0
time,3,pool_pages,prototype_jump_4_2far,intent_to_command,20000,100,231,287,33883,0,0
time,3,pool_pages,prototype_jump_4_2far,intent_queued,20000,46,57,73,22381,0,0
time,3,pool_pages,prototype_jump_4_2far,replace_report,20000,109,217,348,11950,0,0
time,3,pool_pages,prototype_jump_4_2far,ready_to_command,20000,120,286,356,16876,0,0
time,3,pool_pages,prototype_rolling_32_2far,price_query,20000,54,77,128,21783,0,0
time,3,pool_pages,prototype_rolling_32_2far,intent_to_command,20000,100,167,253,26983,0,0
time,3,pool_pages,prototype_rolling_32_2far,intent_queued,20000,46,61,83,3934,0,0
time,3,pool_pages,prototype_rolling_32_2far,replace_report,20000,95,201,389,19821,0,0
time,3,pool_pages,prototype_rolling_32_2far,ready_to_command,20000,111,232,392,19190,0,0
time,3,pool_pages,prototype_jump_32_2far,price_query,20000,54,77,118,4171,0,0
time,3,pool_pages,prototype_jump_32_2far,intent_to_command,20000,100,173,347,18593,0,0
time,3,pool_pages,prototype_jump_32_2far,intent_queued,20000,46,61,86,3437,0,0
time,3,pool_pages,prototype_jump_32_2far,replace_report,20000,96,213,341,18571,0,0
time,3,pool_pages,prototype_jump_32_2far,ready_to_command,20000,113,226,364,25896,0,0
time,3,sorted_deque,rolling_4,price_query,20000,43,57,87,4558,0,0
time,3,sorted_deque,rolling_4,near_range8,20000,44,62,88,11482,0,0
time,3,sorted_deque,rolling_4,index_submit,20000,87,151,241,55987,0,0
time,3,sorted_deque,rolling_4,index_ack,20000,90,137,193,10360,0,0
time,3,sorted_deque,rolling_4,cross_page_submit_subset,314,87,171,263,266,0,0
time,3,sorted_deque,outliers_4,price_query,20000,43,58,77,4246,0,0
time,3,sorted_deque,outliers_4,near_range8,20000,43,59,71,13335,0,0
time,3,sorted_deque,outliers_4,index_submit,20000,87,181,358,14526,0,0
time,3,sorted_deque,outliers_4,index_ack,20000,90,129,177,32514,0,0
time,3,sorted_deque,outliers_4,cross_page_submit_subset,314,87,139,160,174,0,0
time,3,sorted_deque,outliers_4,far_query,20000,42,55,68,11196,0,0
time,3,sorted_deque,boundary_4,price_query,20000,43,58,83,13273,0,0
time,3,sorted_deque,boundary_4,near_range8,20000,44,63,91,17101,0,0
time,3,sorted_deque,boundary_4,index_submit,20000,87,139,194,21698,0,0
time,3,sorted_deque,boundary_4,index_ack,20000,103,148,210,17815,0,0
time,3,sorted_deque,boundary_4,cross_page_submit_subset,5000,86,131,248,13705,0,0
time,3,sorted_deque,jump_4,price_query,20000,43,59,80,14067,0,0
time,3,sorted_deque,jump_4,near_range8,20000,44,62,84,2979,0,0
time,3,sorted_deque,jump_4,index_submit,20000,88,151,260,30028,0,0
time,3,sorted_deque,jump_4,index_ack,20000,91,140,204,17186,0,0
time,3,sorted_deque,jump_4,cross_page_submit_subset,3746,98,176,345,13015,0,0
time,3,sorted_deque,jump_4,jump_submit_subset,2496,104,187,351,13015,0,0
time,3,sorted_deque,rolling_32,price_query,20000,48,74,102,3901,0,0
time,3,sorted_deque,rolling_32,near_range8,20000,56,87,123,16325,0,0
time,3,sorted_deque,rolling_32,index_submit,20000,90,154,286,13125,0,0
time,3,sorted_deque,rolling_32,index_ack,20000,75,135,201,15567,0,0
time,3,sorted_deque,rolling_32,cross_page_submit_subset,305,90,150,179,237,0,0
time,3,sorted_deque,outliers_32,price_query,20000,48,87,163,15190,0,0
time,3,sorted_deque,outliers_32,near_range8,20000,54,91,177,18408,0,0
time,3,sorted_deque,outliers_32,index_submit,20000,91,205,450,273497,0,0
time,3,sorted_deque,outliers_32,index_ack,20000,76,143,226,14216,0,0
time,3,sorted_deque,outliers_32,cross_page_submit_subset,305,91,200,285,289,0,0
time,3,sorted_deque,outliers_32,far_query,20000,48,64,152,3855,0,0
time,3,sorted_deque,boundary_32,price_query,20000,48,71,117,3940,0,0
time,3,sorted_deque,boundary_32,near_range8,20000,54,74,122,20477,0,0
time,3,sorted_deque,boundary_32,index_submit,20000,90,142,237,14302,0,0
time,3,sorted_deque,boundary_32,index_ack,20000,112,153,282,20436,0,0
time,3,sorted_deque,boundary_32,cross_page_submit_subset,625,91,125,171,194,0,0
time,3,sorted_deque,jump_32,price_query,20000,48,77,124,275,0,0
time,3,sorted_deque,jump_32,near_range8,20000,56,85,123,12530,0,0
time,3,sorted_deque,jump_32,index_submit,20000,91,173,326,24119,0,0
time,3,sorted_deque,jump_32,index_ack,20000,75,174,281,1060294,0,0
time,3,sorted_deque,jump_32,cross_page_submit_subset,2652,108,248,385,3730,0,0
time,3,sorted_deque,jump_32,jump_submit_subset,2496,109,256,385,3730,0,0
time,3,sorted_deque,rolling_128,price_query,20000,50,92,133,17559,0,0
time,3,sorted_deque,rolling_128,near_range8,20000,57,91,201,25172,0,0
time,3,sorted_deque,rolling_128,index_submit,20000,96,163,271,49312,0,0
time,3,sorted_deque,rolling_128,index_ack,20000,79,129,217,136104,0,0
time,3,sorted_deque,rolling_128,cross_page_submit_subset,312,100,161,194,273,0,0
time,3,sorted_deque,outliers_128,price_query,20000,51,97,209,18085,0,0
time,3,sorted_deque,outliers_128,near_range8,20000,56,88,258,28964,0,0
time,3,sorted_deque,outliers_128,index_submit,20000,101,218,3026,20859,0,0
time,3,sorted_deque,outliers_128,index_ack,20000,79,155,3123,20812,0,0
time,3,sorted_deque,outliers_128,cross_page_submit_subset,312,103,180,3001,3315,0,0
time,3,sorted_deque,outliers_128,far_query,20000,49,64,134,26169,0,0
time,3,sorted_deque,boundary_128,price_query,20000,54,95,2775,18359,0,0
time,3,sorted_deque,boundary_128,near_range8,20000,57,89,2845,14115,0,0
time,3,sorted_deque,boundary_128,index_submit,20000,111,222,3130,27168,0,0
time,3,sorted_deque,boundary_128,index_ack,20000,120,211,3254,31359,0,0
time,3,sorted_deque,boundary_128,cross_page_submit_subset,313,124,222,3167,3294,0,0
time,3,sorted_deque,jump_128,price_query,20000,52,102,197,102019,0,0
time,3,sorted_deque,jump_128,near_range8,20000,58,107,180,16607,0,0
time,3,sorted_deque,jump_128,index_submit,20000,106,265,524,24240,0,0
time,3,sorted_deque,jump_128,index_ack,20000,80,303,669,1377050,0,0
time,3,sorted_deque,jump_128,cross_page_submit_subset,2704,135,323,524,1803,0,0
time,3,sorted_deque,jump_128,jump_submit_subset,2432,141,328,524,1803,0,0
time,3,sorted_deque,4096books_4near_2far,price_query,20000,145,474,837,33974,0,0
time,3,sorted_deque,new_book_growth,index_insert,20000,247,3089,9326,398102,0,0
time,3,sorted_deque,new_book_growth,every64_subset,313,3371,6967,27856,42018,0,0
time,3,sorted_deque,cancel_rehang_4near,index_cancel,20000,64,100,229,17870,0,0
time,3,sorted_deque,cancel_rehang_4near,index_new,20000,109,157,406,25994,0,0
time,3,sorted_deque,cancel_rehang_4near,index_accepted,20000,82,128,318,43656,0,0
time,3,sorted_deque,cancel_rehang_4near,index_canceled,20000,81,130,389,17719,0,0
time,3,sorted_deque,prototype_rolling_4_2far,price_query,20000,47,59,87,2796,0,0
time,3,sorted_deque,prototype_rolling_4_2far,intent_to_command,20000,101,161,309,76019,0,0
time,3,sorted_deque,prototype_rolling_4_2far,intent_queued,20000,46,61,93,4149,0,0
time,3,sorted_deque,prototype_rolling_4_2far,replace_report,20000,114,198,380,36139,0,0
time,3,sorted_deque,prototype_rolling_4_2far,ready_to_command,20000,128,226,394,30375,0,0
time,3,sorted_deque,prototype_jump_4_2far,price_query,20000,49,78,139,28548,0,0
time,3,sorted_deque,prototype_jump_4_2far,intent_to_command,20000,122,217,327,52595,0,0
time,3,sorted_deque,prototype_jump_4_2far,intent_queued,20000,49,74,102,30813,0,0
time,3,sorted_deque,prototype_jump_4_2far,replace_report,20000,138,262,408,28289,0,0
time,3,sorted_deque,prototype_jump_4_2far,ready_to_command,20000,158,285,436,32957,0,0
time,3,sorted_deque,prototype_rolling_32_2far,price_query,20000,53,83,123,3713,0,0
time,3,sorted_deque,prototype_rolling_32_2far,intent_to_command,20000,107,170,299,26715,0,0
time,3,sorted_deque,prototype_rolling_32_2far,intent_queued,20000,46,62,85,15107,0,0
time,3,sorted_deque,prototype_rolling_32_2far,replace_report,20000,95,184,293,4552,0,0
time,3,sorted_deque,prototype_rolling_32_2far,ready_to_command,20000,120,227,353,22988,0,0
time,3,sorted_deque,prototype_jump_32_2far,price_query,20000,53,85,120,500,0,0
time,3,sorted_deque,prototype_jump_32_2far,intent_to_command,20000,107,176,284,25398,0,0
time,3,sorted_deque,prototype_jump_32_2far,intent_queued,20000,46,62,92,35045,0,0
time,3,sorted_deque,prototype_jump_32_2far,replace_report,20000,96,193,321,21497,0,0
time,3,sorted_deque,prototype_jump_32_2far,ready_to_command,20000,122,249,344,26726,0,0
time,4,linear_prices,rolling_4,price_query,20000,41,56,83,53194,0,0
time,4,linear_prices,rolling_4,near_range8,20000,56,106,229,15367,0,0
time,4,linear_prices,rolling_4,index_submit,20000,75,133,196,16255,0,0
time,4,linear_prices,rolling_4,index_ack,20000,89,142,200,19680,0,0
time,4,linear_prices,rolling_4,cross_page_submit_subset,314,75,162,193,247,0,0
time,4,linear_prices,outliers_4,price_query,20000,41,58,86,17073,0,0
time,4,linear_prices,outliers_4,near_range8,20000,59,114,232,18287,0,0
time,4,linear_prices,outliers_4,index_submit,20000,75,170,347,33420,0,0
time,4,linear_prices,outliers_4,index_ack,20000,88,143,203,28597,0,0
time,4,linear_prices,outliers_4,cross_page_submit_subset,314,75,127,140,170,0,0
time,4,linear_prices,outliers_4,far_query,20000,41,55,81,34290,0,0
time,4,linear_prices,boundary_4,price_query,20000,41,49,60,13135,0,0
time,4,linear_prices,boundary_4,near_range8,20000,64,70,126,11678,0,0
time,4,linear_prices,boundary_4,index_submit,20000,75,106,127,11058,0,0
time,4,linear_prices,boundary_4,index_ack,20000,100,119,145,20913,0,0
time,4,linear_prices,boundary_4,cross_page_submit_subset,5000,74,96,122,169,0,0
time,4,linear_prices,jump_4,price_query,20000,41,53,79,12194,0,0
time,4,linear_prices,jump_4,near_range8,20000,56,101,220,17496,0,0
time,4,linear_prices,jump_4,index_submit,20000,76,125,195,19040,0,0
time,4,linear_prices,jump_4,index_ack,20000,90,138,220,23507,0,0
time,4,linear_prices,jump_4,cross_page_submit_subset,3746,86,138,227,19040,0,0
time,4,linear_prices,jump_4,jump_submit_subset,2496,87,146,238,19040,0,0
time,4,linear_prices,rolling_32,price_query,20000,55,95,129,23026,0,0
time,4,linear_prices,rolling_32,near_range8,20000,350,697,19783,109790,0,0
time,4,linear_prices,rolling_32,index_submit,20000,95,184,2757,26141,0,0
time,4,linear_prices,rolling_32,index_ack,20000,75,196,318,23037,0,0
time,4,linear_prices,rolling_32,cross_page_submit_subset,305,91,178,196,209,0,0
time,4,linear_prices,outliers_32,price_query,20000,51,79,112,13867,0,0
time,4,linear_prices,outliers_32,near_range8,20000,357,623,3630,217276,0,0
time,4,linear_prices,outliers_32,index_submit,20000,93,190,346,19630,0,0
time,4,linear_prices,outliers_32,index_ack,20000,75,189,293,60883,0,0
time,4,linear_prices,outliers_32,cross_page_submit_subset,305,85,185,211,216,0,0
time,4,linear_prices,outliers_32,far_query,20000,58,73,110,10903,0,0
time,4,linear_prices,boundary_32,price_query,20000,49,79,107,3979,0,0
time,4,linear_prices,boundary_32,near_range8,20000,349,632,3458,34777,0,0
time,4,linear_prices,boundary_32,index_submit,20000,92,172,274,44372,0,0
time,4,linear_prices,boundary_32,index_ack,20000,107,192,286,16603,0,0
time,4,linear_prices,boundary_32,cross_page_submit_subset,625,84,153,187,287,0,0
time,4,linear_prices,jump_32,price_query,20000,53,85,116,17597,0,0
time,4,linear_prices,jump_32,near_range8,20000,350,667,3872,37995,0,0
time,4,linear_prices,jump_32,index_submit,20000,92,180,278,22843,0,0
time,4,linear_prices,jump_32,index_ack,20000,75,252,326,36287,0,0
time,4,linear_prices,jump_32,cross_page_submit_subset,2652,131,225,281,301,0,0
time,4,linear_prices,jump_32,jump_submit_subset,2496,132,227,281,301,0,0
time,4,linear_prices,rolling_128,price_query,20000,72,142,186,11954,0,0
time,4,linear_prices,rolling_128,near_range8,20000,1275,1982,13398,31948,0,0
time,4,linear_prices,rolling_128,index_submit,20000,118,229,327,24043,0,0
time,4,linear_prices,rolling_128,index_ack,20000,78,188,435,11995,0,0
time,4,linear_prices,rolling_128,cross_page_submit_subset,312,106,203,237,266,0,0
time,4,linear_prices,outliers_128,price_query,20000,73,141,200,14009,0,0
time,4,linear_prices,outliers_128,near_range8,20000,1288,2189,18227,60902,0,0
time,4,linear_prices,outliers_128,index_submit,20000,120,261,444,11440,0,0
time,4,linear_prices,outliers_128,index_ack,20000,78,200,494,17084,0,0
time,4,linear_prices,outliers_128,cross_page_submit_subset,312,108,200,269,11440,0,0
time,4,linear_prices,outliers_128,far_query,20000,87,143,226,38262,0,0
time,4,linear_prices,boundary_128,price_query,20000,74,143,190,22312,0,0
time,4,linear_prices,boundary_128,near_range8,20000,1288,2128,14452,403851,0,0
time,4,linear_prices,boundary_128,index_submit,20000,118,233,396,25612,0,0
time,4,linear_prices,boundary_128,index_ack,20000,113,317,466,17058,0,0
time,4,linear_prices,boundary_128,cross_page_submit_subset,313,108,186,213,280,0,0
time,4,linear_prices,jump_128,price_query,20000,80,160,263,60235,0,0
time,4,linear_prices,jump_128,near_range8,20000,1294,2672,17493,70545,0,0
time,4,linear_prices,jump_128,index_submit,20000,123,370,557,24613,0,0
time,4,linear_prices,jump_128,index_ack,20000,79,579,726,33573,0,0
time,4,linear_prices,jump_128,cross_page_submit_subset,2704,273,499,696,1503,0,0
time,4,linear_prices,jump_128,jump_submit_subset,2432,279,505,696,1503,0,0
time,4,linear_prices,4096books_4near_2far,price_query,20000,136,450,710,49153,0,0
time,4,linear_prices,new_book_growth,index_insert,20000,217,2463,12180,795797,0,0
time,4,linear_prices,new_book_growth,every64_subset,313,2516,13505,22479,61349,0,0
time,4,linear_prices,cancel_rehang_4near,index_cancel,20000,65,104,153,29947,0,0
time,4,linear_prices,cancel_rehang_4near,index_new,20000,108,156,285,39179,0,0
time,4,linear_prices,cancel_rehang_4near,index_accepted,20000,94,145,289,27688,0,0
time,4,linear_prices,cancel_rehang_4near,index_canceled,20000,90,139,262,36369,0,0
time,4,linear_prices,prototype_rolling_4_2far,price_query,20000,54,76,104,41858,0,0
time,4,linear_prices,prototype_rolling_4_2far,intent_to_command,20000,91,161,228,25339,0,0
time,4,linear_prices,prototype_rolling_4_2far,intent_queued,20000,46,62,91,49911,0,0
time,4,linear_prices,prototype_rolling_4_2far,replace_report,20000,122,209,362,23637,0,0
time,4,linear_prices,prototype_rolling_4_2far,ready_to_command,20000,113,213,333,29243,0,0
time,4,linear_prices,prototype_jump_4_2far,price_query,20000,54,78,111,98993,0,0
time,4,linear_prices,prototype_jump_4_2far,intent_to_command,20000,91,171,262,35422,0,0
time,4,linear_prices,prototype_jump_4_2far,intent_queued,20000,46,68,94,15369,0,0
time,4,linear_prices,prototype_jump_4_2far,replace_report,20000,122,223,320,35543,0,0
time,4,linear_prices,prototype_jump_4_2far,ready_to_command,20000,113,220,303,462571,0,0
time,4,linear_prices,prototype_rolling_32_2far,price_query,20000,58,81,103,36906,0,0
time,4,linear_prices,prototype_rolling_32_2far,intent_to_command,20000,97,136,190,6288,0,0
time,4,linear_prices,prototype_rolling_32_2far,intent_queued,20000,46,51,71,13478,0,0
time,4,linear_prices,prototype_rolling_32_2far,replace_report,20000,94,211,264,19391,0,0
time,4,linear_prices,prototype_rolling_32_2far,ready_to_command,20000,117,179,314,22325,0,0
time,4,linear_prices,prototype_jump_32_2far,price_query,20000,61,105,171,30751,0,0
time,4,linear_prices,prototype_jump_32_2far,intent_to_command,20000,103,204,317,15341,0,0
time,4,linear_prices,prototype_jump_32_2far,intent_queued,20000,46,66,84,240,0,0
time,4,linear_prices,prototype_jump_32_2far,replace_report,20000,96,280,423,49263,0,0
time,4,linear_prices,prototype_jump_32_2far,ready_to_command,20000,124,262,385,35152,0,0
time,4,adaptive,rolling_4,price_query,20000,44,59,85,19518,0,0
time,4,adaptive,rolling_4,near_range8,20000,48,66,85,22996,0,0
time,4,adaptive,rolling_4,index_submit,20000,81,140,220,15666,0,0
time,4,adaptive,rolling_4,index_ack,20000,81,129,171,12221,0,0
time,4,adaptive,rolling_4,cross_page_submit_subset,314,81,160,249,253,0,0
time,4,adaptive,outliers_4,price_query,20000,44,59,77,12570,0,0
time,4,adaptive,outliers_4,near_range8,20000,48,67,80,14552,0,0
time,4,adaptive,outliers_4,index_submit,20000,80,172,357,14845,0,0
time,4,adaptive,outliers_4,index_ack,20000,81,114,162,11504,0,0
time,4,adaptive,outliers_4,cross_page_submit_subset,314,80,120,149,180,0,0
time,4,adaptive,outliers_4,far_query,20000,44,58,70,23725,0,0
time,4,adaptive,boundary_4,price_query,20000,44,56,84,22873,0,0
time,4,adaptive,boundary_4,near_range8,20000,48,70,94,16477,0,0
time,4,adaptive,boundary_4,index_submit,20000,81,128,177,15436,0,0
time,4,adaptive,boundary_4,index_ack,20000,98,142,191,12686,0,0
time,4,adaptive,boundary_4,cross_page_submit_subset,5000,80,118,158,15436,0,0
time,4,adaptive,jump_4,price_query,20000,44,61,86,14918,0,0
time,4,adaptive,jump_4,near_range8,20000,48,70,105,22877,0,0
time,4,adaptive,jump_4,index_submit,20000,83,144,225,67965,0,0
time,4,adaptive,jump_4,index_ack,20000,82,136,190,33942,0,0
time,4,adaptive,jump_4,cross_page_submit_subset,3746,92,167,281,67965,0,0
time,4,adaptive,jump_4,jump_submit_subset,2496,95,180,354,67965,0,0
time,4,adaptive,rolling_32,price_query,20000,49,87,144,35880,0,0
time,4,adaptive,rolling_32,near_range8,20000,65,107,148,29848,0,0
time,4,adaptive,rolling_32,index_submit,20000,86,166,324,18543,0,0
time,4,adaptive,rolling_32,index_ack,20000,76,148,228,25222,0,0
time,4,adaptive,rolling_32,cross_page_submit_subset,305,87,151,184,188,0,0
time,4,adaptive,outliers_32,price_query,20000,49,75,100,11405,0,0
time,4,adaptive,outliers_32,near_range8,20000,63,98,142,16640,0,0
time,4,adaptive,outliers_32,index_submit,20000,86,193,389,40054,0,0
time,4,adaptive,outliers_32,index_ack,20000,76,132,208,18390,0,0
time,4,adaptive,outliers_32,cross_page_submit_subset,305,86,205,217,258,0,0
time,4,adaptive,outliers_32,far_query,20000,50,65,92,14955,0,0
time,4,adaptive,boundary_32,price_query,20000,49,82,105,12716,0,0
time,4,adaptive,boundary_32,near_range8,20000,63,98,132,17395,0,0
time,4,adaptive,boundary_32,index_submit,20000,86,153,220,18987,0,0
time,4,adaptive,boundary_32,index_ack,20000,114,171,270,12081,0,0
time,4,adaptive,boundary_32,cross_page_submit_subset,625,86,149,161,235,0,0
time,4,adaptive,jump_32,price_query,20000,50,101,2774,27942,0,0
time,4,adaptive,jump_32,near_range8,20000,65,121,2811,45205,0,0
time,4,adaptive,jump_32,index_submit,20000,87,280,2992,909934,0,0
time,4,adaptive,jump_32,index_ack,20000,78,260,3019,44154,0,0
time,4,adaptive,jump_32,cross_page_submit_subset,2652,110,435,3233,23205,0,0
time,4,adaptive,jump_32,jump_submit_subset,2496,111,454,3233,23205,0,0
time,4,adaptive,rolling_128,price_query,20000,52,87,113,12399,0,0
time,4,adaptive,rolling_128,near_range8,20000,66,85,122,20429,0,0
time,4,adaptive,rolling_128,index_submit,20000,98,157,242,18552,0,0
time,4,adaptive,rolling_128,index_ack,20000,79,119,155,15167,0,0
time,4,adaptive,rolling_128,cross_page_submit_subset,312,100,156,201,3993,0,0
time,4,adaptive,outliers_128,price_query,20000,52,109,2662,16860,0,0
time,4,adaptive,outliers_128,near_range8,20000,66,100,2716,51571,0,0
time,4,adaptive,outliers_128,index_submit,20000,100,255,2960,41753,0,0
time,4,adaptive,outliers_128,index_ack,20000,79,153,2957,42855,0,0
time,4,adaptive,outliers_128,cross_page_submit_subset,312,108,233,2791,3020,0,0
time,4,adaptive,outliers_128,far_query,20000,53,79,2615,181908,0,0
time,4,adaptive,boundary_128,price_query,20000,54,113,338,13665,0,0
time,4,adaptive,boundary_128,near_range8,20000,66,117,2684,29888,0,0
time,4,adaptive,boundary_128,index_submit,20000,112,230,3361,85868,0,0
time,4,adaptive,boundary_128,index_ack,20000,122,275,3285,25643,0,0
time,4,adaptive,boundary_128,cross_page_submit_subset,313,119,215,222,245,0,0
time,4,adaptive,jump_128,price_query,20000,52,90,120,21614,0,0
time,4,adaptive,jump_128,near_range8,20000,66,100,202,25531,0,0
time,4,adaptive,jump_128,index_submit,20000,104,210,389,19553,0,0
time,4,adaptive,jump_128,index_ack,20000,79,233,468,16073,0,0
time,4,adaptive,jump_128,cross_page_submit_subset,2704,119,264,3279,19553,0,0
time,4,adaptive,jump_128,jump_submit_subset,2432,127,267,3279,19553,0,0
time,4,adaptive,4096books_4near_2far,price_query,20000,218,601,3997,74002,0,0
time,4,adaptive,new_book_growth,index_insert,20000,375,6154,24868,577740,0,0
time,4,adaptive,new_book_growth,every64_subset,313,4858,24868,46510,78069,0,0
time,4,adaptive,cancel_rehang_4near,index_cancel,20000,64,109,2689,28464,0,0
time,4,adaptive,cancel_rehang_4near,index_new,20000,112,201,3196,69553,0,0
time,4,adaptive,cancel_rehang_4near,index_accepted,20000,85,200,496,57996,0,0
time,4,adaptive,cancel_rehang_4near,index_canceled,20000,69,158,377,19288,0,0
time,4,adaptive,prototype_rolling_4_2far,price_query,20000,50,69,220,45032,0,0
time,4,adaptive,prototype_rolling_4_2far,intent_to_command,20000,99,180,3028,28578,0,0
time,4,adaptive,prototype_rolling_4_2far,intent_queued,20000,46,70,340,21512,0,0
time,4,adaptive,prototype_rolling_4_2far,replace_report,20000,104,279,3211,42384,0,0
time,4,adaptive,prototype_rolling_4_2far,ready_to_command,20000,121,271,3948,30673,0,0
time,4,adaptive,prototype_jump_4_2far,price_query,20000,53,86,160,38002,0,0
time,4,adaptive,prototype_jump_4_2far,intent_to_command,20000,126,221,3604,47482,0,0
time,4,adaptive,prototype_jump_4_2far,intent_queued,20000,49,80,193,3771,0,0
time,4,adaptive,prototype_jump_4_2far,replace_report,20000,139,283,3812,50012,0,0
time,4,adaptive,prototype_jump_4_2far,ready_to_command,20000,169,293,4068,39653,0,0
time,4,adaptive,prototype_rolling_32_2far,price_query,20000,57,83,244,160256,0,0
time,4,adaptive,prototype_rolling_32_2far,intent_to_command,20000,101,160,2959,107523,0,0
time,4,adaptive,prototype_rolling_32_2far,intent_queued,20000,46,60,112,15132,0,0
time,4,adaptive,prototype_rolling_32_2far,replace_report,20000,95,195,639,198471,0,0
time,4,adaptive,prototype_rolling_32_2far,ready_to_command,20000,112,230,3478,18817,0,0
time,4,adaptive,prototype_jump_32_2far,price_query,20000,58,104,226,21486,0,0
time,4,adaptive,prototype_jump_32_2far,intent_to_command,20000,103,204,3218,44091,0,0
time,4,adaptive,prototype_jump_32_2far,intent_queued,20000,46,70,189,870588,0,0
time,4,adaptive,prototype_jump_32_2far,replace_report,20000,99,264,3719,130040,0,0
time,4,adaptive,prototype_jump_32_2far,ready_to_command,20000,121,331,3802,32754,0,0
time,4,absl_btree,rolling_4,price_query,20000,42,68,2261,42986,0,0
time,4,absl_btree,rolling_4,near_range8,20000,47,85,2543,22262,0,0
time,4,absl_btree,rolling_4,index_submit,20000,85,177,3026,35951,0,0
time,4,absl_btree,rolling_4,index_ack,20000,94,201,2785,14960,0,0
time,4,absl_btree,rolling_4,cross_page_submit_subset,314,85,179,320,2869,0,0
time,4,absl_btree,outliers_4,price_query,20000,43,74,220,12393,0,0
time,4,absl_btree,outliers_4,near_range8,20000,48,91,2687,7108,0,0
time,4,absl_btree,outliers_4,index_submit,20000,86,272,3381,25253,0,0
time,4,absl_btree,outliers_4,index_ack,20000,97,240,3609,23030,0,0
time,4,absl_btree,outliers_4,cross_page_submit_subset,314,87,186,270,381,0,0
time,4,absl_btree,outliers_4,far_query,20000,42,75,2750,14753,0,0
time,4,absl_btree,boundary_4,price_query,20000,42,59,95,19505,0,0
time,4,absl_btree,boundary_4,near_range8,20000,48,75,114,4496,0,0
time,4,absl_btree,boundary_4,index_submit,20000,85,149,2353,16570,0,0
time,4,absl_btree,boundary_4,index_ack,20000,119,203,2500,25025,0,0
time,4,absl_btree,boundary_4,cross_page_submit_subset,5000,84,136,2447,16570,0,0
time,4,absl_btree,jump_4,price_query,20000,42,65,269,1790081,0,0
time,4,absl_btree,jump_4,near_range8,20000,47,76,2394,36067,0,0
time,4,absl_btree,jump_4,index_submit,20000,86,180,2861,782773,0,0
time,4,absl_btree,jump_4,index_ack,20000,96,208,2898,16326,0,0
time,4,absl_btree,jump_4,cross_page_submit_subset,3746,106,209,2830,20016,0,0
time,4,absl_btree,jump_4,jump_submit_subset,2496,108,218,2780,3095,0,0
time,4,absl_btree,rolling_32,price_query,20000,46,80,203,29457,0,0
time,4,absl_btree,rolling_32,near_range8,20000,61,104,259,250268,0,0
time,4,absl_btree,rolling_32,index_submit,20000,92,219,3133,24237,0,0
time,4,absl_btree,rolling_32,index_ack,20000,76,209,2885,38497,0,0
time,4,absl_btree,rolling_32,cross_page_submit_subset,305,90,186,282,337,0,0
time,4,absl_btree,outliers_32,price_query,20000,46,80,159,15308,0,0
time,4,absl_btree,outliers_32,near_range8,20000,61,98,217,17525,0,0
time,4,absl_btree,outliers_32,index_submit,20000,91,216,474,22774,0,0
time,4,absl_btree,outliers_32,index_ack,20000,76,198,348,84457,0,0
time,4,absl_btree,outliers_32,cross_page_submit_subset,305,89,235,407,463,0,0
time,4,absl_btree,outliers_32,far_query,20000,50,71,130,20196,0,0
time,4,absl_btree,boundary_32,price_query,20000,47,83,255,18126,0,0
time,4,absl_btree,boundary_32,near_range8,20000,60,116,2848,22659,0,0
time,4,absl_btree,boundary_32,index_submit,20000,89,229,3082,16797,0,0
time,4,absl_btree,boundary_32,index_ack,20000,131,290,3310,32519,0,0
time,4,absl_btree,boundary_32,cross_page_submit_subset,625,102,169,308,422,0,0
time,4,absl_btree,jump_32,price_query,20000,46,81,223,5839,0,0
time,4,absl_btree,jump_32,near_range8,20000,61,106,2827,13955,0,0
time,4,absl_btree,jump_32,index_submit,20000,98,247,3056,28632,0,0
time,4,absl_btree,jump_32,index_ack,20000,76,274,2989,6153,0,0
time,4,absl_btree,jump_32,cross_page_submit_subset,2652,137,328,3207,28632,0,0
time,4,absl_btree,jump_32,jump_submit_subset,2496,138,329,3066,28632,0,0
time,4,absl_btree,rolling_128,price_query,20000,52,97,243,174746,0,0
time,4,absl_btree,rolling_128,near_range8,20000,63,115,311,37407,0,0
time,4,absl_btree,rolling_128,index_submit,20000,115,240,3226,21409,0,0
time,4,absl_btree,rolling_128,index_ack,20000,79,198,877,4662,0,0
time,4,absl_btree,rolling_128,cross_page_submit_subset,312,125,244,386,412,0,0
time,4,absl_btree,outliers_128,price_query,20000,53,102,270,19674,0,0
time,4,absl_btree,outliers_128,near_range8,20000,63,122,342,18009,0,0
time,4,absl_btree,outliers_128,index_submit,20000,118,310,3479,37548,0,0
time,4,absl_btree,outliers_128,index_ack,20000,80,232,3087,27212,0,0
time,4,absl_btree,outliers_128,cross_page_submit_subset,312,126,308,3236,3460,0,0
time,4,absl_btree,outliers_128,far_query,20000,55,89,245,19088,0,0
time,4,absl_btree,boundary_128,price_query,20000,50,80,153,13900,0,0
time,4,absl_btree,boundary_128,near_range8,20000,62,84,127,23649,0,0
time,4,absl_btree,boundary_128,index_submit,20000,103,169,2660,18513,0,0
time,4,absl_btree,boundary_128,index_ack,20000,138,300,3087,52097,0,0
time,4,absl_btree,boundary_128,cross_page_submit_subset,313,111,177,392,2660,0,0
time,4,absl_btree,jump_128,price_query,20000,52,96,247,32447,0,0
time,4,absl_btree,jump_128,near_range8,20000,63,116,2884,14924,0,0
time,4,absl_btree,jump_128,index_submit,20000,115,306,3356,15234,0,0
time,4,absl_btree,jump_128,index_ack,20000,79,371,3066,22180,0,0
time,4,absl_btree,jump_128,cross_page_submit_subset,2704,178,449,3417,4449,0,0
time,4,absl_btree,jump_128,jump_submit_subset,2432,180,465,3417,4449,0,0
time,4,absl_btree,4096books_4near_2far,price_query,20000,143,490,2953,23277,0,0
time,4,absl_btree,new_book_growth,index_insert,20000,224,3028,6681,303678,0,0
time,4,absl_btree,new_book_growth,every64_subset,313,2754,9253,10111,26712,0,0
time,4,absl_btree,cancel_rehang_4near,index_cancel,20000,65,90,439,47254,0,0
time,4,absl_btree,cancel_rehang_4near,index_new,20000,118,174,2888,22386,0,0
time,4,absl_btree,cancel_rehang_4near,index_accepted,20000,88,127,2975,17776,0,0
time,4,absl_btree,cancel_rehang_4near,index_canceled,20000,108,185,2900,15203,0,0
time,4,absl_btree,prototype_rolling_4_2far,price_query,20000,46,61,108,2897,0,0
time,4,absl_btree,prototype_rolling_4_2far,intent_to_command,20000,101,162,295,19869,0,0
time,4,absl_btree,prototype_rolling_4_2far,intent_queued,20000,46,61,88,12726,0,0
time,4,absl_btree,prototype_rolling_4_2far,replace_report,20000,143,267,3099,35900,0,0
time,4,absl_btree,prototype_rolling_4_2far,ready_to_command,20000,135,248,2999,34715,0,0
time,4,absl_btree,prototype_jump_4_2far,price_query,20000,54,88,262,36163,0,0
time,4,absl_btree,prototype_jump_4_2far,intent_to_command,20000,142,265,3710,54460,0,0
time,4,absl_btree,prototype_jump_4_2far,intent_queued,20000,55,82,230,18580,0,0
time,4,absl_btree,prototype_jump_4_2far,replace_report,20000,217,413,4158,725995,0,0
time,4,absl_btree,prototype_jump_4_2far,ready_to_command,20000,208,416,3975,262622,0,0
time,4,absl_btree,prototype_rolling_32_2far,price_query,20000,52,113,224,21227,0,0
time,4,absl_btree,prototype_rolling_32_2far,intent_to_command,20000,106,201,3448,209460,0,0
time,4,absl_btree,prototype_rolling_32_2far,intent_queued,20000,46,83,195,35346,0,0
time,4,absl_btree,prototype_rolling_32_2far,replace_report,20000,97,390,3274,39130,0,0
time,4,absl_btree,prototype_rolling_32_2far,ready_to_command,20000,122,355,3554,24188,0,0
time,4,absl_btree,prototype_jump_32_2far,price_query,20000,54,117,213,33500,0,0
time,4,absl_btree,prototype_jump_32_2far,intent_to_command,20000,108,209,3554,25490,0,0
time,4,absl_btree,prototype_jump_32_2far,intent_queued,20000,46,83,194,25129,0,0
time,4,absl_btree,prototype_jump_32_2far,replace_report,20000,99,404,3038,23144,0,0
time,4,absl_btree,prototype_jump_32_2far,ready_to_command,20000,129,364,12580,64212,0,0
time,4,pool_pages,rolling_4,price_query,20000,46,59,89,16830,0,0
time,4,pool_pages,rolling_4,near_range8,20000,55,78,111,27751,0,0
time,4,pool_pages,rolling_4,index_submit,20000,84,158,331,24012,0,0
time,4,pool_pages,rolling_4,index_ack,20000,87,148,276,16249,0,0
time,4,pool_pages,rolling_4,cross_page_submit_subset,314,94,361,416,460,0,0
time,4,pool_pages,rolling_4,page_creation_subset,78,269,416,416,460,0,0
time,4,pool_pages,outliers_4,price_query,20000,46,65,191,3562,0,0
time,4,pool_pages,outliers_4,near_range8,20000,55,88,2654,42035,0,0
time,4,pool_pages,outliers_4,index_submit,20000,85,237,3020,39396,0,0
time,4,pool_pages,outliers_4,index_ack,20000,89,175,2797,71117,0,0
time,4,pool_pages,outliers_4,cross_page_submit_subset,314,96,489,2888,3488,0,0
time,4,pool_pages,outliers_4,page_creation_subset,78,329,653,653,3488,0,0
time,4,pool_pages,outliers_4,far_query,20000,48,70,269,84898,0,0
time,4,pool_pages,boundary_4,price_query,20000,46,78,141,14333,0,0
time,4,pool_pages,boundary_4,near_range8,20000,58,107,288,18167,0,0
time,4,pool_pages,boundary_4,index_submit,20000,84,163,2782,150205,0,0
time,4,pool_pages,boundary_4,index_ack,20000,111,214,2882,31875,0,0
time,4,pool_pages,boundary_4,cross_page_submit_subset,5000,83,151,314,13378,0,0
time,4,pool_pages,jump_4,price_query,20000,46,80,106,28418,0,0
time,4,pool_pages,jump_4,near_range8,20000,56,111,216,12892,0,0
time,4,pool_pages,jump_4,index_submit,20000,93,266,3282,29825,0,0
time,4,pool_pages,jump_4,index_ack,20000,96,249,569,40082,0,0
time,4,pool_pages,jump_4,cross_page_submit_subset,3746,103,327,12000,27251,0,0
time,4,pool_pages,jump_4,page_creation_subset,1248,180,354,468,27251,0,0
time,4,pool_pages,jump_4,jump_submit_subset,2496,148,341,12417,27251,0,0
time,4,pool_pages,rolling_32,price_query,20000,46,60,137,19800,0,0
time,4,pool_pages,rolling_32,near_range8,20000,64,99,189,143611,0,0
time,4,pool_pages,rolling_32,index_submit,20000,84,152,380,20384,0,0
time,4,pool_pages,rolling_32,index_ack,20000,76,145,917,24365,0,0
time,4,pool_pages,rolling_32,cross_page_submit_subset,305,96,418,576,643,0,0
time,4,pool_pages,rolling_32,page_creation_subset,10,380,576,576,643,0,0
time,4,pool_pages,outliers_32,price_query,20000,46,59,78,14780,0,0
time,4,pool_pages,outliers_32,near_range8,20000,64,91,124,13825,0,0
time,4,pool_pages,outliers_32,index_submit,20000,84,153,349,12894,0,0
time,4,pool_pages,outliers_32,index_ack,20000,76,129,220,20011,0,0
time,4,pool_pages,outliers_32,cross_page_submit_subset,305,96,399,708,12450,0,0
time,4,pool_pages,outliers_32,page_creation_subset,10,348,567,567,708,0,0
time,4,pool_pages,outliers_32,far_query,20000,48,60,85,22446,0,0
time,4,pool_pages,boundary_32,price_query,20000,46,62,169,24871,0,0
time,4,pool_pages,boundary_32,near_range8,20000,67,110,193,16347,0,0
time,4,pool_pages,boundary_32,index_submit,20000,84,148,302,18759,0,0
time,4,pool_pages,boundary_32,index_ack,20000,115,186,332,34520,0,0
time,4,pool_pages,boundary_32,cross_page_submit_subset,625,84,147,171,204,0,0
time,4,pool_pages,jump_32,price_query,20000,46,60,91,18498,0,0
time,4,pool_pages,jump_32,near_range8,20000,64,94,220,460036,0,0
time,4,pool_pages,jump_32,index_submit,20000,84,175,308,21578,0,0
time,4,pool_pages,jump_32,index_ack,20000,76,166,283,18180,0,0
time,4,pool_pages,jump_32,cross_page_submit_subset,2652,95,270,518,21578,0,0
time,4,pool_pages,jump_32,page_creation_subset,156,210,389,518,3268,0,0
time,4,pool_pages,jump_32,jump_submit_subset,2496,95,270,518,21578,0,0
time,4,pool_pages,rolling_128,price_query,20000,46,59,91,18509,0,0
time,4,pool_pages,rolling_128,near_range8,20000,64,92,135,13677,0,0
time,4,pool_pages,rolling_128,index_submit,20000,84,133,205,18625,0,0
time,4,pool_pages,rolling_128,index_ack,20000,79,128,208,19463,0,0
time,4,pool_pages,rolling_128,cross_page_submit_subset,312,102,204,430,511,0,0
time,4,pool_pages,rolling_128,page_creation_subset,3,430,430,430,511,0,0
time,4,pool_pages,outliers_128,price_query,20000,46,59,81,16323,0,0
time,4,pool_pages,outliers_128,near_range8,20000,64,83,119,16768,0,0
time,4,pool_pages,outliers_128,index_submit,20000,84,143,313,14185,0,0
time,4,pool_pages,outliers_128,index_ack,20000,79,126,218,14589,0,0
time,4,pool_pages,outliers_128,cross_page_submit_subset,312,102,192,446,456,0,0
time,4,pool_pages,outliers_128,page_creation_subset,3,446,446,446,456,0,0
time,4,pool_pages,outliers_128,far_query,20000,48,57,91,12395,0,0
time,4,pool_pages,boundary_128,price_query,20000,46,58,75,3748,0,0
time,4,pool_pages,boundary_128,near_range8,20000,66,84,113,29388,0,0
time,4,pool_pages,boundary_128,index_submit,20000,84,113,215,15069,0,0
time,4,pool_pages,boundary_128,index_ack,20000,116,148,255,22096,0,0
time,4,pool_pages,boundary_128,cross_page_submit_subset,313,87,113,133,180,0,0
time,4,pool_pages,jump_128,price_query,20000,46,60,80,22163,0,0
time,4,pool_pages,jump_128,near_range8,20000,64,83,119,13263,0,0
time,4,pool_pages,jump_128,index_submit,20000,85,133,352,74961,0,0
time,4,pool_pages,jump_128,index_ack,20000,79,152,279,17199,0,0
time,4,pool_pages,jump_128,cross_page_submit_subset,2704,96,295,431,11550,0,0
time,4,pool_pages,jump_128,page_creation_subset,77,272,423,423,431,0,0
time,4,pool_pages,jump_128,jump_submit_subset,2432,96,274,431,11550,0,0
time,4,pool_pages,4096books_4near_2far,price_query,20000,349,1011,5284,522013,0,0
time,4,pool_pages,new_book_growth,index_insert,20000,341,12196,45267,358021,0,0
time,4,pool_pages,new_book_growth,page_block_growth_subset,313,12670,65873,70197,123272,0,0
time,4,pool_pages,new_book_growth,every64_subset,313,12670,65873,70197,123272,0,0
time,4,pool_pages,cancel_rehang_4near,index_cancel,20000,64,91,169,13540,0,0
time,4,pool_pages,cancel_rehang_4near,index_new,20000,175,234,476,33380,0,0
time,4,pool_pages,cancel_rehang_4near,index_accepted,20000,92,216,404,35687,0,0
time,4,pool_pages,cancel_rehang_4near,index_canceled,20000,103,193,375,17793,0,0
time,4,pool_pages,prototype_rolling_4_2far,price_query,20000,53,69,99,3603,0,0
time,4,pool_pages,prototype_rolling_4_2far,intent_to_command,20000,100,171,318,4828,0,0
time,4,pool_pages,prototype_rolling_4_2far,intent_queued,20000,46,63,142,13396,0,0
time,4,pool_pages,prototype_rolling_4_2far,replace_report,20000,108,232,1191,20284,0,0
time,4,pool_pages,prototype_rolling_4_2far,ready_to_command,20000,120,305,1322,28753,0,0
time,4,pool_pages,prototype_jump_4_2far,price_query,20000,53,71,105,17413,0,0
time,4,pool_pages,prototype_jump_4_2far,intent_to_command,20000,100,240,400,33057,0,0
time,4,pool_pages,prototype_jump_4_2far,intent_queued,20000,46,61,109,38689,0,0
time,4,pool_pages,prototype_jump_4_2far,replace_report,20000,109,257,3112,32741,0,0
time,4,pool_pages,prototype_jump_4_2far,ready_to_command,20000,120,299,3095,17988,0,0
time,4,pool_pages,prototype_rolling_32_2far,price_query,20000,54,77,146,26445,0,0
time,4,pool_pages,prototype_rolling_32_2far,intent_to_command,20000,100,165,310,17984,0,0
time,4,pool_pages,prototype_rolling_32_2far,intent_queued,20000,46,67,96,32956,0,0
time,4,pool_pages,prototype_rolling_32_2far,replace_report,20000,95,212,1022,82654,0,0
time,4,pool_pages,prototype_rolling_32_2far,ready_to_command,20000,111,228,474,23882,0,0
time,4,pool_pages,prototype_jump_32_2far,price_query,20000,54,84,156,16290,0,0
time,4,pool_pages,prototype_jump_32_2far,intent_to_command,20000,100,187,3039,16265,0,0
time,4,pool_pages,prototype_jump_32_2far,intent_queued,20000,46,76,147,75791,0,0
time,4,pool_pages,prototype_jump_32_2far,replace_report,20000,97,258,3331,571904,0,0
time,4,pool_pages,prototype_jump_32_2far,ready_to_command,20000,113,251,3422,190829,0,0
time,4,sorted_deque,rolling_4,price_query,20000,52,74,167,35667,0,0
time,4,sorted_deque,rolling_4,near_range8,20000,56,79,133,6807,0,0
time,4,sorted_deque,rolling_4,index_submit,20000,123,208,2814,49163,0,0
time,4,sorted_deque,rolling_4,index_ack,20000,117,172,872,24725,0,0
time,4,sorted_deque,rolling_4,cross_page_submit_subset,314,122,200,236,247,0,0
time,4,sorted_deque,outliers_4,price_query,20000,52,77,140,7567,0,0
time,4,sorted_deque,outliers_4,near_range8,20000,57,82,142,50950,0,0
time,4,sorted_deque,outliers_4,index_submit,20000,125,312,513,116924,0,0
time,4,sorted_deque,outliers_4,index_ack,20000,120,181,375,31529,0,0
time,4,sorted_deque,outliers_4,cross_page_submit_subset,314,124,194,261,277,0,0
time,4,sorted_deque,outliers_4,far_query,20000,52,73,130,41745,0,0
time,4,sorted_deque,boundary_4,price_query,20000,51,73,104,5050,0,0
time,4,sorted_deque,boundary_4,near_range8,20000,56,82,136,3686,0,0
time,4,sorted_deque,boundary_4,index_submit,20000,123,179,3246,30364,0,0
time,4,sorted_deque,boundary_4,index_ack,20000,133,192,326,62530,0,0
time,4,sorted_deque,boundary_4,cross_page_submit_subset,5000,120,172,383,8290,0,0
time,4,sorted_deque,jump_4,price_query,20000,53,72,127,101420,0,0
time,4,sorted_deque,jump_4,near_range8,20000,56,78,111,29901,0,0
time,4,sorted_deque,jump_4,index_submit,20000,127,207,344,33945,0,0
time,4,sorted_deque,jump_4,index_ack,20000,123,196,395,65257,0,0
time,4,sorted_deque,jump_4,cross_page_submit_subset,3746,146,237,338,25547,0,0
time,4,sorted_deque,jump_4,jump_submit_subset,2496,155,245,344,25547,0,0
time,4,sorted_deque,rolling_32,price_query,20000,58,96,196,31014,0,0
time,4,sorted_deque,rolling_32,near_range8,20000,78,107,164,25545,0,0
time,4,sorted_deque,rolling_32,index_submit,20000,130,210,3682,49845,0,0
time,4,sorted_deque,rolling_32,index_ack,20000,111,185,549,42525,0,0
time,4,sorted_deque,rolling_32,cross_page_submit_subset,305,131,203,296,338,0,0
time,4,sorted_deque,outliers_32,price_query,20000,58,97,206,36618,0,0
time,4,sorted_deque,outliers_32,near_range8,20000,77,105,167,73528,0,0
time,4,sorted_deque,outliers_32,index_submit,20000,133,337,574,30134,0,0
time,4,sorted_deque,outliers_32,index_ack,20000,113,190,369,37513,0,0
time,4,sorted_deque,outliers_32,cross_page_submit_subset,305,133,378,494,4177,0,0
time,4,sorted_deque,outliers_32,far_query,20000,56,78,143,74806,0,0
time,4,sorted_deque,boundary_32,price_query,20000,57,90,153,40119,0,0
time,4,sorted_deque,boundary_32,near_range8,20000,76,107,193,29190,0,0
time,4,sorted_deque,boundary_32,index_submit,20000,128,217,514,55178,0,0
time,4,sorted_deque,boundary_32,index_ack,20000,133,236,471,88790,0,0
time,4,sorted_deque,boundary_32,cross_page_submit_subset,625,128,218,299,407,0,0
time,4,sorted_deque,jump_32,price_query,20000,49,94,146,22726,0,0
time,4,sorted_deque,jump_32,near_range8,20000,56,115,165,58070,0,0
time,4,sorted_deque,jump_32,index_submit,20000,92,262,462,133539,0,0
time,4,sorted_deque,jump_32,index_ack,20000,77,253,369,16261,0,0
time,4,sorted_deque,jump_32,cross_page_submit_subset,2652,114,343,625,48228,0,0
time,4,sorted_deque,jump_32,jump_submit_subset,2496,115,346,625,48228,0,0
time,4,sorted_deque,rolling_128,price_query,20000,50,89,171,14900,0,0
time,4,sorted_deque,rolling_128,near_range8,20000,57,84,140,14484,0,0
time,4,sorted_deque,rolling_128,index_submit,20000,95,157,343,41479,0,0
time,4,sorted_deque,rolling_128,index_ack,20000,78,124,193,7193,0,0
time,4,sorted_deque,rolling_128,cross_page_submit_subset,312,99,148,188,248,0,0
time,4,sorted_deque,outliers_128,price_query,20000,50,92,142,3759,0,0
time,4,sorted_deque,outliers_128,near_range8,20000,56,83,152,45602,0,0
time,4,sorted_deque,outliers_128,index_submit,20000,99,188,369,169770,0,0
time,4,sorted_deque,outliers_128,index_ack,20000,79,130,199,33227,0,0
time,4,sorted_deque,outliers_128,cross_page_submit_subset,312,104,168,210,280,0,0
time,4,sorted_deque,outliers_128,far_query,20000,49,61,98,27978,0,0
time,4,sorted_deque,boundary_128,price_query,20000,52,87,125,13887,0,0
time,4,sorted_deque,boundary_128,near_range8,20000,57,82,140,14138,0,0
time,4,sorted_deque,boundary_128,index_submit,20000,109,166,307,43059,0,0
time,4,sorted_deque,boundary_128,index_ack,20000,120,197,376,20097,0,0
time,4,sorted_deque,boundary_128,cross_page_submit_subset,313,122,182,229,234,0,0
time,4,sorted_deque,jump_128,price_query,20000,51,88,120,13443,0,0
time,4,sorted_deque,jump_128,near_range8,20000,57,90,128,22482,0,0
time,4,sorted_deque,jump_128,index_submit,20000,100,212,323,15729,0,0
time,4,sorted_deque,jump_128,index_ack,20000,78,218,320,14764,0,0
time,4,sorted_deque,jump_128,cross_page_submit_subset,2704,117,269,462,5000,0,0
time,4,sorted_deque,jump_128,jump_submit_subset,2432,126,271,462,5000,0,0
time,4,sorted_deque,4096books_4near_2far,price_query,20000,145,457,3097,37196,0,0
time,4,sorted_deque,new_book_growth,index_insert,20000,239,3638,8880,384049,0,0
time,4,sorted_deque,new_book_growth,every64_subset,313,3540,9474,32186,50779,0,0
time,4,sorted_deque,cancel_rehang_4near,index_cancel,20000,64,88,192,3415,0,0
time,4,sorted_deque,cancel_rehang_4near,index_new,20000,109,147,2941,64216,0,0
time,4,sorted_deque,cancel_rehang_4near,index_accepted,20000,82,112,371,33063,0,0
time,4,sorted_deque,cancel_rehang_4near,index_canceled,20000,81,114,210,17957,0,0
time,4,sorted_deque,prototype_rolling_4_2far,price_query,20000,47,51,70,5507,0,0
time,4,sorted_deque,prototype_rolling_4_2far,intent_to_command,20000,101,128,209,21565,0,0
time,4,sorted_deque,prototype_rolling_4_2far,intent_queued,20000,46,48,73,29156,0,0
time,4,sorted_deque,prototype_rolling_4_2far,replace_report,20000,114,157,428,17928,0,0
time,4,sorted_deque,prototype_rolling_4_2far,ready_to_command,20000,127,168,285,13168,0,0
time,4,sorted_deque,prototype_jump_4_2far,price_query,20000,47,56,79,19557,0,0
time,4,sorted_deque,prototype_jump_4_2far,intent_to_command,20000,101,149,207,11639,0,0
time,4,sorted_deque,prototype_jump_4_2far,intent_queued,20000,46,59,72,13601,0,0
time,4,sorted_deque,prototype_jump_4_2far,replace_report,20000,114,171,284,14554,0,0
time,4,sorted_deque,prototype_jump_4_2far,ready_to_command,20000,127,180,294,41412,0,0
time,4,sorted_deque,prototype_rolling_32_2far,price_query,20000,54,94,161,30738,0,0
time,4,sorted_deque,prototype_rolling_32_2far,intent_to_command,20000,108,195,360,35715,0,0
time,4,sorted_deque,prototype_rolling_32_2far,intent_queued,20000,46,79,92,240,0,0
time,4,sorted_deque,prototype_rolling_32_2far,replace_report,20000,102,219,360,29597,0,0
time,4,sorted_deque,prototype_rolling_32_2far,ready_to_command,20000,128,267,383,50378,0,0
time,4,sorted_deque,prototype_jump_32_2far,price_query,20000,54,106,198,46927,0,0
time,4,sorted_deque,prototype_jump_32_2far,intent_to_command,20000,109,227,393,32614,0,0
time,4,sorted_deque,prototype_jump_32_2far,intent_queued,20000,47,81,112,37188,0,0
time,4,sorted_deque,prototype_jump_32_2far,replace_report,20000,112,250,410,26373,0,0
time,4,sorted_deque,prototype_jump_32_2far,ready_to_command,20000,138,298,448,26453,0,0
time,4,sorted_deque_soa,rolling_4,price_query,20000,50,62,88,4295,0,0
time,4,sorted_deque_soa,rolling_4,near_range8,20000,53,64,100,13248,0,0
time,4,sorted_deque_soa,rolling_4,index_submit,20000,93,155,249,41043,0,0
time,4,sorted_deque_soa,rolling_4,index_ack,20000,94,129,195,174922,0,0
time,4,sorted_deque_soa,rolling_4,cross_page_submit_subset,314,93,141,160,170,0,0
time,4,sorted_deque_soa,outliers_4,price_query,20000,52,65,92,43458,0,0
time,4,sorted_deque_soa,outliers_4,near_range8,20000,53,70,100,17830,0,0
time,4,sorted_deque_soa,outliers_4,index_submit,20000,94,221,396,15816,0,0
time,4,sorted_deque_soa,outliers_4,index_ack,20000,98,156,234,15162,0,0
time,4,sorted_deque_soa,outliers_4,cross_page_submit_subset,314,94,178,210,242,0,0
time,4,sorted_deque_soa,outliers_4,far_query,20000,51,63,89,56165,0,0
time,4,sorted_deque_soa,boundary_4,price_query,20000,51,63,97,22188,0,0
time,4,sorted_deque_soa,boundary_4,near_range8,20000,53,67,101,3679,0,0
time,4,sorted_deque_soa,boundary_4,index_submit,20000,92,145,202,16668,0,0
time,4,sorted_deque_soa,boundary_4,index_ack,20000,117,160,222,23285,0,0
time,4,sorted_deque_soa,boundary_4,cross_page_submit_subset,5000,92,137,184,14356,0,0
time,4,sorted_deque_soa,jump_4,price_query,20000,51,62,80,13575,0,0
time,4,sorted_deque_soa,jump_4,near_range8,20000,53,65,84,3545,0,0
time,4,sorted_deque_soa,jump_4,index_submit,20000,99,154,325,19348,0,0
time,4,sorted_deque_soa,jump_4,index_ack,20000,96,140,200,22198,0,0
time,4,sorted_deque_soa,jump_4,cross_page_submit_subset,3746,105,184,303,809,0,0
time,4,sorted_deque_soa,jump_4,jump_submit_subset,2496,109,194,304,809,0,0
time,4,sorted_deque_soa,rolling_32,price_query,20000,65,82,130,18136,0,0
time,4,sorted_deque_soa,rolling_32,near_range8,20000,73,104,176,27547,0,0
time,4,sorted_deque_soa,rolling_32,index_submit,20000,107,179,312,14687,0,0
time,4,sorted_deque_soa,rolling_32,index_ack,20000,76,144,217,17905,0,0
time,4,sorted_deque_soa,rolling_32,cross_page_submit_subset,305,106,168,209,265,0,0
time,4,sorted_deque_soa,outliers_32,price_query,20000,66,83,120,15590,0,0
time,4,sorted_deque_soa,outliers_32,near_range8,20000,74,103,144,13091,0,0
time,4,sorted_deque_soa,outliers_32,index_submit,20000,107,232,417,23952,0,0
time,4,sorted_deque_soa,outliers_32,index_ack,20000,75,143,231,3579,0,0
time,4,sorted_deque_soa,outliers_32,cross_page_submit_subset,305,107,296,352,495,0,0
time,4,sorted_deque_soa,outliers_32,far_query,20000,65,82,140,24252,0,0
time,4,sorted_deque_soa,boundary_32,price_query,20000,65,117,181,14853,0,0
time,4,sorted_deque_soa,boundary_32,near_range8,20000,73,145,260,32389,0,0
time,4,sorted_deque_soa,boundary_32,index_submit,20000,107,228,387,34414,0,0
time,4,sorted_deque_soa,boundary_32,index_ack,20000,146,255,400,18067,0,0
time,4,sorted_deque_soa,boundary_32,cross_page_submit_subset,625,121,212,286,340,0,0
time,4,sorted_deque_soa,jump_32,price_query,20000,66,87,122,21174,0,0
time,4,sorted_deque_soa,jump_32,near_range8,20000,73,109,173,11041,0,0
time,4,sorted_deque_soa,jump_32,index_submit,20000,107,232,372,39273,0,0
time,4,sorted_deque_soa,jump_32,index_ack,20000,76,223,333,4343,0,0
time,4,sorted_deque_soa,jump_32,cross_page_submit_subset,2652,178,312,474,39273,0,0
time,4,sorted_deque_soa,jump_32,jump_submit_subset,2496,180,316,474,39273,0,0
time,4,sorted_deque_soa,rolling_128,price_query,20000,50,85,117,15222,0,0
time,4,sorted_deque_soa,rolling_128,near_range8,20000,53,78,109,11574,0,0
time,4,sorted_deque_soa,rolling_128,index_submit,20000,116,169,265,14042,0,0
time,4,sorted_deque_soa,rolling_128,index_ack,20000,78,127,185,22799,0,0
time,4,sorted_deque_soa,rolling_128,cross_page_submit_subset,312,116,173,187,215,0,0
time,4,sorted_deque_soa,outliers_128,price_query,20000,51,92,132,18402,0,0
time,4,sorted_deque_soa,outliers_128,near_range8,20000,56,90,144,17114,0,0
time,4,sorted_deque_soa,outliers_128,index_submit,20000,97,217,408,45262,0,0
time,4,sorted_deque_soa,outliers_128,index_ack,20000,80,137,245,14859,0,0
time,4,sorted_deque_soa,outliers_128,cross_page_submit_subset,312,106,176,205,349,0,0
time,4,sorted_deque_soa,outliers_128,far_query,20000,50,68,116,19104,0,0
time,4,sorted_deque_soa,boundary_128,price_query,20000,67,95,111,11074,0,0
time,4,sorted_deque_soa,boundary_128,near_range8,20000,54,67,81,6972,0,0
time,4,sorted_deque_soa,boundary_128,index_submit,20000,112,150,206,18243,0,0
time,4,sorted_deque_soa,boundary_128,index_ack,20000,118,185,213,11814,0,0
time,4,sorted_deque_soa,boundary_128,cross_page_submit_subset,313,123,158,164,289,0,0
time,4,sorted_deque_soa,jump_128,price_query,20000,59,94,113,19719,0,0
time,4,sorted_deque_soa,jump_128,near_range8,20000,60,95,114,11550,0,0
time,4,sorted_deque_soa,jump_128,index_submit,20000,130,233,297,20996,0,0
time,4,sorted_deque_soa,jump_128,index_ack,20000,92,232,314,13971,0,0
time,4,sorted_deque_soa,jump_128,cross_page_submit_subset,2704,138,271,1671,20996,0,0
time,4,sorted_deque_soa,jump_128,jump_submit_subset,2432,143,274,1368,20996,0,0
time,4,sorted_deque_soa,4096books_4near_2far,price_query,20000,189,507,793,176352,0,0
time,4,sorted_deque_soa,new_book_growth,index_insert,20000,277,6563,18944,936602,0,0
time,4,sorted_deque_soa,new_book_growth,every64_subset,313,4246,21122,32656,33308,0,0
time,4,sorted_deque_soa,cancel_rehang_4near,index_cancel,20000,64,123,2730,18440,0,0
time,4,sorted_deque_soa,cancel_rehang_4near,index_new,20000,109,2589,2903,15274,0,0
time,4,sorted_deque_soa,cancel_rehang_4near,index_accepted,20000,89,253,2799,29405,0,0
time,4,sorted_deque_soa,cancel_rehang_4near,index_canceled,20000,84,163,2785,23822,0,0
time,4,sorted_deque_soa,prototype_rolling_4_2far,price_query,20000,56,70,2992,20754,0,0
time,4,sorted_deque_soa,prototype_rolling_4_2far,intent_to_command,20000,109,189,3247,20168,0,0
time,4,sorted_deque_soa,prototype_rolling_4_2far,intent_queued,20000,46,62,3056,16961,0,0
time,4,sorted_deque_soa,prototype_rolling_4_2far,replace_report,20000,119,337,3380,25560,0,0
time,4,sorted_deque_soa,prototype_rolling_4_2far,ready_to_command,20000,135,386,4150,23975,0,0
time,4,sorted_deque_soa,prototype_jump_4_2far,price_query,20000,56,66,113,23583,0,0
time,4,sorted_deque_soa,prototype_jump_4_2far,intent_to_command,20000,109,182,2829,14244,0,0
time,4,sorted_deque_soa,prototype_jump_4_2far,intent_queued,20000,46,60,80,5338,0,0
time,4,sorted_deque_soa,prototype_jump_4_2far,replace_report,20000,119,208,476,14164,0,0
time,4,sorted_deque_soa,prototype_jump_4_2far,ready_to_command,20000,136,229,3006,22115,0,0
time,4,sorted_deque_soa,prototype_rolling_32_2far,price_query,20000,69,80,124,12230,0,0
time,4,sorted_deque_soa,prototype_rolling_32_2far,intent_to_command,20000,121,161,240,20286,0,0
time,4,sorted_deque_soa,prototype_rolling_32_2far,intent_queued,20000,46,65,83,11830,0,0
time,4,sorted_deque_soa,prototype_rolling_32_2far,replace_report,20000,94,178,315,32520,0,0
time,4,sorted_deque_soa,prototype_rolling_32_2far,ready_to_command,20000,131,228,396,23283,0,0
time,4,sorted_deque_soa,prototype_jump_32_2far,price_query,20000,69,85,119,24024,0,0
time,4,sorted_deque_soa,prototype_jump_32_2far,intent_to_command,20000,121,185,289,14281,0,0
time,4,sorted_deque_soa,prototype_jump_32_2far,intent_queued,20000,46,65,87,22939,0,0
time,4,sorted_deque_soa,prototype_jump_32_2far,replace_report,20000,95,205,359,31064,0,0
time,4,sorted_deque_soa,prototype_jump_32_2far,ready_to_command,20000,132,261,453,28547,0,0
time,5,adaptive,rolling_4,price_query,20000,44,67,2564,8905,0,0
time,5,adaptive,rolling_4,near_range8,20000,48,77,2592,24423,0,0
time,5,adaptive,rolling_4,index_submit,20000,80,181,2825,45156,0,0
time,5,adaptive,rolling_4,index_ack,20000,82,150,2793,27756,0,0
time,5,adaptive,rolling_4,cross_page_submit_subset,314,80,166,245,247,0,0
time,5,adaptive,outliers_4,price_query,20000,44,64,131,4222,0,0
time,5,adaptive,outliers_4,near_range8,20000,48,70,117,13186,0,0
time,5,adaptive,outliers_4,index_submit,20000,80,186,2765,20073,0,0
time,5,adaptive,outliers_4,index_ack,20000,82,127,2681,28028,0,0
time,5,adaptive,outliers_4,cross_page_submit_subset,314,80,140,184,243,0,0
time,5,adaptive,outliers_4,far_query,20000,44,58,114,23459,0,0
time,5,adaptive,boundary_4,price_query,20000,44,52,77,3604,0,0
time,5,adaptive,boundary_4,near_range8,20000,48,56,73,11687,0,0
time,5,adaptive,boundary_4,index_submit,20000,80,113,139,20186,0,0
time,5,adaptive,boundary_4,index_ack,20000,98,129,172,13642,0,0
time,5,adaptive,boundary_4,cross_page_submit_subset,5000,79,102,131,167,0,0
time,5,adaptive,jump_4,price_query,20000,44,59,77,2689,0,0
time,5,adaptive,jump_4,near_range8,20000,48,66,85,13023,0,0
time,5,adaptive,jump_4,index_submit,20000,80,127,178,21443,0,0
time,5,adaptive,jump_4,index_ack,20000,82,119,172,17275,0,0
time,5,adaptive,jump_4,cross_page_submit_subset,3746,91,145,214,21443,0,0
time,5,adaptive,jump_4,jump_submit_subset,2496,93,152,229,21443,0,0
time,5,adaptive,rolling_32,price_query,20000,49,78,136,6570,0,0
time,5,adaptive,rolling_32,near_range8,20000,64,96,138,24125,0,0
time,5,adaptive,rolling_32,index_submit,20000,85,152,282,31345,0,0
time,5,adaptive,rolling_32,index_ack,20000,76,129,214,16462,0,0
time,5,adaptive,rolling_32,cross_page_submit_subset,305,84,147,158,236,0,0
time,5,adaptive,outliers_32,price_query,20000,49,81,110,12448,0,0
time,5,adaptive,outliers_32,near_range8,20000,63,99,149,37781,0,0
time,5,adaptive,outliers_32,index_submit,20000,85,210,366,18465,0,0
time,5,adaptive,outliers_32,index_ack,20000,76,140,245,30629,0,0
time,5,adaptive,outliers_32,cross_page_submit_subset,305,85,161,222,249,0,0
time,5,adaptive,outliers_32,far_query,20000,53,67,204,30412,0,0
time,5,adaptive,boundary_32,price_query,20000,49,77,112,4560,0,0
time,5,adaptive,boundary_32,near_range8,20000,63,90,158,17764,0,0
time,5,adaptive,boundary_32,index_submit,20000,85,146,247,19077,0,0
time,5,adaptive,boundary_32,index_ack,20000,111,160,289,29992,0,0
time,5,adaptive,boundary_32,cross_page_submit_subset,625,86,143,198,209,0,0
time,5,adaptive,jump_32,price_query,20000,49,71,103,13504,0,0
time,5,adaptive,jump_32,near_range8,20000,64,84,120,21391,0,0
time,5,adaptive,jump_32,index_submit,20000,84,144,236,18447,0,0
time,5,adaptive,jump_32,index_ack,20000,76,150,244,31080,0,0
time,5,adaptive,jump_32,cross_page_submit_subset,2652,100,194,267,845,0,0
time,5,adaptive,jump_32,jump_submit_subset,2496,101,194,267,845,0,0
time,5,adaptive,rolling_128,price_query,20000,52,89,116,15492,0,0
time,5,adaptive,rolling_128,near_range8,20000,67,92,135,22749,0,0
time,5,adaptive,rolling_128,index_submit,20000,101,165,221,90638,0,0
time,5,adaptive,rolling_128,index_ack,20000,79,124,196,17740,0,0
time,5,adaptive,rolling_128,cross_page_submit_subset,312,111,176,192,245,0,0
time,5,adaptive,outliers_128,price_query,20000,52,93,133,35368,0,0
time,5,adaptive,outliers_128,near_range8,20000,65,101,153,18353,0,0
time,5,adaptive,outliers_128,index_submit,20000,104,205,348,4545,0,0
time,5,adaptive,outliers_128,index_ack,20000,79,131,222,24077,0,0
time,5,adaptive,outliers_128,cross_page_submit_subset,312,113,232,244,262,0,0
time,5,adaptive,outliers_128,far_query,20000,53,70,89,18057,0,0
time,5,adaptive,boundary_128,price_query,20000,53,95,157,22131,0,0
time,5,adaptive,boundary_128,near_range8,20000,65,100,136,16944,0,0
time,5,adaptive,boundary_128,index_submit,20000,107,182,333,18820,0,0
time,5,adaptive,boundary_128,index_ack,20000,121,207,272,13297,0,0
time,5,adaptive,boundary_128,cross_page_submit_subset,313,115,183,257,333,0,0
time,5,adaptive,jump_128,price_query,20000,53,97,132,13778,0,0
time,5,adaptive,jump_128,near_range8,20000,67,105,144,31971,0,0
time,5,adaptive,jump_128,index_submit,20000,105,232,385,28419,0,0
time,5,adaptive,jump_128,index_ack,20000,80,245,358,17928,0,0
time,5,adaptive,jump_128,cross_page_submit_subset,2704,116,296,602,3368,0,0
time,5,adaptive,jump_128,jump_submit_subset,2432,120,298,602,3368,0,0
time,5,adaptive,4096books_4near_2far,price_query,20000,156,528,762,98798,0,0
time,5,adaptive,new_book_growth,index_insert,20000,275,4286,18207,445302,0,0
time,5,adaptive,new_book_growth,every64_subset,313,8150,19332,37886,45864,0,0
time,5,adaptive,cancel_rehang_4near,index_cancel,20000,64,93,177,24132,0,0
time,5,adaptive,cancel_rehang_4near,index_new,20000,111,160,280,38335,0,0
time,5,adaptive,cancel_rehang_4near,index_accepted,20000,85,116,240,14597,0,0
time,5,adaptive,cancel_rehang_4near,index_canceled,20000,69,119,171,4063,0,0
time,5,adaptive,prototype_rolling_4_2far,price_query,20000,49,63,101,3520,0,0
time,5,adaptive,prototype_rolling_4_2far,intent_to_command,20000,95,161,324,14645,0,0
time,5,adaptive,prototype_rolling_4_2far,intent_queued,20000,46,60,87,20004,0,0
time,5,adaptive,prototype_rolling_4_2far,replace_report,20000,104,195,533,22529,0,0
time,5,adaptive,prototype_rolling_4_2far,ready_to_command,20000,121,239,563,14087,0,0
time,5,adaptive,prototype_jump_4_2far,price_query,20000,49,64,101,14648,0,0
time,5,adaptive,prototype_jump_4_2far,intent_to_command,20000,95,166,278,39218,0,0
time,5,adaptive,prototype_jump_4_2far,intent_queued,20000,46,61,89,18700,0,0
time,5,adaptive,prototype_jump_4_2far,replace_report,20000,104,194,354,59340,0,0
time,5,adaptive,prototype_jump_4_2far,ready_to_command,20000,121,235,375,31201,0,0
time,5,adaptive,prototype_rolling_32_2far,price_query,20000,58,87,113,29498,0,0
time,5,adaptive,prototype_rolling_32_2far,intent_to_command,20000,102,183,256,18257,0,0
time,5,adaptive,prototype_rolling_32_2far,intent_queued,20000,46,73,88,28351,0,0
time,5,adaptive,prototype_rolling_32_2far,replace_report,20000,97,189,304,27200,0,0
time,5,adaptive,prototype_rolling_32_2far,ready_to_command,20000,114,239,363,20006,0,0
time,5,adaptive,prototype_jump_32_2far,price_query,20000,58,86,120,20418,0,0
time,5,adaptive,prototype_jump_32_2far,intent_to_command,20000,102,160,210,8979,0,0
time,5,adaptive,prototype_jump_32_2far,intent_queued,20000,46,65,84,3964,0,0
time,5,adaptive,prototype_jump_32_2far,replace_report,20000,96,168,281,30770,0,0
time,5,adaptive,prototype_jump_32_2far,ready_to_command,20000,114,210,324,19570,0,0
time,5,absl_btree,rolling_4,price_query,20000,42,56,79,27019,0,0
time,5,absl_btree,rolling_4,near_range8,20000,47,73,97,95035,0,0
time,5,absl_btree,rolling_4,index_submit,20000,84,155,221,26979,0,0
time,5,absl_btree,rolling_4,index_ack,20000,94,185,267,15778,0,0
time,5,absl_btree,rolling_4,cross_page_submit_subset,314,84,170,376,674,0,0
time,5,absl_btree,outliers_4,price_query,20000,42,60,79,12267,0,0
time,5,absl_btree,outliers_4,near_range8,20000,48,73,97,13012,0,0
time,5,absl_btree,outliers_4,index_submit,20000,84,193,377,19928,0,0
time,5,absl_btree,outliers_4,index_ack,20000,94,162,295,19897,0,0
time,5,absl_btree,outliers_4,cross_page_submit_subset,314,84,124,134,150,0,0
time,5,absl_btree,outliers_4,far_query,20000,42,52,88,2851,0,0
time,5,absl_btree,boundary_4,price_query,20000,42,54,74,12639,0,0
time,5,absl_btree,boundary_4,near_range8,20000,48,73,104,3688,0,0
time,5,absl_btree,boundary_4,index_submit,20000,84,142,235,12214,0,0
time,5,absl_btree,boundary_4,index_ack,20000,119,188,338,16278,0,0
time,5,absl_btree,boundary_4,cross_page_submit_subset,5000,84,129,308,12214,0,0
time,5,absl_btree,jump_4,price_query,20000,42,59,82,20409,0,0
time,5,absl_btree,jump_4,near_range8,20000,47,73,109,14698,0,0
time,5,absl_btree,jump_4,index_submit,20000,85,151,224,13736,0,0
time,5,absl_btree,jump_4,index_ack,20000,95,190,412,17586,0,0
time,5,absl_btree,jump_4,cross_page_submit_subset,3746,105,165,224,309,0,0
time,5,absl_btree,jump_4,jump_submit_subset,2496,108,175,245,309,0,0
time,5,absl_btree,rolling_32,price_query,20000,46,73,118,14854,0,0
time,5,absl_btree,rolling_32,near_range8,20000,61,88,119,3170,0,0
time,5,absl_btree,rolling_32,index_submit,20000,90,186,344,22199,0,0
time,5,absl_btree,rolling_32,index_ack,20000,75,182,323,13415,0,0
time,5,absl_btree,rolling_32,cross_page_submit_subset,305,89,167,205,382,0,0
time,5,absl_btree,outliers_32,price_query,20000,46,75,105,20198,0,0
time,5,absl_btree,outliers_32,near_range8,20000,61,94,137,25221,0,0
time,5,absl_btree,outliers_32,index_submit,20000,90,208,341,13983,0,0
time,5,absl_btree,outliers_32,index_ack,20000,75,190,305,16757,0,0
time,5,absl_btree,outliers_32,cross_page_submit_subset,305,89,225,311,345,0,0
time,5,absl_btree,outliers_32,far_query,20000,49,72,94,12212,0,0
time,5,absl_btree,boundary_32,price_query,20000,46,72,105,14852,0,0
time,5,absl_btree,boundary_32,near_range8,20000,59,90,135,3330,0,0
time,5,absl_btree,boundary_32,index_submit,20000,88,185,306,19323,0,0
time,5,absl_btree,boundary_32,index_ack,20000,129,229,401,19943,0,0
time,5,absl_btree,boundary_32,cross_page_submit_subset,625,87,161,324,3118,0,0
time,5,absl_btree,jump_32,price_query,20000,46,78,98,3653,0,0
time,5,absl_btree,jump_32,near_range8,20000,61,87,132,17029,0,0
time,5,absl_btree,jump_32,index_submit,20000,97,195,291,56895,0,0
time,5,absl_btree,jump_32,index_ack,20000,76,236,362,11420,0,0
time,5,absl_btree,jump_32,cross_page_submit_subset,2652,136,244,3458,56895,0,0
time,5,absl_btree,jump_32,jump_submit_subset,2496,137,246,3458,56895,0,0
time,5,absl_btree,rolling_128,price_query,20000,51,91,115,3548,0,0
time,5,absl_btree,rolling_128,near_range8,20000,63,96,129,15995,0,0
time,5,absl_btree,rolling_128,index_submit,20000,113,174,344,4789,0,0
time,5,absl_btree,rolling_128,index_ack,20000,78,175,336,3993,0,0
time,5,absl_btree,rolling_128,cross_page_submit_subset,312,114,207,229,331,0,0
time,5,absl_btree,outliers_128,price_query,20000,51,92,115,20198,0,0
time,5,absl_btree,outliers_128,near_range8,20000,62,91,122,13470,0,0
time,5,absl_btree,outliers_128,index_submit,20000,113,205,426,14481,0,0
time,5,absl_btree,outliers_128,index_ack,20000,78,187,338,20356,0,0
time,5,absl_btree,outliers_128,cross_page_submit_subset,312,114,168,276,426,0,0
time,5,absl_btree,outliers_128,far_query,20000,54,74,102,23648,0,0
time,5,absl_btree,boundary_128,price_query,20000,50,76,97,5049,0,0
time,5,absl_btree,boundary_128,near_range8,20000,62,80,112,14618,0,0
time,5,absl_btree,boundary_128,index_submit,20000,103,146,279,21086,0,0
time,5,absl_btree,boundary_128,index_ack,20000,137,271,437,14522,0,0
time,5,absl_btree,boundary_128,cross_page_submit_subset,313,105,131,148,177,0,0
time,5,absl_btree,jump_128,price_query,20000,52,96,128,21324,0,0
time,5,absl_btree,jump_128,near_range8,20000,63,102,170,13331,0,0
time,5,absl_btree,jump_128,index_submit,20000,115,266,485,38171,0,0
time,5,absl_btree,jump_128,index_ack,20000,78,366,530,32652,0,0
time,5,absl_btree,jump_128,cross_page_submit_subset,2704,180,378,551,3619,0,0
time,5,absl_btree,jump_128,jump_submit_subset,2432,183,385,536,673,0,0
time,5,absl_btree,4096books_4near_2far,price_query,20000,133,437,609,29199,0,0
time,5,absl_btree,new_book_growth,index_insert,20000,213,2524,6430,247804,0,0
time,5,absl_btree,new_book_growth,every64_subset,313,2679,8019,30065,31827,0,0
time,5,absl_btree,cancel_rehang_4near,index_cancel,20000,66,127,163,18140,0,0
time,5,absl_btree,cancel_rehang_4near,index_new,20000,120,203,303,63559,0,0
time,5,absl_btree,cancel_rehang_4near,index_accepted,20000,89,164,248,79197,0,0
time,5,absl_btree,cancel_rehang_4near,index_canceled,20000,111,228,427,27839,0,0
time,5,absl_btree,prototype_rolling_4_2far,price_query,20000,46,56,95,15950,0,0
time,5,absl_btree,prototype_rolling_4_2far,intent_to_command,20000,101,147,334,19838,0,0
time,5,absl_btree,prototype_rolling_4_2far,intent_queued,20000,46,57,74,21175,0,0
time,5,absl_btree,prototype_rolling_4_2far,replace_report,20000,142,238,1182,16318,0,0
time,5,absl_btree,prototype_rolling_4_2far,ready_to_command,20000,135,215,2744,20492,0,0
time,5,absl_btree,prototype_jump_4_2far,price_query,20000,47,62,106,3802,0,0
time,5,absl_btree,prototype_jump_4_2far,intent_to_command,20000,101,169,317,37436,0,0
time,5,absl_btree,prototype_jump_4_2far,intent_queued,20000,46,61,91,18368,0,0
time,5,absl_btree,prototype_jump_4_2far,replace_report,20000,142,265,531,28772,0,0
time,5,absl_btree,prototype_jump_4_2far,ready_to_command,20000,135,246,518,25768,0,0
time,5,absl_btree,prototype_rolling_32_2far,price_query,20000,51,88,108,13650,0,0
time,5,absl_btree,prototype_rolling_32_2far,intent_to_command,20000,104,142,184,20471,0,0
time,5,absl_btree,prototype_rolling_32_2far,intent_queued,20000,46,52,65,3542,0,0
time,5,absl_btree,prototype_rolling_32_2far,replace_report,20000,96,265,368,22897,0,0
time,5,absl_btree,prototype_rolling_32_2far,ready_to_command,20000,115,238,362,18800,0,0
time,5,absl_btree,prototype_jump_32_2far,price_query,20000,51,92,113,32155,0,0
time,5,absl_btree,prototype_jump_32_2far,intent_to_command,20000,105,155,265,12664,0,0
time,5,absl_btree,prototype_jump_32_2far,intent_queued,20000,46,54,73,14843,0,0
time,5,absl_btree,prototype_jump_32_2far,replace_report,20000,96,275,414,19617,0,0
time,5,absl_btree,prototype_jump_32_2far,ready_to_command,20000,121,246,378,14660,0,0
time,5,pool_pages,rolling_4,price_query,20000,46,57,85,19381,0,0
time,5,pool_pages,rolling_4,near_range8,20000,55,79,215,14124,0,0
time,5,pool_pages,rolling_4,index_submit,20000,84,174,320,27968,0,0
time,5,pool_pages,rolling_4,index_ack,20000,88,159,301,31478,0,0
time,5,pool_pages,rolling_4,cross_page_submit_subset,314,91,323,390,410,0,0
time,5,pool_pages,rolling_4,page_creation_subset,78,247,390,390,410,0,0
time,5,pool_pages,outliers_4,price_query,20000,46,58,88,23136,0,0
time,5,pool_pages,outliers_4,near_range8,20000,55,79,147,16047,0,0
time,5,pool_pages,outliers_4,index_submit,20000,85,212,359,20770,0,0
time,5,pool_pages,outliers_4,index_ack,20000,88,163,332,25721,0,0
time,5,pool_pages,outliers_4,cross_page_submit_subset,314,94,415,507,519,0,0
time,5,pool_pages,outliers_4,page_creation_subset,78,274,507,507,519,0,0
time,5,pool_pages,outliers_4,far_query,20000,48,61,107,13922,0,0
time,5,pool_pages,boundary_4,price_query,20000,46,69,161,44041,0,0
time,5,pool_pages,boundary_4,near_range8,20000,58,102,243,46153,0,0
time,5,pool_pages,boundary_4,index_submit,20000,84,165,337,64105,0,0
time,5,pool_pages,boundary_4,index_ack,20000,111,218,371,37358,0,0
time,5,pool_pages,boundary_4,cross_page_submit_subset,5000,83,170,313,64105,0,0
time,5,pool_pages,jump_4,price_query,20000,46,59,137,12755,0,0
time,5,pool_pages,jump_4,near_range8,20000,55,80,213,15519,0,0
time,5,pool_pages,jump_4,index_submit,20000,90,203,327,14987,0,0
time,5,pool_pages,jump_4,index_ack,20000,89,199,338,22620,0,0
time,5,pool_pages,jump_4,cross_page_submit_subset,3746,94,242,341,5806,0,0
time,5,pool_pages,jump_4,page_creation_subset,1248,177,273,570,5806,0,0
time,5,pool_pages,jump_4,jump_submit_subset,2496,143,250,330,5806,0,0
time,5,pool_pages,rolling_32,price_query,20000,46,60,147,23605,0,0
time,5,pool_pages,rolling_32,near_range8,20000,64,95,241,5358,0,0
time,5,pool_pages,rolling_32,index_submit,20000,84,147,330,14441,0,0
time,5,pool_pages,rolling_32,index_ack,20000,75,139,294,12823,0,0
time,5,pool_pages,rolling_32,cross_page_submit_subset,305,96,385,462,589,0,0
time,5,pool_pages,rolling_32,page_creation_subset,10,341,462,462,589,0,0
time,5,pool_pages,outliers_32,price_query,20000,46,60,148,19277,0,0
time,5,pool_pages,outliers_32,near_range8,20000,64,97,176,14812,0,0
time,5,pool_pages,outliers_32,index_submit,20000,84,165,322,2271,0,0
time,5,pool_pages,outliers_32,index_ack,20000,76,140,324,33312,0,0
time,5,pool_pages,outliers_32,cross_page_submit_subset,305,96,376,456,457,0,0
time,5,pool_pages,outliers_32,page_creation_subset,10,373,456,456,457,0,0
time,5,pool_pages,outliers_32,far_query,20000,48,64,112,3525,0,0
time,5,pool_pages,boundary_32,price_query,20000,46,59,82,26854,0,0
time,5,pool_pages,boundary_32,near_range8,20000,67,98,194,3549,0,0
time,5,pool_pages,boundary_32,index_submit,20000,84,138,275,21155,0,0
time,5,pool_pages,boundary_32,index_ack,20000,115,170,315,15271,0,0
time,5,pool_pages,boundary_32,cross_page_submit_subset,625,84,132,193,291,0,0
time,5,pool_pages,jump_32,price_query,20000,46,60,152,13089,0,0
time,5,pool_pages,jump_32,near_range8,20000,64,97,194,12119,0,0
time,5,pool_pages,jump_32,index_submit,20000,84,184,339,43458,0,0
time,5,pool_pages,jump_32,index_ack,20000,76,173,304,25986,0,0
time,5,pool_pages,jump_32,cross_page_submit_subset,2652,95,257,365,640,0,0
time,5,pool_pages,jump_32,page_creation_subset,156,203,369,402,640,0,0
time,5,pool_pages,jump_32,jump_submit_subset,2496,95,261,365,640,0,0
time,5,pool_pages,rolling_128,price_query,20000,46,60,172,3447,0,0
time,5,pool_pages,rolling_128,near_range8,20000,64,97,231,12700,0,0
time,5,pool_pages,rolling_128,index_submit,20000,85,152,311,17520,0,0
time,5,pool_pages,rolling_128,index_ack,20000,79,135,290,22067,0,0
time,5,pool_pages,rolling_128,cross_page_submit_subset,312,105,415,3694,14780,0,0
time,5,pool_pages,rolling_128,page_creation_subset,3,457,457,457,518,0,0
time,5,pool_pages,outliers_128,price_query,20000,46,61,141,14027,0,0
time,5,pool_pages,outliers_128,near_range8,20000,64,98,252,12262,0,0
time,5,pool_pages,outliers_128,index_submit,20000,85,154,326,12746,0,0
time,5,pool_pages,outliers_128,index_ack,20000,80,135,300,41927,0,0
time,5,pool_pages,outliers_128,cross_page_submit_subset,312,104,190,519,4077,0,0
time,5,pool_pages,outliers_128,page_creation_subset,3,519,519,519,4077,0,0
time,5,pool_pages,outliers_128,far_query,20000,48,62,159,19269,0,0
time,5,pool_pages,boundary_128,price_query,20000,46,63,168,3590,0,0
time,5,pool_pages,boundary_128,near_range8,20000,67,106,259,20052,0,0
time,5,pool_pages,boundary_128,index_submit,20000,85,153,317,29637,0,0
time,5,pool_pages,boundary_128,index_ack,20000,117,180,330,20114,0,0
time,5,pool_pages,boundary_128,cross_page_submit_subset,313,88,151,174,284,0,0
time,5,pool_pages,jump_128,price_query,20000,46,61,154,13452,0,0
time,5,pool_pages,jump_128,near_range8,20000,64,103,225,3186,0,0
time,5,pool_pages,jump_128,index_submit,20000,85,171,343,13596,0,0
time,5,pool_pages,jump_128,index_ack,20000,80,188,352,28011,0,0
time,5,pool_pages,jump_128,cross_page_submit_subset,2704,97,307,359,1022,0,0
time,5,pool_pages,jump_128,page_creation_subset,77,281,359,359,407,0,0
time,5,pool_pages,jump_128,jump_submit_subset,2432,97,288,350,1022,0,0
time,5,pool_pages,4096books_4near_2far,price_query,20000,277,908,1433,33095,0,0
time,5,pool_pages,new_book_growth,index_insert,20000,337,12214,42295,404474,0,0
time,5,pool_pages,new_book_growth,page_block_growth_subset,313,12559,59656,133625,173997,0,0
time,5,pool_pages,new_book_growth,every64_subset,313,12559,59656,133625,173997,0,0
time,5,pool_pages,cancel_rehang_4near,index_cancel,20000,64,97,268,12860,0,0
time,5,pool_pages,cancel_rehang_4near,index_new,20000,175,236,413,12911,0,0
time,5,pool_pages,cancel_rehang_4near,index_accepted,20000,92,207,384,23272,0,0
time,5,pool_pages,cancel_rehang_4near,index_canceled,20000,104,198,379,34626,0,0
time,5,pool_pages,prototype_rolling_4_2far,price_query,20000,53,66,233,40827,0,0
time,5,pool_pages,prototype_rolling_4_2far,intent_to_command,20000,100,171,334,19058,0,0
time,5,pool_pages,prototype_rolling_4_2far,intent_queued,20000,46,61,137,12349,0,0
time,5,pool_pages,prototype_rolling_4_2far,replace_report,20000,108,234,411,19775,0,0
time,5,pool_pages,prototype_rolling_4_2far,ready_to_command,20000,120,300,452,25608,0,0
time,5,pool_pages,prototype_jump_4_2far,price_query,20000,53,69,148,3715,0,0
time,5,pool_pages,prototype_jump_4_2far,intent_to_command,20000,100,237,387,70547,0,0
time,5,pool_pages,prototype_jump_4_2far,intent_queued,20000,46,61,128,12463,0,0
time,5,pool_pages,prototype_jump_4_2far,replace_report,20000,109,258,412,54475,0,0
time,5,pool_pages,prototype_jump_4_2far,ready_to_command,20000,120,296,432,26836,0,0
time,5,pool_pages,prototype_rolling_32_2far,price_query,20000,53,72,142,28144,0,0
time,5,pool_pages,prototype_rolling_32_2far,intent_to_command,20000,100,167,359,24673,0,0
time,5,pool_pages,prototype_rolling_32_2far,intent_queued,20000,46,59,120,17379,0,0
time,5,pool_pages,prototype_rolling_32_2far,replace_report,20000,95,198,379,21838,0,0
time,5,pool_pages,prototype_rolling_32_2far,ready_to_command,20000,111,216,392,16017,0,0
time,5,pool_pages,prototype_jump_32_2far,price_query,20000,54,71,145,13742,0,0
time,5,pool_pages,prototype_jump_32_2far,intent_to_command,20000,100,182,356,20443,0,0
time,5,pool_pages,prototype_jump_32_2far,intent_queued,20000,46,60,98,15200,0,0
time,5,pool_pages,prototype_jump_32_2far,replace_report,20000,95,216,378,24989,0,0
time,5,pool_pages,prototype_jump_32_2far,ready_to_command,20000,112,221,386,24433,0,0
time,5,sorted_deque,rolling_4,price_query,20000,43,58,148,14762,0,0
time,5,sorted_deque,rolling_4,near_range8,20000,44,62,143,17172,0,0
time,5,sorted_deque,rolling_4,index_submit,20000,86,160,292,17169,0,0
time,5,sorted_deque,rolling_4,index_ack,20000,89,143,304,26462,0,0
time,5,sorted_deque,rolling_4,cross_page_submit_subset,314,86,146,274,276,0,0
time,5,sorted_deque,outliers_4,price_query,20000,43,63,145,14239,0,0
time,5,sorted_deque,outliers_4,near_range8,20000,43,66,133,3590,0,0
time,5,sorted_deque,outliers_4,index_submit,20000,86,198,346,18097,0,0
time,5,sorted_deque,outliers_4,index_ack,20000,89,150,309,31147,0,0
time,5,sorted_deque,outliers_4,cross_page_submit_subset,314,86,134,156,172,0,0
time,5,sorted_deque,outliers_4,far_query,20000,42,59,127,3666,0,0
time,5,sorted_deque,boundary_4,price_query,20000,43,58,94,3091,0,0
time,5,sorted_deque,boundary_4,near_range8,20000,44,60,92,18166,0,0
time,5,sorted_deque,boundary_4,index_submit,20000,87,144,305,17087,0,0
time,5,sorted_deque,boundary_4,index_ack,20000,102,149,335,135578,0,0
time,5,sorted_deque,boundary_4,cross_page_submit_subset,5000,85,133,206,2445,0,0
time,5,sorted_deque,jump_4,price_query,20000,43,59,116,3612,0,0
time,5,sorted_deque,jump_4,near_range8,20000,43,60,76,13761,0,0
time,5,sorted_deque,jump_4,index_submit,20000,87,134,490,15272,0,0
time,5,sorted_deque,jump_4,index_ack,20000,90,122,2348,18571,0,0
time,5,sorted_deque,jump_4,cross_page_submit_subset,3746,97,147,271,2321,0,0
time,5,sorted_deque,jump_4,jump_submit_subset,2496,99,151,271,490,0,0
time,5,sorted_deque,rolling_32,price_query,20000,48,64,108,13464,0,0
time,5,sorted_deque,rolling_32,near_range8,20000,56,68,2229,11795,0,0
time,5,sorted_deque,rolling_32,index_submit,20000,91,131,2413,7993,0,0
time,5,sorted_deque,rolling_32,index_ack,20000,75,116,2364,13485,0,0
time,5,sorted_deque,rolling_32,cross_page_submit_subset,305,90,110,2392,2455,0,0
time,5,sorted_deque,outliers_32,price_query,20000,48,62,130,11281,0,0
time,5,sorted_deque,outliers_32,near_range8,20000,54,66,86,2730,0,0
time,5,sorted_deque,outliers_32,index_submit,20000,91,153,2458,13794,0,0
time,5,sorted_deque,outliers_32,index_ack,20000,75,125,2373,18184,0,0
time,5,sorted_deque,outliers_32,cross_page_submit_subset,305,90,189,201,405,0,0
time,5,sorted_deque,outliers_32,far_query,20000,48,51,126,19455,0,0
time,5,sorted_deque,boundary_32,price_query,20000,48,62,115,12149,0,0
time,5,sorted_deque,boundary_32,near_range8,20000,55,71,190,19920,0,0
time,5,sorted_deque,boundary_32,index_submit,20000,91,130,2380,16911,0,0
time,5,sorted_deque,boundary_32,index_ack,20000,112,147,2372,19460,0,0
time,5,sorted_deque,boundary_32,cross_page_submit_subset,625,93,133,150,161,0,0
time,5,sorted_deque,jump_32,price_query,20000,48,68,123,19811,0,0
time,5,sorted_deque,jump_32,near_range8,20000,56,78,104,11656,0,0
time,5,sorted_deque,jump_32,index_submit,20000,91,150,2253,18056,0,0
time,5,sorted_deque,jump_32,index_ack,20000,75,155,321,12457,0,0
time,5,sorted_deque,jump_32,cross_page_submit_subset,2652,108,203,285,2575,0,0
time,5,sorted_deque,jump_32,jump_submit_subset,2496,109,205,276,2575,0,0
time,5,sorted_deque,rolling_128,price_query,20000,51,99,2395,25105,0,0
time,5,sorted_deque,rolling_128,near_range8,20000,58,104,271,15993,0,0
time,5,sorted_deque,rolling_128,index_submit,20000,97,188,3149,34993,0,0
time,5,sorted_deque,rolling_128,index_ack,20000,79,139,2530,19880,0,0
time,5,sorted_deque,rolling_128,cross_page_submit_subset,312,106,193,242,296,0,0
time,5,sorted_deque,outliers_128,price_query,20000,51,95,187,23355,0,0
time,5,sorted_deque,outliers_128,near_range8,20000,56,90,141,14089,0,0
time,5,sorted_deque,outliers_128,index_submit,20000,98,192,2494,718670,0,0
time,5,sorted_deque,outliers_128,index_ack,20000,78,129,299,21573,0,0
time,5,sorted_deque,outliers_128,cross_page_submit_subset,312,107,207,220,5770,0,0
time,5,sorted_deque,outliers_128,far_query,20000,49,64,135,23074,0,0
time,5,sorted_deque,boundary_128,price_query,20000,52,99,2208,13626,0,0
time,5,sorted_deque,boundary_128,near_range8,20000,57,85,190,26322,0,0
time,5,sorted_deque,boundary_128,index_submit,20000,108,169,2422,48604,0,0
time,5,sorted_deque,boundary_128,index_ack,20000,120,208,2623,14954,0,0
time,5,sorted_deque,boundary_128,cross_page_submit_subset,313,112,184,218,286,0,0
time,5,sorted_deque,jump_128,price_query,20000,51,87,156,20291,0,0
time,5,sorted_deque,jump_128,near_range8,20000,57,90,134,15531,0,0
time,5,sorted_deque,jump_128,index_submit,20000,103,209,2468,26435,0,0
time,5,sorted_deque,jump_128,index_ack,20000,78,220,2429,22021,0,0
time,5,sorted_deque,jump_128,cross_page_submit_subset,2704,117,271,2525,3153,0,0
time,5,sorted_deque,jump_128,jump_submit_subset,2432,128,272,2504,2760,0,0
time,5,sorted_deque,4096books_4near_2far,price_query,20000,120,475,2561,22661,0,0
time,5,sorted_deque,new_book_growth,index_insert,20000,224,3275,7764,313816,0,0
time,5,sorted_deque,new_book_growth,every64_subset,313,3451,10706,21053,22480,0,0
time,5,sorted_deque,cancel_rehang_4near,index_cancel,20000,64,71,93,13513,0,0
time,5,sorted_deque,cancel_rehang_4near,index_new,20000,109,137,2439,42483,0,0
time,5,sorted_deque,cancel_rehang_4near,index_accepted,20000,82,93,2440,32644,0,0
time,5,sorted_deque,cancel_rehang_4near,index_canceled,20000,81,96,163,11278,0,0
time,5,sorted_deque,prototype_rolling_4_2far,price_query,20000,47,51,68,3528,0,0
time,5,sorted_deque,prototype_rolling_4_2far,intent_to_command,20000,102,130,2406,20224,0,0
time,5,sorted_deque,prototype_rolling_4_2far,intent_queued,20000,46,49,73,20561,0,0
time,5,sorted_deque,prototype_rolling_4_2far,replace_report,20000,114,166,2549,16546,0,0
time,5,sorted_deque,prototype_rolling_4_2far,ready_to_command,20000,141,174,2452,13535,0,0
time,5,sorted_deque,prototype_jump_4_2far,price_query,20000,47,55,84,3618,0,0
time,5,sorted_deque,prototype_jump_4_2far,intent_to_command,20000,102,145,319,19084,0,0
time,5,sorted_deque,prototype_jump_4_2far,intent_queued,20000,46,55,74,13630,0,0
time,5,sorted_deque,prototype_jump_4_2far,replace_report,20000,114,180,2431,13013,0,0
time,5,sorted_deque,prototype_jump_4_2far,ready_to_command,20000,134,175,2555,14731,0,0
time,5,sorted_deque,prototype_rolling_32_2far,price_query,20000,53,70,129,4685,0,0
time,5,sorted_deque,prototype_rolling_32_2far,intent_to_command,20000,107,140,2497,13997,0,0
time,5,sorted_deque,prototype_rolling_32_2far,intent_queued,20000,46,53,73,18560,0,0
time,5,sorted_deque,prototype_rolling_32_2far,replace_report,20000,95,151,2507,14577,0,0
time,5,sorted_deque,prototype_rolling_32_2far,ready_to_command,20000,119,174,2676,20791,0,0
time,5,sorted_deque,prototype_jump_32_2far,price_query,20000,53,77,123,3516,0,0
time,5,sorted_deque,prototype_jump_32_2far,intent_to_command,20000,107,145,2348,13853,0,0
time,5,sorted_deque,prototype_jump_32_2far,intent_queued,20000,46,50,73,3113,0,0
time,5,sorted_deque,prototype_jump_32_2far,replace_report,20000,95,163,2424,13436,0,0
time,5,sorted_deque,prototype_jump_32_2far,ready_to_command,20000,120,189,2669,18265,0,0
time,5,sorted_deque_soa,rolling_4,price_query,20000,51,55,85,11209,0,0
time,5,sorted_deque_soa,rolling_4,near_range8,20000,53,57,84,11341,0,0
time,5,sorted_deque_soa,rolling_4,index_submit,20000,95,127,367,17257,0,0
time,5,sorted_deque_soa,rolling_4,index_ack,20000,94,105,2264,18602,0,0
time,5,sorted_deque_soa,rolling_4,cross_page_submit_subset,314,95,130,153,304,0,0
time,5,sorted_deque_soa,outliers_4,price_query,20000,51,59,83,5710,0,0
time,5,sorted_deque_soa,outliers_4,near_range8,20000,53,61,99,24253,0,0
time,5,sorted_deque_soa,outliers_4,index_submit,20000,93,207,898,393659,0,0
time,5,sorted_deque_soa,outliers_4,index_ack,20000,97,134,258,30580,0,0
time,5,sorted_deque_soa,outliers_4,cross_page_submit_subset,314,93,139,202,272,0,0
time,5,sorted_deque_soa,outliers_4,far_query,20000,51,56,84,14481,0,0
time,5,sorted_deque_soa,boundary_4,price_query,20000,50,54,64,11490,0,0
time,5,sorted_deque_soa,boundary_4,near_range8,20000,53,56,66,3406,0,0
time,5,sorted_deque_soa,boundary_4,index_submit,20000,92,115,185,14460,0,0
time,5,sorted_deque_soa,boundary_4,index_ack,20000,116,124,206,15517,0,0
time,5,sorted_deque_soa,boundary_4,cross_page_submit_subset,5000,92,107,212,11717,0,0
time,5,sorted_deque_soa,jump_4,price_query,20000,51,61,78,12858,0,0
time,5,sorted_deque_soa,jump_4,near_range8,20000,53,65,87,41423,0,0
time,5,sorted_deque_soa,jump_4,index_submit,20000,99,149,314,98238,0,0
time,5,sorted_deque_soa,jump_4,index_ack,20000,96,139,221,71408,0,0
time,5,sorted_deque_soa,jump_4,cross_page_submit_subset,3746,105,172,349,18453,0,0
time,5,sorted_deque_soa,jump_4,jump_submit_subset,2496,108,179,326,3325,0,0
time,5,sorted_deque_soa,rolling_32,price_query,20000,65,77,109,45949,0,0
time,5,sorted_deque_soa,rolling_32,near_range8,20000,73,95,126,16719,0,0
time,5,sorted_deque_soa,rolling_32,index_submit,20000,106,171,290,3550,0,0
time,5,sorted_deque_soa,rolling_32,index_ack,20000,75,139,219,23649,0,0
time,5,sorted_deque_soa,rolling_32,cross_page_submit_subset,305,106,156,173,174,0,0
time,5,sorted_deque_soa,outliers_32,price_query,20000,66,83,117,11487,0,0
time,5,sorted_deque_soa,outliers_32,near_range8,20000,74,101,144,19343,0,0
time,5,sorted_deque_soa,outliers_32,index_submit,20000,107,229,446,13810,0,0
time,5,sorted_deque_soa,outliers_32,index_ack,20000,75,146,260,18452,0,0
time,5,sorted_deque_soa,outliers_32,cross_page_submit_subset,305,107,336,472,482,0,0
time,5,sorted_deque_soa,outliers_32,far_query,20000,65,81,119,17231,0,0
time,5,sorted_deque_soa,boundary_32,price_query,20000,65,76,116,4417,0,0
time,5,sorted_deque_soa,boundary_32,near_range8,20000,73,92,129,4078,0,0
time,5,sorted_deque_soa,boundary_32,index_submit,20000,106,162,242,30443,0,0
time,5,sorted_deque_soa,boundary_32,index_ack,20000,145,176,286,30306,0,0
time,5,sorted_deque_soa,boundary_32,cross_page_submit_subset,625,106,149,196,225,0,0
time,5,sorted_deque_soa,jump_32,price_query,20000,65,81,95,178114,0,0
time,5,sorted_deque_soa,jump_32,near_range8,20000,73,99,115,17253,0,0
time,5,sorted_deque_soa,jump_32,index_submit,20000,106,212,262,22056,0,0
time,5,sorted_deque_soa,jump_32,index_ack,20000,75,212,267,7517,0,0
time,5,sorted_deque_soa,jump_32,cross_page_submit_subset,2652,173,240,370,958,0,0
time,5,sorted_deque_soa,jump_32,jump_submit_subset,2496,175,240,351,958,0,0
time,5,sorted_deque_soa,rolling_128,price_query,20000,50,86,109,12835,0,0
time,5,sorted_deque_soa,rolling_128,near_range8,20000,53,63,80,3236,0,0
time,5,sorted_deque_soa,rolling_128,index_submit,20000,115,149,178,21348,0,0
time,5,sorted_deque_soa,rolling_128,index_ack,20000,77,119,144,12210,0,0
time,5,sorted_deque_soa,rolling_128,cross_page_submit_subset,312,117,153,194,257,0,0
time,5,sorted_deque_soa,outliers_128,price_query,20000,50,82,104,3380,0,0
time,5,sorted_deque_soa,outliers_128,near_range8,20000,56,64,84,30694,0,0
time,5,sorted_deque_soa,outliers_128,index_submit,20000,94,159,355,19830,0,0
time,5,sorted_deque_soa,outliers_128,index_ack,20000,78,124,173,15033,0,0
time,5,sorted_deque_soa,outliers_128,cross_page_submit_subset,312,97,176,195,197,0,0
time,5,sorted_deque_soa,outliers_128,far_query,20000,50,52,68,3594,0,0
time,5,sorted_deque_soa,boundary_128,price_query,20000,67,103,153,15731,0,0
time,5,sorted_deque_soa,boundary_128,near_range8,20000,54,80,118,4452,0,0
time,5,sorted_deque_soa,boundary_128,index_submit,20000,112,175,301,36224,0,0
time,5,sorted_deque_soa,boundary_128,index_ack,20000,118,197,284,18027,0,0
time,5,sorted_deque_soa,boundary_128,cross_page_submit_subset,313,123,198,224,3262,0,0
time,5,sorted_deque_soa,jump_128,price_query,20000,51,88,110,34192,0,0
time,5,sorted_deque_soa,jump_128,near_range8,20000,54,88,114,14301,0,0
time,5,sorted_deque_soa,jump_128,index_submit,20000,115,215,302,20250,0,0
time,5,sorted_deque_soa,jump_128,index_ack,20000,78,211,303,12535,0,0
time,5,sorted_deque_soa,jump_128,cross_page_submit_subset,2704,122,264,566,12238,0,0
time,5,sorted_deque_soa,jump_128,jump_submit_subset,2432,128,268,566,12238,0,0
time,5,sorted_deque_soa,4096books_4near_2far,price_query,20000,155,498,756,21606,0,0
time,5,sorted_deque_soa,new_book_growth,index_insert,20000,239,3803,11389,848260,0,0
time,5,sorted_deque_soa,new_book_growth,every64_subset,313,3692,11575,16192,17965,0,0
time,5,sorted_deque_soa,cancel_rehang_4near,index_cancel,20000,64,68,91,21758,0,0
time,5,sorted_deque_soa,cancel_rehang_4near,index_new,20000,109,134,167,3467,0,0
time,5,sorted_deque_soa,cancel_rehang_4near,index_accepted,20000,89,98,177,12048,0,0
time,5,sorted_deque_soa,cancel_rehang_4near,index_canceled,20000,84,94,180,27017,0,0
time,5,sorted_deque_soa,prototype_rolling_4_2far,price_query,20000,56,59,69,12947,0,0
time,5,sorted_deque_soa,prototype_rolling_4_2far,intent_to_command,20000,108,134,156,18870,0,0
time,5,sorted_deque_soa,prototype_rolling_4_2far,intent_queued,20000,46,48,63,13682,0,0
time,5,sorted_deque_soa,prototype_rolling_4_2far,replace_report,20000,118,133,306,14154,0,0
time,5,sorted_deque_soa,prototype_rolling_4_2far,ready_to_command,20000,136,167,242,19965,0,0
time,5,sorted_deque_soa,prototype_jump_4_2far,price_query,20000,56,67,91,26917,0,0
time,5,sorted_deque_soa,prototype_jump_4_2far,intent_to_command,20000,108,182,262,13619,0,0
time,5,sorted_deque_soa,prototype_jump_4_2far,intent_queued,20000,46,61,85,13230,0,0
time,5,sorted_deque_soa,prototype_jump_4_2far,replace_report,20000,119,206,355,25796,0,0
time,5,sorted_deque_soa,prototype_jump_4_2far,ready_to_command,20000,136,230,469,21485,0,0
time,5,sorted_deque_soa,prototype_rolling_32_2far,price_query,20000,69,80,115,13757,0,0
time,5,sorted_deque_soa,prototype_rolling_32_2far,intent_to_command,20000,120,159,237,14978,0,0
time,5,sorted_deque_soa,prototype_rolling_32_2far,intent_queued,20000,46,56,73,13407,0,0
time,5,sorted_deque_soa,prototype_rolling_32_2far,replace_report,20000,94,163,290,202733,0,0
time,5,sorted_deque_soa,prototype_rolling_32_2far,ready_to_command,20000,131,220,385,55731,0,0
time,5,sorted_deque_soa,prototype_jump_32_2far,price_query,20000,69,76,88,3659,0,0
time,5,sorted_deque_soa,prototype_jump_32_2far,intent_to_command,20000,121,156,243,13096,0,0
time,5,sorted_deque_soa,prototype_jump_32_2far,intent_queued,20000,46,54,63,13925,0,0
time,5,sorted_deque_soa,prototype_jump_32_2far,replace_report,20000,94,182,289,14488,0,0
time,5,sorted_deque_soa,prototype_jump_32_2far,ready_to_command,20000,131,215,303,20704,0,0
time,5,linear_prices,rolling_4,price_query,20000,41,49,60,3125,0,0
time,5,linear_prices,rolling_4,near_range8,20000,56,70,135,11694,0,0
time,5,linear_prices,rolling_4,index_submit,20000,77,110,135,21915,0,0
time,5,linear_prices,rolling_4,index_ack,20000,88,105,140,19353,0,0
time,5,linear_prices,rolling_4,cross_page_submit_subset,314,77,108,130,254,0,0
time,5,linear_prices,outliers_4,price_query,20000,41,51,66,28008,0,0
time,5,linear_prices,outliers_4,near_range8,20000,59,83,253,13963,0,0
time,5,linear_prices,outliers_4,index_submit,20000,77,179,229,3055,0,0
time,5,linear_prices,outliers_4,index_ack,20000,87,107,159,12025,0,0
time,5,linear_prices,outliers_4,cross_page_submit_subset,314,78,114,120,141,0,0
time,5,linear_prices,outliers_4,far_query,20000,41,46,64,2986,0,0
time,5,linear_prices,boundary_4,price_query,20000,41,46,63,13724,0,0
time,5,linear_prices,boundary_4,near_range8,20000,64,71,114,13167,0,0
time,5,linear_prices,boundary_4,index_submit,20000,77,109,137,13175,0,0
time,5,linear_prices,boundary_4,index_ack,20000,101,120,153,20380,0,0
time,5,linear_prices,boundary_4,cross_page_submit_subset,5000,76,101,133,3146,0,0
time,5,linear_prices,jump_4,price_query,20000,41,55,76,3049,0,0
time,5,linear_prices,jump_4,near_range8,20000,56,98,244,16815,0,0
time,5,linear_prices,jump_4,index_submit,20000,78,121,210,14946,0,0
time,5,linear_prices,jump_4,index_ack,20000,90,130,223,20707,0,0
time,5,linear_prices,jump_4,cross_page_submit_subset,3746,86,128,223,13675,0,0
time,5,linear_prices,jump_4,jump_submit_subset,2496,88,134,210,3253,0,0
time,5,linear_prices,rolling_32,price_query,20000,53,81,116,13468,0,0
time,5,linear_prices,rolling_32,near_range8,20000,350,624,4316,71433,0,0
time,5,linear_prices,rolling_32,index_submit,20000,96,161,295,24935,0,0
time,5,linear_prices,rolling_32,index_ack,20000,76,194,302,60138,0,0
time,5,linear_prices,rolling_32,cross_page_submit_subset,305,89,150,172,208,0,0
time,5,linear_prices,outliers_32,price_query,20000,50,76,88,22257,0,0
time,5,linear_prices,outliers_32,near_range8,20000,357,553,3321,48228,0,0
time,5,linear_prices,outliers_32,index_submit,20000,93,180,307,11674,0,0
time,5,linear_prices,outliers_32,index_ack,20000,75,183,217,13133,0,0
time,5,linear_prices,outliers_32,cross_page_submit_subset,305,85,201,213,307,0,0
time,5,linear_prices,outliers_32,far_query,20000,58,67,102,14323,0,0
time,5,linear_prices,boundary_32,price_query,20000,48,68,81,2677,0,0
time,5,linear_prices,boundary_32,near_range8,20000,348,488,806,20356,0,0
time,5,linear_prices,boundary_32,index_submit,20000,92,142,211,15220,0,0
time,5,linear_prices,boundary_32,index_ack,20000,105,190,256,11847,0,0
time,5,linear_prices,boundary_32,cross_page_submit_subset,625,104,141,169,191,0,0
time,5,linear_prices,jump_32,price_query,20000,52,83,110,3125,0,0
time,5,linear_prices,jump_32,near_range8,20000,349,618,1091,55482,0,0
time,5,linear_prices,jump_32,index_submit,20000,92,160,211,13511,0,0
time,5,linear_prices,jump_32,index_ack,20000,76,245,322,19089,0,0
time,5,linear_prices,jump_32,cross_page_submit_subset,2652,128,185,296,12134,0,0
time,5,linear_prices,jump_32,jump_submit_subset,2496,129,186,296,12134,0,0
time,5,linear_prices,rolling_128,price_query,20000,73,135,202,23005,0,0
time,5,linear_prices,rolling_128,near_range8,20000,1277,1925,14417,150599,0,0
time,5,linear_prices,rolling_128,index_submit,20000,119,234,361,17249,0,0
time,5,linear_prices,rolling_128,index_ack,20000,78,187,449,17984,0,0
time,5,linear_prices,rolling_128,cross_page_submit_subset,312,108,193,265,268,0,0
time,5,linear_prices,outliers_128,price_query,20000,72,140,186,25879,0,0
time,5,linear_prices,outliers_128,near_range8,20000,1288,2020,16037,152442,0,0
time,5,linear_prices,outliers_128,index_submit,20000,118,250,416,122251,0,0
time,5,linear_prices,outliers_128,index_ack,20000,78,194,477,100082,0,0
time,5,linear_prices,outliers_128,cross_page_submit_subset,312,115,191,248,277,0,0
time,5,linear_prices,outliers_128,far_query,20000,87,130,171,20381,0,0
time,5,linear_prices,boundary_128,price_query,20000,73,140,179,21142,0,0
time,5,linear_prices,boundary_128,near_range8,20000,1286,1718,14296,68427,0,0
time,5,linear_prices,boundary_128,index_submit,20000,118,223,343,51282,0,0
time,5,linear_prices,boundary_128,index_ack,20000,112,274,451,156189,0,0
time,5,linear_prices,boundary_128,cross_page_submit_subset,313,107,137,188,241,0,0
time,5,linear_prices,jump_128,price_query,20000,80,156,227,19512,0,0
time,5,linear_prices,jump_128,near_range8,20000,1289,2506,27016,243107,0,0
time,5,linear_prices,jump_128,index_submit,20000,123,352,948,136454,0,0
time,5,linear_prices,jump_128,index_ack,20000,79,574,823,49970,0,0
time,5,linear_prices,jump_128,cross_page_submit_subset,2704,265,518,5312,40759,0,0
time,5,linear_prices,jump_128,jump_submit_subset,2432,269,525,5312,40759,0,0
time,5,linear_prices,4096books_4near_2far,price_query,20000,161,446,720,28531,0,0
time,5,linear_prices,new_book_growth,index_insert,20000,216,2543,10408,613894,0,0
time,5,linear_prices,new_book_growth,every64_subset,313,2533,11505,15449,15785,0,0
time,5,linear_prices,cancel_rehang_4near,index_cancel,20000,64,89,134,26174,0,0
time,5,linear_prices,cancel_rehang_4near,index_new,20000,108,135,212,14199,0,0
time,5,linear_prices,cancel_rehang_4near,index_accepted,20000,92,123,187,18695,0,0
time,5,linear_prices,cancel_rehang_4near,index_canceled,20000,90,120,169,26824,0,0
time,5,linear_prices,prototype_rolling_4_2far,price_query,20000,56,87,203,32639,0,0
time,5,linear_prices,prototype_rolling_4_2far,intent_to_command,20000,117,216,315,82863,0,0
time,5,linear_prices,prototype_rolling_4_2far,intent_queued,20000,50,73,195,31944,0,0
time,5,linear_prices,prototype_rolling_4_2far,replace_report,20000,143,270,415,76490,0,0
time,5,linear_prices,prototype_rolling_4_2far,ready_to_command,20000,150,273,430,62101,0,0
time,5,linear_prices,prototype_jump_4_2far,price_query,20000,54,80,113,32414,0,0
time,5,linear_prices,prototype_jump_4_2far,intent_to_command,20000,92,171,332,101776,0,0
time,5,linear_prices,prototype_jump_4_2far,intent_queued,20000,46,67,91,22887,0,0
time,5,linear_prices,prototype_jump_4_2far,replace_report,20000,123,225,420,121209,0,0
time,5,linear_prices,prototype_jump_4_2far,ready_to_command,20000,113,221,327,24346,0,0
time,5,linear_prices,prototype_rolling_32_2far,price_query,20000,59,90,122,16133,0,0
time,5,linear_prices,prototype_rolling_32_2far,intent_to_command,20000,98,181,222,695955,0,0
time,5,linear_prices,prototype_rolling_32_2far,intent_queued,20000,46,61,86,4075,0,0
time,5,linear_prices,prototype_rolling_32_2far,replace_report,20000,95,234,345,17837,0,0
time,5,linear_prices,prototype_rolling_32_2far,ready_to_command,20000,119,240,367,70767,0,0
time,5,linear_prices,prototype_jump_32_2far,price_query,20000,61,106,194,18558,0,0
time,5,linear_prices,prototype_jump_32_2far,intent_to_command,20000,102,205,313,37978,0,0
time,5,linear_prices,prototype_jump_32_2far,intent_queued,20000,46,67,91,3724,0,0
time,5,linear_prices,prototype_jump_32_2far,replace_report,20000,95,289,430,20359,0,0
time,5,linear_prices,prototype_jump_32_2far,ready_to_command,20000,123,268,381,100235,0,0
time,6,adaptive,rolling_4,price_query,20000,44,60,135,12759,0,0
time,6,adaptive,rolling_4,near_range8,20000,48,73,141,15717,0,0
time,6,adaptive,rolling_4,index_submit,20000,82,171,319,24084,0,0
time,6,adaptive,rolling_4,index_ack,20000,82,156,296,21157,0,0
time,6,adaptive,rolling_4,cross_page_submit_subset,314,82,176,224,299,0,0
time,6,adaptive,outliers_4,price_query,20000,44,66,160,6051,0,0
time,6,adaptive,outliers_4,near_range8,20000,48,76,160,4381,0,0
time,6,adaptive,outliers_4,index_submit,20000,82,222,382,25213,0,0
time,6,adaptive,outliers_4,index_ack,20000,83,151,303,88393,0,0
time,6,adaptive,outliers_4,cross_page_submit_subset,314,82,182,230,248,0,0
time,6,adaptive,outliers_4,far_query,20000,45,63,150,19931,0,0
time,6,adaptive,boundary_4,price_query,20000,44,67,102,439318,0,0
time,6,adaptive,boundary_4,near_range8,20000,49,81,161,37638,0,0
time,6,adaptive,boundary_4,index_submit,20000,80,161,320,54352,0,0
time,6,adaptive,boundary_4,index_ack,20000,100,171,330,143305,0,0
time,6,adaptive,boundary_4,cross_page_submit_subset,5000,80,147,311,47791,0,0
time,6,adaptive,jump_4,price_query,20000,44,71,143,18089,0,0
time,6,adaptive,jump_4,near_range8,20000,48,85,164,18710,0,0
time,6,adaptive,jump_4,index_submit,20000,89,183,324,17090,0,0
time,6,adaptive,jump_4,index_ack,20000,87,167,300,48655,0,0
time,6,adaptive,jump_4,cross_page_submit_subset,3746,93,201,328,385,0,0
time,6,adaptive,jump_4,jump_submit_subset,2496,101,207,331,385,0,0
time,6,adaptive,rolling_32,price_query,20000,49,78,195,29684,0,0
time,6,adaptive,rolling_32,near_range8,20000,65,101,218,14703,0,0
time,6,adaptive,rolling_32,index_submit,20000,86,168,306,15943,0,0
time,6,adaptive,rolling_32,index_ack,20000,77,144,261,23680,0,0
time,6,adaptive,rolling_32,cross_page_submit_subset,305,86,131,147,171,0,0
time,6,adaptive,outliers_32,price_query,20000,49,81,187,22766,0,0
time,6,adaptive,outliers_32,near_range8,20000,63,96,203,25082,0,0
time,6,adaptive,outliers_32,index_submit,20000,86,205,392,17259,0,0
time,6,adaptive,outliers_32,index_ack,20000,76,136,294,33807,0,0
time,6,adaptive,outliers_32,cross_page_submit_subset,305,86,211,252,265,0,0
time,6,adaptive,outliers_32,far_query,20000,50,64,194,40956,0,0
time,6,adaptive,boundary_32,price_query,20000,49,86,165,113330,0,0
time,6,adaptive,boundary_32,near_range8,20000,63,104,212,52999,0,0
time,6,adaptive,boundary_32,index_submit,20000,86,173,341,250641,0,0
time,6,adaptive,boundary_32,index_ack,20000,115,199,366,49614,0,0
time,6,adaptive,boundary_32,cross_page_submit_subset,625,86,158,212,319,0,0
time,6,adaptive,jump_32,price_query,20000,50,87,198,129964,0,0
time,6,adaptive,jump_32,near_range8,20000,65,111,225,5057,0,0
time,6,adaptive,jump_32,index_submit,20000,87,196,354,70063,0,0
time,6,adaptive,jump_32,index_ack,20000,77,186,314,16398,0,0
time,6,adaptive,jump_32,cross_page_submit_subset,2652,108,260,1273,13189,0,0
time,6,adaptive,jump_32,jump_submit_subset,2496,110,262,1273,13189,0,0
time,6,adaptive,rolling_128,price_query,20000,52,105,173,19483,0,0
time,6,adaptive,rolling_128,near_range8,20000,67,132,226,26922,0,0
time,6,adaptive,rolling_128,index_submit,20000,108,198,348,38169,0,0
time,6,adaptive,rolling_128,index_ack,20000,81,153,280,32138,0,0
time,6,adaptive,rolling_128,cross_page_submit_subset,312,114,214,248,17347,0,0
time,6,adaptive,outliers_128,price_query,20000,52,100,148,29201,0,0
time,6,adaptive,outliers_128,near_range8,20000,65,101,222,21678,0,0
time,6,adaptive,outliers_128,index_submit,20000,104,218,389,61989,0,0
time,6,adaptive,outliers_128,index_ack,20000,80,135,274,16491,0,0
time,6,adaptive,outliers_128,cross_page_submit_subset,312,109,209,250,252,0,0
time,6,adaptive,outliers_128,far_query,20000,53,69,158,24584,0,0
time,6,adaptive,boundary_128,price_query,20000,53,97,228,40188,0,0
time,6,adaptive,boundary_128,near_range8,20000,65,104,212,20057,0,0
time,6,adaptive,boundary_128,index_submit,20000,109,189,341,23369,0,0
time,6,adaptive,boundary_128,index_ack,20000,122,227,350,16239,0,0
time,6,adaptive,boundary_128,cross_page_submit_subset,313,127,215,272,358,0,0
time,6,adaptive,jump_128,price_query,20000,53,101,223,15836,0,0
time,6,adaptive,jump_128,near_range8,20000,67,117,232,18749,0,0
time,6,adaptive,jump_128,index_submit,20000,108,234,401,31519,0,0
time,6,adaptive,jump_128,index_ack,20000,81,251,386,26918,0,0
time,6,adaptive,jump_128,cross_page_submit_subset,2704,119,294,1145,13145,0,0
time,6,adaptive,jump_128,jump_submit_subset,2432,124,309,1145,13145,0,0
time,6,adaptive,4096books_4near_2far,price_query,20000,160,476,713,29813,0,0
time,6,adaptive,new_book_growth,index_insert,20000,225,3186,14298,321409,0,0
time,6,adaptive,new_book_growth,every64_subset,313,3062,16470,34468,63586,0,0
time,6,adaptive,cancel_rehang_4near,index_cancel,20000,64,99,222,28241,0,0
time,6,adaptive,cancel_rehang_4near,index_new,20000,112,183,360,32217,0,0
time,6,adaptive,cancel_rehang_4near,index_accepted,20000,85,128,284,15950,0,0
time,6,adaptive,cancel_rehang_4near,index_canceled,20000,69,128,265,15572,0,0
time,6,adaptive,prototype_rolling_4_2far,price_query,20000,49,65,103,3002,0,0
time,6,adaptive,prototype_rolling_4_2far,intent_to_command,20000,95,167,301,4991,0,0
time,6,adaptive,prototype_rolling_4_2far,intent_queued,20000,46,63,142,16263,0,0
time,6,adaptive,prototype_rolling_4_2far,replace_report,20000,104,221,443,18402,0,0
time,6,adaptive,prototype_rolling_4_2far,ready_to_command,20000,120,255,501,28165,0,0
time,6,adaptive,prototype_jump_4_2far,price_query,20000,49,66,130,169409,0,0
time,6,adaptive,prototype_jump_4_2far,intent_to_command,20000,95,173,350,26461,0,0
time,6,adaptive,prototype_jump_4_2far,intent_queued,20000,46,63,89,44947,0,0
time,6,adaptive,prototype_jump_4_2far,replace_report,20000,104,212,727,2399650,0,0
time,6,adaptive,prototype_jump_4_2far,ready_to_command,20000,119,242,453,1115889,0,0
time,6,adaptive,prototype_rolling_32_2far,price_query,20000,57,106,198,36242,0,0
time,6,adaptive,prototype_rolling_32_2far,intent_to_command,20000,103,212,500,35517,0,0
time,6,adaptive,prototype_rolling_32_2far,intent_queued,20000,46,80,158,19239,0,0
time,6,adaptive,prototype_rolling_32_2far,replace_report,20000,98,253,423,34387,0,0
time,6,adaptive,prototype_rolling_32_2far,ready_to_command,20000,116,310,3888,67789,0,0
time,6,adaptive,prototype_jump_32_2far,price_query,20000,58,90,137,24616,0,0
time,6,adaptive,prototype_jump_32_2far,intent_to_command,20000,102,172,326,13168,0,0
time,6,adaptive,prototype_jump_32_2far,intent_queued,20000,46,60,202,23748,0,0
time,6,adaptive,prototype_jump_32_2far,replace_report,20000,96,187,350,20347,0,0
time,6,adaptive,prototype_jump_32_2far,ready_to_command,20000,114,240,423,30982,0,0
time,6,linear_prices,rolling_4,price_query,20000,41,54,159,158682,0,0
time,6,linear_prices,rolling_4,near_range8,20000,56,103,321,16130,0,0
time,6,linear_prices,rolling_4,index_submit,20000,75,133,277,25060,0,0
time,6,linear_prices,rolling_4,index_ack,20000,88,136,242,13628,0,0
time,6,linear_prices,rolling_4,cross_page_submit_subset,314,75,123,263,276,0,0
time,6,linear_prices,outliers_4,price_query,20000,41,62,107,3082,0,0
time,6,linear_prices,outliers_4,near_range8,20000,59,124,329,28440,0,0
time,6,linear_prices,outliers_4,index_submit,20000,76,210,384,19228,0,0
time,6,linear_prices,outliers_4,index_ack,20000,89,158,292,24732,0,0
time,6,linear_prices,outliers_4,cross_page_submit_subset,314,76,142,238,251,0,0
time,6,linear_prices,outliers_4,far_query,20000,41,60,157,17527,0,0
time,6,linear_prices,boundary_4,price_query,20000,41,58,146,21946,0,0
time,6,linear_prices,boundary_4,near_range8,20000,64,111,240,18623,0,0
time,6,linear_prices,boundary_4,index_submit,20000,75,133,297,25522,0,0
time,6,linear_prices,boundary_4,index_ack,20000,102,152,295,6431,0,0
time,6,linear_prices,boundary_4,cross_page_submit_subset,5000,75,124,268,18194,0,0
time,6,linear_prices,jump_4,price_query,20000,41,52,102,3043,0,0
time,6,linear_prices,jump_4,near_range8,20000,56,110,312,55751,0,0
time,6,linear_prices,jump_4,index_submit,20000,76,132,293,12714,0,0
time,6,linear_prices,jump_4,index_ack,20000,90,146,293,16324,0,0
time,6,linear_prices,jump_4,cross_page_submit_subset,3746,86,144,215,11807,0,0
time,6,linear_prices,jump_4,jump_submit_subset,2496,87,149,203,11807,0,0
time,6,linear_prices,rolling_32,price_query,20000,57,102,127,14535,0,0
time,6,linear_prices,rolling_32,near_range8,20000,351,916,13516,758797,0,0
time,6,linear_prices,rolling_32,index_submit,20000,97,201,358,32906,0,0
time,6,linear_prices,rolling_32,index_ack,20000,76,212,357,25799,0,0
time,6,linear_prices,rolling_32,cross_page_submit_subset,305,92,168,182,195,0,0
time,6,linear_prices,outliers_32,price_query,20000,51,79,105,14177,0,0
time,6,linear_prices,outliers_32,near_range8,20000,350,658,3671,243832,0,0
time,6,linear_prices,outliers_32,index_submit,20000,95,214,366,36661,0,0
time,6,linear_prices,outliers_32,index_ack,20000,75,195,290,96651,0,0
time,6,linear_prices,outliers_32,cross_page_submit_subset,305,91,241,447,12352,0,0
time,6,linear_prices,outliers_32,far_query,20000,58,75,121,478038,0,0
time,6,linear_prices,boundary_32,price_query,20000,48,76,106,38844,0,0
time,6,linear_prices,boundary_32,near_range8,20000,349,591,5067,55861,0,0
time,6,linear_prices,boundary_32,index_submit,20000,91,167,240,13578,0,0
time,6,linear_prices,boundary_32,index_ack,20000,106,189,254,4494,0,0
time,6,linear_prices,boundary_32,cross_page_submit_subset,625,84,142,210,301,0,0
time,6,linear_prices,jump_32,price_query,20000,60,103,150,33337,0,0
time,6,linear_prices,jump_32,near_range8,20000,450,885,4744,42234,0,0
time,6,linear_prices,jump_32,index_submit,20000,121,254,454,27102,0,0
time,6,linear_prices,jump_32,index_ack,20000,102,337,494,51617,0,0
time,6,linear_prices,jump_32,cross_page_submit_subset,2652,158,281,447,6015,0,0
time,6,linear_prices,jump_32,jump_submit_subset,2496,163,282,447,6015,0,0
time,6,linear_prices,rolling_128,price_query,20000,72,139,188,25315,0,0
time,6,linear_prices,rolling_128,near_range8,20000,1276,2110,14154,45078,0,0
time,6,linear_prices,rolling_128,index_submit,20000,121,255,414,21255,0,0
time,6,linear_prices,rolling_128,index_ack,20000,78,199,468,19944,0,0
time,6,linear_prices,rolling_128,cross_page_submit_subset,312,116,218,245,256,0,0
time,6,linear_prices,outliers_128,price_query,20000,75,144,202,33796,0,0
time,6,linear_prices,outliers_128,near_range8,20000,1290,2159,16583,253750,0,0
time,6,linear_prices,outliers_128,index_submit,20000,124,307,514,32874,0,0
time,6,linear_prices,outliers_128,index_ack,20000,79,226,523,19384,0,0
time,6,linear_prices,outliers_128,cross_page_submit_subset,312,119,272,316,494,0,0
time,6,linear_prices,outliers_128,far_query,20000,87,146,247,13172,0,0
time,6,linear_prices,boundary_128,price_query,20000,91,155,259,24302,0,0
time,6,linear_prices,boundary_128,near_range8,20000,1852,2848,23692,535457,0,0
time,6,linear_prices,boundary_128,index_submit,20000,180,372,1691,53020,0,0
time,6,linear_prices,boundary_128,index_ack,20000,153,434,769,63717,0,0
time,6,linear_prices,boundary_128,cross_page_submit_subset,313,157,268,310,334,0,0
time,6,linear_prices,jump_128,price_query,20000,95,215,294,39352,0,0
time,6,linear_prices,jump_128,near_range8,20000,1852,3221,30739,110210,0,0
time,6,linear_prices,jump_128,index_submit,20000,186,578,2145,39931,0,0
time,6,linear_prices,jump_128,index_ack,20000,110,713,1054,46656,0,0
time,6,linear_prices,jump_128,cross_page_submit_subset,2704,416,677,5025,6245,0,0
time,6,linear_prices,jump_128,jump_submit_subset,2432,428,684,5025,6245,0,0
time,6,linear_prices,4096books_4near_2far,price_query,20000,193,667,4024,313942,0,0
time,6,linear_prices,new_book_growth,index_insert,20000,210,3146,11883,716535,0,0
time,6,linear_prices,new_book_growth,every64_subset,313,3161,15423,23969,51524,0,0
time,6,linear_prices,cancel_rehang_4near,index_cancel,20000,64,95,134,17680,0,0
time,6,linear_prices,cancel_rehang_4near,index_new,20000,108,146,272,23397,0,0
time,6,linear_prices,cancel_rehang_4near,index_accepted,20000,93,140,297,27642,0,0
time,6,linear_prices,cancel_rehang_4near,index_canceled,20000,90,134,220,185209,0,0
time,6,linear_prices,prototype_rolling_4_2far,price_query,20000,54,74,101,13559,0,0
time,6,linear_prices,prototype_rolling_4_2far,intent_to_command,20000,91,159,257,22021,0,0
time,6,linear_prices,prototype_rolling_4_2far,intent_queued,20000,46,60,83,4097,0,0
time,6,linear_prices,prototype_rolling_4_2far,replace_report,20000,122,199,349,18703,0,0
time,6,linear_prices,prototype_rolling_4_2far,ready_to_command,20000,113,209,294,16352,0,0
time,6,linear_prices,prototype_jump_4_2far,price_query,20000,54,70,88,3564,0,0
time,6,linear_prices,prototype_jump_4_2far,intent_to_command,20000,91,155,224,16313,0,0
time,6,linear_prices,prototype_jump_4_2far,intent_queued,20000,46,59,83,127897,0,0
time,6,linear_prices,prototype_jump_4_2far,replace_report,20000,122,194,316,53635,0,0
time,6,linear_prices,prototype_jump_4_2far,ready_to_command,20000,113,200,311,106739,0,0
time,6,linear_prices,prototype_rolling_32_2far,price_query,20000,58,82,112,4119,0,0
time,6,linear_prices,prototype_rolling_32_2far,intent_to_command,20000,97,153,208,17763,0,0
time,6,linear_prices,prototype_rolling_32_2far,intent_queued,20000,46,56,82,33766,0,0
time,6,linear_prices,prototype_rolling_32_2far,replace_report,20000,94,215,314,12727,0,0
time,6,linear_prices,prototype_rolling_32_2far,ready_to_command,20000,118,196,296,16272,0,0
time,6,linear_prices,prototype_jump_32_2far,price_query,20000,60,99,139,46433,0,0
time,6,linear_prices,prototype_jump_32_2far,intent_to_command,20000,101,183,251,4106,0,0
time,6,linear_prices,prototype_jump_32_2far,intent_queued,20000,46,60,88,2978,0,0
time,6,linear_prices,prototype_jump_32_2far,replace_report,20000,95,242,387,20997,0,0
time,6,linear_prices,prototype_jump_32_2far,ready_to_command,20000,121,233,332,24477,0,0
time,6,sorted_deque_soa,rolling_4,price_query,20000,51,59,75,12477,0,0
time,6,sorted_deque_soa,rolling_4,near_range8,20000,53,64,91,14185,0,0
time,6,sorted_deque_soa,rolling_4,index_submit,20000,97,141,242,33477,0,0
time,6,sorted_deque_soa,rolling_4,index_ack,20000,94,123,188,13631,0,0
time,6,sorted_deque_soa,rolling_4,cross_page_submit_subset,314,99,152,283,4374,0,0
time,6,sorted_deque_soa,outliers_4,price_query,20000,52,65,98,11241,0,0
time,6,sorted_deque_soa,outliers_4,near_range8,20000,53,69,100,16270,0,0
time,6,sorted_deque_soa,outliers_4,index_submit,20000,93,236,397,16569,0,0
time,6,sorted_deque_soa,outliers_4,index_ack,20000,98,154,215,16885,0,0
time,6,sorted_deque_soa,outliers_4,cross_page_submit_subset,314,93,176,200,264,0,0
time,6,sorted_deque_soa,outliers_4,far_query,20000,51,63,106,23922,0,0
time,6,sorted_deque_soa,boundary_4,price_query,20000,51,64,87,38344,0,0
time,6,sorted_deque_soa,boundary_4,near_range8,20000,53,71,102,8049,0,0
time,6,sorted_deque_soa,boundary_4,index_submit,20000,93,155,251,15403,0,0
time,6,sorted_deque_soa,boundary_4,index_ack,20000,118,169,225,15798,0,0
time,6,sorted_deque_soa,boundary_4,cross_page_submit_subset,5000,92,143,189,15403,0,0
time,6,sorted_deque_soa,jump_4,price_query,20000,51,65,91,6998,0,0
time,6,sorted_deque_soa,jump_4,near_range8,20000,53,71,94,3847,0,0
time,6,sorted_deque_soa,jump_4,index_submit,20000,100,178,291,22649,0,0
time,6,sorted_deque_soa,jump_4,index_ack,20000,96,173,246,18327,0,0
time,6,sorted_deque_soa,jump_4,cross_page_submit_subset,3746,106,208,349,13566,0,0
time,6,sorted_deque_soa,jump_4,jump_submit_subset,2496,110,220,362,13566,0,0
time,6,sorted_deque_soa,rolling_32,price_query,20000,65,80,109,458729,0,0
time,6,sorted_deque_soa,rolling_32,near_range8,20000,73,99,145,13203,0,0
time,6,sorted_deque_soa,rolling_32,index_submit,20000,107,172,287,23137,0,0
time,6,sorted_deque_soa,rolling_32,index_ack,20000,75,142,206,33747,0,0
time,6,sorted_deque_soa,rolling_32,cross_page_submit_subset,305,106,159,304,3342,0,0
time,6,sorted_deque_soa,outliers_32,price_query,20000,65,81,109,15910,0,0
time,6,sorted_deque_soa,outliers_32,near_range8,20000,73,101,140,109390,0,0
time,6,sorted_deque_soa,outliers_32,index_submit,20000,107,199,392,16002,0,0
time,6,sorted_deque_soa,outliers_32,index_ack,20000,75,140,211,16148,0,0
time,6,sorted_deque_soa,outliers_32,cross_page_submit_subset,305,107,209,279,471,0,0
time,6,sorted_deque_soa,outliers_32,far_query,20000,65,79,107,19086,0,0
time,6,sorted_deque_soa,boundary_32,price_query,20000,65,83,117,19296,0,0
time,6,sorted_deque_soa,boundary_32,near_range8,20000,73,104,142,15791,0,0
time,6,sorted_deque_soa,boundary_32,index_submit,20000,107,182,282,35890,0,0
time,6,sorted_deque_soa,boundary_32,index_ack,20000,146,197,286,41413,0,0
time,6,sorted_deque_soa,boundary_32,cross_page_submit_subset,625,115,181,222,260,0,0
time,6,sorted_deque_soa,jump_32,price_query,20000,66,85,114,20089,0,0
time,6,sorted_deque_soa,jump_32,near_range8,20000,73,104,135,4038,0,0
time,6,sorted_deque_soa,jump_32,index_submit,20000,107,220,305,139248,0,0
time,6,sorted_deque_soa,jump_32,index_ack,20000,75,221,301,34359,0,0
time,6,sorted_deque_soa,jump_32,cross_page_submit_subset,2652,179,269,363,13738,0,0
time,6,sorted_deque_soa,jump_32,jump_submit_subset,2496,180,270,363,13738,0,0
time,6,sorted_deque_soa,rolling_128,price_query,20000,50,85,110,84222,0,0
time,6,sorted_deque_soa,rolling_128,near_range8,20000,53,82,114,246636,0,0
time,6,sorted_deque_soa,rolling_128,index_submit,20000,117,182,243,66925,0,0
time,6,sorted_deque_soa,rolling_128,index_ack,20000,78,125,186,101449,0,0
time,6,sorted_deque_soa,rolling_128,cross_page_submit_subset,312,125,194,201,243,0,0
time,6,sorted_deque_soa,outliers_128,price_query,20000,50,87,107,58540,0,0
time,6,sorted_deque_soa,outliers_128,near_range8,20000,56,84,124,31942,0,0
time,6,sorted_deque_soa,outliers_128,index_submit,20000,93,204,377,24302,0,0
time,6,sorted_deque_soa,outliers_128,index_ack,20000,78,130,204,16499,0,0
time,6,sorted_deque_soa,outliers_128,cross_page_submit_subset,312,106,177,213,368,0,0
time,6,sorted_deque_soa,outliers_128,far_query,20000,50,62,93,4242,0,0
time,6,sorted_deque_soa,boundary_128,price_query,20000,68,104,128,146118,0,0
time,6,sorted_deque_soa,boundary_128,near_range8,20000,54,85,126,13812,0,0
time,6,sorted_deque_soa,boundary_128,index_submit,20000,113,182,277,13047,0,0
time,6,sorted_deque_soa,boundary_128,index_ack,20000,119,206,297,23073,0,0
time,6,sorted_deque_soa,boundary_128,cross_page_submit_subset,313,128,189,330,13047,0,0
time,6,sorted_deque_soa,jump_128,price_query,20000,52,92,121,21467,0,0
time,6,sorted_deque_soa,jump_128,near_range8,20000,54,95,150,36235,0,0
time,6,sorted_deque_soa,jump_128,index_submit,20000,115,249,772,132030,0,0
time,6,sorted_deque_soa,jump_128,index_ack,20000,79,224,364,23309,0,0
time,6,sorted_deque_soa,jump_128,cross_page_submit_subset,2704,132,323,3004,4156,0,0
time,6,sorted_deque_soa,jump_128,jump_submit_subset,2432,140,325,2340,3849,0,0
time,6,sorted_deque_soa,4096books_4near_2far,price_query,20000,187,531,3214,29720,0,0
time,6,sorted_deque_soa,new_book_growth,index_insert,20000,287,4732,19748,391291,0,0
time,6,sorted_deque_soa,new_book_growth,every64_subset,313,3315,19957,39442,52490,0,0
time,6,sorted_deque_soa,cancel_rehang_4near,index_cancel,20000,65,120,229,27270,0,0
time,6,sorted_deque_soa,cancel_rehang_4near,index_new,20000,110,202,415,47799,0,0
time,6,sorted_deque_soa,cancel_rehang_4near,index_accepted,20000,91,198,386,17216,0,0
time,6,sorted_deque_soa,cancel_rehang_4near,index_canceled,20000,85,159,262,29167,0,0
time,6,sorted_deque_soa,prototype_rolling_4_2far,price_query,20000,57,70,92,3577,0,0
time,6,sorted_deque_soa,prototype_rolling_4_2far,intent_to_command,20000,110,165,240,71428,0,0
time,6,sorted_deque_soa,prototype_rolling_4_2far,intent_queued,20000,46,62,83,16277,0,0
time,6,sorted_deque_soa,prototype_rolling_4_2far,replace_report,20000,122,212,430,22099,0,0
time,6,sorted_deque_soa,prototype_rolling_4_2far,ready_to_command,20000,135,238,373,22761,0,0
time,6,sorted_deque_soa,prototype_jump_4_2far,price_query,20000,56,66,90,19240,0,0
time,6,sorted_deque_soa,prototype_jump_4_2far,intent_to_command,20000,110,185,250,16001,0,0
time,6,sorted_deque_soa,prototype_jump_4_2far,intent_queued,20000,46,60,82,24081,0,0
time,6,sorted_deque_soa,prototype_jump_4_2far,replace_report,20000,122,208,344,24929,0,0
time,6,sorted_deque_soa,prototype_jump_4_2far,ready_to_command,20000,134,223,378,29804,0,0
time,6,sorted_deque_soa,prototype_rolling_32_2far,price_query,20000,69,84,114,18983,0,0
time,6,sorted_deque_soa,prototype_rolling_32_2far,intent_to_command,20000,121,172,254,186726,0,0
time,6,sorted_deque_soa,prototype_rolling_32_2far,intent_queued,20000,46,60,84,15223,0,0
time,6,sorted_deque_soa,prototype_rolling_32_2far,replace_report,20000,95,191,364,57135,0,0
time,6,sorted_deque_soa,prototype_rolling_32_2far,ready_to_command,20000,132,241,414,38524,0,0
time,6,sorted_deque_soa,prototype_jump_32_2far,price_query,20000,69,91,131,27939,0,0
time,6,sorted_deque_soa,prototype_jump_32_2far,intent_to_command,20000,121,200,300,4270,0,0
time,6,sorted_deque_soa,prototype_jump_32_2far,intent_queued,20000,46,62,88,28824,0,0
time,6,sorted_deque_soa,prototype_jump_32_2far,replace_report,20000,96,228,348,6703,0,0
time,6,sorted_deque_soa,prototype_jump_32_2far,ready_to_command,20000,134,296,422,20129,0,0
time,6,sorted_deque,rolling_4,price_query,20000,47,67,92,20741,0,0
time,6,sorted_deque,rolling_4,near_range8,20000,49,72,93,4670,0,0
time,6,sorted_deque,rolling_4,index_submit,20000,113,186,260,32581,0,0
time,6,sorted_deque,rolling_4,index_ack,20000,107,156,193,19401,0,0
time,6,sorted_deque,rolling_4,cross_page_submit_subset,314,113,202,952,20106,0,0
time,6,sorted_deque,outliers_4,price_query,20000,50,72,97,25296,0,0
time,6,sorted_deque,outliers_4,near_range8,20000,54,79,100,5365,0,0
time,6,sorted_deque,outliers_4,index_submit,20000,124,287,440,22782,0,0
time,6,sorted_deque,outliers_4,index_ack,20000,116,168,228,21184,0,0
time,6,sorted_deque,outliers_4,cross_page_submit_subset,314,120,199,208,235,0,0
time,6,sorted_deque,outliers_4,far_query,20000,50,75,101,25627,0,0
time,6,sorted_deque,boundary_4,price_query,20000,43,60,84,34318,0,0
time,6,sorted_deque,boundary_4,near_range8,20000,44,65,93,35223,0,0
time,6,sorted_deque,boundary_4,index_submit,20000,88,152,252,75881,0,0
time,6,sorted_deque,boundary_4,index_ack,20000,104,158,231,78239,0,0
time,6,sorted_deque,boundary_4,cross_page_submit_subset,5000,86,139,175,278,0,0
time,6,sorted_deque,jump_4,price_query,20000,43,58,68,7604,0,0
time,6,sorted_deque,jump_4,near_range8,20000,43,56,68,11561,0,0
time,6,sorted_deque,jump_4,index_submit,20000,88,128,184,22082,0,0
time,6,sorted_deque,jump_4,index_ack,20000,91,122,167,18558,0,0
time,6,sorted_deque,jump_4,cross_page_submit_subset,3746,98,143,222,22082,0,0
time,6,sorted_deque,jump_4,jump_submit_subset,2496,103,148,248,22082,0,0
time,6,sorted_deque,rolling_32,price_query,20000,48,63,86,18819,0,0
time,6,sorted_deque,rolling_32,near_range8,20000,56,66,80,12233,0,0
time,6,sorted_deque,rolling_32,index_submit,20000,91,120,180,14890,0,0
time,6,sorted_deque,rolling_32,index_ack,20000,75,118,147,13022,0,0
time,6,sorted_deque,rolling_32,cross_page_submit_subset,305,91,111,125,141,0,0
time,6,sorted_deque,outliers_32,price_query,20000,48,72,101,19487,0,0
time,6,sorted_deque,outliers_32,near_range8,20000,54,78,113,18211,0,0
time,6,sorted_deque,outliers_32,index_submit,20000,92,178,355,12648,0,0
time,6,sorted_deque,outliers_32,index_ack,20000,76,127,181,4565,0,0
time,6,sorted_deque,outliers_32,cross_page_submit_subset,305,91,120,143,166,0,0
time,6,sorted_deque,outliers_32,far_query,20000,48,56,81,58698,0,0
time,6,sorted_deque,boundary_32,price_query,20000,48,63,116,14698,0,0
time,6,sorted_deque,boundary_32,near_range8,20000,55,73,102,34382,0,0
time,6,sorted_deque,boundary_32,index_submit,20000,91,140,230,18795,0,0
time,6,sorted_deque,boundary_32,index_ack,20000,113,151,220,4313,0,0
time,6,sorted_deque,boundary_32,cross_page_submit_subset,625,107,143,310,18795,0,0
time,6,sorted_deque,jump_32,price_query,20000,48,82,116,12698,0,0
time,6,sorted_deque,jump_32,near_range8,20000,56,105,178,23586,0,0
time,6,sorted_deque,jump_32,index_submit,20000,91,190,291,18593,0,0
time,6,sorted_deque,jump_32,index_ack,20000,76,187,272,23225,0,0
time,6,sorted_deque,jump_32,cross_page_submit_subset,2652,110,231,422,1281,0,0
time,6,sorted_deque,jump_32,jump_submit_subset,2496,110,231,422,1281,0,0
time,6,sorted_deque,rolling_128,price_query,20000,50,85,109,37145,0,0
time,6,sorted_deque,rolling_128,near_range8,20000,57,67,100,31039,0,0
time,6,sorted_deque,rolling_128,index_submit,20000,96,151,214,21778,0,0
time,6,sorted_deque,rolling_128,index_ack,20000,78,118,165,14237,0,0
time,6,sorted_deque,rolling_128,cross_page_submit_subset,312,102,136,158,235,0,0
time,6,sorted_deque,outliers_128,price_query,20000,51,89,116,12403,0,0
time,6,sorted_deque,outliers_128,near_range8,20000,57,78,106,23563,0,0
time,6,sorted_deque,outliers_128,index_submit,20000,99,181,303,207257,0,0
time,6,sorted_deque,outliers_128,index_ack,20000,78,124,176,17859,0,0
time,6,sorted_deque,outliers_128,cross_page_submit_subset,312,105,193,235,239,0,0
time,6,sorted_deque,outliers_128,far_query,20000,49,57,82,17548,0,0
time,6,sorted_deque,boundary_128,price_query,20000,52,88,115,13971,0,0
time,6,sorted_deque,boundary_128,near_range8,20000,57,79,110,12708,0,0
time,6,sorted_deque,boundary_128,index_submit,20000,110,159,261,169560,0,0
time,6,sorted_deque,boundary_128,index_ack,20000,119,198,264,17848,0,0
time,6,sorted_deque,boundary_128,cross_page_submit_subset,313,125,174,212,217,0,0
time,6,sorted_deque,jump_128,price_query,20000,51,91,120,22582,0,0
time,6,sorted_deque,jump_128,near_range8,20000,57,96,136,43749,0,0
time,6,sorted_deque,jump_128,index_submit,20000,103,222,330,16820,0,0
time,6,sorted_deque,jump_128,index_ack,20000,79,220,335,55514,0,0
time,6,sorted_deque,jump_128,cross_page_submit_subset,2704,126,261,563,12306,0,0
time,6,sorted_deque,jump_128,jump_submit_subset,2432,137,265,563,12306,0,0
time,6,sorted_deque,4096books_4near_2far,price_query,20000,131,416,634,32892,0,0
time,6,sorted_deque,new_book_growth,index_insert,20000,219,3535,14693,736873,0,0
time,6,sorted_deque,new_book_growth,every64_subset,313,3164,16315,32672,41117,0,0
time,6,sorted_deque,cancel_rehang_4near,index_cancel,20000,82,117,229,44972,0,0
time,6,sorted_deque,cancel_rehang_4near,index_new,20000,129,176,297,52757,0,0
time,6,sorted_deque,cancel_rehang_4near,index_accepted,20000,103,173,286,29971,0,0
time,6,sorted_deque,cancel_rehang_4near,index_canceled,20000,105,156,271,25301,0,0
time,6,sorted_deque,prototype_rolling_4_2far,price_query,20000,54,72,101,21467,0,0
time,6,sorted_deque,prototype_rolling_4_2far,intent_to_command,20000,138,179,251,22162,0,0
time,6,sorted_deque,prototype_rolling_4_2far,intent_queued,20000,54,72,124,20710,0,0
time,6,sorted_deque,prototype_rolling_4_2far,replace_report,20000,165,230,412,37012,0,0
time,6,sorted_deque,prototype_rolling_4_2far,ready_to_command,20000,186,248,361,48526,0,0
time,6,sorted_deque,prototype_jump_4_2far,price_query,20000,55,77,96,8068,0,0
time,6,sorted_deque,prototype_jump_4_2far,intent_to_command,20000,141,207,274,19062,0,0
time,6,sorted_deque,prototype_jump_4_2far,intent_queued,20000,56,74,134,36988,0,0
time,6,sorted_deque,prototype_jump_4_2far,replace_report,20000,168,258,484,55979,0,0
time,6,sorted_deque,prototype_jump_4_2far,ready_to_command,20000,188,256,440,33167,0,0
time,6,sorted_deque,prototype_rolling_32_2far,price_query,20000,53,79,117,11586,0,0
time,6,sorted_deque,prototype_rolling_32_2far,intent_to_command,20000,107,161,233,18967,0,0
time,6,sorted_deque,prototype_rolling_32_2far,intent_queued,20000,46,59,79,16059,0,0
time,6,sorted_deque,prototype_rolling_32_2far,replace_report,20000,95,171,285,13399,0,0
time,6,sorted_deque,prototype_rolling_32_2far,ready_to_command,20000,119,208,361,22224,0,0
time,6,sorted_deque,prototype_jump_32_2far,price_query,20000,53,94,149,32093,0,0
time,6,sorted_deque,prototype_jump_32_2far,intent_to_command,20000,107,179,261,12726,0,0
time,6,sorted_deque,prototype_jump_32_2far,intent_queued,20000,46,66,90,11980,0,0
time,6,sorted_deque,prototype_jump_32_2far,replace_report,20000,98,207,364,22429,0,0
time,6,sorted_deque,prototype_jump_32_2far,ready_to_command,20000,124,251,368,26474,0,0
time,6,pool_pages,rolling_4,price_query,20000,47,78,96,18611,0,0
time,6,pool_pages,rolling_4,near_range8,20000,55,95,142,36900,0,0
time,6,pool_pages,rolling_4,index_submit,20000,84,177,342,38773,0,0
time,6,pool_pages,rolling_4,index_ack,20000,89,165,303,22148,0,0
time,6,pool_pages,rolling_4,cross_page_submit_subset,314,95,356,383,437,0,0
time,6,pool_pages,rolling_4,page_creation_subset,78,268,383,383,437,0,0
time,6,pool_pages,outliers_4,price_query,20000,46,61,90,20946,0,0
time,6,pool_pages,outliers_4,near_range8,20000,55,82,119,17778,0,0
time,6,pool_pages,outliers_4,index_submit,20000,84,220,384,50447,0,0
time,6,pool_pages,outliers_4,index_ack,20000,88,162,246,14844,0,0
time,6,pool_pages,outliers_4,cross_page_submit_subset,314,94,359,396,414,0,0
time,6,pool_pages,outliers_4,page_creation_subset,78,276,396,396,414,0,0
time,6,pool_pages,outliers_4,far_query,20000,48,65,94,14532,0,0
time,6,pool_pages,boundary_4,price_query,20000,46,56,86,14335,0,0
time,6,pool_pages,boundary_4,near_range8,20000,58,85,110,15357,0,0
time,6,pool_pages,boundary_4,index_submit,20000,84,128,187,17432,0,0
time,6,pool_pages,boundary_4,index_ack,20000,110,166,238,14425,0,0
time,6,pool_pages,boundary_4,cross_page_submit_subset,5000,83,118,169,12072,0,0
time,6,pool_pages,jump_4,price_query,20000,46,60,88,3725,0,0
time,6,pool_pages,jump_4,near_range8,20000,55,80,126,21013,0,0
time,6,pool_pages,jump_4,index_submit,20000,86,202,309,61442,0,0
time,6,pool_pages,jump_4,index_ack,20000,89,177,297,114726,0,0
time,6,pool_pages,jump_4,cross_page_submit_subset,3746,94,243,369,5022,0,0
time,6,pool_pages,jump_4,page_creation_subset,1248,175,305,415,5022,0,0
time,6,pool_pages,jump_4,jump_submit_subset,2496,143,261,369,5022,0,0
time,6,pool_pages,rolling_32,price_query,20000,46,49,62,17274,0,0
time,6,pool_pages,rolling_32,near_range8,20000,64,84,105,11230,0,0
time,6,pool_pages,rolling_32,index_submit,20000,83,128,210,12865,0,0
time,6,pool_pages,rolling_32,index_ack,20000,76,126,214,29757,0,0
time,6,pool_pages,rolling_32,cross_page_submit_subset,305,96,321,394,403,0,0
time,6,pool_pages,rolling_32,page_creation_subset,10,311,394,394,403,0,0
time,6,pool_pages,outliers_32,price_query,20000,46,59,82,13575,0,0
time,6,pool_pages,outliers_32,near_range8,20000,64,93,132,17238,0,0
time,6,pool_pages,outliers_32,index_submit,20000,84,161,331,4614,0,0
time,6,pool_pages,outliers_32,index_ack,20000,76,133,258,21849,0,0
time,6,pool_pages,outliers_32,cross_page_submit_subset,305,96,404,537,537,0,0
time,6,pool_pages,outliers_32,page_creation_subset,10,385,537,537,537,0,0
time,6,pool_pages,outliers_32,far_query,20000,48,60,89,19554,0,0
time,6,pool_pages,boundary_32,price_query,20000,46,61,83,3973,0,0
time,6,pool_pages,boundary_32,near_range8,20000,67,105,171,12455,0,0
time,6,pool_pages,boundary_32,index_submit,20000,84,147,346,47169,0,0
time,6,pool_pages,boundary_32,index_ack,20000,115,183,385,30093,0,0
time,6,pool_pages,boundary_32,cross_page_submit_subset,625,84,150,297,13963,0,0
time,6,pool_pages,jump_32,price_query,20000,47,70,132,32946,0,0
time,6,pool_pages,jump_32,near_range8,20000,67,126,177,4922,0,0
time,6,pool_pages,jump_32,index_submit,20000,92,211,362,33889,0,0
time,6,pool_pages,jump_32,index_ack,20000,85,222,426,33570,0,0
time,6,pool_pages,jump_32,cross_page_submit_subset,2652,105,299,455,543,0,0
time,6,pool_pages,jump_32,page_creation_subset,156,227,443,477,543,0,0
time,6,pool_pages,jump_32,jump_submit_subset,2496,106,307,455,543,0,0
time,6,pool_pages,rolling_128,price_query,20000,54,82,144,3294,0,0
time,6,pool_pages,rolling_128,near_range8,20000,84,134,194,36988,0,0
time,6,pool_pages,rolling_128,index_submit,20000,117,243,479,33781,0,0
time,6,pool_pages,rolling_128,index_ack,20000,108,214,385,31594,0,0
time,6,pool_pages,rolling_128,cross_page_submit_subset,312,139,351,1095,1268,0,0
time,6,pool_pages,rolling_128,page_creation_subset,3,1095,1095,1095,1268,0,0
time,6,pool_pages,outliers_128,price_query,20000,55,80,280,3959,0,0
time,6,pool_pages,outliers_128,near_range8,20000,88,137,3713,38396,0,0
time,6,pool_pages,outliers_128,index_submit,20000,122,326,3605,36566,0,0
time,6,pool_pages,outliers_128,index_ack,20000,110,203,3396,39681,0,0
time,6,pool_pages,outliers_128,cross_page_submit_subset,312,146,505,986,1514,0,0
time,6,pool_pages,outliers_128,page_creation_subset,3,986,986,986,1514,0,0
time,6,pool_pages,outliers_128,far_query,20000,58,89,278,55278,0,0
time,6,pool_pages,boundary_128,price_query,20000,54,79,139,28379,0,0
time,6,pool_pages,boundary_128,near_range8,20000,91,138,237,60095,0,0
time,6,pool_pages,boundary_128,index_submit,20000,116,203,445,28426,0,0
time,6,pool_pages,boundary_128,index_ack,20000,133,243,439,28850,0,0
time,6,pool_pages,boundary_128,cross_page_submit_subset,313,124,193,271,417,0,0
time,6,pool_pages,jump_128,price_query,20000,52,80,130,44444,0,0
time,6,pool_pages,jump_128,near_range8,20000,82,136,263,29044,0,0
time,6,pool_pages,jump_128,index_submit,20000,112,219,552,36898,0,0
time,6,pool_pages,jump_128,index_ack,20000,107,251,588,106751,0,0
time,6,pool_pages,jump_128,cross_page_submit_subset,2704,128,421,1154,36898,0,0
time,6,pool_pages,jump_128,page_creation_subset,77,376,1154,1154,1316,0,0
time,6,pool_pages,jump_128,jump_submit_subset,2432,127,411,846,36898,0,0
time,6,pool_pages,4096books_4near_2far,price_query,20000,259,891,1275,38310,0,0
time,6,pool_pages,new_book_growth,index_insert,20000,332,11439,41249,365732,0,0
time,6,pool_pages,new_book_growth,page_block_growth_subset,313,11897,66241,106868,179985,0,0
time,6,pool_pages,new_book_growth,every64_subset,313,11897,66241,106868,179985,0,0
time,6,pool_pages,cancel_rehang_4near,index_cancel,20000,64,81,100,11031,0,0
time,6,pool_pages,cancel_rehang_4near,index_new,20000,174,184,278,11986,0,0
time,6,pool_pages,cancel_rehang_4near,index_accepted,20000,92,176,348,18380,0,0
time,6,pool_pages,cancel_rehang_4near,index_canceled,20000,104,132,194,22615,0,0
time,6,pool_pages,prototype_rolling_4_2far,price_query,20000,53,63,79,3148,0,0
time,6,pool_pages,prototype_rolling_4_2far,intent_to_command,20000,102,154,186,13854,0,0
time,6,pool_pages,prototype_rolling_4_2far,intent_queued,20000,46,60,76,4621,0,0
time,6,pool_pages,prototype_rolling_4_2far,replace_report,20000,113,219,343,23072,0,0
time,6,pool_pages,prototype_rolling_4_2far,ready_to_command,20000,127,308,395,15825,0,0
time,6,pool_pages,prototype_jump_4_2far,price_query,20000,53,66,85,3771,0,0
time,6,pool_pages,prototype_jump_4_2far,intent_to_command,20000,103,242,286,29450,0,0
time,6,pool_pages,prototype_jump_4_2far,intent_queued,20000,46,53,74,11515,0,0
time,6,pool_pages,prototype_jump_4_2far,replace_report,20000,115,227,311,18522,0,0
time,6,pool_pages,prototype_jump_4_2far,ready_to_command,20000,128,298,367,18646,0,0
time,6,pool_pages,prototype_rolling_32_2far,price_query,20000,54,85,119,592916,0,0
time,6,pool_pages,prototype_rolling_32_2far,intent_to_command,20000,102,188,291,110924,0,0
time,6,pool_pages,prototype_rolling_32_2far,intent_queued,20000,46,70,144,14336,0,0
time,6,pool_pages,prototype_rolling_32_2far,replace_report,20000,104,231,547,51113,0,0
time,6,pool_pages,prototype_rolling_32_2far,ready_to_command,20000,120,253,503,123914,0,0
time,6,pool_pages,prototype_jump_32_2far,price_query,20000,55,89,188,12651,0,0
time,6,pool_pages,prototype_jump_32_2far,intent_to_command,20000,112,235,418,21116,0,0
time,6,pool_pages,prototype_jump_32_2far,intent_queued,20000,47,75,191,16869,0,0
time,6,pool_pages,prototype_jump_32_2far,replace_report,20000,119,280,552,34552,0,0
time,6,pool_pages,prototype_jump_32_2far,ready_to_command,20000,136,290,432,60489,0,0
time,6,absl_btree,rolling_4,price_query,20000,42,57,71,13984,0,0
time,6,absl_btree,rolling_4,near_range8,20000,47,67,82,10919,0,0
time,6,absl_btree,rolling_4,index_submit,20000,85,133,281,18376,0,0
time,6,absl_btree,rolling_4,index_ack,20000,94,168,222,12776,0,0
time,6,absl_btree,rolling_4,cross_page_submit_subset,314,85,130,158,297,0,0
time,6,absl_btree,outliers_4,price_query,20000,43,60,84,15010,0,0
time,6,absl_btree,outliers_4,near_range8,20000,48,74,100,13364,0,0
time,6,absl_btree,outliers_4,index_submit,20000,85,208,350,15618,0,0
time,6,absl_btree,outliers_4,index_ack,20000,95,171,251,21505,0,0
time,6,absl_btree,outliers_4,cross_page_submit_subset,314,85,154,164,215,0,0
time,6,absl_btree,outliers_4,far_query,20000,42,56,80,13298,0,0
time,6,absl_btree,boundary_4,price_query,20000,42,59,87,20983,0,0
time,6,absl_btree,boundary_4,near_range8,20000,48,75,100,4170,0,0
time,6,absl_btree,boundary_4,index_submit,20000,85,157,229,15787,0,0
time,6,absl_btree,boundary_4,index_ack,20000,119,203,308,37567,0,0
time,6,absl_btree,boundary_4,cross_page_submit_subset,5000,84,137,209,3634,0,0
time,6,absl_btree,jump_4,price_query,20000,43,73,114,53383,0,0
time,6,absl_btree,jump_4,near_range8,20000,48,92,199,21638,0,0
time,6,absl_btree,jump_4,index_submit,20000,101,200,331,34581,0,0
time,6,absl_btree,jump_4,index_ack,20000,101,242,380,26203,0,0
time,6,absl_btree,jump_4,cross_page_submit_subset,3746,108,221,331,20568,0,0
time,6,absl_btree,jump_4,jump_submit_subset,2496,119,226,331,20568,0,0
time,6,absl_btree,rolling_32,price_query,20000,46,78,120,12912,0,0
time,6,absl_btree,rolling_32,near_range8,20000,61,105,221,21541,0,0
time,6,absl_btree,rolling_32,index_submit,20000,92,191,317,3610,0,0
time,6,absl_btree,rolling_32,index_ack,20000,76,196,305,19612,0,0
time,6,absl_btree,rolling_32,cross_page_submit_subset,305,89,192,283,283,0,0
time,6,absl_btree,outliers_32,price_query,20000,46,75,102,20694,0,0
time,6,absl_btree,outliers_32,near_range8,20000,61,94,126,4628,0,0
time,6,absl_btree,outliers_32,index_submit,20000,90,209,368,13224,0,0
time,6,absl_btree,outliers_32,index_ack,20000,76,186,305,13208,0,0
time,6,absl_btree,outliers_32,cross_page_submit_subset,305,89,231,299,361,0,0
time,6,absl_btree,outliers_32,far_query,20000,49,68,93,12580,0,0
time,6,absl_btree,boundary_32,price_query,20000,46,67,95,18120,0,0
time,6,absl_btree,boundary_32,near_range8,20000,59,89,124,24028,0,0
time,6,absl_btree,boundary_32,index_submit,20000,88,177,276,13206,0,0
time,6,absl_btree,boundary_32,index_ack,20000,130,226,349,30089,0,0
time,6,absl_btree,boundary_32,cross_page_submit_subset,625,95,138,259,277,0,0
time,6,absl_btree,jump_32,price_query,20000,46,85,123,14105,0,0
time,6,absl_btree,jump_32,near_range8,20000,61,108,163,16848,0,0
time,6,absl_btree,jump_32,index_submit,20000,98,217,359,33113,0,0
time,6,absl_btree,jump_32,index_ack,20000,76,259,469,19760,0,0
time,6,absl_btree,jump_32,cross_page_submit_subset,2652,135,285,506,4077,0,0
time,6,absl_btree,jump_32,jump_submit_subset,2496,137,289,506,4077,0,0
time,6,absl_btree,rolling_128,price_query,20000,51,90,111,12191,0,0
time,6,absl_btree,rolling_128,near_range8,20000,63,94,127,13396,0,0
time,6,absl_btree,rolling_128,index_submit,20000,113,157,300,13065,0,0
time,6,absl_btree,rolling_128,index_ack,20000,78,177,336,28034,0,0
time,6,absl_btree,rolling_128,cross_page_submit_subset,312,120,166,226,339,0,0
time,6,absl_btree,outliers_128,price_query,20000,52,93,131,32582,0,0
time,6,absl_btree,outliers_128,near_range8,20000,63,100,155,13363,0,0
time,6,absl_btree,outliers_128,index_submit,20000,114,240,455,22108,0,0
time,6,absl_btree,outliers_128,index_ack,20000,79,188,398,26084,0,0
time,6,absl_btree,outliers_128,cross_page_submit_subset,312,121,204,299,589,0,0
time,6,absl_btree,outliers_128,far_query,20000,54,78,109,15383,0,0
time,6,absl_btree,boundary_128,price_query,20000,50,76,90,253,0,0
time,6,absl_btree,boundary_128,near_range8,20000,62,80,105,14587,0,0
time,6,absl_btree,boundary_128,index_submit,20000,103,148,227,53910,0,0
time,6,absl_btree,boundary_128,index_ack,20000,136,276,448,34696,0,0
time,6,absl_btree,boundary_128,cross_page_submit_subset,313,106,139,211,330,0,0
time,6,absl_btree,jump_128,price_query,20000,52,96,130,18828,0,0
time,6,absl_btree,jump_128,near_range8,20000,63,108,202,31808,0,0
time,6,absl_btree,jump_128,index_submit,20000,116,269,475,20256,0,0
time,6,absl_btree,jump_128,index_ack,20000,79,364,529,13295,0,0
time,6,absl_btree,jump_128,cross_page_submit_subset,2704,179,386,527,3927,0,0
time,6,absl_btree,jump_128,jump_submit_subset,2432,182,387,527,3927,0,0
time,6,absl_btree,4096books_4near_2far,price_query,20000,129,469,707,20775,0,0
time,6,absl_btree,new_book_growth,index_insert,20000,209,2453,6787,262082,0,0
time,6,absl_btree,new_book_growth,every64_subset,313,2573,10651,22794,26821,0,0
time,6,absl_btree,cancel_rehang_4near,index_cancel,20000,65,94,131,21060,0,0
time,6,absl_btree,cancel_rehang_4near,index_new,20000,118,173,303,41359,0,0
time,6,absl_btree,cancel_rehang_4near,index_accepted,20000,88,130,191,4105,0,0
time,6,absl_btree,cancel_rehang_4near,index_canceled,20000,107,188,290,34587,0,0
time,6,absl_btree,prototype_rolling_4_2far,price_query,20000,47,58,81,2958,0,0
time,6,absl_btree,prototype_rolling_4_2far,intent_to_command,20000,103,152,327,25024,0,0
time,6,absl_btree,prototype_rolling_4_2far,intent_queued,20000,46,59,78,7490,0,0
time,6,absl_btree,prototype_rolling_4_2far,replace_report,20000,147,250,3203,28596,0,0
time,6,absl_btree,prototype_rolling_4_2far,ready_to_command,20000,136,228,539,25718,0,0
time,6,absl_btree,prototype_jump_4_2far,price_query,20000,46,60,91,5702,0,0
time,6,absl_btree,prototype_jump_4_2far,intent_to_command,20000,103,159,229,19067,0,0
time,6,absl_btree,prototype_jump_4_2far,intent_queued,20000,46,60,84,11731,0,0
time,6,absl_btree,prototype_jump_4_2far,replace_report,20000,147,247,362,42487,0,0
time,6,absl_btree,prototype_jump_4_2far,ready_to_command,20000,136,230,347,20959,0,0
time,6,absl_btree,prototype_rolling_32_2far,price_query,20000,51,89,125,12693,0,0
time,6,absl_btree,prototype_rolling_32_2far,intent_to_command,20000,105,164,285,22278,0,0
time,6,absl_btree,prototype_rolling_32_2far,intent_queued,20000,46,65,85,16875,0,0
time,6,absl_btree,prototype_rolling_32_2far,replace_report,20000,97,285,391,4191,0,0
time,6,absl_btree,prototype_rolling_32_2far,ready_to_command,20000,116,252,414,17110,0,0
time,6,absl_btree,prototype_jump_32_2far,price_query,20000,52,95,141,4789,0,0
time,6,absl_btree,prototype_jump_32_2far,intent_to_command,20000,106,181,298,37522,0,0
time,6,absl_btree,prototype_jump_32_2far,intent_queued,20000,46,65,84,12880,0,0
time,6,absl_btree,prototype_jump_32_2far,replace_report,20000,99,308,472,17004,0,0
time,6,absl_btree,prototype_jump_32_2far,ready_to_command,20000,124,274,397,16144,0,0
time,7,absl_btree,rolling_4,price_query,20000,43,63,101,26243,0,0
time,7,absl_btree,rolling_4,near_range8,20000,47,78,108,18129,0,0
time,7,absl_btree,rolling_4,index_submit,20000,86,176,260,21580,0,0
time,7,absl_btree,rolling_4,index_ack,20000,96,214,322,18020,0,0
time,7,absl_btree,rolling_4,cross_page_submit_subset,314,86,170,222,326,0,0
time,7,absl_btree,outliers_4,price_query,20000,49,75,175,4403,0,0
time,7,absl_btree,outliers_4,near_range8,20000,60,92,200,24128,0,0
time,7,absl_btree,outliers_4,index_submit,20000,117,291,461,36482,0,0
time,7,absl_btree,outliers_4,index_ack,20000,117,226,351,19210,0,0
time,7,absl_btree,outliers_4,cross_page_submit_subset,314,118,184,265,283,0,0
time,7,absl_btree,outliers_4,far_query,20000,49,75,188,47761,0,0
time,7,absl_btree,boundary_4,price_query,20000,50,74,144,44906,0,0
time,7,absl_btree,boundary_4,near_range8,20000,63,88,205,23186,0,0
time,7,absl_btree,boundary_4,index_submit,20000,119,191,362,40326,0,0
time,7,absl_btree,boundary_4,index_ack,20000,150,256,581,41815,0,0
time,7,absl_btree,boundary_4,cross_page_submit_subset,5000,115,156,272,40326,0,0
time,7,absl_btree,jump_4,price_query,20000,43,67,153,3890,0,0
time,7,absl_btree,jump_4,near_range8,20000,47,80,168,17228,0,0
time,7,absl_btree,jump_4,index_submit,20000,87,185,325,17838,0,0
time,7,absl_btree,jump_4,index_ack,20000,97,227,359,25239,0,0
time,7,absl_btree,jump_4,cross_page_submit_subset,3746,107,199,303,4067,0,0
time,7,absl_btree,jump_4,jump_submit_subset,2496,109,204,273,353,0,0
time,7,absl_btree,rolling_32,price_query,20000,46,73,166,30901,0,0
time,7,absl_btree,rolling_32,near_range8,20000,61,98,231,14968,0,0
time,7,absl_btree,rolling_32,index_submit,20000,90,192,311,3977,0,0
time,7,absl_btree,rolling_32,index_ack,20000,76,187,310,20822,0,0
time,7,absl_btree,rolling_32,cross_page_submit_subset,305,89,187,262,414,0,0
time,7,absl_btree,outliers_32,price_query,20000,46,84,151,14576,0,0
time,7,absl_btree,outliers_32,near_range8,20000,61,118,258,31338,0,0
time,7,absl_btree,outliers_32,index_submit,20000,97,256,431,21458,0,0
time,7,absl_btree,outliers_32,index_ack,20000,76,227,355,19067,0,0
time,7,absl_btree,outliers_32,cross_page_submit_subset,305,96,276,325,344,0,0
time,7,absl_btree,outliers_32,far_query,20000,50,80,169,17662,0,0
time,7,absl_btree,boundary_32,price_query,20000,48,84,195,3889,0,0
time,7,absl_btree,boundary_32,near_range8,20000,60,133,229,21069,0,0
time,7,absl_btree,boundary_32,index_submit,20000,94,232,356,19323,0,0
time,7,absl_btree,boundary_32,index_ack,20000,132,310,573,30971,0,0
time,7,absl_btree,boundary_32,cross_page_submit_subset,625,107,184,248,268,0,0
time,7,absl_btree,jump_32,price_query,20000,47,85,128,22445,0,0
time,7,absl_btree,jump_32,near_range8,20000,61,112,216,80032,0,0
time,7,absl_btree,jump_32,index_submit,20000,101,245,419,38851,0,0
time,7,absl_btree,jump_32,index_ack,20000,76,305,699,22613,0,0
time,7,absl_btree,jump_32,cross_page_submit_subset,2652,144,343,1267,38163,0,0
time,7,absl_btree,jump_32,jump_submit_subset,2496,145,350,1267,38163,0,0
time,7,absl_btree,rolling_128,price_query,20000,51,91,125,19631,0,0
time,7,absl_btree,rolling_128,near_range8,20000,63,96,127,17836,0,0
time,7,absl_btree,rolling_128,index_submit,20000,113,183,315,15614,0,0
time,7,absl_btree,rolling_128,index_ack,20000,78,181,361,17679,0,0
time,7,absl_btree,rolling_128,cross_page_submit_subset,312,113,187,213,315,0,0
time,7,absl_btree,outliers_128,price_query,20000,52,92,122,4136,0,0
time,7,absl_btree,outliers_128,near_range8,20000,62,98,127,14616,0,0
time,7,absl_btree,outliers_128,index_submit,20000,113,216,375,54487,0,0
time,7,absl_btree,outliers_128,index_ack,20000,78,194,347,16727,0,0
time,7,absl_btree,outliers_128,cross_page_submit_subset,312,113,178,423,13753,0,0
time,7,absl_btree,outliers_128,far_query,20000,54,77,115,13450,0,0
time,7,absl_btree,boundary_128,price_query,20000,50,77,97,30376,0,0
time,7,absl_btree,boundary_128,near_range8,20000,62,82,145,15191,0,0
time,7,absl_btree,boundary_128,index_submit,20000,103,158,300,15264,0,0
time,7,absl_btree,boundary_128,index_ack,20000,137,280,471,20291,0,0
time,7,absl_btree,boundary_128,cross_page_submit_subset,313,102,140,180,184,0,0
time,7,absl_btree,jump_128,price_query,20000,52,97,2570,16257,0,0
time,7,absl_btree,jump_128,near_range8,20000,63,110,217,22112,0,0
time,7,absl_btree,jump_128,index_submit,20000,117,305,3164,25265,0,0
time,7,absl_btree,jump_128,index_ack,20000,79,359,3055,15275,0,0
time,7,absl_btree,jump_128,cross_page_submit_subset,2704,178,446,3177,25265,0,0
time,7,absl_btree,jump_128,jump_submit_subset,2432,181,453,3177,25265,0,0
time,7,absl_btree,4096books_4near_2far,price_query,20000,115,425,687,30731,0,0
time,7,absl_btree,new_book_growth,index_insert,20000,214,2394,6420,301738,0,0
time,7,absl_btree,new_book_growth,every64_subset,313,2494,7273,11067,23559,0,0
time,7,absl_btree,cancel_rehang_4near,index_cancel,20000,65,70,92,32502,0,0
time,7,absl_btree,cancel_rehang_4near,index_new,20000,119,147,188,12357,0,0
time,7,absl_btree,cancel_rehang_4near,index_accepted,20000,87,109,154,20159,0,0
time,7,absl_btree,cancel_rehang_4near,index_canceled,20000,106,147,189,21970,0,0
time,7,absl_btree,prototype_rolling_4_2far,price_query,20000,47,60,86,12995,0,0
time,7,absl_btree,prototype_rolling_4_2far,intent_to_command,20000,101,160,246,18518,0,0
time,7,absl_btree,prototype_rolling_4_2far,intent_queued,20000,46,60,85,16234,0,0
time,7,absl_btree,prototype_rolling_4_2far,replace_report,20000,143,249,365,63386,0,0
time,7,absl_btree,prototype_rolling_4_2far,ready_to_command,20000,135,241,458,16347,0,0
time,7,absl_btree,prototype_jump_4_2far,price_query,20000,48,64,118,7128,0,0
time,7,absl_btree,prototype_jump_4_2far,intent_to_command,20000,102,182,289,24678,0,0
time,7,absl_btree,prototype_jump_4_2far,intent_queued,20000,46,64,87,17238,0,0
time,7,absl_btree,prototype_jump_4_2far,replace_report,20000,143,278,414,41550,0,0
time,7,absl_btree,prototype_jump_4_2far,ready_to_command,20000,136,258,365,16392,0,0
time,7,absl_btree,prototype_rolling_32_2far,price_query,20000,51,91,132,12820,0,0
time,7,absl_btree,prototype_rolling_32_2far,intent_to_command,20000,105,172,243,38545,0,0
time,7,absl_btree,prototype_rolling_32_2far,intent_queued,20000,46,60,82,4783,0,0
time,7,absl_btree,prototype_rolling_32_2far,replace_report,20000,96,277,419,18359,0,0
time,7,absl_btree,prototype_rolling_32_2far,ready_to_command,20000,116,257,372,15686,0,0
time,7,absl_btree,prototype_jump_32_2far,price_query,20000,62,116,201,22281,0,0
time,7,absl_btree,prototype_jump_32_2far,intent_to_command,20000,130,229,386,74687,0,0
time,7,absl_btree,prototype_jump_32_2far,intent_queued,20000,48,72,122,27253,0,0
time,7,absl_btree,prototype_jump_32_2far,replace_report,20000,134,428,652,186375,0,0
time,7,absl_btree,prototype_jump_32_2far,ready_to_command,20000,166,393,690,32815,0,0
time,7,adaptive,rolling_4,price_query,20000,49,83,177,45964,0,0
time,7,adaptive,rolling_4,near_range8,20000,58,93,187,7116,0,0
time,7,adaptive,rolling_4,index_submit,20000,113,218,413,41285,0,0
time,7,adaptive,rolling_4,index_ack,20000,113,205,367,55729,0,0
time,7,adaptive,rolling_4,cross_page_submit_subset,314,110,188,222,231,0,0
time,7,adaptive,outliers_4,price_query,20000,45,71,100,8272,0,0
time,7,adaptive,outliers_4,near_range8,20000,50,84,131,26475,0,0
time,7,adaptive,outliers_4,index_submit,20000,99,291,473,27521,0,0
time,7,adaptive,outliers_4,index_ack,20000,95,176,303,39941,0,0
time,7,adaptive,outliers_4,cross_page_submit_subset,314,99,182,213,316,0,0
time,7,adaptive,outliers_4,far_query,20000,45,74,123,28478,0,0
time,7,adaptive,boundary_4,price_query,20000,48,69,143,6353,0,0
time,7,adaptive,boundary_4,near_range8,20000,57,91,203,21293,0,0
time,7,adaptive,boundary_4,index_submit,20000,108,179,286,22939,0,0
time,7,adaptive,boundary_4,index_ack,20000,119,189,306,32125,0,0
time,7,adaptive,boundary_4,cross_page_submit_subset,5000,104,161,269,22939,0,0
time,7,adaptive,jump_4,price_query,20000,52,75,188,40230,0,0
time,7,adaptive,jump_4,near_range8,20000,61,100,306,48994,0,0
time,7,adaptive,jump_4,index_submit,20000,119,218,371,19637,0,0
time,7,adaptive,jump_4,index_ack,20000,120,205,3323,21418,0,0
time,7,adaptive,jump_4,cross_page_submit_subset,3746,134,238,383,1046,0,0
time,7,adaptive,jump_4,jump_submit_subset,2496,148,259,395,1046,0,0
time,7,adaptive,rolling_32,price_query,20000,57,90,133,20016,0,0
time,7,adaptive,rolling_32,near_range8,20000,81,108,198,21643,0,0
time,7,adaptive,rolling_32,index_submit,20000,118,188,319,37201,0,0
time,7,adaptive,rolling_32,index_ack,20000,109,177,251,17352,0,0
time,7,adaptive,rolling_32,cross_page_submit_subset,305,121,180,224,258,0,0
time,7,adaptive,outliers_32,price_query,20000,57,93,198,32184,0,0
time,7,adaptive,outliers_32,near_range8,20000,80,115,229,37924,0,0
time,7,adaptive,outliers_32,index_submit,20000,119,285,468,21359,0,0
time,7,adaptive,outliers_32,index_ack,20000,108,185,293,24620,0,0
time,7,adaptive,outliers_32,cross_page_submit_subset,305,117,284,296,340,0,0
time,7,adaptive,outliers_32,far_query,20000,58,79,204,20699,0,0
time,7,adaptive,boundary_32,price_query,20000,56,82,196,7857,0,0
time,7,adaptive,boundary_32,near_range8,20000,78,112,227,35406,0,0
time,7,adaptive,boundary_32,index_submit,20000,114,194,290,6092,0,0
time,7,adaptive,boundary_32,index_ack,20000,119,211,319,34336,0,0
time,7,adaptive,boundary_32,cross_page_submit_subset,625,127,210,303,349,0,0
time,7,adaptive,jump_32,price_query,20000,55,94,194,18989,0,0
time,7,adaptive,jump_32,near_range8,20000,77,125,278,37397,0,0
time,7,adaptive,jump_32,index_submit,20000,113,231,373,17211,0,0
time,7,adaptive,jump_32,index_ack,20000,104,242,332,17786,0,0
time,7,adaptive,jump_32,cross_page_submit_subset,2652,147,300,435,3445,0,0
time,7,adaptive,jump_32,jump_submit_subset,2496,149,304,435,3445,0,0
time,7,adaptive,rolling_128,price_query,20000,53,98,146,5711,0,0
time,7,adaptive,rolling_128,near_range8,20000,67,121,169,14238,0,0
time,7,adaptive,rolling_128,index_submit,20000,108,195,915,29858,0,0
time,7,adaptive,rolling_128,index_ack,20000,81,152,256,22677,0,0
time,7,adaptive,rolling_128,cross_page_submit_subset,312,116,192,217,260,0,0
time,7,adaptive,outliers_128,price_query,20000,52,100,2757,14618,0,0
time,7,adaptive,outliers_128,near_range8,20000,65,104,2926,13891,0,0
time,7,adaptive,outliers_128,index_submit,20000,105,257,3192,37725,0,0
time,7,adaptive,outliers_128,index_ack,20000,80,151,3062,23484,0,0
time,7,adaptive,outliers_128,cross_page_submit_subset,312,112,218,270,3195,0,0
time,7,adaptive,outliers_128,far_query,20000,53,75,2775,3778,0,0
time,7,adaptive,boundary_128,price_query,20000,58,115,2637,6118,0,0
time,7,adaptive,boundary_128,near_range8,20000,67,116,286,86889,0,0
time,7,adaptive,boundary_128,index_submit,20000,117,236,3196,35150,0,0
time,7,adaptive,boundary_128,index_ack,20000,123,271,3191,34192,0,0
time,7,adaptive,boundary_128,cross_page_submit_subset,313,132,234,324,3098,0,0
time,7,adaptive,jump_128,price_query,20000,53,99,139,99389,0,0
time,7,adaptive,jump_128,near_range8,20000,67,111,167,39399,0,0
time,7,adaptive,jump_128,index_submit,20000,105,244,364,50479,0,0
time,7,adaptive,jump_128,index_ack,20000,80,255,402,28293,0,0
time,7,adaptive,jump_128,cross_page_submit_subset,2704,125,324,1931,50479,0,0
time,7,adaptive,jump_128,jump_submit_subset,2432,134,327,1931,50479,0,0
time,7,adaptive,4096books_4near_2far,price_query,20000,152,504,853,29607,0,0
time,7,adaptive,new_book_growth,index_insert,20000,262,4202,20240,314370,0,0
time,7,adaptive,new_book_growth,every64_subset,313,3918,23077,33145,33815,0,0
time,7,adaptive,cancel_rehang_4near,index_cancel,20000,64,97,145,29869,0,0
time,7,adaptive,cancel_rehang_4near,index_new,20000,111,170,355,66406,0,0
time,7,adaptive,cancel_rehang_4near,index_accepted,20000,84,126,267,19771,0,0
time,7,adaptive,cancel_rehang_4near,index_canceled,20000,69,130,284,36258,0,0
time,7,adaptive,prototype_rolling_4_2far,price_query,20000,50,62,89,17969,0,0
time,7,adaptive,prototype_rolling_4_2far,intent_to_command,20000,98,158,340,17226,0,0
time,7,adaptive,prototype_rolling_4_2far,intent_queued,20000,46,60,93,19819,0,0
time,7,adaptive,prototype_rolling_4_2far,replace_report,20000,106,201,424,32747,0,0
time,7,adaptive,prototype_rolling_4_2far,ready_to_command,20000,125,230,437,19243,0,0
time,7,adaptive,prototype_jump_4_2far,price_query,20000,49,62,84,12163,0,0
time,7,adaptive,prototype_jump_4_2far,intent_to_command,20000,97,155,234,23110,0,0
time,7,adaptive,prototype_jump_4_2far,intent_queued,20000,46,60,80,14912,0,0
time,7,adaptive,prototype_jump_4_2far,replace_report,20000,105,193,381,19326,0,0
time,7,adaptive,prototype_jump_4_2far,ready_to_command,20000,123,217,364,13473,0,0
time,7,adaptive,prototype_rolling_32_2far,price_query,20000,57,71,101,3673,0,0
time,7,adaptive,prototype_rolling_32_2far,intent_to_command,20000,102,144,228,12544,0,0
time,7,adaptive,prototype_rolling_32_2far,intent_queued,20000,46,54,73,4422,0,0
time,7,adaptive,prototype_rolling_32_2far,replace_report,20000,96,157,285,16522,0,0
time,7,adaptive,prototype_rolling_32_2far,ready_to_command,20000,113,173,284,14965,0,0
time,7,adaptive,prototype_jump_32_2far,price_query,20000,57,78,106,30252,0,0
time,7,adaptive,prototype_jump_32_2far,intent_to_command,20000,102,147,228,32157,0,0
time,7,adaptive,prototype_jump_32_2far,intent_queued,20000,46,50,67,11837,0,0
time,7,adaptive,prototype_jump_32_2far,replace_report,20000,97,164,282,5210,0,0
time,7,adaptive,prototype_jump_32_2far,ready_to_command,20000,118,189,339,13584,0,0
time,7,linear_prices,rolling_4,price_query,20000,41,50,62,14348,0,0
time,7,linear_prices,rolling_4,near_range8,20000,56,78,143,3026,0,0
time,7,linear_prices,rolling_4,index_submit,20000,76,111,134,19663,0,0
time,7,linear_prices,rolling_4,index_ack,20000,90,114,152,18582,0,0
time,7,linear_prices,rolling_4,cross_page_submit_subset,314,76,122,154,272,0,0
time,7,linear_prices,outliers_4,price_query,20000,41,51,67,3274,0,0
time,7,linear_prices,outliers_4,near_range8,20000,59,79,184,19384,0,0
time,7,linear_prices,outliers_4,index_submit,20000,76,133,344,13083,0,0
time,7,linear_prices,outliers_4,index_ack,20000,90,115,164,11214,0,0
time,7,linear_prices,outliers_4,cross_page_submit_subset,314,76,109,145,12746,0,0
time,7,linear_prices,outliers_4,far_query,20000,41,43,64,19678,0,0
time,7,linear_prices,boundary_4,price_query,20000,41,45,64,11304,0,0
time,7,linear_prices,boundary_4,near_range8,20000,64,70,103,13815,0,0
time,7,linear_prices,boundary_4,index_submit,20000,77,107,133,22559,0,0
time,7,linear_prices,boundary_4,index_ack,20000,101,122,161,18807,0,0
time,7,linear_prices,boundary_4,cross_page_submit_subset,5000,75,92,120,2873,0,0
time,7,linear_prices,jump_4,price_query,20000,42,56,77,20702,0,0
time,7,linear_prices,jump_4,near_range8,20000,59,104,226,17282,0,0
time,7,linear_prices,jump_4,index_submit,20000,80,127,185,21382,0,0
time,7,linear_prices,jump_4,index_ack,20000,93,140,200,14793,0,0
time,7,linear_prices,jump_4,cross_page_submit_subset,3746,88,140,208,3812,0,0
time,7,linear_prices,jump_4,jump_submit_subset,2496,92,146,208,252,0,0
time,7,linear_prices,rolling_32,price_query,20000,52,80,142,63567,0,0
time,7,linear_prices,rolling_32,near_range8,20000,349,624,6815,30702,0,0
time,7,linear_prices,rolling_32,index_submit,20000,97,155,252,89675,0,0
time,7,linear_prices,rolling_32,index_ack,20000,75,190,255,18508,0,0
time,7,linear_prices,rolling_32,cross_page_submit_subset,305,89,145,158,176,0,0
time,7,linear_prices,outliers_32,price_query,20000,51,78,96,27104,0,0
time,7,linear_prices,outliers_32,near_range8,20000,357,589,3439,20222,0,0
time,7,linear_prices,outliers_32,index_submit,20000,96,162,244,9241,0,0
time,7,linear_prices,outliers_32,index_ack,20000,75,188,239,11859,0,0
time,7,linear_prices,outliers_32,cross_page_submit_subset,305,85,196,204,388,0,0
time,7,linear_prices,outliers_32,far_query,20000,58,68,98,12752,0,0
time,7,linear_prices,boundary_32,price_query,20000,47,72,89,7295,0,0
time,7,linear_prices,boundary_32,near_range8,20000,340,496,3353,61417,0,0
time,7,linear_prices,boundary_32,index_submit,20000,92,148,223,12944,0,0
time,7,linear_prices,boundary_32,index_ack,20000,105,189,249,15105,0,0
time,7,linear_prices,boundary_32,cross_page_submit_subset,625,97,143,161,166,0,0
time,7,linear_prices,jump_32,price_query,20000,54,87,117,20424,0,0
time,7,linear_prices,jump_32,near_range8,20000,350,696,4570,33582,0,0
time,7,linear_prices,jump_32,index_submit,20000,94,199,308,31187,0,0
time,7,linear_prices,jump_32,index_ack,20000,76,269,352,22712,0,0
time,7,linear_prices,jump_32,cross_page_submit_subset,2652,131,244,327,12429,0,0
time,7,linear_prices,jump_32,jump_submit_subset,2496,133,246,321,6412,0,0
time,7,linear_prices,rolling_128,price_query,20000,72,132,164,11652,0,0
time,7,linear_prices,rolling_128,near_range8,20000,1277,1952,14195,37291,0,0
time,7,linear_prices,rolling_128,index_submit,20000,118,223,361,37402,0,0
time,7,linear_prices,rolling_128,index_ack,20000,78,188,441,34032,0,0
time,7,linear_prices,rolling_128,cross_page_submit_subset,312,112,193,217,372,0,0
time,7,linear_prices,outliers_128,price_query,20000,72,142,193,22550,0,0
time,7,linear_prices,outliers_128,near_range8,20000,1287,2151,13200,36415,0,0
time,7,linear_prices,outliers_128,index_submit,20000,120,272,540,26379,0,0
time,7,linear_prices,outliers_128,index_ack,20000,78,202,485,12128,0,0
time,7,linear_prices,outliers_128,cross_page_submit_subset,312,115,259,275,297,0,0
time,7,linear_prices,outliers_128,far_query,20000,87,139,260,49067,0,0
time,7,linear_prices,boundary_128,price_query,20000,73,140,177,19127,0,0
time,7,linear_prices,boundary_128,near_range8,20000,1284,1970,13573,78922,0,0
time,7,linear_prices,boundary_128,index_submit,20000,117,231,362,15250,0,0
time,7,linear_prices,boundary_128,index_ack,20000,114,275,468,37493,0,0
time,7,linear_prices,boundary_128,cross_page_submit_subset,313,114,163,215,252,0,0
time,7,linear_prices,jump_128,price_query,20000,78,156,227,34525,0,0
time,7,linear_prices,jump_128,near_range8,20000,1290,2296,16310,35053,0,0
time,7,linear_prices,jump_128,index_submit,20000,121,348,568,18324,0,0
time,7,linear_prices,jump_128,index_ack,20000,78,564,687,12239,0,0
time,7,linear_prices,jump_128,cross_page_submit_subset,2704,260,495,3708,4182,0,0
time,7,linear_prices,jump_128,jump_submit_subset,2432,264,498,3708,4182,0,0
time,7,linear_prices,4096books_4near_2far,price_query,20000,123,452,742,24168,0,0
time,7,linear_prices,new_book_growth,index_insert,20000,195,2398,10300,786261,0,0
time,7,linear_prices,new_book_growth,every64_subset,313,2467,11908,15218,27265,0,0
time,7,linear_prices,cancel_rehang_4near,index_cancel,20000,64,81,104,26716,0,0
time,7,linear_prices,cancel_rehang_4near,index_new,20000,107,120,166,15939,0,0
time,7,linear_prices,cancel_rehang_4near,index_accepted,20000,92,106,176,37796,0,0
time,7,linear_prices,cancel_rehang_4near,index_canceled,20000,90,111,157,12329,0,0
time,7,linear_prices,prototype_rolling_4_2far,price_query,20000,55,74,101,11529,0,0
time,7,linear_prices,prototype_rolling_4_2far,intent_to_command,20000,92,160,255,27802,0,0
time,7,linear_prices,prototype_rolling_4_2far,intent_queued,20000,46,63,111,36120,0,0
time,7,linear_prices,prototype_rolling_4_2far,replace_report,20000,124,215,433,18941,0,0
time,7,linear_prices,prototype_rolling_4_2far,ready_to_command,20000,114,205,323,19752,0,0
time,7,linear_prices,prototype_jump_4_2far,price_query,20000,55,78,116,21488,0,0
time,7,linear_prices,prototype_jump_4_2far,intent_to_command,20000,102,182,457,20833,0,0
time,7,linear_prices,prototype_jump_4_2far,intent_queued,20000,46,69,93,13013,0,0
time,7,linear_prices,prototype_jump_4_2far,replace_report,20000,126,239,498,19323,0,0
time,7,linear_prices,prototype_jump_4_2far,ready_to_command,20000,116,224,397,22261,0,0
time,7,linear_prices,prototype_rolling_32_2far,price_query,20000,59,81,95,3615,0,0
time,7,linear_prices,prototype_rolling_32_2far,intent_to_command,20000,98,148,208,19619,0,0
time,7,linear_prices,prototype_rolling_32_2far,intent_queued,20000,46,56,79,27318,0,0
time,7,linear_prices,prototype_rolling_32_2far,replace_report,20000,95,223,289,13357,0,0
time,7,linear_prices,prototype_rolling_32_2far,ready_to_command,20000,119,190,274,81938,0,0
time,7,linear_prices,prototype_jump_32_2far,price_query,20000,60,93,122,53598,0,0
time,7,linear_prices,prototype_jump_32_2far,intent_to_command,20000,101,154,254,19432,0,0
time,7,linear_prices,prototype_jump_32_2far,intent_queued,20000,46,56,81,16776,0,0
time,7,linear_prices,prototype_jump_32_2far,replace_report,20000,95,232,337,19653,0,0
time,7,linear_prices,prototype_jump_32_2far,ready_to_command,20000,121,195,315,63547,0,0
time,7,sorted_deque_soa,rolling_4,price_query,20000,50,54,63,14779,0,0
time,7,sorted_deque_soa,rolling_4,near_range8,20000,53,55,65,19795,0,0
time,7,sorted_deque_soa,rolling_4,index_submit,20000,98,131,157,12692,0,0
time,7,sorted_deque_soa,rolling_4,index_ack,20000,94,120,151,12749,0,0
time,7,sorted_deque_soa,rolling_4,cross_page_submit_subset,314,99,132,161,305,0,0
time,7,sorted_deque_soa,outliers_4,price_query,20000,52,61,82,20281,0,0
time,7,sorted_deque_soa,outliers_4,near_range8,20000,53,64,89,13051,0,0
time,7,sorted_deque_soa,outliers_4,index_submit,20000,102,189,383,19628,0,0
time,7,sorted_deque_soa,outliers_4,index_ack,20000,97,130,182,14557,0,0
time,7,sorted_deque_soa,outliers_4,cross_page_submit_subset,314,102,161,171,211,0,0
time,7,sorted_deque_soa,outliers_4,far_query,20000,51,58,70,2924,0,0
time,7,sorted_deque_soa,boundary_4,price_query,20000,50,62,90,12414,0,0
time,7,sorted_deque_soa,boundary_4,near_range8,20000,53,65,97,21761,0,0
time,7,sorted_deque_soa,boundary_4,index_submit,20000,93,138,190,6242,0,0
time,7,sorted_deque_soa,boundary_4,index_ack,20000,117,153,215,147347,0,0
time,7,sorted_deque_soa,boundary_4,cross_page_submit_subset,5000,92,131,165,260,0,0
time,7,sorted_deque_soa,jump_4,price_query,20000,51,61,75,21601,0,0
time,7,sorted_deque_soa,jump_4,near_range8,20000,53,63,88,12204,0,0
time,7,sorted_deque_soa,jump_4,index_submit,20000,100,142,208,11446,0,0
time,7,sorted_deque_soa,jump_4,index_ack,20000,96,145,204,18987,0,0
time,7,sorted_deque_soa,jump_4,cross_page_submit_subset,3746,107,162,247,11435,0,0
time,7,sorted_deque_soa,jump_4,jump_submit_subset,2496,109,168,247,464,0,0
time,7,sorted_deque_soa,rolling_32,price_query,20000,65,77,91,26372,0,0
time,7,sorted_deque_soa,rolling_32,near_range8,20000,73,96,124,13667,0,0
time,7,sorted_deque_soa,rolling_32,index_submit,20000,107,168,242,20073,0,0
time,7,sorted_deque_soa,rolling_32,index_ack,20000,75,139,188,12071,0,0
time,7,sorted_deque_soa,rolling_32,cross_page_submit_subset,305,107,173,212,3532,0,0
time,7,sorted_deque_soa,outliers_32,price_query,20000,65,69,79,11770,0,0
time,7,sorted_deque_soa,outliers_32,near_range8,20000,73,84,105,11280,0,0
time,7,sorted_deque_soa,outliers_32,index_submit,20000,108,202,315,6654,0,0
time,7,sorted_deque_soa,outliers_32,index_ack,20000,75,139,176,21519,0,0
time,7,sorted_deque_soa,outliers_32,cross_page_submit_subset,305,107,285,316,331,0,0
time,7,sorted_deque_soa,outliers_32,far_query,20000,65,68,84,3550,0,0
time,7,sorted_deque_soa,boundary_32,price_query,20000,65,73,86,15191,0,0
time,7,sorted_deque_soa,boundary_32,near_range8,20000,73,91,116,20907,0,0
time,7,sorted_deque_soa,boundary_32,index_submit,20000,106,170,199,36040,0,0
time,7,sorted_deque_soa,boundary_32,index_ack,20000,145,170,210,11914,0,0
time,7,sorted_deque_soa,boundary_32,cross_page_submit_subset,625,120,151,209,346,0,0
time,7,sorted_deque_soa,jump_32,price_query,20000,65,82,111,11524,0,0
time,7,sorted_deque_soa,jump_32,near_range8,20000,73,100,131,18538,0,0
time,7,sorted_deque_soa,jump_32,index_submit,20000,107,212,289,36079,0,0
time,7,sorted_deque_soa,jump_32,index_ack,20000,75,214,288,7979,0,0
time,7,sorted_deque_soa,jump_32,cross_page_submit_subset,2652,176,260,417,36079,0,0
time,7,sorted_deque_soa,jump_32,jump_submit_subset,2496,178,263,417,36079,0,0
time,7,sorted_deque_soa,rolling_128,price_query,20000,50,89,118,58065,0,0
time,7,sorted_deque_soa,rolling_128,near_range8,20000,53,73,95,289,0,0
time,7,sorted_deque_soa,rolling_128,index_submit,20000,116,164,262,23811,0,0
time,7,sorted_deque_soa,rolling_128,index_ack,20000,78,123,159,3789,0,0
time,7,sorted_deque_soa,rolling_128,cross_page_submit_subset,312,123,174,349,17773,0,0
time,7,sorted_deque_soa,outliers_128,price_query,20000,50,84,106,4183,0,0
time,7,sorted_deque_soa,outliers_128,near_range8,20000,56,65,83,11435,0,0
time,7,sorted_deque_soa,outliers_128,index_submit,20000,94,180,309,14841,0,0
time,7,sorted_deque_soa,outliers_128,index_ack,20000,78,121,156,13778,0,0
time,7,sorted_deque_soa,outliers_128,cross_page_submit_subset,312,106,208,240,244,0,0
time,7,sorted_deque_soa,outliers_128,far_query,20000,50,53,68,14357,0,0
time,7,sorted_deque_soa,boundary_128,price_query,20000,68,100,119,16271,0,0
time,7,sorted_deque_soa,boundary_128,near_range8,20000,54,78,115,20714,0,0
time,7,sorted_deque_soa,boundary_128,index_submit,20000,112,166,236,23420,0,0
time,7,sorted_deque_soa,boundary_128,index_ack,20000,119,194,300,143251,0,0
time,7,sorted_deque_soa,boundary_128,cross_page_submit_subset,313,126,169,206,206,0,0
time,7,sorted_deque_soa,jump_128,price_query,20000,52,88,110,24257,0,0
time,7,sorted_deque_soa,jump_128,near_range8,20000,54,88,115,14132,0,0
time,7,sorted_deque_soa,jump_128,index_submit,20000,116,219,442,31958,0,0
time,7,sorted_deque_soa,jump_128,index_ack,20000,78,209,285,13284,0,0
time,7,sorted_deque_soa,jump_128,cross_page_submit_subset,2704,122,265,1095,3812,0,0
time,7,sorted_deque_soa,jump_128,jump_submit_subset,2432,126,269,1095,3812,0,0
time,7,sorted_deque_soa,4096books_4near_2far,price_query,20000,165,525,814,58544,0,0
time,7,sorted_deque_soa,new_book_growth,index_insert,20000,251,3863,15588,331310,0,0
time,7,sorted_deque_soa,new_book_growth,every64_subset,313,3528,15785,33827,38391,0,0
time,7,sorted_deque_soa,cancel_rehang_4near,index_cancel,20000,64,94,150,19852,0,0
time,7,sorted_deque_soa,cancel_rehang_4near,index_new,20000,109,162,240,24304,0,0
time,7,sorted_deque_soa,cancel_rehang_4near,index_accepted,20000,89,138,267,39457,0,0
time,7,sorted_deque_soa,cancel_rehang_4near,index_canceled,20000,84,129,187,19335,0,0
time,7,sorted_deque_soa,prototype_rolling_4_2far,price_query,20000,57,63,83,29387,0,0
time,7,sorted_deque_soa,prototype_rolling_4_2far,intent_to_command,20000,109,150,357,19505,0,0
time,7,sorted_deque_soa,prototype_rolling_4_2far,intent_queued,20000,46,57,76,3892,0,0
time,7,sorted_deque_soa,prototype_rolling_4_2far,replace_report,20000,120,195,387,19612,0,0
time,7,sorted_deque_soa,prototype_rolling_4_2far,ready_to_command,20000,134,213,433,32865,0,0
time,7,sorted_deque_soa,prototype_jump_4_2far,price_query,20000,56,67,94,3929,0,0
time,7,sorted_deque_soa,prototype_jump_4_2far,intent_to_command,20000,109,180,284,14506,0,0
time,7,sorted_deque_soa,prototype_jump_4_2far,intent_queued,20000,46,60,84,16673,0,0
time,7,sorted_deque_soa,prototype_jump_4_2far,replace_report,20000,121,210,327,11668,0,0
time,7,sorted_deque_soa,prototype_jump_4_2far,ready_to_command,20000,134,226,374,34037,0,0
time,7,sorted_deque_soa,prototype_rolling_32_2far,price_query,20000,69,81,105,73909,0,0
time,7,sorted_deque_soa,prototype_rolling_32_2far,intent_to_command,20000,121,167,210,3716,0,0
time,7,sorted_deque_soa,prototype_rolling_32_2far,intent_queued,20000,46,60,80,12262,0,0
time,7,sorted_deque_soa,prototype_rolling_32_2far,replace_report,20000,94,176,299,31413,0,0
time,7,sorted_deque_soa,prototype_rolling_32_2far,ready_to_command,20000,132,226,385,81050,0,0
time,7,sorted_deque_soa,prototype_jump_32_2far,price_query,20000,69,76,108,21899,0,0
time,7,sorted_deque_soa,prototype_jump_32_2far,intent_to_command,20000,121,157,240,13329,0,0
time,7,sorted_deque_soa,prototype_jump_32_2far,intent_queued,20000,46,54,74,13856,0,0
time,7,sorted_deque_soa,prototype_jump_32_2far,replace_report,20000,95,192,269,16855,0,0
time,7,sorted_deque_soa,prototype_jump_32_2far,ready_to_command,20000,133,221,293,12078,0,0
time,7,sorted_deque,rolling_4,price_query,20000,43,53,65,2975,0,0
time,7,sorted_deque,rolling_4,near_range8,20000,44,56,73,22893,0,0
time,7,sorted_deque,rolling_4,index_submit,20000,87,141,198,21053,0,0
time,7,sorted_deque,rolling_4,index_ack,20000,90,127,183,17388,0,0
time,7,sorted_deque,rolling_4,cross_page_submit_subset,314,87,130,184,292,0,0
time,7,sorted_deque,outliers_4,price_query,20000,43,59,84,12498,0,0
time,7,sorted_deque,outliers_4,near_range8,20000,43,60,85,246,0,0
time,7,sorted_deque,outliers_4,index_submit,20000,87,176,332,14654,0,0
time,7,sorted_deque,outliers_4,index_ack,20000,90,121,176,54113,0,0
time,7,sorted_deque,outliers_4,cross_page_submit_subset,314,87,133,140,173,0,0
time,7,sorted_deque,outliers_4,far_query,20000,42,51,81,12366,0,0
time,7,sorted_deque,boundary_4,price_query,20000,43,51,66,32940,0,0
time,7,sorted_deque,boundary_4,near_range8,20000,44,54,70,224,0,0
time,7,sorted_deque,boundary_4,index_submit,20000,87,117,161,14477,0,0
time,7,sorted_deque,boundary_4,index_ack,20000,103,126,185,62486,0,0
time,7,sorted_deque,boundary_4,cross_page_submit_subset,5000,86,111,137,3518,0,0
time,7,sorted_deque,jump_4,price_query,20000,43,56,75,3753,0,0
time,7,sorted_deque,jump_4,near_range8,20000,44,58,80,24134,0,0
time,7,sorted_deque,jump_4,index_submit,20000,88,146,207,11971,0,0
time,7,sorted_deque,jump_4,index_ack,20000,91,140,189,18284,0,0
time,7,sorted_deque,jump_4,cross_page_submit_subset,3746,98,166,287,11971,0,0
time,7,sorted_deque,jump_4,jump_submit_subset,2496,104,174,287,11703,0,0
time,7,sorted_deque,rolling_32,price_query,20000,48,77,105,12134,0,0
time,7,sorted_deque,rolling_32,near_range8,20000,56,82,109,180325,0,0
time,7,sorted_deque,rolling_32,index_submit,20000,91,145,254,18649,0,0
time,7,sorted_deque,rolling_32,index_ack,20000,76,128,175,7119,0,0
time,7,sorted_deque,rolling_32,cross_page_submit_subset,305,91,132,142,166,0,0
time,7,sorted_deque,outliers_32,price_query,20000,48,63,93,16611,0,0
time,7,sorted_deque,outliers_32,near_range8,20000,54,66,81,17569,0,0
time,7,sorted_deque,outliers_32,index_submit,20000,91,165,312,14495,0,0
time,7,sorted_deque,outliers_32,index_ack,20000,75,118,143,15460,0,0
time,7,sorted_deque,outliers_32,cross_page_submit_subset,305,91,122,148,240,0,0
time,7,sorted_deque,outliers_32,far_query,20000,48,50,61,12681,0,0
time,7,sorted_deque,boundary_32,price_query,20000,48,64,108,18575,0,0
time,7,sorted_deque,boundary_32,near_range8,20000,54,80,102,256,0,0
time,7,sorted_deque,boundary_32,index_submit,20000,91,147,259,45781,0,0
time,7,sorted_deque,boundary_32,index_ack,20000,113,160,207,387,0,0
time,7,sorted_deque,boundary_32,cross_page_submit_subset,625,106,150,169,182,0,0
time,7,sorted_deque,jump_32,price_query,20000,48,72,100,4224,0,0
time,7,sorted_deque,jump_32,near_range8,20000,56,84,116,26034,0,0
time,7,sorted_deque,jump_32,index_submit,20000,91,162,343,32540,0,0
time,7,sorted_deque,jump_32,index_ack,20000,76,162,283,15324,0,0
time,7,sorted_deque,jump_32,cross_page_submit_subset,2652,110,218,968,14423,0,0
time,7,sorted_deque,jump_32,jump_submit_subset,2496,111,219,968,14423,0,0
time,7,sorted_deque,rolling_128,price_query,20000,50,90,2971,32114,0,0
time,7,sorted_deque,rolling_128,near_range8,20000,57,83,196,17150,0,0
time,7,sorted_deque,rolling_128,index_submit,20000,96,160,3270,26356,0,0
time,7,sorted_deque,rolling_128,index_ack,20000,78,130,3061,13065,0,0
time,7,sorted_deque,rolling_128,cross_page_submit_subset,312,98,186,257,3196,0,0
time,7,sorted_deque,outliers_128,price_query,20000,50,83,135,13825,0,0
time,7,sorted_deque,outliers_128,near_range8,20000,56,83,113,4253,0,0
time,7,sorted_deque,outliers_128,index_submit,20000,97,178,365,22384,0,0
time,7,sorted_deque,outliers_128,index_ack,20000,78,129,437,13513,0,0
time,7,sorted_deque,outliers_128,cross_page_submit_subset,312,104,216,233,290,0,0
time,7,sorted_deque,outliers_128,far_query,20000,49,60,78,14413,0,0
time,7,sorted_deque,boundary_128,price_query,20000,52,87,115,4189,0,0
time,7,sorted_deque,boundary_128,near_range8,20000,57,80,134,35554,0,0
time,7,sorted_deque,boundary_128,index_submit,20000,110,161,276,22895,0,0
time,7,sorted_deque,boundary_128,index_ack,20000,119,193,3147,21571,0,0
time,7,sorted_deque,boundary_128,cross_page_submit_subset,313,122,183,195,195,0,0
time,7,sorted_deque,jump_128,price_query,20000,52,96,222,21833,0,0
time,7,sorted_deque,jump_128,near_range8,20000,58,96,204,15705,0,0
time,7,sorted_deque,jump_128,index_submit,20000,105,242,434,48722,0,0
time,7,sorted_deque,jump_128,index_ack,20000,79,241,424,37373,0,0
time,7,sorted_deque,jump_128,cross_page_submit_subset,2704,124,319,708,3392,0,0
time,7,sorted_deque,jump_128,jump_submit_subset,2432,133,321,708,3392,0,0
time,7,sorted_deque,4096books_4near_2far,price_query,20000,141,460,2844,26396,0,0
time,7,sorted_deque,new_book_growth,index_insert,20000,229,3674,11604,359208,0,0
time,7,sorted_deque,new_book_growth,every64_subset,313,3590,14818,22789,26238,0,0
time,7,sorted_deque,cancel_rehang_4near,index_cancel,20000,64,94,127,38029,0,0
time,7,sorted_deque,cancel_rehang_4near,index_new,20000,108,146,227,20924,0,0
time,7,sorted_deque,cancel_rehang_4near,index_accepted,20000,82,117,186,15756,0,0
time,7,sorted_deque,cancel_rehang_4near,index_canceled,20000,81,121,178,19686,0,0
time,7,sorted_deque,prototype_rolling_4_2far,price_query,20000,47,51,65,11130,0,0
time,7,sorted_deque,prototype_rolling_4_2far,intent_to_command,20000,105,139,168,11309,0,0
time,7,sorted_deque,prototype_rolling_4_2far,intent_queued,20000,46,50,66,22550,0,0
time,7,sorted_deque,prototype_rolling_4_2far,replace_report,20000,125,166,274,25052,0,0
time,7,sorted_deque,prototype_rolling_4_2far,ready_to_command,20000,128,166,278,16193,0,0
time,7,sorted_deque,prototype_jump_4_2far,price_query,20000,47,52,65,19146,0,0
time,7,sorted_deque,prototype_jump_4_2far,intent_to_command,20000,106,159,196,18981,0,0
time,7,sorted_deque,prototype_jump_4_2far,intent_queued,20000,46,51,72,12903,0,0
time,7,sorted_deque,prototype_jump_4_2far,replace_report,20000,124,179,263,12287,0,0
time,7,sorted_deque,prototype_jump_4_2far,ready_to_command,20000,128,165,222,15047,0,0
time,7,sorted_deque,prototype_rolling_32_2far,price_query,20000,52,66,100,18726,0,0
time,7,sorted_deque,prototype_rolling_32_2far,intent_to_command,20000,106,136,165,19782,0,0
time,7,sorted_deque,prototype_rolling_32_2far,intent_queued,20000,46,50,68,34338,0,0
time,7,sorted_deque,prototype_rolling_32_2far,replace_report,20000,95,151,212,15151,0,0
time,7,sorted_deque,prototype_rolling_32_2far,ready_to_command,20000,118,168,245,11413,0,0
time,7,sorted_deque,prototype_jump_32_2far,price_query,20000,53,99,238,18011,0,0
time,7,sorted_deque,prototype_jump_32_2far,intent_to_command,20000,108,190,2563,1535510,0,0
time,7,sorted_deque,prototype_jump_32_2far,intent_queued,20000,46,72,101,27732,0,0
time,7,sorted_deque,prototype_jump_32_2far,replace_report,20000,101,235,819,28185,0,0
time,7,sorted_deque,prototype_jump_32_2far,ready_to_command,20000,123,287,2675,38572,0,0
time,7,pool_pages,rolling_4,price_query,20000,47,80,125,30794,0,0
time,7,pool_pages,rolling_4,near_range8,20000,55,106,213,39985,0,0
time,7,pool_pages,rolling_4,index_submit,20000,93,195,442,45842,0,0
time,7,pool_pages,rolling_4,index_ack,20000,92,183,324,26857,0,0
time,7,pool_pages,rolling_4,cross_page_submit_subset,314,101,442,529,552,0,0
time,7,pool_pages,rolling_4,page_creation_subset,78,279,529,529,552,0,0
time,7,pool_pages,outliers_4,price_query,20000,47,60,87,4443,0,0
time,7,pool_pages,outliers_4,near_range8,20000,55,80,115,20068,0,0
time,7,pool_pages,outliers_4,index_submit,20000,84,221,352,15895,0,0
time,7,pool_pages,outliers_4,index_ack,20000,88,156,260,21752,0,0
time,7,pool_pages,outliers_4,cross_page_submit_subset,314,92,345,400,444,0,0
time,7,pool_pages,outliers_4,page_creation_subset,78,266,400,400,444,0,0
time,7,pool_pages,outliers_4,far_query,20000,48,62,87,17796,0,0
time,7,pool_pages,boundary_4,price_query,20000,46,54,65,11837,0,0
time,7,pool_pages,boundary_4,near_range8,20000,58,70,93,3524,0,0
time,7,pool_pages,boundary_4,index_submit,20000,84,119,155,19711,0,0
time,7,pool_pages,boundary_4,index_ack,20000,109,140,202,21018,0,0
time,7,pool_pages,boundary_4,cross_page_submit_subset,5000,83,101,129,11296,0,0
time,7,pool_pages,jump_4,price_query,20000,46,60,85,13126,0,0
time,7,pool_pages,jump_4,near_range8,20000,55,81,105,3728,0,0
time,7,pool_pages,jump_4,index_submit,20000,85,202,293,22442,0,0
time,7,pool_pages,jump_4,index_ack,20000,89,181,265,15770,0,0
time,7,pool_pages,jump_4,cross_page_submit_subset,3746,94,253,444,13162,0,0
time,7,pool_pages,jump_4,page_creation_subset,1248,176,299,4137,13162,0,0
time,7,pool_pages,jump_4,jump_submit_subset,2496,143,271,3931,13162,0,0
time,7,pool_pages,rolling_32,price_query,20000,46,61,122,24005,0,0
time,7,pool_pages,rolling_32,near_range8,20000,64,102,226,26669,0,0
time,7,pool_pages,rolling_32,index_submit,20000,84,156,500,17969,0,0
time,7,pool_pages,rolling_32,index_ack,20000,76,144,269,4425,0,0
time,7,pool_pages,rolling_32,cross_page_submit_subset,305,97,375,500,513,0,0
time,7,pool_pages,rolling_32,page_creation_subset,10,367,500,500,513,0,0
time,7,pool_pages,outliers_32,price_query,20000,46,63,2623,36528,0,0
time,7,pool_pages,outliers_32,near_range8,20000,64,102,2826,11671,0,0
time,7,pool_pages,outliers_32,index_submit,20000,84,202,2921,18171,0,0
time,7,pool_pages,outliers_32,index_ack,20000,76,161,2844,4218,0,0
time,7,pool_pages,outliers_32,cross_page_submit_subset,305,96,395,2782,3738,0,0
time,7,pool_pages,outliers_32,page_creation_subset,10,355,573,573,707,0,0
time,7,pool_pages,outliers_32,far_query,20000,48,66,2576,19412,0,0
time,7,pool_pages,boundary_32,price_query,20000,46,62,330,3446,0,0
time,7,pool_pages,boundary_32,near_range8,20000,67,109,2821,34412,0,0
time,7,pool_pages,boundary_32,index_submit,20000,84,166,2936,52918,0,0
time,7,pool_pages,boundary_32,index_ack,20000,115,198,3046,222559,0,0
time,7,pool_pages,boundary_32,cross_page_submit_subset,625,84,192,2911,2936,0,0
time,7,pool_pages,jump_32,price_query,20000,46,83,2805,73917,0,0
time,7,pool_pages,jump_32,near_range8,20000,65,126,2991,37454,0,0
time,7,pool_pages,jump_32,index_submit,20000,85,271,3144,49049,0,0
time,7,pool_pages,jump_32,index_ack,20000,77,246,3085,131824,0,0
time,7,pool_pages,jump_32,cross_page_submit_subset,2652,96,315,3156,18310,0,0
time,7,pool_pages,jump_32,page_creation_subset,156,256,430,560,3025,0,0
time,7,pool_pages,jump_32,jump_submit_subset,2496,96,315,3106,18310,0,0
time,7,pool_pages,rolling_128,price_query,20000,53,177,3137,29458,0,0
time,7,pool_pages,rolling_128,near_range8,20000,75,220,3237,4846,0,0
time,7,pool_pages,rolling_128,index_submit,20000,104,2905,3428,27142,0,0
time,7,pool_pages,rolling_128,index_ack,20000,97,3009,3425,22113,0,0
time,7,pool_pages,rolling_128,cross_page_submit_subset,312,130,3158,3319,3533,0,0
time,7,pool_pages,rolling_128,page_creation_subset,3,877,877,877,3533,0,0
time,7,pool_pages,outliers_128,price_query,20000,54,81,2753,123411,0,0
time,7,pool_pages,outliers_128,near_range8,20000,78,145,3273,32806,0,0
time,7,pool_pages,outliers_128,index_submit,20000,110,288,3475,50490,0,0
time,7,pool_pages,outliers_128,index_ack,20000,99,243,3527,48895,0,0
time,7,pool_pages,outliers_128,cross_page_submit_subset,312,132,404,870,1023,0,0
time,7,pool_pages,outliers_128,page_creation_subset,3,870,870,870,1023,0,0
time,7,pool_pages,outliers_128,far_query,20000,55,89,3150,18431,0,0
time,7,pool_pages,boundary_128,price_query,20000,54,77,203,6703,0,0
time,7,pool_pages,boundary_128,near_range8,20000,81,142,239,20251,0,0
time,7,pool_pages,boundary_128,index_submit,20000,107,197,332,16309,0,0
time,7,pool_pages,boundary_128,index_ack,20000,135,248,3216,20351,0,0
time,7,pool_pages,boundary_128,cross_page_submit_subset,313,118,200,263,265,0,0
time,7,pool_pages,jump_128,price_query,20000,57,84,143,25135,0,0
time,7,pool_pages,jump_128,near_range8,20000,90,132,265,29400,0,0
time,7,pool_pages,jump_128,index_submit,20000,121,222,1187,48426,0,0
time,7,pool_pages,jump_128,index_ack,20000,115,258,516,69942,0,0
time,7,pool_pages,jump_128,cross_page_submit_subset,2704,142,398,757,21377,0,0
time,7,pool_pages,jump_128,page_creation_subset,77,371,670,670,757,0,0
time,7,pool_pages,jump_128,jump_submit_subset,2432,142,378,757,21377,0,0
time,7,pool_pages,4096books_4near_2far,price_query,20000,316,994,3700,39823,0,0
time,7,pool_pages,new_book_growth,index_insert,20000,428,14754,50262,426624,0,0
time,7,pool_pages,new_book_growth,page_block_growth_subset,313,15684,74915,94656,121620,0,0
time,7,pool_pages,new_book_growth,every64_subset,313,15684,74915,94656,121620,0,0
time,7,pool_pages,cancel_rehang_4near,index_cancel,20000,82,127,258,70418,0,0
time,7,pool_pages,cancel_rehang_4near,index_new,20000,197,313,511,24406,0,0
time,7,pool_pages,cancel_rehang_4near,index_accepted,20000,114,244,410,32763,0,0
time,7,pool_pages,cancel_rehang_4near,index_canceled,20000,141,257,379,43375,0,0
time,7,pool_pages,prototype_rolling_4_2far,price_query,20000,54,73,102,2990,0,0
time,7,pool_pages,prototype_rolling_4_2far,intent_to_command,20000,100,175,279,62896,0,0
time,7,pool_pages,prototype_rolling_4_2far,intent_queued,20000,46,66,116,20756,0,0
time,7,pool_pages,prototype_rolling_4_2far,replace_report,20000,110,255,405,24216,0,0
time,7,pool_pages,prototype_rolling_4_2far,ready_to_command,20000,121,302,462,43338,0,0
time,7,pool_pages,prototype_jump_4_2far,price_query,20000,54,70,99,20174,0,0
time,7,pool_pages,prototype_jump_4_2far,intent_to_command,20000,100,234,332,22874,0,0
time,7,pool_pages,prototype_jump_4_2far,intent_queued,20000,46,61,127,279,0,0
time,7,pool_pages,prototype_jump_4_2far,replace_report,20000,109,227,354,32733,0,0
time,7,pool_pages,prototype_jump_4_2far,ready_to_command,20000,120,287,360,34271,0,0
time,7,pool_pages,prototype_rolling_32_2far,price_query,20000,54,83,107,19185,0,0
time,7,pool_pages,prototype_rolling_32_2far,intent_to_command,20000,100,167,230,18728,0,0
time,7,pool_pages,prototype_rolling_32_2far,intent_queued,20000,46,66,87,4124,0,0
time,7,pool_pages,prototype_rolling_32_2far,replace_report,20000,95,200,370,34291,0,0
time,7,pool_pages,prototype_rolling_32_2far,ready_to_command,20000,112,227,428,20579,0,0
time,7,pool_pages,prototype_jump_32_2far,price_query,20000,54,67,84,24448,0,0
time,7,pool_pages,prototype_jump_32_2far,intent_to_command,20000,99,131,333,29693,0,0
time,7,pool_pages,prototype_jump_32_2far,intent_queued,20000,46,49,62,3770,0,0
time,7,pool_pages,prototype_jump_32_2far,replace_report,20000,95,180,251,12352,0,0
time,7,pool_pages,prototype_jump_32_2far,ready_to_command,20000,111,167,333,87284,0,0
time,8,pool_pages,rolling_4,price_query,20000,46,50,62,11573,0,0
time,8,pool_pages,rolling_4,near_range8,20000,55,64,86,18563,0,0
time,8,pool_pages,rolling_4,index_submit,20000,84,127,288,12167,0,0
time,8,pool_pages,rolling_4,index_ack,20000,86,117,169,13629,0,0
time,8,pool_pages,rolling_4,cross_page_submit_subset,314,94,309,319,343,0,0
time,8,pool_pages,rolling_4,page_creation_subset,78,266,319,319,343,0,0
time,8,pool_pages,outliers_4,price_query,20000,47,61,92,22208,0,0
time,8,pool_pages,outliers_4,near_range8,20000,55,83,130,19597,0,0
time,8,pool_pages,outliers_4,index_submit,20000,84,231,346,12560,0,0
time,8,pool_pages,outliers_4,index_ack,20000,88,159,259,15714,0,0
time,8,pool_pages,outliers_4,cross_page_submit_subset,314,94,331,454,471,0,0
time,8,pool_pages,outliers_4,page_creation_subset,78,271,454,454,471,0,0
time,8,pool_pages,outliers_4,far_query,20000,48,65,96,3010,0,0
time,8,pool_pages,boundary_4,price_query,20000,46,50,65,24617,0,0
time,8,pool_pages,boundary_4,near_range8,20000,58,68,95,12211,0,0
time,8,pool_pages,boundary_4,index_submit,20000,84,118,167,43835,0,0
time,8,pool_pages,boundary_4,index_ack,20000,109,138,199,12736,0,0
time,8,pool_pages,boundary_4,cross_page_submit_subset,5000,83,101,135,446,0,0
time,8,pool_pages,jump_4,price_query,20000,46,53,63,11883,0,0
time,8,pool_pages,jump_4,near_range8,20000,55,74,88,162,0,0
time,8,pool_pages,jump_4,index_submit,20000,84,198,231,18104,0,0
time,8,pool_pages,jump_4,index_ack,20000,88,166,216,11593,0,0
time,8,pool_pages,jump_4,cross_page_submit_subset,3746,94,213,249,2943,0,0
time,8,pool_pages,jump_4,page_creation_subset,1248,175,231,331,2943,0,0
time,8,pool_pages,jump_4,jump_submit_subset,2496,141,221,261,2943,0,0
time,8,pool_pages,rolling_32,price_query,20000,46,64,91,19033,0,0
time,8,pool_pages,rolling_32,near_range8,20000,64,100,143,45685,0,0
time,8,pool_pages,rolling_32,index_submit,20000,83,146,306,23735,0,0
time,8,pool_pages,rolling_32,index_ack,20000,75,136,208,13989,0,0
time,8,pool_pages,rolling_32,cross_page_submit_subset,305,96,320,398,428,0,0
time,8,pool_pages,rolling_32,page_creation_subset,10,312,398,398,428,0,0
time,8,pool_pages,outliers_32,price_query,20000,46,53,65,17872,0,0
time,8,pool_pages,outliers_32,near_range8,20000,64,81,108,12519,0,0
time,8,pool_pages,outliers_32,index_submit,20000,84,136,284,12926,0,0
time,8,pool_pages,outliers_32,index_ack,20000,75,123,203,11195,0,0
time,8,pool_pages,outliers_32,cross_page_submit_subset,305,96,345,484,608,0,0
time,8,pool_pages,outliers_32,page_creation_subset,10,317,484,484,608,0,0
time,8,pool_pages,outliers_32,far_query,20000,48,50,71,3386,0,0
time,8,pool_pages,boundary_32,price_query,20000,46,59,81,15729,0,0
time,8,pool_pages,boundary_32,near_range8,20000,67,100,144,14285,0,0
time,8,pool_pages,boundary_32,index_submit,20000,84,137,192,20624,0,0
time,8,pool_pages,boundary_32,index_ack,20000,115,164,293,793974,0,0
time,8,pool_pages,boundary_32,cross_page_submit_subset,625,84,135,217,246,0,0
time,8,pool_pages,jump_32,price_query,20000,46,60,88,12034,0,0
time,8,pool_pages,jump_32,near_range8,20000,64,102,139,447752,0,0
time,8,pool_pages,jump_32,index_submit,20000,84,182,400,115006,0,0
time,8,pool_pages,jump_32,index_ack,20000,76,186,377,113537,0,0
time,8,pool_pages,jump_32,cross_page_submit_subset,2652,95,278,768,16188,0,0
time,8,pool_pages,jump_32,page_creation_subset,156,210,768,783,1047,0,0
time,8,pool_pages,jump_32,jump_submit_subset,2496,95,286,768,16188,0,0
time,8,pool_pages,rolling_128,price_query,20000,47,74,152,33200,0,0
time,8,pool_pages,rolling_128,near_range8,20000,64,116,229,43786,0,0
time,8,pool_pages,rolling_128,index_submit,20000,86,169,406,27985,0,0
time,8,pool_pages,rolling_128,index_ack,20000,80,151,357,19087,0,0
time,8,pool_pages,rolling_128,cross_page_submit_subset,312,105,208,711,847,0,0
time,8,pool_pages,rolling_128,page_creation_subset,3,711,711,711,847,0,0
time,8,pool_pages,outliers_128,price_query,20000,46,60,84,50551,0,0
time,8,pool_pages,outliers_128,near_range8,20000,64,93,120,11952,0,0
time,8,pool_pages,outliers_128,index_submit,20000,85,166,334,6093,0,0
time,8,pool_pages,outliers_128,index_ack,20000,79,131,210,19457,0,0
time,8,pool_pages,outliers_128,cross_page_submit_subset,312,103,191,374,462,0,0
time,8,pool_pages,outliers_128,page_creation_subset,3,374,374,374,462,0,0
time,8,pool_pages,outliers_128,far_query,20000,48,63,87,11405,0,0
time,8,pool_pages,boundary_128,price_query,20000,46,69,108,23880,0,0
time,8,pool_pages,boundary_128,near_range8,20000,66,109,156,34289,0,0
time,8,pool_pages,boundary_128,index_submit,20000,85,147,239,15616,0,0
time,8,pool_pages,boundary_128,index_ack,20000,117,169,281,18698,0,0
time,8,pool_pages,boundary_128,cross_page_submit_subset,313,88,170,236,293,0,0
time,8,pool_pages,jump_128,price_query,20000,47,77,100,19531,0,0
time,8,pool_pages,jump_128,near_range8,20000,65,115,267,30864,0,0
time,8,pool_pages,jump_128,index_submit,20000,86,177,396,20155,0,0
time,8,pool_pages,jump_128,index_ack,20000,80,192,371,23081,0,0
time,8,pool_pages,jump_128,cross_page_submit_subset,2704,98,322,4890,20155,0,0
time,8,pool_pages,jump_128,page_creation_subset,77,298,438,438,623,0,0
time,8,pool_pages,jump_128,jump_submit_subset,2432,97,308,4168,20155,0,0
time,8,pool_pages,4096books_4near_2far,price_query,20000,272,878,5250,29685,0,0
time,8,pool_pages,new_book_growth,index_insert,20000,339,11456,41171,357892,0,0
time,8,pool_pages,new_book_growth,page_block_growth_subset,313,11712,48209,65303,116325,0,0
time,8,pool_pages,new_book_growth,every64_subset,313,11712,48209,65303,116325,0,0
time,8,pool_pages,cancel_rehang_4near,index_cancel,20000,65,86,121,28488,0,0
time,8,pool_pages,cancel_rehang_4near,index_new,20000,174,204,368,107277,0,0
time,8,pool_pages,cancel_rehang_4near,index_accepted,20000,92,126,225,32139,0,0
time,8,pool_pages,cancel_rehang_4near,index_canceled,20000,104,151,227,12010,0,0
time,8,pool_pages,prototype_rolling_4_2far,price_query,20000,53,63,78,13226,0,0
time,8,pool_pages,prototype_rolling_4_2far,intent_to_command,20000,101,140,188,17502,0,0
time,8,pool_pages,prototype_rolling_4_2far,intent_queued,20000,46,54,72,105,0,0
time,8,pool_pages,prototype_rolling_4_2far,replace_report,20000,114,212,329,60013,0,0
time,8,pool_pages,prototype_rolling_4_2far,ready_to_command,20000,126,305,375,13173,0,0
time,8,pool_pages,prototype_jump_4_2far,price_query,20000,53,67,93,21391,0,0
time,8,pool_pages,prototype_jump_4_2far,intent_to_command,20000,102,239,315,16099,0,0
time,8,pool_pages,prototype_jump_4_2far,intent_queued,20000,46,60,86,25202,0,0
time,8,pool_pages,prototype_jump_4_2far,replace_report,20000,116,242,334,3617,0,0
time,8,pool_pages,prototype_jump_4_2far,ready_to_command,20000,125,303,381,17435,0,0
time,8,pool_pages,prototype_rolling_32_2far,price_query,20000,54,74,107,4944,0,0
time,8,pool_pages,prototype_rolling_32_2far,intent_to_command,20000,100,159,295,36101,0,0
time,8,pool_pages,prototype_rolling_32_2far,intent_queued,20000,46,60,88,24233,0,0
time,8,pool_pages,prototype_rolling_32_2far,replace_report,20000,95,196,475,16184,0,0
time,8,pool_pages,prototype_rolling_32_2far,ready_to_command,20000,112,215,732,14675,0,0
time,8,pool_pages,prototype_jump_32_2far,price_query,20000,54,68,91,17105,0,0
time,8,pool_pages,prototype_jump_32_2far,intent_to_command,20000,100,149,338,32421,0,0
time,8,pool_pages,prototype_jump_32_2far,intent_queued,20000,46,55,73,3220,0,0
time,8,pool_pages,prototype_jump_32_2far,replace_report,20000,96,196,296,4200,0,0
time,8,pool_pages,prototype_jump_32_2far,ready_to_command,20000,113,185,362,14959,0,0
time,8,absl_btree,rolling_4,price_query,20000,42,51,62,13613,0,0
time,8,absl_btree,rolling_4,near_range8,20000,47,58,76,13408,0,0
time,8,absl_btree,rolling_4,index_submit,20000,85,130,146,4058,0,0
time,8,absl_btree,rolling_4,index_ack,20000,93,154,191,23176,0,0
time,8,absl_btree,rolling_4,cross_page_submit_subset,314,85,139,323,4058,0,0
time,8,absl_btree,outliers_4,price_query,20000,43,60,92,73143,0,0
time,8,absl_btree,outliers_4,near_range8,20000,48,74,110,14597,0,0
time,8,absl_btree,outliers_4,index_submit,20000,85,194,337,22014,0,0
time,8,absl_btree,outliers_4,index_ack,20000,95,170,246,15657,0,0
time,8,absl_btree,outliers_4,cross_page_submit_subset,314,85,143,160,443,0,0
time,8,absl_btree,outliers_4,far_query,20000,42,58,88,13134,0,0
time,8,absl_btree,boundary_4,price_query,20000,42,55,80,224,0,0
time,8,absl_btree,boundary_4,near_range8,20000,48,74,107,42159,0,0
time,8,absl_btree,boundary_4,index_submit,20000,85,135,226,37488,0,0
time,8,absl_btree,boundary_4,index_ack,20000,119,180,308,13754,0,0
time,8,absl_btree,boundary_4,cross_page_submit_subset,5000,84,129,170,188,0,0
time,8,absl_btree,jump_4,price_query,20000,42,58,85,13741,0,0
time,8,absl_btree,jump_4,near_range8,20000,47,72,99,150206,0,0
time,8,absl_btree,jump_4,index_submit,20000,85,135,205,16816,0,0
time,8,absl_btree,jump_4,index_ack,20000,96,178,270,25718,0,0
time,8,absl_btree,jump_4,cross_page_submit_subset,3746,106,150,250,16816,0,0
time,8,absl_btree,jump_4,jump_submit_subset,2496,108,154,250,365,0,0
time,8,absl_btree,rolling_32,price_query,20000,46,78,115,19195,0,0
time,8,absl_btree,rolling_32,near_range8,20000,61,98,155,14352,0,0
time,8,absl_btree,rolling_32,index_submit,20000,90,193,362,17200,0,0
time,8,absl_btree,rolling_32,index_ack,20000,76,191,451,39010,0,0
time,8,absl_btree,rolling_32,cross_page_submit_subset,305,89,187,231,301,0,0
time,8,absl_btree,outliers_32,price_query,20000,47,88,133,31017,0,0
time,8,absl_btree,outliers_32,near_range8,20000,61,114,168,21925,0,0
time,8,absl_btree,outliers_32,index_submit,20000,98,240,581,382201,0,0
time,8,absl_btree,outliers_32,index_ack,20000,76,216,540,32339,0,0
time,8,absl_btree,outliers_32,cross_page_submit_subset,305,96,240,489,526,0,0
time,8,absl_btree,outliers_32,far_query,20000,50,82,129,33056,0,0
time,8,absl_btree,boundary_32,price_query,20000,47,74,115,4882,0,0
time,8,absl_btree,boundary_32,near_range8,20000,59,96,141,12769,0,0
time,8,absl_btree,boundary_32,index_submit,20000,89,190,335,27235,0,0
time,8,absl_btree,boundary_32,index_ack,20000,130,238,462,97258,0,0
time,8,absl_btree,boundary_32,cross_page_submit_subset,625,101,143,240,253,0,0
time,8,absl_btree,jump_32,price_query,20000,47,84,117,4422,0,0
time,8,absl_btree,jump_32,near_range8,20000,62,109,187,6699,0,0
time,8,absl_btree,jump_32,index_submit,20000,102,238,382,39617,0,0
time,8,absl_btree,jump_32,index_ack,20000,77,289,492,45686,0,0
time,8,absl_btree,jump_32,cross_page_submit_subset,2652,142,306,677,23376,0,0
time,8,absl_btree,jump_32,jump_submit_subset,2496,145,310,677,23376,0,0
time,8,absl_btree,rolling_128,price_query,20000,53,96,134,119116,0,0
time,8,absl_btree,rolling_128,near_range8,20000,64,110,156,12707,0,0
time,8,absl_btree,rolling_128,index_submit,20000,116,210,501,56175,0,0
time,8,absl_btree,rolling_128,index_ack,20000,79,190,456,27448,0,0
time,8,absl_btree,rolling_128,cross_page_submit_subset,312,116,227,299,305,0,0
time,8,absl_btree,outliers_128,price_query,20000,52,98,138,18162,0,0
time,8,absl_btree,outliers_128,near_range8,20000,63,109,184,23604,0,0
time,8,absl_btree,outliers_128,index_submit,20000,115,234,550,21988,0,0
time,8,absl_btree,outliers_128,index_ack,20000,79,206,542,27194,0,0
time,8,absl_btree,outliers_128,cross_page_submit_subset,312,114,249,411,4108,0,0
time,8,absl_btree,outliers_128,far_query,20000,55,82,191,17218,0,0
time,8,absl_btree,boundary_128,price_query,20000,50,87,125,3598,0,0
time,8,absl_btree,boundary_128,near_range8,20000,62,97,174,39744,0,0
time,8,absl_btree,boundary_128,index_submit,20000,104,177,381,27813,0,0
time,8,absl_btree,boundary_128,index_ack,20000,138,304,618,94680,0,0
time,8,absl_btree,boundary_128,cross_page_submit_subset,313,100,161,310,366,0,0
time,8,absl_btree,jump_128,price_query,20000,56,106,192,17214,0,0
time,8,absl_btree,jump_128,near_range8,20000,63,120,216,43060,0,0
time,8,absl_btree,jump_128,index_submit,20000,119,318,3743,44146,0,0
time,8,absl_btree,jump_128,index_ack,20000,80,392,631,33390,0,0
time,8,absl_btree,jump_128,cross_page_submit_subset,2704,181,454,5332,19782,0,0
time,8,absl_btree,jump_128,jump_submit_subset,2432,184,454,5332,19782,0,0
time,8,absl_btree,4096books_4near_2far,price_query,20000,178,635,989,121972,0,0
time,8,absl_btree,new_book_growth,index_insert,20000,237,3776,16164,1610727,0,0
time,8,absl_btree,new_book_growth,every64_subset,313,3781,23261,31514,85073,0,0
time,8,absl_btree,cancel_rehang_4near,index_cancel,20000,65,102,254,118341,0,0
time,8,absl_btree,cancel_rehang_4near,index_new,20000,118,189,981,47008,0,0
time,8,absl_btree,cancel_rehang_4near,index_accepted,20000,88,165,469,62058,0,0
time,8,absl_btree,cancel_rehang_4near,index_canceled,20000,107,201,1048,431296,0,0
time,8,absl_btree,prototype_rolling_4_2far,price_query,20000,47,61,99,57880,0,0
time,8,absl_btree,prototype_rolling_4_2far,intent_to_command,20000,102,164,242,1502295,0,0
time,8,absl_btree,prototype_rolling_4_2far,intent_queued,20000,46,61,117,34877,0,0
time,8,absl_btree,prototype_rolling_4_2far,replace_report,20000,144,258,976,1692717,0,0
time,8,absl_btree,prototype_rolling_4_2far,ready_to_command,20000,136,244,412,121760,0,0
time,8,absl_btree,prototype_jump_4_2far,price_query,20000,47,70,143,16908,0,0
time,8,absl_btree,prototype_jump_4_2far,intent_to_command,20000,101,184,513,1488267,0,0
time,8,absl_btree,prototype_jump_4_2far,intent_queued,20000,46,65,123,2978,0,0
time,8,absl_btree,prototype_jump_4_2far,replace_report,20000,143,307,2811,182002,0,0
time,8,absl_btree,prototype_jump_4_2far,ready_to_command,20000,135,269,2592,33442,0,0
time,8,absl_btree,prototype_rolling_32_2far,price_query,20000,59,110,199,18234,0,0
time,8,absl_btree,prototype_rolling_32_2far,intent_to_command,20000,127,236,601,23013,0,0
time,8,absl_btree,prototype_rolling_32_2far,intent_queued,20000,49,124,312,153359,0,0
time,8,absl_btree,prototype_rolling_32_2far,replace_report,20000,130,393,652,35551,0,0
time,8,absl_btree,prototype_rolling_32_2far,ready_to_command,20000,157,356,547,40284,0,0
time,8,absl_btree,prototype_jump_32_2far,price_query,20000,62,117,208,20467,0,0
time,8,absl_btree,prototype_jump_32_2far,intent_to_command,20000,135,243,401,18166,0,0
time,8,absl_btree,prototype_jump_32_2far,intent_queued,20000,52,84,202,20218,0,0
time,8,absl_btree,prototype_jump_32_2far,replace_report,20000,138,414,614,24937,0,0
time,8,absl_btree,prototype_jump_32_2far,ready_to_command,20000,169,380,606,49998,0,0
time,8,adaptive,rolling_4,price_query,20000,52,76,194,3689,0,0
time,8,adaptive,rolling_4,near_range8,20000,61,93,210,41924,0,0
time,8,adaptive,rolling_4,index_submit,20000,116,219,856,51391,0,0
time,8,adaptive,rolling_4,index_ack,20000,119,199,430,18944,0,0
time,8,adaptive,rolling_4,cross_page_submit_subset,314,117,222,308,355,0,0
time,8,adaptive,outliers_4,price_query,20000,52,80,196,7435,0,0
time,8,adaptive,outliers_4,near_range8,20000,63,95,209,36007,0,0
time,8,adaptive,outliers_4,index_submit,20000,120,309,3205,20106,0,0
time,8,adaptive,outliers_4,index_ack,20000,122,201,398,65374,0,0
time,8,adaptive,outliers_4,cross_page_submit_subset,314,120,217,262,266,0,0
time,8,adaptive,outliers_4,far_query,20000,54,82,200,21241,0,0
time,8,adaptive,boundary_4,price_query,20000,53,77,193,20901,0,0
time,8,adaptive,boundary_4,near_range8,20000,65,91,206,47652,0,0
time,8,adaptive,boundary_4,index_submit,20000,121,185,303,19274,0,0
time,8,adaptive,boundary_4,index_ack,20000,138,199,511,33106,0,0
time,8,adaptive,boundary_4,cross_page_submit_subset,5000,117,171,274,5871,0,0
time,8,adaptive,jump_4,price_query,20000,44,60,84,29236,0,0
time,8,adaptive,jump_4,near_range8,20000,48,69,90,19846,0,0
time,8,adaptive,jump_4,index_submit,20000,86,149,213,19470,0,0
time,8,adaptive,jump_4,index_ack,20000,86,144,201,20906,0,0
time,8,adaptive,jump_4,cross_page_submit_subset,3746,93,166,291,4687,0,0
time,8,adaptive,jump_4,jump_submit_subset,2496,99,172,291,4687,0,0
time,8,adaptive,rolling_32,price_query,20000,49,64,87,13682,0,0
time,8,adaptive,rolling_32,near_range8,20000,64,68,84,2923,0,0
time,8,adaptive,rolling_32,index_submit,20000,85,125,172,17555,0,0
time,8,adaptive,rolling_32,index_ack,20000,77,118,143,11828,0,0
time,8,adaptive,rolling_32,cross_page_submit_subset,305,85,121,177,203,0,0
time,8,adaptive,outliers_32,price_query,20000,49,65,92,28239,0,0
time,8,adaptive,outliers_32,near_range8,20000,63,72,87,12314,0,0
time,8,adaptive,outliers_32,index_submit,20000,85,154,239,11281,0,0
time,8,adaptive,outliers_32,index_ack,20000,77,123,153,30951,0,0
time,8,adaptive,outliers_32,cross_page_submit_subset,305,85,189,205,298,0,0
time,8,adaptive,outliers_32,far_query,20000,50,52,64,20350,0,0
time,8,adaptive,boundary_32,price_query,20000,49,64,93,35428,0,0
time,8,adaptive,boundary_32,near_range8,20000,62,80,102,11693,0,0
time,8,adaptive,boundary_32,index_submit,20000,85,135,190,32491,0,0
time,8,adaptive,boundary_32,index_ack,20000,111,148,204,13212,0,0
time,8,adaptive,boundary_32,cross_page_submit_subset,625,105,142,179,207,0,0
time,8,adaptive,jump_32,price_query,20000,49,65,91,11664,0,0
time,8,adaptive,jump_32,near_range8,20000,64,80,108,13316,0,0
time,8,adaptive,jump_32,index_submit,20000,86,136,204,20133,0,0
time,8,adaptive,jump_32,index_ack,20000,76,144,208,14854,0,0
time,8,adaptive,jump_32,cross_page_submit_subset,2652,102,190,286,775,0,0
time,8,adaptive,jump_32,jump_submit_subset,2496,102,191,286,775,0,0
time,8,adaptive,rolling_128,price_query,20000,52,86,112,13245,0,0
time,8,adaptive,rolling_128,near_range8,20000,66,71,90,11563,0,0
time,8,adaptive,rolling_128,index_submit,20000,98,148,190,12412,0,0
time,8,adaptive,rolling_128,index_ack,20000,79,118,146,12283,0,0
time,8,adaptive,rolling_128,cross_page_submit_subset,312,108,157,177,190,0,0
time,8,adaptive,outliers_128,price_query,20000,55,99,129,235,0,0
time,8,adaptive,outliers_128,near_range8,20000,68,104,225,11779,0,0
time,8,adaptive,outliers_128,index_submit,20000,115,215,382,19768,0,0
time,8,adaptive,outliers_128,index_ack,20000,87,155,260,61934,0,0
time,8,adaptive,outliers_128,cross_page_submit_subset,312,124,191,298,382,0,0
time,8,adaptive,outliers_128,far_query,20000,55,74,109,16752,0,0
time,8,adaptive,boundary_128,price_query,20000,53,97,155,83531,0,0
time,8,adaptive,boundary_128,near_range8,20000,65,105,155,16322,0,0
time,8,adaptive,boundary_128,index_submit,20000,108,188,300,40880,0,0
time,8,adaptive,boundary_128,index_ack,20000,121,227,309,49780,0,0
time,8,adaptive,boundary_128,cross_page_submit_subset,313,124,197,211,229,0,0
time,8,adaptive,jump_128,price_query,20000,53,96,126,16415,0,0
time,8,adaptive,jump_128,near_range8,20000,67,96,125,17910,0,0
time,8,adaptive,jump_128,index_submit,20000,104,207,325,13026,0,0
time,8,adaptive,jump_128,index_ack,20000,79,221,319,367194,0,0
time,8,adaptive,jump_128,cross_page_submit_subset,2704,114,256,392,1925,0,0
time,8,adaptive,jump_128,jump_submit_subset,2432,121,256,392,1925,0,0
time,8,adaptive,4096books_4near_2far,price_query,20000,177,611,13132,220220,0,0
time,8,adaptive,new_book_growth,index_insert,20000,239,3842,17434,374096,0,0
time,8,adaptive,new_book_growth,every64_subset,313,3842,17636,19616,25249,0,0
time,8,adaptive,cancel_rehang_4near,index_cancel,20000,64,97,133,35128,0,0
time,8,adaptive,cancel_rehang_4near,index_new,20000,111,167,261,17099,0,0
time,8,adaptive,cancel_rehang_4near,index_accepted,20000,85,123,222,24524,0,0
time,8,adaptive,cancel_rehang_4near,index_canceled,20000,69,125,192,15631,0,0
time,8,adaptive,prototype_rolling_4_2far,price_query,20000,50,65,144,5411,0,0
time,8,adaptive,prototype_rolling_4_2far,intent_to_command,20000,100,171,297,14447,0,0
time,8,adaptive,prototype_rolling_4_2far,intent_queued,20000,46,63,103,15458,0,0
time,8,adaptive,prototype_rolling_4_2far,replace_report,20000,107,210,411,25448,0,0
time,8,adaptive,prototype_rolling_4_2far,ready_to_command,20000,133,248,425,885726,0,0
time,8,adaptive,prototype_jump_4_2far,price_query,20000,53,71,96,13257,0,0
time,8,adaptive,prototype_jump_4_2far,intent_to_command,20000,118,173,233,22431,0,0
time,8,adaptive,prototype_jump_4_2far,intent_queued,20000,54,69,88,13151,0,0
time,8,adaptive,prototype_jump_4_2far,replace_report,20000,131,207,349,39144,0,0
time,8,adaptive,prototype_jump_4_2far,ready_to_command,20000,159,231,335,20699,0,0
time,8,adaptive,prototype_rolling_32_2far,price_query,20000,56,90,142,20600,0,0
time,8,adaptive,prototype_rolling_32_2far,intent_to_command,20000,101,177,292,75621,0,0
time,8,adaptive,prototype_rolling_32_2far,intent_queued,20000,46,65,91,12591,0,0
time,8,adaptive,prototype_rolling_32_2far,replace_report,20000,98,201,314,39668,0,0
time,8,adaptive,prototype_rolling_32_2far,ready_to_command,20000,118,247,345,124981,0,0
time,8,adaptive,prototype_jump_32_2far,price_query,20000,59,88,119,12796,0,0
time,8,adaptive,prototype_jump_32_2far,intent_to_command,20000,121,168,330,15140,0,0
time,8,adaptive,prototype_jump_32_2far,intent_queued,20000,49,62,77,11952,0,0
time,8,adaptive,prototype_jump_32_2far,replace_report,20000,117,191,285,282632,0,0
time,8,adaptive,prototype_jump_32_2far,ready_to_command,20000,141,227,340,29058,0,0
time,8,linear_prices,rolling_4,price_query,20000,48,61,74,3353,0,0
time,8,linear_prices,rolling_4,near_range8,20000,65,105,179,12810,0,0
time,8,linear_prices,rolling_4,index_submit,20000,93,134,200,16433,0,0
time,8,linear_prices,rolling_4,index_ack,20000,100,140,187,18785,0,0
time,8,linear_prices,rolling_4,cross_page_submit_subset,314,92,128,156,263,0,0
time,8,linear_prices,outliers_4,price_query,20000,42,57,73,29265,0,0
time,8,linear_prices,outliers_4,near_range8,20000,59,105,187,16124,0,0
time,8,linear_prices,outliers_4,index_submit,20000,76,158,318,34175,0,0
time,8,linear_prices,outliers_4,index_ack,20000,92,135,183,283992,0,0
time,8,linear_prices,outliers_4,cross_page_submit_subset,314,76,107,107,163,0,0
time,8,linear_prices,outliers_4,far_query,20000,41,57,81,12648,0,0
time,8,linear_prices,boundary_4,price_query,20000,48,62,74,3254,0,0
time,8,linear_prices,boundary_4,near_range8,20000,74,100,126,12521,0,0
time,8,linear_prices,boundary_4,index_submit,20000,94,120,151,13481,0,0
time,8,linear_prices,boundary_4,index_ack,20000,119,143,171,13982,0,0
time,8,linear_prices,boundary_4,cross_page_submit_subset,5000,92,116,146,13481,0,0
time,8,linear_prices,jump_4,price_query,20000,41,59,82,2762,0,0
time,8,linear_prices,jump_4,near_range8,20000,57,125,316,63111,0,0
time,8,linear_prices,jump_4,index_submit,20000,77,144,258,40580,0,0
time,8,linear_prices,jump_4,index_ack,20000,93,151,230,1143191,0,0
time,8,linear_prices,jump_4,cross_page_submit_subset,3746,86,153,240,309,0,0
time,8,linear_prices,jump_4,jump_submit_subset,2496,88,156,240,309,0,0
time,8,linear_prices,rolling_32,price_query,20000,52,79,104,3923,0,0
time,8,linear_prices,rolling_32,near_range8,20000,349,638,852,24648,0,0
time,8,linear_prices,rolling_32,index_submit,20000,96,165,234,40153,0,0
time,8,linear_prices,rolling_32,index_ack,20000,76,191,255,22034,0,0
time,8,linear_prices,rolling_32,cross_page_submit_subset,305,90,132,163,226,0,0
time,8,linear_prices,outliers_32,price_query,20000,54,89,112,32628,0,0
time,8,linear_prices,outliers_32,near_range8,20000,362,799,4617,46617702,0,0
time,8,linear_prices,outliers_32,index_submit,20000,101,248,419,20425,0,0
time,8,linear_prices,outliers_32,index_ack,20000,77,241,386,37640,0,0
time,8,linear_prices,outliers_32,cross_page_submit_subset,305,92,239,282,412,0,0
time,8,linear_prices,outliers_32,far_query,20000,58,88,153,4256,0,0
time,8,linear_prices,boundary_32,price_query,20000,50,81,108,704842,0,0
time,8,linear_prices,boundary_32,near_range8,20000,350,615,3714,36590,0,0
time,8,linear_prices,boundary_32,index_submit,20000,96,166,306,16152,0,0
time,8,linear_prices,boundary_32,index_ack,20000,108,206,336,94234,0,0
time,8,linear_prices,boundary_32,cross_page_submit_subset,625,104,155,188,209,0,0
time,8,linear_prices,jump_32,price_query,20000,56,93,129,3219,0,0
time,8,linear_prices,jump_32,near_range8,20000,351,788,3746,26873,0,0
time,8,linear_prices,jump_32,index_submit,20000,96,220,346,23730,0,0
time,8,linear_prices,jump_32,index_ack,20000,77,287,392,60345,0,0
time,8,linear_prices,jump_32,cross_page_submit_subset,2652,136,268,379,5564,0,0
time,8,linear_prices,jump_32,jump_submit_subset,2496,137,269,379,5564,0,0
time,8,linear_prices,rolling_128,price_query,20000,74,142,185,26506,0,0
time,8,linear_prices,rolling_128,near_range8,20000,1277,2140,17463,72998,0,0
time,8,linear_prices,rolling_128,index_submit,20000,122,270,441,67771,0,0
time,8,linear_prices,rolling_128,index_ack,20000,79,222,494,29988,0,0
time,8,linear_prices,rolling_128,cross_page_submit_subset,312,116,260,300,407,0,0
time,8,linear_prices,outliers_128,price_query,20000,72,140,205,29221,0,0
time,8,linear_prices,outliers_128,near_range8,20000,1295,2214,18595,55658,0,0
time,8,linear_prices,outliers_128,index_submit,20000,119,267,469,67690,0,0
time,8,linear_prices,outliers_128,index_ack,20000,78,202,484,20282,0,0
time,8,linear_prices,outliers_128,cross_page_submit_subset,312,114,215,269,278,0,0
time,8,linear_prices,outliers_128,far_query,20000,87,145,283,4388,0,0
time,8,linear_prices,boundary_128,price_query,20000,74,144,191,23445,0,0
time,8,linear_prices,boundary_128,near_range8,20000,1287,2037,16253,193792,0,0
time,8,linear_prices,boundary_128,index_submit,20000,118,232,343,32437,0,0
time,8,linear_prices,boundary_128,index_ack,20000,115,303,481,35768,0,0
time,8,linear_prices,boundary_128,cross_page_submit_subset,313,115,183,238,273,0,0
time,8,linear_prices,jump_128,price_query,20000,79,152,205,3948,0,0
time,8,linear_prices,jump_128,near_range8,20000,1290,2247,15555,54872,0,0
time,8,linear_prices,jump_128,index_submit,20000,122,343,532,13112,0,0
time,8,linear_prices,jump_128,index_ack,20000,79,575,757,18203,0,0
time,8,linear_prices,jump_128,cross_page_submit_subset,2704,262,397,657,12778,0,0
time,8,linear_prices,jump_128,jump_submit_subset,2432,266,407,657,12778,0,0
time,8,linear_prices,4096books_4near_2far,price_query,20000,139,436,965,29690,0,0
time,8,linear_prices,new_book_growth,index_insert,20000,211,2583,11958,670022,0,0
time,8,linear_prices,new_book_growth,every64_subset,313,2573,14920,25507,28424,0,0
time,8,linear_prices,cancel_rehang_4near,index_cancel,20000,85,123,207,27337,0,0
time,8,linear_prices,cancel_rehang_4near,index_new,20000,128,178,318,52878,0,0
time,8,linear_prices,cancel_rehang_4near,index_accepted,20000,118,190,368,729952,0,0
time,8,linear_prices,cancel_rehang_4near,index_canceled,20000,115,172,287,87733,0,0
time,8,linear_prices,prototype_rolling_4_2far,price_query,20000,66,89,153,27500,0,0
time,8,linear_prices,prototype_rolling_4_2far,intent_to_command,20000,141,203,358,24292,0,0
time,8,linear_prices,prototype_rolling_4_2far,intent_queued,20000,57,78,161,20832,0,0
time,8,linear_prices,prototype_rolling_4_2far,replace_report,20000,174,269,473,23886,0,0
time,8,linear_prices,prototype_rolling_4_2far,ready_to_command,20000,184,266,526,24715,0,0
time,8,linear_prices,prototype_jump_4_2far,price_query,20000,66,88,114,26942,0,0
time,8,linear_prices,prototype_jump_4_2far,intent_to_command,20000,141,193,281,32269,0,0
time,8,linear_prices,prototype_jump_4_2far,intent_queued,20000,58,75,153,32619,0,0
time,8,linear_prices,prototype_jump_4_2far,replace_report,20000,174,265,423,52165,0,0
time,8,linear_prices,prototype_jump_4_2far,ready_to_command,20000,183,243,324,20157,0,0
time,8,linear_prices,prototype_rolling_32_2far,price_query,20000,58,80,92,17369,0,0
time,8,linear_prices,prototype_rolling_32_2far,intent_to_command,20000,97,135,167,24113,0,0
time,8,linear_prices,prototype_rolling_32_2far,intent_queued,20000,46,50,64,11547,0,0
time,8,linear_prices,prototype_rolling_32_2far,replace_report,20000,95,218,249,14633,0,0
time,8,linear_prices,prototype_rolling_32_2far,ready_to_command,20000,118,177,231,30195,0,0
time,8,linear_prices,prototype_jump_32_2far,price_query,20000,60,91,114,11210,0,0
time,8,linear_prices,prototype_jump_32_2far,intent_to_command,20000,100,143,192,13158,0,0
time,8,linear_prices,prototype_jump_32_2far,intent_queued,20000,46,53,64,13727,0,0
time,8,linear_prices,prototype_jump_32_2far,replace_report,20000,95,230,284,20445,0,0
time,8,linear_prices,prototype_jump_32_2far,ready_to_command,20000,121,180,246,11745,0,0
time,8,sorted_deque_soa,rolling_4,price_query,20000,50,55,64,10161,0,0
time,8,sorted_deque_soa,rolling_4,near_range8,20000,53,57,66,13003,0,0
time,8,sorted_deque_soa,rolling_4,index_submit,20000,98,132,186,18464,0,0
time,8,sorted_deque_soa,rolling_4,index_ack,20000,94,121,147,17682,0,0
time,8,sorted_deque_soa,rolling_4,cross_page_submit_subset,314,98,134,145,303,0,0
time,8,sorted_deque_soa,outliers_4,price_query,20000,51,55,65,10835,0,0
time,8,sorted_deque_soa,outliers_4,near_range8,20000,53,57,68,11776,0,0
time,8,sorted_deque_soa,outliers_4,index_submit,20000,102,151,264,12003,0,0
time,8,sorted_deque_soa,outliers_4,index_ack,20000,97,122,168,11820,0,0
time,8,sorted_deque_soa,outliers_4,cross_page_submit_subset,314,102,132,149,163,0,0
time,8,sorted_deque_soa,outliers_4,far_query,20000,51,53,65,3478,0,0
time,8,sorted_deque_soa,boundary_4,price_query,20000,50,54,64,26540,0,0
time,8,sorted_deque_soa,boundary_4,near_range8,20000,53,56,66,54313,0,0
time,8,sorted_deque_soa,boundary_4,index_submit,20000,93,117,139,12620,0,0
time,8,sorted_deque_soa,boundary_4,index_ack,20000,117,124,159,17254,0,0
time,8,sorted_deque_soa,boundary_4,cross_page_submit_subset,5000,92,116,131,191,0,0
time,8,sorted_deque_soa,jump_4,price_query,20000,51,56,64,11302,0,0
time,8,sorted_deque_soa,jump_4,near_range8,20000,53,64,77,11809,0,0
time,8,sorted_deque_soa,jump_4,index_submit,20000,100,136,184,18088,0,0
time,8,sorted_deque_soa,jump_4,index_ack,20000,96,139,188,10785,0,0
time,8,sorted_deque_soa,jump_4,cross_page_submit_subset,3746,107,153,222,3265,0,0
time,8,sorted_deque_soa,jump_4,jump_submit_subset,2496,109,161,270,3265,0,0
time,8,sorted_deque_soa,rolling_32,price_query,20000,65,69,80,4057,0,0
time,8,sorted_deque_soa,rolling_32,near_range8,20000,73,83,104,13236,0,0
time,8,sorted_deque_soa,rolling_32,index_submit,20000,107,162,246,11058,0,0
time,8,sorted_deque_soa,rolling_32,index_ack,20000,75,137,164,29488,0,0
time,8,sorted_deque_soa,rolling_32,cross_page_submit_subset,305,106,156,181,208,0,0
time,8,sorted_deque_soa,outliers_32,price_query,20000,65,74,102,47069,0,0
time,8,sorted_deque_soa,outliers_32,near_range8,20000,73,96,129,14450,0,0
time,8,sorted_deque_soa,outliers_32,index_submit,20000,108,205,351,157182,0,0
time,8,sorted_deque_soa,outliers_32,index_ack,20000,75,144,221,13932,0,0
time,8,sorted_deque_soa,outliers_32,cross_page_submit_subset,305,107,217,264,275,0,0
time,8,sorted_deque_soa,outliers_32,far_query,20000,65,74,100,19691,0,0
time,8,sorted_deque_soa,boundary_32,price_query,20000,65,69,96,12013,0,0
time,8,sorted_deque_soa,boundary_32,near_range8,20000,73,90,138,33422,0,0
time,8,sorted_deque_soa,boundary_32,index_submit,20000,106,172,272,12605,0,0
time,8,sorted_deque_soa,boundary_32,index_ack,20000,146,173,258,14457,0,0
time,8,sorted_deque_soa,boundary_32,cross_page_submit_subset,625,114,150,197,203,0,0
time,8,sorted_deque_soa,jump_32,price_query,20000,65,82,91,12076,0,0
time,8,sorted_deque_soa,jump_32,near_range8,20000,73,101,115,11136,0,0
time,8,sorted_deque_soa,jump_32,index_submit,20000,107,212,270,19187,0,0
time,8,sorted_deque_soa,jump_32,index_ack,20000,75,207,266,14668,0,0
time,8,sorted_deque_soa,jump_32,cross_page_submit_subset,2652,175,245,551,12781,0,0
time,8,sorted_deque_soa,jump_32,jump_submit_subset,2496,177,245,551,12781,0,0
time,8,sorted_deque_soa,rolling_128,price_query,20000,50,83,105,11691,0,0
time,8,sorted_deque_soa,rolling_128,near_range8,20000,53,63,81,3586,0,0
time,8,sorted_deque_soa,rolling_128,index_submit,20000,116,150,206,18090,0,0
time,8,sorted_deque_soa,rolling_128,index_ack,20000,78,121,147,14597,0,0
time,8,sorted_deque_soa,rolling_128,cross_page_submit_subset,312,123,163,228,3669,0,0
time,8,sorted_deque_soa,outliers_128,price_query,20000,50,85,111,20919,0,0
time,8,sorted_deque_soa,outliers_128,near_range8,20000,56,78,113,59169,0,0
time,8,sorted_deque_soa,outliers_128,index_submit,20000,94,166,304,16892,0,0
time,8,sorted_deque_soa,outliers_128,index_ack,20000,78,125,186,12181,0,0
time,8,sorted_deque_soa,outliers_128,cross_page_submit_subset,312,105,172,191,213,0,0
time,8,sorted_deque_soa,outliers_128,far_query,20000,50,60,80,13134,0,0
time,8,sorted_deque_soa,boundary_128,price_query,20000,71,116,176,17013,0,0
time,8,sorted_deque_soa,boundary_128,near_range8,20000,54,104,169,117388,0,0
time,8,sorted_deque_soa,boundary_128,index_submit,20000,117,213,463,18513,0,0
time,8,sorted_deque_soa,boundary_128,index_ack,20000,122,259,553,1326065,0,0
time,8,sorted_deque_soa,boundary_128,cross_page_submit_subset,313,135,235,254,353,0,0
time,8,sorted_deque_soa,jump_128,price_query,20000,58,98,179,1978810,0,0
time,8,sorted_deque_soa,jump_128,near_range8,20000,54,111,183,26365,0,0
time,8,sorted_deque_soa,jump_128,index_submit,20000,118,256,2891,24110,0,0
time,8,sorted_deque_soa,jump_128,index_ack,20000,79,234,523,89130,0,0
time,8,sorted_deque_soa,jump_128,cross_page_submit_subset,2704,146,359,2891,16902,0,0
time,8,sorted_deque_soa,jump_128,jump_submit_subset,2432,158,367,2891,16902,0,0
time,8,sorted_deque_soa,4096books_4near_2far,price_query,20000,186,697,4245,59815,0,0
time,8,sorted_deque_soa,new_book_growth,index_insert,20000,243,3791,16207,345305,0,0
time,8,sorted_deque_soa,new_book_growth,every64_subset,313,3765,17378,24929,28753,0,0
time,8,sorted_deque_soa,cancel_rehang_4near,index_cancel,20000,64,98,187,39398,0,0
time,8,sorted_deque_soa,cancel_rehang_4near,index_new,20000,109,171,348,405746,0,0
time,8,sorted_deque_soa,cancel_rehang_4near,index_accepted,20000,90,198,419,63746,0,0
time,8,sorted_deque_soa,cancel_rehang_4near,index_canceled,20000,85,135,241,1709502,0,0
time,8,sorted_deque_soa,prototype_rolling_4_2far,price_query,20000,57,67,156,46099,0,0
time,8,sorted_deque_soa,prototype_rolling_4_2far,intent_to_command,20000,109,166,337,19271,0,0
time,8,sorted_deque_soa,prototype_rolling_4_2far,intent_queued,20000,46,60,200,659354,0,0
time,8,sorted_deque_soa,prototype_rolling_4_2far,replace_report,20000,122,214,434,87898,0,0
time,8,sorted_deque_soa,prototype_rolling_4_2far,ready_to_command,20000,134,236,419,30452,0,0
time,8,sorted_deque_soa,prototype_jump_4_2far,price_query,20000,56,71,97,4276,0,0
time,8,sorted_deque_soa,prototype_jump_4_2far,intent_to_command,20000,110,190,304,158607,0,0
time,8,sorted_deque_soa,prototype_jump_4_2far,intent_queued,20000,46,66,94,43001,0,0
time,8,sorted_deque_soa,prototype_jump_4_2far,replace_report,20000,122,267,524,97389,0,0
time,8,sorted_deque_soa,prototype_jump_4_2far,ready_to_command,20000,135,263,438,154718,0,0
time,8,sorted_deque_soa,prototype_rolling_32_2far,price_query,20000,69,91,210,455968,0,0
time,8,sorted_deque_soa,prototype_rolling_32_2far,intent_to_command,20000,121,187,367,29313,0,0
time,8,sorted_deque_soa,prototype_rolling_32_2far,intent_queued,20000,46,62,85,14582,0,0
time,8,sorted_deque_soa,prototype_rolling_32_2far,replace_report,20000,95,213,390,206291,0,0
time,8,sorted_deque_soa,prototype_rolling_32_2far,ready_to_command,20000,133,286,2473,27658,0,0
time,8,sorted_deque_soa,prototype_jump_32_2far,price_query,20000,69,89,158,46159,0,0
time,8,sorted_deque_soa,prototype_jump_32_2far,intent_to_command,20000,122,192,279,187376,0,0
time,8,sorted_deque_soa,prototype_jump_32_2far,intent_queued,20000,46,60,87,292818,0,0
time,8,sorted_deque_soa,prototype_jump_32_2far,replace_report,20000,95,225,407,106150,0,0
time,8,sorted_deque_soa,prototype_jump_32_2far,ready_to_command,20000,134,288,557,1351245,0,0
time,8,sorted_deque,rolling_4,price_query,20000,45,68,111,12476,0,0
time,8,sorted_deque,rolling_4,near_range8,20000,45,73,133,32191,0,0
time,8,sorted_deque,rolling_4,index_submit,20000,105,193,310,50582,0,0
time,8,sorted_deque,rolling_4,index_ack,20000,100,168,379,63999,0,0
time,8,sorted_deque,rolling_4,cross_page_submit_subset,314,103,186,247,267,0,0
time,8,sorted_deque,outliers_4,price_query,20000,43,57,77,39792,0,0
time,8,sorted_deque,outliers_4,near_range8,20000,43,67,91,4242,0,0
time,8,sorted_deque,outliers_4,index_submit,20000,87,185,360,146987,0,0
time,8,sorted_deque,outliers_4,index_ack,20000,90,147,235,31177,0,0
time,8,sorted_deque,outliers_4,cross_page_submit_subset,314,87,138,193,238,0,0
time,8,sorted_deque,outliers_4,far_query,20000,42,58,92,12550,0,0
time,8,sorted_deque,boundary_4,price_query,20000,43,55,76,223774,0,0
time,8,sorted_deque,boundary_4,near_range8,20000,44,58,82,19044,0,0
time,8,sorted_deque,boundary_4,index_submit,20000,87,120,178,57128,0,0
time,8,sorted_deque,boundary_4,index_ack,20000,103,128,185,23051,0,0
time,8,sorted_deque,boundary_4,cross_page_submit_subset,5000,86,113,152,57128,0,0
time,8,sorted_deque,jump_4,price_query,20000,43,55,78,154328,0,0
time,8,sorted_deque,jump_4,near_range8,20000,44,60,90,17385,0,0
time,8,sorted_deque,jump_4,index_submit,20000,88,150,206,18127,0,0
time,8,sorted_deque,jump_4,index_ack,20000,91,142,212,9621,0,0
time,8,sorted_deque,jump_4,cross_page_submit_subset,3746,98,170,240,619,0,0
time,8,sorted_deque,jump_4,jump_submit_subset,2496,104,178,252,619,0,0
time,8,sorted_deque,rolling_32,price_query,20000,48,63,106,12487,0,0
time,8,sorted_deque,rolling_32,near_range8,20000,56,77,93,23492,0,0
time,8,sorted_deque,rolling_32,index_submit,20000,91,141,203,14175,0,0
time,8,sorted_deque,rolling_32,index_ack,20000,75,123,181,32670,0,0
time,8,sorted_deque,rolling_32,cross_page_submit_subset,305,90,135,171,258,0,0
time,8,sorted_deque,outliers_32,price_query,20000,48,80,126,23819,0,0
time,8,sorted_deque,outliers_32,near_range8,20000,55,98,148,38488,0,0
time,8,sorted_deque,outliers_32,index_submit,20000,93,237,505,53806,0,0
time,8,sorted_deque,outliers_32,index_ack,20000,77,162,270,43559,0,0
time,8,sorted_deque,outliers_32,cross_page_submit_subset,305,92,265,294,380,0,0
time,8,sorted_deque,outliers_32,far_query,20000,48,66,102,7508,0,0
time,8,sorted_deque,boundary_32,price_query,20000,48,82,136,4378,0,0
time,8,sorted_deque,boundary_32,near_range8,20000,55,98,152,18248,0,0
time,8,sorted_deque,boundary_32,index_submit,20000,91,168,417,21555,0,0
time,8,sorted_deque,boundary_32,index_ack,20000,113,185,332,28854,0,0
time,8,sorted_deque,boundary_32,cross_page_submit_subset,625,107,160,201,273,0,0
time,8,sorted_deque,jump_32,price_query,20000,48,77,118,18300,0,0
time,8,sorted_deque,jump_32,near_range8,20000,55,81,115,16505,0,0
time,8,sorted_deque,jump_32,index_submit,20000,91,160,318,18486,0,0
time,8,sorted_deque,jump_32,index_ack,20000,76,160,300,32061,0,0
time,8,sorted_deque,jump_32,cross_page_submit_subset,2652,109,212,363,3036,0,0
time,8,sorted_deque,jump_32,jump_submit_subset,2496,110,214,363,3036,0,0
time,8,sorted_deque,rolling_128,price_query,20000,51,96,128,11481,0,0
time,8,sorted_deque,rolling_128,near_range8,20000,57,97,154,20400,0,0
time,8,sorted_deque,rolling_128,index_submit,20000,100,183,358,37194,0,0
time,8,sorted_deque,rolling_128,index_ack,20000,80,144,233,35670,0,0
time,8,sorted_deque,rolling_128,cross_page_submit_subset,312,104,211,441,1002,0,0
time,8,sorted_deque,outliers_128,price_query,20000,51,106,160,39087,0,0
time,8,sorted_deque,outliers_128,near_range8,20000,57,98,148,28882,0,0
time,8,sorted_deque,outliers_128,index_submit,20000,107,248,474,41377,0,0
time,8,sorted_deque,outliers_128,index_ack,20000,80,146,244,22218,0,0
time,8,sorted_deque,outliers_128,cross_page_submit_subset,312,112,248,309,315,0,0
time,8,sorted_deque,outliers_128,far_query,20000,49,68,99,22642,0,0
time,8,sorted_deque,boundary_128,price_query,20000,66,117,153,19911,0,0
time,8,sorted_deque,boundary_128,near_range8,20000,72,118,159,58512,0,0
time,8,sorted_deque,boundary_128,index_submit,20000,136,221,373,119921,0,0
time,8,sorted_deque,boundary_128,index_ack,20000,131,284,392,63360,0,0
time,8,sorted_deque,boundary_128,cross_page_submit_subset,313,160,228,236,248,0,0
time,8,sorted_deque,jump_128,price_query,20000,68,120,159,5852,0,0
time,8,sorted_deque,jump_128,near_range8,20000,84,129,171,32453,0,0
time,8,sorted_deque,jump_128,index_submit,20000,151,341,538,41497,0,0
time,8,sorted_deque,jump_128,index_ack,20000,113,314,462,42087,0,0
time,8,sorted_deque,jump_128,cross_page_submit_subset,2704,185,406,2055,6123,0,0
time,8,sorted_deque,jump_128,jump_submit_subset,2432,191,408,2055,6123,0,0
time,8,sorted_deque,4096books_4near_2far,price_query,20000,218,572,796,61289,0,0
time,8,sorted_deque,new_book_growth,index_insert,20000,328,5334,24812,1070450,0,0
time,8,sorted_deque,new_book_growth,every64_subset,313,5058,20722,32360,51194,0,0
time,8,sorted_deque,cancel_rehang_4near,index_cancel,20000,83,130,259,53440,0,0
time,8,sorted_deque,cancel_rehang_4near,index_new,20000,130,186,376,53883,0,0
time,8,sorted_deque,cancel_rehang_4near,index_accepted,20000,104,211,380,52985,0,0
time,8,sorted_deque,cancel_rehang_4near,index_canceled,20000,106,174,304,26900,0,0
time,8,sorted_deque,prototype_rolling_4_2far,price_query,20000,53,71,138,8213,0,0
time,8,sorted_deque,prototype_rolling_4_2far,intent_to_command,20000,137,193,305,38544,0,0
time,8,sorted_deque,prototype_rolling_4_2far,intent_queued,20000,54,71,195,35468,0,0
time,8,sorted_deque,prototype_rolling_4_2far,replace_report,20000,161,262,1022,33090,0,0
time,8,sorted_deque,prototype_rolling_4_2far,ready_to_command,20000,186,283,499,38691,0,0
time,8,sorted_deque,prototype_jump_4_2far,price_query,20000,47,59,87,29359,0,0
time,8,sorted_deque,prototype_jump_4_2far,intent_to_command,20000,104,159,222,19108,0,0
time,8,sorted_deque,prototype_jump_4_2far,intent_queued,20000,46,58,70,213,0,0
time,8,sorted_deque,prototype_jump_4_2far,replace_report,20000,125,196,316,17466,0,0
time,8,sorted_deque,prototype_jump_4_2far,ready_to_command,20000,128,210,329,16524,0,0
time,8,sorted_deque,prototype_rolling_32_2far,price_query,20000,52,68,104,3610,0,0
time,8,sorted_deque,prototype_rolling_32_2far,intent_to_command,20000,107,151,190,17118,0,0
time,8,sorted_deque,prototype_rolling_32_2far,intent_queued,20000,46,56,74,33969,0,0
time,8,sorted_deque,prototype_rolling_32_2far,replace_report,20000,95,161,235,21633,0,0
time,8,sorted_deque,prototype_rolling_32_2far,ready_to_command,20000,119,187,289,12233,0,0
time,8,sorted_deque,prototype_jump_32_2far,price_query,20000,53,71,104,15761,0,0
time,8,sorted_deque,prototype_jump_32_2far,intent_to_command,20000,107,142,181,13523,0,0
time,8,sorted_deque,prototype_jump_32_2far,intent_queued,20000,46,50,62,4003,0,0
time,8,sorted_deque,prototype_jump_32_2far,replace_report,20000,96,162,229,13944,0,0
time,8,sorted_deque,prototype_jump_32_2far,ready_to_command,20000,121,180,280,22840,0,0
time,9,sorted_deque,rolling_4,price_query,20000,43,59,91,14704,0,0
time,9,sorted_deque,rolling_4,near_range8,20000,44,65,92,12783,0,0
time,9,sorted_deque,rolling_4,index_submit,20000,87,163,257,18608,0,0
time,9,sorted_deque,rolling_4,index_ack,20000,91,143,208,14767,0,0
time,9,sorted_deque,rolling_4,cross_page_submit_subset,314,87,175,262,304,0,0
time,9,sorted_deque,outliers_4,price_query,20000,43,60,87,33712,0,0
time,9,sorted_deque,outliers_4,near_range8,20000,43,67,97,13075,0,0
time,9,sorted_deque,outliers_4,index_submit,20000,87,214,417,32830,0,0
time,9,sorted_deque,outliers_4,index_ack,20000,91,147,263,21605,0,0
time,9,sorted_deque,outliers_4,cross_page_submit_subset,314,87,159,202,229,0,0
time,9,sorted_deque,outliers_4,far_query,20000,42,64,90,19283,0,0
time,9,sorted_deque,boundary_4,price_query,20000,43,58,84,18444,0,0
time,9,sorted_deque,boundary_4,near_range8,20000,44,62,91,3816,0,0
time,9,sorted_deque,boundary_4,index_submit,20000,87,133,208,141552,0,0
time,9,sorted_deque,boundary_4,index_ack,20000,103,144,208,16060,0,0
time,9,sorted_deque,boundary_4,cross_page_submit_subset,5000,86,127,208,141552,0,0
time,9,sorted_deque,jump_4,price_query,20000,43,62,86,16753,0,0
time,9,sorted_deque,jump_4,near_range8,20000,44,66,91,17231,0,0
time,9,sorted_deque,jump_4,index_submit,20000,89,162,239,18758,0,0
time,9,sorted_deque,jump_4,index_ack,20000,92,154,220,18092,0,0
time,9,sorted_deque,jump_4,cross_page_submit_subset,3746,99,182,302,573,0,0
time,9,sorted_deque,jump_4,jump_submit_subset,2496,105,193,354,573,0,0
time,9,sorted_deque,rolling_32,price_query,20000,48,73,98,263,0,0
time,9,sorted_deque,rolling_32,near_range8,20000,56,86,110,20861,0,0
time,9,sorted_deque,rolling_32,index_submit,20000,91,143,213,13068,0,0
time,9,sorted_deque,rolling_32,index_ack,20000,76,129,173,12629,0,0
time,9,sorted_deque,rolling_32,cross_page_submit_subset,305,91,153,173,196,0,0
time,9,sorted_deque,outliers_32,price_query,20000,48,63,96,14300,0,0
time,9,sorted_deque,outliers_32,near_range8,20000,54,70,82,196,0,0
time,9,sorted_deque,outliers_32,index_submit,20000,91,150,289,20490,0,0
time,9,sorted_deque,outliers_32,index_ack,20000,75,125,160,36979,0,0
time,9,sorted_deque,outliers_32,cross_page_submit_subset,305,91,121,162,187,0,0
time,9,sorted_deque,outliers_32,far_query,20000,48,50,62,14326,0,0
time,9,sorted_deque,boundary_32,price_query,20000,48,79,108,27684,0,0
time,9,sorted_deque,boundary_32,near_range8,20000,55,90,129,3879,0,0
time,9,sorted_deque,boundary_32,index_submit,20000,91,159,268,27275,0,0
time,9,sorted_deque,boundary_32,index_ack,20000,113,176,293,58934,0,0
time,9,sorted_deque,boundary_32,cross_page_submit_subset,625,107,166,185,212,0,0
time,9,sorted_deque,jump_32,price_query,20000,48,77,104,3266,0,0
time,9,sorted_deque,jump_32,near_range8,20000,55,88,112,5158,0,0
time,9,sorted_deque,jump_32,index_submit,20000,91,168,262,26047,0,0
time,9,sorted_deque,jump_32,index_ack,20000,75,168,264,15888,0,0
time,9,sorted_deque,jump_32,cross_page_submit_subset,2652,111,215,361,19749,0,0
time,9,sorted_deque,jump_32,jump_submit_subset,2496,112,220,361,19749,0,0
time,9,sorted_deque,rolling_128,price_query,20000,50,88,115,25836,0,0
time,9,sorted_deque,rolling_128,near_range8,20000,57,88,116,20126,0,0
time,9,sorted_deque,rolling_128,index_submit,20000,97,156,256,19866,0,0
time,9,sorted_deque,rolling_128,index_ack,20000,78,125,164,12582,0,0
time,9,sorted_deque,rolling_128,cross_page_submit_subset,312,101,152,185,230,0,0
time,9,sorted_deque,outliers_128,price_query,20000,50,88,118,268,0,0
time,9,sorted_deque,outliers_128,near_range8,20000,56,87,119,11860,0,0
time,9,sorted_deque,outliers_128,index_submit,20000,98,194,360,58633,0,0
time,9,sorted_deque,outliers_128,index_ack,20000,79,124,168,65735,0,0
time,9,sorted_deque,outliers_128,cross_page_submit_subset,312,103,201,227,269,0,0
time,9,sorted_deque,outliers_128,far_query,20000,49,62,83,43154,0,0
time,9,sorted_deque,boundary_128,price_query,20000,57,97,126,4024,0,0
time,9,sorted_deque,boundary_128,near_range8,20000,57,97,122,19228,0,0
time,9,sorted_deque,boundary_128,index_submit,20000,112,183,293,26039,0,0
time,9,sorted_deque,boundary_128,index_ack,20000,120,214,328,19425,0,0
time,9,sorted_deque,boundary_128,cross_page_submit_subset,313,127,189,198,207,0,0
time,9,sorted_deque,jump_128,price_query,20000,51,93,124,4198,0,0
time,9,sorted_deque,jump_128,near_range8,20000,57,95,133,15990,0,0
time,9,sorted_deque,jump_128,index_submit,20000,102,227,320,25352,0,0
time,9,sorted_deque,jump_128,index_ack,20000,79,232,343,21182,0,0
time,9,sorted_deque,jump_128,cross_page_submit_subset,2704,124,276,407,17372,0,0
time,9,sorted_deque,jump_128,jump_submit_subset,2432,135,278,407,17372,0,0
time,9,sorted_deque,4096books_4near_2far,price_query,20000,121,425,652,17038,0,0
time,9,sorted_deque,new_book_growth,index_insert,20000,242,3802,14464,651502,0,0
time,9,sorted_deque,new_book_growth,every64_subset,313,3335,12367,16737,18462,0,0
time,9,sorted_deque,cancel_rehang_4near,index_cancel,20000,64,93,140,36147,0,0
time,9,sorted_deque,cancel_rehang_4near,index_new,20000,108,143,216,14972,0,0
time,9,sorted_deque,cancel_rehang_4near,index_accepted,20000,82,115,195,13904,0,0
time,9,sorted_deque,cancel_rehang_4near,index_canceled,20000,81,120,174,8060,0,0
time,9,sorted_deque,prototype_rolling_4_2far,price_query,20000,47,59,88,2963,0,0
time,9,sorted_deque,prototype_rolling_4_2far,intent_to_command,20000,104,159,232,23565,0,0
time,9,sorted_deque,prototype_rolling_4_2far,intent_queued,20000,46,60,86,3853,0,0
time,9,sorted_deque,prototype_rolling_4_2far,replace_report,20000,125,200,337,46774,0,0
time,9,sorted_deque,prototype_rolling_4_2far,ready_to_command,20000,128,224,354,32424,0,0
time,9,sorted_deque,prototype_jump_4_2far,price_query,20000,47,62,97,19711,0,0
time,9,sorted_deque,prototype_jump_4_2far,intent_to_command,20000,105,171,272,46666,0,0
time,9,sorted_deque,prototype_jump_4_2far,intent_queued,20000,46,62,97,17068,0,0
time,9,sorted_deque,prototype_jump_4_2far,replace_report,20000,126,214,403,22127,0,0
time,9,sorted_deque,prototype_jump_4_2far,ready_to_command,20000,128,233,372,44715,0,0
time,9,sorted_deque,prototype_rolling_32_2far,price_query,20000,53,79,119,63875,0,0
time,9,sorted_deque,prototype_rolling_32_2far,intent_to_command,20000,107,163,218,334828,0,0
time,9,sorted_deque,prototype_rolling_32_2far,intent_queued,20000,46,60,83,4926,0,0
time,9,sorted_deque,prototype_rolling_32_2far,replace_report,20000,95,176,302,342513,0,0
time,9,sorted_deque,prototype_rolling_32_2far,ready_to_command,20000,119,206,305,19165,0,0
time,9,sorted_deque,prototype_jump_32_2far,price_query,20000,53,88,121,12454,0,0
time,9,sorted_deque,prototype_jump_32_2far,intent_to_command,20000,107,169,270,12152,0,0
time,9,sorted_deque,prototype_jump_32_2far,intent_queued,20000,46,60,81,31713,0,0
time,9,sorted_deque,prototype_jump_32_2far,replace_report,20000,97,186,308,13452,0,0
time,9,sorted_deque,prototype_jump_32_2far,ready_to_command,20000,122,231,351,25966,0,0
time,9,pool_pages,rolling_4,price_query,20000,47,65,88,14650,0,0
time,9,pool_pages,rolling_4,near_range8,20000,55,89,126,34847,0,0
time,9,pool_pages,rolling_4,index_submit,20000,84,171,368,19039,0,0
time,9,pool_pages,rolling_4,index_ack,20000,88,159,336,24601,0,0
time,9,pool_pages,rolling_4,cross_page_submit_subset,314,95,368,423,433,0,0
time,9,pool_pages,rolling_4,page_creation_subset,78,274,423,423,433,0,0
time,9,pool_pages,outliers_4,price_query,20000,46,61,92,3954,0,0
time,9,pool_pages,outliers_4,near_range8,20000,55,81,117,27630,0,0
time,9,pool_pages,outliers_4,index_submit,20000,85,220,356,36059,0,0
time,9,pool_pages,outliers_4,index_ack,20000,88,157,239,111550,0,0
time,9,pool_pages,outliers_4,cross_page_submit_subset,314,94,328,356,378,0,0
time,9,pool_pages,outliers_4,page_creation_subset,78,272,356,356,378,0,0
time,9,pool_pages,outliers_4,far_query,20000,48,65,94,14726,0,0
time,9,pool_pages,boundary_4,price_query,20000,46,60,91,35922,0,0
time,9,pool_pages,boundary_4,near_range8,20000,58,90,130,139854,0,0
time,9,pool_pages,boundary_4,index_submit,20000,84,146,209,44725,0,0
time,9,pool_pages,boundary_4,index_ack,20000,111,191,323,35379,0,0
time,9,pool_pages,boundary_4,cross_page_submit_subset,5000,83,133,181,3280,0,0
time,9,pool_pages,jump_4,price_query,20000,46,62,92,3278,0,0
time,9,pool_pages,jump_4,near_range8,20000,55,87,124,20871,0,0
time,9,pool_pages,jump_4,index_submit,20000,90,202,316,25234,0,0
time,9,pool_pages,jump_4,index_ack,20000,89,184,319,65688,0,0
time,9,pool_pages,jump_4,cross_page_submit_subset,3746,94,261,337,371,0,0
time,9,pool_pages,jump_4,page_creation_subset,1248,176,305,342,371,0,0
time,9,pool_pages,jump_4,jump_submit_subset,2496,143,283,342,371,0,0
time,9,pool_pages,rolling_32,price_query,20000,46,56,84,42022,0,0
time,9,pool_pages,rolling_32,near_range8,20000,64,88,153,113290,0,0
time,9,pool_pages,rolling_32,index_submit,20000,83,134,315,17209,0,0
time,9,pool_pages,rolling_32,index_ack,20000,76,132,290,15274,0,0
time,9,pool_pages,rolling_32,cross_page_submit_subset,305,96,348,460,947,0,0
time,9,pool_pages,rolling_32,page_creation_subset,10,319,460,460,947,0,0
time,9,pool_pages,outliers_32,price_query,20000,46,59,98,481988,0,0
time,9,pool_pages,outliers_32,near_range8,20000,64,94,145,14744,0,0
time,9,pool_pages,outliers_32,index_submit,20000,84,187,378,31357,0,0
time,9,pool_pages,outliers_32,index_ack,20000,75,130,234,11818,0,0
time,9,pool_pages,outliers_32,cross_page_submit_subset,305,95,475,744,3753,0,0
time,9,pool_pages,outliers_32,page_creation_subset,10,448,559,559,744,0,0
time,9,pool_pages,outliers_32,far_query,20000,48,59,87,16805,0,0
time,9,pool_pages,boundary_32,price_query,20000,46,60,85,13949,0,0
time,9,pool_pages,boundary_32,near_range8,20000,67,98,154,12315,0,0
time,9,pool_pages,boundary_32,index_submit,20000,84,133,258,67329,0,0
time,9,pool_pages,boundary_32,index_ack,20000,115,166,346,18394,0,0
time,9,pool_pages,boundary_32,cross_page_submit_subset,625,84,133,160,161,0,0
time,9,pool_pages,jump_32,price_query,20000,46,58,84,3287,0,0
time,9,pool_pages,jump_32,near_range8,20000,64,85,133,12396,0,0
time,9,pool_pages,jump_32,index_submit,20000,84,165,283,15952,0,0
time,9,pool_pages,jump_32,index_ack,20000,76,152,257,13478,0,0
time,9,pool_pages,jump_32,cross_page_submit_subset,2652,95,235,336,2883,0,0
time,9,pool_pages,jump_32,page_creation_subset,156,196,336,342,2883,0,0
time,9,pool_pages,jump_32,jump_submit_subset,2496,95,238,336,2883,0,0
time,9,pool_pages,rolling_128,price_query,20000,46,53,77,19346,0,0
time,9,pool_pages,rolling_128,near_range8,20000,64,80,116,32904,0,0
time,9,pool_pages,rolling_128,index_submit,20000,84,125,210,4035,0,0
time,9,pool_pages,rolling_128,index_ack,20000,79,127,233,12725,0,0
time,9,pool_pages,rolling_128,cross_page_submit_subset,312,102,130,413,470,0,0
time,9,pool_pages,rolling_128,page_creation_subset,3,413,413,413,470,0,0
time,9,pool_pages,outliers_128,price_query,20000,46,65,92,4201,0,0
time,9,pool_pages,outliers_128,near_range8,20000,64,91,136,11453,0,0
time,9,pool_pages,outliers_128,index_submit,20000,85,155,311,61220,0,0
time,9,pool_pages,outliers_128,index_ack,20000,80,129,235,12167,0,0
time,9,pool_pages,outliers_128,cross_page_submit_subset,312,104,185,891,4830,0,0
time,9,pool_pages,outliers_128,page_creation_subset,3,449,449,449,891,0,0
time,9,pool_pages,outliers_128,far_query,20000,48,61,91,28643,0,0
time,9,pool_pages,boundary_128,price_query,20000,46,58,87,17454,0,0
time,9,pool_pages,boundary_128,near_range8,20000,67,98,198,4283,0,0
time,9,pool_pages,boundary_128,index_submit,20000,85,132,234,24557,0,0
time,9,pool_pages,boundary_128,index_ack,20000,116,164,295,16301,0,0
time,9,pool_pages,boundary_128,cross_page_submit_subset,313,86,155,229,12218,0,0
time,9,pool_pages,jump_128,price_query,20000,46,60,81,12336,0,0
time,9,pool_pages,jump_128,near_range8,20000,64,84,120,31095,0,0
time,9,pool_pages,jump_128,index_submit,20000,85,140,330,22969,0,0
time,9,pool_pages,jump_128,index_ack,20000,80,157,270,3851,0,0
time,9,pool_pages,jump_128,cross_page_submit_subset,2704,97,288,378,12349,0,0
time,9,pool_pages,jump_128,page_creation_subset,77,266,376,376,427,0,0
time,9,pool_pages,jump_128,jump_submit_subset,2432,97,271,376,1602,0,0
time,9,pool_pages,4096books_4near_2far,price_query,20000,296,949,1577,27970,0,0
time,9,pool_pages,new_book_growth,index_insert,20000,351,12075,43769,359306,0,0
time,9,pool_pages,new_book_growth,page_block_growth_subset,313,12471,74366,127277,196448,0,0
time,9,pool_pages,new_book_growth,every64_subset,313,12471,74366,127277,196448,0,0
time,9,pool_pages,cancel_rehang_4near,index_cancel,20000,64,101,222,14314,0,0
time,9,pool_pages,cancel_rehang_4near,index_new,20000,175,267,3079,82158,0,0
time,9,pool_pages,cancel_rehang_4near,index_accepted,20000,92,239,2952,169570,0,0
time,9,pool_pages,cancel_rehang_4near,index_canceled,20000,104,215,2829,18864,0,0
time,9,pool_pages,prototype_rolling_4_2far,price_query,20000,54,65,88,20411,0,0
time,9,pool_pages,prototype_rolling_4_2far,intent_to_command,20000,100,160,239,45094,0,0
time,9,pool_pages,prototype_rolling_4_2far,intent_queued,20000,46,59,80,3810,0,0
time,9,pool_pages,prototype_rolling_4_2far,replace_report,20000,109,216,382,20421,0,0
time,9,pool_pages,prototype_rolling_4_2far,ready_to_command,20000,120,293,447,284668,0,0
time,9,pool_pages,prototype_jump_4_2far,price_query,20000,54,67,100,14093,0,0
time,9,pool_pages,prototype_jump_4_2far,intent_to_command,20000,100,233,331,23942,0,0
time,9,pool_pages,prototype_jump_4_2far,intent_queued,20000,46,57,81,40560,0,0
time,9,pool_pages,prototype_jump_4_2far,replace_report,20000,109,228,373,4776,0,0
time,9,pool_pages,prototype_jump_4_2far,ready_to_command,20000,120,289,435,83819,0,0
time,9,pool_pages,prototype_rolling_32_2far,price_query,20000,54,68,94,3672,0,0
time,9,pool_pages,prototype_rolling_32_2far,intent_to_command,20000,100,151,192,20629,0,0
time,9,pool_pages,prototype_rolling_32_2far,intent_queued,20000,46,65,85,23785,0,0
time,9,pool_pages,prototype_rolling_32_2far,replace_report,20000,95,176,312,17563,0,0
time,9,pool_pages,prototype_rolling_32_2far,ready_to_command,20000,111,194,375,11391,0,0
time,9,pool_pages,prototype_jump_32_2far,price_query,20000,54,68,86,3312,0,0
time,9,pool_pages,prototype_jump_32_2far,intent_to_command,20000,100,138,347,14116,0,0
time,9,pool_pages,prototype_jump_32_2far,intent_queued,20000,46,64,73,12272,0,0
time,9,pool_pages,prototype_jump_32_2far,replace_report,20000,96,181,286,14156,0,0
time,9,pool_pages,prototype_jump_32_2far,ready_to_command,20000,112,167,336,67180,0,0
time,9,absl_btree,rolling_4,price_query,20000,43,56,81,3682,0,0
time,9,absl_btree,rolling_4,near_range8,20000,47,72,100,18357,0,0
time,9,absl_btree,rolling_4,index_submit,20000,85,136,192,32934,0,0
time,9,absl_btree,rolling_4,index_ack,20000,94,176,232,16077,0,0
time,9,absl_btree,rolling_4,cross_page_submit_subset,314,84,145,190,306,0,0
time,9,absl_btree,outliers_4,price_query,20000,43,58,80,4080,0,0
time,9,absl_btree,outliers_4,near_range8,20000,48,73,87,15214,0,0
time,9,absl_btree,outliers_4,index_submit,20000,84,187,342,21028,0,0
time,9,absl_btree,outliers_4,index_ack,20000,94,177,238,27801,0,0
time,9,absl_btree,outliers_4,cross_page_submit_subset,314,84,174,224,3698,0,0
time,9,absl_btree,outliers_4,far_query,20000,42,54,84,12068,0,0
time,9,absl_btree,boundary_4,price_query,20000,43,56,79,3384,0,0
time,9,absl_btree,boundary_4,near_range8,20000,48,74,104,24718,0,0
time,9,absl_btree,boundary_4,index_submit,20000,84,137,205,31948,0,0
time,9,absl_btree,boundary_4,index_ack,20000,120,190,279,17472,0,0
time,9,absl_btree,boundary_4,cross_page_submit_subset,5000,84,126,150,310,0,0
time,9,absl_btree,jump_4,price_query,20000,42,56,79,14097,0,0
time,9,absl_btree,jump_4,near_range8,20000,47,72,96,220,0,0
time,9,absl_btree,jump_4,index_submit,20000,85,138,206,4004,0,0
time,9,absl_btree,jump_4,index_ack,20000,95,190,257,11706,0,0
time,9,absl_btree,jump_4,cross_page_submit_subset,3746,106,160,283,3850,0,0
time,9,absl_btree,jump_4,jump_submit_subset,2496,108,167,253,2993,0,0
time,9,absl_btree,rolling_32,price_query,20000,46,73,98,33294,0,0
time,9,absl_btree,rolling_32,near_range8,20000,61,96,118,11975,0,0
time,9,absl_btree,rolling_32,index_submit,20000,89,176,273,13725,0,0
time,9,absl_btree,rolling_32,index_ack,20000,75,190,292,3664,0,0
time,9,absl_btree,rolling_32,cross_page_submit_subset,305,89,172,195,234,0,0
time,9,absl_btree,outliers_32,price_query,20000,46,87,157,27275,0,0
time,9,absl_btree,outliers_32,near_range8,20000,61,112,209,19075,0,0
time,9,absl_btree,outliers_32,index_submit,20000,93,262,534,54688,0,0
time,9,absl_btree,outliers_32,index_ack,20000,75,220,353,158693,0,0
time,9,absl_btree,outliers_32,cross_page_submit_subset,305,90,278,345,389,0,0
time,9,absl_btree,outliers_32,far_query,20000,50,77,150,25750,0,0
time,9,absl_btree,boundary_32,price_query,20000,46,75,108,24678,0,0
time,9,absl_btree,boundary_32,near_range8,20000,59,94,132,20915,0,0
time,9,absl_btree,boundary_32,index_submit,20000,88,183,304,15869,0,0
time,9,absl_btree,boundary_32,index_ack,20000,130,245,530,27550,0,0
time,9,absl_btree,boundary_32,cross_page_submit_subset,625,87,150,225,229,0,0
time,9,absl_btree,jump_32,price_query,20000,46,85,115,12837,0,0
time,9,absl_btree,jump_32,near_range8,20000,61,103,178,17851,0,0
time,9,absl_btree,jump_32,index_submit,20000,97,212,368,31958,0,0
time,9,absl_btree,jump_32,index_ack,20000,76,262,465,22221,0,0
time,9,absl_btree,jump_32,cross_page_submit_subset,2652,137,287,506,15850,0,0
time,9,absl_btree,jump_32,jump_submit_subset,2496,138,295,506,15850,0,0
time,9,absl_btree,rolling_128,price_query,20000,51,98,135,3091,0,0
time,9,absl_btree,rolling_128,near_range8,20000,63,120,163,16183,0,0
time,9,absl_btree,rolling_128,index_submit,20000,115,209,369,33842,0,0
time,9,absl_btree,rolling_128,index_ack,20000,79,192,423,19295,0,0
time,9,absl_btree,rolling_128,cross_page_submit_subset,312,115,262,393,4909,0,0
time,9,absl_btree,outliers_128,price_query,20000,52,93,120,4007,0,0
time,9,absl_btree,outliers_128,near_range8,20000,62,100,137,11666,0,0
time,9,absl_btree,outliers_128,index_submit,20000,113,228,403,15948,0,0
time,9,absl_btree,outliers_128,index_ack,20000,78,193,398,21818,0,0
time,9,absl_btree,outliers_128,cross_page_submit_subset,312,115,212,252,409,0,0
time,9,absl_btree,outliers_128,far_query,20000,54,78,109,59152,0,0
time,9,absl_btree,boundary_128,price_query,20000,50,85,212,25370,0,0
time,9,absl_btree,boundary_128,near_range8,20000,62,98,240,25030,0,0
time,9,absl_btree,boundary_128,index_submit,20000,104,175,314,99745,0,0
time,9,absl_btree,boundary_128,index_ack,20000,138,302,704,18443,0,0
time,9,absl_btree,boundary_128,cross_page_submit_subset,313,104,173,257,258,0,0
time,9,absl_btree,jump_128,price_query,20000,53,100,172,28594,0,0
time,9,absl_btree,jump_128,near_range8,20000,63,114,208,17247,0,0
time,9,absl_btree,jump_128,index_submit,20000,117,291,767,66066,0,0
time,9,absl_btree,jump_128,index_ack,20000,79,398,672,63126,0,0
time,9,absl_btree,jump_128,cross_page_submit_subset,2704,181,441,3301,66066,0,0
time,9,absl_btree,jump_128,jump_submit_subset,2432,184,454,3301,66066,0,0
time,9,absl_btree,4096books_4near_2far,price_query,20000,119,414,639,28968,0,0
time,9,absl_btree,new_book_growth,index_insert,20000,208,2359,6182,238418,0,0
time,9,absl_btree,new_book_growth,every64_subset,313,2486,6367,11005,17535,0,0
time,9,absl_btree,cancel_rehang_4near,index_cancel,20000,65,86,106,387,0,0
time,9,absl_btree,cancel_rehang_4near,index_new,20000,119,159,226,23992,0,0
time,9,absl_btree,cancel_rehang_4near,index_accepted,20000,87,115,165,54080,0,0
time,9,absl_btree,cancel_rehang_4near,index_canceled,20000,106,170,236,20352,0,0
time,9,absl_btree,prototype_rolling_4_2far,price_query,20000,47,58,80,11863,0,0
time,9,absl_btree,prototype_rolling_4_2far,intent_to_command,20000,101,152,207,12001,0,0
time,9,absl_btree,prototype_rolling_4_2far,intent_queued,20000,46,57,74,15374,0,0
time,9,absl_btree,prototype_rolling_4_2far,replace_report,20000,142,236,351,18125,0,0
time,9,absl_btree,prototype_rolling_4_2far,ready_to_command,20000,135,227,330,16657,0,0
time,9,absl_btree,prototype_jump_4_2far,price_query,20000,47,60,81,11826,0,0
time,9,absl_btree,prototype_jump_4_2far,intent_to_command,20000,101,152,184,18087,0,0
time,9,absl_btree,prototype_jump_4_2far,intent_queued,20000,46,60,73,33378,0,0
time,9,absl_btree,prototype_jump_4_2far,replace_report,20000,142,224,327,18624,0,0
time,9,absl_btree,prototype_jump_4_2far,ready_to_command,20000,135,195,311,32373,0,0
time,9,absl_btree,prototype_rolling_32_2far,price_query,20000,51,87,109,11444,0,0
time,9,absl_btree,prototype_rolling_32_2far,intent_to_command,20000,104,154,199,4584,0,0
time,9,absl_btree,prototype_rolling_32_2far,intent_queued,20000,46,64,83,16892,0,0
time,9,absl_btree,prototype_rolling_32_2far,replace_report,20000,96,267,408,21884,0,0
time,9,absl_btree,prototype_rolling_32_2far,ready_to_command,20000,115,238,353,11071,0,0
time,9,absl_btree,prototype_jump_32_2far,price_query,20000,52,96,134,12641,0,0
time,9,absl_btree,prototype_jump_32_2far,intent_to_command,20000,105,178,280,24672,0,0
time,9,absl_btree,prototype_jump_32_2far,intent_queued,20000,46,65,84,14037,0,0
time,9,absl_btree,prototype_jump_32_2far,replace_report,20000,97,300,464,153357,0,0
time,9,absl_btree,prototype_jump_32_2far,ready_to_command,20000,123,277,522,14424,0,0
time,9,adaptive,rolling_4,price_query,20000,44,57,81,4194,0,0
time,9,adaptive,rolling_4,near_range8,20000,48,70,103,25090,0,0
time,9,adaptive,rolling_4,index_submit,20000,81,152,238,16976,0,0
time,9,adaptive,rolling_4,index_ack,20000,82,137,188,12299,0,0
time,9,adaptive,rolling_4,cross_page_submit_subset,314,81,158,183,313,0,0
time,9,adaptive,outliers_4,price_query,20000,44,64,89,12007,0,0
time,9,adaptive,outliers_4,near_range8,20000,48,73,99,41954,0,0
time,9,adaptive,outliers_4,index_submit,20000,81,212,369,28764,0,0
time,9,adaptive,outliers_4,index_ack,20000,84,148,200,4359,0,0
time,9,adaptive,outliers_4,cross_page_submit_subset,314,81,160,181,204,0,0
time,9,adaptive,outliers_4,far_query,20000,45,65,91,18835,0,0
time,9,adaptive,boundary_4,price_query,20000,44,60,98,12696,0,0
time,9,adaptive,boundary_4,near_range8,20000,49,76,104,2855,0,0
time,9,adaptive,boundary_4,index_submit,20000,83,151,251,33268,0,0
time,9,adaptive,boundary_4,index_ack,20000,105,160,220,15599,0,0
time,9,adaptive,boundary_4,cross_page_submit_subset,5000,81,140,197,16664,0,0
time,9,adaptive,jump_4,price_query,20000,44,63,91,14577,0,0
time,9,adaptive,jump_4,near_range8,20000,48,74,109,33840,0,0
time,9,adaptive,jump_4,index_submit,20000,90,163,248,13640,0,0
time,9,adaptive,jump_4,index_ack,20000,89,152,229,19952,0,0
time,9,adaptive,jump_4,cross_page_submit_subset,3746,95,178,312,4116,0,0
time,9,adaptive,jump_4,jump_submit_subset,2496,100,182,320,4116,0,0
time,9,adaptive,rolling_32,price_query,20000,49,76,107,3599,0,0
time,9,adaptive,rolling_32,near_range8,20000,64,96,140,26202,0,0
time,9,adaptive,rolling_32,index_submit,20000,87,158,269,17795,0,0
time,9,adaptive,rolling_32,index_ack,20000,77,135,201,11734,0,0
time,9,adaptive,rolling_32,cross_page_submit_subset,305,87,160,221,231,0,0
time,9,adaptive,outliers_32,price_query,20000,49,73,100,16214,0,0
time,9,adaptive,outliers_32,near_range8,20000,63,91,128,5800,0,0
time,9,adaptive,outliers_32,index_submit,20000,85,186,351,24089,0,0
time,9,adaptive,outliers_32,index_ack,20000,77,130,194,14238,0,0
time,9,adaptive,outliers_32,cross_page_submit_subset,305,85,203,211,214,0,0
time,9,adaptive,outliers_32,far_query,20000,50,63,84,252,0,0
time,9,adaptive,boundary_32,price_query,20000,49,71,101,12187,0,0
time,9,adaptive,boundary_32,near_range8,20000,63,97,131,19140,0,0
time,9,adaptive,boundary_32,index_submit,20000,87,150,207,37909,0,0
time,9,adaptive,boundary_32,index_ack,20000,114,172,249,19449,0,0
time,9,adaptive,boundary_32,cross_page_submit_subset,625,108,154,177,177,0,0
time,9,adaptive,jump_32,price_query,20000,50,88,118,13174,0,0
time,9,adaptive,jump_32,near_range8,20000,65,112,204,23717,0,0
time,9,adaptive,jump_32,index_submit,20000,87,188,295,20521,0,0
time,9,adaptive,jump_32,index_ack,20000,77,194,465,257038,0,0
time,9,adaptive,jump_32,cross_page_submit_subset,2652,106,244,380,5227,0,0
time,9,adaptive,jump_32,jump_submit_subset,2496,107,245,380,5227,0,0
time,9,adaptive,rolling_128,price_query,20000,52,95,154,20689,0,0
time,9,adaptive,rolling_128,near_range8,20000,67,97,159,91240,0,0
time,9,adaptive,rolling_128,index_submit,20000,104,175,260,133547,0,0
time,9,adaptive,rolling_128,index_ack,20000,80,134,239,84693,0,0
time,9,adaptive,rolling_128,cross_page_submit_subset,312,113,192,198,203,0,0
time,9,adaptive,outliers_128,price_query,20000,52,104,230,62036,0,0
time,9,adaptive,outliers_128,near_range8,20000,66,112,165,73225,0,0
time,9,adaptive,outliers_128,index_submit,20000,106,230,4147,41752,0,0
time,9,adaptive,outliers_128,index_ack,20000,80,148,320,71120,0,0
time,9,adaptive,outliers_128,cross_page_submit_subset,312,114,220,255,357,0,0
time,9,adaptive,outliers_128,far_query,20000,53,86,114,35926,0,0
time,9,adaptive,boundary_128,price_query,20000,53,93,124,17183,0,0
time,9,adaptive,boundary_128,near_range8,20000,65,99,155,40934,0,0
time,9,adaptive,boundary_128,index_submit,20000,108,173,319,12176,0,0
time,9,adaptive,boundary_128,index_ack,20000,121,203,279,36176,0,0
time,9,adaptive,boundary_128,cross_page_submit_subset,313,122,177,198,250,0,0
time,9,adaptive,jump_128,price_query,20000,52,90,115,35324,0,0
time,9,adaptive,jump_128,near_range8,20000,67,95,133,11487,0,0
time,9,adaptive,jump_128,index_submit,20000,104,205,283,32828,0,0
time,9,adaptive,jump_128,index_ack,20000,79,219,312,14721,0,0
time,9,adaptive,jump_128,cross_page_submit_subset,2704,112,248,645,3593,0,0
time,9,adaptive,jump_128,jump_submit_subset,2432,115,251,645,3593,0,0
time,9,adaptive,4096books_4near_2far,price_query,20000,152,485,711,29946,0,0
time,9,adaptive,new_book_growth,index_insert,20000,229,3592,13600,325751,0,0
time,9,adaptive,new_book_growth,every64_subset,313,3618,28828,43289,46420,0,0
time,9,adaptive,cancel_rehang_4near,index_cancel,20000,64,96,131,23008,0,0
time,9,adaptive,cancel_rehang_4near,index_new,20000,111,163,278,16858,0,0
time,9,adaptive,cancel_rehang_4near,index_accepted,20000,85,119,212,15623,0,0
time,9,adaptive,cancel_rehang_4near,index_canceled,20000,69,121,185,16122,0,0
time,9,adaptive,prototype_rolling_4_2far,price_query,20000,49,53,65,11775,0,0
time,9,adaptive,prototype_rolling_4_2far,intent_to_command,20000,99,141,166,16356,0,0
time,9,adaptive,prototype_rolling_4_2far,intent_queued,20000,46,50,74,19243,0,0
time,9,adaptive,prototype_rolling_4_2far,replace_report,20000,105,152,251,17263,0,0
time,9,adaptive,prototype_rolling_4_2far,ready_to_command,20000,120,169,246,5925,0,0
time,9,adaptive,prototype_jump_4_2far,price_query,20000,49,63,87,15736,0,0
time,9,adaptive,prototype_jump_4_2far,intent_to_command,20000,99,169,259,60566,0,0
time,9,adaptive,prototype_jump_4_2far,intent_queued,20000,46,62,86,13622,0,0
time,9,adaptive,prototype_jump_4_2far,replace_report,20000,105,200,328,14589,0,0
time,9,adaptive,prototype_jump_4_2far,ready_to_command,20000,122,230,363,18568,0,0
time,9,adaptive,prototype_rolling_32_2far,price_query,20000,57,77,112,36068,0,0
time,9,adaptive,prototype_rolling_32_2far,intent_to_command,20000,102,156,223,33884,0,0
time,9,adaptive,prototype_rolling_32_2far,intent_queued,20000,46,65,83,21591,0,0
time,9,adaptive,prototype_rolling_32_2far,replace_report,20000,96,168,291,21876,0,0
time,9,adaptive,prototype_rolling_32_2far,ready_to_command,20000,113,201,303,16654,0,0
time,9,adaptive,prototype_jump_32_2far,price_query,20000,57,90,124,153746,0,0
time,9,adaptive,prototype_jump_32_2far,intent_to_command,20000,102,174,279,33160,0,0
time,9,adaptive,prototype_jump_32_2far,intent_queued,20000,46,67,86,17206,0,0
time,9,adaptive,prototype_jump_32_2far,replace_report,20000,101,189,293,27695,0,0
time,9,adaptive,prototype_jump_32_2far,ready_to_command,20000,120,234,330,19223,0,0
time,9,linear_prices,rolling_4,price_query,20000,41,51,73,23870,0,0
time,9,linear_prices,rolling_4,near_range8,20000,56,73,126,311,0,0
time,9,linear_prices,rolling_4,index_submit,20000,75,114,167,39016,0,0
time,9,linear_prices,rolling_4,index_ack,20000,90,115,158,4280,0,0
time,9,linear_prices,rolling_4,cross_page_submit_subset,314,75,109,149,258,0,0
time,9,linear_prices,outliers_4,price_query,20000,41,55,79,3843,0,0
time,9,linear_prices,outliers_4,near_range8,20000,59,98,236,15152,0,0
time,9,linear_prices,outliers_4,index_submit,20000,76,163,344,11219,0,0
time,9,linear_prices,outliers_4,index_ack,20000,90,133,213,39148,0,0
time,9,linear_prices,outliers_4,cross_page_submit_subset,314,75,131,155,194,0,0
time,9,linear_prices,outliers_4,far_query,20000,41,52,78,13522,0,0
time,9,linear_prices,boundary_4,price_query,20000,41,44,60,12840,0,0
time,9,linear_prices,boundary_4,near_range8,20000,64,68,102,3240,0,0
time,9,linear_prices,boundary_4,index_submit,20000,76,99,124,11986,0,0
time,9,linear_prices,boundary_4,index_ack,20000,101,120,156,21993,0,0
time,9,linear_prices,boundary_4,cross_page_submit_subset,5000,74,86,111,11986,0,0
time,9,linear_prices,jump_4,price_query,20000,41,53,87,25403,0,0
time,9,linear_prices,jump_4,near_range8,20000,56,96,231,30922,0,0
time,9,linear_prices,jump_4,index_submit,20000,76,121,241,124265,0,0
time,9,linear_prices,jump_4,index_ack,20000,92,135,188,14766,0,0
time,9,linear_prices,jump_4,cross_page_submit_subset,3746,86,136,377,124265,0,0
time,9,linear_prices,jump_4,jump_submit_subset,2496,87,142,336,13286,0,0
time,9,linear_prices,rolling_32,price_query,20000,52,80,128,23831,0,0
time,9,linear_prices,rolling_32,near_range8,20000,350,648,3916,38898,0,0
time,9,linear_prices,rolling_32,index_submit,20000,96,172,319,20935,0,0
time,9,linear_prices,rolling_32,index_ack,20000,76,195,308,21691,0,0
time,9,linear_prices,rolling_32,cross_page_submit_subset,305,90,162,220,229,0,0
time,9,linear_prices,outliers_32,price_query,20000,50,81,113,12789,0,0
time,9,linear_prices,outliers_32,near_range8,20000,358,638,3350,20707,0,0
time,9,linear_prices,outliers_32,index_submit,20000,96,201,435,23154,0,0
time,9,linear_prices,outliers_32,index_ack,20000,76,196,304,43361,0,0
time,9,linear_prices,outliers_32,cross_page_submit_subset,305,86,246,264,320,0,0
time,9,linear_prices,outliers_32,far_query,20000,58,73,107,4993,0,0
time,9,linear_prices,boundary_32,price_query,20000,48,74,114,35149,0,0
time,9,linear_prices,boundary_32,near_range8,20000,349,551,3328,105192,0,0
time,9,linear_prices,boundary_32,index_submit,20000,92,156,276,4922,0,0
time,9,linear_prices,boundary_32,index_ack,20000,108,193,290,28413,0,0
time,9,linear_prices,boundary_32,cross_page_submit_subset,625,101,154,208,4600,0,0
time,9,linear_prices,jump_32,price_query,20000,53,83,131,30596,0,0
time,9,linear_prices,jump_32,near_range8,20000,349,651,3592,25937,0,0
time,9,linear_prices,jump_32,index_submit,20000,92,173,288,19549,0,0
time,9,linear_prices,jump_32,index_ack,20000,75,256,329,18867,0,0
time,9,linear_prices,jump_32,cross_page_submit_subset,2652,131,222,324,3621,0,0
time,9,linear_prices,jump_32,jump_submit_subset,2496,132,230,324,3621,0,0
time,9,linear_prices,rolling_128,price_query,20000,72,141,192,14671,0,0
time,9,linear_prices,rolling_128,near_range8,20000,1276,2163,15917,293477,0,0
time,9,linear_prices,rolling_128,index_submit,20000,120,249,392,14227,0,0
time,9,linear_prices,rolling_128,index_ack,20000,78,259,498,342444,0,0
time,9,linear_prices,rolling_128,cross_page_submit_subset,312,114,197,225,243,0,0
time,9,linear_prices,outliers_128,price_query,20000,72,146,218,23432,0,0
time,9,linear_prices,outliers_128,near_range8,20000,1289,2396,25425,435720,0,0
time,9,linear_prices,outliers_128,index_submit,20000,120,289,1377,244465,0,0
time,9,linear_prices,outliers_128,index_ack,20000,78,221,515,54955,0,0
time,9,linear_prices,outliers_128,cross_page_submit_subset,312,115,298,440,13876,0,0
time,9,linear_prices,outliers_128,far_query,20000,87,144,327,12926,0,0
time,9,linear_prices,boundary_128,price_query,20000,73,141,194,26021,0,0
time,9,linear_prices,boundary_128,near_range8,20000,1287,2181,20062,947359,0,0
time,9,linear_prices,boundary_128,index_submit,20000,119,268,438,58971,0,0
time,9,linear_prices,boundary_128,index_ack,20000,116,314,494,171171,0,0
time,9,linear_prices,boundary_128,cross_page_submit_subset,313,116,246,279,682,0,0
time,9,linear_prices,jump_128,price_query,20000,79,152,198,18755,0,0
time,9,linear_prices,jump_128,near_range8,20000,1288,2095,13090,37167,0,0
time,9,linear_prices,jump_128,index_submit,20000,121,346,537,69957,0,0
time,9,linear_prices,jump_128,index_ack,20000,78,564,659,22485,0,0
time,9,linear_prices,jump_128,cross_page_submit_subset,2704,275,382,3490,22960,0,0
time,9,linear_prices,jump_128,jump_submit_subset,2432,281,382,1989,22960,0,0
time,9,linear_prices,4096books_4near_2far,price_query,20000,191,701,3804,1538626,0,0
time,9,linear_prices,new_book_growth,index_insert,20000,202,3166,10924,1545601,0,0
time,9,linear_prices,new_book_growth,every64_subset,313,3365,12594,24021,25878,0,0
time,9,linear_prices,cancel_rehang_4near,index_cancel,20000,64,89,111,483,0,0
time,9,linear_prices,cancel_rehang_4near,index_new,20000,107,134,234,19194,0,0
time,9,linear_prices,cancel_rehang_4near,index_accepted,20000,92,139,243,25755,0,0
time,9,linear_prices,cancel_rehang_4near,index_canceled,20000,90,123,209,11574,0,0
time,9,linear_prices,prototype_rolling_4_2far,price_query,20000,55,72,102,36741,0,0
time,9,linear_prices,prototype_rolling_4_2far,intent_to_command,20000,92,147,210,18604,0,0
time,9,linear_prices,prototype_rolling_4_2far,intent_queued,20000,46,60,77,11184,0,0
time,9,linear_prices,prototype_rolling_4_2far,replace_report,20000,124,192,305,16323,0,0
time,9,linear_prices,prototype_rolling_4_2far,ready_to_command,20000,113,192,283,4529,0,0
time,9,linear_prices,prototype_jump_4_2far,price_query,20000,54,74,95,15030,0,0
time,9,linear_prices,prototype_jump_4_2far,intent_to_command,20000,92,155,211,19677,0,0
time,9,linear_prices,prototype_jump_4_2far,intent_queued,20000,46,61,80,15013,0,0
time,9,linear_prices,prototype_jump_4_2far,replace_report,20000,124,201,320,20232,0,0
time,9,linear_prices,prototype_jump_4_2far,ready_to_command,20000,113,195,291,26074,0,0
time,9,linear_prices,prototype_rolling_32_2far,price_query,20000,59,90,125,3478,0,0
time,9,linear_prices,prototype_rolling_32_2far,intent_to_command,20000,100,179,310,44103,0,0
time,9,linear_prices,prototype_rolling_32_2far,intent_queued,20000,46,69,89,17081,0,0
time,9,linear_prices,prototype_rolling_32_2far,replace_report,20000,95,245,451,193233,0,0
time,9,linear_prices,prototype_rolling_32_2far,ready_to_command,20000,119,229,385,18593,0,0
time,9,linear_prices,prototype_jump_32_2far,price_query,20000,61,99,134,11463,0,0
time,9,linear_prices,prototype_jump_32_2far,intent_to_command,20000,102,179,285,141817,0,0
time,9,linear_prices,prototype_jump_32_2far,intent_queued,20000,46,65,85,34329,0,0
time,9,linear_prices,prototype_jump_32_2far,replace_report,20000,96,254,371,11683,0,0
time,9,linear_prices,prototype_jump_32_2far,ready_to_command,20000,122,232,320,182066,0,0
time,9,sorted_deque_soa,rolling_4,price_query,20000,50,62,85,15996,0,0
time,9,sorted_deque_soa,rolling_4,near_range8,20000,53,63,86,12520,0,0
time,9,sorted_deque_soa,rolling_4,index_submit,20000,99,148,232,32573,0,0
time,9,sorted_deque_soa,rolling_4,index_ack,20000,95,136,186,13404,0,0
time,9,sorted_deque_soa,rolling_4,cross_page_submit_subset,314,99,154,198,312,0,0
time,9,sorted_deque_soa,outliers_4,price_query,20000,52,60,73,16457,0,0
time,9,sorted_deque_soa,outliers_4,near_range8,20000,53,63,82,11231,0,0
time,9,sorted_deque_soa,outliers_4,index_submit,20000,102,194,337,14801,0,0
time,9,sorted_deque_soa,outliers_4,index_ack,20000,97,127,187,3493,0,0
time,9,sorted_deque_soa,outliers_4,cross_page_submit_subset,314,102,165,254,265,0,0
time,9,sorted_deque_soa,outliers_4,far_query,20000,51,57,72,14400,0,0
time,9,sorted_deque_soa,boundary_4,price_query,20000,51,67,100,35420,0,0
time,9,sorted_deque_soa,boundary_4,near_range8,20000,54,75,138,164773,0,0
time,9,sorted_deque_soa,boundary_4,index_submit,20000,99,168,282,36573,0,0
time,9,sorted_deque_soa,boundary_4,index_ack,20000,118,176,271,126504,0,0
time,9,sorted_deque_soa,boundary_4,cross_page_submit_subset,5000,92,154,346,36573,0,0
time,9,sorted_deque_soa,jump_4,price_query,20000,51,67,90,15283,0,0
time,9,sorted_deque_soa,jump_4,near_range8,20000,53,73,106,17574,0,0
time,9,sorted_deque_soa,jump_4,index_submit,20000,101,184,270,33322,0,0
time,9,sorted_deque_soa,jump_4,index_ack,20000,97,176,283,32036,0,0
time,9,sorted_deque_soa,jump_4,cross_page_submit_subset,3746,109,216,315,4277,0,0
time,9,sorted_deque_soa,jump_4,jump_submit_subset,2496,112,226,307,829,0,0
time,9,sorted_deque_soa,rolling_32,price_query,20000,65,74,99,19759,0,0
time,9,sorted_deque_soa,rolling_32,near_range8,20000,73,92,113,250195,0,0
time,9,sorted_deque_soa,rolling_32,index_submit,20000,107,167,249,34881,0,0
time,9,sorted_deque_soa,rolling_32,index_ack,20000,75,138,209,22337,0,0
time,9,sorted_deque_soa,rolling_32,cross_page_submit_subset,305,106,158,317,435,0,0
time,9,sorted_deque_soa,outliers_32,price_query,20000,65,78,112,20145,0,0
time,9,sorted_deque_soa,outliers_32,near_range8,20000,73,99,142,4563,0,0
time,9,sorted_deque_soa,outliers_32,index_submit,20000,108,212,354,26715,0,0
time,9,sorted_deque_soa,outliers_32,index_ack,20000,75,144,227,62406,0,0
time,9,sorted_deque_soa,outliers_32,cross_page_submit_subset,305,107,266,341,384,0,0
time,9,sorted_deque_soa,outliers_32,far_query,20000,65,78,115,13696,0,0
time,9,sorted_deque_soa,boundary_32,price_query,20000,65,76,107,11920,0,0
time,9,sorted_deque_soa,boundary_32,near_range8,20000,73,97,134,21988,0,0
time,9,sorted_deque_soa,boundary_32,index_submit,20000,106,173,255,16354,0,0
time,9,sorted_deque_soa,boundary_32,index_ack,20000,146,183,240,19690,0,0
time,9,sorted_deque_soa,boundary_32,cross_page_submit_subset,625,113,156,217,221,0,0
time,9,sorted_deque_soa,jump_32,price_query,20000,65,82,109,123022,0,0
time,9,sorted_deque_soa,jump_32,near_range8,20000,73,102,141,13062,0,0
time,9,sorted_deque_soa,jump_32,index_submit,20000,107,217,368,31223,0,0
time,9,sorted_deque_soa,jump_32,index_ack,20000,75,213,315,16107,0,0
time,9,sorted_deque_soa,jump_32,cross_page_submit_subset,2652,175,319,1264,31223,0,0
time,9,sorted_deque_soa,jump_32,jump_submit_subset,2496,177,326,1264,31223,0,0
time,9,sorted_deque_soa,rolling_128,price_query,20000,50,84,103,11591,0,0
time,9,sorted_deque_soa,rolling_128,near_range8,20000,53,63,80,3052,0,0
time,9,sorted_deque_soa,rolling_128,index_submit,20000,116,150,181,12325,0,0
time,9,sorted_deque_soa,rolling_128,index_ack,20000,78,122,152,13758,0,0
time,9,sorted_deque_soa,rolling_128,cross_page_submit_subset,312,122,164,249,258,0,0
time,9,sorted_deque_soa,outliers_128,price_query,20000,50,86,113,16839,0,0
time,9,sorted_deque_soa,outliers_128,near_range8,20000,56,85,118,4103,0,0
time,9,sorted_deque_soa,outliers_128,index_submit,20000,95,184,296,33924,0,0
time,9,sorted_deque_soa,outliers_128,index_ack,20000,78,129,197,16897,0,0
time,9,sorted_deque_soa,outliers_128,cross_page_submit_subset,312,107,196,204,207,0,0
time,9,sorted_deque_soa,outliers_128,far_query,20000,50,63,91,22458,0,0
time,9,sorted_deque_soa,boundary_128,price_query,20000,67,96,111,12839,0,0
time,9,sorted_deque_soa,boundary_128,near_range8,20000,54,67,84,16285,0,0
time,9,sorted_deque_soa,boundary_128,index_submit,20000,112,151,206,13960,0,0
time,9,sorted_deque_soa,boundary_128,index_ack,20000,119,182,226,29466,0,0
time,9,sorted_deque_soa,boundary_128,cross_page_submit_subset,313,126,161,327,13960,0,0
time,9,sorted_deque_soa,jump_128,price_query,20000,52,86,105,3362,0,0
time,9,sorted_deque_soa,jump_128,near_range8,20000,54,90,116,12544,0,0
time,9,sorted_deque_soa,jump_128,index_submit,20000,115,211,280,1666,0,0
time,9,sorted_deque_soa,jump_128,index_ack,20000,78,208,289,22394,0,0
time,9,sorted_deque_soa,jump_128,cross_page_submit_subset,2704,125,256,344,1666,0,0
time,9,sorted_deque_soa,jump_128,jump_submit_subset,2432,132,262,344,1666,0,0
time,9,sorted_deque_soa,4096books_4near_2far,price_query,20000,162,488,733,39894,0,0
time,9,sorted_deque_soa,new_book_growth,index_insert,20000,245,3770,12444,527674,0,0
time,9,sorted_deque_soa,new_book_growth,every64_subset,313,4001,15114,21970,30496,0,0
time,9,sorted_deque_soa,cancel_rehang_4near,index_cancel,20000,64,80,102,48677,0,0
time,9,sorted_deque_soa,cancel_rehang_4near,index_new,20000,109,135,173,12228,0,0
time,9,sorted_deque_soa,cancel_rehang_4near,index_accepted,20000,89,107,213,32775,0,0
time,9,sorted_deque_soa,cancel_rehang_4near,index_canceled,20000,84,100,167,22030,0,0
time,9,sorted_deque_soa,prototype_rolling_4_2far,price_query,20000,57,60,73,3914,0,0
time,9,sorted_deque_soa,prototype_rolling_4_2far,intent_to_command,20000,109,140,173,32036,0,0
time,9,sorted_deque_soa,prototype_rolling_4_2far,intent_queued,20000,46,54,74,3147,0,0
time,9,sorted_deque_soa,prototype_rolling_4_2far,replace_report,20000,121,178,289,21102,0,0
time,9,sorted_deque_soa,prototype_rolling_4_2far,ready_to_command,20000,137,187,277,15435,0,0
time,9,sorted_deque_soa,prototype_jump_4_2far,price_query,20000,56,67,97,3134,0,0
time,9,sorted_deque_soa,prototype_jump_4_2far,intent_to_command,20000,110,183,323,47526,0,0
time,9,sorted_deque_soa,prototype_jump_4_2far,intent_queued,20000,46,60,86,31863,0,0
time,9,sorted_deque_soa,prototype_jump_4_2far,replace_report,20000,121,221,420,14638,0,0
time,9,sorted_deque_soa,prototype_jump_4_2far,ready_to_command,20000,137,235,455,892124,0,0
time,9,sorted_deque_soa,prototype_rolling_32_2far,price_query,20000,69,106,132,39603,0,0
time,9,sorted_deque_soa,prototype_rolling_32_2far,intent_to_command,20000,121,201,3272,63777,0,0
time,9,sorted_deque_soa,prototype_rolling_32_2far,intent_queued,20000,46,74,90,20039,0,0
time,9,sorted_deque_soa,prototype_rolling_32_2far,replace_report,20000,95,235,412,26595,0,0
time,9,sorted_deque_soa,prototype_rolling_32_2far,ready_to_command,20000,132,287,465,48978,0,0
time,9,sorted_deque_soa,prototype_jump_32_2far,price_query,20000,69,90,121,17036,0,0
time,9,sorted_deque_soa,prototype_jump_32_2far,intent_to_command,20000,121,196,295,27520,0,0
time,9,sorted_deque_soa,prototype_jump_32_2far,intent_queued,20000,46,66,89,18354,0,0
time,9,sorted_deque_soa,prototype_jump_32_2far,replace_report,20000,96,230,388,26741,0,0
time,9,sorted_deque_soa,prototype_jump_32_2far,ready_to_command,20000,134,291,460,31376,0,0
time,10,sorted_deque_soa,rolling_4,price_query,20000,52,64,90,13122,0,0
time,10,sorted_deque_soa,rolling_4,near_range8,20000,53,67,95,47800,0,0
time,10,sorted_deque_soa,rolling_4,index_submit,20000,100,184,287,23200,0,0
time,10,sorted_deque_soa,rolling_4,index_ack,20000,96,150,199,3025952,0,0
time,10,sorted_deque_soa,rolling_4,cross_page_submit_subset,314,101,186,199,243,0,0
time,10,sorted_deque_soa,outliers_4,price_query,20000,52,68,92,19577,0,0
time,10,sorted_deque_soa,outliers_4,near_range8,20000,54,78,161,127871,0,0
time,10,sorted_deque_soa,outliers_4,index_submit,20000,103,228,387,26510,0,0
time,10,sorted_deque_soa,outliers_4,index_ack,20000,99,170,261,51783,0,0
time,10,sorted_deque_soa,outliers_4,cross_page_submit_subset,314,103,181,219,228,0,0
time,10,sorted_deque_soa,outliers_4,far_query,20000,51,68,147,33921,0,0
time,10,sorted_deque_soa,boundary_4,price_query,20000,50,67,93,3492,0,0
time,10,sorted_deque_soa,boundary_4,near_range8,20000,53,75,106,15868,0,0
time,10,sorted_deque_soa,boundary_4,index_submit,20000,95,168,278,21549,0,0
time,10,sorted_deque_soa,boundary_4,index_ack,20000,118,176,311,26307,0,0
time,10,sorted_deque_soa,boundary_4,cross_page_submit_subset,5000,92,150,255,16286,0,0
time,10,sorted_deque_soa,jump_4,price_query,20000,51,63,87,10808,0,0
time,10,sorted_deque_soa,jump_4,near_range8,20000,53,67,106,20984,0,0
time,10,sorted_deque_soa,jump_4,index_submit,20000,100,164,299,18958,0,0
time,10,sorted_deque_soa,jump_4,index_ack,20000,97,156,233,27133,0,0
time,10,sorted_deque_soa,jump_4,cross_page_submit_subset,3746,107,192,335,5227,0,0
time,10,sorted_deque_soa,jump_4,jump_submit_subset,2496,110,211,379,5227,0,0
time,10,sorted_deque_soa,rolling_32,price_query,20000,66,87,147,16683,0,0
time,10,sorted_deque_soa,rolling_32,near_range8,20000,73,107,175,21894,0,0
time,10,sorted_deque_soa,rolling_32,index_submit,20000,108,204,286,18403,0,0
time,10,sorted_deque_soa,rolling_32,index_ack,20000,76,172,229,19871,0,0
time,10,sorted_deque_soa,rolling_32,cross_page_submit_subset,305,107,179,258,268,0,0
time,10,sorted_deque_soa,outliers_32,price_query,20000,66,85,157,118608,0,0
time,10,sorted_deque_soa,outliers_32,near_range8,20000,73,107,180,16943,0,0
time,10,sorted_deque_soa,outliers_32,index_submit,20000,108,242,410,18481,0,0
time,10,sorted_deque_soa,outliers_32,index_ack,20000,76,151,243,406776,0,0
time,10,sorted_deque_soa,outliers_32,cross_page_submit_subset,305,107,259,302,408,0,0
time,10,sorted_deque_soa,outliers_32,far_query,20000,65,84,135,64989,0,0
time,10,sorted_deque_soa,boundary_32,price_query,20000,66,97,155,106226,0,0
time,10,sorted_deque_soa,boundary_32,near_range8,20000,73,119,201,28518,0,0
time,10,sorted_deque_soa,boundary_32,index_submit,20000,108,222,326,36801,0,0
time,10,sorted_deque_soa,boundary_32,index_ack,20000,146,229,339,103597,0,0
time,10,sorted_deque_soa,boundary_32,cross_page_submit_subset,625,128,194,271,316,0,0
time,10,sorted_deque_soa,jump_32,price_query,20000,66,86,150,17449,0,0
time,10,sorted_deque_soa,jump_32,near_range8,20000,73,106,226,134215,0,0
time,10,sorted_deque_soa,jump_32,index_submit,20000,107,235,317,15929,0,0
time,10,sorted_deque_soa,jump_32,index_ack,20000,76,222,315,23503,0,0
time,10,sorted_deque_soa,jump_32,cross_page_submit_subset,2652,181,290,1121,15702,0,0
time,10,sorted_deque_soa,jump_32,jump_submit_subset,2496,183,292,1121,15702,0,0
time,10,sorted_deque_soa,rolling_128,price_query,20000,56,97,158,23252,0,0
time,10,sorted_deque_soa,rolling_128,near_range8,20000,55,93,191,17502,0,0
time,10,sorted_deque_soa,rolling_128,index_submit,20000,130,213,358,69813,0,0
time,10,sorted_deque_soa,rolling_128,index_ack,20000,87,162,261,21658,0,0
time,10,sorted_deque_soa,rolling_128,cross_page_submit_subset,312,138,235,295,313,0,0
time,10,sorted_deque_soa,outliers_128,price_query,20000,65,116,152,9068,0,0
time,10,sorted_deque_soa,outliers_128,near_range8,20000,77,107,161,55705,0,0
time,10,sorted_deque_soa,outliers_128,index_submit,20000,144,326,579,9253,0,0
time,10,sorted_deque_soa,outliers_128,index_ack,20000,111,196,282,60918,0,0
time,10,sorted_deque_soa,outliers_128,cross_page_submit_subset,312,147,272,340,385,0,0
time,10,sorted_deque_soa,outliers_128,far_query,20000,61,81,123,4744,0,0
time,10,sorted_deque_soa,boundary_128,price_query,20000,89,136,165,410,0,0
time,10,sorted_deque_soa,boundary_128,near_range8,20000,77,111,149,27896,0,0
time,10,sorted_deque_soa,boundary_128,index_submit,20000,163,256,433,58295,0,0
time,10,sorted_deque_soa,boundary_128,index_ack,20000,159,288,415,62513,0,0
time,10,sorted_deque_soa,boundary_128,cross_page_submit_subset,313,191,253,260,388,0,0
time,10,sorted_deque_soa,jump_128,price_query,20000,77,123,161,43072,0,0
time,10,sorted_deque_soa,jump_128,near_range8,20000,76,135,181,55438,0,0
time,10,sorted_deque_soa,jump_128,index_submit,20000,166,368,650,31895,0,0
time,10,sorted_deque_soa,jump_128,index_ack,20000,115,315,581,29349,0,0
time,10,sorted_deque_soa,jump_128,cross_page_submit_subset,2704,192,454,4435,31895,0,0
time,10,sorted_deque_soa,jump_128,jump_submit_subset,2432,202,462,4435,31895,0,0
time,10,sorted_deque_soa,4096books_4near_2far,price_query,20000,259,742,4427,39178,0,0
time,10,sorted_deque_soa,new_book_growth,index_insert,20000,391,6008,30991,1107087,0,0
time,10,sorted_deque_soa,new_book_growth,every64_subset,313,6069,26166,46878,59425,0,0
time,10,sorted_deque_soa,cancel_rehang_4near,index_cancel,20000,88,120,175,27161,0,0
time,10,sorted_deque_soa,cancel_rehang_4near,index_new,20000,153,211,451,65598,0,0
time,10,sorted_deque_soa,cancel_rehang_4near,index_accepted,20000,118,221,434,38678,0,0
time,10,sorted_deque_soa,cancel_rehang_4near,index_canceled,20000,121,169,350,80967,0,0
time,10,sorted_deque_soa,prototype_rolling_4_2far,price_query,20000,57,79,100,3932,0,0
time,10,sorted_deque_soa,prototype_rolling_4_2far,intent_to_command,20000,112,179,288,30281,0,0
time,10,sorted_deque_soa,prototype_rolling_4_2far,intent_queued,20000,46,66,93,12235,0,0
time,10,sorted_deque_soa,prototype_rolling_4_2far,replace_report,20000,122,234,408,55565,0,0
time,10,sorted_deque_soa,prototype_rolling_4_2far,ready_to_command,20000,138,262,390,176272,0,0
time,10,sorted_deque_soa,prototype_jump_4_2far,price_query,20000,56,61,71,228,0,0
time,10,sorted_deque_soa,prototype_jump_4_2far,intent_to_command,20000,110,177,332,30374,0,0
time,10,sorted_deque_soa,prototype_jump_4_2far,intent_queued,20000,46,58,75,14100,0,0
time,10,sorted_deque_soa,prototype_jump_4_2far,replace_report,20000,121,200,446,27465,0,0
time,10,sorted_deque_soa,prototype_jump_4_2far,ready_to_command,20000,137,190,340,12563,0,0
time,10,sorted_deque_soa,prototype_rolling_32_2far,price_query,20000,69,87,163,35673,0,0
time,10,sorted_deque_soa,prototype_rolling_32_2far,intent_to_command,20000,121,183,298,19879,0,0
time,10,sorted_deque_soa,prototype_rolling_32_2far,intent_queued,20000,46,66,92,33139,0,0
time,10,sorted_deque_soa,prototype_rolling_32_2far,replace_report,20000,95,198,351,22774,0,0
time,10,sorted_deque_soa,prototype_rolling_32_2far,ready_to_command,20000,133,259,426,23652,0,0
time,10,sorted_deque_soa,prototype_jump_32_2far,price_query,20000,69,75,110,17142,0,0
time,10,sorted_deque_soa,prototype_jump_32_2far,intent_to_command,20000,121,170,261,12045,0,0
time,10,sorted_deque_soa,prototype_jump_32_2far,intent_queued,20000,46,65,75,238,0,0
time,10,sorted_deque_soa,prototype_jump_32_2far,replace_report,20000,95,194,313,42835,0,0
time,10,sorted_deque_soa,prototype_jump_32_2far,ready_to_command,20000,133,225,392,17119,0,0
time,10,sorted_deque,rolling_4,price_query,20000,43,58,84,20637,0,0
time,10,sorted_deque,rolling_4,near_range8,20000,44,62,92,11465,0,0
time,10,sorted_deque,rolling_4,index_submit,20000,87,154,209,13346,0,0
time,10,sorted_deque,rolling_4,index_ack,20000,90,135,204,18171,0,0
time,10,sorted_deque,rolling_4,cross_page_submit_subset,314,87,149,188,275,0,0
time,10,sorted_deque,outliers_4,price_query,20000,43,58,87,12884,0,0
time,10,sorted_deque,outliers_4,near_range8,20000,43,64,95,13786,0,0
time,10,sorted_deque,outliers_4,index_submit,20000,87,196,374,30367,0,0
time,10,sorted_deque,outliers_4,index_ack,20000,90,130,194,3330,0,0
time,10,sorted_deque,outliers_4,cross_page_submit_subset,314,87,135,184,237,0,0
time,10,sorted_deque,outliers_4,far_query,20000,42,56,73,3563,0,0
time,10,sorted_deque,boundary_4,price_query,20000,43,58,85,2780,0,0
time,10,sorted_deque,boundary_4,near_range8,20000,44,62,89,20243,0,0
time,10,sorted_deque,boundary_4,index_submit,20000,87,133,230,19760,0,0
time,10,sorted_deque,boundary_4,index_ack,20000,103,145,266,37160,0,0
time,10,sorted_deque,boundary_4,cross_page_submit_subset,5000,86,123,252,14992,0,0
time,10,sorted_deque,jump_4,price_query,20000,43,58,85,3520,0,0
time,10,sorted_deque,jump_4,near_range8,20000,44,59,82,12631,0,0
time,10,sorted_deque,jump_4,index_submit,20000,88,143,244,17894,0,0
time,10,sorted_deque,jump_4,index_ack,20000,91,135,225,14683,0,0
time,10,sorted_deque,jump_4,cross_page_submit_subset,3746,99,165,278,390,0,0
time,10,sorted_deque,jump_4,jump_submit_subset,2496,104,176,278,390,0,0
time,10,sorted_deque,rolling_32,price_query,20000,48,86,112,17668,0,0
time,10,sorted_deque,rolling_32,near_range8,20000,56,120,161,16271,0,0
time,10,sorted_deque,rolling_32,index_submit,20000,92,179,294,17813,0,0
time,10,sorted_deque,rolling_32,index_ack,20000,76,164,205,29195,0,0
time,10,sorted_deque,rolling_32,cross_page_submit_subset,305,92,165,173,192,0,0
time,10,sorted_deque,outliers_32,price_query,20000,48,92,125,6050,0,0
time,10,sorted_deque,outliers_32,near_range8,20000,54,116,158,15573,0,0
time,10,sorted_deque,outliers_32,index_submit,20000,92,256,457,16202,0,0
time,10,sorted_deque,outliers_32,index_ack,20000,77,168,216,18420,0,0
time,10,sorted_deque,outliers_32,cross_page_submit_subset,305,91,267,367,428,0,0
time,10,sorted_deque,outliers_32,far_query,20000,49,81,106,12645,0,0
time,10,sorted_deque,boundary_32,price_query,20000,48,63,100,11565,0,0
time,10,sorted_deque,boundary_32,near_range8,20000,55,73,103,12382,0,0
time,10,sorted_deque,boundary_32,index_submit,20000,91,142,272,25345,0,0
time,10,sorted_deque,boundary_32,index_ack,20000,113,153,235,24356,0,0
time,10,sorted_deque,boundary_32,cross_page_submit_subset,625,106,144,190,204,0,0
time,10,sorted_deque,jump_32,price_query,20000,48,68,99,18860,0,0
time,10,sorted_deque,jump_32,near_range8,20000,56,79,110,3262,0,0
time,10,sorted_deque,jump_32,index_submit,20000,91,150,245,13292,0,0
time,10,sorted_deque,jump_32,index_ack,20000,75,157,234,13275,0,0
time,10,sorted_deque,jump_32,cross_page_submit_subset,2652,109,210,318,4012,0,0
time,10,sorted_deque,jump_32,jump_submit_subset,2496,110,212,318,4012,0,0
time,10,sorted_deque,rolling_128,price_query,20000,50,86,116,11568,0,0
time,10,sorted_deque,rolling_128,near_range8,20000,57,69,95,19832,0,0
time,10,sorted_deque,rolling_128,index_submit,20000,96,152,277,17662,0,0
time,10,sorted_deque,rolling_128,index_ack,20000,78,120,173,4757,0,0
time,10,sorted_deque,rolling_128,cross_page_submit_subset,312,100,148,176,197,0,0
time,10,sorted_deque,outliers_128,price_query,20000,50,88,111,18717,0,0
time,10,sorted_deque,outliers_128,near_range8,20000,56,78,100,11879,0,0
time,10,sorted_deque,outliers_128,index_submit,20000,97,172,286,4215,0,0
time,10,sorted_deque,outliers_128,index_ack,20000,78,121,204,15006,0,0
time,10,sorted_deque,outliers_128,cross_page_submit_subset,312,100,188,206,272,0,0
time,10,sorted_deque,outliers_128,far_query,20000,49,58,74,36384,0,0
time,10,sorted_deque,boundary_128,price_query,20000,52,83,131,20230,0,0
time,10,sorted_deque,boundary_128,near_range8,20000,57,79,107,11467,0,0
time,10,sorted_deque,boundary_128,index_submit,20000,109,159,254,20123,0,0
time,10,sorted_deque,boundary_128,index_ack,20000,120,189,262,19380,0,0
time,10,sorted_deque,boundary_128,cross_page_submit_subset,313,121,196,214,220,0,0
time,10,sorted_deque,jump_128,price_query,20000,53,105,150,21139,0,0
time,10,sorted_deque,jump_128,near_range8,20000,58,111,147,20916,0,0
time,10,sorted_deque,jump_128,index_submit,20000,110,273,458,23920,0,0
time,10,sorted_deque,jump_128,index_ack,20000,81,273,390,40491,0,0
time,10,sorted_deque,jump_128,cross_page_submit_subset,2704,157,357,963,6142,0,0
time,10,sorted_deque,jump_128,jump_submit_subset,2432,161,363,963,6142,0,0
time,10,sorted_deque,4096books_4near_2far,price_query,20000,212,565,803,57134,0,0
time,10,sorted_deque,new_book_growth,index_insert,20000,274,3993,14713,897539,0,0
time,10,sorted_deque,new_book_growth,every64_subset,313,4116,16926,33702,47220,0,0
time,10,sorted_deque,cancel_rehang_4near,index_cancel,20000,64,80,115,8750,0,0
time,10,sorted_deque,cancel_rehang_4near,index_new,20000,108,135,236,12468,0,0
time,10,sorted_deque,cancel_rehang_4near,index_accepted,20000,82,103,188,13991,0,0
time,10,sorted_deque,cancel_rehang_4near,index_canceled,20000,81,101,142,126131,0,0
time,10,sorted_deque,prototype_rolling_4_2far,price_query,20000,47,57,81,11853,0,0
time,10,sorted_deque,prototype_rolling_4_2far,intent_to_command,20000,104,148,212,21077,0,0
time,10,sorted_deque,prototype_rolling_4_2far,intent_queued,20000,46,59,76,15328,0,0
time,10,sorted_deque,prototype_rolling_4_2far,replace_report,20000,124,186,311,58262,0,0
time,10,sorted_deque,prototype_rolling_4_2far,ready_to_command,20000,128,208,376,27366,0,0
time,10,sorted_deque,prototype_jump_4_2far,price_query,20000,47,59,72,16408,0,0
time,10,sorted_deque,prototype_jump_4_2far,intent_to_command,20000,104,159,276,19540,0,0
time,10,sorted_deque,prototype_jump_4_2far,intent_queued,20000,46,60,76,11151,0,0
time,10,sorted_deque,prototype_jump_4_2far,replace_report,20000,124,188,350,18790,0,0
time,10,sorted_deque,prototype_jump_4_2far,ready_to_command,20000,128,182,388,22296,0,0
time,10,sorted_deque,prototype_rolling_32_2far,price_query,20000,53,77,130,14058,0,0
time,10,sorted_deque,prototype_rolling_32_2far,intent_to_command,20000,107,161,237,17094,0,0
time,10,sorted_deque,prototype_rolling_32_2far,intent_queued,20000,46,65,85,19269,0,0
time,10,sorted_deque,prototype_rolling_32_2far,replace_report,20000,95,168,291,33762,0,0
time,10,sorted_deque,prototype_rolling_32_2far,ready_to_command,20000,119,201,288,12590,0,0
time,10,sorted_deque,prototype_jump_32_2far,price_query,20000,53,73,104,17581,0,0
time,10,sorted_deque,prototype_jump_32_2far,intent_to_command,20000,107,152,229,12370,0,0
time,10,sorted_deque,prototype_jump_32_2far,intent_queued,20000,46,64,73,18774,0,0
time,10,sorted_deque,prototype_jump_32_2far,replace_report,20000,96,172,258,21865,0,0
time,10,sorted_deque,prototype_jump_32_2far,ready_to_command,20000,121,194,296,13142,0,0
time,10,pool_pages,rolling_4,price_query,20000,47,57,73,19260,0,0
time,10,pool_pages,rolling_4,near_range8,20000,54,68,108,14810,0,0
time,10,pool_pages,rolling_4,index_submit,20000,84,135,289,3494,0,0
time,10,pool_pages,rolling_4,index_ack,20000,87,128,184,15057,0,0
time,10,pool_pages,rolling_4,cross_page_submit_subset,314,87,329,404,413,0,0
time,10,pool_pages,rolling_4,page_creation_subset,78,260,404,404,413,0,0
time,10,pool_pages,outliers_4,price_query,20000,46,58,80,229,0,0
time,10,pool_pages,outliers_4,near_range8,20000,55,75,102,19487,0,0
time,10,pool_pages,outliers_4,index_submit,20000,84,208,348,16818,0,0
time,10,pool_pages,outliers_4,index_ack,20000,87,145,243,13190,0,0
time,10,pool_pages,outliers_4,cross_page_submit_subset,314,92,325,372,387,0,0
time,10,pool_pages,outliers_4,page_creation_subset,78,274,372,372,387,0,0
time,10,pool_pages,outliers_4,far_query,20000,48,59,76,6333,0,0
time,10,pool_pages,boundary_4,price_query,20000,46,53,65,275,0,0
time,10,pool_pages,boundary_4,near_range8,20000,58,70,99,12451,0,0
time,10,pool_pages,boundary_4,index_submit,20000,84,120,185,14842,0,0
time,10,pool_pages,boundary_4,index_ack,20000,110,144,229,18840,0,0
time,10,pool_pages,boundary_4,cross_page_submit_subset,5000,83,103,140,11966,0,0
time,10,pool_pages,jump_4,price_query,20000,46,59,85,11869,0,0
time,10,pool_pages,jump_4,near_range8,20000,55,76,114,18682,0,0
time,10,pool_pages,jump_4,index_submit,20000,90,201,257,13558,0,0
time,10,pool_pages,jump_4,index_ack,20000,89,176,292,39642,0,0
time,10,pool_pages,jump_4,cross_page_submit_subset,3746,94,233,302,4441,0,0
time,10,pool_pages,jump_4,page_creation_subset,1248,176,253,309,4441,0,0
time,10,pool_pages,jump_4,jump_submit_subset,2496,142,243,302,4441,0,0
time,10,pool_pages,rolling_32,price_query,20000,46,58,80,21808,0,0
time,10,pool_pages,rolling_32,near_range8,20000,64,87,121,20934,0,0
time,10,pool_pages,rolling_32,index_submit,20000,83,135,257,4962,0,0
time,10,pool_pages,rolling_32,index_ack,20000,76,128,220,14504,0,0
time,10,pool_pages,rolling_32,cross_page_submit_subset,305,96,332,394,434,0,0
time,10,pool_pages,rolling_32,page_creation_subset,10,328,394,394,434,0,0
time,10,pool_pages,outliers_32,price_query,20000,46,55,78,5521,0,0
time,10,pool_pages,outliers_32,near_range8,20000,64,83,145,13683,0,0
time,10,pool_pages,outliers_32,index_submit,20000,84,147,391,33380,0,0
time,10,pool_pages,outliers_32,index_ack,20000,75,127,255,20678,0,0
time,10,pool_pages,outliers_32,cross_page_submit_subset,305,96,428,451,496,0,0
time,10,pool_pages,outliers_32,page_creation_subset,10,401,451,451,496,0,0
time,10,pool_pages,outliers_32,far_query,20000,48,59,88,14406,0,0
time,10,pool_pages,boundary_32,price_query,20000,46,60,80,3934,0,0
time,10,pool_pages,boundary_32,near_range8,20000,67,99,130,22999,0,0
time,10,pool_pages,boundary_32,index_submit,20000,83,133,203,4635,0,0
time,10,pool_pages,boundary_32,index_ack,20000,115,160,248,34719,0,0
time,10,pool_pages,boundary_32,cross_page_submit_subset,625,83,142,332,4159,0,0
time,10,pool_pages,jump_32,price_query,20000,46,60,87,19836,0,0
time,10,pool_pages,jump_32,near_range8,20000,64,90,130,23316,0,0
time,10,pool_pages,jump_32,index_submit,20000,84,165,266,3409,0,0
time,10,pool_pages,jump_32,index_ack,20000,76,155,270,5261,0,0
time,10,pool_pages,jump_32,cross_page_submit_subset,2652,95,234,296,325,0,0
time,10,pool_pages,jump_32,page_creation_subset,156,199,298,309,325,0,0
time,10,pool_pages,jump_32,jump_submit_subset,2496,95,237,296,325,0,0
time,10,pool_pages,rolling_128,price_query,20000,46,53,72,11654,0,0
time,10,pool_pages,rolling_128,near_range8,20000,64,82,115,20828,0,0
time,10,pool_pages,rolling_128,index_submit,20000,84,121,185,6630,0,0
time,10,pool_pages,rolling_128,index_ack,20000,79,123,187,18015,0,0
time,10,pool_pages,rolling_128,cross_page_submit_subset,312,103,136,349,362,0,0
time,10,pool_pages,rolling_128,page_creation_subset,3,349,349,349,362,0,0
time,10,pool_pages,outliers_128,price_query,20000,46,60,81,6169,0,0
time,10,pool_pages,outliers_128,near_range8,20000,64,91,135,3177,0,0
time,10,pool_pages,outliers_128,index_submit,20000,85,162,386,20229,0,0
time,10,pool_pages,outliers_128,index_ack,20000,79,128,248,172281,0,0
time,10,pool_pages,outliers_128,cross_page_submit_subset,312,103,210,476,743,0,0
time,10,pool_pages,outliers_128,page_creation_subset,3,476,476,476,743,0,0
time,10,pool_pages,outliers_128,far_query,20000,48,60,90,34662,0,0
time,10,pool_pages,boundary_128,price_query,20000,46,59,78,25421,0,0
time,10,pool_pages,boundary_128,near_range8,20000,67,90,127,3124,0,0
time,10,pool_pages,boundary_128,index_submit,20000,85,125,170,14997,0,0
time,10,pool_pages,boundary_128,index_ack,20000,116,154,247,34378,0,0
time,10,pool_pages,boundary_128,cross_page_submit_subset,313,87,121,235,258,0,0
time,10,pool_pages,jump_128,price_query,20000,46,60,88,20018,0,0
time,10,pool_pages,jump_128,near_range8,20000,64,90,134,13406,0,0
time,10,pool_pages,jump_128,index_submit,20000,85,144,318,14326,0,0
time,10,pool_pages,jump_128,index_ack,20000,80,156,260,17532,0,0
time,10,pool_pages,jump_128,cross_page_submit_subset,2704,97,300,398,1404,0,0
time,10,pool_pages,jump_128,page_creation_subset,77,278,413,413,450,0,0
time,10,pool_pages,jump_128,jump_submit_subset,2432,97,278,398,1404,0,0
time,10,pool_pages,4096books_4near_2far,price_query,20000,266,894,3362,26290,0,0
time,10,pool_pages,new_book_growth,index_insert,20000,340,11494,41772,386635,0,0
time,10,pool_pages,new_book_growth,page_block_growth_subset,313,12060,61339,74222,255577,0,0
time,10,pool_pages,new_book_growth,every64_subset,313,12060,61339,74222,255577,0,0
time,10,pool_pages,cancel_rehang_4near,index_cancel,20000,64,94,123,35667,0,0
time,10,pool_pages,cancel_rehang_4near,index_new,20000,175,235,385,24484,0,0
time,10,pool_pages,cancel_rehang_4near,index_accepted,20000,92,140,314,20035,0,0
time,10,pool_pages,cancel_rehang_4near,index_canceled,20000,105,204,325,13117,0,0
time,10,pool_pages,prototype_rolling_4_2far,price_query,20000,53,60,68,22351,0,0
time,10,pool_pages,prototype_rolling_4_2far,intent_to_command,20000,102,143,284,12154,0,0
time,10,pool_pages,prototype_rolling_4_2far,intent_queued,20000,46,57,76,13150,0,0
time,10,pool_pages,prototype_rolling_4_2far,replace_report,20000,114,215,367,73178,0,0
time,10,pool_pages,prototype_rolling_4_2far,ready_to_command,20000,126,307,416,13418,0,0
time,10,pool_pages,prototype_jump_4_2far,price_query,20000,54,82,173,31676,0,0
time,10,pool_pages,prototype_jump_4_2far,intent_to_command,20000,107,258,407,23569,0,0
time,10,pool_pages,prototype_jump_4_2far,intent_queued,20000,46,72,99,17653,0,0
time,10,pool_pages,prototype_jump_4_2far,replace_report,20000,124,278,461,27565,0,0
time,10,pool_pages,prototype_jump_4_2far,ready_to_command,20000,130,309,502,55484,0,0
time,10,pool_pages,prototype_rolling_32_2far,price_query,20000,54,67,96,5928,0,0
time,10,pool_pages,prototype_rolling_32_2far,intent_to_command,20000,100,145,240,19823,0,0
time,10,pool_pages,prototype_rolling_32_2far,intent_queued,20000,46,65,131,56202,0,0
time,10,pool_pages,prototype_rolling_32_2far,replace_report,20000,96,181,363,44073,0,0
time,10,pool_pages,prototype_rolling_32_2far,ready_to_command,20000,112,194,408,44771,0,0
time,10,pool_pages,prototype_jump_32_2far,price_query,20000,54,68,93,25079,0,0
time,10,pool_pages,prototype_jump_32_2far,intent_to_command,20000,100,147,353,16871,0,0
time,10,pool_pages,prototype_jump_32_2far,intent_queued,20000,46,64,75,13453,0,0
time,10,pool_pages,prototype_jump_32_2far,replace_report,20000,97,199,501,18844,0,0
time,10,pool_pages,prototype_jump_32_2far,ready_to_command,20000,114,185,367,12222,0,0
time,10,absl_btree,rolling_4,price_query,20000,43,63,106,96826,0,0
time,10,absl_btree,rolling_4,near_range8,20000,47,81,197,29634,0,0
time,10,absl_btree,rolling_4,index_submit,20000,86,177,871,569871,0,0
time,10,absl_btree,rolling_4,index_ack,20000,96,205,368,148054,0,0
time,10,absl_btree,rolling_4,cross_page_submit_subset,314,86,165,184,317,0,0
time,10,absl_btree,outliers_4,price_query,20000,42,59,87,3061,0,0
time,10,absl_btree,outliers_4,near_range8,20000,48,68,104,17589,0,0
time,10,absl_btree,outliers_4,index_submit,20000,85,198,325,22626,0,0
time,10,absl_btree,outliers_4,index_ack,20000,94,159,259,20447,0,0
time,10,absl_btree,outliers_4,cross_page_submit_subset,314,85,137,224,272,0,0
time,10,absl_btree,outliers_4,far_query,20000,42,50,85,3107,0,0
time,10,absl_btree,boundary_4,price_query,20000,42,59,84,13919,0,0
time,10,absl_btree,boundary_4,near_range8,20000,48,67,86,221,0,0
time,10,absl_btree,boundary_4,index_submit,20000,85,122,206,17606,0,0
time,10,absl_btree,boundary_4,index_ack,20000,119,166,250,104045,0,0
time,10,absl_btree,boundary_4,cross_page_submit_subset,5000,84,110,332,17606,0,0
time,10,absl_btree,jump_4,price_query,20000,42,58,66,12804,0,0
time,10,absl_btree,jump_4,near_range8,20000,47,67,92,47813,0,0
time,10,absl_btree,jump_4,index_submit,20000,85,133,179,17616,0,0
time,10,absl_btree,jump_4,index_ack,20000,96,174,234,11604,0,0
time,10,absl_btree,jump_4,cross_page_submit_subset,3746,105,138,204,221,0,0
time,10,absl_btree,jump_4,jump_submit_subset,2496,108,146,179,221,0,0
time,10,absl_btree,rolling_32,price_query,20000,46,76,104,39069,0,0
time,10,absl_btree,rolling_32,near_range8,20000,61,91,115,12710,0,0
time,10,absl_btree,rolling_32,index_submit,20000,90,183,279,22249,0,0
time,10,absl_btree,rolling_32,index_ack,20000,75,180,277,20453,0,0
time,10,absl_btree,rolling_32,cross_page_submit_subset,305,89,167,202,205,0,0
time,10,absl_btree,outliers_32,price_query,20000,46,76,110,15009,0,0
time,10,absl_btree,outliers_32,near_range8,20000,61,95,129,63997,0,0
time,10,absl_btree,outliers_32,index_submit,20000,90,206,398,115020,0,0
time,10,absl_btree,outliers_32,index_ack,20000,76,186,281,62907,0,0
time,10,absl_btree,outliers_32,cross_page_submit_subset,305,88,178,265,266,0,0
time,10,absl_btree,outliers_32,far_query,20000,49,68,91,37224,0,0
time,10,absl_btree,boundary_32,price_query,20000,46,66,99,14822,0,0
time,10,absl_btree,boundary_32,near_range8,20000,59,86,113,17559,0,0
time,10,absl_btree,boundary_32,index_submit,20000,88,187,284,49581,0,0
time,10,absl_btree,boundary_32,index_ack,20000,130,224,323,11471,0,0
time,10,absl_btree,boundary_32,cross_page_submit_subset,625,100,139,260,271,0,0
time,10,absl_btree,jump_32,price_query,20000,46,76,98,4339,0,0
time,10,absl_btree,jump_32,near_range8,20000,61,88,120,6348,0,0
time,10,absl_btree,jump_32,index_submit,20000,96,199,285,22338,0,0
time,10,absl_btree,jump_32,index_ack,20000,75,249,364,51086,0,0
time,10,absl_btree,jump_32,cross_page_submit_subset,2652,137,251,313,545,0,0
time,10,absl_btree,jump_32,jump_submit_subset,2496,139,252,313,545,0,0
time,10,absl_btree,rolling_128,price_query,20000,51,89,112,17880,0,0
time,10,absl_btree,rolling_128,near_range8,20000,63,95,121,4024,0,0
time,10,absl_btree,rolling_128,index_submit,20000,113,151,320,13129,0,0
time,10,absl_btree,rolling_128,index_ack,20000,78,173,354,19379,0,0
time,10,absl_btree,rolling_128,cross_page_submit_subset,312,121,173,293,327,0,0
time,10,absl_btree,outliers_128,price_query,20000,52,91,118,17320,0,0
time,10,absl_btree,outliers_128,near_range8,20000,62,94,124,3883,0,0
time,10,absl_btree,outliers_128,index_submit,20000,113,186,345,37785,0,0
time,10,absl_btree,outliers_128,index_ack,20000,78,186,323,11509,0,0
time,10,absl_btree,outliers_128,cross_page_submit_subset,312,120,226,251,387,0,0
time,10,absl_btree,outliers_128,far_query,20000,54,75,105,316,0,0
time,10,absl_btree,boundary_128,price_query,20000,50,82,110,12691,0,0
time,10,absl_btree,boundary_128,near_range8,20000,62,82,111,153198,0,0
time,10,absl_btree,boundary_128,index_submit,20000,103,158,251,56301,0,0
time,10,absl_btree,boundary_128,index_ack,20000,137,280,467,32081,0,0
time,10,absl_btree,boundary_128,cross_page_submit_subset,313,109,155,207,251,0,0
time,10,absl_btree,jump_128,price_query,20000,52,95,120,67164,0,0
time,10,absl_btree,jump_128,near_range8,20000,63,100,155,22883,0,0
time,10,absl_btree,jump_128,index_submit,20000,115,253,476,19713,0,0
time,10,absl_btree,jump_128,index_ack,20000,78,350,534,26965,0,0
time,10,absl_btree,jump_128,cross_page_submit_subset,2704,175,368,547,3564,0,0
time,10,absl_btree,jump_128,jump_submit_subset,2432,177,372,547,3564,0,0
time,10,absl_btree,4096books_4near_2far,price_query,20000,117,401,608,59194,0,0
time,10,absl_btree,new_book_growth,index_insert,20000,220,2565,7595,698876,0,0
time,10,absl_btree,new_book_growth,every64_subset,313,2624,6831,11939,59206,0,0
time,10,absl_btree,cancel_rehang_4near,index_cancel,20000,65,97,128,2057202,0,0
time,10,absl_btree,cancel_rehang_4near,index_new,20000,118,176,352,291193,0,0
time,10,absl_btree,cancel_rehang_4near,index_accepted,20000,87,196,380,745039,0,0
time,10,absl_btree,cancel_rehang_4near,index_canceled,20000,107,192,374,90089,0,0
time,10,absl_btree,prototype_rolling_4_2far,price_query,20000,47,62,104,25477,0,0
time,10,absl_btree,prototype_rolling_4_2far,intent_to_command,20000,104,174,284,29826,0,0
time,10,absl_btree,prototype_rolling_4_2far,intent_queued,20000,46,63,89,16969,0,0
time,10,absl_btree,prototype_rolling_4_2far,replace_report,20000,152,283,583,77994,0,0
time,10,absl_btree,prototype_rolling_4_2far,ready_to_command,20000,136,258,402,31536,0,0
time,10,absl_btree,prototype_jump_4_2far,price_query,20000,47,62,106,13490,0,0
time,10,absl_btree,prototype_jump_4_2far,intent_to_command,20000,103,167,349,21459,0,0
time,10,absl_btree,prototype_jump_4_2far,intent_queued,20000,46,61,91,17686,0,0
time,10,absl_btree,prototype_jump_4_2far,replace_report,20000,148,269,499,4523,0,0
time,10,absl_btree,prototype_jump_4_2far,ready_to_command,20000,136,243,499,21927,0,0
time,10,absl_btree,prototype_rolling_32_2far,price_query,20000,52,92,114,31056,0,0
time,10,absl_btree,prototype_rolling_32_2far,intent_to_command,20000,105,181,249,29742,0,0
time,10,absl_btree,prototype_rolling_32_2far,intent_queued,20000,46,69,90,15718,0,0
time,10,absl_btree,prototype_rolling_32_2far,replace_report,20000,97,296,416,17377,0,0
time,10,absl_btree,prototype_rolling_32_2far,ready_to_command,20000,117,266,376,14611,0,0
time,10,absl_btree,prototype_jump_32_2far,price_query,20000,51,90,106,22272,0,0
time,10,absl_btree,prototype_jump_32_2far,intent_to_command,20000,105,155,249,20666,0,0
time,10,absl_btree,prototype_jump_32_2far,intent_queued,20000,46,64,73,13139,0,0
time,10,absl_btree,prototype_jump_32_2far,replace_report,20000,97,280,385,13529,0,0
time,10,absl_btree,prototype_jump_32_2far,ready_to_command,20000,122,243,363,68048,0,0
time,10,adaptive,rolling_4,price_query,20000,45,58,78,31652,0,0
time,10,adaptive,rolling_4,near_range8,20000,48,64,87,3137,0,0
time,10,adaptive,rolling_4,index_submit,20000,80,126,201,19795,0,0
time,10,adaptive,rolling_4,index_ack,20000,81,117,168,4181,0,0
time,10,adaptive,rolling_4,cross_page_submit_subset,314,80,126,136,237,0,0
time,10,adaptive,outliers_4,price_query,20000,44,65,86,12815,0,0
time,10,adaptive,outliers_4,near_range8,20000,48,71,102,11626,0,0
time,10,adaptive,outliers_4,index_submit,20000,80,209,397,17139,0,0
time,10,adaptive,outliers_4,index_ack,20000,82,141,190,19407,0,0
time,10,adaptive,outliers_4,cross_page_submit_subset,314,80,149,178,247,0,0
time,10,adaptive,outliers_4,far_query,20000,45,60,77,4107,0,0
time,10,adaptive,boundary_4,price_query,20000,44,58,93,13125,0,0
time,10,adaptive,boundary_4,near_range8,20000,48,71,109,23551,0,0
time,10,adaptive,boundary_4,index_submit,20000,80,142,282,15401,0,0
time,10,adaptive,boundary_4,index_ack,20000,99,155,350,18889,0,0
time,10,adaptive,boundary_4,cross_page_submit_subset,5000,80,126,227,3391,0,0
time,10,adaptive,jump_4,price_query,20000,44,59,87,11732,0,0
time,10,adaptive,jump_4,near_range8,20000,47,68,94,299,0,0
time,10,adaptive,jump_4,index_submit,20000,82,151,242,23552,0,0
time,10,adaptive,jump_4,index_ack,20000,82,143,215,4118,0,0
time,10,adaptive,jump_4,cross_page_submit_subset,3746,92,183,258,12678,0,0
time,10,adaptive,jump_4,jump_submit_subset,2496,94,195,272,12678,0,0
time,10,adaptive,rolling_32,price_query,20000,49,66,102,18274,0,0
time,10,adaptive,rolling_32,near_range8,20000,64,83,120,19460,0,0
time,10,adaptive,rolling_32,index_submit,20000,84,130,224,24014,0,0
time,10,adaptive,rolling_32,index_ack,20000,75,122,171,12790,0,0
time,10,adaptive,rolling_32,cross_page_submit_subset,305,85,119,163,169,0,0
time,10,adaptive,outliers_32,price_query,20000,49,63,83,166,0,0
time,10,adaptive,outliers_32,near_range8,20000,63,67,86,10008,0,0
time,10,adaptive,outliers_32,index_submit,20000,85,128,215,13866,0,0
time,10,adaptive,outliers_32,index_ack,20000,75,118,137,3082,0,0
time,10,adaptive,outliers_32,cross_page_submit_subset,305,85,122,127,131,0,0
time,10,adaptive,outliers_32,far_query,20000,50,52,65,20090,0,0
time,10,adaptive,boundary_32,price_query,20000,48,63,91,3422,0,0
time,10,adaptive,boundary_32,near_range8,20000,61,72,92,18245,0,0
time,10,adaptive,boundary_32,index_submit,20000,84,118,169,13806,0,0
time,10,adaptive,boundary_32,index_ack,20000,107,139,212,11656,0,0
time,10,adaptive,boundary_32,cross_page_submit_subset,625,85,119,159,231,0,0
time,10,adaptive,jump_32,price_query,20000,48,64,87,20125,0,0
time,10,adaptive,jump_32,near_range8,20000,63,77,108,13793,0,0
time,10,adaptive,jump_32,index_submit,20000,84,133,213,13392,0,0
time,10,adaptive,jump_32,index_ack,20000,74,140,200,12665,0,0
time,10,adaptive,jump_32,cross_page_submit_subset,2652,98,189,248,1000,0,0
time,10,adaptive,jump_32,jump_submit_subset,2496,99,189,248,1000,0,0
time,10,adaptive,rolling_128,price_query,20000,52,85,109,13647,0,0
time,10,adaptive,rolling_128,near_range8,20000,67,71,100,37548,0,0
time,10,adaptive,rolling_128,index_submit,20000,100,149,222,5042,0,0
time,10,adaptive,rolling_128,index_ack,20000,79,117,146,11922,0,0
time,10,adaptive,rolling_128,cross_page_submit_subset,312,110,151,153,177,0,0
time,10,adaptive,outliers_128,price_query,20000,53,104,197,120788,0,0
time,10,adaptive,outliers_128,near_range8,20000,66,111,162,22188,0,0
time,10,adaptive,outliers_128,index_submit,20000,105,213,1060,2497328,0,0
time,10,adaptive,outliers_128,index_ack,20000,80,144,268,13593,0,0
time,10,adaptive,outliers_128,cross_page_submit_subset,312,112,229,286,24617,0,0
time,10,adaptive,outliers_128,far_query,20000,53,79,111,48355,0,0
time,10,adaptive,boundary_128,price_query,20000,55,103,140,17914,0,0
time,10,adaptive,boundary_128,near_range8,20000,66,109,157,2104208,0,0
time,10,adaptive,boundary_128,index_submit,20000,114,201,363,39485,0,0
time,10,adaptive,boundary_128,index_ack,20000,122,260,399,2190609,0,0
time,10,adaptive,boundary_128,cross_page_submit_subset,313,127,221,1956,15307,0,0
time,10,adaptive,jump_128,price_query,20000,52,89,120,30866,0,0
time,10,adaptive,jump_128,near_range8,20000,66,96,137,2077439,0,0
time,10,adaptive,jump_128,index_submit,20000,104,217,311,26613,0,0
time,10,adaptive,jump_128,index_ack,20000,80,229,368,37061,0,0
time,10,adaptive,jump_128,cross_page_submit_subset,2704,115,266,1187,15135,0,0
time,10,adaptive,jump_128,jump_submit_subset,2432,122,270,1187,15135,0,0
time,10,adaptive,4096books_4near_2far,price_query,20000,188,692,1109,148999,0,0
time,10,adaptive,new_book_growth,index_insert,20000,301,4084,13948,582135,0,0
time,10,adaptive,new_book_growth,every64_subset,313,4548,31655,49048,73677,0,0
time,10,adaptive,cancel_rehang_4near,index_cancel,20000,64,104,228,25708,0,0
time,10,adaptive,cancel_rehang_4near,index_new,20000,113,182,298,95116,0,0
time,10,adaptive,cancel_rehang_4near,index_accepted,20000,86,169,358,16280,0,0
time,10,adaptive,cancel_rehang_4near,index_canceled,20000,70,133,252,39354,0,0
time,10,adaptive,prototype_rolling_4_2far,price_query,20000,50,79,2966,21789,0,0
time,10,adaptive,prototype_rolling_4_2far,intent_to_command,20000,99,255,3608,30328,0,0
time,10,adaptive,prototype_rolling_4_2far,intent_queued,20000,46,67,2701,26294,0,0
time,10,adaptive,prototype_rolling_4_2far,replace_report,20000,105,493,4056,145648,0,0
time,10,adaptive,prototype_rolling_4_2far,ready_to_command,20000,121,654,3889,23346,0,0
time,10,adaptive,prototype_jump_4_2far,price_query,20000,50,61,84,21868,0,0
time,10,adaptive,prototype_jump_4_2far,intent_to_command,20000,98,156,244,23938,0,0
time,10,adaptive,prototype_jump_4_2far,intent_queued,20000,46,60,83,4599,0,0
time,10,adaptive,prototype_jump_4_2far,replace_report,20000,104,180,284,13913,0,0
time,10,adaptive,prototype_jump_4_2far,ready_to_command,20000,119,218,327,12248,0,0
time,10,adaptive,prototype_rolling_32_2far,price_query,20000,57,71,113,20300,0,0
time,10,adaptive,prototype_rolling_32_2far,intent_to_command,20000,101,144,196,13010,0,0
time,10,adaptive,prototype_rolling_32_2far,intent_queued,20000,46,64,78,11482,0,0
time,10,adaptive,prototype_rolling_32_2far,replace_report,20000,95,146,234,14235,0,0
time,10,adaptive,prototype_rolling_32_2far,ready_to_command,20000,112,172,279,12189,0,0
time,10,adaptive,prototype_jump_32_2far,price_query,20000,57,88,112,16861,0,0
time,10,adaptive,prototype_jump_32_2far,intent_to_command,20000,102,166,278,48747,0,0
time,10,adaptive,prototype_jump_32_2far,intent_queued,20000,46,65,86,11176,0,0
time,10,adaptive,prototype_jump_32_2far,replace_report,20000,96,186,286,19514,0,0
time,10,adaptive,prototype_jump_32_2far,ready_to_command,20000,114,238,365,13308,0,0
time,10,linear_prices,rolling_4,price_query,20000,42,50,59,11651,0,0
time,10,linear_prices,rolling_4,near_range8,20000,56,81,128,16495,0,0
time,10,linear_prices,rolling_4,index_submit,20000,75,107,146,11048,0,0
time,10,linear_prices,rolling_4,index_ack,20000,88,107,148,19978,0,0
time,10,linear_prices,rolling_4,cross_page_submit_subset,314,75,107,117,201,0,0
time,10,linear_prices,outliers_4,price_query,20000,41,55,66,16569,0,0
time,10,linear_prices,outliers_4,near_range8,20000,59,76,157,3927,0,0
time,10,linear_prices,outliers_4,index_submit,20000,75,109,209,13548,0,0
time,10,linear_prices,outliers_4,index_ack,20000,87,105,134,11867,0,0
time,10,linear_prices,outliers_4,cross_page_submit_subset,314,75,107,112,176,0,0
time,10,linear_prices,outliers_4,far_query,20000,41,43,59,3972,0,0
time,10,linear_prices,boundary_4,price_query,20000,42,51,73,12069,0,0
time,10,linear_prices,boundary_4,near_range8,20000,64,85,131,10871,0,0
time,10,linear_prices,boundary_4,index_submit,20000,75,109,150,27758,0,0
time,10,linear_prices,boundary_4,index_ack,20000,100,124,195,11831,0,0
time,10,linear_prices,boundary_4,cross_page_submit_subset,5000,74,108,150,235,0,0
time,10,linear_prices,jump_4,price_query,20000,41,54,72,12924,0,0
time,10,linear_prices,jump_4,near_range8,20000,56,101,240,4509,0,0
time,10,linear_prices,jump_4,index_submit,20000,76,123,167,17175,0,0
time,10,linear_prices,jump_4,index_ack,20000,90,137,181,21440,0,0
time,10,linear_prices,jump_4,cross_page_submit_subset,3746,86,132,165,3874,0,0
time,10,linear_prices,jump_4,jump_submit_subset,2496,87,140,165,3874,0,0
time,10,linear_prices,rolling_32,price_query,20000,54,79,100,16471,0,0
time,10,linear_prices,rolling_32,near_range8,20000,349,622,3442,25921,0,0
time,10,linear_prices,rolling_32,index_submit,20000,94,156,214,15539,0,0
time,10,linear_prices,rolling_32,index_ack,20000,75,188,260,16361,0,0
time,10,linear_prices,rolling_32,cross_page_submit_subset,305,88,156,163,169,0,0
time,10,linear_prices,outliers_32,price_query,20000,51,79,106,23849,0,0
time,10,linear_prices,outliers_32,near_range8,20000,351,658,3742,178669,0,0
time,10,linear_prices,outliers_32,index_submit,20000,94,181,427,18089,0,0
time,10,linear_prices,outliers_32,index_ack,20000,75,193,289,24020,0,0
time,10,linear_prices,outliers_32,cross_page_submit_subset,305,86,200,277,318,0,0
time,10,linear_prices,outliers_32,far_query,20000,58,70,104,3986,0,0
time,10,linear_prices,boundary_32,price_query,20000,48,75,142,37760,0,0
time,10,linear_prices,boundary_32,near_range8,20000,349,615,3614,27260,0,0
time,10,linear_prices,boundary_32,index_submit,20000,91,166,2233,13467,0,0
time,10,linear_prices,boundary_32,index_ack,20000,107,191,337,93135,0,0
time,10,linear_prices,boundary_32,cross_page_submit_subset,625,84,146,174,277,0,0
time,10,linear_prices,jump_32,price_query,20000,52,80,102,11499,0,0
time,10,linear_prices,jump_32,near_range8,20000,349,629,3371,19631,0,0
time,10,linear_prices,jump_32,index_submit,20000,92,157,200,17553,0,0
time,10,linear_prices,jump_32,index_ack,20000,75,242,293,13622,0,0
time,10,linear_prices,jump_32,cross_page_submit_subset,2652,130,182,3731,11851,0,0
time,10,linear_prices,jump_32,jump_submit_subset,2496,131,182,3731,11851,0,0
time,10,linear_prices,rolling_128,price_query,20000,73,133,168,12751,0,0
time,10,linear_prices,rolling_128,near_range8,20000,1268,1953,13901,47243,0,0
time,10,linear_prices,rolling_128,index_submit,20000,119,234,460,22349,0,0
time,10,linear_prices,rolling_128,index_ack,20000,78,190,441,13909,0,0
time,10,linear_prices,rolling_128,cross_page_submit_subset,312,115,224,274,278,0,0
time,10,linear_prices,outliers_128,price_query,20000,72,141,182,23206,0,0
time,10,linear_prices,outliers_128,near_range8,20000,1288,2139,15185,76999,0,0
time,10,linear_prices,outliers_128,index_submit,20000,119,253,405,47069,0,0
time,10,linear_prices,outliers_128,index_ack,20000,78,204,471,16274,0,0
time,10,linear_prices,outliers_128,cross_page_submit_subset,312,108,234,291,315,0,0
time,10,linear_prices,outliers_128,far_query,20000,87,136,194,11978,0,0
time,10,linear_prices,boundary_128,price_query,20000,74,143,183,128027,0,0
time,10,linear_prices,boundary_128,near_range8,20000,1287,2134,14278,113963,0,0
time,10,linear_prices,boundary_128,index_submit,20000,118,252,443,65905,0,0
time,10,linear_prices,boundary_128,index_ack,20000,113,323,475,16875,0,0
time,10,linear_prices,boundary_128,cross_page_submit_subset,313,113,201,225,339,0,0
time,10,linear_prices,jump_128,price_query,20000,79,158,218,13753,0,0
time,10,linear_prices,jump_128,near_range8,20000,1290,2230,15099,62497,0,0
time,10,linear_prices,jump_128,index_submit,20000,123,335,559,22474,0,0
time,10,linear_prices,jump_128,index_ack,20000,79,564,693,21324,0,0
time,10,linear_prices,jump_128,cross_page_submit_subset,2704,259,389,2732,11554,0,0
time,10,linear_prices,jump_128,jump_submit_subset,2432,264,408,2732,11554,0,0
time,10,linear_prices,4096books_4near_2far,price_query,20000,127,443,656,208605,0,0
time,10,linear_prices,new_book_growth,index_insert,20000,188,2223,6570,226163,0,0
time,10,linear_prices,new_book_growth,every64_subset,313,2322,6840,10284,21679,0,0
time,10,linear_prices,cancel_rehang_4near,index_cancel,20000,63,79,87,11942,0,0
time,10,linear_prices,cancel_rehang_4near,index_new,20000,108,114,137,23134,0,0
time,10,linear_prices,cancel_rehang_4near,index_accepted,20000,92,100,125,13010,0,0
time,10,linear_prices,cancel_rehang_4near,index_canceled,20000,90,99,117,17446,0,0
time,10,linear_prices,prototype_rolling_4_2far,price_query,20000,55,80,124,26814,0,0
time,10,linear_prices,prototype_rolling_4_2far,intent_to_command,20000,92,169,281,29074,0,0
time,10,linear_prices,prototype_rolling_4_2far,intent_queued,20000,46,65,82,11942,0,0
time,10,linear_prices,prototype_rolling_4_2far,replace_report,20000,123,218,335,78957,0,0
time,10,linear_prices,prototype_rolling_4_2far,ready_to_command,20000,114,225,342,84661,0,0
time,10,linear_prices,prototype_jump_4_2far,price_query,20000,55,77,110,15438,0,0
time,10,linear_prices,prototype_jump_4_2far,intent_to_command,20000,91,168,231,17567,0,0
time,10,linear_prices,prototype_jump_4_2far,intent_queued,20000,46,63,90,44052,0,0
time,10,linear_prices,prototype_jump_4_2far,replace_report,20000,123,215,344,18716,0,0
time,10,linear_prices,prototype_jump_4_2far,ready_to_command,20000,113,215,344,104327,0,0
time,10,linear_prices,prototype_rolling_32_2far,price_query,20000,58,80,99,17598,0,0
time,10,linear_prices,prototype_rolling_32_2far,intent_to_command,20000,97,154,213,12093,0,0
time,10,linear_prices,prototype_rolling_32_2far,intent_queued,20000,46,55,70,19580,0,0
time,10,linear_prices,prototype_rolling_32_2far,replace_report,20000,94,214,341,21867,0,0
time,10,linear_prices,prototype_rolling_32_2far,ready_to_command,20000,117,199,329,212102,0,0
time,10,linear_prices,prototype_jump_32_2far,price_query,20000,60,96,128,3466,0,0
time,10,linear_prices,prototype_jump_32_2far,intent_to_command,20000,100,171,234,19443,0,0
time,10,linear_prices,prototype_jump_32_2far,intent_queued,20000,46,58,83,83927,0,0
time,10,linear_prices,prototype_jump_32_2far,replace_report,20000,95,225,344,144299,0,0
time,10,linear_prices,prototype_jump_32_2far,ready_to_command,20000,120,215,297,125571,0,0
time,11,linear_prices,rolling_4,price_query,20000,42,51,70,15980,0,0
time,11,linear_prices,rolling_4,near_range8,20000,56,88,175,12452,0,0
time,11,linear_prices,rolling_4,index_submit,20000,75,114,172,18484,0,0
time,11,linear_prices,rolling_4,index_ack,20000,88,114,164,11954,0,0
time,11,linear_prices,rolling_4,cross_page_submit_subset,314,75,112,133,175,0,0
time,11,linear_prices,outliers_4,price_query,20000,41,58,87,3765,0,0
time,11,linear_prices,outliers_4,near_range8,20000,59,123,246,15469,0,0
time,11,linear_prices,outliers_4,index_submit,20000,75,157,323,19380,0,0
time,11,linear_prices,outliers_4,index_ack,20000,89,149,224,20006,0,0
time,11,linear_prices,outliers_4,cross_page_submit_subset,314,75,124,151,182,0,0
time,11,linear_prices,outliers_4,far_query,20000,41,55,82,42401,0,0
time,11,linear_prices,boundary_4,price_query,20000,42,50,65,24652,0,0
time,11,linear_prices,boundary_4,near_range8,20000,63,70,120,3987,0,0
time,11,linear_prices,boundary_4,index_submit,20000,75,107,156,19441,0,0
time,11,linear_prices,boundary_4,index_ack,20000,100,120,183,16535,0,0
time,11,linear_prices,boundary_4,cross_page_submit_subset,5000,74,96,166,2968,0,0
time,11,linear_prices,jump_4,price_query,20000,41,52,83,13935,0,0
time,11,linear_prices,jump_4,near_range8,20000,56,100,264,3769,0,0
time,11,linear_prices,jump_4,index_submit,20000,76,121,204,14368,0,0
time,11,linear_prices,jump_4,index_ack,20000,90,131,216,18142,0,0
time,11,linear_prices,jump_4,cross_page_submit_subset,3746,86,134,251,14056,0,0
time,11,linear_prices,jump_4,jump_submit_subset,2496,87,137,251,14056,0,0
time,11,linear_prices,rolling_32,price_query,20000,54,84,107,4541,0,0
time,11,linear_prices,rolling_32,near_range8,20000,350,710,3905,72616,0,0
time,11,linear_prices,rolling_32,index_submit,20000,94,177,277,8885,0,0
time,11,linear_prices,rolling_32,index_ack,20000,75,193,290,22273,0,0
time,11,linear_prices,rolling_32,cross_page_submit_subset,305,91,155,194,240,0,0
time,11,linear_prices,outliers_32,price_query,20000,51,82,120,19400,0,0
time,11,linear_prices,outliers_32,near_range8,20000,357,694,3484,182816,0,0
time,11,linear_prices,outliers_32,index_submit,20000,93,182,301,18535,0,0
time,11,linear_prices,outliers_32,index_ack,20000,75,188,280,17255,0,0
time,11,linear_prices,outliers_32,cross_page_submit_subset,305,84,176,231,248,0,0
time,11,linear_prices,outliers_32,far_query,20000,58,74,102,24649,0,0
time,11,linear_prices,boundary_32,price_query,20000,48,70,91,18884,0,0
time,11,linear_prices,boundary_32,near_range8,20000,349,510,791,28255,0,0
time,11,linear_prices,boundary_32,index_submit,20000,91,144,227,24802,0,0
time,11,linear_prices,boundary_32,index_ack,20000,105,188,211,165351,0,0
time,11,linear_prices,boundary_32,cross_page_submit_subset,625,84,130,450,17108,0,0
time,11,linear_prices,jump_32,price_query,20000,54,88,120,18039,0,0
time,11,linear_prices,jump_32,near_range8,20000,350,720,3574,78194,0,0
time,11,linear_prices,jump_32,index_submit,20000,93,200,293,30276,0,0
time,11,linear_prices,jump_32,index_ack,20000,75,265,374,26377,0,0
time,11,linear_prices,jump_32,cross_page_submit_subset,2652,131,254,426,5569,0,0
time,11,linear_prices,jump_32,jump_submit_subset,2496,132,254,426,5569,0,0
time,11,linear_prices,rolling_128,price_query,20000,72,140,186,26540,0,0
time,11,linear_prices,rolling_128,near_range8,20000,1276,2397,17445,91182,0,0
time,11,linear_prices,rolling_128,index_submit,20000,119,249,364,14115,0,0
time,11,linear_prices,rolling_128,index_ack,20000,79,190,441,13154,0,0
time,11,linear_prices,rolling_128,cross_page_submit_subset,312,114,239,246,284,0,0
time,11,linear_prices,outliers_128,price_query,20000,72,141,196,15883,0,0
time,11,linear_prices,outliers_128,near_range8,20000,1288,1933,15566,2241827,0,0
time,11,linear_prices,outliers_128,index_submit,20000,118,238,423,21899,0,0
time,11,linear_prices,outliers_128,index_ack,20000,78,190,458,98100,0,0
time,11,linear_prices,outliers_128,cross_page_submit_subset,312,111,213,272,281,0,0
time,11,linear_prices,outliers_128,far_query,20000,87,123,183,57654,0,0
time,11,linear_prices,boundary_128,price_query,20000,73,140,177,13725,0,0
time,11,linear_prices,boundary_128,near_range8,20000,1286,2127,15971,65800,0,0
time,11,linear_prices,boundary_128,index_submit,20000,117,237,414,30040,0,0
time,11,linear_prices,boundary_128,index_ack,20000,113,305,463,13932,0,0
time,11,linear_prices,boundary_128,cross_page_submit_subset,313,113,181,195,233,0,0
time,11,linear_prices,jump_128,price_query,20000,79,174,258,18942,0,0
time,11,linear_prices,jump_128,near_range8,20000,1289,2631,19509,231295,0,0
time,11,linear_prices,jump_128,index_submit,20000,124,417,706,117424,0,0
time,11,linear_prices,jump_128,index_ack,20000,79,582,724,16772,0,0
time,11,linear_prices,jump_128,cross_page_submit_subset,2704,263,591,4161,19918,0,0
time,11,linear_prices,jump_128,jump_submit_subset,2432,268,604,4161,19918,0,0
time,11,linear_prices,4096books_4near_2far,price_query,20000,136,469,682,37737,0,0
time,11,linear_prices,new_book_growth,index_insert,20000,199,2400,6448,1514066,0,0
time,11,linear_prices,new_book_growth,every64_subset,313,2487,7251,25383,1514066,0,0
time,11,linear_prices,cancel_rehang_4near,index_cancel,20000,63,84,117,11895,0,0
time,11,linear_prices,cancel_rehang_4near,index_new,20000,108,131,176,84703,0,0
time,11,linear_prices,cancel_rehang_4near,index_accepted,20000,92,127,266,92421,0,0
time,11,linear_prices,cancel_rehang_4near,index_canceled,20000,90,116,155,19408,0,0
time,11,linear_prices,prototype_rolling_4_2far,price_query,20000,55,71,100,14806,0,0
time,11,linear_prices,prototype_rolling_4_2far,intent_to_command,20000,91,144,187,4037,0,0
time,11,linear_prices,prototype_rolling_4_2far,intent_queued,20000,46,58,83,90316,0,0
time,11,linear_prices,prototype_rolling_4_2far,replace_report,20000,123,184,311,58834,0,0
time,11,linear_prices,prototype_rolling_4_2far,ready_to_command,20000,113,189,271,15358,0,0
time,11,linear_prices,prototype_jump_4_2far,price_query,20000,54,69,89,159,0,0
time,11,linear_prices,prototype_jump_4_2far,intent_to_command,20000,91,143,193,11422,0,0
time,11,linear_prices,prototype_jump_4_2far,intent_queued,20000,46,60,77,3847,0,0
time,11,linear_prices,prototype_jump_4_2far,replace_report,20000,123,179,269,24733,0,0
time,11,linear_prices,prototype_jump_4_2far,ready_to_command,20000,113,181,276,21089,0,0
time,11,linear_prices,prototype_rolling_32_2far,price_query,20000,59,87,115,3370,0,0
time,11,linear_prices,prototype_rolling_32_2far,intent_to_command,20000,98,176,222,16390,0,0
time,11,linear_prices,prototype_rolling_32_2far,intent_queued,20000,46,60,85,14753,0,0
time,11,linear_prices,prototype_rolling_32_2far,replace_report,20000,95,229,367,34689,0,0
time,11,linear_prices,prototype_rolling_32_2far,ready_to_command,20000,118,227,301,16383,0,0
time,11,linear_prices,prototype_jump_32_2far,price_query,20000,60,93,120,14755,0,0
time,11,linear_prices,prototype_jump_32_2far,intent_to_command,20000,100,166,234,15574,0,0
time,11,linear_prices,prototype_jump_32_2far,intent_queued,20000,46,57,73,17879,0,0
time,11,linear_prices,prototype_jump_32_2far,replace_report,20000,95,231,378,59825,0,0
time,11,linear_prices,prototype_jump_32_2far,ready_to_command,20000,120,209,310,33590,0,0
time,11,sorted_deque_soa,rolling_4,price_query,20000,52,61,77,17202,0,0
time,11,sorted_deque_soa,rolling_4,near_range8,20000,53,63,86,52656,0,0
time,11,sorted_deque_soa,rolling_4,index_submit,20000,94,147,221,15757,0,0
time,11,sorted_deque_soa,rolling_4,index_ack,20000,94,130,185,13389,0,0
time,11,sorted_deque_soa,rolling_4,cross_page_submit_subset,314,93,164,168,288,0,0
time,11,sorted_deque_soa,outliers_4,price_query,20000,52,63,84,243,0,0
time,11,sorted_deque_soa,outliers_4,near_range8,20000,53,66,97,19682,0,0
time,11,sorted_deque_soa,outliers_4,index_submit,20000,94,196,306,34628,0,0
time,11,sorted_deque_soa,outliers_4,index_ack,20000,97,143,185,42450,0,0
time,11,sorted_deque_soa,outliers_4,cross_page_submit_subset,314,94,134,176,203,0,0
time,11,sorted_deque_soa,outliers_4,far_query,20000,51,62,96,14802,0,0
time,11,sorted_deque_soa,boundary_4,price_query,20000,51,63,93,21345,0,0
time,11,sorted_deque_soa,boundary_4,near_range8,20000,53,69,99,16210,0,0
time,11,sorted_deque_soa,boundary_4,index_submit,20000,93,153,226,34347,0,0
time,11,sorted_deque_soa,boundary_4,index_ack,20000,118,165,244,144970,0,0
time,11,sorted_deque_soa,boundary_4,cross_page_submit_subset,5000,92,140,208,34347,0,0
time,11,sorted_deque_soa,jump_4,price_query,20000,51,59,79,13967,0,0
time,11,sorted_deque_soa,jump_4,near_range8,20000,53,63,86,3626,0,0
time,11,sorted_deque_soa,jump_4,index_submit,20000,100,140,221,19204,0,0
time,11,sorted_deque_soa,jump_4,index_ack,20000,96,138,203,35099,0,0
time,11,sorted_deque_soa,jump_4,cross_page_submit_subset,3746,105,166,246,3395,0,0
time,11,sorted_deque_soa,jump_4,jump_submit_subset,2496,109,178,290,3395,0,0
time,11,sorted_deque_soa,rolling_32,price_query,20000,65,82,120,15996,0,0
time,11,sorted_deque_soa,rolling_32,near_range8,20000,73,102,150,23482,0,0
time,11,sorted_deque_soa,rolling_32,index_submit,20000,106,171,260,16733,0,0
time,11,sorted_deque_soa,rolling_32,index_ack,20000,75,140,200,5579,0,0
time,11,sorted_deque_soa,rolling_32,cross_page_submit_subset,305,106,162,200,215,0,0
time,11,sorted_deque_soa,outliers_32,price_query,20000,66,75,89,9184,0,0
time,11,sorted_deque_soa,outliers_32,near_range8,20000,73,91,108,17884,0,0
time,11,sorted_deque_soa,outliers_32,index_submit,20000,107,192,296,20304,0,0
time,11,sorted_deque_soa,outliers_32,index_ack,20000,75,139,174,19701,0,0
time,11,sorted_deque_soa,outliers_32,cross_page_submit_subset,305,107,216,253,277,0,0
time,11,sorted_deque_soa,outliers_32,far_query,20000,65,75,90,12480,0,0
time,11,sorted_deque_soa,boundary_32,price_query,20000,65,96,144,25568,0,0
time,11,sorted_deque_soa,boundary_32,near_range8,20000,72,114,151,16629,0,0
time,11,sorted_deque_soa,boundary_32,index_submit,20000,106,179,330,30109,0,0
time,11,sorted_deque_soa,boundary_32,index_ack,20000,141,211,298,34529,0,0
time,11,sorted_deque_soa,boundary_32,cross_page_submit_subset,625,106,185,213,12495,0,0
time,11,sorted_deque_soa,jump_32,price_query,20000,66,100,149,16442,0,0
time,11,sorted_deque_soa,jump_32,near_range8,20000,73,118,186,12830,0,0
time,11,sorted_deque_soa,jump_32,index_submit,20000,107,268,477,825621,0,0
time,11,sorted_deque_soa,jump_32,index_ack,20000,75,254,397,38323,0,0
time,11,sorted_deque_soa,jump_32,cross_page_submit_subset,2652,187,371,575,8807,0,0
time,11,sorted_deque_soa,jump_32,jump_submit_subset,2496,189,371,538,1249,0,0
time,11,sorted_deque_soa,rolling_128,price_query,20000,51,89,128,15722,0,0
time,11,sorted_deque_soa,rolling_128,near_range8,20000,53,81,113,19515,0,0
time,11,sorted_deque_soa,rolling_128,index_submit,20000,117,179,251,216499,0,0
time,11,sorted_deque_soa,rolling_128,index_ack,20000,78,126,212,14511,0,0
time,11,sorted_deque_soa,rolling_128,cross_page_submit_subset,312,126,197,255,45323,0,0
time,11,sorted_deque_soa,outliers_128,price_query,20000,50,86,168,32494,0,0
time,11,sorted_deque_soa,outliers_128,near_range8,20000,56,82,125,18765,0,0
time,11,sorted_deque_soa,outliers_128,index_submit,20000,94,194,395,15372,0,0
time,11,sorted_deque_soa,outliers_128,index_ack,20000,78,129,297,45079,0,0
time,11,sorted_deque_soa,outliers_128,cross_page_submit_subset,312,105,172,200,239,0,0
time,11,sorted_deque_soa,outliers_128,far_query,20000,50,62,105,14305,0,0
time,11,sorted_deque_soa,boundary_128,price_query,20000,67,97,117,14909,0,0
time,11,sorted_deque_soa,boundary_128,near_range8,20000,54,67,93,14729,0,0
time,11,sorted_deque_soa,boundary_128,index_submit,20000,112,152,238,16656,0,0
time,11,sorted_deque_soa,boundary_128,index_ack,20000,118,186,255,19816,0,0
time,11,sorted_deque_soa,boundary_128,cross_page_submit_subset,313,122,166,176,243,0,0
time,11,sorted_deque_soa,jump_128,price_query,20000,52,88,108,19078,0,0
time,11,sorted_deque_soa,jump_128,near_range8,20000,54,87,111,13865,0,0
time,11,sorted_deque_soa,jump_128,index_submit,20000,116,220,300,13838,0,0
time,11,sorted_deque_soa,jump_128,index_ack,20000,78,210,295,162198,0,0
time,11,sorted_deque_soa,jump_128,cross_page_submit_subset,2704,124,273,795,11738,0,0
time,11,sorted_deque_soa,jump_128,jump_submit_subset,2432,129,279,795,11738,0,0
time,11,sorted_deque_soa,4096books_4near_2far,price_query,20000,155,487,724,38524,0,0
time,11,sorted_deque_soa,new_book_growth,index_insert,20000,245,2762,7172,455680,0,0
time,11,sorted_deque_soa,new_book_growth,every64_subset,313,3417,7209,11302,23961,0,0
time,11,sorted_deque_soa,cancel_rehang_4near,index_cancel,20000,64,83,111,3496,0,0
time,11,sorted_deque_soa,cancel_rehang_4near,index_new,20000,109,143,203,15633,0,0
time,11,sorted_deque_soa,cancel_rehang_4near,index_accepted,20000,89,115,187,60126,0,0
time,11,sorted_deque_soa,cancel_rehang_4near,index_canceled,20000,84,117,161,22756,0,0
time,11,sorted_deque_soa,prototype_rolling_4_2far,price_query,20000,57,70,98,4577,0,0
time,11,sorted_deque_soa,prototype_rolling_4_2far,intent_to_command,20000,108,167,225,12845,0,0
time,11,sorted_deque_soa,prototype_rolling_4_2far,intent_queued,20000,46,62,85,15977,0,0
time,11,sorted_deque_soa,prototype_rolling_4_2far,replace_report,20000,119,209,362,24280,0,0
time,11,sorted_deque_soa,prototype_rolling_4_2far,ready_to_command,20000,137,240,363,21484,0,0
time,11,sorted_deque_soa,prototype_jump_4_2far,price_query,20000,57,60,72,15275,0,0
time,11,sorted_deque_soa,prototype_jump_4_2far,intent_to_command,20000,108,164,208,112477,0,0
time,11,sorted_deque_soa,prototype_jump_4_2far,intent_queued,20000,46,52,65,18047,0,0
time,11,sorted_deque_soa,prototype_jump_4_2far,replace_report,20000,119,184,277,11990,0,0
time,11,sorted_deque_soa,prototype_jump_4_2far,ready_to_command,20000,136,186,261,12397,0,0
time,11,sorted_deque_soa,prototype_rolling_32_2far,price_query,20000,69,84,114,11984,0,0
time,11,sorted_deque_soa,prototype_rolling_32_2far,intent_to_command,20000,120,173,275,29881,0,0
time,11,sorted_deque_soa,prototype_rolling_32_2far,intent_queued,20000,46,60,85,14630,0,0
time,11,sorted_deque_soa,prototype_rolling_32_2far,replace_report,20000,94,183,321,15995,0,0
time,11,sorted_deque_soa,prototype_rolling_32_2far,ready_to_command,20000,132,237,359,17244,0,0
time,11,sorted_deque_soa,prototype_jump_32_2far,price_query,20000,70,116,183,40792,0,0
time,11,sorted_deque_soa,prototype_jump_32_2far,intent_to_command,20000,121,217,385,42812,0,0
time,11,sorted_deque_soa,prototype_jump_32_2far,intent_queued,20000,46,82,94,12422,0,0
time,11,sorted_deque_soa,prototype_jump_32_2far,replace_report,20000,95,302,492,18793,0,0
time,11,sorted_deque_soa,prototype_jump_32_2far,ready_to_command,20000,134,383,3538,30507,0,0
time,11,sorted_deque,rolling_4,price_query,20000,45,82,165,24638,0,0
time,11,sorted_deque,rolling_4,near_range8,20000,44,86,153,15384,0,0
time,11,sorted_deque,rolling_4,index_submit,20000,95,193,394,49913,0,0
time,11,sorted_deque,rolling_4,index_ack,20000,92,167,370,51636,0,0
time,11,sorted_deque,rolling_4,cross_page_submit_subset,314,93,189,223,292,0,0
time,11,sorted_deque,outliers_4,price_query,20000,43,59,83,14383,0,0
time,11,sorted_deque,outliers_4,near_range8,20000,43,59,85,14403,0,0
time,11,sorted_deque,outliers_4,index_submit,20000,86,159,280,3422,0,0
time,11,sorted_deque,outliers_4,index_ack,20000,89,116,177,21373,0,0
time,11,sorted_deque,outliers_4,cross_page_submit_subset,314,86,126,146,170,0,0
time,11,sorted_deque,outliers_4,far_query,20000,42,58,80,15972,0,0
time,11,sorted_deque,boundary_4,price_query,20000,44,77,108,15509,0,0
time,11,sorted_deque,boundary_4,near_range8,20000,44,85,102,14327,0,0
time,11,sorted_deque,boundary_4,index_submit,20000,87,162,256,28538,0,0
time,11,sorted_deque,boundary_4,index_ack,20000,103,170,292,17266,0,0
time,11,sorted_deque,boundary_4,cross_page_submit_subset,5000,86,152,213,278,0,0
time,11,sorted_deque,jump_4,price_query,20000,43,59,82,39286,0,0
time,11,sorted_deque,jump_4,near_range8,20000,44,60,86,12249,0,0
time,11,sorted_deque,jump_4,index_submit,20000,87,134,216,19883,0,0
time,11,sorted_deque,jump_4,index_ack,20000,90,126,181,16923,0,0
time,11,sorted_deque,jump_4,cross_page_submit_subset,3746,97,156,243,607,0,0
time,11,sorted_deque,jump_4,jump_submit_subset,2496,99,179,248,607,0,0
time,11,sorted_deque,rolling_32,price_query,20000,47,64,100,18230,0,0
time,11,sorted_deque,rolling_32,near_range8,20000,55,71,107,3942,0,0
time,11,sorted_deque,rolling_32,index_submit,20000,89,135,255,27497,0,0
time,11,sorted_deque,rolling_32,index_ack,20000,74,115,177,39138,0,0
time,11,sorted_deque,rolling_32,cross_page_submit_subset,305,88,138,270,27497,0,0
time,11,sorted_deque,outliers_32,price_query,20000,47,87,144,15521,0,0
time,11,sorted_deque,outliers_32,near_range8,20000,53,102,202,17904,0,0
time,11,sorted_deque,outliers_32,index_submit,20000,89,198,334,12310,0,0
time,11,sorted_deque,outliers_32,index_ack,20000,73,159,216,29847,0,0
time,11,sorted_deque,outliers_32,cross_page_submit_subset,305,89,225,305,400,0,0
time,11,sorted_deque,outliers_32,far_query,20000,47,80,188,15224,0,0
time,11,sorted_deque,boundary_32,price_query,20000,47,61,91,3660,0,0
time,11,sorted_deque,boundary_32,near_range8,20000,54,65,84,4383,0,0
time,11,sorted_deque,boundary_32,index_submit,20000,90,126,187,29536,0,0
time,11,sorted_deque,boundary_32,index_ack,20000,109,137,194,20922,0,0
time,11,sorted_deque,boundary_32,cross_page_submit_subset,625,91,116,149,155,0,0
time,11,sorted_deque,jump_32,price_query,20000,49,93,162,13026,0,0
time,11,sorted_deque,jump_32,near_range8,20000,56,112,170,14979,0,0
time,11,sorted_deque,jump_32,index_submit,20000,92,214,1215,53559,0,0
time,11,sorted_deque,jump_32,index_ack,20000,77,213,509,30867,0,0
time,11,sorted_deque,jump_32,cross_page_submit_subset,2652,114,277,432,19942,0,0
time,11,sorted_deque,jump_32,jump_submit_subset,2496,115,280,432,19942,0,0
time,11,sorted_deque,rolling_128,price_query,20000,50,88,115,4118,0,0
time,11,sorted_deque,rolling_128,near_range8,20000,57,84,109,3460,0,0
time,11,sorted_deque,rolling_128,index_submit,20000,95,151,278,17647,0,0
time,11,sorted_deque,rolling_128,index_ack,20000,78,122,182,15976,0,0
time,11,sorted_deque,rolling_128,cross_page_submit_subset,312,97,170,201,343,0,0
time,11,sorted_deque,outliers_128,price_query,20000,50,85,113,13297,0,0
time,11,sorted_deque,outliers_128,near_range8,20000,56,67,90,14503,0,0
time,11,sorted_deque,outliers_128,index_submit,20000,97,177,364,32699,0,0
time,11,sorted_deque,outliers_128,index_ack,20000,78,118,158,22419,0,0
time,11,sorted_deque,outliers_128,cross_page_submit_subset,312,106,174,213,233,0,0
time,11,sorted_deque,outliers_128,far_query,20000,48,51,65,29672,0,0
time,11,sorted_deque,boundary_128,price_query,20000,52,115,160,16304,0,0
time,11,sorted_deque,boundary_128,near_range8,20000,56,110,191,12818,0,0
time,11,sorted_deque,boundary_128,index_submit,20000,109,198,2995,56242,0,0
time,11,sorted_deque,boundary_128,index_ack,20000,117,241,343,27530,0,0
time,11,sorted_deque,boundary_128,cross_page_submit_subset,313,117,233,273,375,0,0
time,11,sorted_deque,jump_128,price_query,20000,51,90,119,15145,0,0
time,11,sorted_deque,jump_128,near_range8,20000,57,95,130,23835,0,0
time,11,sorted_deque,jump_128,index_submit,20000,103,223,401,85951,0,0
time,11,sorted_deque,jump_128,index_ack,20000,79,226,350,17391,0,0
time,11,sorted_deque,jump_128,cross_page_submit_subset,2704,124,290,1500,85951,0,0
time,11,sorted_deque,jump_128,jump_submit_subset,2432,134,292,1500,85951,0,0
time,11,sorted_deque,4096books_4near_2far,price_query,20000,119,441,627,43539,0,0
time,11,sorted_deque,new_book_growth,index_insert,20000,221,2804,6454,319913,0,0
time,11,sorted_deque,new_book_growth,every64_subset,313,3224,6454,7711,10706,0,0
time,11,sorted_deque,cancel_rehang_4near,index_cancel,20000,63,78,101,20529,0,0
time,11,sorted_deque,cancel_rehang_4near,index_new,20000,108,129,169,16093,0,0
time,11,sorted_deque,cancel_rehang_4near,index_accepted,20000,80,101,189,35111,0,0
time,11,sorted_deque,cancel_rehang_4near,index_canceled,20000,80,98,150,3519,0,0
time,11,sorted_deque,prototype_rolling_4_2far,price_query,20000,48,51,63,3449,0,0
time,11,sorted_deque,prototype_rolling_4_2far,intent_to_command,20000,101,128,186,34158,0,0
time,11,sorted_deque,prototype_rolling_4_2far,intent_queued,20000,46,48,72,12067,0,0
time,11,sorted_deque,prototype_rolling_4_2far,replace_report,20000,114,142,236,34200,0,0
time,11,sorted_deque,prototype_rolling_4_2far,ready_to_command,20000,127,160,266,20553,0,0
time,11,sorted_deque,prototype_jump_4_2far,price_query,20000,47,52,67,2951,0,0
time,11,sorted_deque,prototype_jump_4_2far,intent_to_command,20000,99,138,167,19627,0,0
time,11,sorted_deque,prototype_jump_4_2far,intent_queued,20000,45,49,63,12871,0,0
time,11,sorted_deque,prototype_jump_4_2far,replace_report,20000,111,153,251,22830,0,0
time,11,sorted_deque,prototype_jump_4_2far,ready_to_command,20000,124,160,213,19067,0,0
time,11,sorted_deque,prototype_rolling_32_2far,price_query,20000,52,80,146,14082,0,0
time,11,sorted_deque,prototype_rolling_32_2far,intent_to_command,20000,106,153,857,2147912,0,0
time,11,sorted_deque,prototype_rolling_32_2far,intent_queued,20000,45,54,65,21994,0,0
time,11,sorted_deque,prototype_rolling_32_2far,replace_report,20000,94,158,1155,308842,0,0
time,11,sorted_deque,prototype_rolling_32_2far,ready_to_command,20000,118,195,1109,966446,0,0
time,11,sorted_deque,prototype_jump_32_2far,price_query,20000,52,74,98,20439,0,0
time,11,sorted_deque,prototype_jump_32_2far,intent_to_command,20000,105,142,203,13856,0,0
time,11,sorted_deque,prototype_jump_32_2far,intent_queued,20000,45,64,70,12038,0,0
time,11,sorted_deque,prototype_jump_32_2far,replace_report,20000,94,156,235,38770,0,0
time,11,sorted_deque,prototype_jump_32_2far,ready_to_command,20000,118,180,279,48649,0,0
time,11,pool_pages,rolling_4,price_query,20000,46,54,64,18218,0,0
time,11,pool_pages,rolling_4,near_range8,20000,55,65,85,20919,0,0
time,11,pool_pages,rolling_4,index_submit,20000,92,136,297,12854,0,0
time,11,pool_pages,rolling_4,index_ack,20000,90,126,187,33229,0,0
time,11,pool_pages,rolling_4,cross_page_submit_subset,314,96,324,414,415,0,0
time,11,pool_pages,rolling_4,page_creation_subset,78,269,414,414,415,0,0
time,11,pool_pages,outliers_4,price_query,20000,46,59,87,39120,0,0
time,11,pool_pages,outliers_4,near_range8,20000,55,77,105,20940,0,0
time,11,pool_pages,outliers_4,index_submit,20000,91,181,347,12591,0,0
time,11,pool_pages,outliers_4,index_ack,20000,91,151,201,13903,0,0
time,11,pool_pages,outliers_4,cross_page_submit_subset,314,94,323,386,413,0,0
time,11,pool_pages,outliers_4,page_creation_subset,78,270,386,386,413,0,0
time,11,pool_pages,outliers_4,far_query,20000,48,60,84,11382,0,0
time,11,pool_pages,boundary_4,price_query,20000,45,51,64,12495,0,0
time,11,pool_pages,boundary_4,near_range8,20000,57,69,89,49915,0,0
time,11,pool_pages,boundary_4,index_submit,20000,89,120,153,19552,0,0
time,11,pool_pages,boundary_4,index_ack,20000,108,165,188,11713,0,0
time,11,pool_pages,boundary_4,cross_page_submit_subset,5000,83,108,131,3663,0,0
time,11,pool_pages,jump_4,price_query,20000,44,50,62,18206,0,0
time,11,pool_pages,jump_4,near_range8,20000,53,63,83,11034,0,0
time,11,pool_pages,jump_4,index_submit,20000,90,193,235,12979,0,0
time,11,pool_pages,jump_4,index_ack,20000,89,166,202,16314,0,0
time,11,pool_pages,jump_4,cross_page_submit_subset,3746,100,214,255,12734,0,0
time,11,pool_pages,jump_4,page_creation_subset,1248,170,230,257,331,0,0
time,11,pool_pages,jump_4,jump_submit_subset,2496,137,221,257,12734,0,0
time,11,pool_pages,rolling_32,price_query,20000,44,50,62,11167,0,0
time,11,pool_pages,rolling_32,near_range8,20000,62,81,106,12063,0,0
time,11,pool_pages,rolling_32,index_submit,20000,81,122,189,13004,0,0
time,11,pool_pages,rolling_32,index_ack,20000,74,124,176,16640,0,0
time,11,pool_pages,rolling_32,cross_page_submit_subset,305,93,327,370,399,0,0
time,11,pool_pages,rolling_32,page_creation_subset,10,320,370,370,399,0,0
time,11,pool_pages,outliers_32,price_query,20000,44,52,63,27650,0,0
time,11,pool_pages,outliers_32,near_range8,20000,62,81,106,3625,0,0
time,11,pool_pages,outliers_32,index_submit,20000,81,138,263,56071,0,0
time,11,pool_pages,outliers_32,index_ack,20000,74,127,214,342520,0,0
time,11,pool_pages,outliers_32,cross_page_submit_subset,305,93,355,463,599,0,0
time,11,pool_pages,outliers_32,page_creation_subset,10,305,463,463,599,0,0
time,11,pool_pages,outliers_32,far_query,20000,46,52,68,3595,0,0
time,11,pool_pages,boundary_32,price_query,20000,45,51,71,15778,0,0
time,11,pool_pages,boundary_32,near_range8,20000,66,83,111,56626,0,0
time,11,pool_pages,boundary_32,index_submit,20000,83,122,156,12771,0,0
time,11,pool_pages,boundary_32,index_ack,20000,112,167,214,51046,0,0
time,11,pool_pages,boundary_32,cross_page_submit_subset,625,102,132,145,223,0,0
time,11,pool_pages,jump_32,price_query,20000,46,59,82,40547,0,0
time,11,pool_pages,jump_32,near_range8,20000,64,91,122,13590,0,0
time,11,pool_pages,jump_32,index_submit,20000,84,162,251,34390,0,0
time,11,pool_pages,jump_32,index_ack,20000,76,162,247,623633,0,0
time,11,pool_pages,jump_32,cross_page_submit_subset,2652,95,233,315,533,0,0
time,11,pool_pages,jump_32,page_creation_subset,156,201,319,334,533,0,0
time,11,pool_pages,jump_32,jump_submit_subset,2496,95,236,315,533,0,0
time,11,pool_pages,rolling_128,price_query,20000,46,58,85,58307,0,0
time,11,pool_pages,rolling_128,near_range8,20000,64,92,122,36168,0,0
time,11,pool_pages,rolling_128,index_submit,20000,85,145,300,115514,0,0
time,11,pool_pages,rolling_128,index_ack,20000,80,153,325,38553,0,0
time,11,pool_pages,rolling_128,cross_page_submit_subset,312,105,259,587,889,0,0
time,11,pool_pages,rolling_128,page_creation_subset,3,587,587,587,889,0,0
time,11,pool_pages,outliers_128,price_query,20000,46,60,84,49694,0,0
time,11,pool_pages,outliers_128,near_range8,20000,64,89,130,19979,0,0
time,11,pool_pages,outliers_128,index_submit,20000,85,149,274,17365,0,0
time,11,pool_pages,outliers_128,index_ack,20000,80,133,225,18854,0,0
time,11,pool_pages,outliers_128,cross_page_submit_subset,312,105,177,562,672,0,0
time,11,pool_pages,outliers_128,page_creation_subset,3,562,562,562,672,0,0
time,11,pool_pages,outliers_128,far_query,20000,48,61,80,25500,0,0
time,11,pool_pages,boundary_128,price_query,20000,46,60,90,21361,0,0
time,11,pool_pages,boundary_128,near_range8,20000,67,103,177,18838,0,0
time,11,pool_pages,boundary_128,index_submit,20000,85,147,308,28819,0,0
time,11,pool_pages,boundary_128,index_ack,20000,117,183,357,55000,0,0
time,11,pool_pages,boundary_128,cross_page_submit_subset,313,102,176,284,5814,0,0
time,11,pool_pages,jump_128,price_query,20000,46,57,76,241,0,0
time,11,pool_pages,jump_128,near_range8,20000,64,94,147,18013,0,0
time,11,pool_pages,jump_128,index_submit,20000,85,154,348,24056,0,0
time,11,pool_pages,jump_128,index_ack,20000,80,173,316,14138,0,0
time,11,pool_pages,jump_128,cross_page_submit_subset,2704,97,310,480,23398,0,0
time,11,pool_pages,jump_128,page_creation_subset,77,288,480,480,493,0,0
time,11,pool_pages,jump_128,jump_submit_subset,2432,96,294,437,23398,0,0
time,11,pool_pages,4096books_4near_2far,price_query,20000,275,944,4232,125433,0,0
time,11,pool_pages,new_book_growth,index_insert,20000,329,11365,42376,324698,0,0
time,11,pool_pages,new_book_growth,page_block_growth_subset,313,11824,57338,70292,76756,0,0
time,11,pool_pages,new_book_growth,every64_subset,313,11824,57338,70292,76756,0,0
time,11,pool_pages,cancel_rehang_4near,index_cancel,20000,64,119,231,68179,0,0
time,11,pool_pages,cancel_rehang_4near,index_new,20000,175,289,565,27855,0,0
time,11,pool_pages,cancel_rehang_4near,index_accepted,20000,93,218,373,30609,0,0
time,11,pool_pages,cancel_rehang_4near,index_canceled,20000,105,228,371,12895,0,0
time,11,pool_pages,prototype_rolling_4_2far,price_query,20000,54,68,103,13170,0,0
time,11,pool_pages,prototype_rolling_4_2far,intent_to_command,20000,100,169,254,76445,0,0
time,11,pool_pages,prototype_rolling_4_2far,intent_queued,20000,46,61,94,134474,0,0
time,11,pool_pages,prototype_rolling_4_2far,replace_report,20000,109,224,416,33447,0,0
time,11,pool_pages,prototype_rolling_4_2far,ready_to_command,20000,120,303,468,27460,0,0
time,11,pool_pages,prototype_jump_4_2far,price_query,20000,54,83,154,22636,0,0
time,11,pool_pages,prototype_jump_4_2far,intent_to_command,20000,100,256,431,58720,0,0
time,11,pool_pages,prototype_jump_4_2far,intent_queued,20000,46,68,122,20636,0,0
time,11,pool_pages,prototype_jump_4_2far,replace_report,20000,110,286,515,20880,0,0
time,11,pool_pages,prototype_jump_4_2far,ready_to_command,20000,120,301,507,32191,0,0
time,11,pool_pages,prototype_rolling_32_2far,price_query,20000,54,67,99,21375,0,0
time,11,pool_pages,prototype_rolling_32_2far,intent_to_command,20000,100,149,243,10887,0,0
time,11,pool_pages,prototype_rolling_32_2far,intent_queued,20000,46,65,84,31894,0,0
time,11,pool_pages,prototype_rolling_32_2far,replace_report,20000,95,177,421,415215,0,0
time,11,pool_pages,prototype_rolling_32_2far,ready_to_command,20000,111,196,396,27828,0,0
time,11,pool_pages,prototype_jump_32_2far,price_query,20000,60,124,202,7213,0,0
time,11,pool_pages,prototype_jump_32_2far,intent_to_command,20000,136,287,812,161992,0,0
time,11,pool_pages,prototype_jump_32_2far,intent_queued,20000,53,110,289,40926,0,0
time,11,pool_pages,prototype_jump_32_2far,replace_report,20000,139,320,784,27795,0,0
time,11,pool_pages,prototype_jump_32_2far,ready_to_command,20000,167,322,732,66590,0,0
time,11,absl_btree,rolling_4,price_query,20000,43,56,86,25465,0,0
time,11,absl_btree,rolling_4,near_range8,20000,47,74,106,16763,0,0
time,11,absl_btree,rolling_4,index_submit,20000,85,154,221,59147,0,0
time,11,absl_btree,rolling_4,index_ack,20000,94,185,237,14774,0,0
time,11,absl_btree,rolling_4,cross_page_submit_subset,314,84,149,183,374,0,0
time,11,absl_btree,outliers_4,price_query,20000,43,60,124,30807,0,0
time,11,absl_btree,outliers_4,near_range8,20000,48,77,138,16814,0,0
time,11,absl_btree,outliers_4,index_submit,20000,84,228,441,22601,0,0
time,11,absl_btree,outliers_4,index_ack,20000,96,212,387,21994,0,0
time,11,absl_btree,outliers_4,cross_page_submit_subset,314,84,175,185,345,0,0
time,11,absl_btree,outliers_4,far_query,20000,42,60,125,4291,0,0
time,11,absl_btree,boundary_4,price_query,20000,43,64,141,14679,0,0
time,11,absl_btree,boundary_4,near_range8,20000,49,77,146,22522,0,0
time,11,absl_btree,boundary_4,index_submit,20000,85,170,2733,18154,0,0
time,11,absl_btree,boundary_4,index_ack,20000,121,220,2848,13244,0,0
time,11,absl_btree,boundary_4,cross_page_submit_subset,5000,84,139,343,3539,0,0
time,11,absl_btree,jump_4,price_query,20000,42,58,79,2748,0,0
time,11,absl_btree,jump_4,near_range8,20000,47,67,86,3504,0,0
time,11,absl_btree,jump_4,index_submit,20000,85,126,244,22055,0,0
time,11,absl_btree,jump_4,index_ack,20000,95,177,262,34999,0,0
time,11,absl_btree,jump_4,cross_page_submit_subset,3746,106,137,2753,22055,0,0
time,11,absl_btree,jump_4,jump_submit_subset,2496,107,144,2753,22055,0,0
time,11,absl_btree,rolling_32,price_query,20000,46,77,179,14524,0,0
time,11,absl_btree,rolling_32,near_range8,20000,61,92,166,32580,0,0
time,11,absl_btree,rolling_32,index_submit,20000,89,187,2871,49643,0,0
time,11,absl_btree,rolling_32,index_ack,20000,75,189,380,13627,0,0
time,11,absl_btree,rolling_32,cross_page_submit_subset,305,89,176,220,286,0,0
time,11,absl_btree,outliers_32,price_query,20000,46,81,213,5714,0,0
time,11,absl_btree,outliers_32,near_range8,20000,61,99,2755,3865,0,0
time,11,absl_btree,outliers_32,index_submit,20000,90,222,3102,25679,0,0
time,11,absl_btree,outliers_32,index_ack,20000,75,206,459,12029,0,0
time,11,absl_btree,outliers_32,cross_page_submit_subset,305,89,250,341,2525,0,0
time,11,absl_btree,outliers_32,far_query,20000,50,71,153,17637,0,0
time,11,absl_btree,boundary_32,price_query,20000,46,64,545,15739,0,0
time,11,absl_btree,boundary_32,near_range8,20000,59,76,2465,3452,0,0
time,11,absl_btree,boundary_32,index_submit,20000,88,202,2956,32511,0,0
time,11,absl_btree,boundary_32,index_ack,20000,130,240,3064,15143,0,0
time,11,absl_btree,boundary_32,cross_page_submit_subset,625,86,118,306,2936,0,0
time,11,absl_btree,jump_32,price_query,20000,46,80,141,58147,0,0
time,11,absl_btree,jump_32,near_range8,20000,61,97,228,19938,0,0
time,11,absl_btree,jump_32,index_submit,20000,97,216,2911,24510,0,0
time,11,absl_btree,jump_32,index_ack,20000,76,257,2987,22049,0,0
time,11,absl_btree,jump_32,cross_page_submit_subset,2652,135,289,3380,17224,0,0
time,11,absl_btree,jump_32,jump_submit_subset,2496,137,289,3380,17224,0,0
time,11,absl_btree,rolling_128,price_query,20000,52,98,241,25425,0,0
time,11,absl_btree,rolling_128,near_range8,20000,63,112,2804,11139,0,0
time,11,absl_btree,rolling_128,index_submit,20000,115,240,3196,77016,0,0
time,11,absl_btree,rolling_128,index_ack,20000,79,212,3102,41918,0,0
time,11,absl_btree,rolling_128,cross_page_submit_subset,312,113,241,351,15190,0,0
time,11,absl_btree,outliers_128,price_query,20000,53,102,323,23698,0,0
time,11,absl_btree,outliers_128,near_range8,20000,63,123,2954,13694,0,0
time,11,absl_btree,outliers_128,index_submit,20000,115,311,3166,15960,0,0
time,11,absl_btree,outliers_128,index_ack,20000,79,243,3099,17555,0,0
time,11,absl_btree,outliers_128,cross_page_submit_subset,312,114,242,399,404,0,0
time,11,absl_btree,outliers_128,far_query,20000,54,88,270,4019,0,0
time,11,absl_btree,boundary_128,price_query,20000,50,85,249,62057,0,0
time,11,absl_btree,boundary_128,near_range8,20000,62,104,2874,3690,0,0
time,11,absl_btree,boundary_128,index_submit,20000,104,193,3102,21936,0,0
time,11,absl_btree,boundary_128,index_ack,20000,138,322,3386,161333,0,0
time,11,absl_btree,boundary_128,cross_page_submit_subset,313,104,174,203,275,0,0
time,11,absl_btree,jump_128,price_query,20000,52,97,2897,26992,0,0
time,11,absl_btree,jump_128,near_range8,20000,63,119,2992,22317,0,0
time,11,absl_btree,jump_128,index_submit,20000,116,316,3175,16317,0,0
time,11,absl_btree,jump_128,index_ack,20000,79,373,3228,20618,0,0
time,11,absl_btree,jump_128,cross_page_submit_subset,2704,176,445,3259,3382,0,0
time,11,absl_btree,jump_128,jump_submit_subset,2432,179,446,3163,3382,0,0
time,11,absl_btree,4096books_4near_2far,price_query,20000,161,515,3147,28530,0,0
time,11,absl_btree,new_book_growth,index_insert,20000,223,3448,14989,1710938,0,0
time,11,absl_btree,new_book_growth,every64_subset,313,3089,16836,27218,30465,0,0
time,11,absl_btree,cancel_rehang_4near,index_cancel,20000,65,97,436,17492,0,0
time,11,absl_btree,cancel_rehang_4near,index_new,20000,118,177,3051,20902,0,0
time,11,absl_btree,cancel_rehang_4near,index_accepted,20000,87,132,254,27802,0,0
time,11,absl_btree,cancel_rehang_4near,index_canceled,20000,107,191,2808,42730,0,0
time,11,absl_btree,prototype_rolling_4_2far,price_query,20000,47,66,135,3688,0,0
time,11,absl_btree,prototype_rolling_4_2far,intent_to_command,20000,104,181,2898,22059,0,0
time,11,absl_btree,prototype_rolling_4_2far,intent_queued,20000,46,64,112,20986,0,0
time,11,absl_btree,prototype_rolling_4_2far,replace_report,20000,152,302,3226,41688,0,0
time,11,absl_btree,prototype_rolling_4_2far,ready_to_command,20000,136,272,3618,37790,0,0
time,11,absl_btree,prototype_jump_4_2far,price_query,20000,47,66,123,17464,0,0
time,11,absl_btree,prototype_jump_4_2far,intent_to_command,20000,104,191,429,14035,0,0
time,11,absl_btree,prototype_jump_4_2far,intent_queued,20000,46,66,103,36523,0,0
time,11,absl_btree,prototype_jump_4_2far,replace_report,20000,154,305,2911,18931,0,0
time,11,absl_btree,prototype_jump_4_2far,ready_to_command,20000,136,270,3027,21412,0,0
time,11,absl_btree,prototype_rolling_32_2far,price_query,20000,51,91,334,29507,0,0
time,11,absl_btree,prototype_rolling_32_2far,intent_to_command,20000,105,155,3130,23375,0,0
time,11,absl_btree,prototype_rolling_32_2far,intent_queued,20000,46,55,86,25500,0,0
time,11,absl_btree,prototype_rolling_32_2far,replace_report,20000,96,294,3044,124495,0,0
time,11,absl_btree,prototype_rolling_32_2far,ready_to_command,20000,116,265,3297,37666,0,0
time,11,absl_btree,prototype_jump_32_2far,price_query,20000,52,101,2326,21133,0,0
time,11,absl_btree,prototype_jump_32_2far,intent_to_command,20000,106,190,3305,39741,0,0
time,11,absl_btree,prototype_jump_32_2far,intent_queued,20000,46,61,195,19778,0,0
time,11,absl_btree,prototype_jump_32_2far,replace_report,20000,98,331,3090,27885,0,0
time,11,absl_btree,prototype_jump_32_2far,ready_to_command,20000,124,308,3272,14740,0,0
time,11,adaptive,rolling_4,price_query,20000,45,65,94,4009,0,0
time,11,adaptive,rolling_4,near_range8,20000,48,75,118,30008,0,0
time,11,adaptive,rolling_4,index_submit,20000,82,171,252,131347,0,0
time,11,adaptive,rolling_4,index_ack,20000,82,153,322,24390,0,0
time,11,adaptive,rolling_4,cross_page_submit_subset,314,83,177,212,314,0,0
time,11,adaptive,outliers_4,price_query,20000,44,64,88,4027,0,0
time,11,adaptive,outliers_4,near_range8,20000,48,73,106,16011,0,0
time,11,adaptive,outliers_4,index_submit,20000,82,212,414,42157,0,0
time,11,adaptive,outliers_4,index_ack,20000,82,144,238,34411,0,0
time,11,adaptive,outliers_4,cross_page_submit_subset,314,81,143,158,175,0,0
time,11,adaptive,outliers_4,far_query,20000,45,63,92,14672,0,0
time,11,adaptive,boundary_4,price_query,20000,44,62,110,5408,0,0
time,11,adaptive,boundary_4,near_range8,20000,49,75,145,24440,0,0
time,11,adaptive,boundary_4,index_submit,20000,81,153,267,4006,0,0
time,11,adaptive,boundary_4,index_ack,20000,100,161,344,39723,0,0
time,11,adaptive,boundary_4,cross_page_submit_subset,5000,80,139,358,4006,0,0
time,11,adaptive,jump_4,price_query,20000,44,60,89,16344,0,0
time,11,adaptive,jump_4,near_range8,20000,48,72,101,3087,0,0
time,11,adaptive,jump_4,index_submit,20000,82,154,272,31385,0,0
time,11,adaptive,jump_4,index_ack,20000,82,147,200,15256,0,0
time,11,adaptive,jump_4,cross_page_submit_subset,3746,92,180,2941,31385,0,0
time,11,adaptive,jump_4,jump_submit_subset,2496,94,193,3024,31385,0,0
time,11,adaptive,rolling_32,price_query,20000,49,84,113,15715,0,0
time,11,adaptive,rolling_32,near_range8,20000,65,102,153,26947,0,0
time,11,adaptive,rolling_32,index_submit,20000,85,159,251,15937,0,0
time,11,adaptive,rolling_32,index_ack,20000,76,134,193,14714,0,0
time,11,adaptive,rolling_32,cross_page_submit_subset,305,84,150,172,192,0,0
time,11,adaptive,outliers_32,price_query,20000,50,83,135,33553,0,0
time,11,adaptive,outliers_32,near_range8,20000,63,101,165,37317,0,0
time,11,adaptive,outliers_32,index_submit,20000,86,243,425,15498,0,0
time,11,adaptive,outliers_32,index_ack,20000,76,166,317,13831,0,0
time,11,adaptive,outliers_32,cross_page_submit_subset,305,86,264,312,497,0,0
time,11,adaptive,outliers_32,far_query,20000,50,66,104,16401,0,0
time,11,adaptive,boundary_32,price_query,20000,49,67,101,13709,0,0
time,11,adaptive,boundary_32,near_range8,20000,62,80,114,12291,0,0
time,11,adaptive,boundary_32,index_submit,20000,85,129,222,19896,0,0
time,11,adaptive,boundary_32,index_ack,20000,109,152,203,40960,0,0
time,11,adaptive,boundary_32,cross_page_submit_subset,625,86,131,153,186,0,0
time,11,adaptive,jump_32,price_query,20000,49,69,99,19116,0,0
time,11,adaptive,jump_32,near_range8,20000,64,87,120,20275,0,0
time,11,adaptive,jump_32,index_submit,20000,84,145,217,5222,0,0
time,11,adaptive,jump_32,index_ack,20000,76,150,219,13694,0,0
time,11,adaptive,jump_32,cross_page_submit_subset,2652,100,206,254,5222,0,0
time,11,adaptive,jump_32,jump_submit_subset,2496,100,207,254,5222,0,0
time,11,adaptive,rolling_128,price_query,20000,52,88,118,13872,0,0
time,11,adaptive,rolling_128,near_range8,20000,66,84,115,18304,0,0
time,11,adaptive,rolling_128,index_submit,20000,99,155,248,19943,0,0
time,11,adaptive,rolling_128,index_ack,20000,79,120,145,11406,0,0
time,11,adaptive,rolling_128,cross_page_submit_subset,312,103,155,174,180,0,0
time,11,adaptive,outliers_128,price_query,20000,52,82,106,11584,0,0
time,11,adaptive,outliers_128,near_range8,20000,65,70,86,12018,0,0
time,11,adaptive,outliers_128,index_submit,20000,98,161,260,17385,0,0
time,11,adaptive,outliers_128,index_ack,20000,79,118,140,12574,0,0
time,11,adaptive,outliers_128,cross_page_submit_subset,312,109,157,184,191,0,0
time,11,adaptive,outliers_128,far_query,20000,53,59,66,5429,0,0
time,11,adaptive,boundary_128,price_query,20000,53,85,109,15481,0,0
time,11,adaptive,boundary_128,near_range8,20000,65,81,107,12974,0,0
time,11,adaptive,boundary_128,index_submit,20000,107,153,194,12595,0,0
time,11,adaptive,boundary_128,index_ack,20000,120,192,251,29850,0,0
time,11,adaptive,boundary_128,cross_page_submit_subset,313,112,156,193,221,0,0
time,11,adaptive,jump_128,price_query,20000,52,90,116,22687,0,0
time,11,adaptive,jump_128,near_range8,20000,67,96,121,21385,0,0
time,11,adaptive,jump_128,index_submit,20000,103,216,338,12866,0,0
time,11,adaptive,jump_128,index_ack,20000,79,231,346,4529,0,0
time,11,adaptive,jump_128,cross_page_submit_subset,2704,112,290,1517,11331,0,0
time,11,adaptive,jump_128,jump_submit_subset,2432,116,292,1517,11331,0,0
time,11,adaptive,4096books_4near_2far,price_query,20000,153,501,869,82078,0,0
time,11,adaptive,new_book_growth,index_insert,20000,228,3651,13791,340186,0,0
time,11,adaptive,new_book_growth,every64_subset,313,3857,14972,22733,22806,0,0
time,11,adaptive,cancel_rehang_4near,index_cancel,20000,63,96,136,11992,0,0
time,11,adaptive,cancel_rehang_4near,index_new,20000,111,164,232,28858,0,0
time,11,adaptive,cancel_rehang_4near,index_accepted,20000,84,118,212,42384,0,0
time,11,adaptive,cancel_rehang_4near,index_canceled,20000,69,123,161,28241,0,0
time,11,adaptive,prototype_rolling_4_2far,price_query,20000,49,60,85,16016,0,0
time,11,adaptive,prototype_rolling_4_2far,intent_to_command,20000,99,154,239,198243,0,0
time,11,adaptive,prototype_rolling_4_2far,intent_queued,20000,46,58,73,17297,0,0
time,11,adaptive,prototype_rolling_4_2far,replace_report,20000,105,185,353,24851,0,0
time,11,adaptive,prototype_rolling_4_2far,ready_to_command,20000,121,220,427,32354,0,0
time,11,adaptive,prototype_jump_4_2far,price_query,20000,50,69,153,2918,0,0
time,11,adaptive,prototype_jump_4_2far,intent_to_command,20000,100,207,382,79910,0,0
time,11,adaptive,prototype_jump_4_2far,intent_queued,20000,46,66,96,25082,0,0
time,11,adaptive,prototype_jump_4_2far,replace_report,20000,106,232,487,23246,0,0
time,11,adaptive,prototype_jump_4_2far,ready_to_command,20000,124,258,448,36368,0,0
time,11,adaptive,prototype_rolling_32_2far,price_query,20000,57,72,106,12249,0,0
time,11,adaptive,prototype_rolling_32_2far,intent_to_command,20000,102,154,229,464231,0,0
time,11,adaptive,prototype_rolling_32_2far,intent_queued,20000,46,58,76,11381,0,0
time,11,adaptive,prototype_rolling_32_2far,replace_report,20000,96,162,270,26063,0,0
time,11,adaptive,prototype_rolling_32_2far,ready_to_command,20000,114,195,283,5309,0,0
time,11,adaptive,prototype_jump_32_2far,price_query,20000,57,98,148,18853,0,0
time,11,adaptive,prototype_jump_32_2far,intent_to_command,20000,102,180,309,34895,0,0
time,11,adaptive,prototype_jump_32_2far,intent_queued,20000,46,68,92,12632,0,0
time,11,adaptive,prototype_jump_32_2far,replace_report,20000,101,220,370,53073,0,0
time,11,adaptive,prototype_jump_32_2far,ready_to_command,20000,120,264,452,21120,0,0
time,0,timer,baseline,timer,20000,29,31,50,4231,0,0
