pass,round,backend,scenario,metric,n,p50_ns,p99_ns,p999_ns,max_ns,allocations,allocated_bytes
time,0,absl_btree,prices_4,summary_first,20000,46,64,103,36696,0,0
time,0,absl_btree,prices_4,summary_last,20000,45,65,99,4576,0,0
time,0,absl_btree,prices_4,summary_miss,20000,40,57,88,113804,0,0
time,0,absl_btree,prices_4,summary_random,20000,58,86,165,16773,0,0
time,0,absl_btree,prices_4,best,20000,34,55,75,5955,0,0
time,0,absl_btree,prices_4,sorted_range8,2000,48,52,85,3996,0,0
time,0,absl_btree,prices_4,orders_at,2000,48,57,120,4303,0,0
time,0,absl_btree,prices_4,batch64_summary,2000,1581,2113,31535,75923,0,0
time,0,absl_btree,updates_4,index_fill_visible,20000,67,109,241,17902,0,0
time,0,absl_btree,updates_4,index_replace_submit,20000,112,198,977,31782,0,0
time,0,absl_btree,updates_4,index_replace_ack_visible,20000,144,255,3121,33403,0,0
time,0,absl_btree,updates_4,index_cancel_submit,20000,67,108,173,99182,0,0
time,0,absl_btree,updates_4,index_terminal_visible,20000,108,199,2795,13764,0,0
time,0,absl_btree,updates_4,index_reactivate,20000,124,197,3093,30827,0,0
time,0,absl_btree,prices_8,summary_first,20000,46,60,89,3544,0,0
time,0,absl_btree,prices_8,summary_last,20000,47,63,99,19535,0,0
time,0,absl_btree,prices_8,summary_miss,20000,40,54,89,2917,0,0
time,0,absl_btree,prices_8,summary_random,20000,60,88,123,25823,0,0
time,0,absl_btree,prices_8,best,20000,34,53,78,3021,0,0
time,0,absl_btree,prices_8,sorted_range8,2000,58,101,162,232,0,0
time,0,absl_btree,prices_8,orders_at,2000,48,70,125,202,0,0
time,0,absl_btree,prices_8,batch64_summary,2000,1782,2401,20050,43346,0,0
time,0,absl_btree,updates_8,index_fill_visible,20000,67,99,159,15777,0,0
time,0,absl_btree,updates_8,index_replace_submit,20000,112,193,327,28001,0,0
time,0,absl_btree,updates_8,index_replace_ack_visible,20000,149,249,426,19288,0,0
time,0,absl_btree,updates_8,index_cancel_submit,20000,67,101,176,20950,0,0
time,0,absl_btree,updates_8,index_terminal_visible,20000,112,196,294,38272,0,0
time,0,absl_btree,updates_8,index_reactivate,20000,127,200,294,17282,0,0
time,0,absl_btree,prices_16,summary_first,20000,48,56,65,14610,0,0
time,0,absl_btree,prices_16,summary_last,20000,50,59,74,20090,0,0
time,0,absl_btree,prices_16,summary_miss,20000,42,48,61,13365,0,0
time,0,absl_btree,prices_16,summary_random,20000,65,90,109,3317,0,0
time,0,absl_btree,prices_16,best,20000,34,47,58,34823,0,0
time,0,absl_btree,prices_16,sorted_range8,2000,59,105,163,18594,0,0
time,0,absl_btree,prices_16,orders_at,2000,52,86,126,145,0,0
time,0,absl_btree,prices_16,batch64_summary,2000,2283,2518,14737,34280,0,0
time,0,absl_btree,updates_16,index_fill_visible,20000,67,107,197,16584,0,0
time,0,absl_btree,updates_16,index_replace_submit,20000,119,212,282,36415,0,0
time,0,absl_btree,updates_16,index_replace_ack_visible,20000,158,266,497,22597,0,0
time,0,absl_btree,updates_16,index_cancel_submit,20000,67,102,171,19446,0,0
time,0,absl_btree,updates_16,index_terminal_visible,20000,119,209,327,38272,0,0
time,0,absl_btree,updates_16,index_reactivate,20000,134,221,330,12835,0,0
time,0,absl_btree,prices_32,summary_first,20000,48,59,82,15831,0,0
time,0,absl_btree,prices_32,summary_last,20000,52,65,93,35988,0,0
time,0,absl_btree,prices_32,summary_miss,20000,42,53,70,3428,0,0
time,0,absl_btree,prices_32,summary_random,20000,72,97,117,14832,0,0
time,0,absl_btree,prices_32,best,20000,34,50,68,19703,0,0
time,0,absl_btree,prices_32,sorted_range8,2000,59,96,230,3203,0,0
time,0,absl_btree,prices_32,orders_at,2000,52,94,127,26366,0,0
time,0,absl_btree,prices_32,batch64_summary,2000,2535,3035,15961,39492,0,0
time,0,absl_btree,updates_32,index_fill_visible,20000,67,97,182,20793,0,0
time,0,absl_btree,updates_32,index_replace_submit,20000,139,235,364,24523,0,0
time,0,absl_btree,updates_32,index_replace_ack_visible,20000,177,288,446,19602,0,0
time,0,absl_btree,updates_32,index_cancel_submit,20000,67,97,141,19400,0,0
time,0,absl_btree,updates_32,index_terminal_visible,20000,130,225,322,23154,0,0
time,0,absl_btree,updates_32,index_reactivate,20000,151,236,356,19449,0,0
time,0,absl_btree,prices_128,summary_first,20000,51,64,94,18546,0,0
time,0,absl_btree,prices_128,summary_last,20000,56,70,111,15806,0,0
time,0,absl_btree,prices_128,summary_miss,20000,44,58,89,3358,0,0
time,0,absl_btree,prices_128,summary_random,20000,80,115,164,15205,0,0
time,0,absl_btree,prices_128,best,20000,34,49,76,44563,0,0
time,0,absl_btree,prices_128,sorted_range8,2000,62,109,369,60249,0,0
time,0,absl_btree,prices_128,orders_at,2000,60,111,199,209,0,0
time,0,absl_btree,updates_128,index_fill_visible,20000,69,112,220,26445,0,0
time,0,absl_btree,updates_128,index_replace_submit,20000,207,332,565,31187,0,0
time,0,absl_btree,updates_128,index_replace_ack_visible,20000,280,449,625,29378,0,0
time,0,absl_btree,updates_128,index_cancel_submit,20000,67,109,152,23973,0,0
time,0,absl_btree,updates_128,index_terminal_visible,20000,197,334,967,33720,0,0
time,0,absl_btree,updates_128,index_reactivate,20000,252,407,3360,19114,0,0
time,0,absl_btree,prices_1024,summary_first,4000,51,66,84,219,0,0
time,0,absl_btree,prices_1024,summary_last,4000,54,76,145,189,0,0
time,0,absl_btree,prices_1024,summary_miss,4000,44,58,75,115,0,0
time,0,absl_btree,prices_1024,summary_random,4000,100,171,229,17493,0,0
time,0,absl_btree,prices_1024,best,4000,34,45,59,204,0,0
time,0,absl_btree,prices_1024,sorted_range8,2000,61,106,193,228,0,0
time,0,absl_btree,prices_1024,orders_at,2000,97,149,199,230,0,0
time,0,absl_btree,updates_1024,index_fill_visible,4000,70,125,228,3438,0,0
time,0,absl_btree,updates_1024,index_replace_submit,4000,238,368,598,17361,0,0
time,0,absl_btree,updates_1024,index_replace_ack_visible,4000,292,506,3579,18978,0,0
time,0,absl_btree,updates_1024,index_cancel_submit,4000,67,104,140,17115,0,0
time,0,absl_btree,updates_1024,index_terminal_visible,4000,205,422,982,40237,0,0
time,0,absl_btree,updates_1024,index_reactivate,4000,280,473,732,4643,0,0
time,0,absl_btree,prices_4096,summary_first,4000,53,65,257,3530,0,0
time,0,absl_btree,prices_4096,summary_last,4000,61,80,239,22374,0,0
time,0,absl_btree,prices_4096,summary_miss,4000,47,59,122,4868,0,0
time,0,absl_btree,prices_4096,summary_random,4000,140,405,741,27651,0,0
time,0,absl_btree,prices_4096,best,4000,34,43,58,184,0,0
time,0,absl_btree,prices_4096,sorted_range8,2000,65,78,110,260,0,0
time,0,absl_btree,prices_4096,orders_at,2000,129,245,468,500,0,0
time,0,absl_btree,updates_4096,index_fill_visible,4000,70,216,325,460,0,0
time,0,absl_btree,updates_4096,index_replace_submit,4000,242,400,648,7865,0,0
time,0,absl_btree,updates_4096,index_replace_ack_visible,4000,256,544,740,6028,0,0
time,0,absl_btree,updates_4096,index_cancel_submit,4000,67,162,333,21431,0,0
time,0,absl_btree,updates_4096,index_terminal_visible,4000,207,389,884,27735,0,0
time,0,absl_btree,updates_4096,index_reactivate,4000,277,436,667,16322,0,0
time,0,absl_btree,crowded_32,summary_first,4000,46,55,143,12004,0,0
time,0,absl_btree,crowded_32,summary_last,4000,46,56,76,3615,0,0
time,0,absl_btree,crowded_32,summary_miss,4000,40,49,70,249,0,0
time,0,absl_btree,crowded_32,summary_random,4000,48,56,65,130,0,0
time,0,absl_btree,crowded_32,best,4000,34,43,57,28100,0,0
time,0,absl_btree,crowded_32,sorted_range8,2000,41,57,76,138,0,0
time,0,absl_btree,crowded_32,orders_at,2000,187,202,303,24863,0,0
time,0,absl_btree,crowded_32,batch64_summary,2000,515,799,4018,19012,0,0
time,0,absl_btree,crowded_4096,summary_first,4000,63,103,107,144,0,0
time,0,absl_btree,crowded_4096,summary_last,4000,46,78,115,221,0,0
time,0,absl_btree,crowded_4096,summary_miss,4000,40,58,79,11612,0,0
time,0,absl_btree,crowded_4096,summary_random,4000,48,63,88,241,0,0
time,0,absl_btree,crowded_4096,best,4000,34,58,76,81,0,0
time,0,absl_btree,crowded_4096,sorted_range8,2000,42,76,99,122,0,0
time,0,absl_btree,crowded_4096,orders_at,2000,24230,42589,55148,57183,0,0
time,0,absl_btree,reprice_random_8,index_replace_submit,20000,122,218,331,367549,0,0
time,0,absl_btree,reprice_random_8,index_replace_ack_visible,20000,172,289,416,138819,0,0
time,0,absl_btree,reprice_random_32,index_replace_submit,20000,165,303,454,44509,0,0
time,0,absl_btree,reprice_random_32,index_replace_ack_visible,20000,248,416,3530,24067,0,0
time,0,absl_btree,reprice_random_128,index_replace_submit,20000,211,380,2733,38161,0,0
time,0,absl_btree,reprice_random_128,index_replace_ack_visible,20000,302,505,3596,47248,0,0
time,0,absl_btree,reprice_random_1024,index_replace_submit,4000,288,457,640,13829,0,0
time,0,absl_btree,reprice_random_1024,index_replace_ack_visible,4000,357,556,871,18376,0,0
time,0,absl_btree,reprice_random_4096,index_replace_submit,4000,347,679,5398,29162,0,0
time,0,absl_btree,reprice_random_4096,index_replace_ack_visible,4000,416,728,1005,20393,0,0
time,0,absl_btree,mixed_4_q0,fill_plus_queries,20000,67,96,142,33902,0,0
time,0,absl_btree,mixed_4_q1,fill_plus_queries,20000,89,144,248,25855,0,0
time,0,absl_btree,mixed_4_q4,fill_plus_queries,20000,165,244,369,43673,0,0
time,0,absl_btree,mixed_4_q16,fill_plus_queries,20000,476,738,14411,49226,0,0
time,0,absl_btree,mixed_32_q0,fill_plus_queries,20000,67,91,178,35388,0,0
time,0,absl_btree,mixed_32_q1,fill_plus_queries,20000,102,177,3451,1826120,0,0
time,0,absl_btree,mixed_32_q4,fill_plus_queries,20000,223,282,719,34119,0,0
time,0,absl_btree,mixed_32_q16,fill_plus_queries,20000,689,962,14079,3357043,0,0
time,0,absl_btree,mixed_128_q0,fill_plus_queries,20000,86,111,240,30308,0,0
time,0,absl_btree,mixed_128_q1,fill_plus_queries,20000,109,178,3026,51688,0,0
time,0,absl_btree,mixed_128_q4,fill_plus_queries,20000,247,347,492,34440,0,0
time,0,absl_btree,mixed_128_q16,fill_plus_queries,20000,766,1018,12351,67677,0,0
time,0,absl_btree,mixed_4096_q0,fill_plus_queries,4000,68,222,345,661,0,0
time,0,absl_btree,mixed_4096_q1,fill_plus_queries,4000,150,225,347,16710,0,0
time,0,absl_btree,mixed_4096_q4,fill_plus_queries,4000,368,524,14633,24464,0,0
time,0,absl_btree,mixed_4096_q16,fill_plus_queries,4000,1208,1616,17577,36427,0,0
time,0,absl_btree,growth,new_order_price,20000,342,4006,15257,133761,0,0
time,0,absl_btree,growth,first32_subset,32,284,739,739,4906,0,0
time,0,absl_btree,growth,last_quarter_subset,5000,351,12261,14644,133761,0,0
time,0,absl_btree,growth,every64_subset,313,11098,27583,37205,133761,0,0
time,0,absl_btree,4096books_4near_2far,summary_random,20000,115,483,750,24715,0,0
time,0,absl_btree,prototype_4,intent_to_command,20000,123,223,396,23446,0,0
time,0,absl_btree,prototype_4,queued_intent,20000,46,65,114,6670,0,0
time,0,absl_btree,prototype_4,report_visible,20000,159,317,470,17419,0,0
time,0,absl_btree,prototype_4,ready_to_command,20000,132,269,456,16355,0,0
time,0,absl_btree,prototype_32,intent_to_command,20000,135,250,446,22625,0,0
time,0,absl_btree,prototype_32,queued_intent,20000,46,59,143,12669,0,0
time,0,absl_btree,prototype_32,report_visible,20000,186,344,524,20065,0,0
time,0,absl_btree,prototype_32,ready_to_command,20000,147,294,486,33223,0,0
time,0,absl_btree,prototype_128,intent_to_command,20000,195,329,485,21461,0,0
time,0,absl_btree,prototype_128,queued_intent,20000,46,62,155,13438,0,0
time,0,absl_btree,prototype_128,report_visible,20000,297,494,684,18152,0,0
time,0,absl_btree,prototype_128,ready_to_command,20000,225,394,594,28781,0,0
time,0,linear_prices,prices_4,summary_first,20000,46,57,146,17801,0,0
time,0,linear_prices,prices_4,summary_last,20000,44,56,159,23396,0,0
time,0,linear_prices,prices_4,summary_miss,20000,39,51,97,3682,0,0
time,0,linear_prices,prices_4,summary_random,20000,55,74,156,13667,0,0
time,0,linear_prices,prices_4,best,20000,34,49,80,3838,0,0
time,0,linear_prices,prices_4,sorted_range8,2000,63,111,252,341,0,0
time,0,linear_prices,prices_4,orders_at,2000,48,69,113,234,0,0
time,0,linear_prices,prices_4,batch64_summary,2000,1380,1731,14572,23181,0,0
time,0,linear_prices,updates_4,index_fill_visible,20000,66,122,299,15243,0,0
time,0,linear_prices,updates_4,index_replace_submit,20000,89,149,315,12149,0,0
time,0,linear_prices,updates_4,index_replace_ack_visible,20000,123,191,357,13624,0,0
time,0,linear_prices,updates_4,index_cancel_submit,20000,66,102,244,29796,0,0
time,0,linear_prices,updates_4,index_terminal_visible,20000,88,129,269,12750,0,0
time,0,linear_prices,updates_4,index_reactivate,20000,106,148,312,12030,0,0
time,0,linear_prices,prices_8,summary_first,20000,45,59,198,13598,0,0
time,0,linear_prices,prices_8,summary_last,20000,44,60,202,16596,0,0
time,0,linear_prices,prices_8,summary_miss,20000,42,55,154,14124,0,0
time,0,linear_prices,prices_8,summary_random,20000,55,79,205,24597,0,0
time,0,linear_prices,prices_8,best,20000,34,51,111,22873,0,0
time,0,linear_prices,prices_8,sorted_range8,2000,113,197,444,2828,0,0
time,0,linear_prices,prices_8,orders_at,2000,46,63,174,232,0,0
time,0,linear_prices,prices_8,batch64_summary,2000,1577,1966,17044,36981,0,0
time,0,linear_prices,updates_8,index_fill_visible,20000,66,102,238,11301,0,0
time,0,linear_prices,updates_8,index_replace_submit,20000,90,152,295,13075,0,0
time,0,linear_prices,updates_8,index_replace_ack_visible,20000,132,196,363,22001,0,0
time,0,linear_prices,updates_8,index_cancel_submit,20000,66,97,213,4246,0,0
time,0,linear_prices,updates_8,index_terminal_visible,20000,96,135,299,12041,0,0
time,0,linear_prices,updates_8,index_reactivate,20000,109,150,326,19288,0,0
time,0,linear_prices,prices_16,summary_first,20000,45,56,154,4211,0,0
time,0,linear_prices,prices_16,summary_last,20000,50,62,155,13353,0,0
time,0,linear_prices,prices_16,summary_miss,20000,48,58,164,11209,0,0
time,0,linear_prices,prices_16,summary_random,20000,57,78,142,3273,0,0
time,0,linear_prices,prices_16,best,20000,34,47,151,4148,0,0
time,0,linear_prices,prices_16,sorted_range8,2000,193,340,485,731,0,0
time,0,linear_prices,prices_16,orders_at,2000,59,82,148,3168,0,0
time,0,linear_prices,prices_16,batch64_summary,2000,1834,2247,19851,28653,0,0
time,0,linear_prices,updates_16,index_fill_visible,20000,66,107,237,11673,0,0
time,0,linear_prices,updates_16,index_replace_submit,20000,95,164,325,12307,0,0
time,0,linear_prices,updates_16,index_replace_ack_visible,20000,160,236,386,20584,0,0
time,0,linear_prices,updates_16,index_cancel_submit,20000,66,101,213,16446,0,0
time,0,linear_prices,updates_16,index_terminal_visible,20000,114,160,322,36407,0,0
time,0,linear_prices,updates_16,index_reactivate,20000,120,180,322,17510,0,0
time,0,linear_prices,prices_32,summary_first,20000,45,54,61,4002,0,0
time,0,linear_prices,prices_32,summary_last,20000,60,71,180,12486,0,0
time,0,linear_prices,prices_32,summary_miss,20000,59,67,172,12277,0,0
time,0,linear_prices,prices_32,summary_random,20000,63,87,212,13923,0,0
time,0,linear_prices,prices_32,best,20000,34,48,70,3437,0,0
time,0,linear_prices,prices_32,sorted_range8,2000,348,574,788,13945,0,0
time,0,linear_prices,prices_32,orders_at,2000,66,96,217,245,0,0
time,0,linear_prices,prices_32,batch64_summary,2000,2213,2610,15383,21480,0,0
time,0,linear_prices,updates_32,index_fill_visible,20000,67,116,290,14824,0,0
time,0,linear_prices,updates_32,index_replace_submit,20000,103,190,253,12225,0,0
time,0,linear_prices,updates_32,index_replace_ack_visible,20000,203,293,438,2123504,0,0
time,0,linear_prices,updates_32,index_cancel_submit,20000,66,104,271,15106,0,0
time,0,linear_prices,updates_32,index_terminal_visible,20000,148,205,360,23790,0,0
time,0,linear_prices,updates_32,index_reactivate,20000,131,212,351,39048,0,0
time,0,linear_prices,prices_128,summary_first,20000,45,53,67,2868,0,0
time,0,linear_prices,prices_128,summary_last,20000,89,116,159,30581,0,0
time,0,linear_prices,prices_128,summary_miss,20000,84,112,150,14600,0,0
time,0,linear_prices,prices_128,summary_random,20000,82,122,191,3086,0,0
time,0,linear_prices,prices_128,best,20000,34,50,60,4054,0,0
time,0,linear_prices,prices_128,sorted_range8,2000,1275,2054,21990,216209,0,0
time,0,linear_prices,prices_128,orders_at,2000,85,165,263,329,0,0
time,0,linear_prices,updates_128,index_fill_visible,20000,70,161,328,6480,0,0
time,0,linear_prices,updates_128,index_replace_submit,20000,166,315,452,80141,0,0
time,0,linear_prices,updates_128,index_replace_ack_visible,20000,443,608,4067,268810,0,0
time,0,linear_prices,updates_128,index_cancel_submit,20000,66,105,170,13864,0,0
time,0,linear_prices,updates_128,index_terminal_visible,20000,372,484,3711,173908,0,0
time,0,linear_prices,updates_128,index_reactivate,20000,245,417,4757,31440,0,0
time,0,linear_prices,prices_1024,summary_first,4000,46,69,141,301,0,0
time,0,linear_prices,prices_1024,summary_last,4000,416,749,4910,22849,0,0
time,0,linear_prices,prices_1024,summary_miss,4000,424,746,4862,24128,0,0
time,0,linear_prices,prices_1024,summary_random,4000,276,642,3477,13553,0,0
time,0,linear_prices,prices_1024,best,4000,34,60,85,12472,0,0
time,0,linear_prices,prices_1024,sorted_range8,2000,10098,31328,142943,1481632,0,0
time,0,linear_prices,prices_1024,orders_at,2000,311,751,2639,4973,0,0
time,0,linear_prices,updates_1024,index_fill_visible,4000,82,293,441,22245,0,0
time,0,linear_prices,updates_1024,index_replace_submit,4000,836,1713,28103,481145,0,0
time,0,linear_prices,updates_1024,index_replace_ack_visible,4000,2708,9402,45199,497454,0,0
time,0,linear_prices,updates_1024,index_cancel_submit,4000,68,141,295,4055,0,0
time,0,linear_prices,updates_1024,index_terminal_visible,4000,2436,7187,50126,746446,0,0
time,0,linear_prices,updates_1024,index_reactivate,4000,1213,2555,25086,275667,0,0
time,0,linear_prices,prices_4096,summary_first,4000,66,94,194,220,0,0
time,0,linear_prices,prices_4096,summary_last,4000,2080,2951,26122,41145,0,0
time,0,linear_prices,prices_4096,summary_miss,4000,2096,2967,28089,46420,0,0
time,0,linear_prices,prices_4096,summary_random,4000,1119,2877,15903,28159,0,0
time,0,linear_prices,prices_4096,best,4000,48,70,181,369,0,0
time,0,linear_prices,prices_4096,sorted_range8,2000,44092,94062,123002,137772,0,0
time,0,linear_prices,prices_4096,orders_at,2000,1111,2862,10210,30938,0,0
time,0,linear_prices,updates_4096,index_fill_visible,4000,91,498,705,1054,0,0
time,0,linear_prices,updates_4096,index_replace_submit,4000,3007,6862,34948,41731,0,0
time,0,linear_prices,updates_4096,index_replace_ack_visible,4000,10501,23105,57015,421504,0,0
time,0,linear_prices,updates_4096,index_cancel_submit,4000,89,213,358,597,0,0
time,0,linear_prices,updates_4096,index_terminal_visible,4000,9489,24910,52869,103334,0,0
time,0,linear_prices,updates_4096,index_reactivate,4000,4521,12429,53279,96056,0,0
time,0,linear_prices,crowded_32,summary_first,4000,45,56,101,2212,0,0
time,0,linear_prices,crowded_32,summary_last,4000,45,56,140,3946,0,0
time,0,linear_prices,crowded_32,summary_miss,4000,38,48,66,2231,0,0
time,0,linear_prices,crowded_32,summary_random,4000,47,56,74,16318,0,0
time,0,linear_prices,crowded_32,best,4000,34,44,58,13503,0,0
time,0,linear_prices,crowded_32,sorted_range8,2000,41,62,144,2189,0,0
time,0,linear_prices,crowded_32,orders_at,2000,187,221,324,3343,0,0
time,0,linear_prices,crowded_32,batch64_summary,2000,426,738,815,16117,0,0
time,0,linear_prices,crowded_4096,summary_first,4000,64,89,209,404,0,0
time,0,linear_prices,crowded_4096,summary_last,4000,46,72,97,2755,0,0
time,0,linear_prices,crowded_4096,summary_miss,4000,38,71,102,3445,0,0
time,0,linear_prices,crowded_4096,summary_random,4000,47,69,203,21105,0,0
time,0,linear_prices,crowded_4096,best,4000,34,62,78,222,0,0
time,0,linear_prices,crowded_4096,sorted_range8,2000,42,82,101,113,0,0
time,0,linear_prices,crowded_4096,orders_at,2000,24203,46052,175348,224323,0,0
time,0,linear_prices,reprice_random_8,index_replace_submit,20000,90,170,376,22024,0,0
time,0,linear_prices,reprice_random_8,index_replace_ack_visible,20000,132,222,411,24731,0,0
time,0,linear_prices,reprice_random_32,index_replace_submit,20000,100,184,287,16159,0,0
time,0,linear_prices,reprice_random_32,index_replace_ack_visible,20000,197,281,2677,25113,0,0
time,0,linear_prices,reprice_random_128,index_replace_submit,20000,171,518,4337,33253,0,0
time,0,linear_prices,reprice_random_128,index_replace_ack_visible,20000,469,4240,7691,131757,0,0
time,0,linear_prices,reprice_random_1024,index_replace_submit,4000,832,1684,5275,17923,0,0
time,0,linear_prices,reprice_random_1024,index_replace_ack_visible,4000,2631,5473,20665,28332,0,0
time,0,linear_prices,reprice_random_4096,index_replace_submit,4000,3071,6094,21242,29017,0,0
time,0,linear_prices,reprice_random_4096,index_replace_ack_visible,4000,10242,22676,39873,139104,0,0
time,0,linear_prices,mixed_4_q0,fill_plus_queries,20000,67,96,171,20369,0,0
time,0,linear_prices,mixed_4_q1,fill_plus_queries,20000,84,125,260,20615,0,0
time,0,linear_prices,mixed_4_q4,fill_plus_queries,20000,147,224,2405,33501,0,0
time,0,linear_prices,mixed_4_q16,fill_plus_queries,20000,407,602,4071,92195,0,0
time,0,linear_prices,mixed_32_q0,fill_plus_queries,20000,69,116,311,493766,0,0
time,0,linear_prices,mixed_32_q1,fill_plus_queries,20000,93,158,1040,752212,0,0
time,0,linear_prices,mixed_32_q4,fill_plus_queries,20000,193,273,2601,19338,0,0
time,0,linear_prices,mixed_32_q16,fill_plus_queries,20000,569,779,4831,1459982,0,0
time,0,linear_prices,mixed_128_q0,fill_plus_queries,20000,68,107,207,17560,0,0
time,0,linear_prices,mixed_128_q1,fill_plus_queries,20000,115,194,2519,26902,0,0
time,0,linear_prices,mixed_128_q4,fill_plus_queries,20000,281,542,4123,1750853,0,0
time,0,linear_prices,mixed_128_q16,fill_plus_queries,20000,912,3093,12304,120478,0,0
time,0,linear_prices,mixed_4096_q0,fill_plus_queries,4000,67,231,510,2683,0,0
time,0,linear_prices,mixed_4096_q1,fill_plus_queries,4000,1016,3653,13090,20118,0,0
time,0,linear_prices,mixed_4096_q4,fill_plus_queries,4000,3822,9023,30165,58572,0,0
time,0,linear_prices,mixed_4096_q16,fill_plus_queries,4000,14747,29693,50453,121340,0,0
time,0,linear_prices,growth,new_order_price,20000,11226,67455,210668,650397,0,0
time,0,linear_prices,growth,first32_subset,32,218,893,893,5968,0,0
time,0,linear_prices,growth,last_quarter_subset,5000,35389,174863,266804,650397,0,0
time,0,linear_prices,growth,every64_subset,313,17846,96861,120296,650397,0,0
time,0,linear_prices,4096books_4near_2far,summary_random,20000,107,652,903,23558,0,0
time,0,linear_prices,prototype_4,intent_to_command,20000,103,138,182,31343,0,0
time,0,linear_prices,prototype_4,queued_intent,20000,46,54,74,3648,0,0
time,0,linear_prices,prototype_4,report_visible,20000,133,222,2893,24614,0,0
time,0,linear_prices,prototype_4,ready_to_command,20000,112,185,2833,14653,0,0
time,0,linear_prices,prototype_32,intent_to_command,20000,115,167,3095,19605,0,0
time,0,linear_prices,prototype_32,queued_intent,20000,46,49,71,3978,0,0
time,0,linear_prices,prototype_32,report_visible,20000,220,327,3364,20322,0,0
time,0,linear_prices,prototype_32,ready_to_command,20000,125,211,3098,24009,0,0
time,0,linear_prices,prototype_128,intent_to_command,20000,187,225,3049,19375,0,0
time,0,linear_prices,prototype_128,queued_intent,20000,46,66,73,13979,0,0
time,0,linear_prices,prototype_128,report_visible,20000,467,558,3669,20443,0,0
time,0,linear_prices,prototype_128,ready_to_command,20000,205,269,3387,22537,0,0
time,0,linear_orders,prices_4,summary_first,20000,46,48,73,12313,0,0
time,0,linear_orders,prices_4,summary_last,20000,47,55,72,3291,0,0
time,0,linear_orders,prices_4,summary_miss,20000,45,47,72,3577,0,0
time,0,linear_orders,prices_4,summary_random,20000,62,73,90,17242,0,0
time,0,linear_orders,prices_4,best,20000,40,42,63,6928,0,0
time,0,linear_orders,prices_4,sorted_range8,2000,96,119,211,374,0,0
time,0,linear_orders,prices_4,orders_at,2000,54,63,72,144,0,0
time,0,linear_orders,prices_4,batch64_summary,2000,1899,4588,17006,30804,0,0
time,0,linear_orders,updates_4,index_fill_visible,20000,45,47,69,14379,0,0
time,0,linear_orders,updates_4,index_replace_submit,20000,45,51,120,14369,0,0
time,0,linear_orders,updates_4,index_replace_ack_visible,20000,45,47,70,3442,0,0
time,0,linear_orders,updates_4,index_cancel_submit,20000,45,47,70,2917,0,0
time,0,linear_orders,updates_4,index_terminal_visible,20000,50,53,70,31593,0,0
time,0,linear_orders,updates_4,index_reactivate,20000,46,48,70,18461,0,0
time,0,linear_orders,prices_8,summary_first,20000,54,72,99,13697,0,0
time,0,linear_orders,prices_8,summary_last,20000,54,72,100,18921,0,0
time,0,linear_orders,prices_8,summary_miss,20000,53,62,86,11952,0,0
time,0,linear_orders,prices_8,summary_random,20000,68,92,121,22467,0,0
time,0,linear_orders,prices_8,best,20000,44,63,82,12355,0,0
time,0,linear_orders,prices_8,sorted_range8,2000,204,250,284,550,0,0
time,0,linear_orders,prices_8,orders_at,2000,61,73,93,4258,0,0
time,0,linear_orders,prices_8,batch64_summary,2000,2488,2852,17010,32344,0,0
time,0,linear_orders,updates_8,index_fill_visible,20000,45,47,70,16798,0,0
time,0,linear_orders,updates_8,index_replace_submit,20000,45,50,72,11533,0,0
time,0,linear_orders,updates_8,index_replace_ack_visible,20000,45,47,70,3440,0,0
time,0,linear_orders,updates_8,index_cancel_submit,20000,45,47,69,12887,0,0
time,0,linear_orders,updates_8,index_terminal_visible,20000,50,53,71,3758,0,0
time,0,linear_orders,updates_8,index_reactivate,20000,46,48,70,28485,0,0
time,0,linear_orders,prices_16,summary_first,20000,62,78,117,14549,0,0
time,0,linear_orders,prices_16,summary_last,20000,63,75,99,3065,0,0
time,0,linear_orders,prices_16,summary_miss,20000,61,64,97,11679,0,0
time,0,linear_orders,prices_16,summary_random,20000,80,111,131,17101,0,0
time,0,linear_orders,prices_16,best,20000,48,64,76,20232,0,0
time,0,linear_orders,prices_16,sorted_range8,2000,349,426,624,14590,0,0
time,0,linear_orders,prices_16,orders_at,2000,71,87,102,181,0,0
time,0,linear_orders,prices_16,batch64_summary,2000,3899,6839,22630,30584,0,0
time,0,linear_orders,updates_16,index_fill_visible,20000,45,54,73,27800,0,0
time,0,linear_orders,updates_16,index_replace_submit,20000,45,55,115,8588,0,0
time,0,linear_orders,updates_16,index_replace_ack_visible,20000,45,56,91,2888,0,0
time,0,linear_orders,updates_16,index_cancel_submit,20000,45,57,108,2980,0,0
time,0,linear_orders,updates_16,index_terminal_visible,20000,50,59,154,17190,0,0
time,0,linear_orders,updates_16,index_reactivate,20000,46,59,136,14070,0,0
time,0,linear_orders,prices_32,summary_first,20000,82,104,211,12084,0,0
time,0,linear_orders,prices_32,summary_last,20000,83,106,161,11693,0,0
time,0,linear_orders,prices_32,summary_miss,20000,81,102,156,16086,0,0
time,0,linear_orders,prices_32,summary_random,20000,108,165,260,19121,0,0
time,0,linear_orders,prices_32,best,20000,63,83,118,14396,0,0
time,0,linear_orders,prices_32,sorted_range8,2000,653,914,1232,5286,0,0
time,0,linear_orders,prices_32,orders_at,2000,97,157,214,19334,0,0
time,0,linear_orders,prices_32,batch64_summary,2000,5216,8698,22327,24855,0,0
time,0,linear_orders,updates_32,index_fill_visible,20000,45,50,77,12517,0,0
time,0,linear_orders,updates_32,index_replace_submit,20000,45,51,87,12562,0,0
time,0,linear_orders,updates_32,index_replace_ack_visible,20000,45,50,71,16808,0,0
time,0,linear_orders,updates_32,index_cancel_submit,20000,45,49,78,32396,0,0
time,0,linear_orders,updates_32,index_terminal_visible,20000,50,53,80,12569,0,0
time,0,linear_orders,updates_32,index_reactivate,20000,46,50,77,12364,0,0
time,0,linear_orders,prices_128,summary_first,20000,222,307,3224,121061,0,0
time,0,linear_orders,prices_128,summary_last,20000,225,312,2687,15000,0,0
time,0,linear_orders,prices_128,summary_miss,20000,227,311,2951,20454,0,0
time,0,linear_orders,prices_128,summary_random,20000,247,321,2499,14418,0,0
time,0,linear_orders,prices_128,best,20000,162,189,418,35095,0,0
time,0,linear_orders,prices_128,sorted_range8,2000,2698,4198,16956,20877,0,0
time,0,linear_orders,prices_128,orders_at,2000,229,336,451,24350,0,0
time,0,linear_orders,updates_128,index_fill_visible,20000,45,58,70,37589,0,0
time,0,linear_orders,updates_128,index_replace_submit,20000,46,59,125,14146,0,0
time,0,linear_orders,updates_128,index_replace_ack_visible,20000,45,58,70,14850,0,0
time,0,linear_orders,updates_128,index_cancel_submit,20000,46,58,70,20095,0,0
time,0,linear_orders,updates_128,index_terminal_visible,20000,50,62,78,14943,0,0
time,0,linear_orders,updates_128,index_reactivate,20000,46,58,71,3100,0,0
time,0,linear_orders,prices_1024,summary_first,4000,1708,2255,16934,36101,0,0
time,0,linear_orders,prices_1024,summary_last,4000,1686,2702,15973,21217,0,0
time,0,linear_orders,prices_1024,summary_miss,4000,1710,2429,16521,24920,0,0
time,0,linear_orders,prices_1024,summary_random,4000,1729,2333,14492,24972,0,0
time,0,linear_orders,prices_1024,best,4000,1152,1225,7186,19359,0,0
time,0,linear_orders,prices_1024,sorted_range8,2000,20167,33995,44529,54468,0,0
time,0,linear_orders,prices_1024,orders_at,2000,1505,2220,6024,21651,0,0
time,0,linear_orders,updates_1024,index_fill_visible,4000,45,58,62,171,0,0
time,0,linear_orders,updates_1024,index_replace_submit,4000,45,58,88,332,0,0
time,0,linear_orders,updates_1024,index_replace_ack_visible,4000,45,57,62,2933,0,0
time,0,linear_orders,updates_1024,index_cancel_submit,4000,45,58,61,77,0,0
time,0,linear_orders,updates_1024,index_terminal_visible,4000,50,67,79,3794,0,0
time,0,linear_orders,updates_1024,index_reactivate,4000,46,59,70,2953,0,0
time,0,linear_orders,prices_4096,summary_first,4000,7010,14961,29107,46465,0,0
time,0,linear_orders,prices_4096,summary_last,4000,6855,13920,27033,53866,0,0
time,0,linear_orders,prices_4096,summary_miss,4000,6999,20069,28216,44546,0,0
time,0,linear_orders,prices_4096,summary_random,4000,6865,13811,27140,38261,0,0
time,0,linear_orders,prices_4096,best,4000,4467,8999,35365,85273,0,0
time,0,linear_orders,prices_4096,sorted_range8,2000,79770,106398,134825,215520,0,0
time,0,linear_orders,prices_4096,orders_at,2000,6961,11701,21021,21873,0,0
time,0,linear_orders,updates_4096,index_fill_visible,4000,44,56,62,131,0,0
time,0,linear_orders,updates_4096,index_replace_submit,4000,44,56,91,220,0,0
time,0,linear_orders,updates_4096,index_replace_ack_visible,4000,44,55,57,169,0,0
time,0,linear_orders,updates_4096,index_cancel_submit,4000,44,56,78,166,0,0
time,0,linear_orders,updates_4096,index_terminal_visible,4000,48,60,84,4084,0,0
time,0,linear_orders,updates_4096,index_reactivate,4000,45,57,64,176,0,0
time,0,linear_orders,crowded_32,summary_first,4000,112,119,173,277,0,0
time,0,linear_orders,crowded_32,summary_last,4000,115,120,136,12639,0,0
time,0,linear_orders,crowded_32,summary_miss,4000,78,95,125,199,0,0
time,0,linear_orders,crowded_32,summary_random,4000,114,119,178,3651,0,0
time,0,linear_orders,crowded_32,best,4000,63,64,86,4000,0,0
time,0,linear_orders,crowded_32,sorted_range8,2000,202,243,3660,36627,0,0
time,0,linear_orders,crowded_32,orders_at,2000,74,76,159,197,0,0
time,0,linear_orders,crowded_32,batch64_summary,2000,5259,8213,22525,23637,0,0
time,0,linear_orders,crowded_4096,summary_first,4000,12014,24315,30545,77370,0,0
time,0,linear_orders,crowded_4096,summary_last,4000,12023,24152,38434,59667,0,0
time,0,linear_orders,crowded_4096,summary_miss,4000,6840,18463,23162,56738,0,0
time,0,linear_orders,crowded_4096,summary_random,4000,12022,24130,31826,73832,0,0
time,0,linear_orders,crowded_4096,best,4000,4506,7558,23600,36815,0,0
time,0,linear_orders,crowded_4096,sorted_range8,2000,17599,33882,46952,48771,0,0
time,0,linear_orders,crowded_4096,orders_at,2000,6824,10427,27090,36022,0,0
time,0,linear_orders,reprice_random_8,index_replace_submit,20000,45,50,149,14486,0,0
time,0,linear_orders,reprice_random_8,index_replace_ack_visible,20000,45,47,50,3256,0,0
time,0,linear_orders,reprice_random_32,index_replace_submit,20000,46,51,69,12345,0,0
time,0,linear_orders,reprice_random_32,index_replace_ack_visible,20000,45,47,69,20525,0,0
time,0,linear_orders,reprice_random_128,index_replace_submit,20000,46,58,69,12385,0,0
time,0,linear_orders,reprice_random_128,index_replace_ack_visible,20000,45,57,69,12387,0,0
time,0,linear_orders,reprice_random_1024,index_replace_submit,4000,47,60,112,208,0,0
time,0,linear_orders,reprice_random_1024,index_replace_ack_visible,4000,45,57,68,116,0,0
time,0,linear_orders,reprice_random_4096,index_replace_submit,4000,47,60,81,165,0,0
time,0,linear_orders,reprice_random_4096,index_replace_ack_visible,4000,45,57,69,173,0,0
time,0,linear_orders,mixed_4_q0,fill_plus_queries,20000,45,47,61,9731,0,0
time,0,linear_orders,mixed_4_q1,fill_plus_queries,20000,74,88,97,12482,0,0
time,0,linear_orders,mixed_4_q4,fill_plus_queries,20000,172,213,243,32429,0,0
time,0,linear_orders,mixed_4_q16,fill_plus_queries,20000,528,628,3693,23411,0,0
time,0,linear_orders,mixed_32_q0,fill_plus_queries,20000,45,47,54,18582,0,0
time,0,linear_orders,mixed_32_q1,fill_plus_queries,20000,116,161,201,20276,0,0
time,0,linear_orders,mixed_32_q4,fill_plus_queries,20000,349,445,3404,21650,0,0
time,0,linear_orders,mixed_32_q16,fill_plus_queries,20000,1251,1481,14190,38665,0,0
time,0,linear_orders,mixed_128_q0,fill_plus_queries,20000,46,57,60,21013,0,0
time,0,linear_orders,mixed_128_q1,fill_plus_queries,20000,247,332,403,18967,0,0
time,0,linear_orders,mixed_128_q4,fill_plus_queries,20000,881,1063,12893,81008,0,0
time,0,linear_orders,mixed_128_q16,fill_plus_queries,20000,3365,6557,21393,38439,0,0
time,0,linear_orders,mixed_4096_q0,fill_plus_queries,4000,45,111,2804,2861,0,0
time,0,linear_orders,mixed_4096_q1,fill_plus_queries,4000,6772,14268,28218,52647,0,0
time,0,linear_orders,mixed_4096_q4,fill_plus_queries,4000,28590,43812,55640,65107,0,0
time,0,linear_orders,mixed_4096_q16,fill_plus_queries,4000,110896,136990,166053,249995,0,0
time,0,linear_orders,growth,new_order_price,20000,86,1721,2955,73508,0,0
time,0,linear_orders,growth,first32_subset,32,91,430,430,4752,0,0
time,0,linear_orders,growth,last_quarter_subset,5000,88,672,2774,73508,0,0
time,0,linear_orders,growth,every64_subset,313,1907,9606,34639,73508,0,0
time,0,linear_orders,4096books_4near_2far,summary_random,20000,179,475,752,33865,0,0
time,0,linear_orders,prototype_4,intent_to_command,20000,61,69,86,2991,0,0
time,0,linear_orders,prototype_4,queued_intent,20000,46,48,63,32771,0,0
time,0,linear_orders,prototype_4,report_visible,20000,62,67,169,18664,0,0
time,0,linear_orders,prototype_4,ready_to_command,20000,70,99,146,3969,0,0
time,0,linear_orders,prototype_32,intent_to_command,20000,61,64,88,12517,0,0
time,0,linear_orders,prototype_32,queued_intent,20000,46,48,62,227,0,0
time,0,linear_orders,prototype_32,report_visible,20000,62,65,140,9017,0,0
time,0,linear_orders,prototype_32,ready_to_command,20000,70,99,137,17103,0,0
time,0,linear_orders,prototype_128,intent_to_command,20000,61,73,91,19703,0,0
time,0,linear_orders,prototype_128,queued_intent,20000,46,62,69,12647,0,0
time,0,linear_orders,prototype_128,report_visible,20000,63,72,148,13365,0,0
time,0,linear_orders,prototype_128,ready_to_command,20000,70,100,140,3675,0,0
time,0,sorted_deque,prices_4,summary_first,20000,46,48,61,4965,0,0
time,0,sorted_deque,prices_4,summary_last,20000,46,53,62,14683,0,0
time,0,sorted_deque,prices_4,summary_miss,20000,39,41,57,11492,0,0
time,0,sorted_deque,prices_4,summary_random,20000,57,69,82,13582,0,0
time,0,sorted_deque,prices_4,best,20000,34,48,57,12493,0,0
time,0,sorted_deque,prices_4,sorted_range8,2000,49,54,120,12978,0,0
time,0,sorted_deque,prices_4,orders_at,2000,49,64,168,293,0,0
time,0,sorted_deque,prices_4,batch64_summary,2000,1435,1574,14513,21924,0,0
time,0,sorted_deque,updates_4,index_fill_visible,20000,67,83,189,12171,0,0
time,0,sorted_deque,updates_4,index_replace_submit,20000,104,144,329,19437,0,0
time,0,sorted_deque,updates_4,index_replace_ack_visible,20000,115,143,274,28789,0,0
time,0,sorted_deque,updates_4,index_cancel_submit,20000,67,83,123,20684,0,0
time,0,sorted_deque,updates_4,index_terminal_visible,20000,84,109,256,14559,0,0
time,0,sorted_deque,updates_4,index_reactivate,20000,111,136,253,14123,0,0
time,0,sorted_deque,prices_8,summary_first,20000,46,49,64,21074,0,0
time,0,sorted_deque,prices_8,summary_last,20000,46,55,78,12892,0,0
time,0,sorted_deque,prices_8,summary_miss,20000,39,41,60,2625,0,0
time,0,sorted_deque,prices_8,summary_random,20000,58,71,83,19337,0,0
time,0,sorted_deque,prices_8,best,20000,34,42,57,12131,0,0
time,0,sorted_deque,prices_8,sorted_range8,2000,57,60,121,4460,0,0
time,0,sorted_deque,prices_8,orders_at,2000,49,63,94,214,0,0
time,0,sorted_deque,prices_8,batch64_summary,2000,1597,1730,14758,21207,0,0
time,0,sorted_deque,updates_8,index_fill_visible,20000,67,76,112,19755,0,0
time,0,sorted_deque,updates_8,index_replace_submit,20000,104,134,207,13528,0,0
time,0,sorted_deque,updates_8,index_replace_ack_visible,20000,117,141,212,18172,0,0
time,0,sorted_deque,updates_8,index_cancel_submit,20000,67,80,102,12746,0,0
time,0,sorted_deque,updates_8,index_terminal_visible,20000,85,105,138,337,0,0
time,0,sorted_deque,updates_8,index_reactivate,20000,114,137,187,12765,0,0
time,0,sorted_deque,prices_16,summary_first,20000,46,49,62,2768,0,0
time,0,sorted_deque,prices_16,summary_last,20000,50,60,76,14436,0,0
time,0,sorted_deque,prices_16,summary_miss,20000,39,41,58,3390,0,0
time,0,sorted_deque,prices_16,summary_random,20000,60,77,88,14184,0,0
time,0,sorted_deque,prices_16,best,20000,34,41,58,3062,0,0
time,0,sorted_deque,prices_16,sorted_range8,2000,57,69,131,3204,0,0
time,0,sorted_deque,prices_16,orders_at,2000,50,76,109,228,0,0
time,0,sorted_deque,prices_16,batch64_summary,2000,1810,2005,16114,22406,0,0
time,0,sorted_deque,updates_16,index_fill_visible,20000,67,93,105,18053,0,0
time,0,sorted_deque,updates_16,index_replace_submit,20000,109,142,200,18851,0,0
time,0,sorted_deque,updates_16,index_replace_ack_visible,20000,123,148,200,12133,0,0
time,0,sorted_deque,updates_16,index_cancel_submit,20000,67,76,99,12330,0,0
time,0,sorted_deque,updates_16,index_terminal_visible,20000,86,106,150,12245,0,0
time,0,sorted_deque,updates_16,index_reactivate,20000,121,146,205,16857,0,0
time,0,sorted_deque,prices_32,summary_first,20000,47,52,73,75081,0,0
time,0,sorted_deque,prices_32,summary_last,20000,52,59,74,15460,0,0
time,0,sorted_deque,prices_32,summary_miss,20000,46,49,67,3259,0,0
time,0,sorted_deque,prices_32,summary_random,20000,79,103,116,12271,0,0
time,0,sorted_deque,prices_32,best,20000,34,47,58,28693,0,0
time,0,sorted_deque,prices_32,sorted_range8,2000,58,62,101,145,0,0
time,0,sorted_deque,prices_32,orders_at,2000,54,96,117,171,0,0
time,0,sorted_deque,prices_32,batch64_summary,2000,2948,3560,17402,23141,0,0
time,0,sorted_deque,updates_32,index_fill_visible,20000,67,92,153,14158,0,0
time,0,sorted_deque,updates_32,index_replace_submit,20000,110,155,249,17340,0,0
time,0,sorted_deque,updates_32,index_replace_ack_visible,20000,124,153,227,18573,0,0
time,0,sorted_deque,updates_32,index_cancel_submit,20000,67,85,104,13060,0,0
time,0,sorted_deque,updates_32,index_terminal_visible,20000,87,112,244,12833,0,0
time,0,sorted_deque,updates_32,index_reactivate,20000,122,153,253,14117,0,0
time,0,sorted_deque,prices_128,summary_first,20000,49,54,74,3413,0,0
time,0,sorted_deque,prices_128,summary_last,20000,53,61,72,20008,0,0
time,0,sorted_deque,prices_128,summary_miss,20000,47,50,67,13616,0,0
time,0,sorted_deque,prices_128,summary_random,20000,93,130,156,34868,0,0
time,0,sorted_deque,prices_128,best,20000,34,41,50,19034,0,0
time,0,sorted_deque,prices_128,sorted_range8,2000,60,66,105,233,0,0
time,0,sorted_deque,prices_128,orders_at,2000,69,119,144,185,0,0
time,0,sorted_deque,updates_128,index_fill_visible,20000,70,91,137,17836,0,0
time,0,sorted_deque,updates_128,index_replace_submit,20000,123,193,248,14548,0,0
time,0,sorted_deque,updates_128,index_replace_ack_visible,20000,132,202,280,18958,0,0
time,0,sorted_deque,updates_128,index_cancel_submit,20000,67,83,96,14374,0,0
time,0,sorted_deque,updates_128,index_terminal_visible,20000,93,141,165,17108,0,0
time,0,sorted_deque,updates_128,index_reactivate,20000,132,243,315,14405,0,0
time,0,sorted_deque,prices_1024,summary_first,4000,52,66,109,3000,0,0
time,0,sorted_deque,prices_1024,summary_last,4000,58,66,103,14258,0,0
time,0,sorted_deque,prices_1024,summary_miss,4000,51,54,68,180,0,0
time,0,sorted_deque,prices_1024,summary_random,4000,120,179,282,4178,0,0
time,0,sorted_deque,prices_1024,best,4000,34,37,49,70578,0,0
time,0,sorted_deque,prices_1024,sorted_range8,2000,62,70,125,195,0,0
time,0,sorted_deque,prices_1024,orders_at,2000,118,195,263,14033,0,0
time,0,sorted_deque,updates_1024,index_fill_visible,4000,70,102,170,3175,0,0
time,0,sorted_deque,updates_1024,index_replace_submit,4000,141,369,1663,4385,0,0
time,0,sorted_deque,updates_1024,index_replace_ack_visible,4000,151,349,451,15380,0,0
time,0,sorted_deque,updates_1024,index_cancel_submit,4000,67,82,96,15135,0,0
time,0,sorted_deque,updates_1024,index_terminal_visible,4000,102,250,373,22512,0,0
time,0,sorted_deque,updates_1024,index_reactivate,4000,151,457,3457,4814,0,0
time,0,sorted_deque,prices_4096,summary_first,4000,55,71,101,218,0,0
time,0,sorted_deque,prices_4096,summary_last,4000,60,71,124,3102,0,0
time,0,sorted_deque,prices_4096,summary_miss,4000,54,59,178,3442,0,0
time,0,sorted_deque,prices_4096,summary_random,4000,162,354,537,3934,0,0
time,0,sorted_deque,prices_4096,best,4000,34,40,77,4524,0,0
time,0,sorted_deque,prices_4096,sorted_range8,2000,66,79,177,2797,0,0
time,0,sorted_deque,prices_4096,orders_at,2000,153,320,439,17440,0,0
time,0,sorted_deque,updates_4096,index_fill_visible,4000,71,196,329,3240,0,0
time,0,sorted_deque,updates_4096,index_replace_submit,4000,126,152,3405,14622,0,0
time,0,sorted_deque,updates_4096,index_replace_ack_visible,4000,140,183,3035,3867,0,0
time,0,sorted_deque,updates_4096,index_cancel_submit,4000,67,84,3080,27718,0,0
time,0,sorted_deque,updates_4096,index_terminal_visible,4000,93,115,339,5174,0,0
time,0,sorted_deque,updates_4096,index_reactivate,4000,147,173,3156,21668,0,0
time,0,sorted_deque,crowded_32,summary_first,4000,46,48,103,153,0,0
time,0,sorted_deque,crowded_32,summary_last,4000,47,49,128,2715,0,0
time,0,sorted_deque,crowded_32,summary_miss,4000,39,41,83,2591,0,0
time,0,sorted_deque,crowded_32,summary_random,4000,48,50,2611,14619,0,0
time,0,sorted_deque,crowded_32,best,4000,34,36,66,16037,0,0
time,0,sorted_deque,crowded_32,sorted_range8,2000,42,45,78,2554,0,0
time,0,sorted_deque,crowded_32,orders_at,2000,187,219,2803,4145,0,0
time,0,sorted_deque,crowded_32,batch64_summary,2000,482,491,3909,14653,0,0
time,0,sorted_deque,crowded_4096,summary_first,4000,64,108,111,13544,0,0
time,0,sorted_deque,crowded_4096,summary_last,4000,47,61,62,63,0,0
time,0,sorted_deque,crowded_4096,summary_miss,4000,39,77,79,3267,0,0
time,0,sorted_deque,crowded_4096,summary_random,4000,48,61,63,15044,0,0
time,0,sorted_deque,crowded_4096,best,4000,34,57,58,60,0,0
time,0,sorted_deque,crowded_4096,sorted_range8,2000,43,57,69,87,0,0
time,0,sorted_deque,crowded_4096,orders_at,2000,24197,38948,55055,76669,0,0
time,0,sorted_deque,reprice_random_8,index_replace_submit,20000,116,158,217,20173,0,0
time,0,sorted_deque,reprice_random_8,index_replace_ack_visible,20000,140,170,370,37489,0,0
time,0,sorted_deque,reprice_random_32,index_replace_submit,20000,142,181,270,14668,0,0
time,0,sorted_deque,reprice_random_32,index_replace_ack_visible,20000,180,224,259,18940,0,0
time,0,sorted_deque,reprice_random_128,index_replace_submit,20000,171,245,334,14926,0,0
time,0,sorted_deque,reprice_random_128,index_replace_ack_visible,20000,217,268,316,21118,0,0
time,0,sorted_deque,reprice_random_1024,index_replace_submit,4000,362,489,4283,19201,0,0
time,0,sorted_deque,reprice_random_1024,index_replace_ack_visible,4000,318,422,523,13803,0,0
time,0,sorted_deque,reprice_random_4096,index_replace_submit,4000,832,2725,15282,34859,0,0
time,0,sorted_deque,reprice_random_4096,index_replace_ack_visible,4000,784,1686,4779,14808,0,0
time,0,sorted_deque,mixed_4_q0,fill_plus_queries,20000,67,70,92,14530,0,0
time,0,sorted_deque,mixed_4_q1,fill_plus_queries,20000,87,110,137,18184,0,0
time,0,sorted_deque,mixed_4_q4,fill_plus_queries,20000,159,196,348,18372,0,0
time,0,sorted_deque,mixed_4_q16,fill_plus_queries,20000,445,592,3775,32336,0,0
time,0,sorted_deque,mixed_32_q0,fill_plus_queries,20000,67,92,95,12860,0,0
time,0,sorted_deque,mixed_32_q1,fill_plus_queries,20000,103,138,171,22597,0,0
time,0,sorted_deque,mixed_32_q4,fill_plus_queries,20000,224,292,414,31691,0,0
time,0,sorted_deque,mixed_32_q16,fill_plus_queries,20000,675,838,4997,52985,0,0
time,0,sorted_deque,mixed_128_q0,fill_plus_queries,20000,67,86,97,13266,0,0
time,0,sorted_deque,mixed_128_q1,fill_plus_queries,20000,118,158,192,17827,0,0
time,0,sorted_deque,mixed_128_q4,fill_plus_queries,20000,275,365,518,20768,0,0
time,0,sorted_deque,mixed_128_q16,fill_plus_queries,20000,872,1084,12916,61907,0,0
time,0,sorted_deque,mixed_4096_q0,fill_plus_queries,4000,67,156,361,17364,0,0
time,0,sorted_deque,mixed_4096_q1,fill_plus_queries,4000,179,286,452,29169,0,0
time,0,sorted_deque,mixed_4096_q4,fill_plus_queries,4000,448,624,4754,22268,0,0
time,0,sorted_deque,mixed_4096_q16,fill_plus_queries,4000,1541,1960,16083,37412,0,0
time,0,sorted_deque,growth,new_order_price,20000,192,2425,14930,561843,0,0
time,0,sorted_deque,growth,first32_subset,32,221,506,506,4093,0,0
time,0,sorted_deque,growth,last_quarter_subset,5000,197,11696,16280,142068,0,0
time,0,sorted_deque,growth,every64_subset,313,2778,21146,49469,142068,0,0
time,0,sorted_deque,4096books_4near_2far,summary_random,20000,112,436,653,38667,0,0
time,0,sorted_deque,prototype_4,intent_to_command,20000,114,146,201,13400,0,0
time,0,sorted_deque,prototype_4,queued_intent,20000,46,60,73,5398,0,0
time,0,sorted_deque,prototype_4,report_visible,20000,131,169,316,20685,0,0
time,0,sorted_deque,prototype_4,ready_to_command,20000,125,170,403,27308,0,0
time,0,sorted_deque,prototype_32,intent_to_command,20000,123,201,329,21064,0,0
time,0,sorted_deque,prototype_32,queued_intent,20000,46,60,86,17599,0,0
time,0,sorted_deque,prototype_32,report_visible,20000,139,226,380,23098,0,0
time,0,sorted_deque,prototype_32,ready_to_command,20000,133,236,378,19764,0,0
time,0,sorted_deque,prototype_128,intent_to_command,20000,155,269,355,21614,0,0
time,0,sorted_deque,prototype_128,queued_intent,20000,46,66,106,22728,0,0
time,0,sorted_deque,prototype_128,report_visible,20000,168,310,439,19870,0,0
time,0,sorted_deque,prototype_128,ready_to_command,20000,164,327,485,33669,0,0
time,0,sorted_deque_soa,prices_4,summary_first,20000,55,64,77,14407,0,0
time,0,sorted_deque_soa,prices_4,summary_last,20000,53,62,78,24321,0,0
time,0,sorted_deque_soa,prices_4,summary_miss,20000,47,56,63,13129,0,0
time,0,sorted_deque_soa,prices_4,summary_random,20000,57,63,72,46233,0,0
time,0,sorted_deque_soa,prices_4,best,20000,34,44,56,1569819,0,0
time,0,sorted_deque_soa,prices_4,sorted_range8,2000,58,76,87,131,0,0
time,0,sorted_deque_soa,prices_4,orders_at,2000,58,72,181,12984,0,0
time,0,sorted_deque_soa,prices_4,batch64_summary,2000,995,1169,4825,13377,0,0
time,0,sorted_deque_soa,updates_4,index_fill_visible,20000,68,100,297,17149,0,0
time,0,sorted_deque_soa,updates_4,index_replace_submit,20000,111,168,241,22558,0,0
time,0,sorted_deque_soa,updates_4,index_replace_ack_visible,20000,127,171,243,17545,0,0
time,0,sorted_deque_soa,updates_4,index_cancel_submit,20000,68,90,122,21000,0,0
time,0,sorted_deque_soa,updates_4,index_terminal_visible,20000,88,123,190,18303,0,0
time,0,sorted_deque_soa,updates_4,index_reactivate,20000,120,159,237,12281,0,0
time,0,sorted_deque_soa,prices_8,summary_first,20000,57,64,73,14438,0,0
time,0,sorted_deque_soa,prices_8,summary_last,20000,55,63,83,17765,0,0
time,0,sorted_deque_soa,prices_8,summary_miss,20000,49,57,66,11852,0,0
time,0,sorted_deque_soa,prices_8,summary_random,20000,58,64,72,15698,0,0
time,0,sorted_deque_soa,prices_8,best,20000,34,42,50,11489,0,0
time,0,sorted_deque_soa,prices_8,sorted_range8,2000,68,71,170,4221,0,0
time,0,sorted_deque_soa,prices_8,orders_at,2000,60,67,80,97,0,0
time,0,sorted_deque_soa,prices_8,batch64_summary,2000,1027,1595,5277,19654,0,0
time,0,sorted_deque_soa,updates_8,index_fill_visible,20000,68,100,226,15346,0,0
time,0,sorted_deque_soa,updates_8,index_replace_submit,20000,115,183,270,11668,0,0
time,0,sorted_deque_soa,updates_8,index_replace_ack_visible,20000,131,185,251,21546,0,0
time,0,sorted_deque_soa,updates_8,index_cancel_submit,20000,68,95,123,19592,0,0
time,0,sorted_deque_soa,updates_8,index_terminal_visible,20000,90,134,183,22317,0,0
time,0,sorted_deque_soa,updates_8,index_reactivate,20000,126,184,264,24472,0,0
time,0,sorted_deque_soa,prices_16,summary_first,20000,61,66,86,4991,0,0
time,0,sorted_deque_soa,prices_16,summary_last,20000,60,68,84,17230,0,0
time,0,sorted_deque_soa,prices_16,summary_miss,20000,54,58,71,21656,0,0
time,0,sorted_deque_soa,prices_16,summary_random,20000,62,68,82,29053,0,0
time,0,sorted_deque_soa,prices_16,best,20000,34,39,58,76906,0,0
time,0,sorted_deque_soa,prices_16,sorted_range8,2000,72,75,109,3502,0,0
time,0,sorted_deque_soa,prices_16,orders_at,2000,66,73,103,3856,0,0
time,0,sorted_deque_soa,prices_16,batch64_summary,2000,1368,1822,16803,29301,0,0
time,0,sorted_deque_soa,updates_16,index_fill_visible,20000,68,99,179,3574,0,0
time,0,sorted_deque_soa,updates_16,index_replace_submit,20000,130,203,307,41551,0,0
time,0,sorted_deque_soa,updates_16,index_replace_ack_visible,20000,142,205,370,20064,0,0
time,0,sorted_deque_soa,updates_16,index_cancel_submit,20000,68,98,177,17327,0,0
time,0,sorted_deque_soa,updates_16,index_terminal_visible,20000,95,143,211,12956,0,0
time,0,sorted_deque_soa,updates_16,index_reactivate,20000,144,208,376,25217,0,0
time,0,sorted_deque_soa,prices_32,summary_first,20000,69,81,112,12683,0,0
time,0,sorted_deque_soa,prices_32,summary_last,20000,67,80,106,32339,0,0
time,0,sorted_deque_soa,prices_32,summary_miss,20000,61,74,102,18745,0,0
time,0,sorted_deque_soa,prices_32,summary_random,20000,71,83,113,19710,0,0
time,0,sorted_deque_soa,prices_32,best,20000,34,45,63,11464,0,0
time,0,sorted_deque_soa,prices_32,sorted_range8,2000,80,84,121,211,0,0
time,0,sorted_deque_soa,prices_32,orders_at,2000,72,83,114,286,0,0
time,0,sorted_deque_soa,prices_32,batch64_summary,2000,1808,2445,19562,24834,0,0
time,0,sorted_deque_soa,updates_32,index_fill_visible,20000,68,98,174,15798,0,0
time,0,sorted_deque_soa,updates_32,index_replace_submit,20000,155,238,3151,44931,0,0
time,0,sorted_deque_soa,updates_32,index_replace_ack_visible,20000,160,228,415,26618,0,0
time,0,sorted_deque_soa,updates_32,index_cancel_submit,20000,68,96,140,43670,0,0
time,0,sorted_deque_soa,updates_32,index_terminal_visible,20000,105,158,259,19001,0,0
time,0,sorted_deque_soa,updates_32,index_reactivate,20000,177,253,404,32394,0,0
time,0,sorted_deque_soa,prices_128,summary_first,20000,50,61,82,44395,0,0
time,0,sorted_deque_soa,prices_128,summary_last,20000,52,64,85,3805,0,0
time,0,sorted_deque_soa,prices_128,summary_miss,20000,44,55,72,13279,0,0
time,0,sorted_deque_soa,prices_128,summary_random,20000,89,121,144,17499,0,0
time,0,sorted_deque_soa,prices_128,best,20000,34,49,71,20049,0,0
time,0,sorted_deque_soa,prices_128,sorted_range8,2000,61,102,140,15890,0,0
time,0,sorted_deque_soa,prices_128,orders_at,2000,67,115,131,151,0,0
time,0,sorted_deque_soa,updates_128,index_fill_visible,20000,70,103,178,36750,0,0
time,0,sorted_deque_soa,updates_128,index_replace_submit,20000,127,237,324,16829,0,0
time,0,sorted_deque_soa,updates_128,index_replace_ack_visible,20000,135,225,326,35154,0,0
time,0,sorted_deque_soa,updates_128,index_cancel_submit,20000,68,101,147,18964,0,0
time,0,sorted_deque_soa,updates_128,index_terminal_visible,20000,98,174,254,8505,0,0
time,0,sorted_deque_soa,updates_128,index_reactivate,20000,137,251,366,19932,0,0
time,0,sorted_deque_soa,prices_1024,summary_first,4000,60,82,181,3485,0,0
time,0,sorted_deque_soa,prices_1024,summary_last,4000,64,94,665,23266,0,0
time,0,sorted_deque_soa,prices_1024,summary_miss,4000,54,76,114,14972,0,0
time,0,sorted_deque_soa,prices_1024,summary_random,4000,146,358,3719,28088,0,0
time,0,sorted_deque_soa,prices_1024,best,4000,41,57,81,7326,0,0
time,0,sorted_deque_soa,prices_1024,sorted_range8,2000,74,117,624,106116,0,0
time,0,sorted_deque_soa,prices_1024,orders_at,2000,138,341,6049,46558,0,0
time,0,sorted_deque_soa,updates_1024,index_fill_visible,4000,103,230,430,58273,0,0
time,0,sorted_deque_soa,updates_1024,index_replace_submit,4000,220,512,6559,8166,0,0
time,0,sorted_deque_soa,updates_1024,index_replace_ack_visible,4000,218,456,605,31429,0,0
time,0,sorted_deque_soa,updates_1024,index_cancel_submit,4000,91,127,209,28940,0,0
time,0,sorted_deque_soa,updates_1024,index_terminal_visible,4000,154,354,531,21004,0,0
time,0,sorted_deque_soa,updates_1024,index_reactivate,4000,223,519,718,26938,0,0
time,0,sorted_deque_soa,prices_4096,summary_first,4000,57,88,190,582,0,0
time,0,sorted_deque_soa,prices_4096,summary_last,4000,64,89,157,5162,0,0
time,0,sorted_deque_soa,prices_4096,summary_miss,4000,53,75,99,258,0,0
time,0,sorted_deque_soa,prices_4096,summary_random,4000,178,443,564,696,0,0
time,0,sorted_deque_soa,prices_4096,best,4000,39,52,185,23267,0,0
time,0,sorted_deque_soa,prices_4096,sorted_range8,2000,80,177,329,366,0,0
time,0,sorted_deque_soa,prices_4096,orders_at,2000,171,402,504,751,0,0
time,0,sorted_deque_soa,updates_4096,index_fill_visible,4000,74,227,466,25900,0,0
time,0,sorted_deque_soa,updates_4096,index_replace_submit,4000,120,255,4159,26430,0,0
time,0,sorted_deque_soa,updates_4096,index_replace_ack_visible,4000,133,250,407,624,0,0
time,0,sorted_deque_soa,updates_4096,index_cancel_submit,4000,69,153,255,309,0,0
time,0,sorted_deque_soa,updates_4096,index_terminal_visible,4000,92,179,352,471,0,0
time,0,sorted_deque_soa,updates_4096,index_reactivate,4000,135,234,373,19114,0,0
time,0,sorted_deque_soa,crowded_32,summary_first,4000,53,76,173,204,0,0
time,0,sorted_deque_soa,crowded_32,summary_last,4000,53,76,121,28248,0,0
time,0,sorted_deque_soa,crowded_32,summary_miss,4000,45,66,93,4385,0,0
time,0,sorted_deque_soa,crowded_32,summary_random,4000,54,79,135,2807,0,0
time,0,sorted_deque_soa,crowded_32,best,4000,37,59,68,77,0,0
time,0,sorted_deque_soa,crowded_32,sorted_range8,2000,47,75,93,116,0,0
time,0,sorted_deque_soa,crowded_32,orders_at,2000,197,274,3667,19034,0,0
time,0,sorted_deque_soa,crowded_32,batch64_summary,2000,526,536,3899,16192,0,0
time,0,sorted_deque_soa,crowded_4096,summary_first,4000,77,146,331,5324,0,0
time,0,sorted_deque_soa,crowded_4096,summary_last,4000,58,83,97,22339,0,0
time,0,sorted_deque_soa,crowded_4096,summary_miss,4000,50,86,103,121,0,0
time,0,sorted_deque_soa,crowded_4096,summary_random,4000,57,80,90,199,0,0
time,0,sorted_deque_soa,crowded_4096,best,4000,41,66,189,4153,0,0
time,0,sorted_deque_soa,crowded_4096,sorted_range8,2000,54,82,116,18779,0,0
time,0,sorted_deque_soa,crowded_4096,orders_at,2000,25460,54636,124289,220873,0,0
time,0,sorted_deque_soa,reprice_random_8,index_replace_submit,20000,166,260,505,43995,0,0
time,0,sorted_deque_soa,reprice_random_8,index_replace_ack_visible,20000,179,267,462,56866,0,0
time,0,sorted_deque_soa,reprice_random_32,index_replace_submit,20000,179,301,416,32897,0,0
time,0,sorted_deque_soa,reprice_random_32,index_replace_ack_visible,20000,189,288,464,35670,0,0
time,0,sorted_deque_soa,reprice_random_128,index_replace_submit,20000,176,277,398,21178,0,0
time,0,sorted_deque_soa,reprice_random_128,index_replace_ack_visible,20000,216,320,462,36551,0,0
time,0,sorted_deque_soa,reprice_random_1024,index_replace_submit,4000,372,501,4540,16533,0,0
time,0,sorted_deque_soa,reprice_random_1024,index_replace_ack_visible,4000,325,443,570,23462,0,0
time,0,sorted_deque_soa,reprice_random_4096,index_replace_submit,4000,870,4379,7270,31375,0,0
time,0,sorted_deque_soa,reprice_random_4096,index_replace_ack_visible,4000,792,4187,17538,24989,0,0
time,0,sorted_deque_soa,mixed_4_q0,fill_plus_queries,20000,68,90,170,25497,0,0
time,0,sorted_deque_soa,mixed_4_q1,fill_plus_queries,20000,86,119,201,26374,0,0
time,0,sorted_deque_soa,mixed_4_q4,fill_plus_queries,20000,132,194,2791,20792,0,0
time,0,sorted_deque_soa,mixed_4_q16,fill_plus_queries,20000,303,468,3800,27927,0,0
time,0,sorted_deque_soa,mixed_32_q0,fill_plus_queries,20000,68,93,157,28536,0,0
time,0,sorted_deque_soa,mixed_32_q1,fill_plus_queries,20000,100,128,2835,24138,0,0
time,0,sorted_deque_soa,mixed_32_q4,fill_plus_queries,20000,194,273,3176,18124,0,0
time,0,sorted_deque_soa,mixed_32_q16,fill_plus_queries,20000,550,3158,4700,26150,0,0
time,0,sorted_deque_soa,mixed_128_q0,fill_plus_queries,20000,68,95,327,61773,0,0
time,0,sorted_deque_soa,mixed_128_q1,fill_plus_queries,20000,116,160,3130,38471,0,0
time,0,sorted_deque_soa,mixed_128_q4,fill_plus_queries,20000,267,384,3564,27240,0,0
time,0,sorted_deque_soa,mixed_128_q16,fill_plus_queries,20000,834,3552,17809,415533,0,0
time,0,sorted_deque_soa,mixed_4096_q0,fill_plus_queries,4000,69,211,334,3472,0,0
time,0,sorted_deque_soa,mixed_4096_q1,fill_plus_queries,4000,182,321,3364,30847,0,0
time,0,sorted_deque_soa,mixed_4096_q4,fill_plus_queries,4000,426,746,4754,27229,0,0
time,0,sorted_deque_soa,mixed_4096_q16,fill_plus_queries,4000,1342,4677,29059,61701,0,0
time,0,sorted_deque_soa,growth,new_order_price,20000,178,3034,7731,114329,0,0
time,0,sorted_deque_soa,growth,first32_subset,32,253,659,659,4085,0,0
time,0,sorted_deque_soa,growth,last_quarter_subset,5000,181,4772,10550,53683,0,0
time,0,sorted_deque_soa,growth,every64_subset,313,2885,25341,47455,53683,0,0
time,0,sorted_deque_soa,4096books_4near_2far,summary_random,20000,174,599,3546,21660,0,0
time,0,sorted_deque_soa,prototype_4,intent_to_command,20000,122,211,3069,17049,0,0
time,0,sorted_deque_soa,prototype_4,queued_intent,20000,46,61,89,12844,0,0
time,0,sorted_deque_soa,prototype_4,report_visible,20000,143,250,3223,46317,0,0
time,0,sorted_deque_soa,prototype_4,ready_to_command,20000,133,262,3149,35372,0,0
time,0,sorted_deque_soa,prototype_32,intent_to_command,20000,169,282,411,33556,0,0
time,0,sorted_deque_soa,prototype_32,queued_intent,20000,46,61,84,39426,0,0
time,0,sorted_deque_soa,prototype_32,report_visible,20000,174,296,537,36969,0,0
time,0,sorted_deque_soa,prototype_32,ready_to_command,20000,179,309,438,24747,0,0
time,0,sorted_deque_soa,prototype_128,intent_to_command,20000,145,268,3509,80940,0,0
time,0,sorted_deque_soa,prototype_128,queued_intent,20000,46,66,2673,30848,0,0
time,0,sorted_deque_soa,prototype_128,report_visible,20000,156,339,3552,16109,0,0
time,0,sorted_deque_soa,prototype_128,ready_to_command,20000,152,336,3957,85298,0,0
time,0,adaptive,prices_4,summary_first,20000,50,65,96,13932,0,0
time,0,adaptive,prices_4,summary_last,20000,47,64,99,30002,0,0
time,0,adaptive,prices_4,summary_miss,20000,40,54,90,3777,0,0
time,0,adaptive,prices_4,summary_random,20000,63,84,127,22398,0,0
time,0,adaptive,prices_4,best,20000,34,53,77,2855,0,0
time,0,adaptive,prices_4,sorted_range8,2000,50,68,142,2852,0,0
time,0,adaptive,prices_4,orders_at,2000,52,75,103,170,0,0
time,0,adaptive,prices_4,batch64_summary,2000,1661,2167,19330,36475,0,0
time,0,adaptive,updates_4,index_fill_visible,20000,68,125,237,45093,0,0
time,0,adaptive,updates_4,index_replace_submit,20000,108,197,417,23427,0,0
time,0,adaptive,updates_4,index_replace_ack_visible,20000,106,189,459,147574,0,0
time,0,adaptive,updates_4,index_cancel_submit,20000,68,118,183,3755,0,0
time,0,adaptive,updates_4,index_terminal_visible,20000,73,144,326,18367,0,0
time,0,adaptive,updates_4,index_reactivate,20000,123,187,411,35123,0,0
time,0,adaptive,prices_8,summary_first,20000,48,67,86,24881,0,0
time,0,adaptive,prices_8,summary_last,20000,47,77,99,15420,0,0
time,0,adaptive,prices_8,summary_miss,20000,40,60,83,13865,0,0
time,0,adaptive,prices_8,summary_random,20000,62,88,113,24504,0,0
time,0,adaptive,prices_8,best,20000,34,56,75,33937,0,0
time,0,adaptive,prices_8,sorted_range8,2000,74,128,248,40963,0,0
time,0,adaptive,prices_8,orders_at,2000,61,96,127,319,0,0
time,0,adaptive,prices_8,batch64_summary,2000,1767,2049,14761,30133,0,0
time,0,adaptive,updates_8,index_fill_visible,20000,68,111,203,34209,0,0
time,0,adaptive,updates_8,index_replace_submit,20000,106,190,317,21891,0,0
time,0,adaptive,updates_8,index_replace_ack_visible,20000,107,184,272,21341,0,0
time,0,adaptive,updates_8,index_cancel_submit,20000,68,103,153,11906,0,0
time,0,adaptive,updates_8,index_terminal_visible,20000,74,134,197,18488,0,0
time,0,adaptive,updates_8,index_reactivate,20000,125,187,254,32541,0,0
time,0,adaptive,prices_16,summary_first,20000,48,59,66,12717,0,0
time,0,adaptive,prices_16,summary_last,20000,52,70,86,13066,0,0
time,0,adaptive,prices_16,summary_miss,20000,40,50,63,12605,0,0
time,0,adaptive,prices_16,summary_random,20000,64,83,103,11919,0,0
time,0,adaptive,prices_16,best,20000,34,47,60,546,0,0
time,0,adaptive,prices_16,sorted_range8,2000,58,61,166,15790,0,0
time,0,adaptive,prices_16,orders_at,2000,51,69,97,4340,0,0
time,0,adaptive,prices_16,batch64_summary,2000,2002,2502,14696,30451,0,0
time,0,adaptive,updates_16,index_fill_visible,20000,68,96,150,3354,0,0
time,0,adaptive,updates_16,index_replace_submit,20000,113,180,229,29359,0,0
time,0,adaptive,updates_16,index_replace_ack_visible,20000,112,172,247,27125,0,0
time,0,adaptive,updates_16,index_cancel_submit,20000,67,93,118,3461,0,0
time,0,adaptive,updates_16,index_terminal_visible,20000,75,126,174,22759,0,0
time,0,adaptive,updates_16,index_reactivate,20000,135,195,267,29288,0,0
time,0,adaptive,prices_32,summary_first,20000,48,77,110,45761,0,0
time,0,adaptive,prices_32,summary_last,20000,56,77,110,3719,0,0
time,0,adaptive,prices_32,summary_miss,20000,46,71,93,67895,0,0
time,0,adaptive,prices_32,summary_random,20000,85,120,157,19968,0,0
time,0,adaptive,prices_32,best,20000,34,50,66,23640,0,0
time,0,adaptive,prices_32,sorted_range8,2000,59,83,129,206,0,0
time,0,adaptive,prices_32,orders_at,2000,57,93,112,119,0,0
time,0,adaptive,prices_32,batch64_summary,2000,3043,3836,21481,176554,0,0
time,0,adaptive,updates_32,index_fill_visible,20000,68,106,169,46078,0,0
time,0,adaptive,updates_32,index_replace_submit,20000,112,203,369,62653,0,0
time,0,adaptive,updates_32,index_replace_ack_visible,20000,115,199,298,35299,0,0
time,0,adaptive,updates_32,index_cancel_submit,20000,67,104,143,12043,0,0
time,0,adaptive,updates_32,index_terminal_visible,20000,76,146,219,20415,0,0
time,0,adaptive,updates_32,index_reactivate,20000,133,214,323,53945,0,0
time,0,adaptive,prices_128,summary_first,20000,51,72,116,3626,0,0
time,0,adaptive,prices_128,summary_last,20000,57,70,103,4835,0,0
time,0,adaptive,prices_128,summary_miss,20000,48,63,83,47053,0,0
time,0,adaptive,prices_128,summary_random,20000,96,135,184,16124,0,0
time,0,adaptive,prices_128,best,20000,34,50,70,25403,0,0
time,0,adaptive,prices_128,sorted_range8,2000,61,93,160,267,0,0
time,0,adaptive,prices_128,orders_at,2000,78,126,149,184,0,0
time,0,adaptive,updates_128,index_fill_visible,20000,74,135,267,29551,0,0
time,0,adaptive,updates_128,index_replace_submit,20000,159,305,3835,48733,0,0
time,0,adaptive,updates_128,index_replace_ack_visible,20000,153,297,3847,80740,0,0
time,0,adaptive,updates_128,index_cancel_submit,20000,68,130,217,501026,0,0
time,0,adaptive,updates_128,index_terminal_visible,20000,107,212,351,24558,0,0
time,0,adaptive,updates_128,index_reactivate,20000,184,367,4482,727020,0,0
time,0,adaptive,prices_1024,summary_first,4000,52,78,106,26497,0,0
time,0,adaptive,prices_1024,summary_last,4000,61,81,119,14126,0,0
time,0,adaptive,prices_1024,summary_miss,4000,52,72,173,7342,0,0
time,0,adaptive,prices_1024,summary_random,4000,124,193,291,12976,0,0
time,0,adaptive,prices_1024,best,4000,34,47,52,203,0,0
time,0,adaptive,prices_1024,sorted_range8,2000,61,98,226,243,0,0
time,0,adaptive,prices_1024,orders_at,2000,114,182,454,17225,0,0
time,0,adaptive,updates_1024,index_fill_visible,4000,71,113,219,28416,0,0
time,0,adaptive,updates_1024,index_replace_submit,4000,241,329,494,114117,0,0
time,0,adaptive,updates_1024,index_replace_ack_visible,4000,289,498,5070,14963,0,0
time,0,adaptive,updates_1024,index_cancel_submit,4000,70,88,107,4955,0,0
time,0,adaptive,updates_1024,index_terminal_visible,4000,203,384,532,4581,0,0
time,0,adaptive,updates_1024,index_reactivate,4000,297,476,707,18956,0,0
time,0,adaptive,prices_4096,summary_first,4000,55,78,269,3566,0,0
time,0,adaptive,prices_4096,summary_last,4000,62,113,730,4604,0,0
time,0,adaptive,prices_4096,summary_miss,4000,48,73,148,5938,0,0
time,0,adaptive,prices_4096,summary_random,4000,143,336,2992,3462,0,0
time,0,adaptive,prices_4096,best,4000,34,49,77,135,0,0
time,0,adaptive,prices_4096,sorted_range8,2000,64,92,259,301,0,0
time,0,adaptive,prices_4096,orders_at,2000,128,254,2831,4470,0,0
time,0,adaptive,updates_4096,index_fill_visible,4000,73,202,327,421,0,0
time,0,adaptive,updates_4096,index_replace_submit,4000,248,401,2448,26799,0,0
time,0,adaptive,updates_4096,index_replace_ack_visible,4000,245,529,776,13897,0,0
time,0,adaptive,updates_4096,index_cancel_submit,4000,70,119,287,4766,0,0
time,0,adaptive,updates_4096,index_terminal_visible,4000,202,398,592,28230,0,0
time,0,adaptive,updates_4096,index_reactivate,4000,293,426,4325,42367,0,0
time,0,adaptive,crowded_32,summary_first,4000,50,57,74,193,0,0
time,0,adaptive,crowded_32,summary_last,4000,51,58,68,95,0,0
time,0,adaptive,crowded_32,summary_miss,4000,40,50,62,253,0,0
time,0,adaptive,crowded_32,summary_random,4000,52,60,88,24863,0,0
time,0,adaptive,crowded_32,best,4000,34,41,49,141,0,0
time,0,adaptive,crowded_32,sorted_range8,2000,43,51,71,173,0,0
time,0,adaptive,crowded_32,orders_at,2000,192,210,334,4503,0,0
time,0,adaptive,crowded_32,batch64_summary,2000,586,595,3741,13587,0,0
time,0,adaptive,crowded_4096,summary_first,4000,70,131,3819,31962,0,0
time,0,adaptive,crowded_4096,summary_last,4000,51,72,105,18791,0,0
time,0,adaptive,crowded_4096,summary_miss,4000,51,97,109,2649,0,0
time,0,adaptive,crowded_4096,summary_random,4000,53,79,187,10061,0,0
time,0,adaptive,crowded_4096,best,4000,34,71,86,6884,0,0
time,0,adaptive,crowded_4096,sorted_range8,2000,44,81,132,3772,0,0
time,0,adaptive,crowded_4096,orders_at,2000,24400,140761,425997,601016,0,0
time,0,adaptive,reprice_random_8,index_replace_submit,20000,115,245,2899,516025,0,0
time,0,adaptive,reprice_random_8,index_replace_ack_visible,20000,139,293,3077,687559,0,0
time,0,adaptive,reprice_random_32,index_replace_submit,20000,141,281,1032,143221,0,0
time,0,adaptive,reprice_random_32,index_replace_ack_visible,20000,181,321,3470,1051499,0,0
time,0,adaptive,reprice_random_128,index_replace_submit,20000,167,279,3337,69963,0,0
time,0,adaptive,reprice_random_128,index_replace_ack_visible,20000,209,304,488,54684,0,0
time,0,adaptive,reprice_random_1024,index_replace_submit,4000,300,561,1027,138295,0,0
time,0,adaptive,reprice_random_1024,index_replace_ack_visible,4000,360,636,17798,177812,0,0
time,0,adaptive,reprice_random_4096,index_replace_submit,4000,342,686,4218,44654,0,0
time,0,adaptive,reprice_random_4096,index_replace_ack_visible,4000,407,723,7072,27783,0,0
time,0,adaptive,mixed_4_q0,fill_plus_queries,20000,67,73,102,17330,0,0
time,0,adaptive,mixed_4_q1,fill_plus_queries,20000,93,130,271,180051,0,0
time,0,adaptive,mixed_4_q4,fill_plus_queries,20000,173,225,516,35666,0,0
time,0,adaptive,mixed_4_q16,fill_plus_queries,20000,493,678,8251,31762,0,0
time,0,adaptive,mixed_32_q0,fill_plus_queries,20000,68,93,172,23344,0,0
time,0,adaptive,mixed_32_q1,fill_plus_queries,20000,108,148,264,35162,0,0
time,0,adaptive,mixed_32_q4,fill_plus_queries,20000,232,310,3231,41014,0,0
time,0,adaptive,mixed_32_q16,fill_plus_queries,20000,707,3399,7818,28191,0,0
time,0,adaptive,mixed_128_q0,fill_plus_queries,20000,68,96,244,40782,0,0
time,0,adaptive,mixed_128_q1,fill_plus_queries,20000,129,218,3175,22200,0,0
time,0,adaptive,mixed_128_q4,fill_plus_queries,20000,298,503,5643,373894,0,0
time,0,adaptive,mixed_128_q16,fill_plus_queries,20000,883,3669,15215,177395,0,0
time,0,adaptive,mixed_4096_q0,fill_plus_queries,4000,68,382,3512,37321,0,0
time,0,adaptive,mixed_4096_q1,fill_plus_queries,4000,161,318,3695,26664,0,0
time,0,adaptive,mixed_4096_q4,fill_plus_queries,4000,388,795,6914,19675,0,0
time,0,adaptive,mixed_4096_q16,fill_plus_queries,4000,1225,4748,16025,33952,0,0
time,0,adaptive,growth,new_order_price,20000,345,3995,22020,140929,0,0
time,0,adaptive,growth,first32_subset,32,232,450,450,5175,0,0
time,0,adaptive,growth,last_quarter_subset,5000,357,12606,20026,140929,0,0
time,0,adaptive,growth,every64_subset,313,5175,30613,129110,140929,0,0
time,0,adaptive,4096books_4near_2far,summary_random,20000,156,584,3192,27267,0,0
time,0,adaptive,prototype_4,intent_to_command,20000,108,167,334,41408,0,0
time,0,adaptive,prototype_4,queued_intent,20000,46,60,85,20970,0,0
time,0,adaptive,prototype_4,report_visible,20000,121,207,3059,19436,0,0
time,0,adaptive,prototype_4,ready_to_command,20000,120,219,3129,43776,0,0
time,0,adaptive,prototype_32,intent_to_command,20000,114,196,3193,21001,0,0
time,0,adaptive,prototype_32,queued_intent,20000,46,59,82,10044,0,0
time,0,adaptive,prototype_32,report_visible,20000,130,243,3188,18941,0,0
time,0,adaptive,prototype_32,ready_to_command,20000,124,245,3370,74407,0,0
time,0,adaptive,prototype_128,intent_to_command,20000,134,243,3393,17971,0,0
time,0,adaptive,prototype_128,queued_intent,20000,46,66,152,13758,0,0
time,0,adaptive,prototype_128,report_visible,20000,157,310,3526,35916,0,0
time,0,adaptive,prototype_128,ready_to_command,20000,156,311,3614,31181,0,0
time,1,linear_prices,prices_4,summary_first,20000,45,47,98,3863,0,0
time,1,linear_prices,prices_4,summary_last,20000,44,53,108,15824,0,0
time,1,linear_prices,prices_4,summary_miss,20000,39,41,70,14127,0,0
time,1,linear_prices,prices_4,summary_random,20000,55,66,122,3929,0,0
time,1,linear_prices,prices_4,best,20000,34,42,60,15339,0,0
time,1,linear_prices,prices_4,sorted_range8,2000,63,67,224,22256,0,0
time,1,linear_prices,prices_4,orders_at,2000,47,56,2568,3043,0,0
time,1,linear_prices,prices_4,batch64_summary,2000,1372,1808,15011,44123,0,0
time,1,linear_prices,updates_4,index_fill_visible,20000,66,114,2617,26352,0,0
time,1,linear_prices,updates_4,index_replace_submit,20000,90,142,2765,17696,0,0
time,1,linear_prices,updates_4,index_replace_ack_visible,20000,123,181,2834,21418,0,0
time,1,linear_prices,updates_4,index_cancel_submit,20000,67,97,2661,3763,0,0
time,1,linear_prices,updates_4,index_terminal_visible,20000,88,125,2768,28700,0,0
time,1,linear_prices,updates_4,index_reactivate,20000,107,141,2810,23430,0,0
time,1,linear_prices,prices_8,summary_first,20000,45,53,100,13282,0,0
time,1,linear_prices,prices_8,summary_last,20000,44,54,80,17767,0,0
time,1,linear_prices,prices_8,summary_miss,20000,42,49,75,14761,0,0
time,1,linear_prices,prices_8,summary_random,20000,56,76,103,35465,0,0
time,1,linear_prices,prices_8,best,20000,34,50,72,21015,0,0
time,1,linear_prices,prices_8,sorted_range8,2000,116,212,476,3303,0,0
time,1,linear_prices,prices_8,orders_at,2000,48,79,174,38014,0,0
time,1,linear_prices,prices_8,batch64_summary,2000,1569,4097,16306,23316,0,0
time,1,linear_prices,updates_8,index_fill_visible,20000,66,83,204,31505,0,0
time,1,linear_prices,updates_8,index_replace_submit,20000,90,120,259,33300,0,0
time,1,linear_prices,updates_8,index_replace_ack_visible,20000,132,160,2892,37931,0,0
time,1,linear_prices,updates_8,index_cancel_submit,20000,66,83,123,11823,0,0
time,1,linear_prices,updates_8,index_terminal_visible,20000,96,109,198,19988,0,0
time,1,linear_prices,updates_8,index_reactivate,20000,109,130,2735,31315,0,0
time,1,linear_prices,prices_16,summary_first,20000,45,54,66,13841,0,0
time,1,linear_prices,prices_16,summary_last,20000,50,60,76,208,0,0
time,1,linear_prices,prices_16,summary_miss,20000,48,56,75,17850,0,0
time,1,linear_prices,prices_16,summary_random,20000,57,77,92,11532,0,0
time,1,linear_prices,prices_16,best,20000,34,43,57,79,0,0
time,1,linear_prices,prices_16,sorted_range8,2000,193,197,493,3605,0,0
time,1,linear_prices,prices_16,orders_at,2000,58,75,96,134,0,0
time,1,linear_prices,prices_16,batch64_summary,2000,1814,1987,14865,25655,0,0
time,1,linear_prices,updates_16,index_fill_visible,20000,66,94,163,83046,0,0
time,1,linear_prices,updates_16,index_replace_submit,20000,95,144,191,12566,0,0
time,1,linear_prices,updates_16,index_replace_ack_visible,20000,159,214,310,43847,0,0
time,1,linear_prices,updates_16,index_cancel_submit,20000,66,91,134,16391,0,0
time,1,linear_prices,updates_16,index_terminal_visible,20000,113,145,199,9108,0,0
time,1,linear_prices,updates_16,index_reactivate,20000,119,161,253,18873,0,0
time,1,linear_prices,prices_32,summary_first,20000,45,56,78,17627,0,0
time,1,linear_prices,prices_32,summary_last,20000,60,73,102,14163,0,0
time,1,linear_prices,prices_32,summary_miss,20000,59,69,113,25930,0,0
time,1,linear_prices,prices_32,summary_random,20000,63,88,118,4095,0,0
time,1,linear_prices,prices_32,best,20000,34,50,76,17548,0,0
time,1,linear_prices,prices_32,sorted_range8,2000,348,603,3889,58520,0,0
time,1,linear_prices,prices_32,orders_at,2000,65,98,160,169,0,0
time,1,linear_prices,prices_32,batch64_summary,2000,2215,2593,16853,25219,0,0
time,1,linear_prices,updates_32,index_fill_visible,20000,67,108,190,32821,0,0
time,1,linear_prices,updates_32,index_replace_submit,20000,104,180,306,22811,0,0
time,1,linear_prices,updates_32,index_replace_ack_visible,20000,203,283,426,29832,0,0
time,1,linear_prices,updates_32,index_cancel_submit,20000,66,103,139,25960,0,0
time,1,linear_prices,updates_32,index_terminal_visible,20000,148,212,366,17532,0,0
time,1,linear_prices,updates_32,index_reactivate,20000,130,206,302,15552,0,0
time,1,linear_prices,prices_128,summary_first,20000,46,58,79,38695,0,0
time,1,linear_prices,prices_128,summary_last,20000,89,137,173,18534,0,0
time,1,linear_prices,prices_128,summary_miss,20000,84,132,253,25994,0,0
time,1,linear_prices,prices_128,summary_random,20000,83,134,200,14410,0,0
time,1,linear_prices,prices_128,best,20000,34,56,77,24163,0,0
time,1,linear_prices,prices_128,sorted_range8,2000,1275,2438,18677,22379,0,0
time,1,linear_prices,prices_128,orders_at,2000,86,156,218,242,0,0
time,1,linear_prices,updates_128,index_fill_visible,20000,70,115,195,14566,0,0
time,1,linear_prices,updates_128,index_replace_submit,20000,166,314,432,109940,0,0
time,1,linear_prices,updates_128,index_replace_ack_visible,20000,447,598,4731,37283,0,0
time,1,linear_prices,updates_128,index_cancel_submit,20000,66,106,151,3998,0,0
time,1,linear_prices,updates_128,index_terminal_visible,20000,374,471,4175,21606,0,0
time,1,linear_prices,updates_128,index_reactivate,20000,245,414,529,23513,0,0
time,1,linear_prices,prices_1024,summary_first,4000,45,60,145,895,0,0
time,1,linear_prices,prices_1024,summary_last,4000,416,679,2023,14119,0,0
time,1,linear_prices,prices_1024,summary_miss,4000,422,672,4237,22307,0,0
time,1,linear_prices,prices_1024,summary_random,4000,270,582,701,4098,0,0
time,1,linear_prices,prices_1024,best,4000,34,57,69,221,0,0
time,1,linear_prices,prices_1024,sorted_range8,2000,10097,28679,54155,136279,0,0
time,1,linear_prices,prices_1024,orders_at,2000,299,672,3921,199552,0,0
time,1,linear_prices,updates_1024,index_fill_visible,4000,71,287,514,745,0,0
time,1,linear_prices,updates_1024,index_replace_submit,4000,820,1262,6239,74922,0,0
time,1,linear_prices,updates_1024,index_replace_ack_visible,4000,2594,5772,36285,855486,0,0
time,1,linear_prices,updates_1024,index_cancel_submit,4000,66,125,248,836,0,0
time,1,linear_prices,updates_1024,index_terminal_visible,4000,2365,2715,15954,36718,0,0
time,1,linear_prices,updates_1024,index_reactivate,4000,1193,1901,16080,118094,0,0
time,1,linear_prices,prices_4096,summary_first,4000,57,92,221,3719,0,0
time,1,linear_prices,prices_4096,summary_last,4000,1501,2775,16163,34858,0,0
time,1,linear_prices,prices_4096,summary_miss,4000,1510,2927,19242,41654,0,0
time,1,linear_prices,prices_4096,summary_random,4000,910,2158,14719,21483,0,0
time,1,linear_prices,prices_4096,best,4000,46,61,90,4280,0,0
time,1,linear_prices,prices_4096,sorted_range8,2000,39869,77247,946586,2129162,0,0
time,1,linear_prices,prices_4096,orders_at,2000,970,2542,11701,19669,0,0
time,1,linear_prices,updates_4096,index_fill_visible,4000,89,530,828,37462,0,0
time,1,linear_prices,updates_4096,index_replace_submit,4000,3007,6913,32640,37477,0,0
time,1,linear_prices,updates_4096,index_replace_ack_visible,4000,10104,29399,115472,1808499,0,0
time,1,linear_prices,updates_4096,index_cancel_submit,4000,89,233,480,3260,0,0
time,1,linear_prices,updates_4096,index_terminal_visible,4000,9251,20719,45794,76690,0,0
time,1,linear_prices,updates_4096,index_reactivate,4000,4511,14271,47076,3516433,0,0
time,1,linear_prices,crowded_32,summary_first,4000,45,48,71,16414,0,0
time,1,linear_prices,crowded_32,summary_last,4000,45,47,62,11502,0,0
time,1,linear_prices,crowded_32,summary_miss,4000,38,41,57,68,0,0
time,1,linear_prices,crowded_32,summary_random,4000,47,49,65,3916,0,0
time,1,linear_prices,crowded_32,best,4000,34,41,50,55,0,0
time,1,linear_prices,crowded_32,sorted_range8,2000,41,54,76,111,0,0
time,1,linear_prices,crowded_32,orders_at,2000,187,203,340,4429,0,0
time,1,linear_prices,crowded_32,batch64_summary,2000,425,763,15021,23187,0,0
time,1,linear_prices,crowded_4096,summary_first,4000,65,127,245,5166,0,0
time,1,linear_prices,crowded_4096,summary_last,4000,46,74,92,5247,0,0
time,1,linear_prices,crowded_4096,summary_miss,4000,38,58,75,87,0,0
time,1,linear_prices,crowded_4096,summary_random,4000,47,62,80,179,0,0
time,1,linear_prices,crowded_4096,best,4000,34,51,66,431,0,0
time,1,linear_prices,crowded_4096,sorted_range8,2000,42,77,111,3828,0,0
time,1,linear_prices,crowded_4096,orders_at,2000,24258,44428,80398,87558,0,0
time,1,linear_prices,reprice_random_8,index_replace_submit,20000,90,116,211,13390,0,0
time,1,linear_prices,reprice_random_8,index_replace_ack_visible,20000,131,171,400,46140,0,0
time,1,linear_prices,reprice_random_32,index_replace_submit,20000,100,177,221,43177,0,0
time,1,linear_prices,reprice_random_32,index_replace_ack_visible,20000,196,268,416,21730,0,0
time,1,linear_prices,reprice_random_128,index_replace_submit,20000,167,309,455,17282,0,0
time,1,linear_prices,reprice_random_128,index_replace_ack_visible,20000,436,598,4026,24133,0,0
time,1,linear_prices,reprice_random_1024,index_replace_submit,4000,838,1650,7670,21043,0,0
time,1,linear_prices,reprice_random_1024,index_replace_ack_visible,4000,2635,5944,32504,189782,0,0
time,1,linear_prices,reprice_random_4096,index_replace_submit,4000,3076,6634,27530,51202,0,0
time,1,linear_prices,reprice_random_4096,index_replace_ack_visible,4000,10164,23420,43742,151128,0,0
time,1,linear_prices,mixed_4_q0,fill_plus_queries,20000,67,83,166,12776,0,0
time,1,linear_prices,mixed_4_q1,fill_plus_queries,20000,85,131,175,18267,0,0
time,1,linear_prices,mixed_4_q4,fill_plus_queries,20000,169,243,3146,46452,0,0
time,1,linear_prices,mixed_4_q16,fill_plus_queries,20000,395,522,706,32625,0,0
time,1,linear_prices,mixed_32_q0,fill_plus_queries,20000,67,89,92,15982,0,0
time,1,linear_prices,mixed_32_q1,fill_plus_queries,20000,91,135,186,24395,0,0
time,1,linear_prices,mixed_32_q4,fill_plus_queries,20000,192,250,303,20207,0,0
time,1,linear_prices,mixed_32_q16,fill_plus_queries,20000,568,734,5278,953122,0,0
time,1,linear_prices,mixed_128_q0,fill_plus_queries,20000,68,90,258,29779,0,0
time,1,linear_prices,mixed_128_q1,fill_plus_queries,20000,115,185,1741,638675,0,0
time,1,linear_prices,mixed_128_q4,fill_plus_queries,20000,281,447,3895,877264,0,0
time,1,linear_prices,mixed_128_q16,fill_plus_queries,20000,916,1302,14245,60336,0,0
time,1,linear_prices,mixed_4096_q0,fill_plus_queries,4000,68,252,598,3935,0,0
time,1,linear_prices,mixed_4096_q1,fill_plus_queries,4000,1059,2567,19134,181095,0,0
time,1,linear_prices,mixed_4096_q4,fill_plus_queries,4000,3996,9785,35652,206810,0,0
time,1,linear_prices,mixed_4096_q16,fill_plus_queries,4000,14824,32358,52312,467487,0,0
time,1,linear_prices,growth,new_order_price,20000,11497,35978,57276,305138,0,0
time,1,linear_prices,growth,first32_subset,32,242,902,902,6479,0,0
time,1,linear_prices,growth,last_quarter_subset,5000,19551,44189,69662,305138,0,0
time,1,linear_prices,growth,every64_subset,313,17297,44189,79388,235976,0,0
time,1,linear_prices,4096books_4near_2far,summary_random,20000,132,722,3066,28807,0,0
time,1,linear_prices,prototype_4,intent_to_command,20000,103,175,2603,70182,0,0
time,1,linear_prices,prototype_4,queued_intent,20000,46,74,223,17578,0,0
time,1,linear_prices,prototype_4,report_visible,20000,134,264,2575,29364,0,0
time,1,linear_prices,prototype_4,ready_to_command,20000,112,238,2552,4150,0,0
time,1,linear_prices,prototype_32,intent_to_command,20000,115,216,2459,31245,0,0
time,1,linear_prices,prototype_32,queued_intent,20000,46,63,149,12723,0,0
time,1,linear_prices,prototype_32,report_visible,20000,222,379,2803,17300,0,0
time,1,linear_prices,prototype_32,ready_to_command,20000,126,258,2590,36425,0,0
time,1,linear_prices,prototype_128,intent_to_command,20000,187,383,3935,66468,0,0
time,1,linear_prices,prototype_128,queued_intent,20000,46,81,327,18761,0,0
time,1,linear_prices,prototype_128,report_visible,20000,474,768,19327,77719,0,0
time,1,linear_prices,prototype_128,ready_to_command,20000,205,445,13360,167501,0,0
time,1,linear_orders,prices_4,summary_first,20000,46,64,228,11274,0,0
time,1,linear_orders,prices_4,summary_last,20000,47,66,123,25851,0,0
time,1,linear_orders,prices_4,summary_miss,20000,45,63,129,3025,0,0
time,1,linear_orders,prices_4,summary_random,20000,62,81,2224,19746,0,0
time,1,linear_orders,prices_4,best,20000,40,51,74,23336,0,0
time,1,linear_orders,prices_4,sorted_range8,2000,95,124,2283,4131,0,0
time,1,linear_orders,prices_4,orders_at,2000,54,65,103,2281,0,0
time,1,linear_orders,prices_4,batch64_summary,2000,1908,4970,19652,41481,0,0
time,1,linear_orders,updates_4,index_fill_visible,20000,45,69,262,19589,0,0
time,1,linear_orders,updates_4,index_replace_submit,20000,46,77,242,22969,0,0
time,1,linear_orders,updates_4,index_replace_ack_visible,20000,45,66,135,16171,0,0
time,1,linear_orders,updates_4,index_cancel_submit,20000,45,70,262,3705,0,0
time,1,linear_orders,updates_4,index_terminal_visible,20000,50,71,247,3987,0,0
time,1,linear_orders,updates_4,index_reactivate,20000,46,80,268,4036,0,0
time,1,linear_orders,prices_8,summary_first,20000,54,81,210,22355,0,0
time,1,linear_orders,prices_8,summary_last,20000,54,81,125,19204,0,0
time,1,linear_orders,prices_8,summary_miss,20000,53,78,98,30492,0,0
time,1,linear_orders,prices_8,summary_random,20000,68,97,270,12662,0,0
time,1,linear_orders,prices_8,best,20000,44,69,102,13684,0,0
time,1,linear_orders,prices_8,sorted_range8,2000,205,252,2495,2610,0,0
time,1,linear_orders,prices_8,orders_at,2000,60,74,197,3764,0,0
time,1,linear_orders,prices_8,batch64_summary,2000,2486,5472,28518,162552,0,0
time,1,linear_orders,updates_8,index_fill_visible,20000,45,58,80,3391,0,0
time,1,linear_orders,updates_8,index_replace_submit,20000,45,60,205,61337,0,0
time,1,linear_orders,updates_8,index_replace_ack_visible,20000,45,55,98,10893,0,0
time,1,linear_orders,updates_8,index_cancel_submit,20000,45,56,108,15712,0,0
time,1,linear_orders,updates_8,index_terminal_visible,20000,50,61,2225,13735,0,0
time,1,linear_orders,updates_8,index_reactivate,20000,46,59,103,8297,0,0
time,1,linear_orders,prices_16,summary_first,20000,62,113,169,11437,0,0
time,1,linear_orders,prices_16,summary_last,20000,63,112,312,11495,0,0
time,1,linear_orders,prices_16,summary_miss,20000,61,109,169,15099,0,0
time,1,linear_orders,prices_16,summary_random,20000,81,128,239,24555,0,0
time,1,linear_orders,prices_16,best,20000,49,80,156,13946,0,0
time,1,linear_orders,prices_16,sorted_range8,2000,346,441,3947,14230,0,0
time,1,linear_orders,prices_16,orders_at,2000,71,102,196,3571,0,0
time,1,linear_orders,prices_16,batch64_summary,2000,3886,7196,52127,68962,0,0
time,1,linear_orders,updates_16,index_fill_visible,20000,45,61,128,16390,0,0
time,1,linear_orders,updates_16,index_replace_submit,20000,46,63,111,9744,0,0
time,1,linear_orders,updates_16,index_replace_ack_visible,20000,45,62,100,19044,0,0
time,1,linear_orders,updates_16,index_cancel_submit,20000,46,62,148,14535,0,0
time,1,linear_orders,updates_16,index_terminal_visible,20000,50,65,93,11742,0,0
time,1,linear_orders,updates_16,index_reactivate,20000,46,62,94,13110,0,0
time,1,linear_orders,prices_32,summary_first,20000,80,180,354,15807,0,0
time,1,linear_orders,prices_32,summary_last,20000,80,173,2276,174224,0,0
time,1,linear_orders,prices_32,summary_miss,20000,79,172,2302,23200,0,0
time,1,linear_orders,prices_32,summary_random,20000,108,202,2250,19628,0,0
time,1,linear_orders,prices_32,best,20000,63,118,2271,33214,0,0
time,1,linear_orders,prices_32,sorted_range8,2000,653,1788,4895,45621,0,0
time,1,linear_orders,prices_32,orders_at,2000,99,210,311,2766,0,0
time,1,linear_orders,prices_32,batch64_summary,2000,5267,9740,31168,179006,0,0
time,1,linear_orders,updates_32,index_fill_visible,20000,45,77,157,16863,0,0
time,1,linear_orders,updates_32,index_replace_submit,20000,46,78,206,26033,0,0
time,1,linear_orders,updates_32,index_replace_ack_visible,20000,45,76,2203,17583,0,0
time,1,linear_orders,updates_32,index_cancel_submit,20000,46,75,185,18461,0,0
time,1,linear_orders,updates_32,index_terminal_visible,20000,50,80,123,17825,0,0
time,1,linear_orders,updates_32,index_reactivate,20000,46,76,1986,25609,0,0
time,1,linear_orders,prices_128,summary_first,20000,228,469,3189,33021,0,0
time,1,linear_orders,prices_128,summary_last,20000,225,452,2970,33189,0,0
time,1,linear_orders,prices_128,summary_miss,20000,227,453,3353,28031,0,0
time,1,linear_orders,prices_128,summary_random,20000,249,467,3262,20369,0,0
time,1,linear_orders,prices_128,best,20000,162,275,2744,19210,0,0
time,1,linear_orders,prices_128,sorted_range8,2000,2702,6483,18688,30079,0,0
time,1,linear_orders,prices_128,orders_at,2000,228,379,2405,11843,0,0
time,1,linear_orders,updates_128,index_fill_visible,20000,45,70,195,26213,0,0
time,1,linear_orders,updates_128,index_replace_submit,20000,46,70,109,3626,0,0
time,1,linear_orders,updates_128,index_replace_ack_visible,20000,45,70,100,13172,0,0
time,1,linear_orders,updates_128,index_cancel_submit,20000,46,69,204,25273,0,0
time,1,linear_orders,updates_128,index_terminal_visible,20000,50,72,100,13261,0,0
time,1,linear_orders,updates_128,index_reactivate,20000,46,70,138,18081,0,0
time,1,linear_orders,prices_1024,summary_first,4000,1834,5749,28143,867142,0,0
time,1,linear_orders,prices_1024,summary_last,4000,1773,5134,24168,533449,0,0
time,1,linear_orders,prices_1024,summary_miss,4000,1845,5314,26212,615813,0,0
time,1,linear_orders,prices_1024,summary_random,4000,1774,5547,22893,2747640,0,0
time,1,linear_orders,prices_1024,best,4000,1142,4371,26544,270103,0,0
time,1,linear_orders,prices_1024,sorted_range8,2000,20223,59990,131667,189686,0,0
time,1,linear_orders,prices_1024,orders_at,2000,1534,4975,20287,33652,0,0
time,1,linear_orders,updates_1024,index_fill_visible,4000,45,65,130,336,0,0
time,1,linear_orders,updates_1024,index_replace_submit,4000,46,65,143,16994,0,0
time,1,linear_orders,updates_1024,index_replace_ack_visible,4000,45,64,80,203,0,0
time,1,linear_orders,updates_1024,index_cancel_submit,4000,46,63,87,3344,0,0
time,1,linear_orders,updates_1024,index_terminal_visible,4000,50,71,148,3075,0,0
time,1,linear_orders,updates_1024,index_reactivate,4000,46,65,92,4927,0,0
time,1,linear_orders,prices_4096,summary_first,4000,7152,12735,29391,86698,0,0
time,1,linear_orders,prices_4096,summary_last,4000,6933,18421,37352,46364,0,0
time,1,linear_orders,prices_4096,summary_miss,4000,7158,15866,36116,103240,0,0
time,1,linear_orders,prices_4096,summary_random,4000,6876,17925,40668,315310,0,0
time,1,linear_orders,prices_4096,best,4000,4441,8719,32959,78545,0,0
time,1,linear_orders,prices_4096,sorted_range8,2000,79834,130470,2203051,3112173,0,0
time,1,linear_orders,prices_4096,orders_at,2000,5929,14517,36311,82539,0,0
time,1,linear_orders,updates_4096,index_fill_visible,4000,45,58,61,115,0,0
time,1,linear_orders,updates_4096,index_replace_submit,4000,45,59,152,288,0,0
time,1,linear_orders,updates_4096,index_replace_ack_visible,4000,45,57,59,70,0,0
time,1,linear_orders,updates_4096,index_cancel_submit,4000,46,58,169,20110,0,0
time,1,linear_orders,updates_4096,index_terminal_visible,4000,50,63,82,13001,0,0
time,1,linear_orders,updates_4096,index_reactivate,4000,46,59,65,213,0,0
time,1,linear_orders,crowded_32,summary_first,4000,114,120,150,3945,0,0
time,1,linear_orders,crowded_32,summary_last,4000,114,121,164,24087,0,0
time,1,linear_orders,crowded_32,summary_miss,4000,79,97,131,2873,0,0
time,1,linear_orders,crowded_32,summary_random,4000,114,120,141,3167,0,0
time,1,linear_orders,crowded_32,best,4000,63,64,82,206,0,0
time,1,linear_orders,crowded_32,sorted_range8,2000,209,243,2833,14187,0,0
time,1,linear_orders,crowded_32,orders_at,2000,74,85,102,204,0,0
time,1,linear_orders,crowded_32,batch64_summary,2000,5268,8527,24687,33564,0,0
time,1,linear_orders,crowded_4096,summary_first,4000,11997,26648,48715,561022,0,0
time,1,linear_orders,crowded_4096,summary_last,4000,12011,25337,49679,71394,0,0
time,1,linear_orders,crowded_4096,summary_miss,4000,6703,18902,35574,109483,0,0
time,1,linear_orders,crowded_4096,summary_random,4000,12002,25556,54202,62055,0,0
time,1,linear_orders,crowded_4096,best,4000,4476,8535,33359,923703,0,0
time,1,linear_orders,crowded_4096,sorted_range8,2000,18516,39258,65981,100689,0,0
time,1,linear_orders,crowded_4096,orders_at,2000,6849,11921,37867,40402,0,0
time,1,linear_orders,reprice_random_8,index_replace_submit,20000,46,58,122,16373,0,0
time,1,linear_orders,reprice_random_8,index_replace_ack_visible,20000,45,58,82,3197,0,0
time,1,linear_orders,reprice_random_32,index_replace_submit,20000,46,59,95,15252,0,0
time,1,linear_orders,reprice_random_32,index_replace_ack_visible,20000,45,59,90,11545,0,0
time,1,linear_orders,reprice_random_128,index_replace_submit,20000,46,62,98,13023,0,0
time,1,linear_orders,reprice_random_128,index_replace_ack_visible,20000,45,59,95,13988,0,0
time,1,linear_orders,reprice_random_1024,index_replace_submit,4000,47,60,100,4409,0,0
time,1,linear_orders,reprice_random_1024,index_replace_ack_visible,4000,45,58,70,3274,0,0
time,1,linear_orders,reprice_random_4096,index_replace_submit,4000,47,62,138,16597,0,0
time,1,linear_orders,reprice_random_4096,index_replace_ack_visible,4000,45,58,83,2681,0,0
time,1,linear_orders,mixed_4_q0,fill_plus_queries,20000,45,58,88,14112,0,0
time,1,linear_orders,mixed_4_q1,fill_plus_queries,20000,73,88,115,21774,0,0
time,1,linear_orders,mixed_4_q4,fill_plus_queries,20000,173,245,428,21913,0,0
time,1,linear_orders,mixed_4_q16,fill_plus_queries,20000,527,667,5274,30270,0,0
time,1,linear_orders,mixed_32_q0,fill_plus_queries,20000,45,54,81,4883,0,0
time,1,linear_orders,mixed_32_q1,fill_plus_queries,20000,115,177,235,15786,0,0
time,1,linear_orders,mixed_32_q4,fill_plus_queries,20000,349,471,4139,32261,0,0
time,1,linear_orders,mixed_32_q16,fill_plus_queries,20000,1245,1881,13417,40477,0,0
time,1,linear_orders,mixed_128_q0,fill_plus_queries,20000,46,60,79,12688,0,0
time,1,linear_orders,mixed_128_q1,fill_plus_queries,20000,247,403,550,50622,0,0
time,1,linear_orders,mixed_128_q4,fill_plus_queries,20000,877,1597,13745,34638,0,0
time,1,linear_orders,mixed_128_q16,fill_plus_queries,20000,3365,7369,33384,739661,0,0
time,1,linear_orders,mixed_4096_q0,fill_plus_queries,4000,56,184,354,6155,0,0
time,1,linear_orders,mixed_4096_q1,fill_plus_queries,4000,6672,22844,63605,894519,0,0
time,1,linear_orders,mixed_4096_q4,fill_plus_queries,4000,26597,62099,295442,1990502,0,0
time,1,linear_orders,mixed_4096_q16,fill_plus_queries,4000,114473,255312,1514741,2366059,0,0
time,1,linear_orders,growth,new_order_price,20000,88,1659,3155,75438,0,0
time,1,linear_orders,growth,first32_subset,32,100,423,423,5454,0,0
time,1,linear_orders,growth,last_quarter_subset,5000,87,595,3120,75438,0,0
time,1,linear_orders,growth,every64_subset,313,1963,8117,37758,75438,0,0
time,1,linear_orders,4096books_4near_2far,summary_random,20000,208,537,3799,45736,0,0
time,1,linear_orders,prototype_4,intent_to_command,20000,61,85,217,56830,0,0
time,1,linear_orders,prototype_4,queued_intent,20000,46,59,2343,14758,0,0
time,1,linear_orders,prototype_4,report_visible,20000,62,115,360,31155,0,0
time,1,linear_orders,prototype_4,ready_to_command,20000,71,122,2457,40007,0,0
time,1,linear_orders,prototype_32,intent_to_command,20000,61,82,115,19567,0,0
time,1,linear_orders,prototype_32,queued_intent,20000,46,56,80,22793,0,0
time,1,linear_orders,prototype_32,report_visible,20000,62,96,249,43570,0,0
time,1,linear_orders,prototype_32,ready_to_command,20000,70,115,430,40885,0,0
time,1,linear_orders,prototype_128,intent_to_command,20000,61,87,124,12073,0,0
time,1,linear_orders,prototype_128,queued_intent,20000,46,60,79,107881,0,0
time,1,linear_orders,prototype_128,report_visible,20000,63,101,221,25270,0,0
time,1,linear_orders,prototype_128,ready_to_command,20000,71,120,209,33799,0,0
time,1,sorted_deque,prices_4,summary_first,20000,46,58,91,34888,0,0
time,1,sorted_deque,prices_4,summary_last,20000,46,57,72,3597,0,0
time,1,sorted_deque,prices_4,summary_miss,20000,39,50,66,13436,0,0
time,1,sorted_deque,prices_4,summary_random,20000,58,76,105,12035,0,0
time,1,sorted_deque,prices_4,best,20000,34,44,60,2487,0,0
time,1,sorted_deque,prices_4,sorted_range8,2000,49,72,85,123,0,0
time,1,sorted_deque,prices_4,orders_at,2000,49,69,87,221,0,0
time,1,sorted_deque,prices_4,batch64_summary,2000,1451,2034,31768,66914,0,0
time,1,sorted_deque,updates_4,index_fill_visible,20000,78,142,296,21612,0,0
time,1,sorted_deque,updates_4,index_replace_submit,20000,131,202,345,35588,0,0
time,1,sorted_deque,updates_4,index_replace_ack_visible,20000,136,226,370,8184,0,0
time,1,sorted_deque,updates_4,index_cancel_submit,20000,77,121,224,1547211,0,0
time,1,sorted_deque,updates_4,index_terminal_visible,20000,98,157,262,16935,0,0
time,1,sorted_deque,updates_4,index_reactivate,20000,125,186,372,35000,0,0
time,1,sorted_deque,prices_8,summary_first,20000,57,71,98,31952,0,0
time,1,sorted_deque,prices_8,summary_last,20000,59,75,102,18754,0,0
time,1,sorted_deque,prices_8,summary_miss,20000,50,63,86,8748,0,0
time,1,sorted_deque,prices_8,summary_random,20000,70,94,119,58362,0,0
time,1,sorted_deque,prices_8,best,20000,44,64,80,5628,0,0
time,1,sorted_deque,prices_8,sorted_range8,2000,78,104,125,166,0,0
time,1,sorted_deque,prices_8,orders_at,2000,62,90,245,19359,0,0
time,1,sorted_deque,prices_8,batch64_summary,2000,2014,2390,19582,31985,0,0
time,1,sorted_deque,updates_8,index_fill_visible,20000,95,124,220,44180,0,0
time,1,sorted_deque,updates_8,index_replace_submit,20000,163,212,347,28584,0,0
time,1,sorted_deque,updates_8,index_replace_ack_visible,20000,166,210,278,19274,0,0
time,1,sorted_deque,updates_8,index_cancel_submit,20000,95,121,169,17133,0,0
time,1,sorted_deque,updates_8,index_terminal_visible,20000,124,161,263,21536,0,0
time,1,sorted_deque,updates_8,index_reactivate,20000,159,194,275,62089,0,0
time,1,sorted_deque,prices_16,summary_first,20000,57,71,103,22446,0,0
time,1,sorted_deque,prices_16,summary_last,20000,66,85,111,21268,0,0
time,1,sorted_deque,prices_16,summary_miss,20000,50,65,84,30794,0,0
time,1,sorted_deque,prices_16,summary_random,20000,73,99,117,19908,0,0
time,1,sorted_deque,prices_16,best,20000,44,65,85,18044,0,0
time,1,sorted_deque,prices_16,sorted_range8,2000,79,102,124,159,0,0
time,1,sorted_deque,prices_16,orders_at,2000,65,92,148,381,0,0
time,1,sorted_deque,prices_16,batch64_summary,2000,2178,2538,22035,63720,0,0
time,1,sorted_deque,updates_16,index_fill_visible,20000,68,123,214,36792,0,0
time,1,sorted_deque,updates_16,index_replace_submit,20000,123,222,374,39234,0,0
time,1,sorted_deque,updates_16,index_replace_ack_visible,20000,129,218,356,51136,0,0
time,1,sorted_deque,updates_16,index_cancel_submit,20000,69,117,170,11428,0,0
time,1,sorted_deque,updates_16,index_terminal_visible,20000,89,163,243,5706,0,0
time,1,sorted_deque,updates_16,index_reactivate,20000,127,212,381,29074,0,0
time,1,sorted_deque,prices_32,summary_first,20000,47,62,155,20313,0,0
time,1,sorted_deque,prices_32,summary_last,20000,51,62,164,21343,0,0
time,1,sorted_deque,prices_32,summary_miss,20000,46,58,130,3964,0,0
time,1,sorted_deque,prices_32,summary_random,20000,80,107,191,15134,0,0
time,1,sorted_deque,prices_32,best,20000,34,48,67,13554,0,0
time,1,sorted_deque,prices_32,sorted_range8,2000,58,88,173,2788,0,0
time,1,sorted_deque,prices_32,orders_at,2000,54,102,148,13712,0,0
time,1,sorted_deque,prices_32,batch64_summary,2000,2945,3653,21829,32011,0,0
time,1,sorted_deque,updates_32,index_fill_visible,20000,67,102,237,24049,0,0
time,1,sorted_deque,updates_32,index_replace_submit,20000,111,192,334,17492,0,0
time,1,sorted_deque,updates_32,index_replace_ack_visible,20000,124,194,382,138144,0,0
time,1,sorted_deque,updates_32,index_cancel_submit,20000,67,100,241,18766,0,0
time,1,sorted_deque,updates_32,index_terminal_visible,20000,87,140,294,11442,0,0
time,1,sorted_deque,updates_32,index_reactivate,20000,123,196,356,16367,0,0
time,1,sorted_deque,prices_128,summary_first,20000,49,68,150,15904,0,0
time,1,sorted_deque,prices_128,summary_last,20000,53,67,150,11942,0,0
time,1,sorted_deque,prices_128,summary_miss,20000,48,62,165,14475,0,0
time,1,sorted_deque,prices_128,summary_random,20000,94,134,270,1107929,0,0
time,1,sorted_deque,prices_128,best,20000,34,48,92,14276,0,0
time,1,sorted_deque,prices_128,sorted_range8,2000,61,99,300,4131,0,0
time,1,sorted_deque,prices_128,orders_at,2000,70,132,258,4062,0,0
time,1,sorted_deque,updates_128,index_fill_visible,20000,71,114,232,20164,0,0
time,1,sorted_deque,updates_128,index_replace_submit,20000,127,236,388,101359,0,0
time,1,sorted_deque,updates_128,index_replace_ack_visible,20000,134,240,383,19952,0,0
time,1,sorted_deque,updates_128,index_cancel_submit,20000,67,100,154,21171,0,0
time,1,sorted_deque,updates_128,index_terminal_visible,20000,97,167,251,20716,0,0
time,1,sorted_deque,updates_128,index_reactivate,20000,138,283,495,43698,0,0
time,1,sorted_deque,prices_1024,summary_first,4000,52,68,214,19619,0,0
time,1,sorted_deque,prices_1024,summary_last,4000,58,68,135,14085,0,0
time,1,sorted_deque,prices_1024,summary_miss,4000,51,62,84,3248,0,0
time,1,sorted_deque,prices_1024,summary_random,4000,120,174,236,4064,0,0
time,1,sorted_deque,prices_1024,best,4000,34,40,48,56,0,0
time,1,sorted_deque,prices_1024,sorted_range8,2000,61,69,121,3165,0,0
time,1,sorted_deque,prices_1024,orders_at,2000,117,178,390,3320,0,0
time,1,sorted_deque,updates_1024,index_fill_visible,4000,70,221,395,3919,0,0
time,1,sorted_deque,updates_1024,index_replace_submit,4000,140,391,3446,4351,0,0
time,1,sorted_deque,updates_1024,index_replace_ack_visible,4000,149,400,525,584,0,0
time,1,sorted_deque,updates_1024,index_cancel_submit,4000,67,107,218,1019,0,0
time,1,sorted_deque,updates_1024,index_terminal_visible,4000,102,289,450,21301,0,0
time,1,sorted_deque,updates_1024,index_reactivate,4000,152,480,675,24717,0,0
time,1,sorted_deque,prices_4096,summary_first,4000,55,82,116,15663,0,0
time,1,sorted_deque,prices_4096,summary_last,4000,64,77,99,160,0,0
time,1,sorted_deque,prices_4096,summary_miss,4000,54,69,85,4006,0,0
time,1,sorted_deque,prices_4096,summary_random,4000,158,360,517,27974,0,0
time,1,sorted_deque,prices_4096,best,4000,34,45,64,189,0,0
time,1,sorted_deque,prices_4096,sorted_range8,2000,66,121,340,416,0,0
time,1,sorted_deque,prices_4096,orders_at,2000,151,339,490,6189,0,0
time,1,sorted_deque,updates_4096,index_fill_visible,4000,71,231,323,479,0,0
time,1,sorted_deque,updates_4096,index_replace_submit,4000,126,218,3796,31133,0,0
time,1,sorted_deque,updates_4096,index_replace_ack_visible,4000,144,223,401,16920,0,0
time,1,sorted_deque,updates_4096,index_cancel_submit,4000,67,103,183,4795,0,0
time,1,sorted_deque,updates_4096,index_terminal_visible,4000,93,151,275,13615,0,0
time,1,sorted_deque,updates_4096,index_reactivate,4000,147,228,421,22290,0,0
time,1,sorted_deque,crowded_32,summary_first,4000,46,59,149,5504,0,0
time,1,sorted_deque,crowded_32,summary_last,4000,47,59,112,286,0,0
time,1,sorted_deque,crowded_32,summary_miss,4000,39,53,98,16828,0,0
time,1,sorted_deque,crowded_32,summary_random,4000,48,60,95,37271,0,0
time,1,sorted_deque,crowded_32,best,4000,34,46,70,128,0,0
time,1,sorted_deque,crowded_32,sorted_range8,2000,42,57,80,130,0,0
time,1,sorted_deque,crowded_32,orders_at,2000,187,214,349,4148,0,0
time,1,sorted_deque,crowded_32,batch64_summary,2000,482,595,874,16028,0,0
time,1,sorted_deque,crowded_4096,summary_first,4000,67,150,162,295,0,0
time,1,sorted_deque,crowded_4096,summary_last,4000,46,76,97,327,0,0
time,1,sorted_deque,crowded_4096,summary_miss,4000,39,77,83,518,0,0
time,1,sorted_deque,crowded_4096,summary_random,4000,47,62,86,2975,0,0
time,1,sorted_deque,crowded_4096,best,4000,34,58,76,3213,0,0
time,1,sorted_deque,crowded_4096,sorted_range8,2000,43,75,100,13969,0,0
time,1,sorted_deque,crowded_4096,orders_at,2000,24229,42019,55453,85303,0,0
time,1,sorted_deque,reprice_random_8,index_replace_submit,20000,115,194,378,36630,0,0
time,1,sorted_deque,reprice_random_8,index_replace_ack_visible,20000,137,212,321,14284,0,0
time,1,sorted_deque,reprice_random_32,index_replace_submit,20000,143,187,278,26450,0,0
time,1,sorted_deque,reprice_random_32,index_replace_ack_visible,20000,182,225,274,20457,0,0
time,1,sorted_deque,reprice_random_128,index_replace_submit,20000,170,232,356,21716,0,0
time,1,sorted_deque,reprice_random_128,index_replace_ack_visible,20000,216,266,324,16775,0,0
time,1,sorted_deque,reprice_random_1024,index_replace_submit,4000,368,594,7181,30258,0,0
time,1,sorted_deque,reprice_random_1024,index_replace_ack_visible,4000,322,502,654,3957,0,0
time,1,sorted_deque,reprice_random_4096,index_replace_submit,4000,839,2713,14556,52322,0,0
time,1,sorted_deque,reprice_random_4096,index_replace_ack_visible,4000,781,1683,5053,26990,0,0
time,1,sorted_deque,mixed_4_q0,fill_plus_queries,20000,67,94,168,19148,0,0
time,1,sorted_deque,mixed_4_q1,fill_plus_queries,20000,88,133,211,18696,0,0
time,1,sorted_deque,mixed_4_q4,fill_plus_queries,20000,164,266,1371,1996231,0,0
time,1,sorted_deque,mixed_4_q16,fill_plus_queries,20000,441,552,4052,36336,0,0
time,1,sorted_deque,mixed_32_q0,fill_plus_queries,20000,67,97,155,17976,0,0
time,1,sorted_deque,mixed_32_q1,fill_plus_queries,20000,103,150,197,18088,0,0
time,1,sorted_deque,mixed_32_q4,fill_plus_queries,20000,226,308,487,23798,0,0
time,1,sorted_deque,mixed_32_q16,fill_plus_queries,20000,682,941,17886,391628,0,0
time,1,sorted_deque,mixed_128_q0,fill_plus_queries,20000,85,173,237,60795,0,0
time,1,sorted_deque,mixed_128_q1,fill_plus_queries,20000,121,186,299,34863,0,0
time,1,sorted_deque,mixed_128_q4,fill_plus_queries,20000,275,417,609,47351,0,0
time,1,sorted_deque,mixed_128_q16,fill_plus_queries,20000,877,1184,14047,32680,0,0
time,1,sorted_deque,mixed_4096_q0,fill_plus_queries,4000,68,168,388,5724,0,0
time,1,sorted_deque,mixed_4096_q1,fill_plus_queries,4000,175,271,474,23440,0,0
time,1,sorted_deque,mixed_4096_q4,fill_plus_queries,4000,565,1035,9924,36371,0,0
time,1,sorted_deque,mixed_4096_q16,fill_plus_queries,4000,1800,2798,36133,54171,0,0
time,1,sorted_deque,growth,new_order_price,20000,201,2871,18675,614867,0,0
time,1,sorted_deque,growth,first32_subset,32,279,753,753,5319,0,0
time,1,sorted_deque,growth,last_quarter_subset,5000,201,12520,22354,134158,0,0
time,1,sorted_deque,growth,every64_subset,313,3600,32853,47934,134158,0,0
time,1,sorted_deque,4096books_4near_2far,summary_random,20000,122,449,704,36817,0,0
time,1,sorted_deque,prototype_4,intent_to_command,20000,115,212,313,22900,0,0
time,1,sorted_deque,prototype_4,queued_intent,20000,46,79,95,12129,0,0
time,1,sorted_deque,prototype_4,report_visible,20000,131,263,418,30223,0,0
time,1,sorted_deque,prototype_4,ready_to_command,20000,127,280,461,33122,0,0
time,1,sorted_deque,prototype_32,intent_to_command,20000,123,240,367,19586,0,0
time,1,sorted_deque,prototype_32,queued_intent,20000,46,69,137,4156,0,0
time,1,sorted_deque,prototype_32,report_visible,20000,139,284,525,33018,0,0
time,1,sorted_deque,prototype_32,ready_to_command,20000,133,287,451,53489,0,0
time,1,sorted_deque,prototype_128,intent_to_command,20000,164,322,499,53683,0,0
time,1,sorted_deque,prototype_128,queued_intent,20000,46,74,118,12695,0,0
time,1,sorted_deque,prototype_128,report_visible,20000,176,391,3918,27205,0,0
time,1,sorted_deque,prototype_128,ready_to_command,20000,176,385,609,51560,0,0
time,1,sorted_deque_soa,prices_4,summary_first,20000,55,68,81,13181,0,0
time,1,sorted_deque_soa,prices_4,summary_last,20000,53,66,97,26656,0,0
time,1,sorted_deque_soa,prices_4,summary_miss,20000,47,60,76,3898,0,0
time,1,sorted_deque_soa,prices_4,summary_random,20000,57,68,82,22808,0,0
time,1,sorted_deque_soa,prices_4,best,20000,34,47,73,49779,0,0
time,1,sorted_deque_soa,prices_4,sorted_range8,2000,58,84,194,208,0,0
time,1,sorted_deque_soa,prices_4,orders_at,2000,57,80,202,255,0,0
time,1,sorted_deque_soa,prices_4,batch64_summary,2000,999,1467,8334,19124,0,0
time,1,sorted_deque_soa,updates_4,index_fill_visible,20000,70,197,382,45518,0,0
time,1,sorted_deque_soa,updates_4,index_replace_submit,20000,122,245,374,43236,0,0
time,1,sorted_deque_soa,updates_4,index_replace_ack_visible,20000,131,232,345,24147,0,0
time,1,sorted_deque_soa,updates_4,index_cancel_submit,20000,69,129,257,23147,0,0
time,1,sorted_deque_soa,updates_4,index_terminal_visible,20000,92,170,273,44330,0,0
time,1,sorted_deque_soa,updates_4,index_reactivate,20000,124,257,418,27013,0,0
time,1,sorted_deque_soa,prices_8,summary_first,20000,57,68,83,7765,0,0
time,1,sorted_deque_soa,prices_8,summary_last,20000,55,67,81,17138,0,0
time,1,sorted_deque_soa,prices_8,summary_miss,20000,49,60,81,12930,0,0
time,1,sorted_deque_soa,prices_8,summary_random,20000,58,68,88,12429,0,0
time,1,sorted_deque_soa,prices_8,best,20000,34,45,61,19294,0,0
time,1,sorted_deque_soa,prices_8,sorted_range8,2000,68,96,125,163,0,0
time,1,sorted_deque_soa,prices_8,orders_at,2000,60,76,99,150,0,0
time,1,sorted_deque_soa,prices_8,batch64_summary,2000,1059,1635,28352,120405,0,0
time,1,sorted_deque_soa,updates_8,index_fill_visible,20000,68,127,219,23979,0,0
time,1,sorted_deque_soa,updates_8,index_replace_submit,20000,116,199,280,20279,0,0
time,1,sorted_deque_soa,updates_8,index_replace_ack_visible,20000,131,198,301,40841,0,0
time,1,sorted_deque_soa,updates_8,index_cancel_submit,20000,68,102,137,140734,0,0
time,1,sorted_deque_soa,updates_8,index_terminal_visible,20000,90,144,216,31327,0,0
time,1,sorted_deque_soa,updates_8,index_reactivate,20000,127,197,302,14604,0,0
time,1,sorted_deque_soa,prices_16,summary_first,20000,61,75,105,150882,0,0
time,1,sorted_deque_soa,prices_16,summary_last,20000,60,74,110,74152,0,0
time,1,sorted_deque_soa,prices_16,summary_miss,20000,53,67,110,23493,0,0
time,1,sorted_deque_soa,prices_16,summary_random,20000,62,77,142,70012,0,0
time,1,sorted_deque_soa,prices_16,best,20000,34,48,73,21414,0,0
time,1,sorted_deque_soa,prices_16,sorted_range8,2000,73,108,183,4015,0,0
time,1,sorted_deque_soa,prices_16,orders_at,2000,64,88,157,8349,0,0
time,1,sorted_deque_soa,prices_16,batch64_summary,2000,1346,1470,13253,26068,0,0
time,1,sorted_deque_soa,updates_16,index_fill_visible,20000,68,103,182,4225,0,0
time,1,sorted_deque_soa,updates_16,index_replace_submit,20000,130,212,318,35791,0,0
time,1,sorted_deque_soa,updates_16,index_replace_ack_visible,20000,140,212,296,21124,0,0
time,1,sorted_deque_soa,updates_16,index_cancel_submit,20000,68,101,139,35541,0,0
time,1,sorted_deque_soa,updates_16,index_terminal_visible,20000,95,148,215,12512,0,0
time,1,sorted_deque_soa,updates_16,index_reactivate,20000,144,215,365,19155,0,0
time,1,sorted_deque_soa,prices_32,summary_first,20000,69,71,88,12677,0,0
time,1,sorted_deque_soa,prices_32,summary_last,20000,67,75,85,18720,0,0
time,1,sorted_deque_soa,prices_32,summary_miss,20000,61,64,79,11718,0,0
time,1,sorted_deque_soa,prices_32,summary_random,20000,71,76,87,12648,0,0
time,1,sorted_deque_soa,prices_32,best,20000,34,36,50,198,0,0
time,1,sorted_deque_soa,prices_32,sorted_range8,2000,80,84,176,207,0,0
time,1,sorted_deque_soa,prices_32,orders_at,2000,72,89,131,31726,0,0
time,1,sorted_deque_soa,prices_32,batch64_summary,2000,1813,2749,21244,36431,0,0
time,1,sorted_deque_soa,updates_32,index_fill_visible,20000,68,101,191,22346,0,0
time,1,sorted_deque_soa,updates_32,index_replace_submit,20000,156,246,357,13477,0,0
time,1,sorted_deque_soa,updates_32,index_replace_ack_visible,20000,162,235,427,19447,0,0
time,1,sorted_deque_soa,updates_32,index_cancel_submit,20000,68,99,139,41072,0,0
time,1,sorted_deque_soa,updates_32,index_terminal_visible,20000,106,173,308,33443,0,0
time,1,sorted_deque_soa,updates_32,index_reactivate,20000,178,259,364,16437,0,0
time,1,sorted_deque_soa,prices_128,summary_first,20000,50,52,70,3318,0,0
time,1,sorted_deque_soa,prices_128,summary_last,20000,52,60,66,5026,0,0
time,1,sorted_deque_soa,prices_128,summary_miss,20000,44,52,62,12630,0,0
time,1,sorted_deque_soa,prices_128,summary_random,20000,89,118,132,24823,0,0
time,1,sorted_deque_soa,prices_128,best,20000,34,47,58,19777,0,0
time,1,sorted_deque_soa,prices_128,sorted_range8,2000,61,63,92,168,0,0
time,1,sorted_deque_soa,prices_128,orders_at,2000,67,120,284,12347,0,0
time,1,sorted_deque_soa,updates_128,index_fill_visible,20000,70,95,167,19600,0,0
time,1,sorted_deque_soa,updates_128,index_replace_submit,20000,123,220,302,19700,0,0
time,1,sorted_deque_soa,updates_128,index_replace_ack_visible,20000,133,205,277,13766,0,0
time,1,sorted_deque_soa,updates_128,index_cancel_submit,20000,68,87,114,32787,0,0
time,1,sorted_deque_soa,updates_128,index_terminal_visible,20000,95,151,207,11993,0,0
time,1,sorted_deque_soa,updates_128,index_reactivate,20000,134,233,296,13574,0,0
time,1,sorted_deque_soa,prices_1024,summary_first,4000,50,94,108,16947,0,0
time,1,sorted_deque_soa,prices_1024,summary_last,4000,55,96,116,219,0,0
time,1,sorted_deque_soa,prices_1024,summary_miss,4000,46,86,104,253,0,0
time,1,sorted_deque_soa,prices_1024,summary_random,4000,120,220,395,475,0,0
time,1,sorted_deque_soa,prices_1024,best,4000,34,55,72,18414,0,0
time,1,sorted_deque_soa,prices_1024,sorted_range8,2000,61,173,382,4608,0,0
time,1,sorted_deque_soa,prices_1024,orders_at,2000,120,225,415,16848,0,0
time,1,sorted_deque_soa,updates_1024,index_fill_visible,4000,70,157,350,25283,0,0
time,1,sorted_deque_soa,updates_1024,index_replace_submit,4000,143,421,3466,24158,0,0
time,1,sorted_deque_soa,updates_1024,index_replace_ack_visible,4000,153,371,447,3268,0,0
time,1,sorted_deque_soa,updates_1024,index_cancel_submit,4000,68,93,198,15993,0,0
time,1,sorted_deque_soa,updates_1024,index_terminal_visible,4000,103,281,351,16168,0,0
time,1,sorted_deque_soa,updates_1024,index_reactivate,4000,152,426,3524,4828,0,0
time,1,sorted_deque_soa,prices_4096,summary_first,4000,51,70,95,276,0,0
time,1,sorted_deque_soa,prices_4096,summary_last,4000,57,76,154,655,0,0
time,1,sorted_deque_soa,prices_4096,summary_miss,4000,48,65,97,195,0,0
time,1,sorted_deque_soa,prices_4096,summary_random,4000,149,403,504,24534,0,0
time,1,sorted_deque_soa,prices_4096,best,4000,34,49,64,152,0,0
time,1,sorted_deque_soa,prices_4096,sorted_range8,2000,61,65,86,266,0,0
time,1,sorted_deque_soa,prices_4096,orders_at,2000,137,371,488,15548,0,0
time,1,sorted_deque_soa,updates_4096,index_fill_visible,4000,98,287,453,71553,0,0
time,1,sorted_deque_soa,updates_4096,index_replace_submit,4000,182,317,4689,23183,0,0
time,1,sorted_deque_soa,updates_4096,index_replace_ack_visible,4000,183,321,429,5150,0,0
time,1,sorted_deque_soa,updates_4096,index_cancel_submit,4000,91,163,276,7529,0,0
time,1,sorted_deque_soa,updates_4096,index_terminal_visible,4000,129,217,291,360,0,0
time,1,sorted_deque_soa,updates_4096,index_reactivate,4000,192,326,366,9205,0,0
time,1,sorted_deque_soa,crowded_32,summary_first,4000,58,74,195,267,0,0
time,1,sorted_deque_soa,crowded_32,summary_last,4000,59,80,198,212,0,0
time,1,sorted_deque_soa,crowded_32,summary_miss,4000,50,70,188,196,0,0
time,1,sorted_deque_soa,crowded_32,summary_random,4000,59,79,201,16673,0,0
time,1,sorted_deque_soa,crowded_32,best,4000,42,55,181,4982,0,0
time,1,sorted_deque_soa,crowded_32,sorted_range8,2000,55,73,192,3812,0,0
time,1,sorted_deque_soa,crowded_32,orders_at,2000,205,314,397,7067,0,0
time,1,sorted_deque_soa,crowded_32,batch64_summary,2000,867,1508,23105,37101,0,0
time,1,sorted_deque_soa,crowded_4096,summary_first,4000,80,196,317,8484,0,0
time,1,sorted_deque_soa,crowded_4096,summary_last,4000,58,83,170,50425,0,0
time,1,sorted_deque_soa,crowded_4096,summary_miss,4000,53,87,136,6319,0,0
time,1,sorted_deque_soa,crowded_4096,summary_random,4000,58,77,198,3067,0,0
time,1,sorted_deque_soa,crowded_4096,best,4000,42,60,133,4605,0,0
time,1,sorted_deque_soa,crowded_4096,sorted_range8,2000,56,82,139,207,0,0
time,1,sorted_deque_soa,crowded_4096,orders_at,2000,26049,59207,79102,128557,0,0
time,1,sorted_deque_soa,reprice_random_8,index_replace_submit,20000,129,215,402,45877,0,0
time,1,sorted_deque_soa,reprice_random_8,index_replace_ack_visible,20000,150,231,334,28337,0,0
time,1,sorted_deque_soa,reprice_random_32,index_replace_submit,20000,177,208,267,20979,0,0
time,1,sorted_deque_soa,reprice_random_32,index_replace_ack_visible,20000,185,215,263,203296,0,0
time,1,sorted_deque_soa,reprice_random_128,index_replace_submit,20000,173,256,349,17643,0,0
time,1,sorted_deque_soa,reprice_random_128,index_replace_ack_visible,20000,213,284,384,23793,0,0
time,1,sorted_deque_soa,reprice_random_1024,index_replace_submit,4000,369,480,4495,19940,0,0
time,1,sorted_deque_soa,reprice_random_1024,index_replace_ack_visible,4000,321,418,597,13491,0,0
time,1,sorted_deque_soa,reprice_random_4096,index_replace_submit,4000,864,2860,27861,234952,0,0
time,1,sorted_deque_soa,reprice_random_4096,index_replace_ack_visible,4000,790,1673,20939,167031,0,0
time,1,sorted_deque_soa,mixed_4_q0,fill_plus_queries,20000,69,96,167,18507,0,0
time,1,sorted_deque_soa,mixed_4_q1,fill_plus_queries,20000,86,94,126,45418,0,0
time,1,sorted_deque_soa,mixed_4_q4,fill_plus_queries,20000,132,188,260,13733,0,0
time,1,sorted_deque_soa,mixed_4_q16,fill_plus_queries,20000,302,413,584,55628,0,0
time,1,sorted_deque_soa,mixed_32_q0,fill_plus_queries,20000,68,84,85,13693,0,0
time,1,sorted_deque_soa,mixed_32_q1,fill_plus_queries,20000,100,108,127,12967,0,0
time,1,sorted_deque_soa,mixed_32_q4,fill_plus_queries,20000,192,239,313,48836,0,0
time,1,sorted_deque_soa,mixed_32_q16,fill_plus_queries,20000,552,745,4750,57984,0,0
time,1,sorted_deque_soa,mixed_128_q0,fill_plus_queries,20000,68,88,112,15077,0,0
time,1,sorted_deque_soa,mixed_128_q1,fill_plus_queries,20000,116,151,204,26368,0,0
time,1,sorted_deque_soa,mixed_128_q4,fill_plus_queries,20000,263,373,3490,709674,0,0
time,1,sorted_deque_soa,mixed_128_q16,fill_plus_queries,20000,834,3707,14070,47494,0,0
time,1,sorted_deque_soa,mixed_4096_q0,fill_plus_queries,4000,69,147,290,16010,0,0
time,1,sorted_deque_soa,mixed_4096_q1,fill_plus_queries,4000,163,231,295,26407,0,0
time,1,sorted_deque_soa,mixed_4096_q4,fill_plus_queries,4000,397,519,4241,17675,0,0
time,1,sorted_deque_soa,mixed_4096_q16,fill_plus_queries,4000,1313,1748,18060,50910,0,0
time,1,sorted_deque_soa,growth,new_order_price,20000,178,2386,6865,104390,0,0
time,1,sorted_deque_soa,growth,first32_subset,32,255,621,621,5417,0,0
time,1,sorted_deque_soa,growth,last_quarter_subset,5000,182,4493,7288,46563,0,0
time,1,sorted_deque_soa,growth,every64_subset,313,2869,8458,44412,46563,0,0
time,1,sorted_deque_soa,4096books_4near_2far,summary_random,20000,130,510,792,61743,0,0
time,1,sorted_deque_soa,prototype_4,intent_to_command,20000,123,212,482,17941,0,0
time,1,sorted_deque_soa,prototype_4,queued_intent,20000,46,60,85,263862,0,0
time,1,sorted_deque_soa,prototype_4,report_visible,20000,144,232,423,171918,0,0
time,1,sorted_deque_soa,prototype_4,ready_to_command,20000,135,256,443,2270248,0,0
time,1,sorted_deque_soa,prototype_32,intent_to_command,20000,173,293,538,57187,0,0
time,1,sorted_deque_soa,prototype_32,queued_intent,20000,46,63,139,124170,0,0
time,1,sorted_deque_soa,prototype_32,report_visible,20000,181,311,529,18610,0,0
time,1,sorted_deque_soa,prototype_32,ready_to_command,20000,183,330,585,160031,0,0
time,1,sorted_deque_soa,prototype_128,intent_to_command,20000,219,356,774,24814,0,0
time,1,sorted_deque_soa,prototype_128,queued_intent,20000,60,95,194,4547,0,0
time,1,sorted_deque_soa,prototype_128,report_visible,20000,231,411,760,655594,0,0
time,1,sorted_deque_soa,prototype_128,ready_to_command,20000,250,432,841,41989,0,0
time,1,adaptive,prices_4,summary_first,20000,60,78,185,29204,0,0
time,1,adaptive,prices_4,summary_last,20000,62,79,184,30434,0,0
time,1,adaptive,prices_4,summary_miss,20000,51,66,163,23312,0,0
time,1,adaptive,prices_4,summary_random,20000,72,96,205,28757,0,0
time,1,adaptive,prices_4,best,20000,45,64,123,19952,0,0
time,1,adaptive,prices_4,sorted_range8,2000,67,88,213,30735,0,0
time,1,adaptive,prices_4,orders_at,2000,67,90,180,230,0,0
time,1,adaptive,prices_4,batch64_summary,2000,1683,2175,19328,24834,0,0
time,1,adaptive,updates_4,index_fill_visible,20000,68,173,349,26557,0,0
time,1,adaptive,updates_4,index_replace_submit,20000,109,195,305,18293,0,0
time,1,adaptive,updates_4,index_replace_ack_visible,20000,107,189,292,25659,0,0
time,1,adaptive,updates_4,index_cancel_submit,20000,68,114,145,16122,0,0
time,1,adaptive,updates_4,index_terminal_visible,20000,73,141,247,31277,0,0
time,1,adaptive,updates_4,index_reactivate,20000,123,228,417,33848,0,0
time,1,adaptive,prices_8,summary_first,20000,50,64,79,21015,0,0
time,1,adaptive,prices_8,summary_last,20000,47,66,86,12581,0,0
time,1,adaptive,prices_8,summary_miss,20000,40,53,71,6171,0,0
time,1,adaptive,prices_8,summary_random,20000,63,82,105,26977,0,0
time,1,adaptive,prices_8,best,20000,34,47,72,17059,0,0
time,1,adaptive,prices_8,sorted_range8,2000,58,95,221,290,0,0
time,1,adaptive,prices_8,orders_at,2000,53,82,114,211,0,0
time,1,adaptive,prices_8,batch64_summary,2000,1765,2190,16599,36065,0,0
time,1,adaptive,updates_8,index_fill_visible,20000,68,169,358,480441,0,0
time,1,adaptive,updates_8,index_replace_submit,20000,108,206,353,109751,0,0
time,1,adaptive,updates_8,index_replace_ack_visible,20000,110,198,347,40371,0,0
time,1,adaptive,updates_8,index_cancel_submit,20000,68,114,231,157044,0,0
time,1,adaptive,updates_8,index_terminal_visible,20000,75,147,258,21390,0,0
time,1,adaptive,updates_8,index_reactivate,20000,126,224,421,494583,0,0
time,1,adaptive,prices_16,summary_first,20000,58,74,118,23059,0,0
time,1,adaptive,prices_16,summary_last,20000,68,90,127,3778,0,0
time,1,adaptive,prices_16,summary_miss,20000,50,65,97,26893,0,0
time,1,adaptive,prices_16,summary_random,20000,76,107,156,21736,0,0
time,1,adaptive,prices_16,best,20000,43,60,80,28893,0,0
time,1,adaptive,prices_16,sorted_range8,2000,69,102,224,32961,0,0
time,1,adaptive,prices_16,orders_at,2000,62,93,159,598,0,0
time,1,adaptive,prices_16,batch64_summary,2000,2360,2679,29189,61610,0,0
time,1,adaptive,updates_16,index_fill_visible,20000,89,195,386,48668,0,0
time,1,adaptive,updates_16,index_replace_submit,20000,158,235,337,21624,0,0
time,1,adaptive,updates_16,index_replace_ack_visible,20000,155,224,312,30880,0,0
time,1,adaptive,updates_16,index_cancel_submit,20000,86,124,221,13422,0,0
time,1,adaptive,updates_16,index_terminal_visible,20000,108,166,265,40248,0,0
time,1,adaptive,updates_16,index_reactivate,20000,171,261,501,129687,0,0
time,1,adaptive,prices_32,summary_first,20000,48,52,73,4907,0,0
time,1,adaptive,prices_32,summary_last,20000,53,62,72,11852,0,0
time,1,adaptive,prices_32,summary_miss,20000,46,49,70,20258,0,0
time,1,adaptive,prices_32,summary_random,20000,83,106,125,10961,0,0
time,1,adaptive,prices_32,best,20000,34,42,56,13979,0,0
time,1,adaptive,prices_32,sorted_range8,2000,59,86,110,20036,0,0
time,1,adaptive,prices_32,orders_at,2000,56,93,133,257,0,0
time,1,adaptive,prices_32,batch64_summary,2000,3062,3921,38686,190128,0,0
time,1,adaptive,updates_32,index_fill_visible,20000,70,165,283,61350,0,0
time,1,adaptive,updates_32,index_replace_submit,20000,120,246,389,47443,0,0
time,1,adaptive,updates_32,index_replace_ack_visible,20000,119,237,356,17808,0,0
time,1,adaptive,updates_32,index_cancel_submit,20000,69,119,236,45878,0,0
time,1,adaptive,updates_32,index_terminal_visible,20000,81,170,257,24607,0,0
time,1,adaptive,updates_32,index_reactivate,20000,137,264,417,16332,0,0
time,1,adaptive,prices_128,summary_first,20000,51,68,139,16685,0,0
time,1,adaptive,prices_128,summary_last,20000,57,67,114,3236,0,0
time,1,adaptive,prices_128,summary_miss,20000,48,61,90,120339,0,0
time,1,adaptive,prices_128,summary_random,20000,96,133,2318,23021,0,0
time,1,adaptive,prices_128,best,20000,34,50,79,18099,0,0
time,1,adaptive,prices_128,sorted_range8,2000,60,100,15118,117963,0,0
time,1,adaptive,prices_128,orders_at,2000,78,127,163,308,0,0
time,1,adaptive,updates_128,index_fill_visible,20000,71,90,260,24483,0,0
time,1,adaptive,updates_128,index_replace_submit,20000,132,228,2647,63535,0,0
time,1,adaptive,updates_128,index_replace_ack_visible,20000,130,216,2590,294592,0,0
time,1,adaptive,updates_128,index_cancel_submit,20000,68,85,2343,14237,0,0
time,1,adaptive,updates_128,index_terminal_visible,20000,89,153,2455,12930,0,0
time,1,adaptive,updates_128,index_reactivate,20000,150,280,2710,28283,0,0
time,1,adaptive,prices_1024,summary_first,4000,52,66,89,2712,0,0
time,1,adaptive,prices_1024,summary_last,4000,60,68,83,12914,0,0
time,1,adaptive,prices_1024,summary_miss,4000,51,61,131,2643,0,0
time,1,adaptive,prices_1024,summary_random,4000,121,167,215,20936,0,0
time,1,adaptive,prices_1024,best,4000,34,41,49,53,0,0
time,1,adaptive,prices_1024,sorted_range8,2000,62,67,84,216,0,0
time,1,adaptive,prices_1024,orders_at,2000,113,163,445,15911,0,0
time,1,adaptive,updates_1024,index_fill_visible,4000,72,162,390,2621,0,0
time,1,adaptive,updates_1024,index_replace_submit,4000,240,373,2865,119376,0,0
time,1,adaptive,updates_1024,index_replace_ack_visible,4000,286,515,2781,40650,0,0
time,1,adaptive,updates_1024,index_cancel_submit,4000,70,98,168,15030,0,0
time,1,adaptive,updates_1024,index_terminal_visible,4000,201,429,3901,4556,0,0
time,1,adaptive,updates_1024,index_reactivate,4000,298,536,3584,22840,0,0
time,1,adaptive,prices_4096,summary_first,4000,58,68,144,3062,0,0
time,1,adaptive,prices_4096,summary_last,4000,62,110,2309,2673,0,0
time,1,adaptive,prices_4096,summary_miss,4000,47,60,116,3010,0,0
time,1,adaptive,prices_4096,summary_random,4000,133,391,2756,16491,0,0
time,1,adaptive,prices_4096,best,4000,34,41,59,4289,0,0
time,1,adaptive,prices_4096,sorted_range8,2000,65,103,220,2459,0,0
time,1,adaptive,prices_4096,orders_at,2000,127,352,2563,3572,0,0
time,1,adaptive,updates_4096,index_fill_visible,4000,73,212,2436,25263,0,0
time,1,adaptive,updates_4096,index_replace_submit,4000,246,417,3233,14280,0,0
time,1,adaptive,updates_4096,index_replace_ack_visible,4000,243,546,2816,13440,0,0
time,1,adaptive,updates_4096,index_cancel_submit,4000,70,111,2424,2971,0,0
time,1,adaptive,updates_4096,index_terminal_visible,4000,201,425,2808,19875,0,0
time,1,adaptive,updates_4096,index_reactivate,4000,293,461,2935,24482,0,0
time,1,adaptive,crowded_32,summary_first,4000,50,59,136,70438,0,0
time,1,adaptive,crowded_32,summary_last,4000,51,59,70,16066,0,0
time,1,adaptive,crowded_32,summary_miss,4000,40,52,71,2281,0,0
time,1,adaptive,crowded_32,summary_random,4000,52,60,68,3771,0,0
time,1,adaptive,crowded_32,best,4000,34,43,50,53,0,0
time,1,adaptive,crowded_32,sorted_range8,2000,43,46,70,180,0,0
time,1,adaptive,crowded_32,orders_at,2000,192,210,2800,3857,0,0
time,1,adaptive,crowded_32,batch64_summary,2000,587,1200,6333,53810,0,0
time,1,adaptive,crowded_4096,summary_first,4000,73,109,181,261,0,0
time,1,adaptive,crowded_4096,summary_last,4000,51,69,223,3439,0,0
time,1,adaptive,crowded_4096,summary_miss,4000,40,70,103,2489,0,0
time,1,adaptive,crowded_4096,summary_random,4000,52,65,89,2709,0,0
time,1,adaptive,crowded_4096,best,4000,34,60,80,15405,0,0
time,1,adaptive,crowded_4096,sorted_range8,2000,44,84,186,217,0,0
time,1,adaptive,crowded_4096,orders_at,2000,24221,46633,187953,236412,0,0
time,1,adaptive,reprice_random_8,index_replace_submit,20000,110,175,2391,40574,0,0
time,1,adaptive,reprice_random_8,index_replace_ack_visible,20000,135,195,2501,18974,0,0
time,1,adaptive,reprice_random_32,index_replace_submit,20000,142,249,2630,84470,0,0
time,1,adaptive,reprice_random_32,index_replace_ack_visible,20000,181,288,2641,20876,0,0
time,1,adaptive,reprice_random_128,index_replace_submit,20000,166,280,2611,22798,0,0
time,1,adaptive,reprice_random_128,index_replace_ack_visible,20000,210,308,2707,23297,0,0
time,1,adaptive,reprice_random_1024,index_replace_submit,4000,297,572,3119,171036,0,0
time,1,adaptive,reprice_random_1024,index_replace_ack_visible,4000,360,706,3167,16289,0,0
time,1,adaptive,reprice_random_4096,index_replace_submit,4000,341,728,4637,20686,0,0
time,1,adaptive,reprice_random_4096,index_replace_ack_visible,4000,412,719,3651,31388,0,0
time,1,adaptive,mixed_4_q0,fill_plus_queries,20000,67,71,100,26149,0,0
time,1,adaptive,mixed_4_q1,fill_plus_queries,20000,92,113,2302,21428,0,0
time,1,adaptive,mixed_4_q4,fill_plus_queries,20000,173,210,2449,34252,0,0
time,1,adaptive,mixed_4_q16,fill_plus_queries,20000,492,706,4024,136717,0,0
time,1,adaptive,mixed_32_q0,fill_plus_queries,20000,68,112,300,34206,0,0
time,1,adaptive,mixed_32_q1,fill_plus_queries,20000,107,158,2393,60260,0,0
time,1,adaptive,mixed_32_q4,fill_plus_queries,20000,276,411,4872,39203,0,0
time,1,adaptive,mixed_32_q16,fill_plus_queries,20000,702,920,12352,57728,0,0
time,1,adaptive,mixed_128_q0,fill_plus_queries,20000,68,86,102,24082,0,0
time,1,adaptive,mixed_128_q1,fill_plus_queries,20000,121,170,249,37338,0,0
time,1,adaptive,mixed_128_q4,fill_plus_queries,20000,276,367,518,35193,0,0
time,1,adaptive,mixed_128_q16,fill_plus_queries,20000,891,1252,12653,570517,0,0
time,1,adaptive,mixed_4096_q0,fill_plus_queries,4000,88,256,412,604,0,0
time,1,adaptive,mixed_4096_q1,fill_plus_queries,4000,198,361,549,25959,0,0
time,1,adaptive,mixed_4096_q4,fill_plus_queries,4000,446,665,5672,28813,0,0
time,1,adaptive,mixed_4096_q16,fill_plus_queries,4000,1424,1842,24599,59971,0,0
time,1,adaptive,growth,new_order_price,20000,438,4088,12792,150046,0,0
time,1,adaptive,growth,first32_subset,32,279,638,638,5752,0,0
time,1,adaptive,growth,last_quarter_subset,5000,458,6516,12792,52410,0,0
time,1,adaptive,growth,every64_subset,313,5656,17584,52410,150046,0,0
time,1,adaptive,4096books_4near_2far,summary_random,20000,176,601,997,41034,0,0
time,1,adaptive,prototype_4,intent_to_command,20000,181,226,304,45814,0,0
time,1,adaptive,prototype_4,queued_intent,20000,58,70,88,4215,0,0
time,1,adaptive,prototype_4,report_visible,20000,191,266,393,36427,0,0
time,1,adaptive,prototype_4,ready_to_command,20000,220,286,414,31128,0,0
time,1,adaptive,prototype_32,intent_to_command,20000,198,255,327,20979,0,0
time,1,adaptive,prototype_32,queued_intent,20000,58,70,88,31988,0,0
time,1,adaptive,prototype_32,report_visible,20000,206,293,465,17335,0,0
time,1,adaptive,prototype_32,ready_to_command,20000,234,312,439,62430,0,0
time,1,adaptive,prototype_128,intent_to_command,20000,169,320,481,97749,0,0
time,1,adaptive,prototype_128,queued_intent,20000,47,77,195,5791,0,0
time,1,adaptive,prototype_128,report_visible,20000,191,372,584,67845,0,0
time,1,adaptive,prototype_128,ready_to_command,20000,197,412,560,38559,0,0
time,1,absl_btree,prices_4,summary_first,20000,44,56,82,26825,0,0
time,1,absl_btree,prices_4,summary_last,20000,45,57,83,12003,0,0
time,1,absl_btree,prices_4,summary_miss,20000,40,50,70,72272,0,0
time,1,absl_btree,prices_4,summary_random,20000,57,77,107,13649,0,0
time,1,absl_btree,prices_4,best,20000,34,56,74,5208,0,0
time,1,absl_btree,prices_4,sorted_range8,2000,48,68,104,183,0,0
time,1,absl_btree,prices_4,orders_at,2000,48,63,92,118,0,0
time,1,absl_btree,prices_4,batch64_summary,2000,1568,1734,13192,34564,0,0
time,1,absl_btree,updates_4,index_fill_visible,20000,67,145,295,4486,0,0
time,1,absl_btree,updates_4,index_replace_submit,20000,111,190,271,20966,0,0
time,1,absl_btree,updates_4,index_replace_ack_visible,20000,145,255,320,63555,0,0
time,1,absl_btree,updates_4,index_cancel_submit,20000,67,115,143,31024,0,0
time,1,absl_btree,updates_4,index_terminal_visible,20000,109,201,315,38864,0,0
time,1,absl_btree,updates_4,index_reactivate,20000,124,213,379,15629,0,0
time,1,absl_btree,prices_8,summary_first,20000,44,66,89,18457,0,0
time,1,absl_btree,prices_8,summary_last,20000,47,77,111,4150,0,0
time,1,absl_btree,prices_8,summary_miss,20000,40,59,87,23264,0,0
time,1,absl_btree,prices_8,summary_random,20000,60,87,125,18301,0,0
time,1,absl_btree,prices_8,best,20000,34,54,73,16500,0,0
time,1,absl_btree,prices_8,sorted_range8,2000,58,60,86,189,0,0
time,1,absl_btree,prices_8,orders_at,2000,48,60,90,223,0,0
time,1,absl_btree,prices_8,batch64_summary,2000,1791,4452,15220,16091,0,0
time,1,absl_btree,updates_8,index_fill_visible,20000,67,155,310,12883,0,0
time,1,absl_btree,updates_8,index_replace_submit,20000,113,212,321,25536,0,0
time,1,absl_btree,updates_8,index_replace_ack_visible,20000,152,281,3030,59091,0,0
time,1,absl_btree,updates_8,index_cancel_submit,20000,67,124,174,31769,0,0
time,1,absl_btree,updates_8,index_terminal_visible,20000,114,219,281,13404,0,0
time,1,absl_btree,updates_8,index_reactivate,20000,127,222,407,79865,0,0
time,1,absl_btree,prices_16,summary_first,20000,47,84,102,29389,0,0
time,1,absl_btree,prices_16,summary_last,20000,51,94,113,16463,0,0
time,1,absl_btree,prices_16,summary_miss,20000,42,77,93,15922,0,0
time,1,absl_btree,prices_16,summary_random,20000,72,108,129,21585,0,0
time,1,absl_btree,prices_16,best,20000,34,62,75,19339,0,0
time,1,absl_btree,prices_16,sorted_range8,2000,106,171,199,5231,0,0
time,1,absl_btree,prices_16,orders_at,2000,73,112,139,165,0,0
time,1,absl_btree,prices_16,batch64_summary,2000,2286,2871,16897,30368,0,0
time,1,absl_btree,updates_16,index_fill_visible,20000,67,94,175,14220,0,0
time,1,absl_btree,updates_16,index_replace_submit,20000,119,181,284,33037,0,0
time,1,absl_btree,updates_16,index_replace_ack_visible,20000,156,232,462,14347,0,0
time,1,absl_btree,updates_16,index_cancel_submit,20000,67,87,119,30675,0,0
time,1,absl_btree,updates_16,index_terminal_visible,20000,118,180,263,14001,0,0
time,1,absl_btree,updates_16,index_reactivate,20000,134,195,271,20118,0,0
time,1,absl_btree,prices_32,summary_first,20000,46,59,83,35580,0,0
time,1,absl_btree,prices_32,summary_last,20000,52,67,90,80357,0,0
time,1,absl_btree,prices_32,summary_miss,20000,42,53,70,3681,0,0
time,1,absl_btree,prices_32,summary_random,20000,72,99,128,29039,0,0
time,1,absl_btree,prices_32,best,20000,34,49,65,20236,0,0
time,1,absl_btree,prices_32,sorted_range8,2000,59,62,140,209,0,0
time,1,absl_btree,prices_32,orders_at,2000,51,84,127,3964,0,0
time,1,absl_btree,prices_32,batch64_summary,2000,2542,5536,35687,188228,0,0
time,1,absl_btree,updates_32,index_fill_visible,20000,67,103,236,22133,0,0
time,1,absl_btree,updates_32,index_replace_submit,20000,140,245,417,16816,0,0
time,1,absl_btree,updates_32,index_replace_ack_visible,20000,176,291,495,34290,0,0
time,1,absl_btree,updates_32,index_cancel_submit,20000,67,96,129,18407,0,0
time,1,absl_btree,updates_32,index_terminal_visible,20000,132,229,382,20464,0,0
time,1,absl_btree,updates_32,index_reactivate,20000,150,240,429,22980,0,0
time,1,absl_btree,prices_128,summary_first,20000,49,64,91,26047,0,0
time,1,absl_btree,prices_128,summary_last,20000,56,71,105,15191,0,0
time,1,absl_btree,prices_128,summary_miss,20000,44,58,77,4548,0,0
time,1,absl_btree,prices_128,summary_random,20000,80,119,169,18165,0,0
time,1,absl_btree,prices_128,best,20000,34,49,74,19157,0,0
time,1,absl_btree,prices_128,sorted_range8,2000,61,103,126,16958,0,0
time,1,absl_btree,prices_128,orders_at,2000,58,130,229,4128,0,0
time,1,absl_btree,updates_128,index_fill_visible,20000,70,105,233,13881,0,0
time,1,absl_btree,updates_128,index_replace_submit,20000,205,307,622,23543,0,0
time,1,absl_btree,updates_128,index_replace_ack_visible,20000,275,425,3441,113592,0,0
time,1,absl_btree,updates_128,index_cancel_submit,20000,67,96,188,30432,0,0
time,1,absl_btree,updates_128,index_terminal_visible,20000,195,319,621,23617,0,0
time,1,absl_btree,updates_128,index_reactivate,20000,250,380,1001,17746,0,0
time,1,absl_btree,prices_1024,summary_first,4000,51,53,73,3342,0,0
time,1,absl_btree,prices_1024,summary_last,4000,54,65,99,3665,0,0
time,1,absl_btree,prices_1024,summary_miss,4000,44,46,55,99,0,0
time,1,absl_btree,prices_1024,summary_random,4000,99,146,241,13180,0,0
time,1,absl_btree,prices_1024,best,4000,34,38,48,53,0,0
time,1,absl_btree,prices_1024,sorted_range8,2000,61,65,100,195,0,0
time,1,absl_btree,prices_1024,orders_at,2000,96,177,237,25372,0,0
time,1,absl_btree,updates_1024,index_fill_visible,4000,70,115,176,3146,0,0
time,1,absl_btree,updates_1024,index_replace_submit,4000,233,347,2999,4650,0,0
time,1,absl_btree,updates_1024,index_replace_ack_visible,4000,292,501,3459,4275,0,0
time,1,absl_btree,updates_1024,index_cancel_submit,4000,67,83,113,21449,0,0
time,1,absl_btree,updates_1024,index_terminal_visible,4000,205,406,3761,23084,0,0
time,1,absl_btree,updates_1024,index_reactivate,4000,277,496,3963,15333,0,0
time,1,absl_btree,prices_4096,summary_first,4000,53,65,255,14298,0,0
time,1,absl_btree,prices_4096,summary_last,4000,61,73,120,4050,0,0
time,1,absl_btree,prices_4096,summary_miss,4000,47,61,99,35121,0,0
time,1,absl_btree,prices_4096,summary_random,4000,128,331,453,571,0,0
time,1,absl_btree,prices_4096,best,4000,34,42,57,77,0,0
time,1,absl_btree,prices_4096,sorted_range8,2000,64,83,3077,3348,0,0
time,1,absl_btree,prices_4096,orders_at,2000,126,418,521,16328,0,0
time,1,absl_btree,updates_4096,index_fill_visible,4000,70,199,384,3532,0,0
time,1,absl_btree,updates_4096,index_replace_submit,4000,242,332,3126,15472,0,0
time,1,absl_btree,updates_4096,index_replace_ack_visible,4000,250,516,4293,25129,0,0
time,1,absl_btree,updates_4096,index_cancel_submit,4000,67,85,326,38753,0,0
time,1,absl_btree,updates_4096,index_terminal_visible,4000,207,362,544,660,0,0
time,1,absl_btree,updates_4096,index_reactivate,4000,278,371,455,4595,0,0
time,1,absl_btree,crowded_32,summary_first,4000,44,46,62,147,0,0
time,1,absl_btree,crowded_32,summary_last,4000,44,45,61,153,0,0
time,1,absl_btree,crowded_32,summary_miss,4000,40,41,51,68,0,0
time,1,absl_btree,crowded_32,summary_random,4000,46,47,60,72,0,0
time,1,absl_btree,crowded_32,best,4000,34,35,56,58,0,0
time,1,absl_btree,crowded_32,sorted_range8,2000,41,43,60,203,0,0
time,1,absl_btree,crowded_32,orders_at,2000,187,196,324,13952,0,0
time,1,absl_btree,crowded_32,batch64_summary,2000,513,524,685,12924,0,0
time,1,absl_btree,crowded_4096,summary_first,4000,66,136,165,13852,0,0
time,1,absl_btree,crowded_4096,summary_last,4000,44,77,82,98,0,0
time,1,absl_btree,crowded_4096,summary_miss,4000,40,70,82,3510,0,0
time,1,absl_btree,crowded_4096,summary_random,4000,46,62,73,167,0,0
time,1,absl_btree,crowded_4096,best,4000,34,57,59,77,0,0
time,1,absl_btree,crowded_4096,sorted_range8,2000,42,61,87,100,0,0
time,1,absl_btree,crowded_4096,orders_at,2000,24272,42230,60705,198435,0,0
time,1,absl_btree,reprice_random_8,index_replace_submit,20000,122,145,217,13631,0,0
time,1,absl_btree,reprice_random_8,index_replace_ack_visible,20000,172,212,287,24078,0,0
time,1,absl_btree,reprice_random_32,index_replace_submit,20000,166,271,406,14771,0,0
time,1,absl_btree,reprice_random_32,index_replace_ack_visible,20000,249,350,559,31515,0,0
time,1,absl_btree,reprice_random_128,index_replace_submit,20000,211,343,472,33596,0,0
time,1,absl_btree,reprice_random_128,index_replace_ack_visible,20000,302,450,809,130485,0,0
time,1,absl_btree,reprice_random_1024,index_replace_submit,4000,304,561,4478,2079058,0,0
time,1,absl_btree,reprice_random_1024,index_replace_ack_visible,4000,370,622,32082,67848,0,0
time,1,absl_btree,reprice_random_4096,index_replace_submit,4000,338,625,14821,276754,0,0
time,1,absl_btree,reprice_random_4096,index_replace_ack_visible,4000,404,644,23617,32691,0,0
time,1,absl_btree,mixed_4_q0,fill_plus_queries,20000,67,70,101,798533,0,0
time,1,absl_btree,mixed_4_q1,fill_plus_queries,20000,89,105,124,2136418,0,0
time,1,absl_btree,mixed_4_q4,fill_plus_queries,20000,165,205,362,917882,0,0
time,1,absl_btree,mixed_4_q16,fill_plus_queries,20000,472,635,4117,605752,0,0
time,1,absl_btree,mixed_32_q0,fill_plus_queries,20000,67,80,98,4091,0,0
time,1,absl_btree,mixed_32_q1,fill_plus_queries,20000,101,129,162,19756,0,0
time,1,absl_btree,mixed_32_q4,fill_plus_queries,20000,223,293,424,36154,0,0
time,1,absl_btree,mixed_32_q16,fill_plus_queries,20000,671,811,13860,579009,0,0
time,1,absl_btree,mixed_128_q0,fill_plus_queries,20000,67,80,109,44820,0,0
time,1,absl_btree,mixed_128_q1,fill_plus_queries,20000,108,137,175,14063,0,0
time,1,absl_btree,mixed_128_q4,fill_plus_queries,20000,246,304,416,620818,0,0
time,1,absl_btree,mixed_128_q16,fill_plus_queries,20000,766,927,13860,548613,0,0
time,1,absl_btree,mixed_4096_q0,fill_plus_queries,4000,68,152,306,562,0,0
time,1,absl_btree,mixed_4096_q1,fill_plus_queries,4000,156,268,562,5249,0,0
time,1,absl_btree,mixed_4096_q4,fill_plus_queries,4000,368,537,4312,574338,0,0
time,1,absl_btree,mixed_4096_q16,fill_plus_queries,4000,1221,1603,27411,319210,0,0
time,1,absl_btree,growth,new_order_price,20000,350,3551,8957,553778,0,0
time,1,absl_btree,growth,first32_subset,32,402,973,973,5902,0,0
time,1,absl_btree,growth,last_quarter_subset,5000,364,5546,18502,504144,0,0
time,1,absl_btree,growth,every64_subset,313,4650,10646,38369,45810,0,0
time,1,absl_btree,4096books_4near_2far,summary_random,20000,129,581,924,29387,0,0
time,1,absl_btree,prototype_4,intent_to_command,20000,123,173,260,35591,0,0
time,1,absl_btree,prototype_4,queued_intent,20000,46,55,71,86,0,0
time,1,absl_btree,prototype_4,report_visible,20000,160,245,441,912594,0,0
time,1,absl_btree,prototype_4,ready_to_command,20000,132,202,480,208416,0,0
time,1,absl_btree,prototype_32,intent_to_command,20000,133,199,289,33133,0,0
time,1,absl_btree,prototype_32,queued_intent,20000,46,54,64,644037,0,0
time,1,absl_btree,prototype_32,report_visible,20000,184,297,562,32129,0,0
time,1,absl_btree,prototype_32,ready_to_command,20000,146,249,404,284076,0,0
time,1,absl_btree,prototype_128,intent_to_command,20000,195,298,386,384723,0,0
time,1,absl_btree,prototype_128,queued_intent,20000,46,63,80,213,0,0
time,1,absl_btree,prototype_128,report_visible,20000,295,457,4311,703825,0,0
time,1,absl_btree,prototype_128,ready_to_command,20000,224,363,653,561896,0,0
time,2,linear_orders,prices_4,summary_first,20000,46,104,199,30141,0,0
time,2,linear_orders,prices_4,summary_last,20000,47,77,97,182585,0,0
time,2,linear_orders,prices_4,summary_miss,20000,45,73,106,32307,0,0
time,2,linear_orders,prices_4,summary_random,20000,62,89,119,27177,0,0
time,2,linear_orders,prices_4,best,20000,40,61,80,198,0,0
time,2,linear_orders,prices_4,sorted_range8,2000,93,176,397,3229,0,0
time,2,linear_orders,prices_4,orders_at,2000,55,80,114,4728,0,0
time,2,linear_orders,prices_4,batch64_summary,2000,1930,2659,41631,191495,0,0
time,2,linear_orders,updates_4,index_fill_visible,20000,46,132,283,8267,0,0
time,2,linear_orders,updates_4,index_replace_submit,20000,46,77,221,21063,0,0
time,2,linear_orders,updates_4,index_replace_ack_visible,20000,46,71,139,31557,0,0
time,2,linear_orders,updates_4,index_cancel_submit,20000,46,71,122,213582,0,0
time,2,linear_orders,updates_4,index_terminal_visible,20000,50,75,145,22446,0,0
time,2,linear_orders,updates_4,index_reactivate,20000,46,136,325,181734,0,0
time,2,linear_orders,prices_8,summary_first,20000,55,123,247,23933,0,0
time,2,linear_orders,prices_8,summary_last,20000,56,95,127,6971,0,0
time,2,linear_orders,prices_8,summary_miss,20000,55,89,127,28391,0,0
time,2,linear_orders,prices_8,summary_random,20000,70,114,186,32521,0,0
time,2,linear_orders,prices_8,best,20000,45,74,97,31327,0,0
time,2,linear_orders,prices_8,sorted_range8,2000,205,417,20648,223426,0,0
time,2,linear_orders,prices_8,orders_at,2000,61,103,171,129721,0,0
time,2,linear_orders,prices_8,batch64_summary,2000,2630,6310,131410,185904,0,0
time,2,linear_orders,updates_8,index_fill_visible,20000,46,135,329,48778,0,0
time,2,linear_orders,updates_8,index_replace_submit,20000,48,95,128,35957,0,0
time,2,linear_orders,updates_8,index_replace_ack_visible,20000,46,92,122,765304,0,0
time,2,linear_orders,updates_8,index_cancel_submit,20000,46,90,120,12380,0,0
time,2,linear_orders,updates_8,index_terminal_visible,20000,51,95,131,574214,0,0
time,2,linear_orders,updates_8,index_reactivate,20000,47,128,289,7024,0,0
time,2,linear_orders,prices_16,summary_first,20000,62,93,142,31626,0,0
time,2,linear_orders,prices_16,summary_last,20000,63,91,128,2173989,0,0
time,2,linear_orders,prices_16,summary_miss,20000,62,90,135,181929,0,0
time,2,linear_orders,prices_16,summary_random,20000,80,116,165,2085377,0,0
time,2,linear_orders,prices_16,best,20000,49,72,105,46734,0,0
time,2,linear_orders,prices_16,sorted_range8,2000,364,524,764,12755,0,0
time,2,linear_orders,prices_16,orders_at,2000,71,95,178,201,0,0
time,2,linear_orders,prices_16,batch64_summary,2000,3872,10738,457959,1249158,0,0
time,2,linear_orders,updates_16,index_fill_visible,20000,45,47,71,23186,0,0
time,2,linear_orders,updates_16,index_replace_submit,20000,45,54,146,16829,0,0
time,2,linear_orders,updates_16,index_replace_ack_visible,20000,45,48,70,5544,0,0
time,2,linear_orders,updates_16,index_cancel_submit,20000,45,48,70,850703,0,0
time,2,linear_orders,updates_16,index_terminal_visible,20000,50,53,71,293248,0,0
time,2,linear_orders,updates_16,index_reactivate,20000,46,48,71,342720,0,0
time,2,linear_orders,prices_32,summary_first,20000,80,91,159,21087,0,0
time,2,linear_orders,prices_32,summary_last,20000,80,100,152,24337,0,0
time,2,linear_orders,prices_32,summary_miss,20000,79,89,131,31548,0,0
time,2,linear_orders,prices_32,summary_random,20000,107,163,223,210673,0,0
time,2,linear_orders,prices_32,best,20000,63,80,113,8650,0,0
time,2,linear_orders,prices_32,sorted_range8,2000,657,783,4898,14272,0,0
time,2,linear_orders,prices_32,orders_at,2000,98,154,209,264,0,0
time,2,linear_orders,prices_32,batch64_summary,2000,5242,9718,40011,74728,0,0
time,2,linear_orders,updates_32,index_fill_visible,20000,45,73,154,5242,0,0
time,2,linear_orders,updates_32,index_replace_submit,20000,46,71,142,33449,0,0
time,2,linear_orders,updates_32,index_replace_ack_visible,20000,45,71,124,142891,0,0
time,2,linear_orders,updates_32,index_cancel_submit,20000,46,70,147,18597,0,0
time,2,linear_orders,updates_32,index_terminal_visible,20000,50,73,130,18970,0,0
time,2,linear_orders,updates_32,index_reactivate,20000,46,75,160,198657,0,0
time,2,linear_orders,prices_128,summary_first,20000,221,483,600,45867,0,0
time,2,linear_orders,prices_128,summary_last,20000,224,479,680,46916,0,0
time,2,linear_orders,prices_128,summary_miss,20000,226,479,645,68509,0,0
time,2,linear_orders,prices_128,summary_random,20000,245,491,674,32730,0,0
time,2,linear_orders,prices_128,best,20000,162,305,416,17461,0,0
time,2,linear_orders,prices_128,sorted_range8,2000,2710,6946,21355,29020,0,0
time,2,linear_orders,prices_128,orders_at,2000,233,507,761,26457,0,0
time,2,linear_orders,updates_128,index_fill_visible,20000,45,68,120,19300,0,0
time,2,linear_orders,updates_128,index_replace_submit,20000,46,69,133,35694,0,0
time,2,linear_orders,updates_128,index_replace_ack_visible,20000,45,68,96,18178,0,0
time,2,linear_orders,updates_128,index_cancel_submit,20000,46,67,93,4073,0,0
time,2,linear_orders,updates_128,index_terminal_visible,20000,50,71,117,13404,0,0
time,2,linear_orders,updates_128,index_reactivate,20000,46,69,127,3016,0,0
time,2,linear_orders,prices_1024,summary_first,4000,1741,3887,20756,34757,0,0
time,2,linear_orders,prices_1024,summary_last,4000,1701,3603,13550,31135,0,0
time,2,linear_orders,prices_1024,summary_miss,4000,1774,3633,18568,69381,0,0
time,2,linear_orders,prices_1024,summary_random,4000,1751,3783,16841,207344,0,0
time,2,linear_orders,prices_1024,best,4000,1145,2241,19958,31331,0,0
time,2,linear_orders,prices_1024,sorted_range8,2000,20180,54750,79643,85883,0,0
time,2,linear_orders,prices_1024,orders_at,2000,1512,3424,9904,17801,0,0
time,2,linear_orders,updates_1024,index_fill_visible,4000,45,58,63,12249,0,0
time,2,linear_orders,updates_1024,index_replace_submit,4000,46,59,103,3308,0,0
time,2,linear_orders,updates_1024,index_replace_ack_visible,4000,45,57,62,87,0,0
time,2,linear_orders,updates_1024,index_cancel_submit,4000,45,58,60,196,0,0
time,2,linear_orders,updates_1024,index_terminal_visible,4000,50,63,79,3738,0,0
time,2,linear_orders,updates_1024,index_reactivate,4000,46,59,69,16384,0,0
time,2,linear_orders,prices_4096,summary_first,4000,6730,18296,38491,109503,0,0
time,2,linear_orders,prices_4096,summary_last,4000,6642,13203,28991,77702,0,0
time,2,linear_orders,prices_4096,summary_miss,4000,6770,18760,32203,45317,0,0
time,2,linear_orders,prices_4096,summary_random,4000,6674,18580,36448,804097,0,0
time,2,linear_orders,prices_4096,best,4000,4449,8856,31207,48403,0,0
time,2,linear_orders,prices_4096,sorted_range8,2000,79667,140019,262721,869388,0,0
time,2,linear_orders,prices_4096,orders_at,2000,5908,11887,30267,1076654,0,0
time,2,linear_orders,updates_4096,index_fill_visible,4000,45,58,63,147,0,0
time,2,linear_orders,updates_4096,index_replace_submit,4000,46,62,156,312,0,0
time,2,linear_orders,updates_4096,index_replace_ack_visible,4000,45,57,59,70,0,0
time,2,linear_orders,updates_4096,index_cancel_submit,4000,46,58,234,15467,0,0
time,2,linear_orders,updates_4096,index_terminal_visible,4000,50,63,136,5729,0,0
time,2,linear_orders,updates_4096,index_reactivate,4000,46,59,147,25115,0,0
time,2,linear_orders,crowded_32,summary_first,4000,113,190,269,441,0,0
time,2,linear_orders,crowded_32,summary_last,4000,115,179,241,354,0,0
time,2,linear_orders,crowded_32,summary_miss,4000,79,151,201,16697,0,0
time,2,linear_orders,crowded_32,summary_random,4000,114,177,260,5598,0,0
time,2,linear_orders,crowded_32,best,4000,63,105,133,4130,0,0
time,2,linear_orders,crowded_32,sorted_range8,2000,209,236,346,402,0,0
time,2,linear_orders,crowded_32,orders_at,2000,74,77,96,178,0,0
time,2,linear_orders,crowded_32,batch64_summary,2000,5260,8540,22828,24640,0,0
time,2,linear_orders,crowded_4096,summary_first,4000,12013,25790,37169,200377,0,0
time,2,linear_orders,crowded_4096,summary_last,4000,12014,30174,67951,176318,0,0
time,2,linear_orders,crowded_4096,summary_miss,4000,6791,17124,38968,464684,0,0
time,2,linear_orders,crowded_4096,summary_random,4000,12018,25796,42309,68723,0,0
time,2,linear_orders,crowded_4096,best,4000,4489,10080,36733,84586,0,0
time,2,linear_orders,crowded_4096,sorted_range8,2000,17503,43176,82451,93146,0,0
time,2,linear_orders,crowded_4096,orders_at,2000,6823,18283,29006,40341,0,0
time,2,linear_orders,reprice_random_8,index_replace_submit,20000,46,67,148,15593,0,0
time,2,linear_orders,reprice_random_8,index_replace_ack_visible,20000,45,67,149,61324,0,0
time,2,linear_orders,reprice_random_32,index_replace_submit,20000,46,66,140,16450,0,0
time,2,linear_orders,reprice_random_32,index_replace_ack_visible,20000,45,66,97,3727,0,0
time,2,linear_orders,reprice_random_128,index_replace_submit,20000,47,69,120,39580,0,0
time,2,linear_orders,reprice_random_128,index_replace_ack_visible,20000,46,68,103,4445,0,0
time,2,linear_orders,reprice_random_1024,index_replace_submit,4000,47,85,139,275,0,0
time,2,linear_orders,reprice_random_1024,index_replace_ack_visible,4000,45,63,97,20297,0,0
time,2,linear_orders,reprice_random_4096,index_replace_submit,4000,47,69,121,17484,0,0
time,2,linear_orders,reprice_random_4096,index_replace_ack_visible,4000,45,68,111,267,0,0
time,2,linear_orders,mixed_4_q0,fill_plus_queries,20000,45,59,80,15859,0,0
time,2,linear_orders,mixed_4_q1,fill_plus_queries,20000,74,102,161,27797,0,0
time,2,linear_orders,mixed_4_q4,fill_plus_queries,20000,172,244,366,27709,0,0
time,2,linear_orders,mixed_4_q16,fill_plus_queries,20000,543,749,5172,66186,0,0
time,2,linear_orders,mixed_32_q0,fill_plus_queries,20000,45,47,49,13104,0,0
time,2,linear_orders,mixed_32_q1,fill_plus_queries,20000,116,163,214,19839,0,0
time,2,linear_orders,mixed_32_q4,fill_plus_queries,20000,351,592,3512,791639,0,0
time,2,linear_orders,mixed_32_q16,fill_plus_queries,20000,1262,2263,17842,119429,0,0
time,2,linear_orders,mixed_128_q0,fill_plus_queries,20000,45,59,79,20064,0,0
time,2,linear_orders,mixed_128_q1,fill_plus_queries,20000,245,489,627,18884,0,0
time,2,linear_orders,mixed_128_q4,fill_plus_queries,20000,881,1776,13206,56190,0,0
time,2,linear_orders,mixed_128_q16,fill_plus_queries,20000,3387,7874,29325,324861,0,0
time,2,linear_orders,mixed_4096_q0,fill_plus_queries,4000,46,72,204,367,0,0
time,2,linear_orders,mixed_4096_q1,fill_plus_queries,4000,6966,26240,73870,145989,0,0
time,2,linear_orders,mixed_4096_q4,fill_plus_queries,4000,28802,79455,109737,1863383,0,0
time,2,linear_orders,mixed_4096_q16,fill_plus_queries,4000,113987,230913,338770,3074240,0,0
time,2,linear_orders,growth,new_order_price,20000,86,969,3333,79529,0,0
time,2,linear_orders,growth,first32_subset,32,88,659,659,5204,0,0
time,2,linear_orders,growth,last_quarter_subset,5000,86,596,3326,79529,0,0
time,2,linear_orders,growth,every64_subset,313,2002,7342,43230,79529,0,0
time,2,linear_orders,4096books_4near_2far,summary_random,20000,175,449,660,28532,0,0
time,2,linear_orders,prototype_4,intent_to_command,20000,61,63,84,13357,0,0
time,2,linear_orders,prototype_4,queued_intent,20000,46,47,60,3510,0,0
time,2,linear_orders,prototype_4,report_visible,20000,62,65,149,12562,0,0
time,2,linear_orders,prototype_4,ready_to_command,20000,70,99,142,28036,0,0
time,2,linear_orders,prototype_32,intent_to_command,20000,61,82,111,3473,0,0
time,2,linear_orders,prototype_32,queued_intent,20000,46,60,78,3728,0,0
time,2,linear_orders,prototype_32,report_visible,20000,62,92,171,22296,0,0
time,2,linear_orders,prototype_32,ready_to_command,20000,70,109,189,18537,0,0
time,2,linear_orders,prototype_128,intent_to_command,20000,61,83,114,3241,0,0
time,2,linear_orders,prototype_128,queued_intent,20000,46,63,81,17975,0,0
time,2,linear_orders,prototype_128,report_visible,20000,63,90,177,25167,0,0
time,2,linear_orders,prototype_128,ready_to_command,20000,70,108,174,18957,0,0
time,2,sorted_deque,prices_4,summary_first,20000,46,54,72,3491,0,0
time,2,sorted_deque,prices_4,summary_last,20000,46,54,66,14202,0,0
time,2,sorted_deque,prices_4,summary_miss,20000,39,47,66,3974,0,0
time,2,sorted_deque,prices_4,summary_random,20000,57,70,86,14219,0,0
time,2,sorted_deque,prices_4,best,20000,34,46,59,2713,0,0
time,2,sorted_deque,prices_4,sorted_range8,2000,49,51,84,105,0,0
time,2,sorted_deque,prices_4,orders_at,2000,49,61,109,2838,0,0
time,2,sorted_deque,prices_4,batch64_summary,2000,1434,1918,18221,21170,0,0
time,2,sorted_deque,updates_4,index_fill_visible,20000,67,97,187,12364,0,0
time,2,sorted_deque,updates_4,index_replace_submit,20000,105,163,220,33472,0,0
time,2,sorted_deque,updates_4,index_replace_ack_visible,20000,115,163,208,86650,0,0
time,2,sorted_deque,updates_4,index_cancel_submit,20000,67,95,122,4767,0,0
time,2,sorted_deque,updates_4,index_terminal_visible,20000,84,120,150,20162,0,0
time,2,sorted_deque,updates_4,index_reactivate,20000,111,151,277,16856,0,0
time,2,sorted_deque,prices_8,summary_first,20000,46,56,72,18453,0,0
time,2,sorted_deque,prices_8,summary_last,20000,46,58,81,17904,0,0
time,2,sorted_deque,prices_8,summary_miss,20000,39,48,61,3699,0,0
time,2,sorted_deque,prices_8,summary_random,20000,58,74,100,15093,0,0
time,2,sorted_deque,prices_8,best,20000,34,46,64,12572,0,0
time,2,sorted_deque,prices_8,sorted_range8,2000,57,60,91,155,0,0
time,2,sorted_deque,prices_8,orders_at,2000,49,60,96,27323,0,0
time,2,sorted_deque,prices_8,batch64_summary,2000,1590,1712,14722,22475,0,0
time,2,sorted_deque,updates_8,index_fill_visible,20000,67,103,189,20294,0,0
time,2,sorted_deque,updates_8,index_replace_submit,20000,105,186,289,17408,0,0
time,2,sorted_deque,updates_8,index_replace_ack_visible,20000,117,184,293,20231,0,0
time,2,sorted_deque,updates_8,index_cancel_submit,20000,67,101,138,13393,0,0
time,2,sorted_deque,updates_8,index_terminal_visible,20000,85,138,185,14040,0,0
time,2,sorted_deque,updates_8,index_reactivate,20000,115,172,295,18475,0,0
time,2,sorted_deque,prices_16,summary_first,20000,46,48,62,14030,0,0
time,2,sorted_deque,prices_16,summary_last,20000,50,60,84,20111,0,0
time,2,sorted_deque,prices_16,summary_miss,20000,39,41,51,3809,0,0
time,2,sorted_deque,prices_16,summary_random,20000,60,75,85,14427,0,0
time,2,sorted_deque,prices_16,best,20000,34,46,58,22229,0,0
time,2,sorted_deque,prices_16,sorted_range8,2000,57,69,108,545,0,0
time,2,sorted_deque,prices_16,orders_at,2000,49,73,142,3026,0,0
time,2,sorted_deque,prices_16,batch64_summary,2000,1811,4433,16608,34764,0,0
time,2,sorted_deque,updates_16,index_fill_visible,20000,67,88,184,14508,0,0
time,2,sorted_deque,updates_16,index_replace_submit,20000,110,152,2791,14753,0,0
time,2,sorted_deque,updates_16,index_replace_ack_visible,20000,123,152,294,20588,0,0
time,2,sorted_deque,updates_16,index_cancel_submit,20000,67,85,117,13826,0,0
time,2,sorted_deque,updates_16,index_terminal_visible,20000,86,110,220,4502,0,0
time,2,sorted_deque,updates_16,index_reactivate,20000,122,156,2844,17018,0,0
time,2,sorted_deque,prices_32,summary_first,20000,47,62,89,17868,0,0
time,2,sorted_deque,prices_32,summary_last,20000,51,63,78,4312,0,0
time,2,sorted_deque,prices_32,summary_miss,20000,46,57,80,12762,0,0
time,2,sorted_deque,prices_32,summary_random,20000,80,109,139,27240,0,0
time,2,sorted_deque,prices_32,best,20000,34,45,57,2635,0,0
time,2,sorted_deque,prices_32,sorted_range8,2000,58,99,174,277,0,0
time,2,sorted_deque,prices_32,orders_at,2000,55,107,228,265,0,0
time,2,sorted_deque,prices_32,batch64_summary,2000,2941,5770,21292,26640,0,0
time,2,sorted_deque,updates_32,index_fill_visible,20000,67,87,122,303,0,0
time,2,sorted_deque,updates_32,index_replace_submit,20000,111,159,240,15664,0,0
time,2,sorted_deque,updates_32,index_replace_ack_visible,20000,124,165,260,16271,0,0
time,2,sorted_deque,updates_32,index_cancel_submit,20000,67,85,115,62989,0,0
time,2,sorted_deque,updates_32,index_terminal_visible,20000,87,116,164,3655,0,0
time,2,sorted_deque,updates_32,index_reactivate,20000,123,162,260,21603,0,0
time,2,sorted_deque,prices_128,summary_first,20000,49,66,84,16848,0,0
time,2,sorted_deque,prices_128,summary_last,20000,54,66,90,13284,0,0
time,2,sorted_deque,prices_128,summary_miss,20000,48,61,80,3019,0,0
time,2,sorted_deque,prices_128,summary_random,20000,94,134,167,15306,0,0
time,2,sorted_deque,prices_128,best,20000,34,46,65,13468,0,0
time,2,sorted_deque,prices_128,sorted_range8,2000,59,63,78,175,0,0
time,2,sorted_deque,prices_128,orders_at,2000,69,121,136,171,0,0
time,2,sorted_deque,updates_128,index_fill_visible,20000,71,93,104,404,0,0
time,2,sorted_deque,updates_128,index_replace_submit,20000,124,189,255,13018,0,0
time,2,sorted_deque,updates_128,index_replace_ack_visible,20000,132,200,306,26970,0,0
time,2,sorted_deque,updates_128,index_cancel_submit,20000,67,83,101,19888,0,0
time,2,sorted_deque,updates_128,index_terminal_visible,20000,92,143,171,16958,0,0
time,2,sorted_deque,updates_128,index_reactivate,20000,133,237,304,14957,0,0
time,2,sorted_deque,prices_1024,summary_first,4000,52,61,75,270,0,0
time,2,sorted_deque,prices_1024,summary_last,4000,58,66,77,12475,0,0
time,2,sorted_deque,prices_1024,summary_miss,4000,51,55,68,204,0,0
time,2,sorted_deque,prices_1024,summary_random,4000,119,170,234,18259,0,0
time,2,sorted_deque,prices_1024,best,4000,34,36,43,51,0,0
time,2,sorted_deque,prices_1024,sorted_range8,2000,61,67,96,212,0,0
time,2,sorted_deque,prices_1024,orders_at,2000,115,161,240,12213,0,0
time,2,sorted_deque,updates_1024,index_fill_visible,4000,70,117,183,339,0,0
time,2,sorted_deque,updates_1024,index_replace_submit,4000,139,355,3268,14374,0,0
time,2,sorted_deque,updates_1024,index_replace_ack_visible,4000,151,335,422,3327,0,0
time,2,sorted_deque,updates_1024,index_cancel_submit,4000,67,83,93,148,0,0
time,2,sorted_deque,updates_1024,index_terminal_visible,4000,102,244,265,291,0,0
time,2,sorted_deque,updates_1024,index_reactivate,4000,153,447,3621,31315,0,0
time,2,sorted_deque,prices_4096,summary_first,4000,55,70,91,181,0,0
time,2,sorted_deque,prices_4096,summary_last,4000,63,78,127,164,0,0
time,2,sorted_deque,prices_4096,summary_miss,4000,54,62,100,4396,0,0
time,2,sorted_deque,prices_4096,summary_random,4000,160,406,521,589,0,0
time,2,sorted_deque,prices_4096,best,4000,34,42,57,30991,0,0
time,2,sorted_deque,prices_4096,sorted_range8,2000,63,86,177,21773,0,0
time,2,sorted_deque,prices_4096,orders_at,2000,152,410,525,4399,0,0
time,2,sorted_deque,updates_4096,index_fill_visible,4000,70,162,324,15445,0,0
time,2,sorted_deque,updates_4096,index_replace_submit,4000,126,148,237,3636,0,0
time,2,sorted_deque,updates_4096,index_replace_ack_visible,4000,140,167,229,12901,0,0
time,2,sorted_deque,updates_4096,index_cancel_submit,4000,67,83,114,11724,0,0
time,2,sorted_deque,updates_4096,index_terminal_visible,4000,93,107,125,21784,0,0
time,2,sorted_deque,updates_4096,index_reactivate,4000,147,173,260,3837,0,0
time,2,sorted_deque,crowded_32,summary_first,4000,46,48,61,144,0,0
time,2,sorted_deque,crowded_32,summary_last,4000,47,49,62,97,0,0
time,2,sorted_deque,crowded_32,summary_miss,4000,39,41,57,20079,0,0
time,2,sorted_deque,crowded_32,summary_random,4000,48,50,61,207,0,0
time,2,sorted_deque,crowded_32,best,4000,34,36,58,67,0,0
time,2,sorted_deque,crowded_32,sorted_range8,2000,42,44,71,12403,0,0
time,2,sorted_deque,crowded_32,orders_at,2000,187,197,251,309,0,0
time,2,sorted_deque,crowded_32,batch64_summary,2000,480,815,3584,18145,0,0
time,2,sorted_deque,crowded_4096,summary_first,4000,68,84,191,12641,0,0
time,2,sorted_deque,crowded_4096,summary_last,4000,47,69,84,3624,0,0
time,2,sorted_deque,crowded_4096,summary_miss,4000,39,60,86,9998,0,0
time,2,sorted_deque,crowded_4096,summary_random,4000,48,62,86,193,0,0
time,2,sorted_deque,crowded_4096,best,4000,34,58,68,91,0,0
time,2,sorted_deque,crowded_4096,sorted_range8,2000,43,68,93,99,0,0
time,2,sorted_deque,crowded_4096,orders_at,2000,24220,41003,54167,111876,0,0
time,2,sorted_deque,reprice_random_8,index_replace_submit,20000,116,165,223,22572,0,0
time,2,sorted_deque,reprice_random_8,index_replace_ack_visible,20000,139,182,263,21860,0,0
time,2,sorted_deque,reprice_random_32,index_replace_submit,20000,143,227,290,21637,0,0
time,2,sorted_deque,reprice_random_32,index_replace_ack_visible,20000,184,263,353,21099,0,0
time,2,sorted_deque,reprice_random_128,index_replace_submit,20000,170,236,318,19675,0,0
time,2,sorted_deque,reprice_random_128,index_replace_ack_visible,20000,218,267,315,14348,0,0
time,2,sorted_deque,reprice_random_1024,index_replace_submit,4000,362,478,4221,15508,0,0
time,2,sorted_deque,reprice_random_1024,index_replace_ack_visible,4000,323,425,634,29955,0,0
time,2,sorted_deque,reprice_random_4096,index_replace_submit,4000,832,2644,14378,28330,0,0
time,2,sorted_deque,reprice_random_4096,index_replace_ack_visible,4000,781,1695,6194,21057,0,0
time,2,sorted_deque,mixed_4_q0,fill_plus_queries,20000,67,70,89,19594,0,0
time,2,sorted_deque,mixed_4_q1,fill_plus_queries,20000,87,114,139,14918,0,0
time,2,sorted_deque,mixed_4_q4,fill_plus_queries,20000,158,194,208,37979,0,0
time,2,sorted_deque,mixed_4_q16,fill_plus_queries,20000,444,557,3751,21780,0,0
time,2,sorted_deque,mixed_32_q0,fill_plus_queries,20000,67,104,170,4896,0,0
time,2,sorted_deque,mixed_32_q1,fill_plus_queries,20000,103,133,160,43096,0,0
time,2,sorted_deque,mixed_32_q4,fill_plus_queries,20000,225,305,422,23335,0,0
time,2,sorted_deque,mixed_32_q16,fill_plus_queries,20000,674,831,6079,38147,0,0
time,2,sorted_deque,mixed_128_q0,fill_plus_queries,20000,67,87,121,45232,0,0
time,2,sorted_deque,mixed_128_q1,fill_plus_queries,20000,118,156,169,20153,0,0
time,2,sorted_deque,mixed_128_q4,fill_plus_queries,20000,273,364,2782,45235,0,0
time,2,sorted_deque,mixed_128_q16,fill_plus_queries,20000,874,1140,13342,51357,0,0
time,2,sorted_deque,mixed_4096_q0,fill_plus_queries,4000,67,122,240,337,0,0
time,2,sorted_deque,mixed_4096_q1,fill_plus_queries,4000,177,296,579,20398,0,0
time,2,sorted_deque,mixed_4096_q4,fill_plus_queries,4000,448,616,4738,27612,0,0
time,2,sorted_deque,mixed_4096_q16,fill_plus_queries,4000,1579,5016,52397,420206,0,0
time,2,sorted_deque,growth,new_order_price,20000,193,2690,7206,111894,0,0
time,2,sorted_deque,growth,first32_subset,32,247,704,704,4464,0,0
time,2,sorted_deque,growth,last_quarter_subset,5000,197,4728,7118,47596,0,0
time,2,sorted_deque,growth,every64_subset,313,2908,25125,47596,49251,0,0
time,2,sorted_deque,4096books_4near_2far,summary_random,20000,131,477,755,36582,0,0
time,2,sorted_deque,prototype_4,intent_to_command,20000,115,203,368,54851,0,0
time,2,sorted_deque,prototype_4,queued_intent,20000,46,71,105,37634,0,0
time,2,sorted_deque,prototype_4,report_visible,20000,131,249,431,22227,0,0
time,2,sorted_deque,prototype_4,ready_to_command,20000,126,257,460,30685,0,0
time,2,sorted_deque,prototype_32,intent_to_command,20000,123,197,355,16570,0,0
time,2,sorted_deque,prototype_32,queued_intent,20000,46,59,84,327661,0,0
time,2,sorted_deque,prototype_32,report_visible,20000,140,220,366,31710,0,0
time,2,sorted_deque,prototype_32,ready_to_command,20000,133,232,375,22955,0,0
time,2,sorted_deque,prototype_128,intent_to_command,20000,143,210,309,31612,0,0
time,2,sorted_deque,prototype_128,queued_intent,20000,46,59,67,12212,0,0
time,2,sorted_deque,prototype_128,report_visible,20000,153,245,397,30729,0,0
time,2,sorted_deque,prototype_128,ready_to_command,20000,147,256,377,24819,0,0
time,2,sorted_deque_soa,prices_4,summary_first,20000,55,67,107,276528,0,0
time,2,sorted_deque_soa,prices_4,summary_last,20000,53,64,89,391127,0,0
time,2,sorted_deque_soa,prices_4,summary_miss,20000,47,59,95,99031,0,0
time,2,sorted_deque_soa,prices_4,summary_random,20000,56,67,94,12230,0,0
time,2,sorted_deque_soa,prices_4,best,20000,34,46,74,368699,0,0
time,2,sorted_deque_soa,prices_4,sorted_range8,2000,57,83,203,367,0,0
time,2,sorted_deque_soa,prices_4,orders_at,2000,56,76,130,4628,0,0
time,2,sorted_deque_soa,prices_4,batch64_summary,2000,999,1471,14042,26137,0,0
time,2,sorted_deque_soa,updates_4,index_fill_visible,20000,68,121,238,15180,0,0
time,2,sorted_deque_soa,updates_4,index_replace_submit,20000,111,198,283,21649,0,0
time,2,sorted_deque_soa,updates_4,index_replace_ack_visible,20000,127,199,310,19383,0,0
time,2,sorted_deque_soa,updates_4,index_cancel_submit,20000,68,109,204,22751,0,0
time,2,sorted_deque_soa,updates_4,index_terminal_visible,20000,88,148,263,37608,0,0
time,2,sorted_deque_soa,updates_4,index_reactivate,20000,120,192,384,15974,0,0
time,2,sorted_deque_soa,prices_8,summary_first,20000,57,65,74,4130,0,0
time,2,sorted_deque_soa,prices_8,summary_last,20000,55,64,76,18723,0,0
time,2,sorted_deque_soa,prices_8,summary_miss,20000,49,57,64,53674,0,0
time,2,sorted_deque_soa,prices_8,summary_random,20000,58,64,76,12130,0,0
time,2,sorted_deque_soa,prices_8,best,20000,34,43,57,15864,0,0
time,2,sorted_deque_soa,prices_8,sorted_range8,2000,68,100,197,296,0,0
time,2,sorted_deque_soa,prices_8,orders_at,2000,59,78,86,245,0,0
time,2,sorted_deque_soa,prices_8,batch64_summary,2000,1027,1158,5873,14062,0,0
time,2,sorted_deque_soa,updates_8,index_fill_visible,20000,68,93,185,3878,0,0
time,2,sorted_deque_soa,updates_8,index_replace_submit,20000,115,165,238,21394,0,0
time,2,sorted_deque_soa,updates_8,index_replace_ack_visible,20000,131,171,236,17309,0,0
time,2,sorted_deque_soa,updates_8,index_cancel_submit,20000,68,88,114,3900,0,0
time,2,sorted_deque_soa,updates_8,index_terminal_visible,20000,90,124,195,19424,0,0
time,2,sorted_deque_soa,updates_8,index_reactivate,20000,126,167,225,6109,0,0
time,2,sorted_deque_soa,prices_16,summary_first,20000,61,75,125,39825,0,0
time,2,sorted_deque_soa,prices_16,summary_last,20000,60,73,94,3014,0,0
time,2,sorted_deque_soa,prices_16,summary_miss,20000,53,66,99,19036,0,0
time,2,sorted_deque_soa,prices_16,summary_random,20000,62,76,104,11425,0,0
time,2,sorted_deque_soa,prices_16,best,20000,34,46,70,3053,0,0
time,2,sorted_deque_soa,prices_16,sorted_range8,2000,72,97,159,211,0,0
time,2,sorted_deque_soa,prices_16,orders_at,2000,65,77,97,377,0,0
time,2,sorted_deque_soa,prices_16,batch64_summary,2000,1349,1441,13740,21602,0,0
time,2,sorted_deque_soa,updates_16,index_fill_visible,20000,68,100,176,12721,0,0
time,2,sorted_deque_soa,updates_16,index_replace_submit,20000,127,208,294,14898,0,0
time,2,sorted_deque_soa,updates_16,index_replace_ack_visible,20000,141,203,266,31665,0,0
time,2,sorted_deque_soa,updates_16,index_cancel_submit,20000,68,98,126,14915,0,0
time,2,sorted_deque_soa,updates_16,index_terminal_visible,20000,96,145,194,34219,0,0
time,2,sorted_deque_soa,updates_16,index_reactivate,20000,142,211,288,12229,0,0
time,2,sorted_deque_soa,prices_32,summary_first,20000,69,85,113,15491,0,0
time,2,sorted_deque_soa,prices_32,summary_last,20000,67,83,113,34480,0,0
time,2,sorted_deque_soa,prices_32,summary_miss,20000,61,77,112,42111,0,0
time,2,sorted_deque_soa,prices_32,summary_random,20000,71,89,114,24161,0,0
time,2,sorted_deque_soa,prices_32,best,20000,34,47,75,30605,0,0
time,2,sorted_deque_soa,prices_32,sorted_range8,2000,80,125,240,392,0,0
time,2,sorted_deque_soa,prices_32,orders_at,2000,72,100,140,225,0,0
time,2,sorted_deque_soa,prices_32,batch64_summary,2000,1805,2310,13664,24582,0,0
time,2,sorted_deque_soa,updates_32,index_fill_visible,20000,68,113,182,19485,0,0
time,2,sorted_deque_soa,updates_32,index_replace_submit,20000,156,288,386,21008,0,0
time,2,sorted_deque_soa,updates_32,index_replace_ack_visible,20000,168,270,399,35309,0,0
time,2,sorted_deque_soa,updates_32,index_cancel_submit,20000,68,109,154,20918,0,0
time,2,sorted_deque_soa,updates_32,index_terminal_visible,20000,112,187,249,19180,0,0
time,2,sorted_deque_soa,updates_32,index_reactivate,20000,178,303,426,45142,0,0
time,2,sorted_deque_soa,prices_128,summary_first,20000,50,63,82,42412,0,0
time,2,sorted_deque_soa,prices_128,summary_last,20000,52,66,83,4252,0,0
time,2,sorted_deque_soa,prices_128,summary_miss,20000,44,56,73,12858,0,0
time,2,sorted_deque_soa,prices_128,summary_random,20000,89,125,154,16613,0,0
time,2,sorted_deque_soa,prices_128,best,20000,34,48,63,16525,0,0
time,2,sorted_deque_soa,prices_128,sorted_range8,2000,61,102,132,283,0,0
time,2,sorted_deque_soa,prices_128,orders_at,2000,66,130,173,210,0,0
time,2,sorted_deque_soa,updates_128,index_fill_visible,20000,71,129,312,30754,0,0
time,2,sorted_deque_soa,updates_128,index_replace_submit,20000,144,318,450,167177,0,0
time,2,sorted_deque_soa,updates_128,index_replace_ack_visible,20000,144,310,437,41422,0,0
time,2,sorted_deque_soa,updates_128,index_cancel_submit,20000,68,115,157,70756,0,0
time,2,sorted_deque_soa,updates_128,index_terminal_visible,20000,108,227,287,53335,0,0
time,2,sorted_deque_soa,updates_128,index_reactivate,20000,147,346,472,18706,0,0
time,2,sorted_deque_soa,prices_1024,summary_first,4000,63,81,204,302,0,0
time,2,sorted_deque_soa,prices_1024,summary_last,4000,66,86,209,24062,0,0
time,2,sorted_deque_soa,prices_1024,summary_miss,4000,58,73,194,200,0,0
time,2,sorted_deque_soa,prices_1024,summary_random,4000,143,363,4330,33414,0,0
time,2,sorted_deque_soa,prices_1024,best,4000,44,56,177,189,0,0
time,2,sorted_deque_soa,prices_1024,sorted_range8,2000,84,225,425,6385,0,0
time,2,sorted_deque_soa,prices_1024,orders_at,2000,138,260,3554,20820,0,0
time,2,sorted_deque_soa,updates_1024,index_fill_visible,4000,76,216,452,16165,0,0
time,2,sorted_deque_soa,updates_1024,index_replace_submit,4000,205,485,3742,27018,0,0
time,2,sorted_deque_soa,updates_1024,index_replace_ack_visible,4000,198,430,798,8366,0,0
time,2,sorted_deque_soa,updates_1024,index_cancel_submit,4000,69,120,227,47507,0,0
time,2,sorted_deque_soa,updates_1024,index_terminal_visible,4000,141,320,495,4981,0,0
time,2,sorted_deque_soa,updates_1024,index_reactivate,4000,216,476,652,17803,0,0
time,2,sorted_deque_soa,prices_4096,summary_first,4000,51,81,151,956,0,0
time,2,sorted_deque_soa,prices_4096,summary_last,4000,57,86,255,47612,0,0
time,2,sorted_deque_soa,prices_4096,summary_miss,4000,48,75,110,165,0,0
time,2,sorted_deque_soa,prices_4096,summary_random,4000,193,495,914,28867,0,0
time,2,sorted_deque_soa,prices_4096,best,4000,35,53,97,29676,0,0
time,2,sorted_deque_soa,prices_4096,sorted_range8,2000,91,174,347,412,0,0
time,2,sorted_deque_soa,prices_4096,orders_at,2000,194,428,3767,112128,0,0
time,2,sorted_deque_soa,updates_4096,index_fill_visible,4000,70,223,377,431,0,0
time,2,sorted_deque_soa,updates_4096,index_replace_submit,4000,118,207,291,12312,0,0
time,2,sorted_deque_soa,updates_4096,index_replace_ack_visible,4000,132,217,492,26912,0,0
time,2,sorted_deque_soa,updates_4096,index_cancel_submit,4000,68,100,161,3785,0,0
time,2,sorted_deque_soa,updates_4096,index_terminal_visible,4000,92,150,321,4883,0,0
time,2,sorted_deque_soa,updates_4096,index_reactivate,4000,134,224,339,18922,0,0
time,2,sorted_deque_soa,crowded_32,summary_first,4000,50,52,60,3002,0,0
time,2,sorted_deque_soa,crowded_32,summary_last,4000,49,52,63,11819,0,0
time,2,sorted_deque_soa,crowded_32,summary_miss,4000,41,43,84,209,0,0
time,2,sorted_deque_soa,crowded_32,summary_random,4000,51,53,65,152,0,0
time,2,sorted_deque_soa,crowded_32,best,4000,34,36,42,24508,0,0
time,2,sorted_deque_soa,crowded_32,sorted_range8,2000,45,47,75,3762,0,0
time,2,sorted_deque_soa,crowded_32,orders_at,2000,190,200,323,4552,0,0
time,2,sorted_deque_soa,crowded_32,batch64_summary,2000,514,810,4154,14308,0,0
time,2,sorted_deque_soa,crowded_4096,summary_first,4000,64,147,190,12126,0,0
time,2,sorted_deque_soa,crowded_4096,summary_last,4000,49,62,84,11336,0,0
time,2,sorted_deque_soa,crowded_4096,summary_miss,4000,42,80,99,17948,0,0
time,2,sorted_deque_soa,crowded_4096,summary_random,4000,52,63,87,353,0,0
time,2,sorted_deque_soa,crowded_4096,best,4000,34,50,69,380,0,0
time,2,sorted_deque_soa,crowded_4096,sorted_range8,2000,46,68,95,151,0,0
time,2,sorted_deque_soa,crowded_4096,orders_at,2000,24199,44324,60605,178314,0,0
time,2,sorted_deque_soa,reprice_random_8,index_replace_submit,20000,128,198,282,11783,0,0
time,2,sorted_deque_soa,reprice_random_8,index_replace_ack_visible,20000,150,205,303,29505,0,0
time,2,sorted_deque_soa,reprice_random_32,index_replace_submit,20000,177,207,295,23813,0,0
time,2,sorted_deque_soa,reprice_random_32,index_replace_ack_visible,20000,188,222,267,20410,0,0
time,2,sorted_deque_soa,reprice_random_128,index_replace_submit,20000,173,234,326,17098,0,0
time,2,sorted_deque_soa,reprice_random_128,index_replace_ack_visible,20000,212,261,448,21033,0,0
time,2,sorted_deque_soa,reprice_random_1024,index_replace_submit,4000,377,591,7384,37666,0,0
time,2,sorted_deque_soa,reprice_random_1024,index_replace_ack_visible,4000,328,534,702,14032,0,0
time,2,sorted_deque_soa,reprice_random_4096,index_replace_submit,4000,847,2780,6452,32399,0,0
time,2,sorted_deque_soa,reprice_random_4096,index_replace_ack_visible,4000,777,1658,13283,18708,0,0
time,2,sorted_deque_soa,mixed_4_q0,fill_plus_queries,20000,68,71,73,15010,0,0
time,2,sorted_deque_soa,mixed_4_q1,fill_plus_queries,20000,86,132,201,309164,0,0
time,2,sorted_deque_soa,mixed_4_q4,fill_plus_queries,20000,131,186,437,18996,0,0
time,2,sorted_deque_soa,mixed_4_q16,fill_plus_queries,20000,305,446,3577,30283,0,0
time,2,sorted_deque_soa,mixed_32_q0,fill_plus_queries,20000,69,100,179,49691,0,0
time,2,sorted_deque_soa,mixed_32_q1,fill_plus_queries,20000,100,142,282,24490,0,0
time,2,sorted_deque_soa,mixed_32_q4,fill_plus_queries,20000,194,274,433,25406,0,0
time,2,sorted_deque_soa,mixed_32_q16,fill_plus_queries,20000,562,848,9216,1432780,0,0
time,2,sorted_deque_soa,mixed_128_q0,fill_plus_queries,20000,95,145,236,28817,0,0
time,2,sorted_deque_soa,mixed_128_q1,fill_plus_queries,20000,160,235,341,45180,0,0
time,2,sorted_deque_soa,mixed_128_q4,fill_plus_queries,20000,338,446,4402,53159,0,0
time,2,sorted_deque_soa,mixed_128_q16,fill_plus_queries,20000,937,1231,16991,97720,0,0
time,2,sorted_deque_soa,mixed_4096_q0,fill_plus_queries,4000,69,160,372,434,0,0
time,2,sorted_deque_soa,mixed_4096_q1,fill_plus_queries,4000,167,261,3328,23600,0,0
time,2,sorted_deque_soa,mixed_4096_q4,fill_plus_queries,4000,395,525,4401,15951,0,0
time,2,sorted_deque_soa,mixed_4096_q16,fill_plus_queries,4000,1641,2015,22735,49019,0,0
time,2,sorted_deque_soa,growth,new_order_price,20000,179,2496,8943,371219,0,0
time,2,sorted_deque_soa,growth,first32_subset,32,243,520,520,4599,0,0
time,2,sorted_deque_soa,growth,last_quarter_subset,5000,183,4781,7184,47105,0,0
time,2,sorted_deque_soa,growth,every64_subset,313,2729,11748,16900,47105,0,0
time,2,sorted_deque_soa,4096books_4near_2far,summary_random,20000,155,722,1127,24061,0,0
time,2,sorted_deque_soa,prototype_4,intent_to_command,20000,123,210,268,12629,0,0
time,2,sorted_deque_soa,prototype_4,queued_intent,20000,46,61,85,23892,0,0
time,2,sorted_deque_soa,prototype_4,report_visible,20000,144,233,490,137288,0,0
time,2,sorted_deque_soa,prototype_4,ready_to_command,20000,134,248,354,18228,0,0
time,2,sorted_deque_soa,prototype_32,intent_to_command,20000,167,216,300,25202,0,0
time,2,sorted_deque_soa,prototype_32,queued_intent,20000,46,53,62,4195,0,0
time,2,sorted_deque_soa,prototype_32,report_visible,20000,173,232,347,14680,0,0
time,2,sorted_deque_soa,prototype_32,ready_to_command,20000,179,241,322,43332,0,0
time,2,sorted_deque_soa,prototype_128,intent_to_command,20000,144,253,331,13368,0,0
time,2,sorted_deque_soa,prototype_128,queued_intent,20000,46,63,84,18138,0,0
time,2,sorted_deque_soa,prototype_128,report_visible,20000,154,261,405,22579,0,0
time,2,sorted_deque_soa,prototype_128,ready_to_command,20000,152,289,433,20291,0,0
time,2,adaptive,prices_4,summary_first,20000,48,83,2635,29694,0,0
time,2,adaptive,prices_4,summary_last,20000,50,68,2624,82307,0,0
time,2,adaptive,prices_4,summary_miss,20000,40,60,2616,25252,0,0
time,2,adaptive,prices_4,summary_random,20000,62,95,2650,18761,0,0
time,2,adaptive,prices_4,best,20000,34,56,2516,17716,0,0
time,2,adaptive,prices_4,sorted_range8,2000,50,70,134,213,0,0
time,2,adaptive,prices_4,orders_at,2000,52,71,118,138,0,0
time,2,adaptive,prices_4,batch64_summary,2000,1677,5586,101635,396339,0,0
time,2,adaptive,updates_4,index_fill_visible,20000,68,164,343,32960,0,0
time,2,adaptive,updates_4,index_replace_submit,20000,107,183,304,103940,0,0
time,2,adaptive,updates_4,index_replace_ack_visible,20000,106,176,265,35748,0,0
time,2,adaptive,updates_4,index_cancel_submit,20000,68,102,140,12177,0,0
time,2,adaptive,updates_4,index_terminal_visible,20000,73,131,261,19282,0,0
time,2,adaptive,updates_4,index_reactivate,20000,123,218,353,21019,0,0
time,2,adaptive,prices_8,summary_first,20000,48,50,64,33636,0,0
time,2,adaptive,prices_8,summary_last,20000,47,59,73,14455,0,0
time,2,adaptive,prices_8,summary_miss,20000,40,44,61,3962,0,0
time,2,adaptive,prices_8,summary_random,20000,62,75,86,24925,0,0
time,2,adaptive,prices_8,best,20000,34,41,57,12316,0,0
time,2,adaptive,prices_8,sorted_range8,2000,58,83,125,260,0,0
time,2,adaptive,prices_8,orders_at,2000,51,69,155,246,0,0
time,2,adaptive,prices_8,batch64_summary,2000,1767,2249,16541,23070,0,0
time,2,adaptive,updates_8,index_fill_visible,20000,68,98,213,35844,0,0
time,2,adaptive,updates_8,index_replace_submit,20000,106,173,340,21861,0,0
time,2,adaptive,updates_8,index_replace_ack_visible,20000,107,166,288,13386,0,0
time,2,adaptive,updates_8,index_cancel_submit,20000,67,93,178,14074,0,0
time,2,adaptive,updates_8,index_terminal_visible,20000,73,120,188,5739,0,0
time,2,adaptive,updates_8,index_reactivate,20000,125,176,260,21872,0,0
time,2,adaptive,prices_16,summary_first,20000,48,64,82,52665,0,0
time,2,adaptive,prices_16,summary_last,20000,52,77,104,34637,0,0
time,2,adaptive,prices_16,summary_miss,20000,40,55,74,12612,0,0
time,2,adaptive,prices_16,summary_random,20000,64,89,137,13084,0,0
time,2,adaptive,prices_16,best,20000,34,49,76,228,0,0
time,2,adaptive,prices_16,sorted_range8,2000,57,68,96,224,0,0
time,2,adaptive,prices_16,orders_at,2000,51,71,227,12715,0,0
time,2,adaptive,prices_16,batch64_summary,2000,2036,5332,29609,39862,0,0
time,2,adaptive,updates_16,index_fill_visible,20000,69,140,281,17832,0,0
time,2,adaptive,updates_16,index_replace_submit,20000,120,227,356,25468,0,0
time,2,adaptive,updates_16,index_replace_ack_visible,20000,116,216,608,27152,0,0
time,2,adaptive,updates_16,index_cancel_submit,20000,68,117,236,23478,0,0
time,2,adaptive,updates_16,index_terminal_visible,20000,78,158,322,99709,0,0
time,2,adaptive,updates_16,index_reactivate,20000,137,230,464,49091,0,0
time,2,adaptive,prices_32,summary_first,20000,62,86,158,39938,0,0
time,2,adaptive,prices_32,summary_last,20000,62,85,137,26041,0,0
time,2,adaptive,prices_32,summary_miss,20000,54,77,116,29804,0,0
time,2,adaptive,prices_32,summary_random,20000,94,134,218,67386,0,0
time,2,adaptive,prices_32,best,20000,41,61,79,20317,0,0
time,2,adaptive,prices_32,sorted_range8,2000,76,108,225,230,0,0
time,2,adaptive,prices_32,orders_at,2000,68,118,148,36415,0,0
time,2,adaptive,prices_32,batch64_summary,2000,3568,9220,43053,50062,0,0
time,2,adaptive,updates_32,index_fill_visible,20000,68,101,166,14231,0,0
time,2,adaptive,updates_32,index_replace_submit,20000,112,196,296,22236,0,0
time,2,adaptive,updates_32,index_replace_ack_visible,20000,115,194,275,21644,0,0
time,2,adaptive,updates_32,index_cancel_submit,20000,68,99,135,40381,0,0
time,2,adaptive,updates_32,index_terminal_visible,20000,76,138,237,18593,0,0
time,2,adaptive,updates_32,index_reactivate,20000,133,212,328,161696,0,0
time,2,adaptive,prices_128,summary_first,20000,51,73,108,9058,0,0
time,2,adaptive,prices_128,summary_last,20000,57,72,117,21236,0,0
time,2,adaptive,prices_128,summary_miss,20000,48,65,92,22463,0,0
time,2,adaptive,prices_128,summary_random,20000,97,139,183,23425,0,0
time,2,adaptive,prices_128,best,20000,34,52,76,45348,0,0
time,2,adaptive,prices_128,sorted_range8,2000,66,118,177,259,0,0
time,2,adaptive,prices_128,orders_at,2000,85,144,249,751,0,0
time,2,adaptive,updates_128,index_fill_visible,20000,71,96,181,4608,0,0
time,2,adaptive,updates_128,index_replace_submit,20000,133,228,351,22376,0,0
time,2,adaptive,updates_128,index_replace_ack_visible,20000,130,217,334,13656,0,0
time,2,adaptive,updates_128,index_cancel_submit,20000,68,94,126,12922,0,0
time,2,adaptive,updates_128,index_terminal_visible,20000,88,152,239,13035,0,0
time,2,adaptive,updates_128,index_reactivate,20000,151,273,402,38671,0,0
time,2,adaptive,prices_1024,summary_first,4000,52,71,101,154,0,0
time,2,adaptive,prices_1024,summary_last,4000,60,74,174,12847,0,0
time,2,adaptive,prices_1024,summary_miss,4000,52,66,123,16571,0,0
time,2,adaptive,prices_1024,summary_random,4000,122,183,289,483,0,0
time,2,adaptive,prices_1024,best,4000,34,43,52,4294,0,0
time,2,adaptive,prices_1024,sorted_range8,2000,62,93,157,5093,0,0
time,2,adaptive,prices_1024,orders_at,2000,113,190,290,426,0,0
time,2,adaptive,updates_1024,index_fill_visible,4000,71,136,322,385,0,0
time,2,adaptive,updates_1024,index_replace_submit,4000,242,330,544,115666,0,0
time,2,adaptive,updates_1024,index_replace_ack_visible,4000,288,496,1511,13769,0,0
time,2,adaptive,updates_1024,index_cancel_submit,4000,70,88,111,38671,0,0
time,2,adaptive,updates_1024,index_terminal_visible,4000,203,393,584,16868,0,0
time,2,adaptive,updates_1024,index_reactivate,4000,298,489,806,23956,0,0
time,2,adaptive,prices_4096,summary_first,4000,55,66,84,213,0,0
time,2,adaptive,prices_4096,summary_last,4000,62,80,180,3779,0,0
time,2,adaptive,prices_4096,summary_miss,4000,47,56,100,258,0,0
time,2,adaptive,prices_4096,summary_random,4000,127,323,714,25693,0,0
time,2,adaptive,prices_4096,best,4000,34,41,52,19507,0,0
time,2,adaptive,prices_4096,sorted_range8,2000,64,90,296,335,0,0
time,2,adaptive,prices_4096,orders_at,2000,125,338,434,461,0,0
time,2,adaptive,updates_4096,index_fill_visible,4000,73,238,421,4850,0,0
time,2,adaptive,updates_4096,index_replace_submit,4000,251,418,1086,30573,0,0
time,2,adaptive,updates_4096,index_replace_ack_visible,4000,251,593,1284,28449,0,0
time,2,adaptive,updates_4096,index_cancel_submit,4000,70,154,266,14017,0,0
time,2,adaptive,updates_4096,index_terminal_visible,4000,205,421,668,6242,0,0
time,2,adaptive,updates_4096,index_reactivate,4000,299,464,652,18893,0,0
time,2,adaptive,crowded_32,summary_first,4000,50,64,95,3622,0,0
time,2,adaptive,crowded_32,summary_last,4000,51,64,85,23569,0,0
time,2,adaptive,crowded_32,summary_miss,4000,40,53,99,220,0,0
time,2,adaptive,crowded_32,summary_random,4000,52,65,76,227,0,0
time,2,adaptive,crowded_32,best,4000,34,45,55,175,0,0
time,2,adaptive,crowded_32,sorted_range8,2000,43,45,71,88,0,0
time,2,adaptive,crowded_32,orders_at,2000,192,210,250,417,0,0
time,2,adaptive,crowded_32,batch64_summary,2000,585,884,4151,18613,0,0
time,2,adaptive,crowded_4096,summary_first,4000,70,122,173,220,0,0
time,2,adaptive,crowded_4096,summary_last,4000,51,63,82,206,0,0
time,2,adaptive,crowded_4096,summary_miss,4000,41,92,101,13288,0,0
time,2,adaptive,crowded_4096,summary_random,4000,52,64,90,170,0,0
time,2,adaptive,crowded_4096,best,4000,34,57,73,17325,0,0
time,2,adaptive,crowded_4096,sorted_range8,2000,44,75,190,12680,0,0
time,2,adaptive,crowded_4096,orders_at,2000,24224,42734,93038,247818,0,0
time,2,adaptive,reprice_random_8,index_replace_submit,20000,108,151,226,18921,0,0
time,2,adaptive,reprice_random_8,index_replace_ack_visible,20000,134,172,262,14905,0,0
time,2,adaptive,reprice_random_32,index_replace_submit,20000,138,228,366,27503,0,0
time,2,adaptive,reprice_random_32,index_replace_ack_visible,20000,178,266,412,21783,0,0
time,2,adaptive,reprice_random_128,index_replace_submit,20000,169,290,520,34458,0,0
time,2,adaptive,reprice_random_128,index_replace_ack_visible,20000,210,313,418,177052,0,0
time,2,adaptive,reprice_random_1024,index_replace_submit,4000,302,633,5019,2038496,0,0
time,2,adaptive,reprice_random_1024,index_replace_ack_visible,4000,364,674,2059,25153,0,0
time,2,adaptive,reprice_random_4096,index_replace_submit,4000,340,636,3459,28448,0,0
time,2,adaptive,reprice_random_4096,index_replace_ack_visible,4000,403,703,7511,35494,0,0
time,2,adaptive,mixed_4_q0,fill_plus_queries,20000,68,97,145,37122,0,0
time,2,adaptive,mixed_4_q1,fill_plus_queries,20000,92,116,156,30478,0,0
time,2,adaptive,mixed_4_q4,fill_plus_queries,20000,174,249,441,155133,0,0
time,2,adaptive,mixed_4_q16,fill_plus_queries,20000,488,685,4568,42414,0,0
time,2,adaptive,mixed_32_q0,fill_plus_queries,20000,68,101,143,16660,0,0
time,2,adaptive,mixed_32_q1,fill_plus_queries,20000,108,148,237,875340,0,0
time,2,adaptive,mixed_32_q4,fill_plus_queries,20000,228,346,812,2089152,0,0
time,2,adaptive,mixed_32_q16,fill_plus_queries,20000,708,1008,13727,180339,0,0
time,2,adaptive,mixed_128_q0,fill_plus_queries,20000,71,106,170,14740,0,0
time,2,adaptive,mixed_128_q1,fill_plus_queries,20000,123,180,248,53269,0,0
time,2,adaptive,mixed_128_q4,fill_plus_queries,20000,278,393,548,191481,0,0
time,2,adaptive,mixed_128_q16,fill_plus_queries,20000,871,1219,14877,124537,0,0
time,2,adaptive,mixed_4096_q0,fill_plus_queries,4000,68,129,334,543,0,0
time,2,adaptive,mixed_4096_q1,fill_plus_queries,4000,154,235,359,659,0,0
time,2,adaptive,mixed_4096_q4,fill_plus_queries,4000,363,471,613,15299,0,0
time,2,adaptive,mixed_4096_q16,fill_plus_queries,4000,1188,1419,13470,26441,0,0
time,2,adaptive,growth,new_order_price,20000,338,3090,7369,142124,0,0
time,2,adaptive,growth,first32_subset,32,232,408,408,4776,0,0
time,2,adaptive,growth,last_quarter_subset,5000,355,5096,7369,47532,0,0
time,2,adaptive,growth,every64_subset,313,4377,19469,47532,142124,0,0
time,2,adaptive,4096books_4near_2far,summary_random,20000,118,542,888,26963,0,0
time,2,adaptive,prototype_4,intent_to_command,20000,108,194,272,15475,0,0
time,2,adaptive,prototype_4,queued_intent,20000,46,61,87,4609,0,0
time,2,adaptive,prototype_4,report_visible,20000,121,210,330,21666,0,0
time,2,adaptive,prototype_4,ready_to_command,20000,120,237,345,41245,0,0
time,2,adaptive,prototype_32,intent_to_command,20000,113,225,313,34443,0,0
time,2,adaptive,prototype_32,queued_intent,20000,46,64,83,12429,0,0
time,2,adaptive,prototype_32,report_visible,20000,131,263,427,19924,0,0
time,2,adaptive,prototype_32,ready_to_command,20000,124,274,348,20665,0,0
time,2,adaptive,prototype_128,intent_to_command,20000,141,294,421,23078,0,0
time,2,adaptive,prototype_128,queued_intent,20000,46,65,91,15541,0,0
time,2,adaptive,prototype_128,report_visible,20000,165,336,483,22354,0,0
time,2,adaptive,prototype_128,ready_to_command,20000,165,375,783,2477509,0,0
time,2,absl_btree,prices_4,summary_first,20000,46,52,63,11884,0,0
time,2,absl_btree,prices_4,summary_last,20000,45,54,64,192845,0,0
time,2,absl_btree,prices_4,summary_miss,20000,40,46,61,28999,0,0
time,2,absl_btree,prices_4,summary_random,20000,58,72,92,20740,0,0
time,2,absl_btree,prices_4,best,20000,34,49,59,35951,0,0
time,2,absl_btree,prices_4,sorted_range8,2000,49,52,98,181,0,0
time,2,absl_btree,prices_4,orders_at,2000,48,57,92,123,0,0
time,2,absl_btree,prices_4,batch64_summary,2000,1581,2230,17822,22946,0,0
time,2,absl_btree,updates_4,index_fill_visible,20000,68,192,361,15912,0,0
time,2,absl_btree,updates_4,index_replace_submit,20000,114,210,389,43573,0,0
time,2,absl_btree,updates_4,index_replace_ack_visible,20000,175,268,409,18356,0,0
time,2,absl_btree,updates_4,index_cancel_submit,20000,68,117,201,33415,0,0
time,2,absl_btree,updates_4,index_terminal_visible,20000,110,211,276,29342,0,0
time,2,absl_btree,updates_4,index_reactivate,20000,126,249,419,26815,0,0
time,2,absl_btree,prices_8,summary_first,20000,46,57,80,18782,0,0
time,2,absl_btree,prices_8,summary_last,20000,47,59,80,7172,0,0
time,2,absl_btree,prices_8,summary_miss,20000,40,51,70,102907,0,0
time,2,absl_btree,prices_8,summary_random,20000,60,80,118,25674,0,0
time,2,absl_btree,prices_8,best,20000,34,46,61,46589,0,0
time,2,absl_btree,prices_8,sorted_range8,2000,58,108,156,4179,0,0
time,2,absl_btree,prices_8,orders_at,2000,48,82,133,324,0,0
time,2,absl_btree,prices_8,batch64_summary,2000,1795,2268,18201,26051,0,0
time,2,absl_btree,updates_8,index_fill_visible,20000,67,154,310,80547,0,0
time,2,absl_btree,updates_8,index_replace_submit,20000,113,204,354,44482,0,0
time,2,absl_btree,updates_8,index_replace_ack_visible,20000,150,265,375,77053,0,0
time,2,absl_btree,updates_8,index_cancel_submit,20000,67,108,163,128010,0,0
time,2,absl_btree,updates_8,index_terminal_visible,20000,113,205,328,28141,0,0
time,2,absl_btree,updates_8,index_reactivate,20000,127,216,352,22654,0,0
time,2,absl_btree,prices_16,summary_first,20000,48,60,80,268,0,0
time,2,absl_btree,prices_16,summary_last,20000,50,63,87,12516,0,0
time,2,absl_btree,prices_16,summary_miss,20000,42,53,79,23911,0,0
time,2,absl_btree,prices_16,summary_random,20000,65,92,118,11841,0,0
time,2,absl_btree,prices_16,best,20000,34,45,62,215,0,0
time,2,absl_btree,prices_16,sorted_range8,2000,59,79,109,168,0,0
time,2,absl_btree,prices_16,orders_at,2000,51,84,145,222,0,0
time,2,absl_btree,prices_16,batch64_summary,2000,2340,4995,22737,39658,0,0
time,2,absl_btree,updates_16,index_fill_visible,20000,67,125,290,26079,0,0
time,2,absl_btree,updates_16,index_replace_submit,20000,119,220,327,27441,0,0
time,2,absl_btree,updates_16,index_replace_ack_visible,20000,157,268,437,40589,0,0
time,2,absl_btree,updates_16,index_cancel_submit,20000,67,102,145,12510,0,0
time,2,absl_btree,updates_16,index_terminal_visible,20000,118,213,336,329381,0,0
time,2,absl_btree,updates_16,index_reactivate,20000,135,225,295,17953,0,0
time,2,absl_btree,prices_32,summary_first,20000,48,55,63,11969,0,0
time,2,absl_btree,prices_32,summary_last,20000,52,62,76,13911,0,0
time,2,absl_btree,prices_32,summary_miss,20000,42,49,60,12865,0,0
time,2,absl_btree,prices_32,summary_random,20000,72,95,110,13398,0,0
time,2,absl_btree,prices_32,best,20000,34,51,58,20134,0,0
time,2,absl_btree,prices_32,sorted_range8,2000,59,98,136,216,0,0
time,2,absl_btree,prices_32,orders_at,2000,52,92,135,186,0,0
time,2,absl_btree,prices_32,batch64_summary,2000,2532,3140,21868,95927,0,0
time,2,absl_btree,updates_32,index_fill_visible,20000,67,108,189,15854,0,0
time,2,absl_btree,updates_32,index_replace_submit,20000,140,257,387,18616,0,0
time,2,absl_btree,updates_32,index_replace_ack_visible,20000,179,310,519,598498,0,0
time,2,absl_btree,updates_32,index_cancel_submit,20000,67,100,139,31477,0,0
time,2,absl_btree,updates_32,index_terminal_visible,20000,132,242,401,18369,0,0
time,2,absl_btree,updates_32,index_reactivate,20000,151,255,684,189535,0,0
time,2,absl_btree,prices_128,summary_first,20000,51,64,152,178485,0,0
time,2,absl_btree,prices_128,summary_last,20000,56,74,204,22353,0,0
time,2,absl_btree,prices_128,summary_miss,20000,44,58,111,28013,0,0
time,2,absl_btree,prices_128,summary_random,20000,81,130,348,240905,0,0
time,2,absl_btree,prices_128,best,20000,34,50,74,2934,0,0
time,2,absl_btree,prices_128,sorted_range8,2000,65,131,3586,3737,0,0
time,2,absl_btree,prices_128,orders_at,2000,68,137,282,3847,0,0
time,2,absl_btree,updates_128,index_fill_visible,20000,71,135,290,25026,0,0
time,2,absl_btree,updates_128,index_replace_submit,20000,211,349,480,44909,0,0
time,2,absl_btree,updates_128,index_replace_ack_visible,20000,284,476,3461,31154,0,0
time,2,absl_btree,updates_128,index_cancel_submit,20000,67,114,175,34756,0,0
time,2,absl_btree,updates_128,index_terminal_visible,20000,200,354,540,169576,0,0
time,2,absl_btree,updates_128,index_reactivate,20000,256,414,536,35949,0,0
time,2,absl_btree,prices_1024,summary_first,4000,51,63,87,291,0,0
time,2,absl_btree,prices_1024,summary_last,4000,54,70,100,216,0,0
time,2,absl_btree,prices_1024,summary_miss,4000,44,56,90,14956,0,0
time,2,absl_btree,prices_1024,summary_random,4000,100,159,297,4601,0,0
time,2,absl_btree,prices_1024,best,4000,34,45,56,3735,0,0
time,2,absl_btree,prices_1024,sorted_range8,2000,61,93,151,340,0,0
time,2,absl_btree,prices_1024,orders_at,2000,95,151,244,434,0,0
time,2,absl_btree,updates_1024,index_fill_visible,4000,70,175,349,478,0,0
time,2,absl_btree,updates_1024,index_replace_submit,4000,232,345,543,24927,0,0
time,2,absl_btree,updates_1024,index_replace_ack_visible,4000,291,506,1279,39794,0,0
time,2,absl_btree,updates_1024,index_cancel_submit,4000,67,106,190,231,0,0
time,2,absl_btree,updates_1024,index_terminal_visible,4000,204,389,906,59696,0,0
time,2,absl_btree,updates_1024,index_reactivate,4000,274,466,897,15336,0,0
time,2,absl_btree,prices_4096,summary_first,4000,53,66,88,225,0,0
time,2,absl_btree,prices_4096,summary_last,4000,61,78,120,12840,0,0
time,2,absl_btree,prices_4096,summary_miss,4000,47,67,80,92,0,0
time,2,absl_btree,prices_4096,summary_random,4000,130,283,462,12908,0,0
time,2,absl_btree,prices_4096,best,4000,34,49,57,17096,0,0
time,2,absl_btree,prices_4096,sorted_range8,2000,65,76,121,23830,0,0
time,2,absl_btree,prices_4096,orders_at,2000,124,317,451,4103,0,0
time,2,absl_btree,updates_4096,index_fill_visible,4000,70,204,328,415,0,0
time,2,absl_btree,updates_4096,index_replace_submit,4000,242,347,530,6091,0,0
time,2,absl_btree,updates_4096,index_replace_ack_visible,4000,250,498,1251,30808,0,0
time,2,absl_btree,updates_4096,index_cancel_submit,4000,67,84,103,292,0,0
time,2,absl_btree,updates_4096,index_terminal_visible,4000,206,349,3523,13311,0,0
time,2,absl_btree,updates_4096,index_reactivate,4000,275,398,3549,14536,0,0
time,2,absl_btree,crowded_32,summary_first,4000,47,73,188,213,0,0
time,2,absl_btree,crowded_32,summary_last,4000,47,71,92,17222,0,0
time,2,absl_btree,crowded_32,summary_miss,4000,40,67,82,184,0,0
time,2,absl_btree,crowded_32,summary_random,4000,49,73,91,4466,0,0
time,2,absl_btree,crowded_32,best,4000,35,57,74,4378,0,0
time,2,absl_btree,crowded_32,sorted_range8,2000,42,63,190,36416,0,0
time,2,absl_btree,crowded_32,orders_at,2000,187,233,336,342,0,0
time,2,absl_btree,crowded_32,batch64_summary,2000,515,793,4052,17607,0,0
time,2,absl_btree,crowded_4096,summary_first,4000,68,174,360,16505,0,0
time,2,absl_btree,crowded_4096,summary_last,4000,46,85,252,20640,0,0
time,2,absl_btree,crowded_4096,summary_miss,4000,40,70,110,159292,0,0
time,2,absl_btree,crowded_4096,summary_random,4000,48,72,88,21698,0,0
time,2,absl_btree,crowded_4096,best,4000,34,72,117,57700,0,0
time,2,absl_btree,crowded_4096,sorted_range8,2000,43,90,154,189,0,0
time,2,absl_btree,crowded_4096,orders_at,2000,24501,54408,194050,1539068,0,0
time,2,absl_btree,reprice_random_8,index_replace_submit,20000,123,202,313,26977,0,0
time,2,absl_btree,reprice_random_8,index_replace_ack_visible,20000,171,264,457,136651,0,0
time,2,absl_btree,reprice_random_32,index_replace_submit,20000,168,303,492,242384,0,0
time,2,absl_btree,reprice_random_32,index_replace_ack_visible,20000,251,417,3473,181839,0,0
time,2,absl_btree,reprice_random_128,index_replace_submit,20000,212,403,3588,182172,0,0
time,2,absl_btree,reprice_random_128,index_replace_ack_visible,20000,303,539,4298,116569,0,0
time,2,absl_btree,reprice_random_1024,index_replace_submit,4000,290,472,585,49368,0,0
time,2,absl_btree,reprice_random_1024,index_replace_ack_visible,4000,359,564,837,13894,0,0
time,2,absl_btree,reprice_random_4096,index_replace_submit,4000,340,642,2224,64358,0,0
time,2,absl_btree,reprice_random_4096,index_replace_ack_visible,4000,410,704,946,21642,0,0
time,2,absl_btree,mixed_4_q0,fill_plus_queries,20000,67,96,149,54813,0,0
time,2,absl_btree,mixed_4_q1,fill_plus_queries,20000,89,140,187,54047,0,0
time,2,absl_btree,mixed_4_q4,fill_plus_queries,20000,165,235,351,51949,0,0
time,2,absl_btree,mixed_4_q16,fill_plus_queries,20000,472,643,5310,43864,0,0
time,2,absl_btree,mixed_32_q0,fill_plus_queries,20000,67,99,161,23664,0,0
time,2,absl_btree,mixed_32_q1,fill_plus_queries,20000,101,128,167,34967,0,0
time,2,absl_btree,mixed_32_q4,fill_plus_queries,20000,226,343,491,30372,0,0
time,2,absl_btree,mixed_32_q16,fill_plus_queries,20000,671,849,8078,38313,0,0
time,2,absl_btree,mixed_128_q0,fill_plus_queries,20000,68,103,200,57992,0,0
time,2,absl_btree,mixed_128_q1,fill_plus_queries,20000,109,171,324,31733,0,0
time,2,absl_btree,mixed_128_q4,fill_plus_queries,20000,249,355,3436,49802,0,0
time,2,absl_btree,mixed_128_q16,fill_plus_queries,20000,772,1056,17471,111607,0,0
time,2,absl_btree,mixed_4096_q0,fill_plus_queries,4000,68,258,743,5463,0,0
time,2,absl_btree,mixed_4096_q1,fill_plus_queries,4000,151,244,370,3476,0,0
time,2,absl_btree,mixed_4096_q4,fill_plus_queries,4000,369,554,4565,27055,0,0
time,2,absl_btree,mixed_4096_q16,fill_plus_queries,4000,1222,1694,25068,42620,0,0
time,2,absl_btree,growth,new_order_price,20000,342,3828,9121,46427,0,0
time,2,absl_btree,growth,first32_subset,32,299,676,676,4675,0,0
time,2,absl_btree,growth,last_quarter_subset,5000,359,5414,9121,46427,0,0
time,2,absl_btree,growth,every64_subset,313,4983,11509,21604,46427,0,0
time,2,absl_btree,4096books_4near_2far,summary_random,20000,118,470,805,29250,0,0
time,2,absl_btree,prototype_4,intent_to_command,20000,123,211,601,68152,0,0
time,2,absl_btree,prototype_4,queued_intent,20000,46,61,85,26996,0,0
time,2,absl_btree,prototype_4,report_visible,20000,160,299,413,29959,0,0
time,2,absl_btree,prototype_4,ready_to_command,20000,132,253,380,59193,0,0
time,2,absl_btree,prototype_32,intent_to_command,20000,135,257,3210,253212,0,0
time,2,absl_btree,prototype_32,queued_intent,20000,46,63,94,25068,0,0
time,2,absl_btree,prototype_32,report_visible,20000,189,371,3413,203149,0,0
time,2,absl_btree,prototype_32,ready_to_command,20000,149,319,606,26868,0,0
time,2,absl_btree,prototype_128,intent_to_command,20000,196,285,377,13537,0,0
time,2,absl_btree,prototype_128,queued_intent,20000,46,66,85,18487,0,0
time,2,absl_btree,prototype_128,report_visible,20000,296,455,679,31415,0,0
time,2,absl_btree,prototype_128,ready_to_command,20000,224,343,553,36891,0,0
time,2,linear_prices,prices_4,summary_first,20000,45,67,83,48314,0,0
time,2,linear_prices,prices_4,summary_last,20000,44,69,86,105349,0,0
time,2,linear_prices,prices_4,summary_miss,20000,39,65,80,34326,0,0
time,2,linear_prices,prices_4,summary_random,20000,54,87,106,25167,0,0
time,2,linear_prices,prices_4,best,20000,34,59,70,18307,0,0
time,2,linear_prices,prices_4,sorted_range8,2000,63,65,81,221,0,0
time,2,linear_prices,prices_4,orders_at,2000,47,50,77,5224,0,0
time,2,linear_prices,prices_4,batch64_summary,2000,1371,1719,13561,24131,0,0
time,2,linear_prices,updates_4,index_fill_visible,20000,66,95,190,12968,0,0
time,2,linear_prices,updates_4,index_replace_submit,20000,89,117,170,20038,0,0
time,2,linear_prices,updates_4,index_replace_ack_visible,20000,123,148,213,13234,0,0
time,2,linear_prices,updates_4,index_cancel_submit,20000,66,78,119,30661,0,0
time,2,linear_prices,updates_4,index_terminal_visible,20000,88,93,149,49473,0,0
time,2,linear_prices,updates_4,index_reactivate,20000,106,125,161,17263,0,0
time,2,linear_prices,prices_8,summary_first,20000,45,55,75,13623,0,0
time,2,linear_prices,prices_8,summary_last,20000,44,56,76,11895,0,0
time,2,linear_prices,prices_8,summary_miss,20000,42,52,71,150968,0,0
time,2,linear_prices,prices_8,summary_random,20000,56,77,101,3509,0,0
time,2,linear_prices,prices_8,best,20000,34,49,72,3614,0,0
time,2,linear_prices,prices_8,sorted_range8,2000,116,125,384,13336,0,0
time,2,linear_prices,prices_8,orders_at,2000,48,60,93,151,0,0
time,2,linear_prices,prices_8,batch64_summary,2000,1578,1749,14265,24000,0,0
time,2,linear_prices,updates_8,index_fill_visible,20000,66,100,297,34804,0,0
time,2,linear_prices,updates_8,index_replace_submit,20000,90,132,181,18204,0,0
time,2,linear_prices,updates_8,index_replace_ack_visible,20000,131,175,231,17006,0,0
time,2,linear_prices,updates_8,index_cancel_submit,20000,66,87,124,142524,0,0
time,2,linear_prices,updates_8,index_terminal_visible,20000,96,123,171,16886,0,0
time,2,linear_prices,updates_8,index_reactivate,20000,108,135,186,12898,0,0
time,2,linear_prices,prices_16,summary_first,20000,45,54,80,65507,0,0
time,2,linear_prices,prices_16,summary_last,20000,50,59,76,15768,0,0
time,2,linear_prices,prices_16,summary_miss,20000,48,55,75,143162,0,0
time,2,linear_prices,prices_16,summary_random,20000,57,81,112,6439,0,0
time,2,linear_prices,prices_16,best,20000,34,56,78,15557,0,0
time,2,linear_prices,prices_16,sorted_range8,2000,193,324,552,18393,0,0
time,2,linear_prices,prices_16,orders_at,2000,59,78,162,255,0,0
time,2,linear_prices,prices_16,batch64_summary,2000,1804,1968,13516,14387,0,0
time,2,linear_prices,updates_16,index_fill_visible,20000,66,88,158,3600,0,0
time,2,linear_prices,updates_16,index_replace_submit,20000,95,128,165,18608,0,0
time,2,linear_prices,updates_16,index_replace_ack_visible,20000,159,199,264,28882,0,0
time,2,linear_prices,updates_16,index_cancel_submit,20000,66,84,114,27508,0,0
time,2,linear_prices,updates_16,index_terminal_visible,20000,113,127,178,12441,0,0
time,2,linear_prices,updates_16,index_reactivate,20000,119,149,185,11694,0,0
time,2,linear_prices,prices_32,summary_first,20000,45,56,77,11075,0,0
time,2,linear_prices,prices_32,summary_last,20000,60,73,95,30134,0,0
time,2,linear_prices,prices_32,summary_miss,20000,59,69,87,5189,0,0
time,2,linear_prices,prices_32,summary_random,20000,64,88,119,19595,0,0
time,2,linear_prices,prices_32,best,20000,34,49,68,18880,0,0
time,2,linear_prices,prices_32,sorted_range8,2000,348,414,3716,18376,0,0
time,2,linear_prices,prices_32,orders_at,2000,64,89,120,172,0,0
time,2,linear_prices,prices_32,batch64_summary,2000,2228,2601,18093,34563,0,0
time,2,linear_prices,updates_32,index_fill_visible,20000,67,106,290,14023,0,0
time,2,linear_prices,updates_32,index_replace_submit,20000,104,180,268,63905,0,0
time,2,linear_prices,updates_32,index_replace_ack_visible,20000,202,287,512,25936,0,0
time,2,linear_prices,updates_32,index_cancel_submit,20000,66,100,197,20809,0,0
time,2,linear_prices,updates_32,index_terminal_visible,20000,148,201,358,33161,0,0
time,2,linear_prices,updates_32,index_reactivate,20000,131,208,334,353549,0,0
time,2,linear_prices,prices_128,summary_first,20000,46,62,190,11705,0,0
time,2,linear_prices,prices_128,summary_last,20000,90,144,279,26087,0,0
time,2,linear_prices,prices_128,summary_miss,20000,84,140,261,461447,0,0
time,2,linear_prices,prices_128,summary_random,20000,85,153,252,2004089,0,0
time,2,linear_prices,prices_128,best,20000,34,54,129,3911,0,0
time,2,linear_prices,prices_128,sorted_range8,2000,1275,2224,15432,46816,0,0
time,2,linear_prices,prices_128,orders_at,2000,85,164,286,342,0,0
time,2,linear_prices,updates_128,index_fill_visible,20000,70,104,210,1423743,0,0
time,2,linear_prices,updates_128,index_replace_submit,20000,166,298,394,24374,0,0
time,2,linear_prices,updates_128,index_replace_ack_visible,20000,443,567,3977,38180,0,0
time,2,linear_prices,updates_128,index_cancel_submit,20000,66,100,165,21436,0,0
time,2,linear_prices,updates_128,index_terminal_visible,20000,371,457,613,134845,0,0
time,2,linear_prices,updates_128,index_reactivate,20000,245,394,3656,162075,0,0
time,2,linear_prices,prices_1024,summary_first,4000,45,61,81,31686,0,0
time,2,linear_prices,prices_1024,summary_last,4000,415,692,781,21784,0,0
time,2,linear_prices,prices_1024,summary_miss,4000,423,658,3958,18315,0,0
time,2,linear_prices,prices_1024,summary_random,4000,269,575,981,173659,0,0
time,2,linear_prices,prices_1024,best,4000,34,51,63,124,0,0
time,2,linear_prices,prices_1024,sorted_range8,2000,10099,27199,104489,332608,0,0
time,2,linear_prices,prices_1024,orders_at,2000,296,650,951,13180,0,0
time,2,linear_prices,updates_1024,index_fill_visible,4000,73,268,438,12979,0,0
time,2,linear_prices,updates_1024,index_replace_submit,4000,829,1476,10645,21433,0,0
time,2,linear_prices,updates_1024,index_replace_ack_visible,4000,2592,4155,31504,667263,0,0
time,2,linear_prices,updates_1024,index_cancel_submit,4000,67,135,366,428,0,0
time,2,linear_prices,updates_1024,index_terminal_visible,4000,2367,3119,22578,218438,0,0
time,2,linear_prices,updates_1024,index_reactivate,4000,1201,2103,13120,741574,0,0
time,2,linear_prices,prices_4096,summary_first,4000,57,79,134,346,0,0
time,2,linear_prices,prices_4096,summary_last,4000,1499,2696,18495,25552,0,0
time,2,linear_prices,prices_4096,summary_miss,4000,1512,2700,17947,29076,0,0
time,2,linear_prices,prices_4096,summary_random,4000,916,2226,5478,18036,0,0
time,2,linear_prices,prices_4096,best,4000,46,62,73,110,0,0
time,2,linear_prices,prices_4096,sorted_range8,2000,39877,89138,387116,763403,0,0
time,2,linear_prices,prices_4096,orders_at,2000,962,2320,5140,28910,0,0
time,2,linear_prices,updates_4096,index_fill_visible,4000,87,444,655,12211,0,0
time,2,linear_prices,updates_4096,index_replace_submit,4000,3003,6690,27688,146801,0,0
time,2,linear_prices,updates_4096,index_replace_ack_visible,4000,10133,23665,54106,132786,0,0
time,2,linear_prices,updates_4096,index_cancel_submit,4000,88,180,329,3175,0,0
time,2,linear_prices,updates_4096,index_terminal_visible,4000,9301,21996,40725,124892,0,0
time,2,linear_prices,updates_4096,index_reactivate,4000,4502,12713,51482,652809,0,0
time,2,linear_prices,crowded_32,summary_first,4000,45,60,135,4008,0,0
time,2,linear_prices,crowded_32,summary_last,4000,45,60,193,32825,0,0
time,2,linear_prices,crowded_32,summary_miss,4000,38,51,58,70,0,0
time,2,linear_prices,crowded_32,summary_random,4000,47,60,82,230,0,0
time,2,linear_prices,crowded_32,best,4000,34,48,62,5406,0,0
time,2,linear_prices,crowded_32,sorted_range8,2000,42,63,84,121,0,0
time,2,linear_prices,crowded_32,orders_at,2000,188,274,392,5553,0,0
time,2,linear_prices,crowded_32,batch64_summary,2000,426,791,4091,15216,0,0
time,2,linear_prices,crowded_4096,summary_first,4000,66,98,218,621,0,0
time,2,linear_prices,crowded_4096,summary_last,4000,45,63,93,391,0,0
time,2,linear_prices,crowded_4096,summary_miss,4000,38,54,65,100,0,0
time,2,linear_prices,crowded_4096,summary_random,4000,47,57,78,91,0,0
time,2,linear_prices,crowded_4096,best,4000,34,50,71,41483,0,0
time,2,linear_prices,crowded_4096,sorted_range8,2000,41,71,110,160,0,0
time,2,linear_prices,crowded_4096,orders_at,2000,24247,45026,132077,177659,0,0
time,2,linear_prices,reprice_random_8,index_replace_submit,20000,90,116,264,64414,0,0
time,2,linear_prices,reprice_random_8,index_replace_ack_visible,20000,131,167,326,20497,0,0
time,2,linear_prices,reprice_random_32,index_replace_submit,20000,100,166,223,32520,0,0
time,2,linear_prices,reprice_random_32,index_replace_ack_visible,20000,195,262,397,17966,0,0
time,2,linear_prices,reprice_random_128,index_replace_submit,20000,167,262,370,15806,0,0
time,2,linear_prices,reprice_random_128,index_replace_ack_visible,20000,434,536,3949,32912,0,0
time,2,linear_prices,reprice_random_1024,index_replace_submit,4000,830,1586,5250,19114,0,0
time,2,linear_prices,reprice_random_1024,index_replace_ack_visible,4000,2639,3915,23357,38748,0,0
time,2,linear_prices,reprice_random_4096,index_replace_submit,4000,3082,6442,62897,253222,0,0
time,2,linear_prices,reprice_random_4096,index_replace_ack_visible,4000,10124,23467,105361,370511,0,0
time,2,linear_prices,mixed_4_q0,fill_plus_queries,20000,67,72,152,12469,0,0
time,2,linear_prices,mixed_4_q1,fill_plus_queries,20000,84,108,126,11412,0,0
time,2,linear_prices,mixed_4_q4,fill_plus_queries,20000,145,177,264,29722,0,0
time,2,linear_prices,mixed_4_q16,fill_plus_queries,20000,396,537,4576,517228,0,0
time,2,linear_prices,mixed_32_q0,fill_plus_queries,20000,67,84,104,4662,0,0
time,2,linear_prices,mixed_32_q1,fill_plus_queries,20000,91,130,176,381433,0,0
time,2,linear_prices,mixed_32_q4,fill_plus_queries,20000,193,266,506,158602,0,0
time,2,linear_prices,mixed_32_q16,fill_plus_queries,20000,578,777,13167,47583,0,0
time,2,linear_prices,mixed_128_q0,fill_plus_queries,20000,68,105,194,17967,0,0
time,2,linear_prices,mixed_128_q1,fill_plus_queries,20000,115,175,221,13490,0,0
time,2,linear_prices,mixed_128_q4,fill_plus_queries,20000,278,360,3222,33093,0,0
time,2,linear_prices,mixed_128_q16,fill_plus_queries,20000,914,1286,13749,211756,0,0
time,2,linear_prices,mixed_4096_q0,fill_plus_queries,4000,68,260,524,12898,0,0
time,2,linear_prices,mixed_4096_q1,fill_plus_queries,4000,1021,1566,12212,15635,0,0
time,2,linear_prices,mixed_4096_q4,fill_plus_queries,4000,3897,9816,155592,407777,0,0
time,2,linear_prices,mixed_4096_q16,fill_plus_queries,4000,14932,38549,286986,3113104,0,0
time,2,linear_prices,growth,new_order_price,20000,11127,31828,66506,1784687,0,0
time,2,linear_prices,growth,first32_subset,32,223,874,874,6902,0,0
time,2,linear_prices,growth,last_quarter_subset,5000,18989,38266,88473,1784687,0,0
time,2,linear_prices,growth,every64_subset,313,16658,49649,85565,172561,0,0
time,2,linear_prices,4096books_4near_2far,summary_random,20000,118,664,1021,46021,0,0
time,2,linear_prices,prototype_4,intent_to_command,20000,102,176,347,31262,0,0
time,2,linear_prices,prototype_4,queued_intent,20000,46,61,149,16803,0,0
time,2,linear_prices,prototype_4,report_visible,20000,134,252,420,28020,0,0
time,2,linear_prices,prototype_4,ready_to_command,20000,112,227,400,30937,0,0
time,2,linear_prices,prototype_32,intent_to_command,20000,115,223,2851,1102251,0,0
time,2,linear_prices,prototype_32,queued_intent,20000,46,60,198,20812,0,0
time,2,linear_prices,prototype_32,report_visible,20000,221,390,3458,91852,0,0
time,2,linear_prices,prototype_32,ready_to_command,20000,125,276,3192,18659,0,0
time,2,linear_prices,prototype_128,intent_to_command,20000,186,319,3367,26883,0,0
time,2,linear_prices,prototype_128,queued_intent,20000,46,66,171,6263,0,0
time,2,linear_prices,prototype_128,report_visible,20000,471,729,4419,35557,0,0
time,2,linear_prices,prototype_128,ready_to_command,20000,205,376,3338,19691,0,0
time,3,sorted_deque,prices_4,summary_first,20000,46,53,89,13638,0,0
time,3,sorted_deque,prices_4,summary_last,20000,46,54,135,14402,0,0
time,3,sorted_deque,prices_4,summary_miss,20000,39,46,223,15436,0,0
time,3,sorted_deque,prices_4,summary_random,20000,57,70,205,16692,0,0
time,3,sorted_deque,prices_4,best,20000,34,46,64,2633,0,0
time,3,sorted_deque,prices_4,sorted_range8,2000,49,54,110,2644,0,0
time,3,sorted_deque,prices_4,orders_at,2000,49,68,286,3079,0,0
time,3,sorted_deque,prices_4,batch64_summary,2000,1430,4042,15895,22066,0,0
time,3,sorted_deque,updates_4,index_fill_visible,20000,67,111,345,17247,0,0
time,3,sorted_deque,updates_4,index_replace_submit,20000,105,153,2780,24028,0,0
time,3,sorted_deque,updates_4,index_replace_ack_visible,20000,115,150,2740,13569,0,0
time,3,sorted_deque,updates_4,index_cancel_submit,20000,67,85,251,4768,0,0
time,3,sorted_deque,updates_4,index_terminal_visible,20000,84,111,2676,21318,0,0
time,3,sorted_deque,updates_4,index_reactivate,20000,111,142,2794,21950,0,0
time,3,sorted_deque,prices_8,summary_first,20000,46,58,129,4721,0,0
time,3,sorted_deque,prices_8,summary_last,20000,46,61,109,17191,0,0
time,3,sorted_deque,prices_8,summary_miss,20000,39,49,96,25918,0,0
time,3,sorted_deque,prices_8,summary_random,20000,58,79,138,16516,0,0
time,3,sorted_deque,prices_8,best,20000,34,55,80,17191,0,0
time,3,sorted_deque,prices_8,sorted_range8,2000,57,77,3161,22684,0,0
time,3,sorted_deque,prices_8,orders_at,2000,49,81,140,2995,0,0
time,3,sorted_deque,prices_8,batch64_summary,2000,1592,4209,19649,23794,0,0
time,3,sorted_deque,updates_8,index_fill_visible,20000,67,89,295,16430,0,0
time,3,sorted_deque,updates_8,index_replace_submit,20000,105,168,2754,20625,0,0
time,3,sorted_deque,updates_8,index_replace_ack_visible,20000,117,159,2837,13140,0,0
time,3,sorted_deque,updates_8,index_cancel_submit,20000,67,85,251,14257,0,0
time,3,sorted_deque,updates_8,index_terminal_visible,20000,85,122,357,15043,0,0
time,3,sorted_deque,updates_8,index_reactivate,20000,115,151,2839,19687,0,0
time,3,sorted_deque,prices_16,summary_first,20000,46,53,136,2897,0,0
time,3,sorted_deque,prices_16,summary_last,20000,50,61,130,16449,0,0
time,3,sorted_deque,prices_16,summary_miss,20000,39,43,129,15733,0,0
time,3,sorted_deque,prices_16,summary_random,20000,60,80,156,20377,0,0
time,3,sorted_deque,prices_16,best,20000,34,49,62,2649,0,0
time,3,sorted_deque,prices_16,sorted_range8,2000,57,60,107,2633,0,0
time,3,sorted_deque,prices_16,orders_at,2000,49,73,137,3334,0,0
time,3,sorted_deque,prices_16,batch64_summary,2000,1816,4492,16073,56601,0,0
time,3,sorted_deque,updates_16,index_fill_visible,20000,67,93,247,12579,0,0
time,3,sorted_deque,updates_16,index_replace_submit,20000,110,172,410,37380,0,0
time,3,sorted_deque,updates_16,index_replace_ack_visible,20000,123,172,508,14209,0,0
time,3,sorted_deque,updates_16,index_cancel_submit,20000,67,89,190,21293,0,0
time,3,sorted_deque,updates_16,index_terminal_visible,20000,86,122,309,16031,0,0
time,3,sorted_deque,updates_16,index_reactivate,20000,122,173,318,19454,0,0
time,3,sorted_deque,prices_32,summary_first,20000,47,62,130,5028,0,0
time,3,sorted_deque,prices_32,summary_last,20000,52,63,167,14436,0,0
time,3,sorted_deque,prices_32,summary_miss,20000,46,56,111,34074,0,0
time,3,sorted_deque,prices_32,summary_random,20000,80,107,2633,16828,0,0
time,3,sorted_deque,prices_32,best,20000,34,49,70,25523,0,0
time,3,sorted_deque,prices_32,sorted_range8,2000,58,69,114,207,0,0
time,3,sorted_deque,prices_32,orders_at,2000,54,100,123,182,0,0
time,3,sorted_deque,prices_32,batch64_summary,2000,2950,6442,44952,52080,0,0
time,3,sorted_deque,updates_32,index_fill_visible,20000,67,90,280,5629,0,0
time,3,sorted_deque,updates_32,index_replace_submit,20000,112,175,2996,13682,0,0
time,3,sorted_deque,updates_32,index_replace_ack_visible,20000,124,158,3012,13842,0,0
time,3,sorted_deque,updates_32,index_cancel_submit,20000,67,85,342,12865,0,0
time,3,sorted_deque,updates_32,index_terminal_visible,20000,87,116,2846,29267,0,0
time,3,sorted_deque,updates_32,index_reactivate,20000,123,169,3010,22112,0,0
time,3,sorted_deque,prices_128,summary_first,20000,49,53,77,14773,0,0
time,3,sorted_deque,prices_128,summary_last,20000,53,61,78,4193,0,0
time,3,sorted_deque,prices_128,summary_miss,20000,47,50,68,14023,0,0
time,3,sorted_deque,prices_128,summary_random,20000,93,129,325,25859,0,0
time,3,sorted_deque,prices_128,best,20000,34,43,58,12572,0,0
time,3,sorted_deque,prices_128,sorted_range8,2000,61,68,263,4008,0,0
time,3,sorted_deque,prices_128,orders_at,2000,70,127,189,15668,0,0
time,3,sorted_deque,updates_128,index_fill_visible,20000,71,100,202,20933,0,0
time,3,sorted_deque,updates_128,index_replace_submit,20000,127,223,402,14285,0,0
time,3,sorted_deque,updates_128,index_replace_ack_visible,20000,134,228,370,24153,0,0
time,3,sorted_deque,updates_128,index_cancel_submit,20000,67,92,128,13373,0,0
time,3,sorted_deque,updates_128,index_terminal_visible,20000,97,160,256,35084,0,0
time,3,sorted_deque,updates_128,index_reactivate,20000,136,280,409,20219,0,0
time,3,sorted_deque,prices_1024,summary_first,4000,52,64,79,15448,0,0
time,3,sorted_deque,prices_1024,summary_last,4000,58,118,243,12288,0,0
time,3,sorted_deque,prices_1024,summary_miss,4000,51,53,66,135,0,0
time,3,sorted_deque,prices_1024,summary_random,4000,119,166,225,514,0,0
time,3,sorted_deque,prices_1024,best,4000,34,38,42,3623,0,0
time,3,sorted_deque,prices_1024,sorted_range8,2000,61,68,204,4305,0,0
time,3,sorted_deque,prices_1024,orders_at,2000,116,165,249,2752,0,0
time,3,sorted_deque,updates_1024,index_fill_visible,4000,70,155,264,409,0,0
time,3,sorted_deque,updates_1024,index_replace_submit,4000,154,345,906,12726,0,0
time,3,sorted_deque,updates_1024,index_replace_ack_visible,4000,176,340,602,26303,0,0
time,3,sorted_deque,updates_1024,index_cancel_submit,4000,67,96,125,176,0,0
time,3,sorted_deque,updates_1024,index_terminal_visible,4000,115,240,284,543,0,0
time,3,sorted_deque,updates_1024,index_reactivate,4000,179,443,4155,18080,0,0
time,3,sorted_deque,prices_4096,summary_first,4000,56,78,192,14101,0,0
time,3,sorted_deque,prices_4096,summary_last,4000,60,78,185,3971,0,0
time,3,sorted_deque,prices_4096,summary_miss,4000,54,66,139,3821,0,0
time,3,sorted_deque,prices_4096,summary_random,4000,170,464,563,28566,0,0
time,3,sorted_deque,prices_4096,best,4000,34,42,52,72,0,0
time,3,sorted_deque,prices_4096,sorted_range8,2000,63,98,142,300,0,0
time,3,sorted_deque,prices_4096,orders_at,2000,163,438,3365,29095,0,0
time,3,sorted_deque,updates_4096,index_fill_visible,4000,71,211,410,13149,0,0
time,3,sorted_deque,updates_4096,index_replace_submit,4000,126,161,307,15203,0,0
time,3,sorted_deque,updates_4096,index_replace_ack_visible,4000,140,177,332,4233,0,0
time,3,sorted_deque,updates_4096,index_cancel_submit,4000,67,84,137,41484,0,0
time,3,sorted_deque,updates_4096,index_terminal_visible,4000,93,114,203,393,0,0
time,3,sorted_deque,updates_4096,index_reactivate,4000,146,174,319,20089,0,0
time,3,sorted_deque,crowded_32,summary_first,4000,46,48,54,142,0,0
time,3,sorted_deque,crowded_32,summary_last,4000,47,48,60,101,0,0
time,3,sorted_deque,crowded_32,summary_miss,4000,39,40,49,83,0,0
time,3,sorted_deque,crowded_32,summary_random,4000,48,50,54,57,0,0
time,3,sorted_deque,crowded_32,best,4000,34,36,50,146,0,0
time,3,sorted_deque,crowded_32,sorted_range8,2000,42,45,68,13230,0,0
time,3,sorted_deque,crowded_32,orders_at,2000,187,197,316,11511,0,0
time,3,sorted_deque,crowded_32,batch64_summary,2000,481,490,757,12709,0,0
time,3,sorted_deque,crowded_4096,summary_first,4000,71,93,175,2500,0,0
time,3,sorted_deque,crowded_4096,summary_last,4000,47,76,106,13147,0,0
time,3,sorted_deque,crowded_4096,summary_miss,4000,39,60,84,2877,0,0
time,3,sorted_deque,crowded_4096,summary_random,4000,48,61,79,91,0,0
time,3,sorted_deque,crowded_4096,best,4000,34,58,74,201,0,0
time,3,sorted_deque,crowded_4096,sorted_range8,2000,43,67,100,3245,0,0
time,3,sorted_deque,crowded_4096,orders_at,2000,24223,40066,54530,64050,0,0
time,3,sorted_deque,reprice_random_8,index_replace_submit,20000,116,153,186,29632,0,0
time,3,sorted_deque,reprice_random_8,index_replace_ack_visible,20000,139,167,198,13179,0,0
time,3,sorted_deque,reprice_random_32,index_replace_submit,20000,143,207,276,22309,0,0
time,3,sorted_deque,reprice_random_32,index_replace_ack_visible,20000,182,240,384,19862,0,0
time,3,sorted_deque,reprice_random_128,index_replace_submit,20000,172,243,337,40837,0,0
time,3,sorted_deque,reprice_random_128,index_replace_ack_visible,20000,217,269,325,50395,0,0
time,3,sorted_deque,reprice_random_1024,index_replace_submit,4000,364,484,578,5934,0,0
time,3,sorted_deque,reprice_random_1024,index_replace_ack_visible,4000,319,423,1063,15014,0,0
time,3,sorted_deque,reprice_random_4096,index_replace_submit,4000,851,2758,16292,38955,0,0
time,3,sorted_deque,reprice_random_4096,index_replace_ack_visible,4000,791,1717,5811,21774,0,0
time,3,sorted_deque,mixed_4_q0,fill_plus_queries,20000,67,69,76,26850,0,0
time,3,sorted_deque,mixed_4_q1,fill_plus_queries,20000,87,105,125,20371,0,0
time,3,sorted_deque,mixed_4_q4,fill_plus_queries,20000,159,196,282,19714,0,0
time,3,sorted_deque,mixed_4_q16,fill_plus_queries,20000,440,538,3780,38230,0,0
time,3,sorted_deque,mixed_32_q0,fill_plus_queries,20000,67,83,85,12306,0,0
time,3,sorted_deque,mixed_32_q1,fill_plus_queries,20000,103,145,203,156598,0,0
time,3,sorted_deque,mixed_32_q4,fill_plus_queries,20000,227,335,2965,26354,0,0
time,3,sorted_deque,mixed_32_q16,fill_plus_queries,20000,674,831,5301,32350,0,0
time,3,sorted_deque,mixed_128_q0,fill_plus_queries,20000,67,83,89,13572,0,0
time,3,sorted_deque,mixed_128_q1,fill_plus_queries,20000,118,155,172,13861,0,0
time,3,sorted_deque,mixed_128_q4,fill_plus_queries,20000,287,434,639,31261,0,0
time,3,sorted_deque,mixed_128_q16,fill_plus_queries,20000,891,1251,13615,52738,0,0
time,3,sorted_deque,mixed_4096_q0,fill_plus_queries,4000,67,206,433,3994,0,0
time,3,sorted_deque,mixed_4096_q1,fill_plus_queries,4000,181,336,544,26786,0,0
time,3,sorted_deque,mixed_4096_q4,fill_plus_queries,4000,448,618,5381,46790,0,0
time,3,sorted_deque,mixed_4096_q16,fill_plus_queries,4000,1537,1941,16311,42224,0,0
time,3,sorted_deque,growth,new_order_price,20000,192,2359,6785,107770,0,0
time,3,sorted_deque,growth,first32_subset,32,226,571,571,4112,0,0
time,3,sorted_deque,growth,last_quarter_subset,5000,198,4734,7040,48714,0,0
time,3,sorted_deque,growth,every64_subset,313,3806,12450,22308,48714,0,0
time,3,sorted_deque,4096books_4near_2far,summary_random,20000,146,573,3065,40231,0,0
time,3,sorted_deque,prototype_4,intent_to_command,20000,115,172,234,12325,0,0
time,3,sorted_deque,prototype_4,queued_intent,20000,46,60,86,20083,0,0
time,3,sorted_deque,prototype_4,report_visible,20000,131,189,326,46331,0,0
time,3,sorted_deque,prototype_4,ready_to_command,20000,126,210,339,12760,0,0
time,3,sorted_deque,prototype_32,intent_to_command,20000,122,176,310,22136,0,0
time,3,sorted_deque,prototype_32,queued_intent,20000,46,55,69,22115,0,0
time,3,sorted_deque,prototype_32,report_visible,20000,139,203,357,23920,0,0
time,3,sorted_deque,prototype_32,ready_to_command,20000,133,209,318,13502,0,0
time,3,sorted_deque,prototype_128,intent_to_command,20000,148,247,3436,22809,0,0
time,3,sorted_deque,prototype_128,queued_intent,20000,46,64,90,17159,0,0
time,3,sorted_deque,prototype_128,report_visible,20000,157,315,3667,230951,0,0
time,3,sorted_deque,prototype_128,ready_to_command,20000,157,328,3439,40622,0,0
time,3,sorted_deque_soa,prices_4,summary_first,20000,56,58,2562,21446,0,0
time,3,sorted_deque_soa,prices_4,summary_last,20000,53,61,92,4089,0,0
time,3,sorted_deque_soa,prices_4,summary_miss,20000,47,49,78,12376,0,0
time,3,sorted_deque_soa,prices_4,summary_random,20000,56,59,71,3662,0,0
time,3,sorted_deque_soa,prices_4,best,20000,34,36,58,23116,0,0
time,3,sorted_deque_soa,prices_4,sorted_range8,2000,58,60,88,140,0,0
time,3,sorted_deque_soa,prices_4,orders_at,2000,57,66,161,2620,0,0
time,3,sorted_deque_soa,prices_4,batch64_summary,2000,994,1696,15357,206939,0,0
time,3,sorted_deque_soa,updates_4,index_fill_visible,20000,68,85,240,26781,0,0
time,3,sorted_deque_soa,updates_4,index_replace_submit,20000,113,141,196,4328,0,0
time,3,sorted_deque_soa,updates_4,index_replace_ack_visible,20000,128,146,310,19545,0,0
time,3,sorted_deque_soa,updates_4,index_cancel_submit,20000,68,76,114,13166,0,0
time,3,sorted_deque_soa,updates_4,index_terminal_visible,20000,88,99,174,33333,0,0
time,3,sorted_deque_soa,updates_4,index_reactivate,20000,121,143,288,34106,0,0
time,3,sorted_deque_soa,prices_8,summary_first,20000,57,65,86,17355,0,0
time,3,sorted_deque_soa,prices_8,summary_last,20000,55,64,78,12778,0,0
time,3,sorted_deque_soa,prices_8,summary_miss,20000,49,57,74,14585,0,0
time,3,sorted_deque_soa,prices_8,summary_random,20000,58,65,87,12925,0,0
time,3,sorted_deque_soa,prices_8,best,20000,34,43,59,12805,0,0
time,3,sorted_deque_soa,prices_8,sorted_range8,2000,68,70,108,14219,0,0
time,3,sorted_deque_soa,prices_8,orders_at,2000,60,67,81,111,0,0
time,3,sorted_deque_soa,prices_8,batch64_summary,2000,1024,1163,13583,23723,0,0
time,3,sorted_deque_soa,updates_8,index_fill_visible,20000,68,76,168,15914,0,0
time,3,sorted_deque_soa,updates_8,index_replace_submit,20000,115,142,212,15880,0,0
time,3,sorted_deque_soa,updates_8,index_replace_ack_visible,20000,131,151,220,19245,0,0
time,3,sorted_deque_soa,updates_8,index_cancel_submit,20000,68,78,108,29654,0,0
time,3,sorted_deque_soa,updates_8,index_terminal_visible,20000,90,112,168,18444,0,0
time,3,sorted_deque_soa,updates_8,index_reactivate,20000,127,148,205,13147,0,0
time,3,sorted_deque_soa,prices_16,summary_first,20000,61,73,91,13471,0,0
time,3,sorted_deque_soa,prices_16,summary_last,20000,60,71,86,11292,0,0
time,3,sorted_deque_soa,prices_16,summary_miss,20000,54,65,82,20569,0,0
time,3,sorted_deque_soa,prices_16,summary_random,20000,62,74,91,16040,0,0
time,3,sorted_deque_soa,prices_16,best,20000,34,44,55,358,0,0
time,3,sorted_deque_soa,prices_16,sorted_range8,2000,72,74,180,3806,0,0
time,3,sorted_deque_soa,prices_16,orders_at,2000,65,74,95,157,0,0
time,3,sorted_deque_soa,prices_16,batch64_summary,2000,1363,1457,12720,14255,0,0
time,3,sorted_deque_soa,updates_16,index_fill_visible,20000,68,85,120,3230,0,0
time,3,sorted_deque_soa,updates_16,index_replace_submit,20000,129,161,220,3625,0,0
time,3,sorted_deque_soa,updates_16,index_replace_ack_visible,20000,141,183,267,12337,0,0
time,3,sorted_deque_soa,updates_16,index_cancel_submit,20000,68,84,103,34263,0,0
time,3,sorted_deque_soa,updates_16,index_terminal_visible,20000,95,123,175,18839,0,0
time,3,sorted_deque_soa,updates_16,index_reactivate,20000,144,175,243,13432,0,0
time,3,sorted_deque_soa,prices_32,summary_first,20000,69,71,79,18867,0,0
time,3,sorted_deque_soa,prices_32,summary_last,20000,67,74,81,3197,0,0
time,3,sorted_deque_soa,prices_32,summary_miss,20000,62,64,76,13013,0,0
time,3,sorted_deque_soa,prices_32,summary_random,20000,71,75,87,14103,0,0
time,3,sorted_deque_soa,prices_32,best,20000,34,35,50,57,0,0
time,3,sorted_deque_soa,prices_32,sorted_range8,2000,80,83,91,197,0,0
time,3,sorted_deque_soa,prices_32,orders_at,2000,72,82,96,171,0,0
time,3,sorted_deque_soa,prices_32,batch64_summary,2000,1805,1892,13833,21955,0,0
time,3,sorted_deque_soa,updates_32,index_fill_visible,20000,68,93,130,68915,0,0
time,3,sorted_deque_soa,updates_32,index_replace_submit,20000,154,211,305,28588,0,0
time,3,sorted_deque_soa,updates_32,index_replace_ack_visible,20000,159,206,346,15638,0,0
time,3,sorted_deque_soa,updates_32,index_cancel_submit,20000,68,88,117,10902,0,0
time,3,sorted_deque_soa,updates_32,index_terminal_visible,20000,104,143,196,12854,0,0
time,3,sorted_deque_soa,updates_32,index_reactivate,20000,177,223,322,28347,0,0
time,3,sorted_deque_soa,prices_128,summary_first,20000,50,57,82,30612,0,0
time,3,sorted_deque_soa,prices_128,summary_last,20000,52,61,74,3487,0,0
time,3,sorted_deque_soa,prices_128,summary_miss,20000,44,51,63,103,0,0
time,3,sorted_deque_soa,prices_128,summary_random,20000,89,120,139,12699,0,0
time,3,sorted_deque_soa,prices_128,best,20000,34,48,62,11352,0,0
time,3,sorted_deque_soa,prices_128,sorted_range8,2000,61,63,87,181,0,0
time,3,sorted_deque_soa,prices_128,orders_at,2000,65,118,142,12919,0,0
time,3,sorted_deque_soa,updates_128,index_fill_visible,20000,70,94,125,18576,0,0
time,3,sorted_deque_soa,updates_128,index_replace_submit,20000,123,215,302,20387,0,0
time,3,sorted_deque_soa,updates_128,index_replace_ack_visible,20000,132,200,256,13980,0,0
time,3,sorted_deque_soa,updates_128,index_cancel_submit,20000,68,85,113,15623,0,0
time,3,sorted_deque_soa,updates_128,index_terminal_visible,20000,94,150,203,20804,0,0
time,3,sorted_deque_soa,updates_128,index_reactivate,20000,133,224,293,13519,0,0
time,3,sorted_deque_soa,prices_1024,summary_first,4000,50,65,150,3631,0,0
time,3,sorted_deque_soa,prices_1024,summary_last,4000,55,68,98,177,0,0
time,3,sorted_deque_soa,prices_1024,summary_miss,4000,46,58,83,123,0,0
time,3,sorted_deque_soa,prices_1024,summary_random,4000,117,228,498,17747,0,0
time,3,sorted_deque_soa,prices_1024,best,4000,34,44,58,2687,0,0
time,3,sorted_deque_soa,prices_1024,sorted_range8,2000,61,98,117,240,0,0
time,3,sorted_deque_soa,prices_1024,orders_at,2000,115,220,365,188389,0,0
time,3,sorted_deque_soa,updates_1024,index_fill_visible,4000,70,137,175,12679,0,0
time,3,sorted_deque_soa,updates_1024,index_replace_submit,4000,181,377,1007,3899,0,0
time,3,sorted_deque_soa,updates_1024,index_replace_ack_visible,4000,183,312,416,3943,0,0
time,3,sorted_deque_soa,updates_1024,index_cancel_submit,4000,68,96,201,19156,0,0
time,3,sorted_deque_soa,updates_1024,index_terminal_visible,4000,128,244,290,611,0,0
time,3,sorted_deque_soa,updates_1024,index_reactivate,4000,180,409,537,24670,0,0
time,3,sorted_deque_soa,prices_4096,summary_first,4000,51,65,121,296,0,0
time,3,sorted_deque_soa,prices_4096,summary_last,4000,56,67,117,238,0,0
time,3,sorted_deque_soa,prices_4096,summary_miss,4000,47,56,120,5179,0,0
time,3,sorted_deque_soa,prices_4096,summary_random,4000,149,398,537,4419,0,0
time,3,sorted_deque_soa,prices_4096,best,4000,34,41,50,67,0,0
time,3,sorted_deque_soa,prices_4096,sorted_range8,2000,61,92,128,16982,0,0
time,3,sorted_deque_soa,prices_4096,orders_at,2000,143,428,501,4433,0,0
time,3,sorted_deque_soa,updates_4096,index_fill_visible,4000,70,203,398,3331,0,0
time,3,sorted_deque_soa,updates_4096,index_replace_submit,4000,117,148,1888,16217,0,0
time,3,sorted_deque_soa,updates_4096,index_replace_ack_visible,4000,132,166,504,15731,0,0
time,3,sorted_deque_soa,updates_4096,index_cancel_submit,4000,68,84,186,349,0,0
time,3,sorted_deque_soa,updates_4096,index_terminal_visible,4000,92,111,218,319,0,0
time,3,sorted_deque_soa,updates_4096,index_reactivate,4000,134,163,261,437,0,0
time,3,sorted_deque_soa,crowded_32,summary_first,4000,50,52,62,2562,0,0
time,3,sorted_deque_soa,crowded_32,summary_last,4000,49,51,95,14515,0,0
time,3,sorted_deque_soa,crowded_32,summary_miss,4000,41,43,87,2738,0,0
time,3,sorted_deque_soa,crowded_32,summary_random,4000,51,53,122,3242,0,0
time,3,sorted_deque_soa,crowded_32,best,4000,34,35,57,4001,0,0
time,3,sorted_deque_soa,crowded_32,sorted_range8,2000,45,47,72,127,0,0
time,3,sorted_deque_soa,crowded_32,orders_at,2000,190,199,309,880,0,0
time,3,sorted_deque_soa,crowded_32,batch64_summary,2000,514,523,3363,21905,0,0
time,3,sorted_deque_soa,crowded_4096,summary_first,4000,74,112,136,3284,0,0
time,3,sorted_deque_soa,crowded_4096,summary_last,4000,50,75,79,2907,0,0
time,3,sorted_deque_soa,crowded_4096,summary_miss,4000,41,60,80,3033,0,0
time,3,sorted_deque_soa,crowded_4096,summary_random,4000,52,62,70,18934,0,0
time,3,sorted_deque_soa,crowded_4096,best,4000,34,58,59,2781,0,0
time,3,sorted_deque_soa,crowded_4096,sorted_range8,2000,46,64,87,3497,0,0
time,3,sorted_deque_soa,crowded_4096,orders_at,2000,24191,39390,57874,63162,0,0
time,3,sorted_deque_soa,reprice_random_8,index_replace_submit,20000,128,167,312,27848,0,0
time,3,sorted_deque_soa,reprice_random_8,index_replace_ack_visible,20000,150,182,276,54879,0,0
time,3,sorted_deque_soa,reprice_random_32,index_replace_submit,20000,176,230,341,20101,0,0
time,3,sorted_deque_soa,reprice_random_32,index_replace_ack_visible,20000,186,225,310,33654,0,0
time,3,sorted_deque_soa,reprice_random_128,index_replace_submit,20000,174,251,325,19878,0,0
time,3,sorted_deque_soa,reprice_random_128,index_replace_ack_visible,20000,213,268,391,19616,0,0
time,3,sorted_deque_soa,reprice_random_1024,index_replace_submit,4000,375,560,4391,40009,0,0
time,3,sorted_deque_soa,reprice_random_1024,index_replace_ack_visible,4000,324,496,705,16246,0,0
time,3,sorted_deque_soa,reprice_random_4096,index_replace_submit,4000,848,3798,16840,39504,0,0
time,3,sorted_deque_soa,reprice_random_4096,index_replace_ack_visible,4000,779,1664,4881,15383,0,0
time,3,sorted_deque_soa,mixed_4_q0,fill_plus_queries,20000,68,71,93,4362,0,0
time,3,sorted_deque_soa,mixed_4_q1,fill_plus_queries,20000,86,123,178,20514,0,0
time,3,sorted_deque_soa,mixed_4_q4,fill_plus_queries,20000,130,175,203,12149,0,0
time,3,sorted_deque_soa,mixed_4_q16,fill_plus_queries,20000,302,440,3720,34610,0,0
time,3,sorted_deque_soa,mixed_32_q0,fill_plus_queries,20000,68,85,109,18629,0,0
time,3,sorted_deque_soa,mixed_32_q1,fill_plus_queries,20000,100,134,191,27481,0,0
time,3,sorted_deque_soa,mixed_32_q4,fill_plus_queries,20000,193,263,382,40668,0,0
time,3,sorted_deque_soa,mixed_32_q16,fill_plus_queries,20000,552,780,4487,29584,0,0
time,3,sorted_deque_soa,mixed_128_q0,fill_plus_queries,20000,68,97,161,175126,0,0
time,3,sorted_deque_soa,mixed_128_q1,fill_plus_queries,20000,116,163,203,18732,0,0
time,3,sorted_deque_soa,mixed_128_q4,fill_plus_queries,20000,262,347,435,36393,0,0
time,3,sorted_deque_soa,mixed_128_q16,fill_plus_queries,20000,826,1008,12454,26457,0,0
time,3,sorted_deque_soa,mixed_4096_q0,fill_plus_queries,4000,69,146,471,21966,0,0
time,3,sorted_deque_soa,mixed_4096_q1,fill_plus_queries,4000,163,235,298,16362,0,0
time,3,sorted_deque_soa,mixed_4096_q4,fill_plus_queries,4000,395,531,747,37830,0,0
time,3,sorted_deque_soa,mixed_4096_q16,fill_plus_queries,4000,1317,1746,14682,34141,0,0
time,3,sorted_deque_soa,growth,new_order_price,20000,178,2953,6639,137420,0,0
time,3,sorted_deque_soa,growth,first32_subset,32,247,565,565,4418,0,0
time,3,sorted_deque_soa,growth,last_quarter_subset,5000,182,4730,7047,45515,0,0
time,3,sorted_deque_soa,growth,every64_subset,313,3881,12876,20058,45515,0,0
time,3,sorted_deque_soa,4096books_4near_2far,summary_random,20000,105,505,802,17201,0,0
time,3,sorted_deque_soa,prototype_4,intent_to_command,20000,123,170,2883,41267,0,0
time,3,sorted_deque_soa,prototype_4,queued_intent,20000,46,59,2589,4068,0,0
time,3,sorted_deque_soa,prototype_4,report_visible,20000,144,264,3051,20429,0,0
time,3,sorted_deque_soa,prototype_4,ready_to_command,20000,134,236,3043,102207,0,0
time,3,sorted_deque_soa,prototype_32,intent_to_command,20000,172,287,378,16725,0,0
time,3,sorted_deque_soa,prototype_32,queued_intent,20000,46,62,79,26068,0,0
time,3,sorted_deque_soa,prototype_32,report_visible,20000,188,298,464,19375,0,0
time,3,sorted_deque_soa,prototype_32,ready_to_command,20000,182,323,426,20272,0,0
time,3,sorted_deque_soa,prototype_128,intent_to_command,20000,142,219,330,17099,0,0
time,3,sorted_deque_soa,prototype_128,queued_intent,20000,46,62,67,3562,0,0
time,3,sorted_deque_soa,prototype_128,report_visible,20000,152,238,373,12148,0,0
time,3,sorted_deque_soa,prototype_128,ready_to_command,20000,150,257,359,21876,0,0
time,3,adaptive,prices_4,summary_first,20000,50,52,64,13796,0,0
time,3,adaptive,prices_4,summary_last,20000,47,56,67,3470,0,0
time,3,adaptive,prices_4,summary_miss,20000,40,42,60,3792,0,0
time,3,adaptive,prices_4,summary_random,20000,62,78,91,14737,0,0
time,3,adaptive,prices_4,best,20000,34,41,50,17914,0,0
time,3,adaptive,prices_4,sorted_range8,2000,50,55,65,193,0,0
time,3,adaptive,prices_4,orders_at,2000,52,70,86,18700,0,0
time,3,adaptive,prices_4,batch64_summary,2000,1648,1824,13004,18960,0,0
time,3,adaptive,updates_4,index_fill_visible,20000,68,84,154,3543,0,0
time,3,adaptive,updates_4,index_replace_submit,20000,107,134,189,13147,0,0
time,3,adaptive,updates_4,index_replace_ack_visible,20000,106,133,194,18826,0,0
time,3,adaptive,updates_4,index_cancel_submit,20000,68,83,94,14585,0,0
time,3,adaptive,updates_4,index_terminal_visible,20000,73,97,140,18469,0,0
time,3,adaptive,updates_4,index_reactivate,20000,123,140,177,3981,0,0
time,3,adaptive,prices_8,summary_first,20000,48,60,71,16595,0,0
time,3,adaptive,prices_8,summary_last,20000,47,64,80,3817,0,0
time,3,adaptive,prices_8,summary_miss,20000,40,51,69,235,0,0
time,3,adaptive,prices_8,summary_random,20000,61,80,101,11211,0,0
time,3,adaptive,prices_8,best,20000,34,44,64,36363,0,0
time,3,adaptive,prices_8,sorted_range8,2000,57,60,77,142,0,0
time,3,adaptive,prices_8,orders_at,2000,51,63,99,12075,0,0
time,3,adaptive,prices_8,batch64_summary,2000,1764,1904,15356,22889,0,0
time,3,adaptive,updates_8,index_fill_visible,20000,68,92,142,3633,0,0
time,3,adaptive,updates_8,index_replace_submit,20000,106,162,232,17971,0,0
time,3,adaptive,updates_8,index_replace_ack_visible,20000,107,159,212,19239,0,0
time,3,adaptive,updates_8,index_cancel_submit,20000,67,90,109,16354,0,0
time,3,adaptive,updates_8,index_terminal_visible,20000,73,114,161,15475,0,0
time,3,adaptive,updates_8,index_reactivate,20000,125,168,215,13893,0,0
time,3,adaptive,prices_16,summary_first,20000,48,54,65,23315,0,0
time,3,adaptive,prices_16,summary_last,20000,52,64,86,17245,0,0
time,3,adaptive,prices_16,summary_miss,20000,40,46,56,114,0,0
time,3,adaptive,prices_16,summary_random,20000,64,84,101,15964,0,0
time,3,adaptive,prices_16,best,20000,34,41,57,11140,0,0
time,3,adaptive,prices_16,sorted_range8,2000,58,81,110,193,0,0
time,3,adaptive,prices_16,orders_at,2000,52,73,89,25595,0,0
time,3,adaptive,prices_16,batch64_summary,2000,1999,2480,15838,35984,0,0
time,3,adaptive,updates_16,index_fill_visible,20000,68,88,127,19379,0,0
time,3,adaptive,updates_16,index_replace_submit,20000,113,163,248,19284,0,0
time,3,adaptive,updates_16,index_replace_ack_visible,20000,112,160,222,15635,0,0
time,3,adaptive,updates_16,index_cancel_submit,20000,68,86,116,18144,0,0
time,3,adaptive,updates_16,index_terminal_visible,20000,75,112,163,46605,0,0
time,3,adaptive,updates_16,index_reactivate,20000,135,175,235,11906,0,0
time,3,adaptive,prices_32,summary_first,20000,49,61,72,13650,0,0
time,3,adaptive,prices_32,summary_last,20000,54,62,70,12137,0,0
time,3,adaptive,prices_32,summary_miss,20000,46,54,69,11753,0,0
time,3,adaptive,prices_32,summary_random,20000,82,107,124,15776,0,0
time,3,adaptive,prices_32,best,20000,34,49,59,138,0,0
time,3,adaptive,prices_32,sorted_range8,2000,59,63,93,12713,0,0
time,3,adaptive,prices_32,orders_at,2000,56,94,113,140,0,0
time,3,adaptive,prices_32,batch64_summary,2000,3043,3350,16207,24496,0,0
time,3,adaptive,updates_32,index_fill_visible,20000,68,94,128,3559,0,0
time,3,adaptive,updates_32,index_replace_submit,20000,112,181,270,117885,0,0
time,3,adaptive,updates_32,index_replace_ack_visible,20000,115,177,261,29312,0,0
time,3,adaptive,updates_32,index_cancel_submit,20000,67,92,118,11709,0,0
time,3,adaptive,updates_32,index_terminal_visible,20000,76,124,187,19896,0,0
time,3,adaptive,updates_32,index_reactivate,20000,133,192,292,524680,0,0
time,3,adaptive,prices_128,summary_first,20000,49,62,91,15932,0,0
time,3,adaptive,prices_128,summary_last,20000,57,65,94,21529,0,0
time,3,adaptive,prices_128,summary_miss,20000,48,57,95,15527,0,0
time,3,adaptive,prices_128,summary_random,20000,95,128,171,16128,0,0
time,3,adaptive,prices_128,best,20000,34,42,59,17233,0,0
time,3,adaptive,prices_128,sorted_range8,2000,60,94,265,16499,0,0
time,3,adaptive,prices_128,orders_at,2000,74,122,144,270,0,0
time,3,adaptive,updates_128,index_fill_visible,20000,71,96,152,14582,0,0
time,3,adaptive,updates_128,index_replace_submit,20000,133,235,310,21237,0,0
time,3,adaptive,updates_128,index_replace_ack_visible,20000,129,226,307,40959,0,0
time,3,adaptive,updates_128,index_cancel_submit,20000,68,92,115,155750,0,0
time,3,adaptive,updates_128,index_terminal_visible,20000,87,157,207,19025,0,0
time,3,adaptive,updates_128,index_reactivate,20000,150,284,383,25617,0,0
time,3,adaptive,prices_1024,summary_first,4000,52,66,91,12284,0,0
time,3,adaptive,prices_1024,summary_last,4000,61,107,158,369,0,0
time,3,adaptive,prices_1024,summary_miss,4000,51,55,69,133,0,0
time,3,adaptive,prices_1024,summary_random,4000,120,169,217,24613,0,0
time,3,adaptive,prices_1024,best,4000,34,41,43,47,0,0
time,3,adaptive,prices_1024,sorted_range8,2000,62,72,104,189,0,0
time,3,adaptive,prices_1024,orders_at,2000,113,159,222,13855,0,0
time,3,adaptive,updates_1024,index_fill_visible,4000,71,186,348,433,0,0
time,3,adaptive,updates_1024,index_replace_submit,4000,244,374,4410,125968,0,0
time,3,adaptive,updates_1024,index_replace_ack_visible,4000,296,525,753,12559,0,0
time,3,adaptive,updates_1024,index_cancel_submit,4000,70,102,180,12459,0,0
time,3,adaptive,updates_1024,index_terminal_visible,4000,205,416,613,3887,0,0
time,3,adaptive,updates_1024,index_reactivate,4000,304,511,789,5132,0,0
time,3,adaptive,prices_4096,summary_first,4000,55,68,85,178,0,0
time,3,adaptive,prices_4096,summary_last,4000,62,89,114,17045,0,0
time,3,adaptive,prices_4096,summary_miss,4000,47,50,89,1127,0,0
time,3,adaptive,prices_4096,summary_random,4000,128,361,537,3757,0,0
time,3,adaptive,prices_4096,best,4000,34,39,50,85,0,0
time,3,adaptive,prices_4096,sorted_range8,2000,64,73,124,262,0,0
time,3,adaptive,prices_4096,orders_at,2000,125,332,465,13962,0,0
time,3,adaptive,updates_4096,index_fill_visible,4000,72,193,304,406,0,0
time,3,adaptive,updates_4096,index_replace_submit,4000,246,338,2203,5774,0,0
time,3,adaptive,updates_4096,index_replace_ack_visible,4000,243,494,2169,23616,0,0
time,3,adaptive,updates_4096,index_cancel_submit,4000,70,87,105,4424,0,0
time,3,adaptive,updates_4096,index_terminal_visible,4000,199,355,824,19896,0,0
time,3,adaptive,updates_4096,index_reactivate,4000,294,399,2203,13614,0,0
time,3,adaptive,crowded_32,summary_first,4000,48,49,58,175,0,0
time,3,adaptive,crowded_32,summary_last,4000,48,50,52,80,0,0
time,3,adaptive,crowded_32,summary_miss,4000,40,42,52,88,0,0
time,3,adaptive,crowded_32,summary_random,4000,50,51,52,71,0,0
time,3,adaptive,crowded_32,best,4000,34,36,50,3237,0,0
time,3,adaptive,crowded_32,sorted_range8,2000,43,45,185,12608,0,0
time,3,adaptive,crowded_32,orders_at,2000,189,207,234,268,0,0
time,3,adaptive,crowded_32,batch64_summary,2000,550,1016,4525,38947,0,0
time,3,adaptive,crowded_4096,summary_first,4000,66,80,138,3964,0,0
time,3,adaptive,crowded_4096,summary_last,4000,49,65,78,3588,0,0
time,3,adaptive,crowded_4096,summary_miss,4000,46,85,88,193,0,0
time,3,adaptive,crowded_4096,summary_random,4000,50,63,90,6471,0,0
time,3,adaptive,crowded_4096,best,4000,34,57,71,8292,0,0
time,3,adaptive,crowded_4096,sorted_range8,2000,44,66,105,3260,0,0
time,3,adaptive,crowded_4096,orders_at,2000,24227,38935,47134,189981,0,0
time,3,adaptive,reprice_random_8,index_replace_submit,20000,109,175,241,12063,0,0
time,3,adaptive,reprice_random_8,index_replace_ack_visible,20000,134,198,278,35192,0,0
time,3,adaptive,reprice_random_32,index_replace_submit,20000,138,219,287,22219,0,0
time,3,adaptive,reprice_random_32,index_replace_ack_visible,20000,177,256,342,20397,0,0
time,3,adaptive,reprice_random_128,index_replace_submit,20000,165,237,353,21552,0,0
time,3,adaptive,reprice_random_128,index_replace_ack_visible,20000,208,259,308,36778,0,0
time,3,adaptive,reprice_random_1024,index_replace_submit,4000,292,492,1127,125012,0,0
time,3,adaptive,reprice_random_1024,index_replace_ack_visible,4000,358,572,4101,20500,0,0
time,3,adaptive,reprice_random_4096,index_replace_submit,4000,340,659,6410,49025,0,0
time,3,adaptive,reprice_random_4096,index_replace_ack_visible,4000,409,689,3856,22540,0,0
time,3,adaptive,mixed_4_q0,fill_plus_queries,20000,68,85,102,15062,0,0
time,3,adaptive,mixed_4_q1,fill_plus_queries,20000,92,123,176,47920,0,0
time,3,adaptive,mixed_4_q4,fill_plus_queries,20000,173,210,251,35877,0,0
time,3,adaptive,mixed_4_q16,fill_plus_queries,20000,504,752,4404,34255,0,0
time,3,adaptive,mixed_32_q0,fill_plus_queries,20000,73,136,218,61076,0,0
time,3,adaptive,mixed_32_q1,fill_plus_queries,20000,124,227,375,52572,0,0
time,3,adaptive,mixed_32_q4,fill_plus_queries,20000,234,338,724,33710,0,0
time,3,adaptive,mixed_32_q16,fill_plus_queries,20000,710,1005,21651,1052419,0,0
time,3,adaptive,mixed_128_q0,fill_plus_queries,20000,68,92,3099,33277,0,0
time,3,adaptive,mixed_128_q1,fill_plus_queries,20000,123,211,3389,551708,0,0
time,3,adaptive,mixed_128_q4,fill_plus_queries,20000,277,381,3467,31567,0,0
time,3,adaptive,mixed_128_q16,fill_plus_queries,20000,898,3780,27884,251920,0,0
time,3,adaptive,mixed_4096_q0,fill_plus_queries,4000,80,311,3592,3912,0,0
time,3,adaptive,mixed_4096_q1,fill_plus_queries,4000,179,621,4265,4080472,0,0
time,3,adaptive,mixed_4096_q4,fill_plus_queries,4000,395,3356,4296,50453,0,0
time,3,adaptive,mixed_4096_q16,fill_plus_queries,4000,1242,4690,23704,51167,0,0
time,3,adaptive,growth,new_order_price,20000,345,4788,15271,154289,0,0
time,3,adaptive,growth,first32_subset,32,304,4283,4283,6163,0,0
time,3,adaptive,growth,last_quarter_subset,5000,373,5860,17986,154289,0,0
time,3,adaptive,growth,every64_subset,313,5119,17709,57790,142566,0,0
time,3,adaptive,4096books_4near_2far,summary_random,20000,177,576,3440,166728,0,0
time,3,adaptive,prototype_4,intent_to_command,20000,108,203,2983,13565,0,0
time,3,adaptive,prototype_4,queued_intent,20000,46,61,94,16831,0,0
time,3,adaptive,prototype_4,report_visible,20000,121,258,3037,66107,0,0
time,3,adaptive,prototype_4,ready_to_command,20000,120,258,3017,42323,0,0
time,3,adaptive,prototype_32,intent_to_command,20000,115,227,3241,30889,0,0
time,3,adaptive,prototype_32,queued_intent,20000,46,64,89,6328,0,0
time,3,adaptive,prototype_32,report_visible,20000,132,283,3293,17556,0,0
time,3,adaptive,prototype_32,ready_to_command,20000,126,276,3376,23948,0,0
time,3,adaptive,prototype_128,intent_to_command,20000,134,228,3366,174774,0,0
time,3,adaptive,prototype_128,queued_intent,20000,46,66,75,3107,0,0
time,3,adaptive,prototype_128,report_visible,20000,155,293,3393,16122,0,0
time,3,adaptive,prototype_128,ready_to_command,20000,154,297,3380,30539,0,0
time,3,absl_btree,prices_4,summary_first,20000,46,58,95,15037,0,0
time,3,absl_btree,prices_4,summary_last,20000,45,58,91,11190,0,0
time,3,absl_btree,prices_4,summary_miss,20000,40,52,76,13511,0,0
time,3,absl_btree,prices_4,summary_random,20000,58,80,125,24507,0,0
time,3,absl_btree,prices_4,best,20000,34,56,69,13107,0,0
time,3,absl_btree,prices_4,sorted_range8,2000,48,78,116,2671,0,0
time,3,absl_btree,prices_4,orders_at,2000,48,73,154,4259,0,0
time,3,absl_btree,prices_4,batch64_summary,2000,1570,2051,14617,30006,0,0
time,3,absl_btree,updates_4,index_fill_visible,20000,67,168,378,23233,0,0
time,3,absl_btree,updates_4,index_replace_submit,20000,112,198,2860,23559,0,0
time,3,absl_btree,updates_4,index_replace_ack_visible,20000,144,253,2958,28672,0,0
time,3,absl_btree,updates_4,index_cancel_submit,20000,67,108,258,18560,0,0
time,3,absl_btree,updates_4,index_terminal_visible,20000,108,198,2904,43695,0,0
time,3,absl_btree,updates_4,index_reactivate,20000,125,217,2884,14320,0,0
time,3,absl_btree,prices_8,summary_first,20000,46,52,136,29772,0,0
time,3,absl_btree,prices_8,summary_last,20000,47,56,2455,21616,0,0
time,3,absl_btree,prices_8,summary_miss,20000,40,46,106,16177,0,0
time,3,absl_btree,prices_8,summary_random,20000,60,80,134,38851,0,0
time,3,absl_btree,prices_8,best,20000,34,48,90,13541,0,0
time,3,absl_btree,prices_8,sorted_range8,2000,58,110,2809,20302,0,0
time,3,absl_btree,prices_8,orders_at,2000,48,78,169,4047,0,0
time,3,absl_btree,prices_8,batch64_summary,2000,1801,4642,563432,756595,0,0
time,3,absl_btree,updates_8,index_fill_visible,20000,67,139,2752,162497,0,0
time,3,absl_btree,updates_8,index_replace_submit,20000,113,215,2817,19862,0,0
time,3,absl_btree,updates_8,index_replace_ack_visible,20000,150,280,3190,33045,0,0
time,3,absl_btree,updates_8,index_cancel_submit,20000,67,124,213,24055,0,0
time,3,absl_btree,updates_8,index_terminal_visible,20000,112,217,3074,37985,0,0
time,3,absl_btree,updates_8,index_reactivate,20000,127,226,3025,55556,0,0
time,3,absl_btree,prices_16,summary_first,20000,48,58,84,15558,0,0
time,3,absl_btree,prices_16,summary_last,20000,50,61,205,15103,0,0
time,3,absl_btree,prices_16,summary_miss,20000,42,51,70,2970,0,0
time,3,absl_btree,prices_16,summary_random,20000,65,91,116,14016,0,0
time,3,absl_btree,prices_16,best,20000,34,48,78,21092,0,0
time,3,absl_btree,prices_16,sorted_range8,2000,59,87,305,2718,0,0
time,3,absl_btree,prices_16,orders_at,2000,52,92,152,2763,0,0
time,3,absl_btree,prices_16,batch64_summary,2000,2298,4993,16743,23382,0,0
time,3,absl_btree,updates_16,index_fill_visible,20000,67,131,265,11405,0,0
time,3,absl_btree,updates_16,index_replace_submit,20000,120,237,355,39256,0,0
time,3,absl_btree,updates_16,index_replace_ack_visible,20000,157,286,463,20784,0,0
time,3,absl_btree,updates_16,index_cancel_submit,20000,67,112,171,23575,0,0
time,3,absl_btree,updates_16,index_terminal_visible,20000,119,226,366,25285,0,0
time,3,absl_btree,updates_16,index_reactivate,20000,135,237,391,37971,0,0
time,3,absl_btree,prices_32,summary_first,20000,48,65,101,14765,0,0
time,3,absl_btree,prices_32,summary_last,20000,52,72,150,65979,0,0
time,3,absl_btree,prices_32,summary_miss,20000,42,57,87,3390,0,0
time,3,absl_btree,prices_32,summary_random,20000,73,113,164,24181,0,0
time,3,absl_btree,prices_32,best,20000,34,56,79,8273,0,0
time,3,absl_btree,prices_32,sorted_range8,2000,59,64,113,175,0,0
time,3,absl_btree,prices_32,orders_at,2000,51,93,120,169,0,0
time,3,absl_btree,prices_32,batch64_summary,2000,2559,6508,47855,61570,0,0
time,3,absl_btree,updates_32,index_fill_visible,20000,67,109,179,13108,0,0
time,3,absl_btree,updates_32,index_replace_submit,20000,140,269,392,22405,0,0
time,3,absl_btree,updates_32,index_replace_ack_visible,20000,178,318,474,144146,0,0
time,3,absl_btree,updates_32,index_cancel_submit,20000,67,108,143,29605,0,0
time,3,absl_btree,updates_32,index_terminal_visible,20000,130,256,364,29056,0,0
time,3,absl_btree,updates_32,index_reactivate,20000,151,258,368,39313,0,0
time,3,absl_btree,prices_128,summary_first,20000,51,59,87,13004,0,0
time,3,absl_btree,prices_128,summary_last,20000,56,66,103,20760,0,0
time,3,absl_btree,prices_128,summary_miss,20000,44,53,74,15916,0,0
time,3,absl_btree,prices_128,summary_random,20000,80,111,161,28798,0,0
time,3,absl_btree,prices_128,best,20000,34,43,55,228,0,0
time,3,absl_btree,prices_128,sorted_range8,2000,61,107,144,280,0,0
time,3,absl_btree,prices_128,orders_at,2000,58,120,171,247,0,0
time,3,absl_btree,updates_128,index_fill_visible,20000,71,103,170,22543,0,0
time,3,absl_btree,updates_128,index_replace_submit,20000,206,307,3146,35226,0,0
time,3,absl_btree,updates_128,index_replace_ack_visible,20000,275,423,3421,34434,0,0
time,3,absl_btree,updates_128,index_cancel_submit,20000,67,91,122,19721,0,0
time,3,absl_btree,updates_128,index_terminal_visible,20000,196,313,800,20187,0,0
time,3,absl_btree,updates_128,index_reactivate,20000,250,376,3391,18802,0,0
time,3,absl_btree,prices_1024,summary_first,4000,51,74,201,25020,0,0
time,3,absl_btree,prices_1024,summary_last,4000,54,85,189,57923,0,0
time,3,absl_btree,prices_1024,summary_miss,4000,45,63,196,3100,0,0
time,3,absl_btree,prices_1024,summary_random,4000,104,198,431,3306,0,0
time,3,absl_btree,prices_1024,best,4000,34,60,133,2844,0,0
time,3,absl_btree,prices_1024,sorted_range8,2000,61,108,232,3146,0,0
time,3,absl_btree,prices_1024,orders_at,2000,100,190,2925,18597,0,0
time,3,absl_btree,updates_1024,index_fill_visible,4000,70,177,371,3284,0,0
time,3,absl_btree,updates_1024,index_replace_submit,4000,237,397,4668,27872,0,0
time,3,absl_btree,updates_1024,index_replace_ack_visible,4000,296,553,1212,4474,0,0
time,3,absl_btree,updates_1024,index_cancel_submit,4000,67,112,194,3241,0,0
time,3,absl_btree,updates_1024,index_terminal_visible,4000,209,457,3648,19695,0,0
time,3,absl_btree,updates_1024,index_reactivate,4000,282,509,929,20138,0,0
time,3,absl_btree,prices_4096,summary_first,4000,53,60,86,3129,0,0
time,3,absl_btree,prices_4096,summary_last,4000,61,75,129,3520,0,0
time,3,absl_btree,prices_4096,summary_miss,4000,47,61,100,265,0,0
time,3,absl_btree,prices_4096,summary_random,4000,130,390,539,5740,0,0
time,3,absl_btree,prices_4096,best,4000,34,41,63,156,0,0
time,3,absl_btree,prices_4096,sorted_range8,2000,64,100,339,4662,0,0
time,3,absl_btree,prices_4096,orders_at,2000,129,378,495,512,0,0
time,3,absl_btree,updates_4096,index_fill_visible,4000,71,212,341,490,0,0
time,3,absl_btree,updates_4096,index_replace_submit,4000,246,376,4612,29870,0,0
time,3,absl_btree,updates_4096,index_replace_ack_visible,4000,255,521,725,4935,0,0
time,3,absl_btree,updates_4096,index_cancel_submit,4000,67,99,130,278,0,0
time,3,absl_btree,updates_4096,index_terminal_visible,4000,210,367,3607,16567,0,0
time,3,absl_btree,updates_4096,index_reactivate,4000,279,410,545,24979,0,0
time,3,absl_btree,crowded_32,summary_first,4000,46,57,70,127,0,0
time,3,absl_btree,crowded_32,summary_last,4000,46,57,91,239,0,0
time,3,absl_btree,crowded_32,summary_miss,4000,40,51,101,22497,0,0
time,3,absl_btree,crowded_32,summary_random,4000,48,58,69,15852,0,0
time,3,absl_btree,crowded_32,best,4000,34,45,70,3656,0,0
time,3,absl_btree,crowded_32,sorted_range8,2000,42,60,69,217,0,0
time,3,absl_btree,crowded_32,orders_at,2000,187,208,312,381,0,0
time,3,absl_btree,crowded_32,batch64_summary,2000,516,981,4030,19848,0,0
time,3,absl_btree,crowded_4096,summary_first,4000,62,87,111,3014,0,0
time,3,absl_btree,crowded_4096,summary_last,4000,46,72,91,216,0,0
time,3,absl_btree,crowded_4096,summary_miss,4000,40,71,82,16952,0,0
time,3,absl_btree,crowded_4096,summary_random,4000,48,62,83,11083,0,0
time,3,absl_btree,crowded_4096,best,4000,34,51,68,3115,0,0
time,3,absl_btree,crowded_4096,sorted_range8,2000,42,75,87,131,0,0
time,3,absl_btree,crowded_4096,orders_at,2000,24220,46040,75574,83078,0,0
time,3,absl_btree,reprice_random_8,index_replace_submit,20000,122,174,273,45611,0,0
time,3,absl_btree,reprice_random_8,index_replace_ack_visible,20000,172,240,379,25923,0,0
time,3,absl_btree,reprice_random_32,index_replace_submit,20000,167,277,381,17168,0,0
time,3,absl_btree,reprice_random_32,index_replace_ack_visible,20000,250,378,971,36803,0,0
time,3,absl_btree,reprice_random_128,index_replace_submit,20000,209,359,3312,31965,0,0
time,3,absl_btree,reprice_random_128,index_replace_ack_visible,20000,302,485,3859,59903,0,0
time,3,absl_btree,reprice_random_1024,index_replace_submit,4000,295,478,3527,16604,0,0
time,3,absl_btree,reprice_random_1024,index_replace_ack_visible,4000,363,583,4099,24150,0,0
time,3,absl_btree,reprice_random_4096,index_replace_submit,4000,344,640,2896,5028,0,0
time,3,absl_btree,reprice_random_4096,index_replace_ack_visible,4000,417,692,13726,27388,0,0
time,3,absl_btree,mixed_4_q0,fill_plus_queries,20000,68,76,93,13933,0,0
time,3,absl_btree,mixed_4_q1,fill_plus_queries,20000,89,106,125,24543,0,0
time,3,absl_btree,mixed_4_q4,fill_plus_queries,20000,165,237,396,42637,0,0
time,3,absl_btree,mixed_4_q16,fill_plus_queries,20000,474,652,3819,25487,0,0
time,3,absl_btree,mixed_32_q0,fill_plus_queries,20000,67,84,108,17108,0,0
time,3,absl_btree,mixed_32_q1,fill_plus_queries,20000,102,127,190,12080,0,0
time,3,absl_btree,mixed_32_q4,fill_plus_queries,20000,223,276,414,19782,0,0
time,3,absl_btree,mixed_32_q16,fill_plus_queries,20000,672,850,4656,58547,0,0
time,3,absl_btree,mixed_128_q0,fill_plus_queries,20000,67,85,124,15072,0,0
time,3,absl_btree,mixed_128_q1,fill_plus_queries,20000,109,169,346,21079,0,0
time,3,absl_btree,mixed_128_q4,fill_plus_queries,20000,245,300,536,14419,0,0
time,3,absl_btree,mixed_128_q16,fill_plus_queries,20000,771,3313,18331,110509,0,0
time,3,absl_btree,mixed_4096_q0,fill_plus_queries,4000,68,260,2941,28684,0,0
time,3,absl_btree,mixed_4096_q1,fill_plus_queries,4000,172,321,16994,39035,0,0
time,3,absl_btree,mixed_4096_q4,fill_plus_queries,4000,386,660,6187,34759,0,0
time,3,absl_btree,mixed_4096_q16,fill_plus_queries,4000,1232,4220,18006,40767,0,0
time,3,absl_btree,growth,new_order_price,20000,350,3997,7692,77258,0,0
time,3,absl_btree,growth,first32_subset,32,293,706,706,4589,0,0
time,3,absl_btree,growth,last_quarter_subset,5000,370,5373,8160,48744,0,0
time,3,absl_btree,growth,every64_subset,313,4589,16034,34192,48744,0,0
time,3,absl_btree,4096books_4near_2far,summary_random,20000,111,462,829,18725,0,0
time,3,absl_btree,prototype_4,intent_to_command,20000,123,206,341,64312,0,0
time,3,absl_btree,prototype_4,queued_intent,20000,46,61,91,23965,0,0
time,3,absl_btree,prototype_4,report_visible,20000,159,290,1878,20077,0,0
time,3,absl_btree,prototype_4,ready_to_command,20000,133,244,399,24491,0,0
time,3,absl_btree,prototype_32,intent_to_command,20000,137,290,446,37055,0,0
time,3,absl_btree,prototype_32,queued_intent,20000,46,66,81,216,0,0
time,3,absl_btree,prototype_32,report_visible,20000,189,423,3321,23479,0,0
time,3,absl_btree,prototype_32,ready_to_command,20000,151,356,495,44380,0,0
time,3,absl_btree,prototype_128,intent_to_command,20000,222,398,487,44600,0,0
time,3,absl_btree,prototype_128,queued_intent,20000,47,69,88,19773,0,0
time,3,absl_btree,prototype_128,report_visible,20000,334,619,4951,44844,0,0
time,3,absl_btree,prototype_128,ready_to_command,20000,259,492,665,57267,0,0
time,3,linear_prices,prices_4,summary_first,20000,46,57,69,38125,0,0
time,3,linear_prices,prices_4,summary_last,20000,45,57,78,4994,0,0
time,3,linear_prices,prices_4,summary_miss,20000,39,51,67,3439,0,0
time,3,linear_prices,prices_4,summary_random,20000,55,72,103,19004,0,0
time,3,linear_prices,prices_4,best,20000,34,50,61,12675,0,0
time,3,linear_prices,prices_4,sorted_range8,2000,77,94,207,3225,0,0
time,3,linear_prices,prices_4,orders_at,2000,55,75,123,3347,0,0
time,3,linear_prices,prices_4,batch64_summary,2000,1387,1766,17618,28006,0,0
time,3,linear_prices,updates_4,index_fill_visible,20000,67,167,331,22563,0,0
time,3,linear_prices,updates_4,index_replace_submit,20000,90,150,238,14642,0,0
time,3,linear_prices,updates_4,index_replace_ack_visible,20000,126,191,321,33872,0,0
time,3,linear_prices,updates_4,index_cancel_submit,20000,67,106,209,19289,0,0
time,3,linear_prices,updates_4,index_terminal_visible,20000,88,133,214,29975,0,0
time,3,linear_prices,updates_4,index_reactivate,20000,107,156,296,37649,0,0
time,3,linear_prices,prices_8,summary_first,20000,46,62,87,19955,0,0
time,3,linear_prices,prices_8,summary_last,20000,45,65,85,227,0,0
time,3,linear_prices,prices_8,summary_miss,20000,43,60,83,238,0,0
time,3,linear_prices,prices_8,summary_random,20000,56,84,121,7554,0,0
time,3,linear_prices,prices_8,best,20000,35,57,78,25857,0,0
time,3,linear_prices,prices_8,sorted_range8,2000,118,226,458,22597,0,0
time,3,linear_prices,prices_8,orders_at,2000,48,67,158,226,0,0
time,3,linear_prices,prices_8,batch64_summary,2000,1573,2353,16883,24521,0,0
time,3,linear_prices,updates_8,index_fill_visible,20000,66,114,263,42129,0,0
time,3,linear_prices,updates_8,index_replace_submit,20000,90,145,216,22517,0,0
time,3,linear_prices,updates_8,index_replace_ack_visible,20000,132,193,302,21650,0,0
time,3,linear_prices,updates_8,index_cancel_submit,20000,66,99,140,49653,0,0
time,3,linear_prices,updates_8,index_terminal_visible,20000,96,135,192,27755,0,0
time,3,linear_prices,updates_8,index_reactivate,20000,109,147,223,16603,0,0
time,3,linear_prices,prices_16,summary_first,20000,45,47,53,18348,0,0
time,3,linear_prices,prices_16,summary_last,20000,50,58,74,3319,0,0
time,3,linear_prices,prices_16,summary_miss,20000,48,50,67,11109,0,0
time,3,linear_prices,prices_16,summary_random,20000,57,75,86,3536,0,0
time,3,linear_prices,prices_16,best,20000,34,43,57,11196,0,0
time,3,linear_prices,prices_16,sorted_range8,2000,193,209,537,14140,0,0
time,3,linear_prices,prices_16,orders_at,2000,58,78,109,780,0,0
time,3,linear_prices,prices_16,batch64_summary,2000,1822,4438,19621,69904,0,0
time,3,linear_prices,updates_16,index_fill_visible,20000,67,142,293,5307,0,0
time,3,linear_prices,updates_16,index_replace_submit,20000,95,171,258,31543,0,0
time,3,linear_prices,updates_16,index_replace_ack_visible,20000,163,247,411,25748,0,0
time,3,linear_prices,updates_16,index_cancel_submit,20000,67,110,182,28756,0,0
time,3,linear_prices,updates_16,index_terminal_visible,20000,114,169,278,15086,0,0
time,3,linear_prices,updates_16,index_reactivate,20000,120,188,297,33358,0,0
time,3,linear_prices,prices_32,summary_first,20000,45,59,88,13385,0,0
time,3,linear_prices,prices_32,summary_last,20000,60,76,104,6256,0,0
time,3,linear_prices,prices_32,summary_miss,20000,59,72,94,23416,0,0
time,3,linear_prices,prices_32,summary_random,20000,65,91,133,3987,0,0
time,3,linear_prices,prices_32,best,20000,34,51,71,14633,0,0
time,3,linear_prices,prices_32,sorted_range8,2000,348,359,13933,40099,0,0
time,3,linear_prices,prices_32,orders_at,2000,65,91,110,141,0,0
time,3,linear_prices,prices_32,batch64_summary,2000,2240,2556,19721,37520,0,0
time,3,linear_prices,updates_32,index_fill_visible,20000,68,135,255,45767,0,0
time,3,linear_prices,updates_32,index_replace_submit,20000,107,200,321,24013,0,0
time,3,linear_prices,updates_32,index_replace_ack_visible,20000,210,307,419,28134,0,0
time,3,linear_prices,updates_32,index_cancel_submit,20000,67,114,232,35088,0,0
time,3,linear_prices,updates_32,index_terminal_visible,20000,150,220,338,56132,0,0
time,3,linear_prices,updates_32,index_reactivate,20000,137,224,339,20125,0,0
time,3,linear_prices,prices_128,summary_first,20000,45,55,71,20241,0,0
time,3,linear_prices,prices_128,summary_last,20000,89,128,167,21074,0,0
time,3,linear_prices,prices_128,summary_miss,20000,84,124,166,25849,0,0
time,3,linear_prices,prices_128,summary_random,20000,82,133,233,25810,0,0
time,3,linear_prices,prices_128,best,20000,34,52,70,11657,0,0
time,3,linear_prices,prices_128,sorted_range8,2000,1275,2040,14217,60409,0,0
time,3,linear_prices,prices_128,orders_at,2000,84,158,260,283,0,0
time,3,linear_prices,updates_128,index_fill_visible,20000,70,114,237,348759,0,0
time,3,linear_prices,updates_128,index_replace_submit,20000,167,319,419,38247,0,0
time,3,linear_prices,updates_128,index_replace_ack_visible,20000,443,617,3713,21318,0,0
time,3,linear_prices,updates_128,index_cancel_submit,20000,66,105,166,20866,0,0
time,3,linear_prices,updates_128,index_terminal_visible,20000,371,490,3398,22174,0,0
time,3,linear_prices,updates_128,index_reactivate,20000,245,407,524,79052,0,0
time,3,linear_prices,prices_1024,summary_first,4000,45,71,117,287,0,0
time,3,linear_prices,prices_1024,summary_last,4000,420,761,4334,17834,0,0
time,3,linear_prices,prices_1024,summary_miss,4000,424,754,3976,17869,0,0
time,3,linear_prices,prices_1024,summary_random,4000,277,692,902,17764,0,0
time,3,linear_prices,prices_1024,best,4000,34,72,81,86,0,0
time,3,linear_prices,prices_1024,sorted_range8,2000,10101,28637,64053,1137045,0,0
time,3,linear_prices,prices_1024,orders_at,2000,309,772,969,18034,0,0
time,3,linear_prices,updates_1024,index_fill_visible,4000,72,180,317,3225,0,0
time,3,linear_prices,updates_1024,index_replace_submit,4000,822,1516,12416,63075,0,0
time,3,linear_prices,updates_1024,index_replace_ack_visible,4000,2596,5741,18904,40700,0,0
time,3,linear_prices,updates_1024,index_cancel_submit,4000,66,118,176,206,0,0
time,3,linear_prices,updates_1024,index_terminal_visible,4000,2369,3046,20907,34478,0,0
time,3,linear_prices,updates_1024,index_reactivate,4000,1198,2182,5592,17294,0,0
time,3,linear_prices,prices_4096,summary_first,4000,57,84,154,264,0,0
time,3,linear_prices,prices_4096,summary_last,4000,1503,2771,20581,34559,0,0
time,3,linear_prices,prices_4096,summary_miss,4000,1509,2734,16836,32892,0,0
time,3,linear_prices,prices_4096,summary_random,4000,889,2367,14046,30659,0,0
time,3,linear_prices,prices_4096,best,4000,46,65,90,97,0,0
time,3,linear_prices,prices_4096,sorted_range8,2000,39863,86586,176931,407346,0,0
time,3,linear_prices,prices_4096,orders_at,2000,965,2577,16000,247001,0,0
time,3,linear_prices,updates_4096,index_fill_visible,4000,86,503,773,894,0,0
time,3,linear_prices,updates_4096,index_replace_submit,4000,2994,6320,33159,200668,0,0
time,3,linear_prices,updates_4096,index_replace_ack_visible,4000,10082,22727,70392,1166361,0,0
time,3,linear_prices,updates_4096,index_cancel_submit,4000,88,158,228,497,0,0
time,3,linear_prices,updates_4096,index_terminal_visible,4000,9261,22179,41560,192349,0,0
time,3,linear_prices,updates_4096,index_reactivate,4000,4491,8118,27425,345198,0,0
time,3,linear_prices,crowded_32,summary_first,4000,46,62,104,261,0,0
time,3,linear_prices,crowded_32,summary_last,4000,46,60,80,270,0,0
time,3,linear_prices,crowded_32,summary_miss,4000,38,59,134,12388,0,0
time,3,linear_prices,crowded_32,summary_random,4000,48,62,81,212,0,0
time,3,linear_prices,crowded_32,best,4000,34,53,67,198,0,0
time,3,linear_prices,crowded_32,sorted_range8,2000,41,69,93,201,0,0
time,3,linear_prices,crowded_32,orders_at,2000,187,249,383,35062,0,0
time,3,linear_prices,crowded_32,batch64_summary,2000,425,738,3758,21251,0,0
time,3,linear_prices,crowded_4096,summary_first,4000,68,114,186,11805,0,0
time,3,linear_prices,crowded_4096,summary_last,4000,45,63,79,94,0,0
time,3,linear_prices,crowded_4096,summary_miss,4000,38,59,94,17116,0,0
time,3,linear_prices,crowded_4096,summary_random,4000,47,59,86,13688,0,0
time,3,linear_prices,crowded_4096,best,4000,34,58,74,86,0,0
time,3,linear_prices,crowded_4096,sorted_range8,2000,42,73,119,21429,0,0
time,3,linear_prices,crowded_4096,orders_at,2000,24278,43578,144878,218213,0,0
time,3,linear_prices,reprice_random_8,index_replace_submit,20000,90,135,363,41447,0,0
time,3,linear_prices,reprice_random_8,index_replace_ack_visible,20000,131,181,401,27674,0,0
time,3,linear_prices,reprice_random_32,index_replace_submit,20000,100,160,303,15360,0,0
time,3,linear_prices,reprice_random_32,index_replace_ack_visible,20000,195,253,3022,29111,0,0
time,3,linear_prices,reprice_random_128,index_replace_submit,20000,167,289,380,19815,0,0
time,3,linear_prices,reprice_random_128,index_replace_ack_visible,20000,434,556,3821,23741,0,0
time,3,linear_prices,reprice_random_1024,index_replace_submit,4000,831,1540,13094,20533,0,0
time,3,linear_prices,reprice_random_1024,index_replace_ack_visible,4000,2632,4021,21492,35966,0,0
time,3,linear_prices,reprice_random_4096,index_replace_submit,4000,3080,5719,56901,618383,0,0
time,3,linear_prices,reprice_random_4096,index_replace_ack_visible,4000,10145,22528,52367,295448,0,0
time,3,linear_prices,mixed_4_q0,fill_plus_queries,20000,67,83,171,13246,0,0
time,3,linear_prices,mixed_4_q1,fill_plus_queries,20000,84,101,126,23843,0,0
time,3,linear_prices,mixed_4_q4,fill_plus_queries,20000,145,180,377,33316,0,0
time,3,linear_prices,mixed_4_q16,fill_plus_queries,20000,394,531,3726,310264,0,0
time,3,linear_prices,mixed_32_q0,fill_plus_queries,20000,67,84,140,30304,0,0
time,3,linear_prices,mixed_32_q1,fill_plus_queries,20000,92,154,277,27825,0,0
time,3,linear_prices,mixed_32_q4,fill_plus_queries,20000,193,272,2961,62992,0,0
time,3,linear_prices,mixed_32_q16,fill_plus_queries,20000,572,765,4878,60313,0,0
time,3,linear_prices,mixed_128_q0,fill_plus_queries,20000,68,101,149,17359,0,0
time,3,linear_prices,mixed_128_q1,fill_plus_queries,20000,116,212,270,34759,0,0
time,3,linear_prices,mixed_128_q4,fill_plus_queries,20000,278,424,3926,145733,0,0
time,3,linear_prices,mixed_128_q16,fill_plus_queries,20000,913,3655,16498,349841,0,0
time,3,linear_prices,mixed_4096_q0,fill_plus_queries,4000,67,226,436,13589,0,0
time,3,linear_prices,mixed_4096_q1,fill_plus_queries,4000,1037,4137,18822,158434,0,0
time,3,linear_prices,mixed_4096_q4,fill_plus_queries,4000,3719,6715,20180,39803,0,0
time,3,linear_prices,mixed_4096_q16,fill_plus_queries,4000,14755,33419,104219,337221,0,0
time,3,linear_prices,growth,new_order_price,20000,11096,30865,92012,695038,0,0
time,3,linear_prices,growth,first32_subset,32,222,543,543,6603,0,0
time,3,linear_prices,growth,last_quarter_subset,5000,18914,39015,127698,695038,0,0
time,3,linear_prices,growth,every64_subset,313,16716,39471,77039,196964,0,0
time,3,linear_prices,4096books_4near_2far,summary_random,20000,115,675,1052,28105,0,0
time,3,linear_prices,prototype_4,intent_to_command,20000,102,169,247,24810,0,0
time,3,linear_prices,prototype_4,queued_intent,20000,46,62,153,12083,0,0
time,3,linear_prices,prototype_4,report_visible,20000,134,250,398,31550,0,0
time,3,linear_prices,prototype_4,ready_to_command,20000,112,227,410,28318,0,0
time,3,linear_prices,prototype_32,intent_to_command,20000,113,181,247,12473,0,0
time,3,linear_prices,prototype_32,queued_intent,20000,46,55,75,22343,0,0
time,3,linear_prices,prototype_32,report_visible,20000,220,302,487,229356,0,0
time,3,linear_prices,prototype_32,ready_to_command,20000,124,217,310,16313,0,0
time,3,linear_prices,prototype_128,intent_to_command,20000,186,357,586,31229,0,0
time,3,linear_prices,prototype_128,queued_intent,20000,46,68,143,14156,0,0
time,3,linear_prices,prototype_128,report_visible,20000,475,698,4166,22939,0,0
time,3,linear_prices,prototype_128,ready_to_command,20000,204,392,548,24841,0,0
time,3,linear_orders,prices_4,summary_first,20000,46,71,143,13135,0,0
time,3,linear_orders,prices_4,summary_last,20000,47,72,104,44211,0,0
time,3,linear_orders,prices_4,summary_miss,20000,45,67,83,13079,0,0
time,3,linear_orders,prices_4,summary_random,20000,62,88,117,15227,0,0
time,3,linear_orders,prices_4,best,20000,40,53,73,19700,0,0
time,3,linear_orders,prices_4,sorted_range8,2000,95,167,275,407,0,0
time,3,linear_orders,prices_4,orders_at,2000,54,79,188,5279,0,0
time,3,linear_orders,prices_4,batch64_summary,2000,1919,2584,19620,30116,0,0
time,3,linear_orders,updates_4,index_fill_visible,20000,45,63,106,12617,0,0
time,3,linear_orders,updates_4,index_replace_submit,20000,46,64,202,14752,0,0
time,3,linear_orders,updates_4,index_replace_ack_visible,20000,45,64,84,4489,0,0
time,3,linear_orders,updates_4,index_cancel_submit,20000,46,65,117,16155,0,0
time,3,linear_orders,updates_4,index_terminal_visible,20000,50,67,120,14102,0,0
time,3,linear_orders,updates_4,index_reactivate,20000,46,79,225,12875,0,0
time,3,linear_orders,prices_8,summary_first,20000,54,83,112,19461,0,0
time,3,linear_orders,prices_8,summary_last,20000,54,82,95,11851,0,0
time,3,linear_orders,prices_8,summary_miss,20000,54,79,94,12447,0,0
time,3,linear_orders,prices_8,summary_random,20000,68,97,130,15572,0,0
time,3,linear_orders,prices_8,best,20000,44,66,83,6701,0,0
time,3,linear_orders,prices_8,sorted_range8,2000,203,410,486,5594,0,0
time,3,linear_orders,prices_8,orders_at,2000,61,95,213,15090,0,0
time,3,linear_orders,prices_8,batch64_summary,2000,2469,3409,18384,38706,0,0
time,3,linear_orders,updates_8,index_fill_visible,20000,45,71,166,11770,0,0
time,3,linear_orders,updates_8,index_replace_submit,20000,46,69,147,12055,0,0
time,3,linear_orders,updates_8,index_replace_ack_visible,20000,45,68,106,3730,0,0
time,3,linear_orders,updates_8,index_cancel_submit,20000,46,68,114,16341,0,0
time,3,linear_orders,updates_8,index_terminal_visible,20000,50,71,120,208,0,0
time,3,linear_orders,updates_8,index_reactivate,20000,46,69,147,43053,0,0
time,3,linear_orders,prices_16,summary_first,20000,62,117,164,24304,0,0
time,3,linear_orders,prices_16,summary_last,20000,63,115,148,16042,0,0
time,3,linear_orders,prices_16,summary_miss,20000,62,111,144,39150,0,0
time,3,linear_orders,prices_16,summary_random,20000,80,130,176,13520,0,0
time,3,linear_orders,prices_16,best,20000,49,81,122,16565,0,0
time,3,linear_orders,prices_16,sorted_range8,2000,358,860,4038,25534,0,0
time,3,linear_orders,prices_16,orders_at,2000,72,135,270,98339,0,0
time,3,linear_orders,prices_16,batch64_summary,2000,3874,13630,23399,34490,0,0
time,3,linear_orders,updates_16,index_fill_visible,20000,45,62,94,19320,0,0
time,3,linear_orders,updates_16,index_replace_submit,20000,46,64,149,3719,0,0
time,3,linear_orders,updates_16,index_replace_ack_visible,20000,45,63,84,11166,0,0
time,3,linear_orders,updates_16,index_cancel_submit,20000,45,63,102,3986,0,0
time,3,linear_orders,updates_16,index_terminal_visible,20000,50,66,100,77666,0,0
time,3,linear_orders,updates_16,index_reactivate,20000,46,65,96,17762,0,0
time,3,linear_orders,prices_32,summary_first,20000,80,141,202,18490,0,0
time,3,linear_orders,prices_32,summary_last,20000,80,136,248,17637,0,0
time,3,linear_orders,prices_32,summary_miss,20000,79,131,191,15820,0,0
time,3,linear_orders,prices_32,summary_random,20000,108,175,255,34285,0,0
time,3,linear_orders,prices_32,best,20000,63,95,143,13090,0,0
time,3,linear_orders,prices_32,sorted_range8,2000,755,783,14226,25250,0,0
time,3,linear_orders,prices_32,orders_at,2000,97,161,240,4177,0,0
time,3,linear_orders,prices_32,batch64_summary,2000,5274,16934,34949,222593,0,0
time,3,linear_orders,updates_32,index_fill_visible,20000,45,61,147,18458,0,0
time,3,linear_orders,updates_32,index_replace_submit,20000,45,62,96,13109,0,0
time,3,linear_orders,updates_32,index_replace_ack_visible,20000,45,62,82,168,0,0
time,3,linear_orders,updates_32,index_cancel_submit,20000,45,60,84,32127,0,0
time,3,linear_orders,updates_32,index_terminal_visible,20000,50,67,117,3437,0,0
time,3,linear_orders,updates_32,index_reactivate,20000,46,63,90,16702,0,0
time,3,linear_orders,prices_128,summary_first,20000,222,454,2831,20119,0,0
time,3,linear_orders,prices_128,summary_last,20000,224,447,713,19405,0,0
time,3,linear_orders,prices_128,summary_miss,20000,226,447,2982,42570,0,0
time,3,linear_orders,prices_128,summary_random,20000,245,465,669,52071,0,0
time,3,linear_orders,prices_128,best,20000,163,276,377,23297,0,0
time,3,linear_orders,prices_128,sorted_range8,2000,2705,6458,20655,27480,0,0
time,3,linear_orders,prices_128,orders_at,2000,229,333,12970,41955,0,0
time,3,linear_orders,updates_128,index_fill_visible,20000,45,68,169,56666,0,0
time,3,linear_orders,updates_128,index_replace_submit,20000,46,67,101,17553,0,0
time,3,linear_orders,updates_128,index_replace_ack_visible,20000,45,69,111,24343,0,0
time,3,linear_orders,updates_128,index_cancel_submit,20000,46,66,91,15227,0,0
time,3,linear_orders,updates_128,index_terminal_visible,20000,50,70,107,4823,0,0
time,3,linear_orders,updates_128,index_reactivate,20000,46,68,102,25445,0,0
time,3,linear_orders,prices_1024,summary_first,4000,1731,3060,14885,35280,0,0
time,3,linear_orders,prices_1024,summary_last,4000,1688,3171,20339,51740,0,0
time,3,linear_orders,prices_1024,summary_miss,4000,1706,3412,20254,63367,0,0
time,3,linear_orders,prices_1024,summary_random,4000,1736,3153,14672,22309,0,0
time,3,linear_orders,prices_1024,best,4000,1153,1946,12938,90622,0,0
time,3,linear_orders,prices_1024,sorted_range8,2000,20174,46000,126812,367441,0,0
time,3,linear_orders,prices_1024,orders_at,2000,1508,2853,22232,36518,0,0
time,3,linear_orders,updates_1024,index_fill_visible,4000,45,76,225,12070,0,0
time,3,linear_orders,updates_1024,index_replace_submit,4000,46,84,272,22182,0,0
time,3,linear_orders,updates_1024,index_replace_ack_visible,4000,45,73,165,227921,0,0
time,3,linear_orders,updates_1024,index_cancel_submit,4000,46,83,159,352,0,0
time,3,linear_orders,updates_1024,index_terminal_visible,4000,51,85,145,238,0,0
time,3,linear_orders,updates_1024,index_reactivate,4000,46,78,138,256,0,0
time,3,linear_orders,prices_4096,summary_first,4000,6949,14298,41661,188597,0,0
time,3,linear_orders,prices_4096,summary_last,4000,6679,18629,54204,73513,0,0
time,3,linear_orders,prices_4096,summary_miss,4000,6884,18284,51810,325059,0,0
time,3,linear_orders,prices_4096,summary_random,4000,6761,18847,53733,93280,0,0
time,3,linear_orders,prices_4096,best,4000,4458,8744,34415,91717,0,0
time,3,linear_orders,prices_4096,sorted_range8,2000,80400,129185,274662,964911,0,0
time,3,linear_orders,prices_4096,orders_at,2000,6247,19489,59049,397157,0,0
time,3,linear_orders,updates_4096,index_fill_visible,4000,45,58,108,199,0,0
time,3,linear_orders,updates_4096,index_replace_submit,4000,46,87,283,16384,0,0
time,3,linear_orders,updates_4096,index_replace_ack_visible,4000,45,57,68,112,0,0
time,3,linear_orders,updates_4096,index_cancel_submit,4000,45,58,170,313,0,0
time,3,linear_orders,updates_4096,index_terminal_visible,4000,50,62,73,96,0,0
time,3,linear_orders,updates_4096,index_reactivate,4000,46,59,145,4451,0,0
time,3,linear_orders,crowded_32,summary_first,4000,114,120,186,14159,0,0
time,3,linear_orders,crowded_32,summary_last,4000,114,120,153,31176,0,0
time,3,linear_orders,crowded_32,summary_miss,4000,79,95,127,303,0,0
time,3,linear_orders,crowded_32,summary_random,4000,114,119,137,169,0,0
time,3,linear_orders,crowded_32,best,4000,63,64,88,11726,0,0
time,3,linear_orders,crowded_32,sorted_range8,2000,217,243,302,483,0,0
time,3,linear_orders,crowded_32,orders_at,2000,74,77,90,189,0,0
time,3,linear_orders,crowded_32,batch64_summary,2000,5273,8404,20930,72139,0,0
time,3,linear_orders,crowded_4096,summary_first,4000,12012,24659,41065,62053,0,0
time,3,linear_orders,crowded_4096,summary_last,4000,12015,23593,32088,41879,0,0
time,3,linear_orders,crowded_4096,summary_miss,4000,6955,13523,27390,41580,0,0
time,3,linear_orders,crowded_4096,summary_random,4000,12017,24662,39872,4181511,0,0
time,3,linear_orders,crowded_4096,best,4000,4500,8325,18003,982443,0,0
time,3,linear_orders,crowded_4096,sorted_range8,2000,18638,36397,55202,84258,0,0
time,3,linear_orders,crowded_4096,orders_at,2000,6838,18107,33844,38400,0,0
time,3,linear_orders,reprice_random_8,index_replace_submit,20000,46,51,131,13314,0,0
time,3,linear_orders,reprice_random_8,index_replace_ack_visible,20000,45,47,62,13507,0,0
time,3,linear_orders,reprice_random_32,index_replace_submit,20000,46,51,70,20216,0,0
time,3,linear_orders,reprice_random_32,index_replace_ack_visible,20000,45,47,70,11157,0,0
time,3,linear_orders,reprice_random_128,index_replace_submit,20000,46,60,88,14392,0,0
time,3,linear_orders,reprice_random_128,index_replace_ack_visible,20000,45,58,75,56992,0,0
time,3,linear_orders,reprice_random_1024,index_replace_submit,4000,47,60,113,130,0,0
time,3,linear_orders,reprice_random_1024,index_replace_ack_visible,4000,45,58,70,82,0,0
time,3,linear_orders,reprice_random_4096,index_replace_submit,4000,47,60,131,3445,0,0
time,3,linear_orders,reprice_random_4096,index_replace_ack_visible,4000,45,57,69,83,0,0
time,3,linear_orders,mixed_4_q0,fill_plus_queries,20000,45,47,49,20476,0,0
time,3,linear_orders,mixed_4_q1,fill_plus_queries,20000,73,88,98,12081,0,0
time,3,linear_orders,mixed_4_q4,fill_plus_queries,20000,172,231,409,118940,0,0
time,3,linear_orders,mixed_4_q16,fill_plus_queries,20000,525,693,4508,41062,0,0
time,3,linear_orders,mixed_32_q0,fill_plus_queries,20000,45,47,48,12346,0,0
time,3,linear_orders,mixed_32_q1,fill_plus_queries,20000,114,168,214,17550,0,0
time,3,linear_orders,mixed_32_q4,fill_plus_queries,20000,348,442,3202,32305,0,0
time,3,linear_orders,mixed_32_q16,fill_plus_queries,20000,1244,1467,13231,32288,0,0
time,3,linear_orders,mixed_128_q0,fill_plus_queries,20000,45,57,59,16524,0,0
time,3,linear_orders,mixed_128_q1,fill_plus_queries,20000,259,325,606,179100,0,0
time,3,linear_orders,mixed_128_q4,fill_plus_queries,20000,876,1197,12428,79968,0,0
time,3,linear_orders,mixed_128_q16,fill_plus_queries,20000,3356,6655,23021,1786162,0,0
time,3,linear_orders,mixed_4096_q0,fill_plus_queries,4000,46,69,152,415,0,0
time,3,linear_orders,mixed_4096_q1,fill_plus_queries,4000,6592,18588,50840,1439882,0,0
time,3,linear_orders,mixed_4096_q4,fill_plus_queries,4000,26639,52772,172802,1559844,0,0
time,3,linear_orders,mixed_4096_q16,fill_plus_queries,4000,114635,272452,1413807,2342742,0,0
time,3,linear_orders,growth,new_order_price,20000,87,1297,3367,106852,0,0
time,3,linear_orders,growth,first32_subset,32,91,580,580,9066,0,0
time,3,linear_orders,growth,last_quarter_subset,5000,87,986,2340,106852,0,0
time,3,linear_orders,growth,every64_subset,313,1989,14702,42212,106852,0,0
time,3,linear_orders,4096books_4near_2far,summary_random,20000,177,458,676,31653,0,0
time,3,linear_orders,prototype_4,intent_to_command,20000,61,73,96,37656,0,0
time,3,linear_orders,prototype_4,queued_intent,20000,46,53,62,14132,0,0
time,3,linear_orders,prototype_4,report_visible,20000,62,80,152,12242,0,0
time,3,linear_orders,prototype_4,ready_to_command,20000,71,100,141,16455,0,0
time,3,linear_orders,prototype_32,intent_to_command,20000,61,75,98,18407,0,0
time,3,linear_orders,prototype_32,queued_intent,20000,46,54,63,20000,0,0
time,3,linear_orders,prototype_32,report_visible,20000,62,81,165,13046,0,0
time,3,linear_orders,prototype_32,ready_to_command,20000,70,100,139,11746,0,0
time,3,linear_orders,prototype_128,intent_to_command,20000,61,75,104,17839,0,0
time,3,linear_orders,prototype_128,queued_intent,20000,46,54,79,13120,0,0
time,3,linear_orders,prototype_128,report_visible,20000,63,82,212,32746,0,0
time,3,linear_orders,prototype_128,ready_to_command,20000,70,100,164,19994,0,0
time,4,sorted_deque_soa,prices_4,summary_first,20000,56,78,162,21342,0,0
time,4,sorted_deque_soa,prices_4,summary_last,20000,53,77,169,12815,0,0
time,4,sorted_deque_soa,prices_4,summary_miss,20000,47,71,112,16358,0,0
time,4,sorted_deque_soa,prices_4,summary_random,20000,57,80,194,13734,0,0
time,4,sorted_deque_soa,prices_4,best,20000,34,51,78,6616,0,0
time,4,sorted_deque_soa,prices_4,sorted_range8,2000,58,60,97,227,0,0
time,4,sorted_deque_soa,prices_4,orders_at,2000,57,66,153,189,0,0
time,4,sorted_deque_soa,prices_4,batch64_summary,2000,991,1197,12839,16481,0,0
time,4,sorted_deque_soa,updates_4,index_fill_visible,20000,68,84,169,4006,0,0
time,4,sorted_deque_soa,updates_4,index_replace_submit,20000,113,151,230,29329,0,0
time,4,sorted_deque_soa,updates_4,index_replace_ack_visible,20000,128,156,238,22438,0,0
time,4,sorted_deque_soa,updates_4,index_cancel_submit,20000,68,84,136,70946,0,0
time,4,sorted_deque_soa,updates_4,index_terminal_visible,20000,88,113,193,17050,0,0
time,4,sorted_deque_soa,updates_4,index_reactivate,20000,121,148,233,31509,0,0
time,4,sorted_deque_soa,prices_8,summary_first,20000,57,72,98,17529,0,0
time,4,sorted_deque_soa,prices_8,summary_last,20000,55,71,101,22593,0,0
time,4,sorted_deque_soa,prices_8,summary_miss,20000,49,65,87,15839,0,0
time,4,sorted_deque_soa,prices_8,summary_random,20000,58,73,97,11899,0,0
time,4,sorted_deque_soa,prices_8,best,20000,34,47,60,13802,0,0
time,4,sorted_deque_soa,prices_8,sorted_range8,2000,68,92,120,164,0,0
time,4,sorted_deque_soa,prices_8,orders_at,2000,59,74,83,104,0,0
time,4,sorted_deque_soa,prices_8,batch64_summary,2000,1028,1507,6406,15312,0,0
time,4,sorted_deque_soa,updates_8,index_fill_visible,20000,68,101,177,17246,0,0
time,4,sorted_deque_soa,updates_8,index_replace_submit,20000,117,196,275,7414,0,0
time,4,sorted_deque_soa,updates_8,index_replace_ack_visible,20000,132,196,318,15471,0,0
time,4,sorted_deque_soa,updates_8,index_cancel_submit,20000,68,99,136,20598,0,0
time,4,sorted_deque_soa,updates_8,index_terminal_visible,20000,91,142,263,16746,0,0
time,4,sorted_deque_soa,updates_8,index_reactivate,20000,128,194,285,33512,0,0
time,4,sorted_deque_soa,prices_16,summary_first,20000,63,68,83,15318,0,0
time,4,sorted_deque_soa,prices_16,summary_last,20000,61,69,80,12348,0,0
time,4,sorted_deque_soa,prices_16,summary_miss,20000,55,59,77,15938,0,0
time,4,sorted_deque_soa,prices_16,summary_random,20000,63,69,81,13282,0,0
time,4,sorted_deque_soa,prices_16,best,20000,34,39,58,18885,0,0
time,4,sorted_deque_soa,prices_16,sorted_range8,2000,73,76,103,151,0,0
time,4,sorted_deque_soa,prices_16,orders_at,2000,65,74,91,164,0,0
time,4,sorted_deque_soa,prices_16,batch64_summary,2000,1375,1839,16409,23071,0,0
time,4,sorted_deque_soa,updates_16,index_fill_visible,20000,68,105,223,15580,0,0
time,4,sorted_deque_soa,updates_16,index_replace_submit,20000,129,216,335,4167,0,0
time,4,sorted_deque_soa,updates_16,index_replace_ack_visible,20000,142,214,331,43483,0,0
time,4,sorted_deque_soa,updates_16,index_cancel_submit,20000,68,102,151,16581,0,0
time,4,sorted_deque_soa,updates_16,index_terminal_visible,20000,97,150,206,3936,0,0
time,4,sorted_deque_soa,updates_16,index_reactivate,20000,145,219,327,37243,0,0
time,4,sorted_deque_soa,prices_32,summary_first,20000,69,82,131,47129,0,0
time,4,sorted_deque_soa,prices_32,summary_last,20000,67,80,114,12180,0,0
time,4,sorted_deque_soa,prices_32,summary_miss,20000,61,75,108,2859,0,0
time,4,sorted_deque_soa,prices_32,summary_random,20000,71,85,125,14824,0,0
time,4,sorted_deque_soa,prices_32,best,20000,34,45,58,3781,0,0
time,4,sorted_deque_soa,prices_32,sorted_range8,2000,80,82,152,442,0,0
time,4,sorted_deque_soa,prices_32,orders_at,2000,72,81,158,3706,0,0
time,4,sorted_deque_soa,prices_32,batch64_summary,2000,1805,2426,14169,35259,0,0
time,4,sorted_deque_soa,updates_32,index_fill_visible,20000,68,93,145,13428,0,0
time,4,sorted_deque_soa,updates_32,index_replace_submit,20000,154,216,291,34402,0,0
time,4,sorted_deque_soa,updates_32,index_replace_ack_visible,20000,159,210,328,22385,0,0
time,4,sorted_deque_soa,updates_32,index_cancel_submit,20000,68,90,117,13276,0,0
time,4,sorted_deque_soa,updates_32,index_terminal_visible,20000,104,146,227,11690,0,0
time,4,sorted_deque_soa,updates_32,index_reactivate,20000,177,238,359,15617,0,0
time,4,sorted_deque_soa,prices_128,summary_first,20000,50,63,90,16175,0,0
time,4,sorted_deque_soa,prices_128,summary_last,20000,52,65,93,36431,0,0
time,4,sorted_deque_soa,prices_128,summary_miss,20000,44,56,81,33095,0,0
time,4,sorted_deque_soa,prices_128,summary_random,20000,89,125,252,4291,0,0
time,4,sorted_deque_soa,prices_128,best,20000,34,49,70,21456,0,0
time,4,sorted_deque_soa,prices_128,sorted_range8,2000,61,63,93,189,0,0
time,4,sorted_deque_soa,prices_128,orders_at,2000,65,118,147,176,0,0
time,4,sorted_deque_soa,updates_128,index_fill_visible,20000,70,108,220,18745,0,0
time,4,sorted_deque_soa,updates_128,index_replace_submit,20000,126,234,340,25241,0,0
time,4,sorted_deque_soa,updates_128,index_replace_ack_visible,20000,135,226,337,33103,0,0
time,4,sorted_deque_soa,updates_128,index_cancel_submit,20000,68,95,157,24251,0,0
time,4,sorted_deque_soa,updates_128,index_terminal_visible,20000,97,172,245,21794,0,0
time,4,sorted_deque_soa,updates_128,index_reactivate,20000,135,251,347,23307,0,0
time,4,sorted_deque_soa,prices_1024,summary_first,4000,50,77,368,3138,0,0
time,4,sorted_deque_soa,prices_1024,summary_last,4000,55,89,617,5311,0,0
time,4,sorted_deque_soa,prices_1024,summary_miss,4000,46,69,101,6317,0,0
time,4,sorted_deque_soa,prices_1024,summary_random,4000,122,238,3054,3476,0,0
time,4,sorted_deque_soa,prices_1024,best,4000,34,47,60,3749,0,0
time,4,sorted_deque_soa,prices_1024,sorted_range8,2000,61,128,238,410,0,0
time,4,sorted_deque_soa,prices_1024,orders_at,2000,120,240,410,12600,0,0
time,4,sorted_deque_soa,updates_1024,index_fill_visible,4000,70,146,365,4175,0,0
time,4,sorted_deque_soa,updates_1024,index_replace_submit,4000,140,424,2831,4790,0,0
time,4,sorted_deque_soa,updates_1024,index_replace_ack_visible,4000,149,366,496,5404,0,0
time,4,sorted_deque_soa,updates_1024,index_cancel_submit,4000,68,96,133,262,0,0
time,4,sorted_deque_soa,updates_1024,index_terminal_visible,4000,102,289,408,19730,0,0
time,4,sorted_deque_soa,updates_1024,index_reactivate,4000,151,424,553,16742,0,0
time,4,sorted_deque_soa,prices_4096,summary_first,4000,51,64,114,3307,0,0
time,4,sorted_deque_soa,prices_4096,summary_last,4000,56,67,96,153,0,0
time,4,sorted_deque_soa,prices_4096,summary_miss,4000,47,54,70,109,0,0
time,4,sorted_deque_soa,prices_4096,summary_random,4000,144,318,495,14601,0,0
time,4,sorted_deque_soa,prices_4096,best,4000,34,42,48,52,0,0
time,4,sorted_deque_soa,prices_4096,sorted_range8,2000,60,83,107,255,0,0
time,4,sorted_deque_soa,prices_4096,orders_at,2000,139,328,786,17604,0,0
time,4,sorted_deque_soa,updates_4096,index_fill_visible,4000,71,296,429,4032,0,0
time,4,sorted_deque_soa,updates_4096,index_replace_submit,4000,119,341,5747,1309015,0,0
time,4,sorted_deque_soa,updates_4096,index_replace_ack_visible,4000,132,284,1618,1234590,0,0
time,4,sorted_deque_soa,updates_4096,index_cancel_submit,4000,68,164,3560,2914614,0,0
time,4,sorted_deque_soa,updates_4096,index_terminal_visible,4000,92,207,756,632597,0,0
time,4,sorted_deque_soa,updates_4096,index_reactivate,4000,134,278,1010,5130,0,0
time,4,sorted_deque_soa,crowded_32,summary_first,4000,50,53,97,3751,0,0
time,4,sorted_deque_soa,crowded_32,summary_last,4000,49,53,69,2728,0,0
time,4,sorted_deque_soa,crowded_32,summary_miss,4000,41,45,67,4428,0,0
time,4,sorted_deque_soa,crowded_32,summary_random,4000,51,55,139,5440,0,0
time,4,sorted_deque_soa,crowded_32,best,4000,34,38,55,2696,0,0
time,4,sorted_deque_soa,crowded_32,sorted_range8,2000,45,55,3158,648356,0,0
time,4,sorted_deque_soa,crowded_32,orders_at,2000,190,209,395,4107,0,0
time,4,sorted_deque_soa,crowded_32,batch64_summary,2000,528,547,3687,18080,0,0
time,4,sorted_deque_soa,crowded_4096,summary_first,4000,78,176,501,21157,0,0
time,4,sorted_deque_soa,crowded_4096,summary_last,4000,50,61,75,4240,0,0
time,4,sorted_deque_soa,crowded_4096,summary_miss,4000,42,80,95,157,0,0
time,4,sorted_deque_soa,crowded_4096,summary_random,4000,52,68,88,3030,0,0
time,4,sorted_deque_soa,crowded_4096,best,4000,34,59,75,29642,0,0
time,4,sorted_deque_soa,crowded_4096,sorted_range8,2000,47,77,114,3025,0,0
time,4,sorted_deque_soa,crowded_4096,orders_at,2000,24265,45928,69078,73445,0,0
time,4,sorted_deque_soa,reprice_random_8,index_replace_submit,20000,130,225,441,46322,0,0
time,4,sorted_deque_soa,reprice_random_8,index_replace_ack_visible,20000,152,239,394,16477,0,0
time,4,sorted_deque_soa,reprice_random_32,index_replace_submit,20000,175,274,3011,39382,0,0
time,4,sorted_deque_soa,reprice_random_32,index_replace_ack_visible,20000,185,265,412,35054,0,0
time,4,sorted_deque_soa,reprice_random_128,index_replace_submit,20000,175,272,393,33417,0,0
time,4,sorted_deque_soa,reprice_random_128,index_replace_ack_visible,20000,214,302,3516,21895,0,0
time,4,sorted_deque_soa,reprice_random_1024,index_replace_submit,4000,374,548,4746,16425,0,0
time,4,sorted_deque_soa,reprice_random_1024,index_replace_ack_visible,4000,323,468,3873,14584,0,0
time,4,sorted_deque_soa,reprice_random_4096,index_replace_submit,4000,851,2950,14501,50914,0,0
time,4,sorted_deque_soa,reprice_random_4096,index_replace_ack_visible,4000,783,1724,16059,38360,0,0
time,4,sorted_deque_soa,mixed_4_q0,fill_plus_queries,20000,69,71,76,14499,0,0
time,4,sorted_deque_soa,mixed_4_q1,fill_plus_queries,20000,86,94,156,20626,0,0
time,4,sorted_deque_soa,mixed_4_q4,fill_plus_queries,20000,137,235,491,25536,0,0
time,4,sorted_deque_soa,mixed_4_q16,fill_plus_queries,20000,378,539,5478,49786,0,0
time,4,sorted_deque_soa,mixed_32_q0,fill_plus_queries,20000,86,143,263,19900,0,0
time,4,sorted_deque_soa,mixed_32_q1,fill_plus_queries,20000,102,172,325,32857,0,0
time,4,sorted_deque_soa,mixed_32_q4,fill_plus_queries,20000,197,312,3258,27444,0,0
time,4,sorted_deque_soa,mixed_32_q16,fill_plus_queries,20000,549,642,4593,28656,0,0
time,4,sorted_deque_soa,mixed_128_q0,fill_plus_queries,20000,69,95,175,81343,0,0
time,4,sorted_deque_soa,mixed_128_q1,fill_plus_queries,20000,118,186,347,57523,0,0
time,4,sorted_deque_soa,mixed_128_q4,fill_plus_queries,20000,282,439,4264,39909,0,0
time,4,sorted_deque_soa,mixed_128_q16,fill_plus_queries,20000,901,1265,18866,47589,0,0
time,4,sorted_deque_soa,mixed_4096_q0,fill_plus_queries,4000,80,211,480,28407,0,0
time,4,sorted_deque_soa,mixed_4096_q1,fill_plus_queries,4000,168,278,3145,23066,0,0
time,4,sorted_deque_soa,mixed_4096_q4,fill_plus_queries,4000,446,786,37118,209081,0,0
time,4,sorted_deque_soa,mixed_4096_q16,fill_plus_queries,4000,1316,1672,17038,86606,0,0
time,4,sorted_deque_soa,growth,new_order_price,20000,178,2635,6724,111721,0,0
time,4,sorted_deque_soa,growth,first32_subset,32,265,587,587,4649,0,0
time,4,sorted_deque_soa,growth,last_quarter_subset,5000,180,4515,6725,52374,0,0
time,4,sorted_deque_soa,growth,every64_subset,313,3375,15694,37321,52374,0,0
time,4,sorted_deque_soa,4096books_4near_2far,summary_random,20000,121,536,823,48030,0,0
time,4,sorted_deque_soa,prototype_4,intent_to_command,20000,122,170,282,17942,0,0
time,4,sorted_deque_soa,prototype_4,queued_intent,20000,46,59,87,35142,0,0
time,4,sorted_deque_soa,prototype_4,report_visible,20000,143,198,364,17640,0,0
time,4,sorted_deque_soa,prototype_4,ready_to_command,20000,134,209,3082,36230,0,0
time,4,sorted_deque_soa,prototype_32,intent_to_command,20000,174,302,468,1072724,0,0
time,4,sorted_deque_soa,prototype_32,queued_intent,20000,46,70,104,28897,0,0
time,4,sorted_deque_soa,prototype_32,report_visible,20000,180,332,3281,1072394,0,0
time,4,sorted_deque_soa,prototype_32,ready_to_command,20000,185,352,3747,1072620,0,0
time,4,sorted_deque_soa,prototype_128,intent_to_command,20000,155,280,2398,19294,0,0
time,4,sorted_deque_soa,prototype_128,queued_intent,20000,46,64,87,15071,0,0
time,4,sorted_deque_soa,prototype_128,report_visible,20000,161,309,3294,26332,0,0
time,4,sorted_deque_soa,prototype_128,ready_to_command,20000,165,343,3169,23894,0,0
time,4,adaptive,prices_4,summary_first,20000,49,70,170,91440,0,0
time,4,adaptive,prices_4,summary_last,20000,48,69,98,4344,0,0
time,4,adaptive,prices_4,summary_miss,20000,40,67,89,14929,0,0
time,4,adaptive,prices_4,summary_random,20000,62,95,129,14140,0,0
time,4,adaptive,prices_4,best,20000,35,64,82,19901,0,0
time,4,adaptive,prices_4,sorted_range8,2000,50,80,178,545,0,0
time,4,adaptive,prices_4,orders_at,2000,51,80,3798,40425,0,0
time,4,adaptive,prices_4,batch64_summary,2000,2015,5385,23860,39394,0,0
time,4,adaptive,updates_4,index_fill_visible,20000,93,187,425,94377,0,0
time,4,adaptive,updates_4,index_replace_submit,20000,163,206,380,97092,0,0
time,4,adaptive,updates_4,index_replace_ack_visible,20000,158,201,291,70857,0,0
time,4,adaptive,updates_4,index_cancel_submit,20000,94,119,142,744222,0,0
time,4,adaptive,updates_4,index_terminal_visible,20000,113,149,209,17002,0,0
time,4,adaptive,updates_4,index_reactivate,20000,165,245,482,45712,0,0
time,4,adaptive,prices_8,summary_first,20000,50,62,2547,373647,0,0
time,4,adaptive,prices_8,summary_last,20000,47,68,2611,84881,0,0
time,4,adaptive,prices_8,summary_miss,20000,40,53,2439,4656,0,0
time,4,adaptive,prices_8,summary_random,20000,63,83,2610,16393,0,0
time,4,adaptive,prices_8,best,20000,34,49,2541,177481,0,0
time,4,adaptive,prices_8,sorted_range8,2000,58,71,2712,3111,0,0
time,4,adaptive,prices_8,orders_at,2000,52,72,2645,2842,0,0
time,4,adaptive,prices_8,batch64_summary,2000,1780,2480,56258,345325,0,0
time,4,adaptive,updates_8,index_fill_visible,20000,68,143,285,13505,0,0
time,4,adaptive,updates_8,index_replace_submit,20000,107,200,316,20379,0,0
time,4,adaptive,updates_8,index_replace_ack_visible,20000,109,186,379,26252,0,0
time,4,adaptive,updates_8,index_cancel_submit,20000,68,107,176,13899,0,0
time,4,adaptive,updates_8,index_terminal_visible,20000,75,138,280,24821,0,0
time,4,adaptive,updates_8,index_reactivate,20000,126,203,537,129504,0,0
time,4,adaptive,prices_16,summary_first,20000,53,74,162,32006,0,0
time,4,adaptive,prices_16,summary_last,20000,59,93,175,3774,0,0
time,4,adaptive,prices_16,summary_miss,20000,44,67,132,23697,0,0
time,4,adaptive,prices_16,summary_random,20000,70,125,213,866157,0,0
time,4,adaptive,prices_16,best,20000,38,65,125,44234,0,0
time,4,adaptive,prices_16,sorted_range8,2000,75,138,281,555,0,0
time,4,adaptive,prices_16,orders_at,2000,68,158,237,24487,0,0
time,4,adaptive,prices_16,batch64_summary,2000,2094,2591,22209,42327,0,0
time,4,adaptive,updates_16,index_fill_visible,20000,70,167,298,22857,0,0
time,4,adaptive,updates_16,index_replace_submit,20000,125,235,369,24212,0,0
time,4,adaptive,updates_16,index_replace_ack_visible,20000,122,219,315,18551,0,0
time,4,adaptive,updates_16,index_cancel_submit,20000,69,121,179,18388,0,0
time,4,adaptive,updates_16,index_terminal_visible,20000,78,162,215,29085,0,0
time,4,adaptive,updates_16,index_reactivate,20000,142,237,373,38300,0,0
time,4,adaptive,prices_32,summary_first,20000,49,72,129,21542,0,0
time,4,adaptive,prices_32,summary_last,20000,54,74,145,7100,0,0
time,4,adaptive,prices_32,summary_miss,20000,46,67,99,42376,0,0
time,4,adaptive,prices_32,summary_random,20000,85,128,204,27757,0,0
time,4,adaptive,prices_32,best,20000,34,53,62,2797,0,0
time,4,adaptive,prices_32,sorted_range8,2000,59,94,226,5122,0,0
time,4,adaptive,prices_32,orders_at,2000,56,113,140,148,0,0
time,4,adaptive,prices_32,batch64_summary,2000,3106,6835,24187,36203,0,0
time,4,adaptive,updates_32,index_fill_visible,20000,69,166,343,17408,0,0
time,4,adaptive,updates_32,index_replace_submit,20000,115,226,378,76851,0,0
time,4,adaptive,updates_32,index_replace_ack_visible,20000,117,220,478,30961,0,0
time,4,adaptive,updates_32,index_cancel_submit,20000,68,115,172,166815,0,0
time,4,adaptive,updates_32,index_terminal_visible,20000,78,161,237,50891,0,0
time,4,adaptive,updates_32,index_reactivate,20000,134,240,2912,22373,0,0
time,4,adaptive,prices_128,summary_first,20000,51,70,100,18201,0,0
time,4,adaptive,prices_128,summary_last,20000,57,68,102,27162,0,0
time,4,adaptive,prices_128,summary_miss,20000,48,62,82,25048,0,0
time,4,adaptive,prices_128,summary_random,20000,96,133,172,13757,0,0
time,4,adaptive,prices_128,best,20000,34,49,60,3068,0,0
time,4,adaptive,prices_128,sorted_range8,2000,59,103,135,184,0,0
time,4,adaptive,prices_128,orders_at,2000,80,134,267,3345,0,0
time,4,adaptive,updates_128,index_fill_visible,20000,70,107,215,13473,0,0
time,4,adaptive,updates_128,index_replace_submit,20000,137,261,412,55484,0,0
time,4,adaptive,updates_128,index_replace_ack_visible,20000,133,249,392,39335,0,0
time,4,adaptive,updates_128,index_cancel_submit,20000,68,104,192,39006,0,0
time,4,adaptive,updates_128,index_terminal_visible,20000,91,184,299,19360,0,0
time,4,adaptive,updates_128,index_reactivate,20000,155,300,440,119378,0,0
time,4,adaptive,prices_1024,summary_first,4000,53,81,114,235,0,0
time,4,adaptive,prices_1024,summary_last,4000,60,78,142,3274,0,0
time,4,adaptive,prices_1024,summary_miss,4000,51,71,137,15156,0,0
time,4,adaptive,prices_1024,summary_random,4000,125,226,399,4613,0,0
time,4,adaptive,prices_1024,best,4000,34,51,77,93,0,0
time,4,adaptive,prices_1024,sorted_range8,2000,62,108,227,29065,0,0
time,4,adaptive,prices_1024,orders_at,2000,116,233,17497,108094,0,0
time,4,adaptive,updates_1024,index_fill_visible,4000,72,191,361,15540,0,0
time,4,adaptive,updates_1024,index_replace_submit,4000,240,375,4188,166948,0,0
time,4,adaptive,updates_1024,index_replace_ack_visible,4000,288,535,1477,41713,0,0
time,4,adaptive,updates_1024,index_cancel_submit,4000,70,121,225,3812,0,0
time,4,adaptive,updates_1024,index_terminal_visible,4000,201,448,792,19351,0,0
time,4,adaptive,updates_1024,index_reactivate,4000,293,520,3766,27866,0,0
time,4,adaptive,prices_4096,summary_first,4000,58,74,173,585,0,0
time,4,adaptive,prices_4096,summary_last,4000,62,97,161,25597,0,0
time,4,adaptive,prices_4096,summary_miss,4000,47,64,134,9160,0,0
time,4,adaptive,prices_4096,summary_random,4000,149,399,800,48917,0,0
time,4,adaptive,prices_4096,best,4000,34,50,67,133,0,0
time,4,adaptive,prices_4096,sorted_range8,2000,64,161,332,3141,0,0
time,4,adaptive,prices_4096,orders_at,2000,147,383,563,139455,0,0
time,4,adaptive,updates_4096,index_fill_visible,4000,73,190,346,4637,0,0
time,4,adaptive,updates_4096,index_replace_submit,4000,247,410,4147,13827,0,0
time,4,adaptive,updates_4096,index_replace_ack_visible,4000,244,547,1263,19867,0,0
time,4,adaptive,updates_4096,index_cancel_submit,4000,70,110,156,182,0,0
time,4,adaptive,updates_4096,index_terminal_visible,4000,201,388,597,887,0,0
time,4,adaptive,updates_4096,index_reactivate,4000,294,443,689,6932,0,0
time,4,adaptive,crowded_32,summary_first,4000,48,61,129,24410,0,0
time,4,adaptive,crowded_32,summary_last,4000,49,60,87,4361,0,0
time,4,adaptive,crowded_32,summary_miss,4000,40,53,74,154,0,0
time,4,adaptive,crowded_32,summary_random,4000,50,61,83,3072,0,0
time,4,adaptive,crowded_32,best,4000,34,45,66,2751,0,0
time,4,adaptive,crowded_32,sorted_range8,2000,43,58,145,237,0,0
time,4,adaptive,crowded_32,orders_at,2000,190,210,254,263,0,0
time,4,adaptive,crowded_32,batch64_summary,2000,550,560,3571,4720,0,0
time,4,adaptive,crowded_4096,summary_first,4000,71,162,235,3009,0,0
time,4,adaptive,crowded_4096,summary_last,4000,48,64,87,16978,0,0
time,4,adaptive,crowded_4096,summary_miss,4000,41,83,100,3036,0,0
time,4,adaptive,crowded_4096,summary_random,4000,50,67,105,220,0,0
time,4,adaptive,crowded_4096,best,4000,34,58,78,8783,0,0
time,4,adaptive,crowded_4096,sorted_range8,2000,44,76,106,212,0,0
time,4,adaptive,crowded_4096,orders_at,2000,24204,48418,91496,148417,0,0
time,4,adaptive,reprice_random_8,index_replace_submit,20000,109,192,427,19638,0,0
time,4,adaptive,reprice_random_8,index_replace_ack_visible,20000,136,211,376,43697,0,0
time,4,adaptive,reprice_random_32,index_replace_submit,20000,138,222,324,22599,0,0
time,4,adaptive,reprice_random_32,index_replace_ack_visible,20000,177,258,365,27579,0,0
time,4,adaptive,reprice_random_128,index_replace_submit,20000,165,281,392,63427,0,0
time,4,adaptive,reprice_random_128,index_replace_ack_visible,20000,209,296,395,18991,0,0
time,4,adaptive,reprice_random_1024,index_replace_submit,4000,295,545,4590,119240,0,0
time,4,adaptive,reprice_random_1024,index_replace_ack_visible,4000,360,623,1247,29175,0,0
time,4,adaptive,reprice_random_4096,index_replace_submit,4000,392,784,5733,214202,0,0
time,4,adaptive,reprice_random_4096,index_replace_ack_visible,4000,462,789,6239,61974,0,0
time,4,adaptive,mixed_4_q0,fill_plus_queries,20000,68,106,184,32056,0,0
time,4,adaptive,mixed_4_q1,fill_plus_queries,20000,92,132,165,46300,0,0
time,4,adaptive,mixed_4_q4,fill_plus_queries,20000,172,234,406,39272,0,0
time,4,adaptive,mixed_4_q16,fill_plus_queries,20000,487,671,5741,168774,0,0
time,4,adaptive,mixed_32_q0,fill_plus_queries,20000,67,97,137,21834,0,0
time,4,adaptive,mixed_32_q1,fill_plus_queries,20000,108,145,198,32307,0,0
time,4,adaptive,mixed_32_q4,fill_plus_queries,20000,231,315,442,20025,0,0
time,4,adaptive,mixed_32_q16,fill_plus_queries,20000,708,3383,18148,141042,0,0
time,4,adaptive,mixed_128_q0,fill_plus_queries,20000,68,101,251,105816,0,0
time,4,adaptive,mixed_128_q1,fill_plus_queries,20000,122,162,263,18752,0,0
time,4,adaptive,mixed_128_q4,fill_plus_queries,20000,276,367,3527,22718,0,0
time,4,adaptive,mixed_128_q16,fill_plus_queries,20000,878,1165,14264,220108,0,0
time,4,adaptive,mixed_4096_q0,fill_plus_queries,4000,68,340,626,875,0,0
time,4,adaptive,mixed_4096_q1,fill_plus_queries,4000,156,289,508,18201,0,0
time,4,adaptive,mixed_4096_q4,fill_plus_queries,4000,373,488,806,15743,0,0
time,4,adaptive,mixed_4096_q16,fill_plus_queries,4000,1182,1414,13608,26815,0,0
time,4,adaptive,growth,new_order_price,20000,347,3740,7688,363871,0,0
time,4,adaptive,growth,first32_subset,32,242,415,415,4396,0,0
time,4,adaptive,growth,last_quarter_subset,5000,370,5314,8029,46584,0,0
time,4,adaptive,growth,every64_subset,313,4772,16607,46584,139457,0,0
time,4,adaptive,4096books_4near_2far,summary_random,20000,115,545,884,26161,0,0
time,4,adaptive,prototype_4,intent_to_command,20000,108,142,188,12623,0,0
time,4,adaptive,prototype_4,queued_intent,20000,46,48,62,77,0,0
time,4,adaptive,prototype_4,report_visible,20000,121,155,255,18694,0,0
time,4,adaptive,prototype_4,ready_to_command,20000,119,165,243,23336,0,0
time,4,adaptive,prototype_32,intent_to_command,20000,112,150,219,14625,0,0
time,4,adaptive,prototype_32,queued_intent,20000,46,48,60,11500,0,0
time,4,adaptive,prototype_32,report_visible,20000,130,173,291,28547,0,0
time,4,adaptive,prototype_32,ready_to_command,20000,123,176,280,13858,0,0
time,4,adaptive,prototype_128,intent_to_command,20000,128,200,257,19906,0,0
time,4,adaptive,prototype_128,queued_intent,20000,46,64,72,15007,0,0
time,4,adaptive,prototype_128,report_visible,20000,149,240,364,35151,0,0
time,4,adaptive,prototype_128,ready_to_command,20000,149,247,333,15059,0,0
time,4,absl_btree,prices_4,summary_first,20000,46,58,70,29929,0,0
time,4,absl_btree,prices_4,summary_last,20000,45,58,72,14541,0,0
time,4,absl_btree,prices_4,summary_miss,20000,40,52,63,3707,0,0
time,4,absl_btree,prices_4,summary_random,20000,58,77,91,32464,0,0
time,4,absl_btree,prices_4,best,20000,34,49,58,17573,0,0
time,4,absl_btree,prices_4,sorted_range8,2000,48,74,98,185,0,0
time,4,absl_btree,prices_4,orders_at,2000,48,64,116,182,0,0
time,4,absl_btree,prices_4,batch64_summary,2000,1566,1911,16624,21700,0,0
time,4,absl_btree,updates_4,index_fill_visible,20000,67,100,211,3644,0,0
time,4,absl_btree,updates_4,index_replace_submit,20000,112,147,200,12637,0,0
time,4,absl_btree,updates_4,index_replace_ack_visible,20000,144,192,338,26010,0,0
time,4,absl_btree,updates_4,index_cancel_submit,20000,67,78,101,4365,0,0
time,4,absl_btree,updates_4,index_terminal_visible,20000,109,150,200,12754,0,0
time,4,absl_btree,updates_4,index_reactivate,20000,124,153,238,66225,0,0
time,4,absl_btree,prices_8,summary_first,20000,46,56,67,256,0,0
time,4,absl_btree,prices_8,summary_last,20000,47,59,83,12429,0,0
time,4,absl_btree,prices_8,summary_miss,20000,40,51,63,15072,0,0
time,4,absl_btree,prices_8,summary_random,20000,60,78,100,4221,0,0
time,4,absl_btree,prices_8,best,20000,34,48,66,16326,0,0
time,4,absl_btree,prices_8,sorted_range8,2000,58,71,102,325,0,0
time,4,absl_btree,prices_8,orders_at,2000,48,64,87,117,0,0
time,4,absl_btree,prices_8,batch64_summary,2000,1774,2226,15165,19519,0,0
time,4,absl_btree,updates_8,index_fill_visible,20000,67,110,238,107443,0,0
time,4,absl_btree,updates_8,index_replace_submit,20000,112,183,276,19894,0,0
time,4,absl_btree,updates_8,index_replace_ack_visible,20000,150,245,424,18728,0,0
time,4,absl_btree,updates_8,index_cancel_submit,20000,67,96,127,20877,0,0
time,4,absl_btree,updates_8,index_terminal_visible,20000,113,189,324,121960,0,0
time,4,absl_btree,updates_8,index_reactivate,20000,127,194,270,16865,0,0
time,4,absl_btree,prices_16,summary_first,20000,48,50,62,13197,0,0
time,4,absl_btree,prices_16,summary_last,20000,50,58,67,3131,0,0
time,4,absl_btree,prices_16,summary_miss,20000,42,44,60,28507,0,0
time,4,absl_btree,prices_16,summary_random,20000,65,86,104,168,0,0
time,4,absl_btree,prices_16,best,20000,34,40,51,18602,0,0
time,4,absl_btree,prices_16,sorted_range8,2000,59,62,79,181,0,0
time,4,absl_btree,prices_16,orders_at,2000,51,75,129,152,0,0
time,4,absl_btree,prices_16,batch64_summary,2000,2290,2926,20988,38156,0,0
time,4,absl_btree,updates_16,index_fill_visible,20000,67,82,190,17344,0,0
time,4,absl_btree,updates_16,index_replace_submit,20000,118,174,267,37506,0,0
time,4,absl_btree,updates_16,index_replace_ack_visible,20000,157,211,431,14565,0,0
time,4,absl_btree,updates_16,index_cancel_submit,20000,67,81,150,120308,0,0
time,4,absl_btree,updates_16,index_terminal_visible,20000,118,168,244,13332,0,0
time,4,absl_btree,updates_16,index_reactivate,20000,134,182,312,12933,0,0
time,4,absl_btree,prices_32,summary_first,20000,48,50,62,12828,0,0
time,4,absl_btree,prices_32,summary_last,20000,52,62,71,31748,0,0
time,4,absl_btree,prices_32,summary_miss,20000,42,44,60,24471,0,0
time,4,absl_btree,prices_32,summary_random,20000,72,94,122,15112,0,0
time,4,absl_btree,prices_32,best,20000,34,42,57,3645,0,0
time,4,absl_btree,prices_32,sorted_range8,2000,59,88,124,178,0,0
time,4,absl_btree,prices_32,orders_at,2000,52,92,122,169,0,0
time,4,absl_btree,prices_32,batch64_summary,2000,2536,2730,16632,37408,0,0
time,4,absl_btree,updates_32,index_fill_visible,20000,67,94,177,20233,0,0
time,4,absl_btree,updates_32,index_replace_submit,20000,140,225,323,18267,0,0
time,4,absl_btree,updates_32,index_replace_ack_visible,20000,178,272,406,31421,0,0
time,4,absl_btree,updates_32,index_cancel_submit,20000,67,93,123,14824,0,0
time,4,absl_btree,updates_32,index_terminal_visible,20000,130,218,308,48022,0,0
time,4,absl_btree,updates_32,index_reactivate,20000,151,224,329,21108,0,0
time,4,absl_btree,prices_128,summary_first,20000,51,62,80,13609,0,0
time,4,absl_btree,prices_128,summary_last,20000,56,67,87,3653,0,0
time,4,absl_btree,prices_128,summary_miss,20000,44,55,66,28387,0,0
time,4,absl_btree,prices_128,summary_random,20000,80,112,152,34690,0,0
time,4,absl_btree,prices_128,best,20000,34,45,59,198,0,0
time,4,absl_btree,prices_128,sorted_range8,2000,61,65,259,15563,0,0
time,4,absl_btree,prices_128,orders_at,2000,57,105,153,207,0,0
time,4,absl_btree,updates_128,index_fill_visible,20000,70,92,132,4572,0,0
time,4,absl_btree,updates_128,index_replace_submit,20000,205,290,403,21190,0,0
time,4,absl_btree,updates_128,index_replace_ack_visible,20000,273,405,3461,21429,0,0
time,4,absl_btree,updates_128,index_cancel_submit,20000,67,84,114,15420,0,0
time,4,absl_btree,updates_128,index_terminal_visible,20000,195,313,415,27184,0,0
time,4,absl_btree,updates_128,index_reactivate,20000,249,367,499,34301,0,0
time,4,absl_btree,prices_1024,summary_first,4000,51,59,89,12842,0,0
time,4,absl_btree,prices_1024,summary_last,4000,54,69,94,155,0,0
time,4,absl_btree,prices_1024,summary_miss,4000,44,53,83,21309,0,0
time,4,absl_btree,prices_1024,summary_random,4000,100,161,353,439,0,0
time,4,absl_btree,prices_1024,best,4000,34,42,60,3752,0,0
time,4,absl_btree,prices_1024,sorted_range8,2000,61,90,122,14907,0,0
time,4,absl_btree,prices_1024,orders_at,2000,97,194,325,437,0,0
time,4,absl_btree,updates_1024,index_fill_visible,4000,70,93,168,14109,0,0
time,4,absl_btree,updates_1024,index_replace_submit,4000,238,330,412,3741,0,0
time,4,absl_btree,updates_1024,index_replace_ack_visible,4000,295,490,839,12745,0,0
time,4,absl_btree,updates_1024,index_cancel_submit,4000,67,82,102,3230,0,0
time,4,absl_btree,updates_1024,index_terminal_visible,4000,209,394,570,13159,0,0
time,4,absl_btree,updates_1024,index_reactivate,4000,287,465,708,20131,0,0
time,4,absl_btree,prices_4096,summary_first,4000,53,56,123,13279,0,0
time,4,absl_btree,prices_4096,summary_last,4000,62,71,123,182,0,0
time,4,absl_btree,prices_4096,summary_miss,4000,47,51,65,3081,0,0
time,4,absl_btree,prices_4096,summary_random,4000,127,382,3054,13438,0,0
time,4,absl_btree,prices_4096,best,4000,34,41,75,169,0,0
time,4,absl_btree,prices_4096,sorted_range8,2000,64,68,322,34804,0,0
time,4,absl_btree,prices_4096,orders_at,2000,122,395,466,18957,0,0
time,4,absl_btree,updates_4096,index_fill_visible,4000,70,186,296,12530,0,0
time,4,absl_btree,updates_4096,index_replace_submit,4000,243,340,534,12887,0,0
time,4,absl_btree,updates_4096,index_replace_ack_visible,4000,250,471,649,819,0,0
time,4,absl_btree,updates_4096,index_cancel_submit,4000,67,84,190,311,0,0
time,4,absl_btree,updates_4096,index_terminal_visible,4000,207,334,573,18774,0,0
time,4,absl_btree,updates_4096,index_reactivate,4000,277,365,4210,27660,0,0
time,4,absl_btree,crowded_32,summary_first,4000,46,47,52,130,0,0
time,4,absl_btree,crowded_32,summary_last,4000,46,48,54,145,0,0
time,4,absl_btree,crowded_32,summary_miss,4000,40,41,52,91,0,0
time,4,absl_btree,crowded_32,summary_random,4000,48,50,55,3477,0,0
time,4,absl_btree,crowded_32,best,4000,34,35,57,58,0,0
time,4,absl_btree,crowded_32,sorted_range8,2000,41,43,82,272,0,0
time,4,absl_btree,crowded_32,orders_at,2000,187,196,337,19533,0,0
time,4,absl_btree,crowded_32,batch64_summary,2000,514,522,3998,14522,0,0
time,4,absl_btree,crowded_4096,summary_first,4000,70,82,149,3714,0,0
time,4,absl_btree,crowded_4096,summary_last,4000,46,61,79,3239,0,0
time,4,absl_btree,crowded_4096,summary_miss,4000,40,71,81,12318,0,0
time,4,absl_btree,crowded_4096,summary_random,4000,48,62,63,3271,0,0
time,4,absl_btree,crowded_4096,best,4000,34,57,59,73,0,0
time,4,absl_btree,crowded_4096,sorted_range8,2000,42,70,143,218,0,0
time,4,absl_btree,crowded_4096,orders_at,2000,24220,38385,53198,58028,0,0
time,4,absl_btree,reprice_random_8,index_replace_submit,20000,125,147,220,31360,0,0
time,4,absl_btree,reprice_random_8,index_replace_ack_visible,20000,172,207,288,17431,0,0
time,4,absl_btree,reprice_random_32,index_replace_submit,20000,167,283,368,30205,0,0
time,4,absl_btree,reprice_random_32,index_replace_ack_visible,20000,250,380,571,20128,0,0
time,4,absl_btree,reprice_random_128,index_replace_submit,20000,209,335,427,16911,0,0
time,4,absl_btree,reprice_random_128,index_replace_ack_visible,20000,300,442,787,28705,0,0
time,4,absl_btree,reprice_random_1024,index_replace_submit,4000,293,460,683,20157,0,0
time,4,absl_btree,reprice_random_1024,index_replace_ack_visible,4000,363,549,4580,16059,0,0
time,4,absl_btree,reprice_random_4096,index_replace_submit,4000,336,579,1615,14597,0,0
time,4,absl_btree,reprice_random_4096,index_replace_ack_visible,4000,414,642,4152,25446,0,0
time,4,absl_btree,mixed_4_q0,fill_plus_queries,20000,67,70,76,21043,0,0
time,4,absl_btree,mixed_4_q1,fill_plus_queries,20000,89,106,139,56604,0,0
time,4,absl_btree,mixed_4_q4,fill_plus_queries,20000,162,199,220,35842,0,0
time,4,absl_btree,mixed_4_q16,fill_plus_queries,20000,473,643,4072,25191,0,0
time,4,absl_btree,mixed_32_q0,fill_plus_queries,20000,67,83,86,15550,0,0
time,4,absl_btree,mixed_32_q1,fill_plus_queries,20000,102,135,170,12870,0,0
time,4,absl_btree,mixed_32_q4,fill_plus_queries,20000,223,304,445,25825,0,0
time,4,absl_btree,mixed_32_q16,fill_plus_queries,20000,670,851,5045,33355,0,0
time,4,absl_btree,mixed_128_q0,fill_plus_queries,20000,67,99,122,13840,0,0
time,4,absl_btree,mixed_128_q1,fill_plus_queries,20000,109,139,172,19931,0,0
time,4,absl_btree,mixed_128_q4,fill_plus_queries,20000,245,298,347,18624,0,0
time,4,absl_btree,mixed_128_q16,fill_plus_queries,20000,765,949,5080,25735,0,0
time,4,absl_btree,mixed_4096_q0,fill_plus_queries,4000,67,186,416,6848,0,0
time,4,absl_btree,mixed_4096_q1,fill_plus_queries,4000,153,260,525,22660,0,0
time,4,absl_btree,mixed_4096_q4,fill_plus_queries,4000,371,485,675,16187,0,0
time,4,absl_btree,mixed_4096_q16,fill_plus_queries,4000,1209,1688,14804,44107,0,0
time,4,absl_btree,growth,new_order_price,20000,349,3517,7983,47741,0,0
time,4,absl_btree,growth,first32_subset,32,292,684,684,4719,0,0
time,4,absl_btree,growth,last_quarter_subset,5000,367,5477,8016,47741,0,0
time,4,absl_btree,growth,every64_subset,313,4880,18749,35138,47741,0,0
time,4,absl_btree,4096books_4near_2far,summary_random,20000,114,510,882,27777,0,0
time,4,absl_btree,prototype_4,intent_to_command,20000,123,184,2810,19128,0,0
time,4,absl_btree,prototype_4,queued_intent,20000,46,60,90,15179,0,0
time,4,absl_btree,prototype_4,report_visible,20000,160,261,3103,19675,0,0
time,4,absl_btree,prototype_4,ready_to_command,20000,133,226,3075,14200,0,0
time,4,absl_btree,prototype_32,intent_to_command,20000,134,186,3099,16423,0,0
time,4,absl_btree,prototype_32,queued_intent,20000,46,48,72,11830,0,0
time,4,absl_btree,prototype_32,report_visible,20000,187,301,3567,30539,0,0
time,4,absl_btree,prototype_32,ready_to_command,20000,147,244,3327,33548,0,0
time,4,absl_btree,prototype_128,intent_to_command,20000,216,300,343,15454,0,0
time,4,absl_btree,prototype_128,queued_intent,20000,48,71,83,17923,0,0
time,4,absl_btree,prototype_128,report_visible,20000,315,469,641,72653,0,0
time,4,absl_btree,prototype_128,ready_to_command,20000,245,349,444,14672,0,0
time,4,linear_prices,prices_4,summary_first,20000,46,61,376,29867,0,0
time,4,linear_prices,prices_4,summary_last,20000,45,62,142,195498,0,0
time,4,linear_prices,prices_4,summary_miss,20000,40,60,172,28552,0,0
time,4,linear_prices,prices_4,summary_random,20000,55,82,255,34861,0,0
time,4,linear_prices,prices_4,best,20000,34,61,93,179428,0,0
time,4,linear_prices,prices_4,sorted_range8,2000,74,121,243,29392,0,0
time,4,linear_prices,prices_4,orders_at,2000,55,74,99,116,0,0
time,4,linear_prices,prices_4,batch64_summary,2000,1378,3997,15857,59298,0,0
time,4,linear_prices,updates_4,index_fill_visible,20000,78,209,396,46495,0,0
time,4,linear_prices,updates_4,index_replace_submit,20000,107,173,355,29317,0,0
time,4,linear_prices,updates_4,index_replace_ack_visible,20000,141,215,2793,33434,0,0
time,4,linear_prices,updates_4,index_cancel_submit,20000,76,122,221,52899,0,0
time,4,linear_prices,updates_4,index_terminal_visible,20000,98,149,257,45201,0,0
time,4,linear_prices,updates_4,index_reactivate,20000,118,235,3434,39565,0,0
time,4,linear_prices,prices_8,summary_first,20000,46,59,88,18039,0,0
time,4,linear_prices,prices_8,summary_last,20000,45,61,119,23688,0,0
time,4,linear_prices,prices_8,summary_miss,20000,42,60,99,3812,0,0
time,4,linear_prices,prices_8,summary_random,20000,56,81,183,18424,0,0
time,4,linear_prices,prices_8,best,20000,34,55,77,4274,0,0
time,4,linear_prices,prices_8,sorted_range8,2000,116,199,591,3812,0,0
time,4,linear_prices,prices_8,orders_at,2000,48,63,131,2707,0,0
time,4,linear_prices,prices_8,batch64_summary,2000,1722,4919,32688,1769358,0,0
time,4,linear_prices,updates_8,index_fill_visible,20000,66,166,345,300971,0,0
time,4,linear_prices,updates_8,index_replace_submit,20000,90,156,254,1896305,0,0
time,4,linear_prices,updates_8,index_replace_ack_visible,20000,132,209,501,22798,0,0
time,4,linear_prices,updates_8,index_cancel_submit,20000,66,106,290,303403,0,0
time,4,linear_prices,updates_8,index_terminal_visible,20000,96,148,338,1757730,0,0
time,4,linear_prices,updates_8,index_reactivate,20000,109,162,395,246224,0,0
time,4,linear_prices,prices_16,summary_first,20000,45,51,61,19320,0,0
time,4,linear_prices,prices_16,summary_last,20000,50,59,76,3797,0,0
time,4,linear_prices,prices_16,summary_miss,20000,48,50,75,14099,0,0
time,4,linear_prices,prices_16,summary_random,20000,57,78,92,18781,0,0
time,4,linear_prices,prices_16,best,20000,34,49,57,3951,0,0
time,4,linear_prices,prices_16,sorted_range8,2000,193,210,419,15900,0,0
time,4,linear_prices,prices_16,orders_at,2000,58,77,114,253,0,0
time,4,linear_prices,prices_16,batch64_summary,2000,1810,2127,16060,34055,0,0
time,4,linear_prices,updates_16,index_fill_visible,20000,67,112,321,34203,0,0
time,4,linear_prices,updates_16,index_replace_submit,20000,95,163,331,248626,0,0
time,4,linear_prices,updates_16,index_replace_ack_visible,20000,161,235,2909,239302,0,0
time,4,linear_prices,updates_16,index_cancel_submit,20000,66,102,226,20277,0,0
time,4,linear_prices,updates_16,index_terminal_visible,20000,114,166,292,16042,0,0
time,4,linear_prices,updates_16,index_reactivate,20000,120,179,714,398820,0,0
time,4,linear_prices,prices_32,summary_first,20000,46,60,79,27070,0,0
time,4,linear_prices,prices_32,summary_last,20000,60,76,104,19686,0,0
time,4,linear_prices,prices_32,summary_miss,20000,59,72,102,40799,0,0
time,4,linear_prices,prices_32,summary_random,20000,65,92,120,9409,0,0
time,4,linear_prices,prices_32,best,20000,34,54,71,3864,0,0
time,4,linear_prices,prices_32,sorted_range8,2000,348,366,782,29189,0,0
time,4,linear_prices,prices_32,orders_at,2000,64,90,124,3277,0,0
time,4,linear_prices,prices_32,batch64_summary,2000,2240,5051,30870,46554,0,0
time,4,linear_prices,updates_32,index_fill_visible,20000,67,131,232,15055,0,0
time,4,linear_prices,updates_32,index_replace_submit,20000,103,196,301,92056,0,0
time,4,linear_prices,updates_32,index_replace_ack_visible,20000,204,305,3348,398353,0,0
time,4,linear_prices,updates_32,index_cancel_submit,20000,66,111,179,17175,0,0
time,4,linear_prices,updates_32,index_terminal_visible,20000,149,213,413,159916,0,0
time,4,linear_prices,updates_32,index_reactivate,20000,133,224,3014,322353,0,0
time,4,linear_prices,prices_128,summary_first,20000,45,56,96,5567,0,0
time,4,linear_prices,prices_128,summary_last,20000,89,123,200,15830,0,0
time,4,linear_prices,prices_128,summary_miss,20000,84,119,186,22634,0,0
time,4,linear_prices,prices_128,summary_random,20000,83,130,415,920096,0,0
time,4,linear_prices,prices_128,best,20000,34,50,68,17033,0,0
time,4,linear_prices,prices_128,sorted_range8,2000,1275,1703,16073,23982,0,0
time,4,linear_prices,prices_128,orders_at,2000,84,147,213,237,0,0
time,4,linear_prices,updates_128,index_fill_visible,20000,70,126,236,14142,0,0
time,4,linear_prices,updates_128,index_replace_submit,20000,166,246,406,129225,0,0
time,4,linear_prices,updates_128,index_replace_ack_visible,20000,441,535,5088,41331,0,0
time,4,linear_prices,updates_128,index_cancel_submit,20000,66,90,154,18259,0,0
time,4,linear_prices,updates_128,index_terminal_visible,20000,371,431,3458,113764,0,0
time,4,linear_prices,updates_128,index_reactivate,20000,245,349,3060,54932,0,0
time,4,linear_prices,prices_1024,summary_first,4000,45,65,192,3451,0,0
time,4,linear_prices,prices_1024,summary_last,4000,416,720,3717,16644,0,0
time,4,linear_prices,prices_1024,summary_miss,4000,422,711,4841,21883,0,0
time,4,linear_prices,prices_1024,summary_random,4000,275,659,4016,14364,0,0
time,4,linear_prices,prices_1024,best,4000,34,58,102,4200,0,0
time,4,linear_prices,prices_1024,sorted_range8,2000,10104,24774,50804,81545,0,0
time,4,linear_prices,prices_1024,orders_at,2000,305,744,13474,18102,0,0
time,4,linear_prices,updates_1024,index_fill_visible,4000,74,302,2928,3553,0,0
time,4,linear_prices,updates_1024,index_replace_submit,4000,832,3930,20548,28618,0,0
time,4,linear_prices,updates_1024,index_replace_ack_visible,4000,2634,6489,34009,147828,0,0
time,4,linear_prices,updates_1024,index_cancel_submit,4000,67,177,660,3030,0,0
time,4,linear_prices,updates_1024,index_terminal_visible,4000,2389,5916,32139,72338,0,0
time,4,linear_prices,updates_1024,index_reactivate,4000,1208,4479,13397,43516,0,0
time,4,linear_prices,prices_4096,summary_first,4000,57,79,157,193,0,0
time,4,linear_prices,prices_4096,summary_last,4000,1501,2743,22619,74694,0,0
time,4,linear_prices,prices_4096,summary_miss,4000,1512,2682,20048,63564,0,0
time,4,linear_prices,prices_4096,summary_random,4000,902,2148,8784,19404,0,0
time,4,linear_prices,prices_4096,best,4000,46,67,87,3256,0,0
time,4,linear_prices,prices_4096,sorted_range8,2000,39870,79555,179119,257332,0,0
time,4,linear_prices,prices_4096,orders_at,2000,965,2434,5796,25041,0,0
time,4,linear_prices,updates_4096,index_fill_visible,4000,86,456,863,3393,0,0
time,4,linear_prices,updates_4096,index_replace_submit,4000,2998,6539,36450,1594651,0,0
time,4,linear_prices,updates_4096,index_replace_ack_visible,4000,10066,22241,54384,73526,0,0
time,4,linear_prices,updates_4096,index_cancel_submit,4000,88,157,277,3251,0,0
time,4,linear_prices,updates_4096,index_terminal_visible,4000,9258,24901,76604,1752659,0,0
time,4,linear_prices,updates_4096,index_reactivate,4000,4493,10228,35935,198274,0,0
time,4,linear_prices,crowded_32,summary_first,4000,45,58,118,127408,0,0
time,4,linear_prices,crowded_32,summary_last,4000,45,58,90,2863,0,0
time,4,linear_prices,crowded_32,summary_miss,4000,38,51,122,224550,0,0
time,4,linear_prices,crowded_32,summary_random,4000,47,60,87,13719,0,0
time,4,linear_prices,crowded_32,best,4000,34,46,62,209,0,0
time,4,linear_prices,crowded_32,sorted_range8,2000,41,49,85,2765,0,0
time,4,linear_prices,crowded_32,orders_at,2000,187,205,296,14707,0,0
time,4,linear_prices,crowded_32,batch64_summary,2000,425,744,69931,152443,0,0
time,4,linear_prices,crowded_4096,summary_first,4000,71,151,276,3654,0,0
time,4,linear_prices,crowded_4096,summary_last,4000,46,76,94,3280,0,0
time,4,linear_prices,crowded_4096,summary_miss,4000,38,72,90,141,0,0
time,4,linear_prices,crowded_4096,summary_random,4000,47,70,85,50176,0,0
time,4,linear_prices,crowded_4096,best,4000,34,66,81,70847,0,0
time,4,linear_prices,crowded_4096,sorted_range8,2000,42,91,152,242,0,0
time,4,linear_prices,crowded_4096,orders_at,2000,24252,57458,368260,635991,0,0
time,4,linear_prices,reprice_random_8,index_replace_submit,20000,90,171,325,773546,0,0
time,4,linear_prices,reprice_random_8,index_replace_ack_visible,20000,132,229,441,76944,0,0
time,4,linear_prices,reprice_random_32,index_replace_submit,20000,99,187,261,117635,0,0
time,4,linear_prices,reprice_random_32,index_replace_ack_visible,20000,197,292,466,162439,0,0
time,4,linear_prices,reprice_random_128,index_replace_submit,20000,167,330,3048,182078,0,0
time,4,linear_prices,reprice_random_128,index_replace_ack_visible,20000,436,746,5286,132910,0,0
time,4,linear_prices,reprice_random_1024,index_replace_submit,4000,824,1085,12778,33942,0,0
time,4,linear_prices,reprice_random_1024,index_replace_ack_visible,4000,2611,3330,17856,88379,0,0
time,4,linear_prices,reprice_random_4096,index_replace_submit,4000,3073,6493,56555,83255,0,0
time,4,linear_prices,reprice_random_4096,index_replace_ack_visible,4000,10149,22983,47524,180652,0,0
time,4,linear_prices,mixed_4_q0,fill_plus_queries,20000,67,98,179,44607,0,0
time,4,linear_prices,mixed_4_q1,fill_plus_queries,20000,84,101,121,23222,0,0
time,4,linear_prices,mixed_4_q4,fill_plus_queries,20000,150,231,532,96439,0,0
time,4,linear_prices,mixed_4_q16,fill_plus_queries,20000,398,543,3787,33177,0,0
time,4,linear_prices,mixed_32_q0,fill_plus_queries,20000,67,84,111,24609,0,0
time,4,linear_prices,mixed_32_q1,fill_plus_queries,20000,92,148,265,24667,0,0
time,4,linear_prices,mixed_32_q4,fill_plus_queries,20000,192,253,2715,49976,0,0
time,4,linear_prices,mixed_32_q16,fill_plus_queries,20000,568,737,4645,37807,0,0
time,4,linear_prices,mixed_128_q0,fill_plus_queries,20000,67,95,120,25187,0,0
time,4,linear_prices,mixed_128_q1,fill_plus_queries,20000,114,175,220,53893,0,0
time,4,linear_prices,mixed_128_q4,fill_plus_queries,20000,278,395,615,33554,0,0
time,4,linear_prices,mixed_128_q16,fill_plus_queries,20000,911,1094,12412,33583,0,0
time,4,linear_prices,mixed_4096_q0,fill_plus_queries,4000,67,180,324,440,0,0
time,4,linear_prices,mixed_4096_q1,fill_plus_queries,4000,1014,1589,14923,23272,0,0
time,4,linear_prices,mixed_4096_q4,fill_plus_queries,4000,3821,8656,28651,160887,0,0
time,4,linear_prices,mixed_4096_q16,fill_plus_queries,4000,14736,29409,52538,98213,0,0
time,4,linear_prices,growth,new_order_price,20000,11564,39920,159731,371503,0,0
time,4,linear_prices,growth,first32_subset,32,235,640,640,4696,0,0
time,4,linear_prices,growth,last_quarter_subset,5000,19818,83650,198046,332425,0,0
time,4,linear_prices,growth,every64_subset,313,17227,50932,84020,171169,0,0
time,4,linear_prices,4096books_4near_2far,summary_random,20000,134,675,1127,21651,0,0
time,4,linear_prices,prototype_4,intent_to_command,20000,102,155,214,11673,0,0
time,4,linear_prices,prototype_4,queued_intent,20000,46,60,96,15558,0,0
time,4,linear_prices,prototype_4,report_visible,20000,133,231,377,38593,0,0
time,4,linear_prices,prototype_4,ready_to_command,20000,112,200,385,28278,0,0
time,4,linear_prices,prototype_32,intent_to_command,20000,113,182,241,19921,0,0
time,4,linear_prices,prototype_32,queued_intent,20000,46,64,75,12047,0,0
time,4,linear_prices,prototype_32,report_visible,20000,219,290,488,18930,0,0
time,4,linear_prices,prototype_32,ready_to_command,20000,124,216,330,31695,0,0
time,4,linear_prices,prototype_128,intent_to_command,20000,186,342,3746,30561,0,0
time,4,linear_prices,prototype_128,queued_intent,20000,46,64,160,22658,0,0
time,4,linear_prices,prototype_128,report_visible,20000,472,771,4515,26602,0,0
time,4,linear_prices,prototype_128,ready_to_command,20000,205,401,3913,20073,0,0
time,4,linear_orders,prices_4,summary_first,20000,56,2599,3639,27024,0,0
time,4,linear_orders,prices_4,summary_last,20000,56,194,3590,28707,0,0
time,4,linear_orders,prices_4,summary_miss,20000,53,182,3580,24362,0,0
time,4,linear_orders,prices_4,summary_random,20000,67,2641,3611,40552,0,0
time,4,linear_orders,prices_4,best,20000,46,160,3467,3670,0,0
time,4,linear_orders,prices_4,sorted_range8,2000,92,2659,3393,28079,0,0
time,4,linear_orders,prices_4,orders_at,2000,55,137,3378,3670,0,0
time,4,linear_orders,prices_4,batch64_summary,2000,1931,4955,20568,37822,0,0
time,4,linear_orders,updates_4,index_fill_visible,20000,45,69,2596,21425,0,0
time,4,linear_orders,updates_4,index_replace_submit,20000,46,75,2585,23046,0,0
time,4,linear_orders,updates_4,index_replace_ack_visible,20000,45,66,2560,4280,0,0
time,4,linear_orders,updates_4,index_cancel_submit,20000,45,69,2576,4887,0,0
time,4,linear_orders,updates_4,index_terminal_visible,20000,50,70,2604,3540,0,0
time,4,linear_orders,updates_4,index_reactivate,20000,46,70,2591,22367,0,0
time,4,linear_orders,prices_8,summary_first,20000,54,77,108,19787,0,0
time,4,linear_orders,prices_8,summary_last,20000,54,73,95,23768,0,0
time,4,linear_orders,prices_8,summary_miss,20000,53,67,94,14161,0,0
time,4,linear_orders,prices_8,summary_random,20000,68,93,117,38274,0,0
time,4,linear_orders,prices_8,best,20000,44,58,78,13395,0,0
time,4,linear_orders,prices_8,sorted_range8,2000,201,346,540,2623,0,0
time,4,linear_orders,prices_8,orders_at,2000,60,86,162,3269,0,0
time,4,linear_orders,prices_8,batch64_summary,2000,2485,5206,20406,27489,0,0
time,4,linear_orders,updates_8,index_fill_visible,20000,45,47,70,11196,0,0
time,4,linear_orders,updates_8,index_replace_submit,20000,45,51,87,3420,0,0
time,4,linear_orders,updates_8,index_replace_ack_visible,20000,45,47,71,13255,0,0
time,4,linear_orders,updates_8,index_cancel_submit,20000,45,47,70,2861,0,0
time,4,linear_orders,updates_8,index_terminal_visible,20000,50,53,70,13414,0,0
time,4,linear_orders,updates_8,index_reactivate,20000,46,48,72,33491,0,0
time,4,linear_orders,prices_16,summary_first,20000,62,90,127,13326,0,0
time,4,linear_orders,prices_16,summary_last,20000,63,90,125,12841,0,0
time,4,linear_orders,prices_16,summary_miss,20000,61,87,113,17274,0,0
time,4,linear_orders,prices_16,summary_random,20000,80,113,140,19799,0,0
time,4,linear_orders,prices_16,best,20000,49,69,92,2692,0,0
time,4,linear_orders,prices_16,sorted_range8,2000,364,629,5098,19565,0,0
time,4,linear_orders,prices_16,orders_at,2000,71,106,181,30632,0,0
time,4,linear_orders,prices_16,batch64_summary,2000,3884,7025,28879,33806,0,0
time,4,linear_orders,updates_16,index_fill_visible,20000,45,70,144,39646,0,0
time,4,linear_orders,updates_16,index_replace_submit,20000,46,74,136,14902,0,0
time,4,linear_orders,updates_16,index_replace_ack_visible,20000,45,69,103,3275,0,0
time,4,linear_orders,updates_16,index_cancel_submit,20000,45,68,107,11530,0,0
time,4,linear_orders,updates_16,index_terminal_visible,20000,50,73,103,3815,0,0
time,4,linear_orders,updates_16,index_reactivate,20000,46,70,145,18170,0,0
time,4,linear_orders,prices_32,summary_first,20000,79,140,209,77061,0,0
time,4,linear_orders,prices_32,summary_last,20000,80,141,178,14875,0,0
time,4,linear_orders,prices_32,summary_miss,20000,79,138,174,21020,0,0
time,4,linear_orders,prices_32,summary_random,20000,107,179,269,111698,0,0
time,4,linear_orders,prices_32,best,20000,63,106,146,73020,0,0
time,4,linear_orders,prices_32,sorted_range8,2000,653,1037,12543,16099,0,0
time,4,linear_orders,prices_32,orders_at,2000,97,157,217,239,0,0
time,4,linear_orders,prices_32,batch64_summary,2000,5206,16858,352283,2049451,0,0
time,4,linear_orders,updates_32,index_fill_visible,20000,45,47,64,16077,0,0
time,4,linear_orders,updates_32,index_replace_submit,20000,45,51,97,12647,0,0
time,4,linear_orders,updates_32,index_replace_ack_visible,20000,45,47,64,12737,0,0
time,4,linear_orders,updates_32,index_cancel_submit,20000,45,47,65,18236,0,0
time,4,linear_orders,updates_32,index_terminal_visible,20000,50,53,66,310,0,0
time,4,linear_orders,updates_32,index_reactivate,20000,46,48,75,28145,0,0
time,4,linear_orders,prices_128,summary_first,20000,221,365,3095,29028,0,0
time,4,linear_orders,prices_128,summary_last,20000,224,359,2933,74251,0,0
time,4,linear_orders,prices_128,summary_miss,20000,226,368,3099,18735,0,0
time,4,linear_orders,prices_128,summary_random,20000,245,375,2968,20531,0,0
time,4,linear_orders,prices_128,best,20000,162,214,398,20204,0,0
time,4,linear_orders,prices_128,sorted_range8,2000,2698,5692,20136,26902,0,0
time,4,linear_orders,prices_128,orders_at,2000,227,332,3072,5502,0,0
time,4,linear_orders,updates_128,index_fill_visible,20000,45,66,96,15828,0,0
time,4,linear_orders,updates_128,index_replace_submit,20000,46,67,98,18350,0,0
time,4,linear_orders,updates_128,index_replace_ack_visible,20000,45,67,94,199339,0,0
time,4,linear_orders,updates_128,index_cancel_submit,20000,46,65,86,21426,0,0
time,4,linear_orders,updates_128,index_terminal_visible,20000,50,69,92,4276,0,0
time,4,linear_orders,updates_128,index_reactivate,20000,46,68,92,90537,0,0
time,4,linear_orders,prices_1024,summary_first,4000,1825,3736,19604,28430,0,0
time,4,linear_orders,prices_1024,summary_last,4000,1772,3684,22173,38787,0,0
time,4,linear_orders,prices_1024,summary_miss,4000,1840,3763,21461,495800,0,0
time,4,linear_orders,prices_1024,summary_random,4000,1771,3734,19846,492943,0,0
time,4,linear_orders,prices_1024,best,4000,1150,2497,8153,67486,0,0
time,4,linear_orders,prices_1024,sorted_range8,2000,20179,66808,583628,674996,0,0
time,4,linear_orders,prices_1024,orders_at,2000,1512,3113,20438,41242,0,0
time,4,linear_orders,updates_1024,index_fill_visible,4000,45,58,66,13843,0,0
time,4,linear_orders,updates_1024,index_replace_submit,4000,45,58,90,24708,0,0
time,4,linear_orders,updates_1024,index_replace_ack_visible,4000,45,57,70,15394,0,0
time,4,linear_orders,updates_1024,index_cancel_submit,4000,45,58,81,196,0,0
time,4,linear_orders,updates_1024,index_terminal_visible,4000,50,63,68,83,0,0
time,4,linear_orders,updates_1024,index_reactivate,4000,46,58,61,86,0,0
time,4,linear_orders,prices_4096,summary_first,4000,8601,24953,59612,1145329,0,0
time,4,linear_orders,prices_4096,summary_last,4000,8566,32080,56437,208457,0,0
time,4,linear_orders,prices_4096,summary_miss,4000,8565,31588,65626,2135429,0,0
time,4,linear_orders,prices_4096,summary_random,4000,7572,25425,50388,118697,0,0
time,4,linear_orders,prices_4096,best,4000,4568,15991,54402,86930,0,0
time,4,linear_orders,prices_4096,sorted_range8,2000,85479,217959,2060994,2653825,0,0
time,4,linear_orders,prices_4096,orders_at,2000,7674,23293,54918,65279,0,0
time,4,linear_orders,updates_4096,index_fill_visible,4000,45,63,130,158,0,0
time,4,linear_orders,updates_4096,index_replace_submit,4000,45,71,166,262,0,0
time,4,linear_orders,updates_4096,index_replace_ack_visible,4000,45,63,96,232,0,0
time,4,linear_orders,updates_4096,index_cancel_submit,4000,45,74,241,3869,0,0
time,4,linear_orders,updates_4096,index_terminal_visible,4000,50,72,183,345,0,0
time,4,linear_orders,updates_4096,index_reactivate,4000,46,66,96,16881,0,0
time,4,linear_orders,crowded_32,summary_first,4000,113,164,269,13475,0,0
time,4,linear_orders,crowded_32,summary_last,4000,115,169,237,3322,0,0
time,4,linear_orders,crowded_32,summary_miss,4000,79,134,195,3413,0,0
time,4,linear_orders,crowded_32,summary_random,4000,113,165,202,12634,0,0
time,4,linear_orders,crowded_32,best,4000,63,99,118,19438,0,0
time,4,linear_orders,crowded_32,sorted_range8,2000,209,301,483,5051,0,0
time,4,linear_orders,crowded_32,orders_at,2000,74,110,164,15437,0,0
time,4,linear_orders,crowded_32,batch64_summary,2000,5277,9685,25621,32445,0,0
time,4,linear_orders,crowded_4096,summary_first,4000,12073,41191,90985,966703,0,0
time,4,linear_orders,crowded_4096,summary_last,4000,12084,34337,88423,4597401,0,0
time,4,linear_orders,crowded_4096,summary_miss,4000,7174,29851,81157,2814608,0,0
time,4,linear_orders,crowded_4096,summary_random,4000,12076,37559,108255,560546,0,0
time,4,linear_orders,crowded_4096,best,4000,4546,20967,78095,889759,0,0
time,4,linear_orders,crowded_4096,sorted_range8,2000,18567,48902,76099,150094,0,0
time,4,linear_orders,crowded_4096,orders_at,2000,6878,19779,46262,84749,0,0
time,4,linear_orders,reprice_random_8,index_replace_submit,20000,46,59,142,3796,0,0
time,4,linear_orders,reprice_random_8,index_replace_ack_visible,20000,45,58,83,28927,0,0
time,4,linear_orders,reprice_random_32,index_replace_submit,20000,46,51,63,13918,0,0
time,4,linear_orders,reprice_random_32,index_replace_ack_visible,20000,45,47,70,121,0,0
time,4,linear_orders,reprice_random_128,index_replace_submit,20000,46,62,113,113120,0,0
time,4,linear_orders,reprice_random_128,index_replace_ack_visible,20000,45,59,80,44207,0,0
time,4,linear_orders,reprice_random_1024,index_replace_submit,4000,47,71,145,216326,0,0
time,4,linear_orders,reprice_random_1024,index_replace_ack_visible,4000,45,64,88,3891,0,0
time,4,linear_orders,reprice_random_4096,index_replace_submit,4000,47,70,108,27706,0,0
time,4,linear_orders,reprice_random_4096,index_replace_ack_visible,4000,45,70,176,3442,0,0
time,4,linear_orders,mixed_4_q0,fill_plus_queries,20000,45,54,71,17168,0,0
time,4,linear_orders,mixed_4_q1,fill_plus_queries,20000,74,96,148,43044,0,0
time,4,linear_orders,mixed_4_q4,fill_plus_queries,20000,174,252,2924,48538,0,0
time,4,linear_orders,mixed_4_q16,fill_plus_queries,20000,526,658,4097,108102,0,0
time,4,linear_orders,mixed_32_q0,fill_plus_queries,20000,45,53,72,57098,0,0
time,4,linear_orders,mixed_32_q1,fill_plus_queries,20000,117,168,209,52837,0,0
time,4,linear_orders,mixed_32_q4,fill_plus_queries,20000,349,532,3725,38905,0,0
time,4,linear_orders,mixed_32_q16,fill_plus_queries,20000,1249,2120,18851,293514,0,0
time,4,linear_orders,mixed_128_q0,fill_plus_queries,20000,45,62,86,24030,0,0
time,4,linear_orders,mixed_128_q1,fill_plus_queries,20000,246,294,614,39937,0,0
time,4,linear_orders,mixed_128_q4,fill_plus_queries,20000,877,1552,15718,290675,0,0
time,4,linear_orders,mixed_128_q16,fill_plus_queries,20000,3373,7682,29781,31025083,0,0
time,4,linear_orders,mixed_4096_q0,fill_plus_queries,4000,46,58,64,175,0,0
time,4,linear_orders,mixed_4096_q1,fill_plus_queries,4000,6728,27109,126312,747657,0,0
time,4,linear_orders,mixed_4096_q4,fill_plus_queries,4000,26798,80404,1097344,1931433,0,0
time,4,linear_orders,mixed_4096_q16,fill_plus_queries,4000,114155,239893,720329,2253044,0,0
time,4,linear_orders,growth,new_order_price,20000,87,1705,3231,75793,0,0
time,4,linear_orders,growth,first32_subset,32,131,461,461,5200,0,0
time,4,linear_orders,growth,last_quarter_subset,5000,87,610,2364,75793,0,0
time,4,linear_orders,growth,every64_subset,313,1958,6539,33923,75793,0,0
time,4,linear_orders,4096books_4near_2far,summary_random,20000,173,440,670,23511,0,0
time,4,linear_orders,prototype_4,intent_to_command,20000,61,72,97,25927,0,0
time,4,linear_orders,prototype_4,queued_intent,20000,46,51,65,12802,0,0
time,4,linear_orders,prototype_4,report_visible,20000,62,79,168,75455,0,0
time,4,linear_orders,prototype_4,ready_to_command,20000,70,100,145,15082,0,0
time,4,linear_orders,prototype_32,intent_to_command,20000,70,115,3049,32457,0,0
time,4,linear_orders,prototype_32,queued_intent,20000,52,72,2472,16413,0,0
time,4,linear_orders,prototype_32,report_visible,20000,76,158,2893,1071366,0,0
time,4,linear_orders,prototype_32,ready_to_command,20000,93,166,3029,340866,0,0
time,4,linear_orders,prototype_128,intent_to_command,20000,77,120,2945,44370,0,0
time,4,linear_orders,prototype_128,queued_intent,20000,56,74,2759,28195,0,0
time,4,linear_orders,prototype_128,report_visible,20000,85,165,2975,54664,0,0
time,4,linear_orders,prototype_128,ready_to_command,20000,103,173,3000,40931,0,0
time,4,sorted_deque,prices_4,summary_first,20000,55,71,196,41132,0,0
time,4,sorted_deque,prices_4,summary_last,20000,54,75,196,24813,0,0
time,4,sorted_deque,prices_4,summary_miss,20000,47,62,172,4802,0,0
time,4,sorted_deque,prices_4,summary_random,20000,65,94,220,42996,0,0
time,4,sorted_deque,prices_4,best,20000,42,65,180,6969,0,0
time,4,sorted_deque,prices_4,sorted_range8,2000,64,96,263,2995,0,0
time,4,sorted_deque,prices_4,orders_at,2000,60,96,211,2979,0,0
time,4,sorted_deque,prices_4,batch64_summary,2000,1440,1611,14362,15989,0,0
time,4,sorted_deque,updates_4,index_fill_visible,20000,67,127,244,60598,0,0
time,4,sorted_deque,updates_4,index_replace_submit,20000,105,182,250,25624,0,0
time,4,sorted_deque,updates_4,index_replace_ack_visible,20000,116,183,276,12832,0,0
time,4,sorted_deque,updates_4,index_cancel_submit,20000,67,108,142,26847,0,0
time,4,sorted_deque,updates_4,index_terminal_visible,20000,84,138,203,63001,0,0
time,4,sorted_deque,updates_4,index_reactivate,20000,111,165,240,17258,0,0
time,4,sorted_deque,prices_8,summary_first,20000,46,60,84,4626,0,0
time,4,sorted_deque,prices_8,summary_last,20000,46,62,89,26159,0,0
time,4,sorted_deque,prices_8,summary_miss,20000,39,51,77,14009,0,0
time,4,sorted_deque,prices_8,summary_random,20000,58,83,112,39550,0,0
time,4,sorted_deque,prices_8,best,20000,34,57,79,44269,0,0
time,4,sorted_deque,prices_8,sorted_range8,2000,57,60,79,315,0,0
time,4,sorted_deque,prices_8,orders_at,2000,49,60,86,12311,0,0
time,4,sorted_deque,prices_8,batch64_summary,2000,1594,4097,15764,36770,0,0
time,4,sorted_deque,updates_8,index_fill_visible,20000,67,105,310,14816,0,0
time,4,sorted_deque,updates_8,index_replace_submit,20000,105,171,328,17375,0,0
time,4,sorted_deque,updates_8,index_replace_ack_visible,20000,117,171,2814,33844,0,0
time,4,sorted_deque,updates_8,index_cancel_submit,20000,67,97,140,150057,0,0
time,4,sorted_deque,updates_8,index_terminal_visible,20000,85,128,188,20108,0,0
time,4,sorted_deque,updates_8,index_reactivate,20000,115,163,381,20910,0,0
time,4,sorted_deque,prices_16,summary_first,20000,46,48,62,27965,0,0
time,4,sorted_deque,prices_16,summary_last,20000,50,60,74,3687,0,0
time,4,sorted_deque,prices_16,summary_miss,20000,39,41,58,12359,0,0
time,4,sorted_deque,prices_16,summary_random,20000,60,74,86,11969,0,0
time,4,sorted_deque,prices_16,best,20000,34,42,58,4342,0,0
time,4,sorted_deque,prices_16,sorted_range8,2000,57,61,81,205,0,0
time,4,sorted_deque,prices_16,orders_at,2000,49,67,97,126,0,0
time,4,sorted_deque,prices_16,batch64_summary,2000,1811,1934,15070,25494,0,0
time,4,sorted_deque,updates_16,index_fill_visible,20000,67,148,326,16817,0,0
time,4,sorted_deque,updates_16,index_replace_submit,20000,112,216,532,38938,0,0
time,4,sorted_deque,updates_16,index_replace_ack_visible,20000,124,218,440,60595,0,0
time,4,sorted_deque,updates_16,index_cancel_submit,20000,68,115,234,32727,0,0
time,4,sorted_deque,updates_16,index_terminal_visible,20000,87,158,289,17264,0,0
time,4,sorted_deque,updates_16,index_reactivate,20000,123,219,2929,438515,0,0
time,4,sorted_deque,prices_32,summary_first,20000,47,67,199,15955,0,0
time,4,sorted_deque,prices_32,summary_last,20000,52,65,119,22899,0,0
time,4,sorted_deque,prices_32,summary_miss,20000,46,61,94,4031,0,0
time,4,sorted_deque,prices_32,summary_random,20000,80,117,165,18501,0,0
time,4,sorted_deque,prices_32,best,20000,34,57,78,3047,0,0
time,4,sorted_deque,prices_32,sorted_range8,2000,58,62,79,174,0,0
time,4,sorted_deque,prices_32,orders_at,2000,54,94,121,156,0,0
time,4,sorted_deque,prices_32,batch64_summary,2000,2941,5689,16951,27379,0,0
time,4,sorted_deque,updates_32,index_fill_visible,20000,67,131,303,41691,0,0
time,4,sorted_deque,updates_32,index_replace_submit,20000,112,212,364,1573687,0,0
time,4,sorted_deque,updates_32,index_replace_ack_visible,20000,124,217,418,64817,0,0
time,4,sorted_deque,updates_32,index_cancel_submit,20000,67,106,182,178674,0,0
time,4,sorted_deque,updates_32,index_terminal_visible,20000,87,158,335,31078,0,0
time,4,sorted_deque,updates_32,index_reactivate,20000,123,236,394,22792,0,0
time,4,sorted_deque,prices_128,summary_first,20000,49,69,92,11467,0,0
time,4,sorted_deque,prices_128,summary_last,20000,53,68,91,16694,0,0
time,4,sorted_deque,prices_128,summary_miss,20000,48,64,79,13864,0,0
time,4,sorted_deque,prices_128,summary_random,20000,94,134,173,30339,0,0
time,4,sorted_deque,prices_128,best,20000,34,46,64,4482,0,0
time,4,sorted_deque,prices_128,sorted_range8,2000,60,106,150,228,0,0
time,4,sorted_deque,prices_128,orders_at,2000,69,134,159,260,0,0
time,4,sorted_deque,updates_128,index_fill_visible,20000,71,135,267,15412,0,0
time,4,sorted_deque,updates_128,index_replace_submit,20000,135,267,3372,477334,0,0
time,4,sorted_deque,updates_128,index_replace_ack_visible,20000,140,275,591,40144,0,0
time,4,sorted_deque,updates_128,index_cancel_submit,20000,67,106,333,60927,0,0
time,4,sorted_deque,updates_128,index_terminal_visible,20000,102,189,3183,80877,0,0
time,4,sorted_deque,updates_128,index_reactivate,20000,146,333,491,67497,0,0
time,4,sorted_deque,prices_1024,summary_first,4000,52,73,145,8749,0,0
time,4,sorted_deque,prices_1024,summary_last,4000,58,73,130,3065,0,0
time,4,sorted_deque,prices_1024,summary_miss,4000,51,65,81,146,0,0
time,4,sorted_deque,prices_1024,summary_random,4000,120,182,379,13928,0,0
time,4,sorted_deque,prices_1024,best,4000,34,42,54,62,0,0
time,4,sorted_deque,prices_1024,sorted_range8,2000,61,102,193,286,0,0
time,4,sorted_deque,prices_1024,orders_at,2000,119,193,3010,19428,0,0
time,4,sorted_deque,updates_1024,index_fill_visible,4000,70,142,394,12211,0,0
time,4,sorted_deque,updates_1024,index_replace_submit,4000,139,362,2424,13293,0,0
time,4,sorted_deque,updates_1024,index_replace_ack_visible,4000,153,346,511,12357,0,0
time,4,sorted_deque,updates_1024,index_cancel_submit,4000,67,83,114,159,0,0
time,4,sorted_deque,updates_1024,index_terminal_visible,4000,102,245,283,323,0,0
time,4,sorted_deque,updates_1024,index_reactivate,4000,153,441,558,3925,0,0
time,4,sorted_deque,prices_4096,summary_first,4000,55,68,124,436,0,0
time,4,sorted_deque,prices_4096,summary_last,4000,60,70,118,3269,0,0
time,4,sorted_deque,prices_4096,summary_miss,4000,54,57,88,14552,0,0
time,4,sorted_deque,prices_4096,summary_random,4000,160,412,600,4012,0,0
time,4,sorted_deque,prices_4096,best,4000,34,42,58,137,0,0
time,4,sorted_deque,prices_4096,sorted_range8,2000,63,87,145,6545,0,0
time,4,sorted_deque,prices_4096,orders_at,2000,149,373,520,19725,0,0
time,4,sorted_deque,updates_4096,index_fill_visible,4000,71,211,339,452,0,0
time,4,sorted_deque,updates_4096,index_replace_submit,4000,126,218,3800,5284,0,0
time,4,sorted_deque,updates_4096,index_replace_ack_visible,4000,140,214,408,14893,0,0
time,4,sorted_deque,updates_4096,index_cancel_submit,4000,67,100,182,5513,0,0
time,4,sorted_deque,updates_4096,index_terminal_visible,4000,93,142,270,14485,0,0
time,4,sorted_deque,updates_4096,index_reactivate,4000,147,229,292,3516,0,0
time,4,sorted_deque,crowded_32,summary_first,4000,46,48,61,121,0,0
time,4,sorted_deque,crowded_32,summary_last,4000,47,49,61,11028,0,0
time,4,sorted_deque,crowded_32,summary_miss,4000,39,41,51,84,0,0
time,4,sorted_deque,crowded_32,summary_random,4000,48,50,59,76,0,0
time,4,sorted_deque,crowded_32,best,4000,34,36,52,57,0,0
time,4,sorted_deque,crowded_32,sorted_range8,2000,42,45,64,162,0,0
time,4,sorted_deque,crowded_32,orders_at,2000,187,197,411,11997,0,0
time,4,sorted_deque,crowded_32,batch64_summary,2000,482,573,4215,12040,0,0
time,4,sorted_deque,crowded_4096,summary_first,4000,72,146,241,954,0,0
time,4,sorted_deque,crowded_4096,summary_last,4000,47,82,108,234,0,0
time,4,sorted_deque,crowded_4096,summary_miss,4000,39,60,77,237,0,0
time,4,sorted_deque,crowded_4096,summary_random,4000,48,65,90,208,0,0
time,4,sorted_deque,crowded_4096,best,4000,34,57,70,196,0,0
time,4,sorted_deque,crowded_4096,sorted_range8,2000,44,74,98,112,0,0
time,4,sorted_deque,crowded_4096,orders_at,2000,24317,50734,79800,447835,0,0
time,4,sorted_deque,reprice_random_8,index_replace_submit,20000,116,164,262,11791,0,0
time,4,sorted_deque,reprice_random_8,index_replace_ack_visible,20000,140,179,326,22436,0,0
time,4,sorted_deque,reprice_random_32,index_replace_submit,20000,142,238,349,13190,0,0
time,4,sorted_deque,reprice_random_32,index_replace_ack_visible,20000,182,276,396,26649,0,0
time,4,sorted_deque,reprice_random_128,index_replace_submit,20000,174,278,4161,23754,0,0
time,4,sorted_deque,reprice_random_128,index_replace_ack_visible,20000,221,312,4446,52197,0,0
time,4,sorted_deque,reprice_random_1024,index_replace_submit,4000,367,525,3885,39633,0,0
time,4,sorted_deque,reprice_random_1024,index_replace_ack_visible,4000,319,454,4098,17973,0,0
time,4,sorted_deque,reprice_random_4096,index_replace_submit,4000,862,2770,24665,159708,0,0
time,4,sorted_deque,reprice_random_4096,index_replace_ack_visible,4000,812,1770,29411,62623,0,0
time,4,sorted_deque,mixed_4_q0,fill_plus_queries,20000,67,96,175,14837,0,0
time,4,sorted_deque,mixed_4_q1,fill_plus_queries,20000,88,139,271,34723,0,0
time,4,sorted_deque,mixed_4_q4,fill_plus_queries,20000,161,243,445,44840,0,0
time,4,sorted_deque,mixed_4_q16,fill_plus_queries,20000,442,657,4701,46714,0,0
time,4,sorted_deque,mixed_32_q0,fill_plus_queries,20000,67,90,114,13152,0,0
time,4,sorted_deque,mixed_32_q1,fill_plus_queries,20000,103,148,183,17791,0,0
time,4,sorted_deque,mixed_32_q4,fill_plus_queries,20000,226,331,2965,23825,0,0
time,4,sorted_deque,mixed_32_q16,fill_plus_queries,20000,677,918,16225,188984,0,0
time,4,sorted_deque,mixed_128_q0,fill_plus_queries,20000,67,90,131,26728,0,0
time,4,sorted_deque,mixed_128_q1,fill_plus_queries,20000,118,159,249,28155,0,0
time,4,sorted_deque,mixed_128_q4,fill_plus_queries,20000,274,375,3330,35272,0,0
time,4,sorted_deque,mixed_128_q16,fill_plus_queries,20000,1008,1334,25560,122565,0,0
time,4,sorted_deque,mixed_4096_q0,fill_plus_queries,4000,89,336,559,47255,0,0
time,4,sorted_deque,mixed_4096_q1,fill_plus_queries,4000,249,384,643,8769,0,0
time,4,sorted_deque,mixed_4096_q4,fill_plus_queries,4000,537,855,3722,98060,0,0
time,4,sorted_deque,mixed_4096_q16,fill_plus_queries,4000,1538,2103,19960,35578,0,0
time,4,sorted_deque,growth,new_order_price,20000,193,3026,8238,152726,0,0
time,4,sorted_deque,growth,first32_subset,32,234,470,470,4473,0,0
time,4,sorted_deque,growth,last_quarter_subset,5000,195,4713,7903,47652,0,0
time,4,sorted_deque,growth,every64_subset,313,3928,14759,34736,47652,0,0
time,4,sorted_deque,4096books_4near_2far,summary_random,20000,108,505,806,23098,0,0
time,4,sorted_deque,prototype_4,intent_to_command,20000,114,180,249,32182,0,0
time,4,sorted_deque,prototype_4,queued_intent,20000,46,61,91,11773,0,0
time,4,sorted_deque,prototype_4,report_visible,20000,131,201,330,24818,0,0
time,4,sorted_deque,prototype_4,ready_to_command,20000,126,219,342,17954,0,0
time,4,sorted_deque,prototype_32,intent_to_command,20000,123,178,297,24576,0,0
time,4,sorted_deque,prototype_32,queued_intent,20000,46,54,68,14319,0,0
time,4,sorted_deque,prototype_32,report_visible,20000,140,200,313,36764,0,0
time,4,sorted_deque,prototype_32,ready_to_command,20000,133,208,319,19488,0,0
time,4,sorted_deque,prototype_128,intent_to_command,20000,143,201,261,14252,0,0
time,4,sorted_deque,prototype_128,queued_intent,20000,46,63,66,20427,0,0
time,4,sorted_deque,prototype_128,report_visible,20000,151,234,313,75622,0,0
time,4,sorted_deque,prototype_128,ready_to_command,20000,147,245,351,36530,0,0
time,5,adaptive,prices_4,summary_first,20000,48,61,85,3584,0,0
time,5,adaptive,prices_4,summary_last,20000,47,62,94,158617,0,0
time,5,adaptive,prices_4,summary_miss,20000,40,55,83,11459,0,0
time,5,adaptive,prices_4,summary_random,20000,61,81,112,3079,0,0
time,5,adaptive,prices_4,best,20000,34,48,74,3950,0,0
time,5,adaptive,prices_4,sorted_range8,2000,49,52,70,4707,0,0
time,5,adaptive,prices_4,orders_at,2000,51,68,80,168,0,0
time,5,adaptive,prices_4,batch64_summary,2000,1665,1879,15060,29924,0,0
time,5,adaptive,updates_4,index_fill_visible,20000,68,125,264,20351,0,0
time,5,adaptive,updates_4,index_replace_submit,20000,107,179,249,18191,0,0
time,5,adaptive,updates_4,index_replace_ack_visible,20000,106,172,240,17312,0,0
time,5,adaptive,updates_4,index_cancel_submit,20000,68,100,139,19328,0,0
time,5,adaptive,updates_4,index_terminal_visible,20000,73,128,177,36593,0,0
time,5,adaptive,updates_4,index_reactivate,20000,123,175,248,187939,0,0
time,5,adaptive,prices_8,summary_first,20000,48,60,84,13803,0,0
time,5,adaptive,prices_8,summary_last,20000,47,68,90,23987,0,0
time,5,adaptive,prices_8,summary_miss,20000,40,54,80,33417,0,0
time,5,adaptive,prices_8,summary_random,20000,62,82,116,11163,0,0
time,5,adaptive,prices_8,best,20000,34,45,57,3834,0,0
time,5,adaptive,prices_8,sorted_range8,2000,58,60,104,205,0,0
time,5,adaptive,prices_8,orders_at,2000,51,64,77,92,0,0
time,5,adaptive,prices_8,batch64_summary,2000,1771,2309,14151,23718,0,0
time,5,adaptive,updates_8,index_fill_visible,20000,68,102,190,29108,0,0
time,5,adaptive,updates_8,index_replace_submit,20000,106,176,260,13406,0,0
time,5,adaptive,updates_8,index_replace_ack_visible,20000,107,170,249,18411,0,0
time,5,adaptive,updates_8,index_cancel_submit,20000,67,97,124,17020,0,0
time,5,adaptive,updates_8,index_terminal_visible,20000,73,127,169,15217,0,0
time,5,adaptive,updates_8,index_reactivate,20000,125,182,241,29041,0,0
time,5,adaptive,prices_16,summary_first,20000,48,62,96,20959,0,0
time,5,adaptive,prices_16,summary_last,20000,52,81,120,75588,0,0
time,5,adaptive,prices_16,summary_miss,20000,40,55,83,21064,0,0
time,5,adaptive,prices_16,summary_random,20000,64,93,133,15576,0,0
time,5,adaptive,prices_16,best,20000,34,57,81,40496,0,0
time,5,adaptive,prices_16,sorted_range8,2000,58,87,258,16089,0,0
time,5,adaptive,prices_16,orders_at,2000,51,77,109,251,0,0
time,5,adaptive,prices_16,batch64_summary,2000,2001,2565,20665,37035,0,0
time,5,adaptive,updates_16,index_fill_visible,20000,68,133,3314,23653,0,0
time,5,adaptive,updates_16,index_replace_submit,20000,114,250,3548,30051,0,0
time,5,adaptive,updates_16,index_replace_ack_visible,20000,113,226,3513,34264,0,0
time,5,adaptive,updates_16,index_cancel_submit,20000,68,112,3032,23128,0,0
time,5,adaptive,updates_16,index_terminal_visible,20000,78,163,3302,94372,0,0
time,5,adaptive,updates_16,index_reactivate,20000,136,241,3911,50338,0,0
time,5,adaptive,prices_32,summary_first,20000,50,52,70,59882,0,0
time,5,adaptive,prices_32,summary_last,20000,53,61,67,14394,0,0
time,5,adaptive,prices_32,summary_miss,20000,46,48,66,12489,0,0
time,5,adaptive,prices_32,summary_random,20000,83,107,116,31288,0,0
time,5,adaptive,prices_32,best,20000,34,42,56,11925,0,0
time,5,adaptive,prices_32,sorted_range8,2000,59,62,249,14076,0,0
time,5,adaptive,prices_32,orders_at,2000,58,90,112,129,0,0
time,5,adaptive,prices_32,batch64_summary,2000,3054,5942,22674,38649,0,0
time,5,adaptive,updates_32,index_fill_visible,20000,68,103,185,110932,0,0
time,5,adaptive,updates_32,index_replace_submit,20000,112,196,319,200829,0,0
time,5,adaptive,updates_32,index_replace_ack_visible,20000,115,190,280,22299,0,0
time,5,adaptive,updates_32,index_cancel_submit,20000,67,101,129,18686,0,0
time,5,adaptive,updates_32,index_terminal_visible,20000,76,140,227,63048,0,0
time,5,adaptive,updates_32,index_reactivate,20000,133,211,332,17695,0,0
time,5,adaptive,prices_128,summary_first,20000,49,68,102,25040,0,0
time,5,adaptive,prices_128,summary_last,20000,57,68,98,15431,0,0
time,5,adaptive,prices_128,summary_miss,20000,48,63,87,309852,0,0
time,5,adaptive,prices_128,summary_random,20000,95,133,218,17002,0,0
time,5,adaptive,prices_128,best,20000,34,46,68,19808,0,0
time,5,adaptive,prices_128,sorted_range8,2000,60,101,164,230,0,0
time,5,adaptive,prices_128,orders_at,2000,74,131,215,372,0,0
time,5,adaptive,updates_128,index_fill_visible,20000,71,104,174,13077,0,0
time,5,adaptive,updates_128,index_replace_submit,20000,138,255,365,22408,0,0
time,5,adaptive,updates_128,index_replace_ack_visible,20000,135,233,368,29369,0,0
time,5,adaptive,updates_128,index_cancel_submit,20000,67,102,138,3610,0,0
time,5,adaptive,updates_128,index_terminal_visible,20000,92,172,234,17067,0,0
time,5,adaptive,updates_128,index_reactivate,20000,156,292,428,23528,0,0
time,5,adaptive,prices_1024,summary_first,4000,52,58,80,242,0,0
time,5,adaptive,prices_1024,summary_last,4000,60,69,109,14100,0,0
time,5,adaptive,prices_1024,summary_miss,4000,52,62,94,3049,0,0
time,5,adaptive,prices_1024,summary_random,4000,121,179,245,3116,0,0
time,5,adaptive,prices_1024,best,4000,34,41,49,3424,0,0
time,5,adaptive,prices_1024,sorted_range8,2000,62,66,258,15425,0,0
time,5,adaptive,prices_1024,orders_at,2000,113,172,230,272,0,0
time,5,adaptive,updates_1024,index_fill_visible,4000,72,162,300,403,0,0
time,5,adaptive,updates_1024,index_replace_submit,4000,243,388,714,112645,0,0
time,5,adaptive,updates_1024,index_replace_ack_visible,4000,289,523,1009,18079,0,0
time,5,adaptive,updates_1024,index_cancel_submit,4000,70,111,160,275,0,0
time,5,adaptive,updates_1024,index_terminal_visible,4000,200,423,733,20202,0,0
time,5,adaptive,updates_1024,index_reactivate,4000,297,498,1515,4664,0,0
time,5,adaptive,prices_4096,summary_first,4000,55,68,100,386,0,0
time,5,adaptive,prices_4096,summary_last,4000,62,82,132,232,0,0
time,5,adaptive,prices_4096,summary_miss,4000,47,61,84,255,0,0
time,5,adaptive,prices_4096,summary_random,4000,134,427,557,17091,0,0
time,5,adaptive,prices_4096,best,4000,34,45,60,78,0,0
time,5,adaptive,prices_4096,sorted_range8,2000,64,128,256,6210,0,0
time,5,adaptive,prices_4096,orders_at,2000,136,395,550,7896,0,0
time,5,adaptive,updates_4096,index_fill_visible,4000,73,238,380,12465,0,0
time,5,adaptive,updates_4096,index_replace_submit,4000,252,439,4174,42523,0,0
time,5,adaptive,updates_4096,index_replace_ack_visible,4000,247,604,4352,20320,0,0
time,5,adaptive,updates_4096,index_cancel_submit,4000,70,135,314,4087,0,0
time,5,adaptive,updates_4096,index_terminal_visible,4000,205,440,14184,139556,0,0
time,5,adaptive,updates_4096,index_reactivate,4000,299,477,616,19703,0,0
time,5,adaptive,crowded_32,summary_first,4000,48,52,76,151,0,0
time,5,adaptive,crowded_32,summary_last,4000,49,52,78,88,0,0
time,5,adaptive,crowded_32,summary_miss,4000,40,44,72,105,0,0
time,5,adaptive,crowded_32,summary_random,4000,50,53,88,260,0,0
time,5,adaptive,crowded_32,best,4000,34,38,55,74,0,0
time,5,adaptive,crowded_32,sorted_range8,2000,43,50,225,3147,0,0
time,5,adaptive,crowded_32,orders_at,2000,190,208,268,3951,0,0
time,5,adaptive,crowded_32,batch64_summary,2000,551,940,4538,18729,0,0
time,5,adaptive,crowded_4096,summary_first,4000,65,116,176,2777,0,0
time,5,adaptive,crowded_4096,summary_last,4000,48,59,83,13721,0,0
time,5,adaptive,crowded_4096,summary_miss,4000,41,85,105,228,0,0
time,5,adaptive,crowded_4096,summary_random,4000,50,63,86,2873,0,0
time,5,adaptive,crowded_4096,best,4000,34,57,78,2917,0,0
time,5,adaptive,crowded_4096,sorted_range8,2000,44,75,92,212,0,0
time,5,adaptive,crowded_4096,orders_at,2000,24199,45333,179696,258458,0,0
time,5,adaptive,reprice_random_8,index_replace_submit,20000,108,197,299,35726,0,0
time,5,adaptive,reprice_random_8,index_replace_ack_visible,20000,134,213,310,21980,0,0
time,5,adaptive,reprice_random_32,index_replace_submit,20000,137,227,322,22061,0,0
time,5,adaptive,reprice_random_32,index_replace_ack_visible,20000,175,270,370,17840,0,0
time,5,adaptive,reprice_random_128,index_replace_submit,20000,166,270,353,19639,0,0
time,5,adaptive,reprice_random_128,index_replace_ack_visible,20000,208,302,538,21375,0,0
time,5,adaptive,reprice_random_1024,index_replace_submit,4000,297,507,1375,136513,0,0
time,5,adaptive,reprice_random_1024,index_replace_ack_visible,4000,364,591,4045,16499,0,0
time,5,adaptive,reprice_random_4096,index_replace_submit,4000,334,601,3719,14951,0,0
time,5,adaptive,reprice_random_4096,index_replace_ack_visible,4000,403,650,6645,29381,0,0
time,5,adaptive,mixed_4_q0,fill_plus_queries,20000,67,71,86,24240,0,0
time,5,adaptive,mixed_4_q1,fill_plus_queries,20000,93,122,169,42435,0,0
time,5,adaptive,mixed_4_q4,fill_plus_queries,20000,175,239,378,22899,0,0
time,5,adaptive,mixed_4_q16,fill_plus_queries,20000,489,683,4494,1250129,0,0
time,5,adaptive,mixed_32_q0,fill_plus_queries,20000,67,84,98,21628,0,0
time,5,adaptive,mixed_32_q1,fill_plus_queries,20000,109,167,282,1446984,0,0
time,5,adaptive,mixed_32_q4,fill_plus_queries,20000,231,303,3163,46078,0,0
time,5,adaptive,mixed_32_q16,fill_plus_queries,20000,702,934,13948,522764,0,0
time,5,adaptive,mixed_128_q0,fill_plus_queries,20000,68,88,182,25644,0,0
time,5,adaptive,mixed_128_q1,fill_plus_queries,20000,124,185,270,14387,0,0
time,5,adaptive,mixed_128_q4,fill_plus_queries,20000,280,407,3579,50035,0,0
time,5,adaptive,mixed_128_q16,fill_plus_queries,20000,907,1294,12920,53518,0,0
time,5,adaptive,mixed_4096_q0,fill_plus_queries,4000,68,264,506,588,0,0
time,5,adaptive,mixed_4096_q1,fill_plus_queries,4000,153,277,540,22714,0,0
time,5,adaptive,mixed_4096_q4,fill_plus_queries,4000,447,822,8359,56741,0,0
time,5,adaptive,mixed_4096_q16,fill_plus_queries,4000,1248,1506,15169,28327,0,0
time,5,adaptive,growth,new_order_price,20000,380,3380,7417,116064,0,0
time,5,adaptive,growth,first32_subset,32,259,461,461,4956,0,0
time,5,adaptive,growth,last_quarter_subset,5000,398,5856,7122,49931,0,0
time,5,adaptive,growth,every64_subset,313,5655,18197,49931,116064,0,0
time,5,adaptive,4096books_4near_2far,summary_random,20000,175,643,1275,29392,0,0
time,5,adaptive,prototype_4,intent_to_command,20000,108,187,362,24745,0,0
time,5,adaptive,prototype_4,queued_intent,20000,46,60,79,11503,0,0
time,5,adaptive,prototype_4,report_visible,20000,121,213,418,21469,0,0
time,5,adaptive,prototype_4,ready_to_command,20000,120,231,518,42747,0,0
time,5,adaptive,prototype_32,intent_to_command,20000,114,200,324,77045,0,0
time,5,adaptive,prototype_32,queued_intent,20000,46,63,89,4461,0,0
time,5,adaptive,prototype_32,report_visible,20000,132,228,389,43183,0,0
time,5,adaptive,prototype_32,ready_to_command,20000,125,240,362,58899,0,0
time,5,adaptive,prototype_128,intent_to_command,20000,132,206,337,15934,0,0
time,5,adaptive,prototype_128,queued_intent,20000,46,66,75,11976,0,0
time,5,adaptive,prototype_128,report_visible,20000,157,250,358,36953,0,0
time,5,adaptive,prototype_128,ready_to_command,20000,154,252,361,19659,0,0
time,5,absl_btree,prices_4,summary_first,20000,46,57,89,35768,0,0
time,5,absl_btree,prices_4,summary_last,20000,45,56,85,306723,0,0
time,5,absl_btree,prices_4,summary_miss,20000,40,52,81,17081,0,0
time,5,absl_btree,prices_4,summary_random,20000,58,79,105,4664,0,0
time,5,absl_btree,prices_4,best,20000,34,57,80,81205,0,0
time,5,absl_btree,prices_4,sorted_range8,2000,48,67,77,12373,0,0
time,5,absl_btree,prices_4,orders_at,2000,48,63,122,2905,0,0
time,5,absl_btree,prices_4,batch64_summary,2000,1584,2061,21349,30074,0,0
time,5,absl_btree,updates_4,index_fill_visible,20000,67,132,285,19601,0,0
time,5,absl_btree,updates_4,index_replace_submit,20000,112,189,288,34152,0,0
time,5,absl_btree,updates_4,index_replace_ack_visible,20000,143,248,445,81383,0,0
time,5,absl_btree,updates_4,index_cancel_submit,20000,67,103,152,17750,0,0
time,5,absl_btree,updates_4,index_terminal_visible,20000,108,192,317,20103,0,0
time,5,absl_btree,updates_4,index_reactivate,20000,124,198,315,17687,0,0
time,5,absl_btree,prices_8,summary_first,20000,46,59,77,16898,0,0
time,5,absl_btree,prices_8,summary_last,20000,47,62,86,3107,0,0
time,5,absl_btree,prices_8,summary_miss,20000,40,52,69,3631,0,0
time,5,absl_btree,prices_8,summary_random,20000,60,83,113,20885,0,0
time,5,absl_btree,prices_8,best,20000,34,50,74,12172,0,0
time,5,absl_btree,prices_8,sorted_range8,2000,58,102,280,311,0,0
time,5,absl_btree,prices_8,orders_at,2000,48,76,113,21095,0,0
time,5,absl_btree,prices_8,batch64_summary,2000,1783,2077,15351,16531,0,0
time,5,absl_btree,updates_8,index_fill_visible,20000,67,126,244,49243,0,0
time,5,absl_btree,updates_8,index_replace_submit,20000,112,196,278,188334,0,0
time,5,absl_btree,updates_8,index_replace_ack_visible,20000,150,258,463,236736,0,0
time,5,absl_btree,updates_8,index_cancel_submit,20000,67,102,144,3937,0,0
time,5,absl_btree,updates_8,index_terminal_visible,20000,112,198,287,195733,0,0
time,5,absl_btree,updates_8,index_reactivate,20000,127,204,335,92838,0,0
time,5,absl_btree,prices_16,summary_first,20000,48,50,63,4397,0,0
time,5,absl_btree,prices_16,summary_last,20000,50,58,68,21480,0,0
time,5,absl_btree,prices_16,summary_miss,20000,42,44,57,3063,0,0
time,5,absl_btree,prices_16,summary_random,20000,65,87,102,11356,0,0
time,5,absl_btree,prices_16,best,20000,34,42,57,22325,0,0
time,5,absl_btree,prices_16,sorted_range8,2000,59,88,146,264,0,0
time,5,absl_btree,prices_16,orders_at,2000,52,85,119,219,0,0
time,5,absl_btree,prices_16,batch64_summary,2000,2313,2816,14625,36682,0,0
time,5,absl_btree,updates_16,index_fill_visible,20000,67,99,196,9380,0,0
time,5,absl_btree,updates_16,index_replace_submit,20000,118,199,344,22469,0,0
time,5,absl_btree,updates_16,index_replace_ack_visible,20000,157,250,419,36696,0,0
time,5,absl_btree,updates_16,index_cancel_submit,20000,67,94,147,17109,0,0
time,5,absl_btree,updates_16,index_terminal_visible,20000,118,196,256,14643,0,0
time,5,absl_btree,updates_16,index_reactivate,20000,134,210,377,15843,0,0
time,5,absl_btree,prices_32,summary_first,20000,48,60,88,142607,0,0
time,5,absl_btree,prices_32,summary_last,20000,52,65,92,3249,0,0
time,5,absl_btree,prices_32,summary_miss,20000,42,52,77,225026,0,0
time,5,absl_btree,prices_32,summary_random,20000,72,104,150,25160,0,0
time,5,absl_btree,prices_32,best,20000,34,50,72,24338,0,0
time,5,absl_btree,prices_32,sorted_range8,2000,59,79,274,503,0,0
time,5,absl_btree,prices_32,orders_at,2000,52,94,122,166,0,0
time,5,absl_btree,prices_32,batch64_summary,2000,2547,3363,60785,366613,0,0
time,5,absl_btree,updates_32,index_fill_visible,20000,67,139,261,14544,0,0
time,5,absl_btree,updates_32,index_replace_submit,20000,141,306,701,662065,0,0
time,5,absl_btree,updates_32,index_replace_ack_visible,20000,181,383,869,348938,0,0
time,5,absl_btree,updates_32,index_cancel_submit,20000,67,111,198,20074,0,0
time,5,absl_btree,updates_32,index_terminal_visible,20000,137,289,882,291639,0,0
time,5,absl_btree,updates_32,index_reactivate,20000,153,311,641,717190,0,0
time,5,absl_btree,prices_128,summary_first,20000,51,64,160,16486,0,0
time,5,absl_btree,prices_128,summary_last,20000,56,70,162,12119,0,0
time,5,absl_btree,prices_128,summary_miss,20000,44,57,149,16879,0,0
time,5,absl_btree,prices_128,summary_random,20000,80,115,253,30572,0,0
time,5,absl_btree,prices_128,best,20000,34,51,81,3269,0,0
time,5,absl_btree,prices_128,sorted_range8,2000,61,93,139,4953,0,0
time,5,absl_btree,prices_128,orders_at,2000,57,112,228,18391,0,0
time,5,absl_btree,updates_128,index_fill_visible,20000,70,132,287,30404,0,0
time,5,absl_btree,updates_128,index_replace_submit,20000,207,350,475,17118,0,0
time,5,absl_btree,updates_128,index_replace_ack_visible,20000,280,471,726,36186,0,0
time,5,absl_btree,updates_128,index_cancel_submit,20000,67,112,195,35085,0,0
time,5,absl_btree,updates_128,index_terminal_visible,20000,199,345,519,25230,0,0
time,5,absl_btree,updates_128,index_reactivate,20000,253,423,631,24212,0,0
time,5,absl_btree,prices_1024,summary_first,4000,52,72,173,5003,0,0
time,5,absl_btree,prices_1024,summary_last,4000,55,83,290,19803,0,0
time,5,absl_btree,prices_1024,summary_miss,4000,45,64,96,218,0,0
time,5,absl_btree,prices_1024,summary_random,4000,112,328,498,14865,0,0
time,5,absl_btree,prices_1024,best,4000,35,52,71,191,0,0
time,5,absl_btree,prices_1024,sorted_range8,2000,61,115,265,337,0,0
time,5,absl_btree,prices_1024,orders_at,2000,100,169,318,394,0,0
time,5,absl_btree,updates_1024,index_fill_visible,4000,70,112,306,14400,0,0
time,5,absl_btree,updates_1024,index_replace_submit,4000,236,359,528,29590,0,0
time,5,absl_btree,updates_1024,index_replace_ack_visible,4000,295,502,981,16936,0,0
time,5,absl_btree,updates_1024,index_cancel_submit,4000,67,99,277,294,0,0
time,5,absl_btree,updates_1024,index_terminal_visible,4000,207,403,609,6596,0,0
time,5,absl_btree,updates_1024,index_reactivate,4000,277,482,710,13890,0,0
time,5,absl_btree,prices_4096,summary_first,4000,53,77,246,16560,0,0
time,5,absl_btree,prices_4096,summary_last,4000,61,85,159,27358,0,0
time,5,absl_btree,prices_4096,summary_miss,4000,47,66,124,447,0,0
time,5,absl_btree,prices_4096,summary_random,4000,129,363,516,3835,0,0
time,5,absl_btree,prices_4096,best,4000,34,51,65,136,0,0
time,5,absl_btree,prices_4096,sorted_range8,2000,64,91,265,276,0,0
time,5,absl_btree,prices_4096,orders_at,2000,120,337,456,476,0,0
time,5,absl_btree,updates_4096,index_fill_visible,4000,70,254,415,4594,0,0
time,5,absl_btree,updates_4096,index_replace_submit,4000,245,433,3883,29072,0,0
time,5,absl_btree,updates_4096,index_replace_ack_visible,4000,258,597,1396,29681,0,0
time,5,absl_btree,updates_4096,index_cancel_submit,4000,67,117,274,359,0,0
time,5,absl_btree,updates_4096,index_terminal_visible,4000,212,428,639,8695,0,0
time,5,absl_btree,updates_4096,index_reactivate,4000,278,469,1198,22075,0,0
time,5,absl_btree,crowded_32,summary_first,4000,46,59,80,18742,0,0
time,5,absl_btree,crowded_32,summary_last,4000,46,60,132,213,0,0
time,5,absl_btree,crowded_32,summary_miss,4000,40,52,71,12774,0,0
time,5,absl_btree,crowded_32,summary_random,4000,48,59,149,228,0,0
time,5,absl_btree,crowded_32,best,4000,34,47,63,4472,0,0
time,5,absl_btree,crowded_32,sorted_range8,2000,42,58,78,354,0,0
time,5,absl_btree,crowded_32,orders_at,2000,187,224,391,412,0,0
time,5,absl_btree,crowded_32,batch64_summary,2000,517,820,5432,28043,0,0
time,5,absl_btree,crowded_4096,summary_first,4000,69,95,215,4105,0,0
time,5,absl_btree,crowded_4096,summary_last,4000,47,86,122,260,0,0
time,5,absl_btree,crowded_4096,summary_miss,4000,40,71,106,144,0,0
time,5,absl_btree,crowded_4096,summary_random,4000,48,71,208,11907,0,0
time,5,absl_btree,crowded_4096,best,4000,34,70,81,131,0,0
time,5,absl_btree,crowded_4096,sorted_range8,2000,42,91,161,31124,0,0
time,5,absl_btree,crowded_4096,orders_at,2000,24226,43524,61748,83350,0,0
time,5,absl_btree,reprice_random_8,index_replace_submit,20000,122,208,404,14804,0,0
time,5,absl_btree,reprice_random_8,index_replace_ack_visible,20000,172,272,450,19166,0,0
time,5,absl_btree,reprice_random_32,index_replace_submit,20000,167,303,442,64031,0,0
time,5,absl_btree,reprice_random_32,index_replace_ack_visible,20000,251,411,620,34168,0,0
time,5,absl_btree,reprice_random_128,index_replace_submit,20000,210,374,535,16587,0,0
time,5,absl_btree,reprice_random_128,index_replace_ack_visible,20000,302,502,3548,39275,0,0
time,5,absl_btree,reprice_random_1024,index_replace_submit,4000,292,531,871,19891,0,0
time,5,absl_btree,reprice_random_1024,index_replace_ack_visible,4000,362,622,4334,20679,0,0
time,5,absl_btree,reprice_random_4096,index_replace_submit,4000,456,863,1268,3082,0,0
time,5,absl_btree,reprice_random_4096,index_replace_ack_visible,4000,529,948,18052,52091,0,0
time,5,absl_btree,mixed_4_q0,fill_plus_queries,20000,68,100,240,29026,0,0
time,5,absl_btree,mixed_4_q1,fill_plus_queries,20000,89,139,295,39406,0,0
time,5,absl_btree,mixed_4_q4,fill_plus_queries,20000,165,242,379,19050,0,0
time,5,absl_btree,mixed_4_q16,fill_plus_queries,20000,471,651,3751,101137,0,0
time,5,absl_btree,mixed_32_q0,fill_plus_queries,20000,67,103,179,78219,0,0
time,5,absl_btree,mixed_32_q1,fill_plus_queries,20000,102,159,2530,35777,0,0
time,5,absl_btree,mixed_32_q4,fill_plus_queries,20000,223,276,386,36439,0,0
time,5,absl_btree,mixed_32_q16,fill_plus_queries,20000,672,902,4882,26347,0,0
time,5,absl_btree,mixed_128_q0,fill_plus_queries,20000,67,98,134,2837,0,0
time,5,absl_btree,mixed_128_q1,fill_plus_queries,20000,109,165,252,39498,0,0
time,5,absl_btree,mixed_128_q4,fill_plus_queries,20000,247,325,461,45730,0,0
time,5,absl_btree,mixed_128_q16,fill_plus_queries,20000,763,990,14670,1403199,0,0
time,5,absl_btree,mixed_4096_q0,fill_plus_queries,4000,68,265,570,34615,0,0
time,5,absl_btree,mixed_4096_q1,fill_plus_queries,4000,150,224,372,4552,0,0
time,5,absl_btree,mixed_4096_q4,fill_plus_queries,4000,367,506,4675,59688,0,0
time,5,absl_btree,mixed_4096_q16,fill_plus_queries,4000,1207,1702,16013,29648,0,0
time,5,absl_btree,growth,new_order_price,20000,343,3488,14214,173518,0,0
time,5,absl_btree,growth,first32_subset,32,307,4333,4333,4509,0,0
time,5,absl_btree,growth,last_quarter_subset,5000,359,5421,16545,47872,0,0
time,5,absl_btree,growth,every64_subset,313,4252,14214,47872,50913,0,0
time,5,absl_btree,4096books_4near_2far,summary_random,20000,125,571,889,30164,0,0
time,5,absl_btree,prototype_4,intent_to_command,20000,123,198,390,71792,0,0
time,5,absl_btree,prototype_4,queued_intent,20000,46,60,84,4144,0,0
time,5,absl_btree,prototype_4,report_visible,20000,159,271,392,26727,0,0
time,5,absl_btree,prototype_4,ready_to_command,20000,133,232,416,21334,0,0
time,5,absl_btree,prototype_32,intent_to_command,20000,135,243,348,22449,0,0
time,5,absl_btree,prototype_32,queued_intent,20000,46,60,86,17777,0,0
time,5,absl_btree,prototype_32,report_visible,20000,188,337,523,38261,0,0
time,5,absl_btree,prototype_32,ready_to_command,20000,149,292,456,45834,0,0
time,5,absl_btree,prototype_128,intent_to_command,20000,197,331,468,24283,0,0
time,5,absl_btree,prototype_128,queued_intent,20000,46,65,88,12895,0,0
time,5,absl_btree,prototype_128,report_visible,20000,300,508,4199,1327554,0,0
time,5,absl_btree,prototype_128,ready_to_command,20000,228,399,704,33159,0,0
time,5,linear_prices,prices_4,summary_first,20000,46,77,148,40463,0,0
time,5,linear_prices,prices_4,summary_last,20000,45,80,100,16960,0,0
time,5,linear_prices,prices_4,summary_miss,20000,40,75,117,25807,0,0
time,5,linear_prices,prices_4,summary_random,20000,55,97,118,21968,0,0
time,5,linear_prices,prices_4,best,20000,34,73,85,12885,0,0
time,5,linear_prices,prices_4,sorted_range8,2000,63,73,3788,14485,0,0
time,5,linear_prices,prices_4,orders_at,2000,47,52,77,88,0,0
time,5,linear_prices,prices_4,batch64_summary,2000,1384,1786,14387,18175,0,0
time,5,linear_prices,updates_4,index_fill_visible,20000,67,176,392,1936605,0,0
time,5,linear_prices,updates_4,index_replace_submit,20000,90,164,222,24899,0,0
time,5,linear_prices,updates_4,index_replace_ack_visible,20000,126,205,309,19861,0,0
time,5,linear_prices,updates_4,index_cancel_submit,20000,67,117,218,16977,0,0
time,5,linear_prices,updates_4,index_terminal_visible,20000,88,141,225,21709,0,0
time,5,linear_prices,updates_4,index_reactivate,20000,107,188,422,30628,0,0
time,5,linear_prices,prices_8,summary_first,20000,57,70,85,35206,0,0
time,5,linear_prices,prices_8,summary_last,20000,57,72,91,36549,0,0
time,5,linear_prices,prices_8,summary_miss,20000,52,65,89,23387,0,0
time,5,linear_prices,prices_8,summary_random,20000,68,95,119,40637,0,0
time,5,linear_prices,prices_8,best,20000,45,58,72,349,0,0
time,5,linear_prices,prices_8,sorted_range8,2000,185,302,807,8151,0,0
time,5,linear_prices,prices_8,orders_at,2000,59,86,165,318,0,0
time,5,linear_prices,prices_8,batch64_summary,2000,1956,5360,20240,24083,0,0
time,5,linear_prices,updates_8,index_fill_visible,20000,96,158,384,27251,0,0
time,5,linear_prices,updates_8,index_replace_submit,20000,139,171,242,39289,0,0
time,5,linear_prices,updates_8,index_replace_ack_visible,20000,185,228,319,27742,0,0
time,5,linear_prices,updates_8,index_cancel_submit,20000,96,125,183,22507,0,0
time,5,linear_prices,updates_8,index_terminal_visible,20000,131,165,235,29204,0,0
time,5,linear_prices,updates_8,index_reactivate,20000,143,170,277,17783,0,0
time,5,linear_prices,prices_16,summary_first,20000,57,66,82,20935,0,0
time,5,linear_prices,prices_16,summary_last,20000,61,79,112,20519,0,0
time,5,linear_prices,prices_16,summary_miss,20000,57,70,92,28836,0,0
time,5,linear_prices,prices_16,summary_random,20000,70,100,125,16554,0,0
time,5,linear_prices,prices_16,best,20000,45,61,78,47292,0,0
time,5,linear_prices,prices_16,sorted_range8,2000,328,451,1044,26515,0,0
time,5,linear_prices,prices_16,orders_at,2000,76,110,229,6399,0,0
time,5,linear_prices,prices_16,batch64_summary,2000,2164,5329,19947,47058,0,0
time,5,linear_prices,updates_16,index_fill_visible,20000,98,160,314,25753,0,0
time,5,linear_prices,updates_16,index_replace_submit,20000,152,186,342,34378,0,0
time,5,linear_prices,updates_16,index_replace_ack_visible,20000,216,266,3424,38377,0,0
time,5,linear_prices,updates_16,index_cancel_submit,20000,97,126,243,19970,0,0
time,5,linear_prices,updates_16,index_terminal_visible,20000,151,184,308,34598,0,0
time,5,linear_prices,updates_16,index_reactivate,20000,167,199,3397,45523,0,0
time,5,linear_prices,prices_32,summary_first,20000,58,67,85,15942,0,0
time,5,linear_prices,prices_32,summary_last,20000,70,82,105,26428,0,0
time,5,linear_prices,prices_32,summary_miss,20000,66,80,102,83320,0,0
time,5,linear_prices,prices_32,summary_random,20000,76,105,126,24953,0,0
time,5,linear_prices,prices_32,best,20000,46,63,71,178,0,0
time,5,linear_prices,prices_32,sorted_range8,2000,636,692,16177,39226,0,0
time,5,linear_prices,prices_32,orders_at,2000,79,114,215,3330,0,0
time,5,linear_prices,prices_32,batch64_summary,2000,2412,2616,18669,28720,0,0
time,5,linear_prices,updates_32,index_fill_visible,20000,99,184,362,38077,0,0
time,5,linear_prices,updates_32,index_replace_submit,20000,172,208,253,28579,0,0
time,5,linear_prices,updates_32,index_replace_ack_visible,20000,260,316,417,25889,0,0
time,5,linear_prices,updates_32,index_cancel_submit,20000,96,125,193,32247,0,0
time,5,linear_prices,updates_32,index_terminal_visible,20000,190,229,318,31728,0,0
time,5,linear_prices,updates_32,index_reactivate,20000,193,229,307,22277,0,0
time,5,linear_prices,prices_128,summary_first,20000,58,72,95,30366,0,0
time,5,linear_prices,prices_128,summary_last,20000,132,149,200,14710,0,0
time,5,linear_prices,prices_128,summary_miss,20000,130,147,175,60844,0,0
time,5,linear_prices,prices_128,summary_random,20000,106,158,179,31631,0,0
time,5,linear_prices,prices_128,best,20000,46,70,81,16898,0,0
time,5,linear_prices,prices_128,sorted_range8,2000,2491,2540,20281,26990,0,0
time,5,linear_prices,prices_128,orders_at,2000,113,172,216,240,0,0
time,5,linear_prices,updates_128,index_fill_visible,20000,70,131,306,14097,0,0
time,5,linear_prices,updates_128,index_replace_submit,20000,166,319,453,69402,0,0
time,5,linear_prices,updates_128,index_replace_ack_visible,20000,447,614,4265,88129,0,0
time,5,linear_prices,updates_128,index_cancel_submit,20000,66,108,145,42427,0,0
time,5,linear_prices,updates_128,index_terminal_visible,20000,374,480,4322,349933,0,0
time,5,linear_prices,updates_128,index_reactivate,20000,245,415,525,89224,0,0
time,5,linear_prices,prices_1024,summary_first,4000,45,60,77,113,0,0
time,5,linear_prices,prices_1024,summary_last,4000,414,454,4112,18071,0,0
time,5,linear_prices,prices_1024,summary_miss,4000,423,446,725,19027,0,0
time,5,linear_prices,prices_1024,summary_random,4000,244,426,572,11608,0,0
time,5,linear_prices,prices_1024,best,4000,34,50,58,3827,0,0
time,5,linear_prices,prices_1024,sorted_range8,2000,10096,21585,66960,114683,0,0
time,5,linear_prices,prices_1024,orders_at,2000,260,474,725,78674,0,0
time,5,linear_prices,updates_1024,index_fill_visible,4000,71,190,435,10934,0,0
time,5,linear_prices,updates_1024,index_replace_submit,4000,821,939,12655,93091,0,0
time,5,linear_prices,updates_1024,index_replace_ack_visible,4000,2594,3288,21401,55741,0,0
time,5,linear_prices,updates_1024,index_cancel_submit,4000,66,98,174,12228,0,0
time,5,linear_prices,updates_1024,index_terminal_visible,4000,2369,2658,19721,264645,0,0
time,5,linear_prices,updates_1024,index_reactivate,4000,1203,1321,4908,14928,0,0
time,5,linear_prices,prices_4096,summary_first,4000,57,74,103,256,0,0
time,5,linear_prices,prices_4096,summary_last,4000,1498,2706,17752,33564,0,0
time,5,linear_prices,prices_4096,summary_miss,4000,1510,2711,17563,26396,0,0
time,5,linear_prices,prices_4096,summary_random,4000,885,2044,12669,17928,0,0
time,5,linear_prices,prices_4096,best,4000,46,60,91,22072,0,0
time,5,linear_prices,prices_4096,sorted_range8,2000,39843,65851,82344,141057,0,0
time,5,linear_prices,prices_4096,orders_at,2000,942,1833,4434,4672,0,0
time,5,linear_prices,updates_4096,index_fill_visible,4000,86,446,650,1370,0,0
time,5,linear_prices,updates_4096,index_replace_submit,4000,2993,5475,26825,142244,0,0
time,5,linear_prices,updates_4096,index_replace_ack_visible,4000,10074,22748,38695,69241,0,0
time,5,linear_prices,updates_4096,index_cancel_submit,4000,88,161,352,3686,0,0
time,5,linear_prices,updates_4096,index_terminal_visible,4000,9255,16255,28824,41299,0,0
time,5,linear_prices,updates_4096,index_reactivate,4000,4488,8199,24603,40141,0,0
time,5,linear_prices,crowded_32,summary_first,4000,45,47,59,3716,0,0
time,5,linear_prices,crowded_32,summary_last,4000,45,47,50,12968,0,0
time,5,linear_prices,crowded_32,summary_miss,4000,38,39,52,65,0,0
time,5,linear_prices,crowded_32,summary_random,4000,47,49,56,66,0,0
time,5,linear_prices,crowded_32,best,4000,34,35,42,44,0,0
time,5,linear_prices,crowded_32,sorted_range8,2000,41,43,64,32441,0,0
time,5,linear_prices,crowded_32,orders_at,2000,187,195,376,3587,0,0
time,5,linear_prices,crowded_32,batch64_summary,2000,425,487,674,12932,0,0
time,5,linear_prices,crowded_4096,summary_first,4000,68,150,166,242,0,0
time,5,linear_prices,crowded_4096,summary_last,4000,46,65,79,18472,0,0
time,5,linear_prices,crowded_4096,summary_miss,4000,38,52,67,12200,0,0
time,5,linear_prices,crowded_4096,summary_random,4000,47,61,82,256,0,0
time,5,linear_prices,crowded_4096,best,4000,34,45,58,2910,0,0
time,5,linear_prices,crowded_4096,sorted_range8,2000,42,74,94,160,0,0
time,5,linear_prices,crowded_4096,orders_at,2000,24176,42312,61792,95336,0,0
time,5,linear_prices,reprice_random_8,index_replace_submit,20000,90,150,267,15653,0,0
time,5,linear_prices,reprice_random_8,index_replace_ack_visible,20000,131,221,419,56472,0,0
time,5,linear_prices,reprice_random_32,index_replace_submit,20000,102,148,191,15472,0,0
time,5,linear_prices,reprice_random_32,index_replace_ack_visible,20000,196,234,313,26580,0,0
time,5,linear_prices,reprice_random_128,index_replace_submit,20000,167,232,326,35163,0,0
time,5,linear_prices,reprice_random_128,index_replace_ack_visible,20000,433,518,1597,23759,0,0
time,5,linear_prices,reprice_random_1024,index_replace_submit,4000,825,919,13056,19902,0,0
time,5,linear_prices,reprice_random_1024,index_replace_ack_visible,4000,2609,2965,14893,22457,0,0
time,5,linear_prices,reprice_random_4096,index_replace_submit,4000,3080,6712,22549,55291,0,0
time,5,linear_prices,reprice_random_4096,index_replace_ack_visible,4000,10154,22265,43162,66381,0,0
time,5,linear_prices,mixed_4_q0,fill_plus_queries,20000,67,85,190,13986,0,0
time,5,linear_prices,mixed_4_q1,fill_plus_queries,20000,84,123,186,25826,0,0
time,5,linear_prices,mixed_4_q4,fill_plus_queries,20000,145,180,315,36652,0,0
time,5,linear_prices,mixed_4_q16,fill_plus_queries,20000,397,553,4727,33127,0,0
time,5,linear_prices,mixed_32_q0,fill_plus_queries,20000,67,88,100,13346,0,0
time,5,linear_prices,mixed_32_q1,fill_plus_queries,20000,92,139,208,66961,0,0
time,5,linear_prices,mixed_32_q4,fill_plus_queries,20000,193,244,373,42534,0,0
time,5,linear_prices,mixed_32_q16,fill_plus_queries,20000,568,722,4928,28038,0,0
time,5,linear_prices,mixed_128_q0,fill_plus_queries,20000,69,89,110,15453,0,0
time,5,linear_prices,mixed_128_q1,fill_plus_queries,20000,114,153,228,19781,0,0
time,5,linear_prices,mixed_128_q4,fill_plus_queries,20000,277,365,555,22417,0,0
time,5,linear_prices,mixed_128_q16,fill_plus_queries,20000,912,1249,13841,42689,0,0
time,5,linear_prices,mixed_4096_q0,fill_plus_queries,4000,67,265,646,25225,0,0
time,5,linear_prices,mixed_4096_q1,fill_plus_queries,4000,1020,1573,13676,39026,0,0
time,5,linear_prices,mixed_4096_q4,fill_plus_queries,4000,3719,7468,19752,32785,0,0
time,5,linear_prices,mixed_4096_q16,fill_plus_queries,4000,14680,28137,42914,70549,0,0
time,5,linear_prices,growth,new_order_price,20000,11023,30084,47242,164475,0,0
time,5,linear_prices,growth,first32_subset,32,220,644,644,6537,0,0
time,5,linear_prices,growth,last_quarter_subset,5000,18946,36559,51548,164475,0,0
time,5,linear_prices,growth,every64_subset,313,16640,39444,76572,164475,0,0
time,5,linear_prices,4096books_4near_2far,summary_random,20000,103,636,936,18194,0,0
time,5,linear_prices,prototype_4,intent_to_command,20000,102,151,201,13097,0,0
time,5,linear_prices,prototype_4,queued_intent,20000,46,60,117,35199,0,0
time,5,linear_prices,prototype_4,report_visible,20000,134,233,370,20457,0,0
time,5,linear_prices,prototype_4,ready_to_command,20000,112,201,334,19767,0,0
time,5,linear_prices,prototype_32,intent_to_command,20000,113,185,287,59420,0,0
time,5,linear_prices,prototype_32,queued_intent,20000,46,56,70,12701,0,0
time,5,linear_prices,prototype_32,report_visible,20000,219,309,442,37807,0,0
time,5,linear_prices,prototype_32,ready_to_command,20000,124,219,295,20542,0,0
time,5,linear_prices,prototype_128,intent_to_command,20000,186,326,440,32399,0,0
time,5,linear_prices,prototype_128,queued_intent,20000,46,64,88,19475,0,0
time,5,linear_prices,prototype_128,report_visible,20000,469,613,4349,55614,0,0
time,5,linear_prices,prototype_128,ready_to_command,20000,204,363,477,128927,0,0
time,5,linear_orders,prices_4,summary_first,20000,46,77,198,18576,0,0
time,5,linear_orders,prices_4,summary_last,20000,47,69,101,21101,0,0
time,5,linear_orders,prices_4,summary_miss,20000,45,66,98,19267,0,0
time,5,linear_orders,prices_4,summary_random,20000,62,88,170,4005,0,0
time,5,linear_orders,prices_4,best,20000,40,54,68,229,0,0
time,5,linear_orders,prices_4,sorted_range8,2000,94,168,294,15798,0,0
time,5,linear_orders,prices_4,orders_at,2000,55,77,89,148,0,0
time,5,linear_orders,prices_4,batch64_summary,2000,1892,2090,15457,32429,0,0
time,5,linear_orders,updates_4,index_fill_visible,20000,45,81,194,18530,0,0
time,5,linear_orders,updates_4,index_replace_submit,20000,46,72,216,17338,0,0
time,5,linear_orders,updates_4,index_replace_ack_visible,20000,45,68,118,4105,0,0
time,5,linear_orders,updates_4,index_cancel_submit,20000,46,68,152,17848,0,0
time,5,linear_orders,updates_4,index_terminal_visible,20000,50,71,142,16768,0,0
time,5,linear_orders,updates_4,index_reactivate,20000,46,103,241,29819,0,0
time,5,linear_orders,prices_8,summary_first,20000,54,78,110,20526,0,0
time,5,linear_orders,prices_8,summary_last,20000,54,77,108,17290,0,0
time,5,linear_orders,prices_8,summary_miss,20000,53,72,110,17047,0,0
time,5,linear_orders,prices_8,summary_random,20000,68,94,135,12353,0,0
time,5,linear_orders,prices_8,best,20000,44,60,86,27249,0,0
time,5,linear_orders,prices_8,sorted_range8,2000,205,326,667,7145,0,0
time,5,linear_orders,prices_8,orders_at,2000,60,82,235,3700,0,0
time,5,linear_orders,prices_8,batch64_summary,2000,2464,3327,18859,19372,0,0
time,5,linear_orders,updates_8,index_fill_visible,20000,45,65,160,3533,0,0
time,5,linear_orders,updates_8,index_replace_submit,20000,46,65,114,17446,0,0
time,5,linear_orders,updates_8,index_replace_ack_visible,20000,45,66,124,11749,0,0
time,5,linear_orders,updates_8,index_cancel_submit,20000,45,64,113,38897,0,0
time,5,linear_orders,updates_8,index_terminal_visible,20000,50,68,141,11779,0,0
time,5,linear_orders,updates_8,index_reactivate,20000,46,67,162,15801,0,0
time,5,linear_orders,prices_16,summary_first,20000,62,100,128,12496,0,0
time,5,linear_orders,prices_16,summary_last,20000,63,100,131,17624,0,0
time,5,linear_orders,prices_16,summary_miss,20000,62,96,119,16265,0,0
time,5,linear_orders,prices_16,summary_random,20000,80,119,154,22413,0,0
time,5,linear_orders,prices_16,best,20000,49,75,103,24766,0,0
time,5,linear_orders,prices_16,sorted_range8,2000,347,605,846,14491,0,0
time,5,linear_orders,prices_16,orders_at,2000,71,104,168,20487,0,0
time,5,linear_orders,prices_16,batch64_summary,2000,3901,7090,24665,7048971,0,0
time,5,linear_orders,updates_16,index_fill_visible,20000,47,117,254,23219,0,0
time,5,linear_orders,updates_16,index_replace_submit,20000,49,76,166,48811,0,0
time,5,linear_orders,updates_16,index_replace_ack_visible,20000,47,74,189,15553,0,0
time,5,linear_orders,updates_16,index_cancel_submit,20000,47,76,163,20665,0,0
time,5,linear_orders,updates_16,index_terminal_visible,20000,52,83,198,4278,0,0
time,5,linear_orders,updates_16,index_reactivate,20000,47,82,255,54853,0,0
time,5,linear_orders,prices_32,summary_first,20000,89,191,293,18087,0,0
time,5,linear_orders,prices_32,summary_last,20000,89,189,293,72056,0,0
time,5,linear_orders,prices_32,summary_miss,20000,87,183,267,18356,0,0
time,5,linear_orders,prices_32,summary_random,20000,116,207,317,23636,0,0
time,5,linear_orders,prices_32,best,20000,64,126,220,26203,0,0
time,5,linear_orders,prices_32,sorted_range8,2000,1045,1355,7840,36966,0,0
time,5,linear_orders,prices_32,orders_at,2000,135,206,532,29451,0,0
time,5,linear_orders,prices_32,batch64_summary,2000,5369,10147,39119,42154,0,0
time,5,linear_orders,updates_32,index_fill_visible,20000,45,65,138,5314,0,0
time,5,linear_orders,updates_32,index_replace_submit,20000,46,67,107,14167,0,0
time,5,linear_orders,updates_32,index_replace_ack_visible,20000,45,66,139,16768,0,0
time,5,linear_orders,updates_32,index_cancel_submit,20000,46,65,89,17000,0,0
time,5,linear_orders,updates_32,index_terminal_visible,20000,50,68,166,40888,0,0
time,5,linear_orders,updates_32,index_reactivate,20000,46,66,101,4420,0,0
time,5,linear_orders,prices_128,summary_first,20000,222,518,633,25819,0,0
time,5,linear_orders,prices_128,summary_last,20000,225,515,619,35547,0,0
time,5,linear_orders,prices_128,summary_miss,20000,226,517,646,32120,0,0
time,5,linear_orders,prices_128,summary_random,20000,250,532,660,116744,0,0
time,5,linear_orders,prices_128,best,20000,163,311,431,62365,0,0
time,5,linear_orders,prices_128,sorted_range8,2000,2699,5643,16285,58299,0,0
time,5,linear_orders,prices_128,orders_at,2000,228,320,3042,41678,0,0
time,5,linear_orders,updates_128,index_fill_visible,20000,45,66,103,3826,0,0
time,5,linear_orders,updates_128,index_replace_submit,20000,46,68,106,6563,0,0
time,5,linear_orders,updates_128,index_replace_ack_visible,20000,45,67,95,18083,0,0
time,5,linear_orders,updates_128,index_cancel_submit,20000,45,66,90,16013,0,0
time,5,linear_orders,updates_128,index_terminal_visible,20000,50,70,96,11798,0,0
time,5,linear_orders,updates_128,index_reactivate,20000,46,69,99,13727,0,0
time,5,linear_orders,prices_1024,summary_first,4000,1771,5706,18155,26754,0,0
time,5,linear_orders,prices_1024,summary_last,4000,1698,5707,26381,34041,0,0
time,5,linear_orders,prices_1024,summary_miss,4000,1763,5588,15399,29191,0,0
time,5,linear_orders,prices_1024,summary_random,4000,1744,5596,17887,25545,0,0
time,5,linear_orders,prices_1024,best,4000,1144,4486,12578,18960,0,0
time,5,linear_orders,prices_1024,sorted_range8,2000,20209,49093,79338,98397,0,0
time,5,linear_orders,prices_1024,orders_at,2000,1519,5323,6733,22268,0,0
time,5,linear_orders,updates_1024,index_fill_visible,4000,44,68,160,204,0,0
time,5,linear_orders,updates_1024,index_replace_submit,4000,45,73,239,3631,0,0
time,5,linear_orders,updates_1024,index_replace_ack_visible,4000,44,67,84,152,0,0
time,5,linear_orders,updates_1024,index_cancel_submit,4000,44,64,77,141,0,0
time,5,linear_orders,updates_1024,index_terminal_visible,4000,49,67,85,172,0,0
time,5,linear_orders,updates_1024,index_reactivate,4000,45,67,86,440,0,0
time,5,linear_orders,prices_4096,summary_first,4000,7154,20112,45779,66713,0,0
time,5,linear_orders,prices_4096,summary_last,4000,6967,18542,40395,74356,0,0
time,5,linear_orders,prices_4096,summary_miss,4000,7164,19063,42807,145173,0,0
time,5,linear_orders,prices_4096,summary_random,4000,6903,17630,28886,164051,0,0
time,5,linear_orders,prices_4096,best,4000,4455,8934,28650,51011,0,0
time,5,linear_orders,prices_4096,sorted_range8,2000,79780,171310,221858,332077,0,0
time,5,linear_orders,prices_4096,orders_at,2000,5955,16527,38556,42865,0,0
time,5,linear_orders,updates_4096,index_fill_visible,4000,45,59,125,2934,0,0
time,5,linear_orders,updates_4096,index_replace_submit,4000,45,77,131,225,0,0
time,5,linear_orders,updates_4096,index_replace_ack_visible,4000,45,58,79,7127,0,0
time,5,linear_orders,updates_4096,index_cancel_submit,4000,46,76,100,4834,0,0
time,5,linear_orders,updates_4096,index_terminal_visible,4000,50,74,93,15727,0,0
time,5,linear_orders,updates_4096,index_reactivate,4000,46,76,110,163,0,0
time,5,linear_orders,crowded_32,summary_first,4000,114,131,211,277,0,0
time,5,linear_orders,crowded_32,summary_last,4000,114,129,202,264,0,0
time,5,linear_orders,crowded_32,summary_miss,4000,86,116,179,289,0,0
time,5,linear_orders,crowded_32,summary_random,4000,114,138,233,343,0,0
time,5,linear_orders,crowded_32,best,4000,63,85,268,4157,0,0
time,5,linear_orders,crowded_32,sorted_range8,2000,180,237,365,463,0,0
time,5,linear_orders,crowded_32,orders_at,2000,74,83,144,180,0,0
time,5,linear_orders,crowded_32,batch64_summary,2000,5276,8690,22975,27330,0,0
time,5,linear_orders,crowded_4096,summary_first,4000,12038,23899,43703,84313,0,0
time,5,linear_orders,crowded_4096,summary_last,4000,12040,27459,53506,817436,0,0
time,5,linear_orders,crowded_4096,summary_miss,4000,6839,18790,35596,111620,0,0
time,5,linear_orders,crowded_4096,summary_random,4000,12041,24459,57349,2445581,0,0
time,5,linear_orders,crowded_4096,best,4000,4498,10013,30826,55300,0,0
time,5,linear_orders,crowded_4096,sorted_range8,2000,18502,39417,53922,64861,0,0
time,5,linear_orders,crowded_4096,orders_at,2000,6836,18686,30872,183203,0,0
time,5,linear_orders,reprice_random_8,index_replace_submit,20000,46,90,210,11254,0,0
time,5,linear_orders,reprice_random_8,index_replace_ack_visible,20000,45,47,63,12244,0,0
time,5,linear_orders,reprice_random_32,index_replace_submit,20000,46,51,63,14285,0,0
time,5,linear_orders,reprice_random_32,index_replace_ack_visible,20000,45,47,70,21553,0,0
time,5,linear_orders,reprice_random_128,index_replace_submit,20000,46,65,152,4446,0,0
time,5,linear_orders,reprice_random_128,index_replace_ack_visible,20000,45,61,99,51946,0,0
time,5,linear_orders,reprice_random_1024,index_replace_submit,4000,47,67,158,249,0,0
time,5,linear_orders,reprice_random_1024,index_replace_ack_visible,4000,45,64,137,4258,0,0
time,5,linear_orders,reprice_random_4096,index_replace_submit,4000,45,113,220,4876,0,0
time,5,linear_orders,reprice_random_4096,index_replace_ack_visible,4000,45,57,59,141,0,0
time,5,linear_orders,mixed_4_q0,fill_plus_queries,20000,45,65,83,12883,0,0
time,5,linear_orders,mixed_4_q1,fill_plus_queries,20000,74,92,116,28071,0,0
time,5,linear_orders,mixed_4_q4,fill_plus_queries,20000,177,278,3280,35104,0,0
time,5,linear_orders,mixed_4_q16,fill_plus_queries,20000,529,745,12947,33725,0,0
time,5,linear_orders,mixed_32_q0,fill_plus_queries,20000,45,47,65,14039,0,0
time,5,linear_orders,mixed_32_q1,fill_plus_queries,20000,116,160,195,12324,0,0
time,5,linear_orders,mixed_32_q4,fill_plus_queries,20000,351,463,649,59920,0,0
time,5,linear_orders,mixed_32_q16,fill_plus_queries,20000,1255,2058,14629,110099,0,0
time,5,linear_orders,mixed_128_q0,fill_plus_queries,20000,45,57,64,21143,0,0
time,5,linear_orders,mixed_128_q1,fill_plus_queries,20000,246,389,679,26171,0,0
time,5,linear_orders,mixed_128_q4,fill_plus_queries,20000,877,1059,12518,31053,0,0
time,5,linear_orders,mixed_128_q16,fill_plus_queries,20000,3366,6854,23831,555041,0,0
time,5,linear_orders,mixed_4096_q0,fill_plus_queries,4000,45,57,66,4049,0,0
time,5,linear_orders,mixed_4096_q1,fill_plus_queries,4000,6710,14996,30123,79531,0,0
time,5,linear_orders,mixed_4096_q4,fill_plus_queries,4000,28598,64517,119928,1071000,0,0
time,5,linear_orders,mixed_4096_q16,fill_plus_queries,4000,112050,214935,540714,1757434,0,0
time,5,linear_orders,growth,new_order_price,20000,87,1433,3379,74955,0,0
time,5,linear_orders,growth,first32_subset,32,104,517,517,5186,0,0
time,5,linear_orders,growth,last_quarter_subset,5000,88,661,2848,74955,0,0
time,5,linear_orders,growth,every64_subset,313,1827,7310,37627,74955,0,0
time,5,linear_orders,4096books_4near_2far,summary_random,20000,195,487,3257,35100,0,0
time,5,linear_orders,prototype_4,intent_to_command,20000,61,80,118,36954,0,0
time,5,linear_orders,prototype_4,queued_intent,20000,46,57,79,39120,0,0
time,5,linear_orders,prototype_4,report_visible,20000,62,89,215,34688,0,0
time,5,linear_orders,prototype_4,ready_to_command,20000,71,107,236,14959,0,0
time,5,linear_orders,prototype_32,intent_to_command,20000,61,83,113,12917,0,0
time,5,linear_orders,prototype_32,queued_intent,20000,46,60,81,20323,0,0
time,5,linear_orders,prototype_32,report_visible,20000,62,93,200,2985,0,0
time,5,linear_orders,prototype_32,ready_to_command,20000,70,109,243,5034,0,0
time,5,linear_orders,prototype_128,intent_to_command,20000,61,78,112,12408,0,0
time,5,linear_orders,prototype_128,queued_intent,20000,46,54,75,15757,0,0
time,5,linear_orders,prototype_128,report_visible,20000,63,83,197,21976,0,0
time,5,linear_orders,prototype_128,ready_to_command,20000,70,101,197,14776,0,0
time,5,sorted_deque,prices_4,summary_first,20000,46,48,64,14010,0,0
time,5,sorted_deque,prices_4,summary_last,20000,46,54,62,19834,0,0
time,5,sorted_deque,prices_4,summary_miss,20000,39,41,60,32615,0,0
time,5,sorted_deque,prices_4,summary_random,20000,57,68,88,14300,0,0
time,5,sorted_deque,prices_4,best,20000,34,42,57,13769,0,0
time,5,sorted_deque,prices_4,sorted_range8,2000,49,62,97,260,0,0
time,5,sorted_deque,prices_4,orders_at,2000,49,61,106,3938,0,0
time,5,sorted_deque,prices_4,batch64_summary,2000,1445,1885,17929,34934,0,0
time,5,sorted_deque,updates_4,index_fill_visible,20000,67,94,180,19040,0,0
time,5,sorted_deque,updates_4,index_replace_submit,20000,105,161,265,238880,0,0
time,5,sorted_deque,updates_4,index_replace_ack_visible,20000,115,160,296,25198,0,0
time,5,sorted_deque,updates_4,index_cancel_submit,20000,67,93,132,18999,0,0
time,5,sorted_deque,updates_4,index_terminal_visible,20000,84,118,170,12149,0,0
time,5,sorted_deque,updates_4,index_reactivate,20000,111,148,228,17200,0,0
time,5,sorted_deque,prices_8,summary_first,20000,46,57,85,34913,0,0
time,5,sorted_deque,prices_8,summary_last,20000,46,58,82,2747,0,0
time,5,sorted_deque,prices_8,summary_miss,20000,39,50,71,19494,0,0
time,5,sorted_deque,prices_8,summary_random,20000,58,77,101,14230,0,0
time,5,sorted_deque,prices_8,best,20000,34,48,63,51410,0,0
time,5,sorted_deque,prices_8,sorted_range8,2000,57,60,91,151,0,0
time,5,sorted_deque,prices_8,orders_at,2000,49,64,87,252,0,0
time,5,sorted_deque,prices_8,batch64_summary,2000,1594,2088,19612,29324,0,0
time,5,sorted_deque,updates_8,index_fill_visible,20000,67,94,155,16738,0,0
time,5,sorted_deque,updates_8,index_replace_submit,20000,104,164,261,40832,0,0
time,5,sorted_deque,updates_8,index_replace_ack_visible,20000,116,163,245,24394,0,0
time,5,sorted_deque,updates_8,index_cancel_submit,20000,67,93,133,18846,0,0
time,5,sorted_deque,updates_8,index_terminal_visible,20000,85,121,195,16686,0,0
time,5,sorted_deque,updates_8,index_reactivate,20000,114,156,2803,39543,0,0
time,5,sorted_deque,prices_16,summary_first,20000,46,61,154,34259,0,0
time,5,sorted_deque,prices_16,summary_last,20000,50,72,128,3432,0,0
time,5,sorted_deque,prices_16,summary_miss,20000,39,54,80,3986,0,0
time,5,sorted_deque,prices_16,summary_random,20000,61,88,119,20856,0,0
time,5,sorted_deque,prices_16,best,20000,34,52,75,4541,0,0
time,5,sorted_deque,prices_16,sorted_range8,2000,58,101,221,2945,0,0
time,5,sorted_deque,prices_16,orders_at,2000,53,85,2453,18804,0,0
time,5,sorted_deque,prices_16,batch64_summary,2000,1817,4411,26220,37078,0,0
time,5,sorted_deque,updates_16,index_fill_visible,20000,67,104,178,3755,0,0
time,5,sorted_deque,updates_16,index_replace_submit,20000,110,194,312,108646,0,0
time,5,sorted_deque,updates_16,index_replace_ack_visible,20000,123,197,337,24147,0,0
time,5,sorted_deque,updates_16,index_cancel_submit,20000,67,104,178,32526,0,0
time,5,sorted_deque,updates_16,index_terminal_visible,20000,86,145,214,46747,0,0
time,5,sorted_deque,updates_16,index_reactivate,20000,123,192,314,90011,0,0
time,5,sorted_deque,prices_32,summary_first,20000,47,62,102,13389,0,0
time,5,sorted_deque,prices_32,summary_last,20000,52,62,86,4887,0,0
time,5,sorted_deque,prices_32,summary_miss,20000,46,57,81,19653,0,0
time,5,sorted_deque,prices_32,summary_random,20000,80,107,138,20436,0,0
time,5,sorted_deque,prices_32,best,20000,34,48,64,23361,0,0
time,5,sorted_deque,prices_32,sorted_range8,2000,57,87,137,169,0,0
time,5,sorted_deque,prices_32,orders_at,2000,54,96,166,185,0,0
time,5,sorted_deque,prices_32,batch64_summary,2000,2939,5549,16766,23260,0,0
time,5,sorted_deque,updates_32,index_fill_visible,20000,67,93,113,8760,0,0
time,5,sorted_deque,updates_32,index_replace_submit,20000,111,171,286,19153,0,0
time,5,sorted_deque,updates_32,index_replace_ack_visible,20000,123,176,387,20792,0,0
time,5,sorted_deque,updates_32,index_cancel_submit,20000,67,91,128,11864,0,0
time,5,sorted_deque,updates_32,index_terminal_visible,20000,87,126,170,25095,0,0
time,5,sorted_deque,updates_32,index_reactivate,20000,122,179,277,6636,0,0
time,5,sorted_deque,prices_128,summary_first,20000,49,63,85,12436,0,0
time,5,sorted_deque,prices_128,summary_last,20000,53,63,79,37609,0,0
time,5,sorted_deque,prices_128,summary_miss,20000,48,58,70,14045,0,0
time,5,sorted_deque,prices_128,summary_random,20000,93,130,147,19786,0,0
time,5,sorted_deque,prices_128,best,20000,34,47,57,13403,0,0
time,5,sorted_deque,prices_128,sorted_range8,2000,60,63,77,167,0,0
time,5,sorted_deque,prices_128,orders_at,2000,68,117,133,154,0,0
time,5,sorted_deque,updates_128,index_fill_visible,20000,70,98,163,15272,0,0
time,5,sorted_deque,updates_128,index_replace_submit,20000,126,214,316,18615,0,0
time,5,sorted_deque,updates_128,index_replace_ack_visible,20000,134,214,325,16427,0,0
time,5,sorted_deque,updates_128,index_cancel_submit,20000,67,94,133,24105,0,0
time,5,sorted_deque,updates_128,index_terminal_visible,20000,95,156,247,12964,0,0
time,5,sorted_deque,updates_128,index_reactivate,20000,136,252,369,23180,0,0
time,5,sorted_deque,prices_1024,summary_first,4000,53,79,106,3531,0,0
time,5,sorted_deque,prices_1024,summary_last,4000,58,77,123,4405,0,0
time,5,sorted_deque,prices_1024,summary_miss,4000,51,71,132,18323,0,0
time,5,sorted_deque,prices_1024,summary_random,4000,122,226,403,3233,0,0
time,5,sorted_deque,prices_1024,best,4000,34,46,55,200,0,0
time,5,sorted_deque,prices_1024,sorted_range8,2000,62,121,191,354,0,0
time,5,sorted_deque,prices_1024,orders_at,2000,122,248,4333,45718,0,0
time,5,sorted_deque,updates_1024,index_fill_visible,4000,70,92,168,382,0,0
time,5,sorted_deque,updates_1024,index_replace_submit,4000,139,329,903,14148,0,0
time,5,sorted_deque,updates_1024,index_replace_ack_visible,4000,150,331,399,3848,0,0
time,5,sorted_deque,updates_1024,index_cancel_submit,4000,67,82,94,3252,0,0
time,5,sorted_deque,updates_1024,index_terminal_visible,4000,101,238,262,340,0,0
time,5,sorted_deque,updates_1024,index_reactivate,4000,153,428,492,23686,0,0
time,5,sorted_deque,prices_4096,summary_first,4000,55,86,203,3880,0,0
time,5,sorted_deque,prices_4096,summary_last,4000,63,87,170,5620,0,0
time,5,sorted_deque,prices_4096,summary_miss,4000,54,75,97,315,0,0
time,5,sorted_deque,prices_4096,summary_random,4000,170,445,543,3514,0,0
time,5,sorted_deque,prices_4096,best,4000,34,49,64,112,0,0
time,5,sorted_deque,prices_4096,sorted_range8,2000,64,132,310,389,0,0
time,5,sorted_deque,prices_4096,orders_at,2000,161,445,4028,20985,0,0
time,5,sorted_deque,updates_4096,index_fill_visible,4000,72,160,277,6006,0,0
time,5,sorted_deque,updates_4096,index_replace_submit,4000,126,151,294,5770,0,0
time,5,sorted_deque,updates_4096,index_replace_ack_visible,4000,140,167,224,590,0,0
time,5,sorted_deque,updates_4096,index_cancel_submit,4000,67,83,97,207,0,0
time,5,sorted_deque,updates_4096,index_terminal_visible,4000,93,107,285,13578,0,0
time,5,sorted_deque,updates_4096,index_reactivate,4000,146,173,326,25439,0,0
time,5,sorted_deque,crowded_32,summary_first,4000,46,48,63,11080,0,0
time,5,sorted_deque,crowded_32,summary_last,4000,47,49,57,85,0,0
time,5,sorted_deque,crowded_32,summary_miss,4000,39,41,56,113,0,0
time,5,sorted_deque,crowded_32,summary_random,4000,48,50,62,4169,0,0
time,5,sorted_deque,crowded_32,best,4000,34,36,57,65,0,0
time,5,sorted_deque,crowded_32,sorted_range8,2000,42,45,62,116,0,0
time,5,sorted_deque,crowded_32,orders_at,2000,187,197,287,17213,0,0
time,5,sorted_deque,crowded_32,batch64_summary,2000,481,489,563,12158,0,0
time,5,sorted_deque,crowded_4096,summary_first,4000,64,132,155,173,0,0
time,5,sorted_deque,crowded_4096,summary_last,4000,47,61,77,80,0,0
time,5,sorted_deque,crowded_4096,summary_miss,4000,39,70,81,13536,0,0
time,5,sorted_deque,crowded_4096,summary_random,4000,48,61,82,95,0,0
time,5,sorted_deque,crowded_4096,best,4000,34,52,72,201,0,0
time,5,sorted_deque,crowded_4096,sorted_range8,2000,44,74,84,94,0,0
time,5,sorted_deque,crowded_4096,orders_at,2000,24166,41706,53235,56930,0,0
time,5,sorted_deque,reprice_random_8,index_replace_submit,20000,114,149,203,15914,0,0
time,5,sorted_deque,reprice_random_8,index_replace_ack_visible,20000,137,165,193,24172,0,0
time,5,sorted_deque,reprice_random_32,index_replace_submit,20000,141,178,275,13879,0,0
time,5,sorted_deque,reprice_random_32,index_replace_ack_visible,20000,180,222,260,22305,0,0
time,5,sorted_deque,reprice_random_128,index_replace_submit,20000,175,291,400,12664,0,0
time,5,sorted_deque,reprice_random_128,index_replace_ack_visible,20000,222,330,460,35435,0,0
time,5,sorted_deque,reprice_random_1024,index_replace_submit,4000,366,576,3871,17459,0,0
time,5,sorted_deque,reprice_random_1024,index_replace_ack_visible,4000,323,500,824,17675,0,0
time,5,sorted_deque,reprice_random_4096,index_replace_submit,4000,841,2792,18300,34321,0,0
time,5,sorted_deque,reprice_random_4096,index_replace_ack_visible,4000,782,1690,5093,18155,0,0
time,5,sorted_deque,mixed_4_q0,fill_plus_queries,20000,67,74,118,43025,0,0
time,5,sorted_deque,mixed_4_q1,fill_plus_queries,20000,87,105,128,21670,0,0
time,5,sorted_deque,mixed_4_q4,fill_plus_queries,20000,162,247,516,18020,0,0
time,5,sorted_deque,mixed_4_q16,fill_plus_queries,20000,442,542,4119,46939,0,0
time,5,sorted_deque,mixed_32_q0,fill_plus_queries,20000,67,85,107,12780,0,0
time,5,sorted_deque,mixed_32_q1,fill_plus_queries,20000,103,132,149,19612,0,0
time,5,sorted_deque,mixed_32_q4,fill_plus_queries,20000,223,294,3065,20730,0,0
time,5,sorted_deque,mixed_32_q16,fill_plus_queries,20000,675,899,5470,34972,0,0
time,5,sorted_deque,mixed_128_q0,fill_plus_queries,20000,67,84,86,30491,0,0
time,5,sorted_deque,mixed_128_q1,fill_plus_queries,20000,118,155,172,33462,0,0
time,5,sorted_deque,mixed_128_q4,fill_plus_queries,20000,277,366,538,23515,0,0
time,5,sorted_deque,mixed_128_q16,fill_plus_queries,20000,868,1059,12222,34423,0,0
time,5,sorted_deque,mixed_4096_q0,fill_plus_queries,4000,67,157,365,4908,0,0
time,5,sorted_deque,mixed_4096_q1,fill_plus_queries,4000,174,247,359,13872,0,0
time,5,sorted_deque,mixed_4096_q4,fill_plus_queries,4000,454,786,3982,39955,0,0
time,5,sorted_deque,mixed_4096_q16,fill_plus_queries,4000,1554,2098,18651,47749,0,0
time,5,sorted_deque,growth,new_order_price,20000,194,2407,15792,550380,0,0
time,5,sorted_deque,growth,first32_subset,32,232,512,512,4481,0,0
time,5,sorted_deque,growth,last_quarter_subset,5000,198,11834,16547,134026,0,0
time,5,sorted_deque,growth,every64_subset,313,3982,22281,41252,134026,0,0
time,5,sorted_deque,4096books_4near_2far,summary_random,20000,149,546,3159,42902,0,0
time,5,sorted_deque,prototype_4,intent_to_command,20000,115,190,440,32832,0,0
time,5,sorted_deque,prototype_4,queued_intent,20000,46,62,90,3603,0,0
time,5,sorted_deque,prototype_4,report_visible,20000,131,212,416,26525,0,0
time,5,sorted_deque,prototype_4,ready_to_command,20000,126,233,600,26762,0,0
time,5,sorted_deque,prototype_32,intent_to_command,20000,122,162,217,18126,0,0
time,5,sorted_deque,prototype_32,queued_intent,20000,46,49,62,11456,0,0
time,5,sorted_deque,prototype_32,report_visible,20000,139,181,313,12181,0,0
time,5,sorted_deque,prototype_32,ready_to_command,20000,132,180,275,21656,0,0
time,5,sorted_deque,prototype_128,intent_to_command,20000,146,247,358,13047,0,0
time,5,sorted_deque,prototype_128,queued_intent,20000,46,63,80,18667,0,0
time,5,sorted_deque,prototype_128,report_visible,20000,155,293,515,44133,0,0
time,5,sorted_deque,prototype_128,ready_to_command,20000,153,308,465,20778,0,0
time,5,sorted_deque_soa,prices_4,summary_first,20000,55,57,67,4533,0,0
time,5,sorted_deque_soa,prices_4,summary_last,20000,53,61,67,32863,0,0
time,5,sorted_deque_soa,prices_4,summary_miss,20000,47,49,61,13117,0,0
time,5,sorted_deque_soa,prices_4,summary_random,20000,56,59,69,3900,0,0
time,5,sorted_deque_soa,prices_4,best,20000,34,36,57,221,0,0
time,5,sorted_deque_soa,prices_4,sorted_range8,2000,58,60,103,244,0,0
time,5,sorted_deque_soa,prices_4,orders_at,2000,57,64,76,102,0,0
time,5,sorted_deque_soa,prices_4,batch64_summary,2000,996,1435,16973,32898,0,0
time,5,sorted_deque_soa,updates_4,index_fill_visible,20000,68,133,267,3430,0,0
time,5,sorted_deque_soa,updates_4,index_replace_submit,20000,112,199,334,19356,0,0
time,5,sorted_deque_soa,updates_4,index_replace_ack_visible,20000,127,194,350,32331,0,0
time,5,sorted_deque_soa,updates_4,index_cancel_submit,20000,68,103,162,23973,0,0
time,5,sorted_deque_soa,updates_4,index_terminal_visible,20000,88,145,267,21213,0,0
time,5,sorted_deque_soa,updates_4,index_reactivate,20000,120,191,354,15559,0,0
time,5,sorted_deque_soa,prices_8,summary_first,20000,57,67,82,3011,0,0
time,5,sorted_deque_soa,prices_8,summary_last,20000,55,65,86,12801,0,0
time,5,sorted_deque_soa,prices_8,summary_miss,20000,49,59,78,14678,0,0
time,5,sorted_deque_soa,prices_8,summary_random,20000,58,67,147,41658,0,0
time,5,sorted_deque_soa,prices_8,best,20000,34,45,57,14076,0,0
time,5,sorted_deque_soa,prices_8,sorted_range8,2000,68,71,122,198,0,0
time,5,sorted_deque_soa,prices_8,orders_at,2000,59,68,200,3578,0,0
time,5,sorted_deque_soa,prices_8,batch64_summary,2000,1029,1494,13192,17466,0,0
time,5,sorted_deque_soa,updates_8,index_fill_visible,20000,68,92,190,15913,0,0
time,5,sorted_deque_soa,updates_8,index_replace_submit,20000,117,166,240,12835,0,0
time,5,sorted_deque_soa,updates_8,index_replace_ack_visible,20000,132,176,326,11297,0,0
time,5,sorted_deque_soa,updates_8,index_cancel_submit,20000,68,89,161,3851,0,0
time,5,sorted_deque_soa,updates_8,index_terminal_visible,20000,91,129,264,27887,0,0
time,5,sorted_deque_soa,updates_8,index_reactivate,20000,128,176,352,17517,0,0
time,5,sorted_deque_soa,prices_16,summary_first,20000,61,70,151,12856,0,0
time,5,sorted_deque_soa,prices_16,summary_last,20000,60,69,81,16994,0,0
time,5,sorted_deque_soa,prices_16,summary_miss,20000,53,64,89,13968,0,0
time,5,sorted_deque_soa,prices_16,summary_random,20000,62,71,87,15822,0,0
time,5,sorted_deque_soa,prices_16,best,20000,34,44,60,4417,0,0
time,5,sorted_deque_soa,prices_16,sorted_range8,2000,72,105,221,16275,0,0
time,5,sorted_deque_soa,prices_16,orders_at,2000,65,83,165,3911,0,0
time,5,sorted_deque_soa,prices_16,batch64_summary,2000,1348,1623,12849,20782,0,0
time,5,sorted_deque_soa,updates_16,index_fill_visible,20000,68,96,179,14192,0,0
time,5,sorted_deque_soa,updates_16,index_replace_submit,20000,128,196,304,55288,0,0
time,5,sorted_deque_soa,updates_16,index_replace_ack_visible,20000,141,197,310,21772,0,0
time,5,sorted_deque_soa,updates_16,index_cancel_submit,20000,68,93,133,28525,0,0
time,5,sorted_deque_soa,updates_16,index_terminal_visible,20000,97,139,227,14362,0,0
time,5,sorted_deque_soa,updates_16,index_reactivate,20000,144,203,326,14302,0,0
time,5,sorted_deque_soa,prices_32,summary_first,20000,69,72,89,31736,0,0
time,5,sorted_deque_soa,prices_32,summary_last,20000,67,76,93,15905,0,0
time,5,sorted_deque_soa,prices_32,summary_miss,20000,61,67,95,19339,0,0
time,5,sorted_deque_soa,prices_32,summary_random,20000,71,77,101,4540,0,0
time,5,sorted_deque_soa,prices_32,best,20000,34,38,62,778212,0,0
time,5,sorted_deque_soa,prices_32,sorted_range8,2000,80,82,104,4665,0,0
time,5,sorted_deque_soa,prices_32,orders_at,2000,72,81,146,12899,0,0
time,5,sorted_deque_soa,prices_32,batch64_summary,2000,1808,2436,16939,23720,0,0
time,5,sorted_deque_soa,updates_32,index_fill_visible,20000,68,100,174,15076,0,0
time,5,sorted_deque_soa,updates_32,index_replace_submit,20000,155,238,407,42545,0,0
time,5,sorted_deque_soa,updates_32,index_replace_ack_visible,20000,158,229,345,20493,0,0
time,5,sorted_deque_soa,updates_32,index_cancel_submit,20000,68,98,133,23630,0,0
time,5,sorted_deque_soa,updates_32,index_terminal_visible,20000,105,158,287,27495,0,0
time,5,sorted_deque_soa,updates_32,index_reactivate,20000,177,257,404,33271,0,0
time,5,sorted_deque_soa,prices_128,summary_first,20000,50,57,70,14760,0,0
time,5,sorted_deque_soa,prices_128,summary_last,20000,52,61,74,3348,0,0
time,5,sorted_deque_soa,prices_128,summary_miss,20000,44,51,63,3585,0,0
time,5,sorted_deque_soa,prices_128,summary_random,20000,89,119,146,39403,0,0
time,5,sorted_deque_soa,prices_128,best,20000,34,48,58,204,0,0
time,5,sorted_deque_soa,prices_128,sorted_range8,2000,61,87,109,176,0,0
time,5,sorted_deque_soa,prices_128,orders_at,2000,65,115,130,145,0,0
time,5,sorted_deque_soa,updates_128,index_fill_visible,20000,71,93,138,6549,0,0
time,5,sorted_deque_soa,updates_128,index_replace_submit,20000,126,221,307,30316,0,0
time,5,sorted_deque_soa,updates_128,index_replace_ack_visible,20000,135,207,287,16351,0,0
time,5,sorted_deque_soa,updates_128,index_cancel_submit,20000,68,87,110,13614,0,0
time,5,sorted_deque_soa,updates_128,index_terminal_visible,20000,95,153,198,15084,0,0
time,5,sorted_deque_soa,updates_128,index_reactivate,20000,135,230,371,29170,0,0
time,5,sorted_deque_soa,prices_1024,summary_first,4000,50,53,76,219,0,0
time,5,sorted_deque_soa,prices_1024,summary_last,4000,55,64,72,117,0,0
time,5,sorted_deque_soa,prices_1024,summary_miss,4000,46,50,66,232,0,0
time,5,sorted_deque_soa,prices_1024,summary_random,4000,116,153,212,3931,0,0
time,5,sorted_deque_soa,prices_1024,best,4000,34,41,51,3480,0,0
time,5,sorted_deque_soa,prices_1024,sorted_range8,2000,61,66,114,176,0,0
time,5,sorted_deque_soa,prices_1024,orders_at,2000,113,150,208,230,0,0
time,5,sorted_deque_soa,updates_1024,index_fill_visible,4000,70,104,249,13408,0,0
time,5,sorted_deque_soa,updates_1024,index_replace_submit,4000,140,361,997,12066,0,0
time,5,sorted_deque_soa,updates_1024,index_replace_ack_visible,4000,144,311,507,15515,0,0
time,5,sorted_deque_soa,updates_1024,index_cancel_submit,4000,68,85,123,21275,0,0
time,5,sorted_deque_soa,updates_1024,index_terminal_visible,4000,101,239,332,13170,0,0
time,5,sorted_deque_soa,updates_1024,index_reactivate,4000,149,410,493,4049,0,0
time,5,sorted_deque_soa,prices_4096,summary_first,4000,52,108,126,18726,0,0
time,5,sorted_deque_soa,prices_4096,summary_last,4000,57,113,152,220,0,0
time,5,sorted_deque_soa,prices_4096,summary_miss,4000,48,98,177,863,0,0
time,5,sorted_deque_soa,prices_4096,summary_random,4000,163,440,515,16421,0,0
time,5,sorted_deque_soa,prices_4096,best,4000,34,60,71,134,0,0
time,5,sorted_deque_soa,prices_4096,sorted_range8,2000,61,100,203,17692,0,0
time,5,sorted_deque_soa,prices_4096,orders_at,2000,147,429,562,37084,0,0
time,5,sorted_deque_soa,updates_4096,index_fill_visible,4000,72,213,366,492,0,0
time,5,sorted_deque_soa,updates_4096,index_replace_submit,4000,120,220,370,67818,0,0
time,5,sorted_deque_soa,updates_4096,index_replace_ack_visible,4000,132,218,459,26996,0,0
time,5,sorted_deque_soa,updates_4096,index_cancel_submit,4000,68,104,134,4828,0,0
time,5,sorted_deque_soa,updates_4096,index_terminal_visible,4000,92,157,264,337,0,0
time,5,sorted_deque_soa,updates_4096,index_reactivate,4000,134,227,278,15283,0,0
time,5,sorted_deque_soa,crowded_32,summary_first,4000,50,59,67,144,0,0
time,5,sorted_deque_soa,crowded_32,summary_last,4000,50,60,73,14388,0,0
time,5,sorted_deque_soa,crowded_32,summary_miss,4000,41,52,60,4025,0,0
time,5,sorted_deque_soa,crowded_32,summary_random,4000,51,60,64,81,0,0
time,5,sorted_deque_soa,crowded_32,best,4000,34,44,60,105,0,0
time,5,sorted_deque_soa,crowded_32,sorted_range8,2000,45,56,73,18735,0,0
time,5,sorted_deque_soa,crowded_32,orders_at,2000,190,208,364,7277,0,0
time,5,sorted_deque_soa,crowded_32,batch64_summary,2000,516,537,7639,39603,0,0
time,5,sorted_deque_soa,crowded_4096,summary_first,4000,73,149,223,19351,0,0
time,5,sorted_deque_soa,crowded_4096,summary_last,4000,50,77,99,13196,0,0
time,5,sorted_deque_soa,crowded_4096,summary_miss,4000,41,60,77,19400,0,0
time,5,sorted_deque_soa,crowded_4096,summary_random,4000,52,63,86,7951,0,0
time,5,sorted_deque_soa,crowded_4096,best,4000,34,58,77,96,0,0
time,5,sorted_deque_soa,crowded_4096,sorted_range8,2000,46,68,90,132,0,0
time,5,sorted_deque_soa,crowded_4096,orders_at,2000,24190,41232,56578,117079,0,0
time,5,sorted_deque_soa,reprice_random_8,index_replace_submit,20000,128,200,382,21050,0,0
time,5,sorted_deque_soa,reprice_random_8,index_replace_ack_visible,20000,150,209,360,26063,0,0
time,5,sorted_deque_soa,reprice_random_32,index_replace_submit,20000,178,227,406,33435,0,0
time,5,sorted_deque_soa,reprice_random_32,index_replace_ack_visible,20000,187,232,453,80064,0,0
time,5,sorted_deque_soa,reprice_random_128,index_replace_submit,20000,175,257,413,15340,0,0
time,5,sorted_deque_soa,reprice_random_128,index_replace_ack_visible,20000,213,276,456,14309,0,0
time,5,sorted_deque_soa,reprice_random_1024,index_replace_submit,4000,374,490,663,13738,0,0
time,5,sorted_deque_soa,reprice_random_1024,index_replace_ack_visible,4000,323,433,4913,31777,0,0
time,5,sorted_deque_soa,reprice_random_4096,index_replace_submit,4000,952,5366,23145,46910,0,0
time,5,sorted_deque_soa,reprice_random_4096,index_replace_ack_visible,4000,877,5027,23223,30964,0,0
time,5,sorted_deque_soa,mixed_4_q0,fill_plus_queries,20000,68,87,2643,13577,0,0
time,5,sorted_deque_soa,mixed_4_q1,fill_plus_queries,20000,86,137,2640,88694,0,0
time,5,sorted_deque_soa,mixed_4_q4,fill_plus_queries,20000,131,185,415,25662,0,0
time,5,sorted_deque_soa,mixed_4_q16,fill_plus_queries,20000,305,475,3575,38661,0,0
time,5,sorted_deque_soa,mixed_32_q0,fill_plus_queries,20000,68,93,122,13918,0,0
time,5,sorted_deque_soa,mixed_32_q1,fill_plus_queries,20000,100,111,2806,16681,0,0
time,5,sorted_deque_soa,mixed_32_q4,fill_plus_queries,20000,194,278,3078,27184,0,0
time,5,sorted_deque_soa,mixed_32_q16,fill_plus_queries,20000,554,862,5738,40462,0,0
time,5,sorted_deque_soa,mixed_128_q0,fill_plus_queries,20000,69,115,3047,16457,0,0
time,5,sorted_deque_soa,mixed_128_q1,fill_plus_queries,20000,118,188,3206,30651,0,0
time,5,sorted_deque_soa,mixed_128_q4,fill_plus_queries,20000,264,375,3710,28833,0,0
time,5,sorted_deque_soa,mixed_128_q16,fill_plus_queries,20000,829,3542,14068,23097,0,0
time,5,sorted_deque_soa,mixed_4096_q0,fill_plus_queries,4000,69,195,519,3387,0,0
time,5,sorted_deque_soa,mixed_4096_q1,fill_plus_queries,4000,172,282,3191,20389,0,0
time,5,sorted_deque_soa,mixed_4096_q4,fill_plus_queries,4000,393,532,3803,20034,0,0
time,5,sorted_deque_soa,mixed_4096_q16,fill_plus_queries,4000,1318,4395,19532,51435,0,0
time,5,sorted_deque_soa,growth,new_order_price,20000,179,3061,8224,107443,0,0
time,5,sorted_deque_soa,growth,first32_subset,32,340,900,900,4646,0,0
time,5,sorted_deque_soa,growth,last_quarter_subset,5000,181,4611,8551,49566,0,0
time,5,sorted_deque_soa,growth,every64_subset,313,3688,14565,27620,49566,0,0
time,5,sorted_deque_soa,4096books_4near_2far,summary_random,20000,157,578,3272,24640,0,0
time,5,sorted_deque_soa,prototype_4,intent_to_command,20000,122,158,2777,13666,0,0
time,5,sorted_deque_soa,prototype_4,queued_intent,20000,46,53,78,13754,0,0
time,5,sorted_deque_soa,prototype_4,report_visible,20000,142,198,3001,44025,0,0
time,5,sorted_deque_soa,prototype_4,ready_to_command,20000,133,205,3001,62912,0,0
time,5,sorted_deque_soa,prototype_32,intent_to_command,20000,172,283,3166,24140,0,0
time,5,sorted_deque_soa,prototype_32,queued_intent,20000,46,60,122,13347,0,0
time,5,sorted_deque_soa,prototype_32,report_visible,20000,178,308,3231,40052,0,0
time,5,sorted_deque_soa,prototype_32,ready_to_command,20000,182,314,3315,23663,0,0
time,5,sorted_deque_soa,prototype_128,intent_to_command,20000,159,294,444,27026,0,0
time,5,sorted_deque_soa,prototype_128,queued_intent,20000,46,65,148,20868,0,0
time,5,sorted_deque_soa,prototype_128,report_visible,20000,167,322,607,39778,0,0
time,5,sorted_deque_soa,prototype_128,ready_to_command,20000,172,352,483,38548,0,0
time,6,adaptive,prices_4,summary_first,20000,49,72,2584,20517,0,0
time,6,adaptive,prices_4,summary_last,20000,50,73,201,26920,0,0
time,6,adaptive,prices_4,summary_miss,20000,40,60,177,20840,0,0
time,6,adaptive,prices_4,summary_random,20000,63,95,247,17188,0,0
time,6,adaptive,prices_4,best,20000,34,65,178,7089,0,0
time,6,adaptive,prices_4,sorted_range8,2000,50,82,163,379,0,0
time,6,adaptive,prices_4,orders_at,2000,53,78,109,119,0,0
time,6,adaptive,prices_4,batch64_summary,2000,1757,4968,27209,298828,0,0
time,6,adaptive,updates_4,index_fill_visible,20000,68,167,2678,316146,0,0
time,6,adaptive,updates_4,index_replace_submit,20000,109,205,2955,93655,0,0
time,6,adaptive,updates_4,index_replace_ack_visible,20000,107,198,2865,36847,0,0
time,6,adaptive,updates_4,index_cancel_submit,20000,68,116,2609,82201,0,0
time,6,adaptive,updates_4,index_terminal_visible,20000,73,145,266,14421,0,0
time,6,adaptive,updates_4,index_reactivate,20000,123,211,2908,25097,0,0
time,6,adaptive,prices_8,summary_first,20000,50,55,2693,33055,0,0
time,6,adaptive,prices_8,summary_last,20000,47,64,2690,14078,0,0
time,6,adaptive,prices_8,summary_miss,20000,40,43,2664,13365,0,0
time,6,adaptive,prices_8,summary_random,20000,63,85,2709,54086,0,0
time,6,adaptive,prices_8,best,20000,34,49,2571,14704,0,0
time,6,adaptive,prices_8,sorted_range8,2000,59,174,2824,2886,0,0
time,6,adaptive,prices_8,orders_at,2000,53,174,2730,2771,0,0
time,6,adaptive,prices_8,batch64_summary,2000,1772,4529,16301,25556,0,0
time,6,adaptive,updates_8,index_fill_visible,20000,68,94,770,13648,0,0
time,6,adaptive,updates_8,index_replace_submit,20000,107,171,2811,21136,0,0
time,6,adaptive,updates_8,index_replace_ack_visible,20000,109,160,2762,20397,0,0
time,6,adaptive,updates_8,index_cancel_submit,20000,67,87,194,14487,0,0
time,6,adaptive,updates_8,index_terminal_visible,20000,74,115,226,21240,0,0
time,6,adaptive,updates_8,index_reactivate,20000,126,174,2972,29164,0,0
time,6,adaptive,prices_16,summary_first,20000,48,51,172,13398,0,0
time,6,adaptive,prices_16,summary_last,20000,52,65,142,13596,0,0
time,6,adaptive,prices_16,summary_miss,20000,40,43,71,7548,0,0
time,6,adaptive,prices_16,summary_random,20000,64,84,134,38501,0,0
time,6,adaptive,prices_16,best,20000,34,50,61,12793,0,0
time,6,adaptive,prices_16,sorted_range8,2000,58,61,300,20258,0,0
time,6,adaptive,prices_16,orders_at,2000,51,93,2689,3027,0,0
time,6,adaptive,prices_16,batch64_summary,2000,1995,4890,22034,35745,0,0
time,6,adaptive,updates_16,index_fill_visible,20000,68,95,2656,7879,0,0
time,6,adaptive,updates_16,index_replace_submit,20000,113,188,2902,20217,0,0
time,6,adaptive,updates_16,index_replace_ack_visible,20000,112,174,2929,27998,0,0
time,6,adaptive,updates_16,index_cancel_submit,20000,67,92,206,19965,0,0
time,6,adaptive,updates_16,index_terminal_visible,20000,76,129,2861,17001,0,0
time,6,adaptive,updates_16,index_reactivate,20000,136,195,2911,20848,0,0
time,6,adaptive,prices_32,summary_first,20000,48,63,162,13570,0,0
time,6,adaptive,prices_32,summary_last,20000,53,65,169,5454,0,0
time,6,adaptive,prices_32,summary_miss,20000,46,58,116,18815,0,0
time,6,adaptive,prices_32,summary_random,20000,83,112,2677,22103,0,0
time,6,adaptive,prices_32,best,20000,34,49,81,14315,0,0
time,6,adaptive,prices_32,sorted_range8,2000,59,90,2624,3285,0,0
time,6,adaptive,prices_32,orders_at,2000,56,102,132,30786,0,0
time,6,adaptive,prices_32,batch64_summary,2000,3051,6040,23560,43646,0,0
time,6,adaptive,updates_32,index_fill_visible,20000,68,104,286,17227,0,0
time,6,adaptive,updates_32,index_replace_submit,20000,112,205,3015,25558,0,0
time,6,adaptive,updates_32,index_replace_ack_visible,20000,115,199,2938,13816,0,0
time,6,adaptive,updates_32,index_cancel_submit,20000,68,101,209,20400,0,0
time,6,adaptive,updates_32,index_terminal_visible,20000,76,142,266,20915,0,0
time,6,adaptive,updates_32,index_reactivate,20000,133,215,2866,11816,0,0
time,6,adaptive,prices_128,summary_first,20000,49,72,195,22808,0,0
time,6,adaptive,prices_128,summary_last,20000,57,72,2656,18503,0,0
time,6,adaptive,prices_128,summary_miss,20000,48,65,150,23310,0,0
time,6,adaptive,prices_128,summary_random,20000,96,139,2766,30328,0,0
time,6,adaptive,prices_128,best,20000,34,51,75,20609,0,0
time,6,adaptive,prices_128,sorted_range8,2000,60,96,228,285,0,0
time,6,adaptive,prices_128,orders_at,2000,78,132,161,268,0,0
time,6,adaptive,updates_128,index_fill_visible,20000,71,122,275,15012,0,0
time,6,adaptive,updates_128,index_replace_submit,20000,132,227,3175,31877,0,0
time,6,adaptive,updates_128,index_replace_ack_visible,20000,131,213,3103,20431,0,0
time,6,adaptive,updates_128,index_cancel_submit,20000,67,87,2807,19052,0,0
time,6,adaptive,updates_128,index_terminal_visible,20000,88,153,3035,13845,0,0
time,6,adaptive,updates_128,index_reactivate,20000,150,271,3130,22801,0,0
time,6,adaptive,prices_1024,summary_first,4000,52,69,172,37230,0,0
time,6,adaptive,prices_1024,summary_last,4000,61,72,146,304,0,0
time,6,adaptive,prices_1024,summary_miss,4000,51,64,148,5764,0,0
time,6,adaptive,prices_1024,summary_random,4000,122,176,293,3293,0,0
time,6,adaptive,prices_1024,best,4000,34,42,57,15108,0,0
time,6,adaptive,prices_1024,sorted_range8,2000,62,81,297,4302,0,0
time,6,adaptive,prices_1024,orders_at,2000,114,162,271,378,0,0
time,6,adaptive,updates_1024,index_fill_visible,4000,71,146,362,3974,0,0
time,6,adaptive,updates_1024,index_replace_submit,4000,241,364,3534,116890,0,0
time,6,adaptive,updates_1024,index_replace_ack_visible,4000,288,528,4171,23795,0,0
time,6,adaptive,updates_1024,index_cancel_submit,4000,70,90,210,13918,0,0
time,6,adaptive,updates_1024,index_terminal_visible,4000,199,416,3309,16158,0,0
time,6,adaptive,updates_1024,index_reactivate,4000,293,483,3755,17768,0,0
time,6,adaptive,prices_4096,summary_first,4000,54,76,305,3264,0,0
time,6,adaptive,prices_4096,summary_last,4000,61,96,3596,25378,0,0
time,6,adaptive,prices_4096,summary_miss,4000,47,67,192,4422,0,0
time,6,adaptive,prices_4096,summary_random,4000,144,440,3669,17140,0,0
time,6,adaptive,prices_4096,best,4000,34,42,97,2934,0,0
time,6,adaptive,prices_4096,sorted_range8,2000,64,92,410,3168,0,0
time,6,adaptive,prices_4096,orders_at,2000,131,427,3120,22654,0,0
time,6,adaptive,updates_4096,index_fill_visible,4000,72,202,460,14635,0,0
time,6,adaptive,updates_4096,index_replace_submit,4000,245,372,3391,36821,0,0
time,6,adaptive,updates_4096,index_replace_ack_visible,4000,241,495,3491,16502,0,0
time,6,adaptive,updates_4096,index_cancel_submit,4000,70,88,181,25304,0,0
time,6,adaptive,updates_4096,index_terminal_visible,4000,194,363,3426,19022,0,0
time,6,adaptive,updates_4096,index_reactivate,4000,293,410,3011,4572,0,0
time,6,adaptive,crowded_32,summary_first,4000,48,61,84,3993,0,0
time,6,adaptive,crowded_32,summary_last,4000,49,61,75,126,0,0
time,6,adaptive,crowded_32,summary_miss,4000,40,53,66,78,0,0
time,6,adaptive,crowded_32,summary_random,4000,50,61,79,226,0,0
time,6,adaptive,crowded_32,best,4000,34,46,72,3209,0,0
time,6,adaptive,crowded_32,sorted_range8,2000,43,57,114,135,0,0
time,6,adaptive,crowded_32,orders_at,2000,190,217,263,326,0,0
time,6,adaptive,crowded_32,batch64_summary,2000,552,562,3971,25045,0,0
time,6,adaptive,crowded_4096,summary_first,4000,70,136,201,346,0,0
time,6,adaptive,crowded_4096,summary_last,4000,48,66,85,40712,0,0
time,6,adaptive,crowded_4096,summary_miss,4000,41,86,106,249,0,0
time,6,adaptive,crowded_4096,summary_random,4000,50,63,84,203,0,0
time,6,adaptive,crowded_4096,best,4000,34,58,79,81,0,0
time,6,adaptive,crowded_4096,sorted_range8,2000,45,81,108,4316,0,0
time,6,adaptive,crowded_4096,orders_at,2000,24232,45592,155378,1356235,0,0
time,6,adaptive,reprice_random_8,index_replace_submit,20000,109,149,214,14948,0,0
time,6,adaptive,reprice_random_8,index_replace_ack_visible,20000,135,164,226,14533,0,0
time,6,adaptive,reprice_random_32,index_replace_submit,20000,138,192,3121,22004,0,0
time,6,adaptive,reprice_random_32,index_replace_ack_visible,20000,177,226,2920,13417,0,0
time,6,adaptive,reprice_random_128,index_replace_submit,20000,168,271,337,33529,0,0
time,6,adaptive,reprice_random_128,index_replace_ack_visible,20000,210,302,458,116259,0,0
time,6,adaptive,reprice_random_1024,index_replace_submit,4000,296,505,4340,123656,0,0
time,6,adaptive,reprice_random_1024,index_replace_ack_visible,4000,359,573,1561,16745,0,0
time,6,adaptive,reprice_random_4096,index_replace_submit,4000,335,594,3820,78381,0,0
time,6,adaptive,reprice_random_4096,index_replace_ack_visible,4000,407,686,3960,21260,0,0
time,6,adaptive,mixed_4_q0,fill_plus_queries,20000,68,71,129,14678,0,0
time,6,adaptive,mixed_4_q1,fill_plus_queries,20000,92,112,144,15556,0,0
time,6,adaptive,mixed_4_q4,fill_plus_queries,20000,173,210,295,21015,0,0
time,6,adaptive,mixed_4_q16,fill_plus_queries,20000,490,586,3780,36593,0,0
time,6,adaptive,mixed_32_q0,fill_plus_queries,20000,67,83,91,14749,0,0
time,6,adaptive,mixed_32_q1,fill_plus_queries,20000,107,136,250,13685,0,0
time,6,adaptive,mixed_32_q4,fill_plus_queries,20000,235,356,3194,22530,0,0
time,6,adaptive,mixed_32_q16,fill_plus_queries,20000,701,880,4605,24184,0,0
time,6,adaptive,mixed_128_q0,fill_plus_queries,20000,68,85,88,3945,0,0
time,6,adaptive,mixed_128_q1,fill_plus_queries,20000,122,158,177,32027,0,0
time,6,adaptive,mixed_128_q4,fill_plus_queries,20000,276,368,471,72867,0,0
time,6,adaptive,mixed_128_q16,fill_plus_queries,20000,952,1319,18062,44262,0,0
time,6,adaptive,mixed_4096_q0,fill_plus_queries,4000,84,241,483,21785,0,0
time,6,adaptive,mixed_4096_q1,fill_plus_queries,4000,190,451,635,53875,0,0
time,6,adaptive,mixed_4096_q4,fill_plus_queries,4000,376,564,5974,22437,0,0
time,6,adaptive,mixed_4096_q16,fill_plus_queries,4000,1204,4483,17902,34053,0,0
time,6,adaptive,growth,new_order_price,20000,352,3838,8803,118817,0,0
time,6,adaptive,growth,first32_subset,32,255,408,408,4837,0,0
time,6,adaptive,growth,last_quarter_subset,5000,371,5388,10309,44794,0,0
time,6,adaptive,growth,every64_subset,313,4728,15396,44794,118817,0,0
time,6,adaptive,4096books_4near_2far,summary_random,20000,206,689,3999,41506,0,0
time,6,adaptive,prototype_4,intent_to_command,20000,159,235,1829,40172,0,0
time,6,adaptive,prototype_4,queued_intent,20000,54,79,128,32636,0,0
time,6,adaptive,prototype_4,report_visible,20000,172,280,3972,44922,0,0
time,6,adaptive,prototype_4,ready_to_command,20000,190,291,3836,65459,0,0
time,6,adaptive,prototype_32,intent_to_command,20000,116,236,399,30862,0,0
time,6,adaptive,prototype_32,queued_intent,20000,46,66,86,3777,0,0
time,6,adaptive,prototype_32,report_visible,20000,132,277,1026,38867,0,0
time,6,adaptive,prototype_32,ready_to_command,20000,131,289,556,40814,0,0
time,6,adaptive,prototype_128,intent_to_command,20000,131,231,354,24793,0,0
time,6,adaptive,prototype_128,queued_intent,20000,46,64,74,3709,0,0
time,6,adaptive,prototype_128,report_visible,20000,155,279,473,17687,0,0
time,6,adaptive,prototype_128,ready_to_command,20000,153,294,429,14371,0,0
time,6,sorted_deque_soa,prices_4,summary_first,20000,55,66,91,12248,0,0
time,6,sorted_deque_soa,prices_4,summary_last,20000,53,64,87,12971,0,0
time,6,sorted_deque_soa,prices_4,summary_miss,20000,47,58,86,15618,0,0
time,6,sorted_deque_soa,prices_4,summary_random,20000,57,66,84,4128,0,0
time,6,sorted_deque_soa,prices_4,best,20000,34,45,69,3157,0,0
time,6,sorted_deque_soa,prices_4,sorted_range8,2000,58,61,76,2703,0,0
time,6,sorted_deque_soa,prices_4,orders_at,2000,57,66,167,2596,0,0
time,6,sorted_deque_soa,prices_4,batch64_summary,2000,992,1280,14481,33137,0,0
time,6,sorted_deque_soa,updates_4,index_fill_visible,20000,68,143,307,11519,0,0
time,6,sorted_deque_soa,updates_4,index_replace_submit,20000,113,189,357,33876,0,0
time,6,sorted_deque_soa,updates_4,index_replace_ack_visible,20000,128,187,392,18286,0,0
time,6,sorted_deque_soa,updates_4,index_cancel_submit,20000,68,102,192,20199,0,0
time,6,sorted_deque_soa,updates_4,index_terminal_visible,20000,88,137,240,20076,0,0
time,6,sorted_deque_soa,updates_4,index_reactivate,20000,121,177,361,19863,0,0
time,6,sorted_deque_soa,prices_8,summary_first,20000,57,67,95,11366,0,0
time,6,sorted_deque_soa,prices_8,summary_last,20000,55,66,93,13422,0,0
time,6,sorted_deque_soa,prices_8,summary_miss,20000,49,60,80,12501,0,0
time,6,sorted_deque_soa,prices_8,summary_random,20000,58,67,90,13120,0,0
time,6,sorted_deque_soa,prices_8,best,20000,34,45,70,4026,0,0
time,6,sorted_deque_soa,prices_8,sorted_range8,2000,68,94,200,2942,0,0
time,6,sorted_deque_soa,prices_8,orders_at,2000,59,72,3028,3556,0,0
time,6,sorted_deque_soa,prices_8,batch64_summary,2000,1027,1164,5035,14859,0,0
time,6,sorted_deque_soa,updates_8,index_fill_visible,20000,68,91,193,17284,0,0
time,6,sorted_deque_soa,updates_8,index_replace_submit,20000,115,154,253,25373,0,0
time,6,sorted_deque_soa,updates_8,index_replace_ack_visible,20000,131,158,246,140995,0,0
time,6,sorted_deque_soa,updates_8,index_cancel_submit,20000,68,84,135,18224,0,0
time,6,sorted_deque_soa,updates_8,index_terminal_visible,20000,90,119,185,22692,0,0
time,6,sorted_deque_soa,updates_8,index_reactivate,20000,127,157,266,13643,0,0
time,6,sorted_deque_soa,prices_16,summary_first,20000,61,74,107,29663,0,0
time,6,sorted_deque_soa,prices_16,summary_last,20000,60,73,97,293699,0,0
time,6,sorted_deque_soa,prices_16,summary_miss,20000,53,66,90,21038,0,0
time,6,sorted_deque_soa,prices_16,summary_random,20000,62,76,132,27855,0,0
time,6,sorted_deque_soa,prices_16,best,20000,34,46,75,5696,0,0
time,6,sorted_deque_soa,prices_16,sorted_range8,2000,72,74,103,12770,0,0
time,6,sorted_deque_soa,prices_16,orders_at,2000,63,73,83,109,0,0
time,6,sorted_deque_soa,prices_16,batch64_summary,2000,1349,1928,20545,40863,0,0
time,6,sorted_deque_soa,updates_16,index_fill_visible,20000,68,103,180,4445,0,0
time,6,sorted_deque_soa,updates_16,index_replace_submit,20000,131,211,279,26650,0,0
time,6,sorted_deque_soa,updates_16,index_replace_ack_visible,20000,142,210,290,18928,0,0
time,6,sorted_deque_soa,updates_16,index_cancel_submit,20000,68,99,126,13629,0,0
time,6,sorted_deque_soa,updates_16,index_terminal_visible,20000,97,149,276,33937,0,0
time,6,sorted_deque_soa,updates_16,index_reactivate,20000,145,221,314,7088,0,0
time,6,sorted_deque_soa,prices_32,summary_first,20000,69,82,112,19686,0,0
time,6,sorted_deque_soa,prices_32,summary_last,20000,67,81,110,11646,0,0
time,6,sorted_deque_soa,prices_32,summary_miss,20000,61,76,118,228451,0,0
time,6,sorted_deque_soa,prices_32,summary_random,20000,71,86,113,13355,0,0
time,6,sorted_deque_soa,prices_32,best,20000,34,45,57,96,0,0
time,6,sorted_deque_soa,prices_32,sorted_range8,2000,80,82,94,205,0,0
time,6,sorted_deque_soa,prices_32,orders_at,2000,72,81,100,3107,0,0
time,6,sorted_deque_soa,prices_32,batch64_summary,2000,1803,2559,20216,56502,0,0
time,6,sorted_deque_soa,updates_32,index_fill_visible,20000,68,111,215,19310,0,0
time,6,sorted_deque_soa,updates_32,index_replace_submit,20000,155,257,512,21395,0,0
time,6,sorted_deque_soa,updates_32,index_replace_ack_visible,20000,161,241,352,18917,0,0
time,6,sorted_deque_soa,updates_32,index_cancel_submit,20000,68,105,161,26409,0,0
time,6,sorted_deque_soa,updates_32,index_terminal_visible,20000,106,170,234,30730,0,0
time,6,sorted_deque_soa,updates_32,index_reactivate,20000,177,274,426,20834,0,0
time,6,sorted_deque_soa,prices_128,summary_first,20000,50,61,90,25430,0,0
time,6,sorted_deque_soa,prices_128,summary_last,20000,52,63,95,38181,0,0
time,6,sorted_deque_soa,prices_128,summary_miss,20000,44,55,80,13526,0,0
time,6,sorted_deque_soa,prices_128,summary_random,20000,90,126,174,17759,0,0
time,6,sorted_deque_soa,prices_128,best,20000,34,48,64,15228,0,0
time,6,sorted_deque_soa,prices_128,sorted_range8,2000,61,98,176,17052,0,0
time,6,sorted_deque_soa,prices_128,orders_at,2000,66,119,152,170,0,0
time,6,sorted_deque_soa,updates_128,index_fill_visible,20000,73,121,209,18485,0,0
time,6,sorted_deque_soa,updates_128,index_replace_submit,20000,138,285,427,25872,0,0
time,6,sorted_deque_soa,updates_128,index_replace_ack_visible,20000,141,264,410,41096,0,0
time,6,sorted_deque_soa,updates_128,index_cancel_submit,20000,68,108,192,22496,0,0
time,6,sorted_deque_soa,updates_128,index_terminal_visible,20000,104,196,316,13495,0,0
time,6,sorted_deque_soa,updates_128,index_reactivate,20000,144,288,446,30046,0,0
time,6,sorted_deque_soa,prices_1024,summary_first,4000,50,67,118,225,0,0
time,6,sorted_deque_soa,prices_1024,summary_last,4000,55,71,125,277,0,0
time,6,sorted_deque_soa,prices_1024,summary_miss,4000,46,62,111,3039,0,0
time,6,sorted_deque_soa,prices_1024,summary_random,4000,119,187,3237,16710,0,0
time,6,sorted_deque_soa,prices_1024,best,4000,34,46,60,2760,0,0
time,6,sorted_deque_soa,prices_1024,sorted_range8,2000,61,73,214,3191,0,0
time,6,sorted_deque_soa,prices_1024,orders_at,2000,114,163,220,3505,0,0
time,6,sorted_deque_soa,updates_1024,index_fill_visible,4000,71,188,364,3032,0,0
time,6,sorted_deque_soa,updates_1024,index_replace_submit,4000,148,464,4583,31341,0,0
time,6,sorted_deque_soa,updates_1024,index_replace_ack_visible,4000,156,425,523,3379,0,0
time,6,sorted_deque_soa,updates_1024,index_cancel_submit,4000,68,117,177,3143,0,0
time,6,sorted_deque_soa,updates_1024,index_terminal_visible,4000,105,343,4174,20946,0,0
time,6,sorted_deque_soa,updates_1024,index_reactivate,4000,153,491,649,3533,0,0
time,6,sorted_deque_soa,prices_4096,summary_first,4000,51,65,119,4269,0,0
time,6,sorted_deque_soa,prices_4096,summary_last,4000,56,68,134,3947,0,0
time,6,sorted_deque_soa,prices_4096,summary_miss,4000,47,51,82,13242,0,0
time,6,sorted_deque_soa,prices_4096,summary_random,4000,155,416,521,23514,0,0
time,6,sorted_deque_soa,prices_4096,best,4000,34,42,52,68,0,0
time,6,sorted_deque_soa,prices_4096,sorted_range8,2000,61,78,174,13485,0,0
time,6,sorted_deque_soa,prices_4096,orders_at,2000,146,390,500,28741,0,0
time,6,sorted_deque_soa,updates_4096,index_fill_visible,4000,71,225,454,3625,0,0
time,6,sorted_deque_soa,updates_4096,index_replace_submit,4000,119,220,3750,13791,0,0
time,6,sorted_deque_soa,updates_4096,index_replace_ack_visible,4000,132,210,339,24576,0,0
time,6,sorted_deque_soa,updates_4096,index_cancel_submit,4000,68,162,239,4690,0,0
time,6,sorted_deque_soa,updates_4096,index_terminal_visible,4000,92,153,351,4704,0,0
time,6,sorted_deque_soa,updates_4096,index_reactivate,4000,134,223,287,3387,0,0
time,6,sorted_deque_soa,crowded_32,summary_first,4000,50,62,128,2654,0,0
time,6,sorted_deque_soa,crowded_32,summary_last,4000,49,61,85,210,0,0
time,6,sorted_deque_soa,crowded_32,summary_miss,4000,41,53,67,73,0,0
time,6,sorted_deque_soa,crowded_32,summary_random,4000,52,62,90,3616,0,0
time,6,sorted_deque_soa,crowded_32,best,4000,34,46,58,16833,0,0
time,6,sorted_deque_soa,crowded_32,sorted_range8,2000,45,61,74,2667,0,0
time,6,sorted_deque_soa,crowded_32,orders_at,2000,191,224,2908,25143,0,0
time,6,sorted_deque_soa,crowded_32,batch64_summary,2000,525,978,4587,13700,0,0
time,6,sorted_deque_soa,crowded_4096,summary_first,4000,74,131,140,4315,0,0
time,6,sorted_deque_soa,crowded_4096,summary_last,4000,50,74,87,101,0,0
time,6,sorted_deque_soa,crowded_4096,summary_miss,4000,41,55,73,183,0,0
time,6,sorted_deque_soa,crowded_4096,summary_random,4000,51,63,90,2958,0,0
time,6,sorted_deque_soa,crowded_4096,best,4000,34,44,59,2428,0,0
time,6,sorted_deque_soa,crowded_4096,sorted_range8,2000,46,67,92,96,0,0
time,6,sorted_deque_soa,crowded_4096,orders_at,2000,24255,42525,64705,68154,0,0
time,6,sorted_deque_soa,reprice_random_8,index_replace_submit,20000,128,153,226,11440,0,0
time,6,sorted_deque_soa,reprice_random_8,index_replace_ack_visible,20000,150,178,260,31304,0,0
time,6,sorted_deque_soa,reprice_random_32,index_replace_submit,20000,177,272,407,22621,0,0
time,6,sorted_deque_soa,reprice_random_32,index_replace_ack_visible,20000,186,258,352,19011,0,0
time,6,sorted_deque_soa,reprice_random_128,index_replace_submit,20000,176,276,423,33954,0,0
time,6,sorted_deque_soa,reprice_random_128,index_replace_ack_visible,20000,215,299,392,24547,0,0
time,6,sorted_deque_soa,reprice_random_1024,index_replace_submit,4000,372,493,3948,12863,0,0
time,6,sorted_deque_soa,reprice_random_1024,index_replace_ack_visible,4000,321,435,679,30977,0,0
time,6,sorted_deque_soa,reprice_random_4096,index_replace_submit,4000,853,2860,13301,50941,0,0
time,6,sorted_deque_soa,reprice_random_4096,index_replace_ack_visible,4000,786,1673,14567,18830,0,0
time,6,sorted_deque_soa,mixed_4_q0,fill_plus_queries,20000,68,89,115,37308,0,0
time,6,sorted_deque_soa,mixed_4_q1,fill_plus_queries,20000,86,130,188,23025,0,0
time,6,sorted_deque_soa,mixed_4_q4,fill_plus_queries,20000,132,206,2726,130478,0,0
time,6,sorted_deque_soa,mixed_4_q16,fill_plus_queries,20000,364,588,4134,44479,0,0
time,6,sorted_deque_soa,mixed_32_q0,fill_plus_queries,20000,69,105,2610,27490,0,0
time,6,sorted_deque_soa,mixed_32_q1,fill_plus_queries,20000,101,177,2845,171242,0,0
time,6,sorted_deque_soa,mixed_32_q4,fill_plus_queries,20000,196,309,3333,29133,0,0
time,6,sorted_deque_soa,mixed_32_q16,fill_plus_queries,20000,560,853,6058,52611,0,0
time,6,sorted_deque_soa,mixed_128_q0,fill_plus_queries,20000,69,99,175,16231,0,0
time,6,sorted_deque_soa,mixed_128_q1,fill_plus_queries,20000,117,181,2917,28314,0,0
time,6,sorted_deque_soa,mixed_128_q4,fill_plus_queries,20000,293,447,3628,36915,0,0
time,6,sorted_deque_soa,mixed_128_q16,fill_plus_queries,20000,1003,1311,19812,124692,0,0
time,6,sorted_deque_soa,mixed_4096_q0,fill_plus_queries,4000,87,268,576,26938,0,0
time,6,sorted_deque_soa,mixed_4096_q1,fill_plus_queries,4000,213,365,3878,28641,0,0
time,6,sorted_deque_soa,mixed_4096_q4,fill_plus_queries,4000,473,676,5802,23320,0,0
time,6,sorted_deque_soa,mixed_4096_q16,fill_plus_queries,4000,1364,1998,21035,31355,0,0
time,6,sorted_deque_soa,growth,new_order_price,20000,224,2894,8732,124217,0,0
time,6,sorted_deque_soa,growth,first32_subset,32,252,559,559,4490,0,0
time,6,sorted_deque_soa,growth,last_quarter_subset,5000,236,5754,7019,51824,0,0
time,6,sorted_deque_soa,growth,every64_subset,313,3613,14830,34185,51824,0,0
time,6,sorted_deque_soa,4096books_4near_2far,summary_random,20000,182,642,1128,33305,0,0
time,6,sorted_deque_soa,prototype_4,intent_to_command,20000,179,289,355,20268,0,0
time,6,sorted_deque_soa,prototype_4,queued_intent,20000,56,78,199,28382,0,0
time,6,sorted_deque_soa,prototype_4,report_visible,20000,192,326,525,44143,0,0
time,6,sorted_deque_soa,prototype_4,ready_to_command,20000,209,344,517,20626,0,0
time,6,sorted_deque_soa,prototype_32,intent_to_command,20000,185,308,1189,20009,0,0
time,6,sorted_deque_soa,prototype_32,queued_intent,20000,46,73,125,27085,0,0
time,6,sorted_deque_soa,prototype_32,report_visible,20000,190,336,576,46097,0,0
time,6,sorted_deque_soa,prototype_32,ready_to_command,20000,193,355,655,33949,0,0
time,6,sorted_deque_soa,prototype_128,intent_to_command,20000,152,281,423,26506,0,0
time,6,sorted_deque_soa,prototype_128,queued_intent,20000,46,66,89,13545,0,0
time,6,sorted_deque_soa,prototype_128,report_visible,20000,159,314,527,24902,0,0
time,6,sorted_deque_soa,prototype_128,ready_to_command,20000,159,355,573,19638,0,0
time,6,sorted_deque,prices_4,summary_first,20000,46,59,94,57713,0,0
time,6,sorted_deque,prices_4,summary_last,20000,46,59,84,64570,0,0
time,6,sorted_deque,prices_4,summary_miss,20000,39,52,86,960784,0,0
time,6,sorted_deque,prices_4,summary_random,20000,58,80,121,23019,0,0
time,6,sorted_deque,prices_4,best,20000,34,56,80,21914,0,0
time,6,sorted_deque,prices_4,sorted_range8,2000,49,66,84,118,0,0
time,6,sorted_deque,prices_4,orders_at,2000,49,69,169,4438,0,0
time,6,sorted_deque,prices_4,batch64_summary,2000,1433,1778,16041,18809,0,0
time,6,sorted_deque,updates_4,index_fill_visible,20000,67,140,366,135571,0,0
time,6,sorted_deque,updates_4,index_replace_submit,20000,105,185,265,1823376,0,0
time,6,sorted_deque,updates_4,index_replace_ack_visible,20000,115,184,353,40228,0,0
time,6,sorted_deque,updates_4,index_cancel_submit,20000,67,111,171,24477,0,0
time,6,sorted_deque,updates_4,index_terminal_visible,20000,84,138,232,26788,0,0
time,6,sorted_deque,updates_4,index_reactivate,20000,111,186,364,469524,0,0
time,6,sorted_deque,prices_8,summary_first,20000,47,66,147,19845,0,0
time,6,sorted_deque,prices_8,summary_last,20000,46,70,139,12718,0,0
time,6,sorted_deque,prices_8,summary_miss,20000,39,56,89,234148,0,0
time,6,sorted_deque,prices_8,summary_random,20000,59,93,176,23063,0,0
time,6,sorted_deque,prices_8,best,20000,34,56,79,15222,0,0
time,6,sorted_deque,prices_8,sorted_range8,2000,57,90,124,4082,0,0
time,6,sorted_deque,prices_8,orders_at,2000,49,74,213,31704,0,0
time,6,sorted_deque,prices_8,batch64_summary,2000,1600,4250,19499,25971,0,0
time,6,sorted_deque,updates_8,index_fill_visible,20000,67,111,315,85316,0,0
time,6,sorted_deque,updates_8,index_replace_submit,20000,104,176,2835,18415,0,0
time,6,sorted_deque,updates_8,index_replace_ack_visible,20000,117,178,2804,17807,0,0
time,6,sorted_deque,updates_8,index_cancel_submit,20000,67,102,396,20809,0,0
time,6,sorted_deque,updates_8,index_terminal_visible,20000,85,133,2651,13628,0,0
time,6,sorted_deque,updates_8,index_reactivate,20000,114,167,2859,22805,0,0
time,6,sorted_deque,prices_16,summary_first,20000,46,48,2499,15056,0,0
time,6,sorted_deque,prices_16,summary_last,20000,50,61,120,13801,0,0
time,6,sorted_deque,prices_16,summary_miss,20000,39,41,73,4814,0,0
time,6,sorted_deque,prices_16,summary_random,20000,60,79,2648,13368,0,0
time,6,sorted_deque,prices_16,best,20000,34,48,70,14469,0,0
time,6,sorted_deque,prices_16,sorted_range8,2000,57,62,2597,2808,0,0
time,6,sorted_deque,prices_16,orders_at,2000,49,98,193,2676,0,0
time,6,sorted_deque,prices_16,batch64_summary,2000,1941,2128,14868,26390,0,0
time,6,sorted_deque,updates_16,index_fill_visible,20000,67,109,321,27864,0,0
time,6,sorted_deque,updates_16,index_replace_submit,20000,111,196,2918,21787,0,0
time,6,sorted_deque,updates_16,index_replace_ack_visible,20000,124,196,2962,286032,0,0
time,6,sorted_deque,updates_16,index_cancel_submit,20000,68,105,311,16834,0,0
time,6,sorted_deque,updates_16,index_terminal_visible,20000,86,143,2857,17983,0,0
time,6,sorted_deque,updates_16,index_reactivate,20000,123,199,2922,145903,0,0
time,6,sorted_deque,prices_32,summary_first,20000,47,50,111,30551,0,0
time,6,sorted_deque,prices_32,summary_last,20000,51,58,138,3723,0,0
time,6,sorted_deque,prices_32,summary_miss,20000,46,49,108,4000,0,0
time,6,sorted_deque,prices_32,summary_random,20000,80,104,136,14927,0,0
time,6,sorted_deque,prices_32,best,20000,34,48,59,22337,0,0
time,6,sorted_deque,prices_32,sorted_range8,2000,59,70,2625,2681,0,0
time,6,sorted_deque,prices_32,orders_at,2000,54,107,2621,2717,0,0
time,6,sorted_deque,prices_32,batch64_summary,2000,2960,5890,25298,138413,0,0
time,6,sorted_deque,updates_32,index_fill_visible,20000,67,94,2716,13580,0,0
time,6,sorted_deque,updates_32,index_replace_submit,20000,112,189,2985,13521,0,0
time,6,sorted_deque,updates_32,index_replace_ack_visible,20000,124,180,3022,39437,0,0
time,6,sorted_deque,updates_32,index_cancel_submit,20000,67,88,2658,14632,0,0
time,6,sorted_deque,updates_32,index_terminal_visible,20000,87,132,2821,18894,0,0
time,6,sorted_deque,updates_32,index_reactivate,20000,123,186,2891,13075,0,0
time,6,sorted_deque,prices_128,summary_first,20000,49,65,152,58999,0,0
time,6,sorted_deque,prices_128,summary_last,20000,53,68,2608,321939,0,0
time,6,sorted_deque,prices_128,summary_miss,20000,48,59,154,30119,0,0
time,6,sorted_deque,prices_128,summary_random,20000,94,136,2716,45317,0,0
time,6,sorted_deque,prices_128,best,20000,34,50,90,16069,0,0
time,6,sorted_deque,prices_128,sorted_range8,2000,61,88,158,2556,0,0
time,6,sorted_deque,prices_128,orders_at,2000,71,148,2782,22368,0,0
time,6,sorted_deque,updates_128,index_fill_visible,20000,70,115,208,20813,0,0
time,6,sorted_deque,updates_128,index_replace_submit,20000,124,222,3141,23008,0,0
time,6,sorted_deque,updates_128,index_replace_ack_visible,20000,133,226,2892,14370,0,0
time,6,sorted_deque,updates_128,index_cancel_submit,20000,67,86,175,3219,0,0
time,6,sorted_deque,updates_128,index_terminal_visible,20000,95,157,2878,120922,0,0
time,6,sorted_deque,updates_128,index_reactivate,20000,134,266,3254,25741,0,0
time,6,sorted_deque,prices_1024,summary_first,4000,52,69,2666,3171,0,0
time,6,sorted_deque,prices_1024,summary_last,4000,58,89,149,2855,0,0
time,6,sorted_deque,prices_1024,summary_miss,4000,51,63,161,3020,0,0
time,6,sorted_deque,prices_1024,summary_random,4000,123,195,2858,3017,0,0
time,6,sorted_deque,prices_1024,best,4000,34,43,2666,3638,0,0
time,6,sorted_deque,prices_1024,sorted_range8,2000,62,90,2647,3187,0,0
time,6,sorted_deque,prices_1024,orders_at,2000,123,205,3045,3125,0,0
time,6,sorted_deque,updates_1024,index_fill_visible,4000,70,156,282,404,0,0
time,6,sorted_deque,updates_1024,index_replace_submit,4000,148,389,921,5506,0,0
time,6,sorted_deque,updates_1024,index_replace_ack_visible,4000,168,389,657,15584,0,0
time,6,sorted_deque,updates_1024,index_cancel_submit,4000,67,101,168,15738,0,0
time,6,sorted_deque,updates_1024,index_terminal_visible,4000,106,274,323,386,0,0
time,6,sorted_deque,updates_1024,index_reactivate,4000,166,477,596,18630,0,0
time,6,sorted_deque,prices_4096,summary_first,4000,55,92,2491,5374,0,0
time,6,sorted_deque,prices_4096,summary_last,4000,60,108,2724,3103,0,0
time,6,sorted_deque,prices_4096,summary_miss,4000,54,73,2794,18953,0,0
time,6,sorted_deque,prices_4096,summary_random,4000,170,461,4117,14100,0,0
time,6,sorted_deque,prices_4096,best,4000,34,49,118,2959,0,0
time,6,sorted_deque,prices_4096,sorted_range8,2000,66,99,3035,14469,0,0
time,6,sorted_deque,prices_4096,orders_at,2000,156,428,2865,3640,0,0
time,6,sorted_deque,updates_4096,index_fill_visible,4000,72,207,3272,13169,0,0
time,6,sorted_deque,updates_4096,index_replace_submit,4000,126,235,3270,4726,0,0
time,6,sorted_deque,updates_4096,index_replace_ack_visible,4000,141,252,3353,43735,0,0
time,6,sorted_deque,updates_4096,index_cancel_submit,4000,68,156,3203,14821,0,0
time,6,sorted_deque,updates_4096,index_terminal_visible,4000,93,170,2771,12458,0,0
time,6,sorted_deque,updates_4096,index_reactivate,4000,148,253,3383,40320,0,0
time,6,sorted_deque,crowded_32,summary_first,4000,47,63,291,75219,0,0
time,6,sorted_deque,crowded_32,summary_last,4000,47,64,196,3549,0,0
time,6,sorted_deque,crowded_32,summary_miss,4000,39,55,116,19216,0,0
time,6,sorted_deque,crowded_32,summary_random,4000,49,63,2641,3397,0,0
time,6,sorted_deque,crowded_32,best,4000,34,55,177,2572,0,0
time,6,sorted_deque,crowded_32,sorted_range8,2000,42,64,189,18928,0,0
time,6,sorted_deque,crowded_32,orders_at,2000,188,221,2958,5982,0,0
time,6,sorted_deque,crowded_32,batch64_summary,2000,482,3035,3492,16106,0,0
time,6,sorted_deque,crowded_4096,summary_first,4000,68,136,198,3175,0,0
time,6,sorted_deque,crowded_4096,summary_last,4000,47,73,99,4127,0,0
time,6,sorted_deque,crowded_4096,summary_miss,4000,39,77,95,103,0,0
time,6,sorted_deque,crowded_4096,summary_random,4000,48,62,86,93,0,0
time,6,sorted_deque,crowded_4096,best,4000,34,58,84,3196,0,0
time,6,sorted_deque,crowded_4096,sorted_range8,2000,44,76,98,124,0,0
time,6,sorted_deque,crowded_4096,orders_at,2000,24240,42771,91978,786617,0,0
time,6,sorted_deque,reprice_random_8,index_replace_submit,20000,116,195,333,22275,0,0
time,6,sorted_deque,reprice_random_8,index_replace_ack_visible,20000,138,218,356,19278,0,0
time,6,sorted_deque,reprice_random_32,index_replace_submit,20000,144,228,377,18169,0,0
time,6,sorted_deque,reprice_random_32,index_replace_ack_visible,20000,183,262,334,23575,0,0
time,6,sorted_deque,reprice_random_128,index_replace_submit,20000,172,261,368,21076,0,0
time,6,sorted_deque,reprice_random_128,index_replace_ack_visible,20000,218,293,362,14515,0,0
time,6,sorted_deque,reprice_random_1024,index_replace_submit,4000,362,486,3646,28189,0,0
time,6,sorted_deque,reprice_random_1024,index_replace_ack_visible,4000,318,422,626,13984,0,0
time,6,sorted_deque,reprice_random_4096,index_replace_submit,4000,827,2671,13682,41020,0,0
time,6,sorted_deque,reprice_random_4096,index_replace_ack_visible,4000,780,1685,5171,20620,0,0
time,6,sorted_deque,mixed_4_q0,fill_plus_queries,20000,67,69,84,23914,0,0
time,6,sorted_deque,mixed_4_q1,fill_plus_queries,20000,87,105,122,20127,0,0
time,6,sorted_deque,mixed_4_q4,fill_plus_queries,20000,160,215,347,156432,0,0
time,6,sorted_deque,mixed_4_q16,fill_plus_queries,20000,441,565,3832,29041,0,0
time,6,sorted_deque,mixed_32_q0,fill_plus_queries,20000,67,83,84,34197,0,0
time,6,sorted_deque,mixed_32_q1,fill_plus_queries,20000,103,132,148,15013,0,0
time,6,sorted_deque,mixed_32_q4,fill_plus_queries,20000,224,292,316,18359,0,0
time,6,sorted_deque,mixed_32_q16,fill_plus_queries,20000,676,849,7730,115515,0,0
time,6,sorted_deque,mixed_128_q0,fill_plus_queries,20000,67,86,98,11507,0,0
time,6,sorted_deque,mixed_128_q1,fill_plus_queries,20000,119,162,204,15217,0,0
time,6,sorted_deque,mixed_128_q4,fill_plus_queries,20000,273,361,457,20640,0,0
time,6,sorted_deque,mixed_128_q16,fill_plus_queries,20000,871,1241,14073,118490,0,0
time,6,sorted_deque,mixed_4096_q0,fill_plus_queries,4000,67,150,346,416,0,0
time,6,sorted_deque,mixed_4096_q1,fill_plus_queries,4000,174,262,330,6154,0,0
time,6,sorted_deque,mixed_4096_q4,fill_plus_queries,4000,455,633,6251,37608,0,0
time,6,sorted_deque,mixed_4096_q16,fill_plus_queries,4000,1541,4645,16719,25992,0,0
time,6,sorted_deque,growth,new_order_price,20000,192,3319,7835,139083,0,0
time,6,sorted_deque,growth,first32_subset,32,231,592,592,8335,0,0
time,6,sorted_deque,growth,last_quarter_subset,5000,199,4647,8357,139083,0,0
time,6,sorted_deque,growth,every64_subset,313,3105,15396,47840,139083,0,0
time,6,sorted_deque,4096books_4near_2far,summary_random,20000,125,584,3173,29326,0,0
time,6,sorted_deque,prototype_4,intent_to_command,20000,115,171,2913,25899,0,0
time,6,sorted_deque,prototype_4,queued_intent,20000,46,60,161,13048,0,0
time,6,sorted_deque,prototype_4,report_visible,20000,131,228,3052,102294,0,0
time,6,sorted_deque,prototype_4,ready_to_command,20000,126,237,3017,13523,0,0
time,6,sorted_deque,prototype_32,intent_to_command,20000,122,186,2984,17435,0,0
time,6,sorted_deque,prototype_32,queued_intent,20000,46,58,223,3521,0,0
time,6,sorted_deque,prototype_32,report_visible,20000,139,247,3263,80023,0,0
time,6,sorted_deque,prototype_32,ready_to_command,20000,132,245,3199,16042,0,0
time,6,sorted_deque,prototype_128,intent_to_command,20000,147,234,3155,31728,0,0
time,6,sorted_deque,prototype_128,queued_intent,20000,46,63,112,4087,0,0
time,6,sorted_deque,prototype_128,report_visible,20000,157,300,3734,31632,0,0
time,6,sorted_deque,prototype_128,ready_to_command,20000,154,302,3470,21384,0,0
time,6,linear_orders,prices_4,summary_first,20000,46,69,165,17709,0,0
time,6,linear_orders,prices_4,summary_last,20000,47,70,112,24319,0,0
time,6,linear_orders,prices_4,summary_miss,20000,45,64,95,16266,0,0
time,6,linear_orders,prices_4,summary_random,20000,62,85,124,43317,0,0
time,6,linear_orders,prices_4,best,20000,40,55,90,18285,0,0
time,6,linear_orders,prices_4,sorted_range8,2000,96,120,420,4530,0,0
time,6,linear_orders,prices_4,orders_at,2000,54,63,164,2697,0,0
time,6,linear_orders,prices_4,batch64_summary,2000,1902,4625,18360,39166,0,0
time,6,linear_orders,updates_4,index_fill_visible,20000,45,59,203,13949,0,0
time,6,linear_orders,updates_4,index_replace_submit,20000,46,62,166,13523,0,0
time,6,linear_orders,updates_4,index_replace_ack_visible,20000,45,59,121,3060,0,0
time,6,linear_orders,updates_4,index_cancel_submit,20000,46,58,162,13757,0,0
time,6,linear_orders,updates_4,index_terminal_visible,20000,50,62,285,21803,0,0
time,6,linear_orders,updates_4,index_reactivate,20000,46,58,159,15863,0,0
time,6,linear_orders,prices_8,summary_first,20000,54,73,201,11615,0,0
time,6,linear_orders,prices_8,summary_last,20000,54,73,169,12654,0,0
time,6,linear_orders,prices_8,summary_miss,20000,54,63,145,33130,0,0
time,6,linear_orders,prices_8,summary_random,20000,68,92,180,14812,0,0
time,6,linear_orders,prices_8,best,20000,44,63,118,13541,0,0
time,6,linear_orders,prices_8,sorted_range8,2000,210,252,2953,3620,0,0
time,6,linear_orders,prices_8,orders_at,2000,61,85,2741,4053,0,0
time,6,linear_orders,prices_8,batch64_summary,2000,2486,5278,18458,22757,0,0
time,6,linear_orders,updates_8,index_fill_visible,20000,45,60,230,28830,0,0
time,6,linear_orders,updates_8,index_replace_submit,20000,45,60,2556,19555,0,0
time,6,linear_orders,updates_8,index_replace_ack_visible,20000,45,60,225,5155,0,0
time,6,linear_orders,updates_8,index_cancel_submit,20000,46,60,264,3850,0,0
time,6,linear_orders,updates_8,index_terminal_visible,20000,50,64,260,3831,0,0
time,6,linear_orders,updates_8,index_reactivate,20000,46,62,240,15224,0,0
time,6,linear_orders,prices_16,summary_first,20000,62,99,288,23513,0,0
time,6,linear_orders,prices_16,summary_last,20000,63,98,206,4360,0,0
time,6,linear_orders,prices_16,summary_miss,20000,62,95,276,23075,0,0
time,6,linear_orders,prices_16,summary_random,20000,81,121,2308,4020,0,0
time,6,linear_orders,prices_16,best,20000,49,75,256,21976,0,0
time,6,linear_orders,prices_16,sorted_range8,2000,347,626,3317,14025,0,0
time,6,linear_orders,prices_16,orders_at,2000,71,109,142,18716,0,0
time,6,linear_orders,prices_16,batch64_summary,2000,3855,6900,20752,35899,0,0
time,6,linear_orders,updates_16,index_fill_visible,20000,45,60,95,13211,0,0
time,6,linear_orders,updates_16,index_replace_submit,20000,46,62,139,20172,0,0
time,6,linear_orders,updates_16,index_replace_ack_visible,20000,46,60,93,4327,0,0
time,6,linear_orders,updates_16,index_cancel_submit,20000,46,60,102,20083,0,0
time,6,linear_orders,updates_16,index_terminal_visible,20000,50,63,92,12579,0,0
time,6,linear_orders,updates_16,index_reactivate,20000,46,61,100,3053,0,0
time,6,linear_orders,prices_32,summary_first,20000,88,175,2848,505826,0,0
time,6,linear_orders,prices_32,summary_last,20000,89,170,241,40800,0,0
time,6,linear_orders,prices_32,summary_miss,20000,87,167,2717,39942,0,0
time,6,linear_orders,prices_32,summary_random,20000,112,195,304,651631,0,0
time,6,linear_orders,prices_32,best,20000,64,118,246,31907,0,0
time,6,linear_orders,prices_32,sorted_range8,2000,666,940,3656,4333,0,0
time,6,linear_orders,prices_32,orders_at,2000,97,151,248,2603,0,0
time,6,linear_orders,prices_32,batch64_summary,2000,7945,30896,58842,81492,0,0
time,6,linear_orders,updates_32,index_fill_visible,20000,61,145,318,24625,0,0
time,6,linear_orders,updates_32,index_replace_submit,20000,62,89,210,28534,0,0
time,6,linear_orders,updates_32,index_replace_ack_visible,20000,62,84,201,23978,0,0
time,6,linear_orders,updates_32,index_cancel_submit,20000,61,82,152,27082,0,0
time,6,linear_orders,updates_32,index_terminal_visible,20000,66,91,160,26420,0,0
time,6,linear_orders,updates_32,index_reactivate,20000,63,103,205,27203,0,0
time,6,linear_orders,prices_128,summary_first,20000,262,530,3403,47913,0,0
time,6,linear_orders,prices_128,summary_last,20000,265,523,3971,31330,0,0
time,6,linear_orders,prices_128,summary_miss,20000,266,523,4252,47575,0,0
time,6,linear_orders,prices_128,summary_random,20000,279,544,4138,42679,0,0
time,6,linear_orders,prices_128,best,20000,163,322,2932,36128,0,0
time,6,linear_orders,prices_128,sorted_range8,2000,4419,11286,45710,50390,0,0
time,6,linear_orders,prices_128,orders_at,2000,400,495,605,4966,0,0
time,6,linear_orders,updates_128,index_fill_visible,20000,46,90,177,18134,0,0
time,6,linear_orders,updates_128,index_replace_submit,20000,47,80,134,19446,0,0
time,6,linear_orders,updates_128,index_replace_ack_visible,20000,46,81,151,26814,0,0
time,6,linear_orders,updates_128,index_cancel_submit,20000,46,78,152,26259,0,0
time,6,linear_orders,updates_128,index_terminal_visible,20000,51,85,136,14343,0,0
time,6,linear_orders,updates_128,index_reactivate,20000,47,80,134,35958,0,0
time,6,linear_orders,prices_1024,summary_first,4000,1832,4525,15874,25926,0,0
time,6,linear_orders,prices_1024,summary_last,4000,1779,4099,20487,28502,0,0
time,6,linear_orders,prices_1024,summary_miss,4000,1848,4710,24030,46103,0,0
time,6,linear_orders,prices_1024,summary_random,4000,1801,4355,19955,22384,0,0
time,6,linear_orders,prices_1024,best,4000,1151,2722,9332,24012,0,0
time,6,linear_orders,prices_1024,sorted_range8,2000,20195,55473,87657,101256,0,0
time,6,linear_orders,prices_1024,orders_at,2000,1520,3700,18097,19719,0,0
time,6,linear_orders,updates_1024,index_fill_visible,4000,51,108,243,5342,0,0
time,6,linear_orders,updates_1024,index_replace_submit,4000,52,121,253,399,0,0
time,6,linear_orders,updates_1024,index_replace_ack_visible,4000,51,91,186,248,0,0
time,6,linear_orders,updates_1024,index_cancel_submit,4000,52,118,270,401,0,0
time,6,linear_orders,updates_1024,index_terminal_visible,4000,56,116,237,340,0,0
time,6,linear_orders,updates_1024,index_reactivate,4000,52,118,245,953,0,0
time,6,linear_orders,prices_4096,summary_first,4000,7058,23896,46259,131134,0,0
time,6,linear_orders,prices_4096,summary_last,4000,6814,24310,52993,187054,0,0
time,6,linear_orders,prices_4096,summary_miss,4000,7161,25830,118115,283046,0,0
time,6,linear_orders,prices_4096,summary_random,4000,6802,20340,65870,805210,0,0
time,6,linear_orders,prices_4096,best,4000,4461,17556,54249,690683,0,0
time,6,linear_orders,prices_4096,sorted_range8,2000,83149,170596,237772,602940,0,0
time,6,linear_orders,prices_4096,orders_at,2000,5950,19327,42408,50643,0,0
time,6,linear_orders,updates_4096,index_fill_visible,4000,45,60,80,2902,0,0
time,6,linear_orders,updates_4096,index_replace_submit,4000,46,84,176,1553,0,0
time,6,linear_orders,updates_4096,index_replace_ack_visible,4000,45,61,81,180,0,0
time,6,linear_orders,updates_4096,index_cancel_submit,4000,46,86,164,2947,0,0
time,6,linear_orders,updates_4096,index_terminal_visible,4000,50,71,139,13892,0,0
time,6,linear_orders,updates_4096,index_reactivate,4000,46,84,171,5285,0,0
time,6,linear_orders,crowded_32,summary_first,4000,113,123,297,12480,0,0
time,6,linear_orders,crowded_32,summary_last,4000,114,119,150,270,0,0
time,6,linear_orders,crowded_32,summary_miss,4000,79,95,127,38144,0,0
time,6,linear_orders,crowded_32,summary_random,4000,114,121,178,501,0,0
time,6,linear_orders,crowded_32,best,4000,63,64,81,120,0,0
time,6,linear_orders,crowded_32,sorted_range8,2000,218,242,274,438,0,0
time,6,linear_orders,crowded_32,orders_at,2000,74,76,105,3523,0,0
time,6,linear_orders,crowded_32,batch64_summary,2000,5292,9600,25090,34730,0,0
time,6,linear_orders,crowded_4096,summary_first,4000,12033,33171,221456,3532456,0,0
time,6,linear_orders,crowded_4096,summary_last,4000,12040,31125,188560,786672,0,0
time,6,linear_orders,crowded_4096,summary_miss,4000,6880,26751,209226,3843416,0,0
time,6,linear_orders,crowded_4096,summary_random,4000,12037,32716,161999,1547765,0,0
time,6,linear_orders,crowded_4096,best,4000,4506,14706,168337,2650583,0,0
time,6,linear_orders,crowded_4096,sorted_range8,2000,18609,60833,792026,4527349,0,0
time,6,linear_orders,crowded_4096,orders_at,2000,6908,20807,50402,442013,0,0
time,6,linear_orders,reprice_random_8,index_replace_submit,20000,45,51,161,13298,0,0
time,6,linear_orders,reprice_random_8,index_replace_ack_visible,20000,45,48,69,30345,0,0
time,6,linear_orders,reprice_random_32,index_replace_submit,20000,46,67,154,4154,0,0
time,6,linear_orders,reprice_random_32,index_replace_ack_visible,20000,46,64,92,3005,0,0
time,6,linear_orders,reprice_random_128,index_replace_submit,20000,46,58,70,3364,0,0
time,6,linear_orders,reprice_random_128,index_replace_ack_visible,20000,45,57,76,21529,0,0
time,6,linear_orders,reprice_random_1024,index_replace_submit,4000,47,60,103,13576,0,0
time,6,linear_orders,reprice_random_1024,index_replace_ack_visible,4000,45,58,72,610,0,0
time,6,linear_orders,reprice_random_4096,index_replace_submit,4000,47,60,69,97,0,0
time,6,linear_orders,reprice_random_4096,index_replace_ack_visible,4000,45,57,70,3261,0,0
time,6,linear_orders,mixed_4_q0,fill_plus_queries,20000,45,47,65,13664,0,0
time,6,linear_orders,mixed_4_q1,fill_plus_queries,20000,73,88,121,14564,0,0
time,6,linear_orders,mixed_4_q4,fill_plus_queries,20000,172,217,399,35439,0,0
time,6,linear_orders,mixed_4_q16,fill_plus_queries,20000,527,663,5263,155473,0,0
time,6,linear_orders,mixed_32_q0,fill_plus_queries,20000,45,57,68,21122,0,0
time,6,linear_orders,mixed_32_q1,fill_plus_queries,20000,114,155,193,41692,0,0
time,6,linear_orders,mixed_32_q4,fill_plus_queries,20000,352,443,695,20721,0,0
time,6,linear_orders,mixed_32_q16,fill_plus_queries,20000,1249,3913,14538,56180,0,0
time,6,linear_orders,mixed_128_q0,fill_plus_queries,20000,45,57,59,4214,0,0
time,6,linear_orders,mixed_128_q1,fill_plus_queries,20000,245,297,596,21175,0,0
time,6,linear_orders,mixed_128_q4,fill_plus_queries,20000,877,1522,12399,162806,0,0
time,6,linear_orders,mixed_128_q16,fill_plus_queries,20000,3358,6682,22562,182193,0,0
time,6,linear_orders,mixed_4096_q0,fill_plus_queries,4000,46,57,63,115,0,0
time,6,linear_orders,mixed_4096_q1,fill_plus_queries,4000,6562,13863,34295,190287,0,0
time,6,linear_orders,mixed_4096_q4,fill_plus_queries,4000,26476,51059,145065,516756,0,0
time,6,linear_orders,mixed_4096_q16,fill_plus_queries,4000,110799,176745,417451,1324958,0,0
time,6,linear_orders,growth,new_order_price,20000,86,1116,3046,75344,0,0
time,6,linear_orders,growth,first32_subset,32,104,432,432,5242,0,0
time,6,linear_orders,growth,last_quarter_subset,5000,86,630,2447,75344,0,0
time,6,linear_orders,growth,every64_subset,313,1885,5242,36846,75344,0,0
time,6,linear_orders,4096books_4near_2far,summary_random,20000,183,517,825,55998,0,0
time,6,linear_orders,prototype_4,intent_to_command,20000,74,121,177,35888,0,0
time,6,linear_orders,prototype_4,queued_intent,20000,53,85,125,21351,0,0
time,6,linear_orders,prototype_4,report_visible,20000,81,148,296,50125,0,0
time,6,linear_orders,prototype_4,ready_to_command,20000,97,166,251,4171,0,0
time,6,linear_orders,prototype_32,intent_to_command,20000,61,98,155,41925,0,0
time,6,linear_orders,prototype_32,queued_intent,20000,46,60,88,37747,0,0
time,6,linear_orders,prototype_32,report_visible,20000,62,109,234,35081,0,0
time,6,linear_orders,prototype_32,ready_to_command,20000,70,114,254,52588,0,0
time,6,linear_orders,prototype_128,intent_to_command,20000,61,92,201,16015,0,0
time,6,linear_orders,prototype_128,queued_intent,20000,46,63,100,6549,0,0
time,6,linear_orders,prototype_128,report_visible,20000,63,129,289,31198,0,0
time,6,linear_orders,prototype_128,ready_to_command,20000,71,132,233,18684,0,0
time,6,linear_prices,prices_4,summary_first,20000,45,56,63,3019,0,0
time,6,linear_prices,prices_4,summary_last,20000,44,55,69,12302,0,0
time,6,linear_prices,prices_4,summary_miss,20000,39,50,74,17625,0,0
time,6,linear_prices,prices_4,summary_random,20000,55,70,91,13462,0,0
time,6,linear_prices,prices_4,best,20000,34,49,67,24027,0,0
time,6,linear_prices,prices_4,sorted_range8,2000,63,114,246,19246,0,0
time,6,linear_prices,prices_4,orders_at,2000,48,68,106,197,0,0
time,6,linear_prices,prices_4,batch64_summary,2000,1377,1736,15132,26419,0,0
time,6,linear_prices,updates_4,index_fill_visible,20000,66,93,204,21832,0,0
time,6,linear_prices,updates_4,index_replace_submit,20000,89,127,206,32250,0,0
time,6,linear_prices,updates_4,index_replace_ack_visible,20000,123,159,245,14464,0,0
time,6,linear_prices,updates_4,index_cancel_submit,20000,66,86,121,34084,0,0
time,6,linear_prices,updates_4,index_terminal_visible,20000,87,110,173,13933,0,0
time,6,linear_prices,updates_4,index_reactivate,20000,107,130,222,4146,0,0
time,6,linear_prices,prices_8,summary_first,20000,45,47,61,3228,0,0
time,6,linear_prices,prices_8,summary_last,20000,44,53,63,21897,0,0
time,6,linear_prices,prices_8,summary_miss,20000,42,44,60,154,0,0
time,6,linear_prices,prices_8,summary_random,20000,56,69,84,14012,0,0
time,6,linear_prices,prices_8,best,20000,34,47,58,3797,0,0
time,6,linear_prices,prices_8,sorted_range8,2000,116,129,418,13943,0,0
time,6,linear_prices,prices_8,orders_at,2000,48,57,96,116,0,0
time,6,linear_prices,prices_8,batch64_summary,2000,1567,1751,15498,22642,0,0
time,6,linear_prices,updates_8,index_fill_visible,20000,66,100,175,78131,0,0
time,6,linear_prices,updates_8,index_replace_submit,20000,90,140,264,16789,0,0
time,6,linear_prices,updates_8,index_replace_ack_visible,20000,132,189,307,18822,0,0
time,6,linear_prices,updates_8,index_cancel_submit,20000,66,96,138,4204,0,0
time,6,linear_prices,updates_8,index_terminal_visible,20000,96,132,223,59338,0,0
time,6,linear_prices,updates_8,index_reactivate,20000,109,146,267,16209,0,0
time,6,linear_prices,prices_16,summary_first,20000,45,54,64,13592,0,0
time,6,linear_prices,prices_16,summary_last,20000,50,60,75,13431,0,0
time,6,linear_prices,prices_16,summary_miss,20000,48,56,74,11853,0,0
time,6,linear_prices,prices_16,summary_random,20000,57,78,104,20603,0,0
time,6,linear_prices,prices_16,best,20000,34,47,57,25710,0,0
time,6,linear_prices,prices_16,sorted_range8,2000,193,198,3452,15496,0,0
time,6,linear_prices,prices_16,orders_at,2000,58,73,102,198,0,0
time,6,linear_prices,prices_16,batch64_summary,2000,1815,2232,21312,37710,0,0
time,6,linear_prices,updates_16,index_fill_visible,20000,67,111,227,17086,0,0
time,6,linear_prices,updates_16,index_replace_submit,20000,95,170,330,42447,0,0
time,6,linear_prices,updates_16,index_replace_ack_visible,20000,162,241,395,13535,0,0
time,6,linear_prices,updates_16,index_cancel_submit,20000,67,106,193,3711,0,0
time,6,linear_prices,updates_16,index_terminal_visible,20000,114,169,271,56363,0,0
time,6,linear_prices,updates_16,index_reactivate,20000,121,182,291,27704,0,0
time,6,linear_prices,prices_32,summary_first,20000,45,56,84,76483,0,0
time,6,linear_prices,prices_32,summary_last,20000,60,72,116,2567181,0,0
time,6,linear_prices,prices_32,summary_miss,20000,59,70,105,21105,0,0
time,6,linear_prices,prices_32,summary_random,20000,64,88,195,1074282,0,0
time,6,linear_prices,prices_32,best,20000,34,49,73,2842,0,0
time,6,linear_prices,prices_32,sorted_range8,2000,348,546,4285,24323,0,0
time,6,linear_prices,prices_32,orders_at,2000,65,89,156,172,0,0
time,6,linear_prices,prices_32,batch64_summary,2000,2219,2561,23661,178177,0,0
time,6,linear_prices,updates_32,index_fill_visible,20000,67,103,200,34910,0,0
time,6,linear_prices,updates_32,index_replace_submit,20000,103,174,247,3906,0,0
time,6,linear_prices,updates_32,index_replace_ack_visible,20000,202,272,3084,20872,0,0
time,6,linear_prices,updates_32,index_cancel_submit,20000,66,96,159,15249,0,0
time,6,linear_prices,updates_32,index_terminal_visible,20000,148,194,325,21167,0,0
time,6,linear_prices,updates_32,index_reactivate,20000,130,197,250,35461,0,0
time,6,linear_prices,prices_128,summary_first,20000,45,57,83,41120,0,0
time,6,linear_prices,prices_128,summary_last,20000,89,133,255,156686,0,0
time,6,linear_prices,prices_128,summary_miss,20000,84,128,175,85764,0,0
time,6,linear_prices,prices_128,summary_random,20000,83,129,194,24601,0,0
time,6,linear_prices,prices_128,best,20000,34,56,75,2555,0,0
time,6,linear_prices,prices_128,sorted_range8,2000,1275,2427,16659,20821,0,0
time,6,linear_prices,prices_128,orders_at,2000,87,165,214,28946,0,0
time,6,linear_prices,updates_128,index_fill_visible,20000,71,126,313,31444,0,0
time,6,linear_prices,updates_128,index_replace_submit,20000,166,305,3036,167804,0,0
time,6,linear_prices,updates_128,index_replace_ack_visible,20000,446,589,3993,23188,0,0
time,6,linear_prices,updates_128,index_cancel_submit,20000,66,105,164,14053,0,0
time,6,linear_prices,updates_128,index_terminal_visible,20000,372,464,3794,25559,0,0
time,6,linear_prices,updates_128,index_reactivate,20000,246,405,3394,194048,0,0
time,6,linear_prices,prices_1024,summary_first,4000,46,65,134,3087,0,0
time,6,linear_prices,prices_1024,summary_last,4000,416,712,3720,19117,0,0
time,6,linear_prices,prices_1024,summary_miss,4000,420,700,4571,15165,0,0
time,6,linear_prices,prices_1024,summary_random,4000,284,678,3579,22699,0,0
time,6,linear_prices,prices_1024,best,4000,34,56,86,286,0,0
time,6,linear_prices,prices_1024,sorted_range8,2000,10102,28777,56868,200524,0,0
time,6,linear_prices,prices_1024,orders_at,2000,308,723,4142,18595,0,0
time,6,linear_prices,updates_1024,index_fill_visible,4000,73,215,389,535,0,0
time,6,linear_prices,updates_1024,index_replace_submit,4000,830,1503,13342,32323,0,0
time,6,linear_prices,updates_1024,index_replace_ack_visible,4000,2618,5925,23124,38323,0,0
time,6,linear_prices,updates_1024,index_cancel_submit,4000,67,140,247,3273,0,0
time,6,linear_prices,updates_1024,index_terminal_visible,4000,2382,5578,24161,50540,0,0
time,6,linear_prices,updates_1024,index_reactivate,4000,1205,4170,19420,167709,0,0
time,6,linear_prices,prices_4096,summary_first,4000,64,95,194,3753,0,0
time,6,linear_prices,prices_4096,summary_last,4000,2235,3198,22081,40386,0,0
time,6,linear_prices,prices_4096,summary_miss,4000,2233,3087,22135,31813,0,0
time,6,linear_prices,prices_4096,summary_random,4000,1174,2920,23046,58018,0,0
time,6,linear_prices,prices_4096,best,4000,48,71,155,242,0,0
time,6,linear_prices,prices_4096,sorted_range8,2000,42980,95328,212820,2054370,0,0
time,6,linear_prices,prices_4096,orders_at,2000,1137,2938,20278,130644,0,0
time,6,linear_prices,updates_4096,index_fill_visible,4000,116,557,3478,16791,0,0
time,6,linear_prices,updates_4096,index_replace_submit,4000,4275,9599,41944,89937,0,0
time,6,linear_prices,updates_4096,index_replace_ack_visible,4000,10906,26847,46652,189462,0,0
time,6,linear_prices,updates_4096,index_cancel_submit,4000,104,261,3552,84165,0,0
time,6,linear_prices,updates_4096,index_terminal_visible,4000,9700,23989,43488,158472,0,0
time,6,linear_prices,updates_4096,index_reactivate,4000,6458,13170,41563,69361,0,0
time,6,linear_prices,crowded_32,summary_first,4000,45,48,141,14888,0,0
time,6,linear_prices,crowded_32,summary_last,4000,45,48,58,155,0,0
time,6,linear_prices,crowded_32,summary_miss,4000,38,41,53,250,0,0
time,6,linear_prices,crowded_32,summary_random,4000,47,50,56,64,0,0
time,6,linear_prices,crowded_32,best,4000,34,36,43,49,0,0
time,6,linear_prices,crowded_32,sorted_range8,2000,41,43,60,108,0,0
time,6,linear_prices,crowded_32,orders_at,2000,187,195,292,4976,0,0
time,6,linear_prices,crowded_32,batch64_summary,2000,425,759,3704,14973,0,0
time,6,linear_prices,crowded_4096,summary_first,4000,70,156,171,3484,0,0
time,6,linear_prices,crowded_4096,summary_last,4000,46,67,115,2960,0,0
time,6,linear_prices,crowded_4096,summary_miss,4000,38,51,73,2637,0,0
time,6,linear_prices,crowded_4096,summary_random,4000,47,60,2620,12459,0,0
time,6,linear_prices,crowded_4096,best,4000,34,50,65,2915,0,0
time,6,linear_prices,crowded_4096,sorted_range8,2000,42,67,106,157,0,0
time,6,linear_prices,crowded_4096,orders_at,2000,24221,40760,55416,100182,0,0
time,6,linear_prices,reprice_random_8,index_replace_submit,20000,90,143,2775,20769,0,0
time,6,linear_prices,reprice_random_8,index_replace_ack_visible,20000,132,171,2845,23554,0,0
time,6,linear_prices,reprice_random_32,index_replace_submit,20000,100,167,250,55557,0,0
time,6,linear_prices,reprice_random_32,index_replace_ack_visible,20000,196,262,3039,17825,0,0
time,6,linear_prices,reprice_random_128,index_replace_submit,20000,167,284,3198,33522,0,0
time,6,linear_prices,reprice_random_128,index_replace_ack_visible,20000,435,552,3880,22411,0,0
time,6,linear_prices,reprice_random_1024,index_replace_submit,4000,852,3928,13954,19405,0,0
time,6,linear_prices,reprice_random_1024,index_replace_ack_visible,4000,2624,6038,19087,33921,0,0
time,6,linear_prices,reprice_random_4096,index_replace_submit,4000,3106,7637,25587,36075,0,0
time,6,linear_prices,reprice_random_4096,index_replace_ack_visible,4000,10366,23647,45209,83055,0,0
time,6,linear_prices,mixed_4_q0,fill_plus_queries,20000,67,83,2605,3915,0,0
time,6,linear_prices,mixed_4_q1,fill_plus_queries,20000,84,106,2726,27538,0,0
time,6,linear_prices,mixed_4_q4,fill_plus_queries,20000,146,197,2958,22785,0,0
time,6,linear_prices,mixed_4_q16,fill_plus_queries,20000,396,532,3670,28360,0,0
time,6,linear_prices,mixed_32_q0,fill_plus_queries,20000,67,83,148,11874,0,0
time,6,linear_prices,mixed_32_q1,fill_plus_queries,20000,90,114,218,24079,0,0
time,6,linear_prices,mixed_32_q4,fill_plus_queries,20000,192,237,3062,17279,0,0
time,6,linear_prices,mixed_32_q16,fill_plus_queries,20000,568,717,4197,23766,0,0
time,6,linear_prices,mixed_128_q0,fill_plus_queries,20000,68,90,2887,17234,0,0
time,6,linear_prices,mixed_128_q1,fill_plus_queries,20000,114,164,3315,15396,0,0
time,6,linear_prices,mixed_128_q4,fill_plus_queries,20000,280,432,3725,25956,0,0
time,6,linear_prices,mixed_128_q16,fill_plus_queries,20000,909,1308,13942,38260,0,0
time,6,linear_prices,mixed_4096_q0,fill_plus_queries,4000,67,261,500,3499,0,0
time,6,linear_prices,mixed_4096_q1,fill_plus_queries,4000,1031,2100,13086,33639,0,0
time,6,linear_prices,mixed_4096_q4,fill_plus_queries,4000,3732,7479,22808,39978,0,0
time,6,linear_prices,mixed_4096_q16,fill_plus_queries,4000,14742,31231,54362,84648,0,0
time,6,linear_prices,growth,new_order_price,20000,11114,30472,49023,325721,0,0
time,6,linear_prices,growth,first32_subset,32,221,758,758,7154,0,0
time,6,linear_prices,growth,last_quarter_subset,5000,19256,38481,74499,325721,0,0
time,6,linear_prices,growth,every64_subset,313,16362,37696,80772,232795,0,0
time,6,linear_prices,4096books_4near_2far,summary_random,20000,138,673,3022,18965,0,0
time,6,linear_prices,prototype_4,intent_to_command,20000,102,152,2845,18447,0,0
time,6,linear_prices,prototype_4,queued_intent,20000,46,60,114,194437,0,0
time,6,linear_prices,prototype_4,report_visible,20000,133,252,3021,214191,0,0
time,6,linear_prices,prototype_4,ready_to_command,20000,112,212,2571,24733,0,0
time,6,linear_prices,prototype_32,intent_to_command,20000,115,218,2989,2119105,0,0
time,6,linear_prices,prototype_32,queued_intent,20000,46,60,157,6511,0,0
time,6,linear_prices,prototype_32,report_visible,20000,222,380,3376,30397,0,0
time,6,linear_prices,prototype_32,ready_to_command,20000,126,258,2951,1993909,0,0
time,6,linear_prices,prototype_128,intent_to_command,20000,188,388,716,84367,0,0
time,6,linear_prices,prototype_128,queued_intent,20000,46,79,168,24171,0,0
time,6,linear_prices,prototype_128,report_visible,20000,477,732,5482,132967,0,0
time,6,linear_prices,prototype_128,ready_to_command,20000,206,431,5287,1172211,0,0
time,6,absl_btree,prices_4,summary_first,20000,44,53,71,3872,0,0
time,6,absl_btree,prices_4,summary_last,20000,45,55,70,17731,0,0
time,6,absl_btree,prices_4,summary_miss,20000,40,49,59,11958,0,0
time,6,absl_btree,prices_4,summary_random,20000,57,75,91,21677,0,0
time,6,absl_btree,prices_4,best,20000,34,42,57,3903,0,0
time,6,absl_btree,prices_4,sorted_range8,2000,48,51,125,220,0,0
time,6,absl_btree,prices_4,orders_at,2000,48,57,77,117,0,0
time,6,absl_btree,prices_4,batch64_summary,2000,1577,1749,16997,33641,0,0
time,6,absl_btree,updates_4,index_fill_visible,20000,67,97,258,52246,0,0
time,6,absl_btree,updates_4,index_replace_submit,20000,111,143,246,18581,0,0
time,6,absl_btree,updates_4,index_replace_ack_visible,20000,144,190,305,36028,0,0
time,6,absl_btree,updates_4,index_cancel_submit,20000,67,83,114,14879,0,0
time,6,absl_btree,updates_4,index_terminal_visible,20000,109,150,219,14765,0,0
time,6,absl_btree,updates_4,index_reactivate,20000,124,153,256,13218,0,0
time,6,absl_btree,prices_8,summary_first,20000,44,46,61,15034,0,0
time,6,absl_btree,prices_8,summary_last,20000,47,55,66,28789,0,0
time,6,absl_btree,prices_8,summary_miss,20000,40,42,59,12103,0,0
time,6,absl_btree,prices_8,summary_random,20000,59,76,97,12897,0,0
time,6,absl_btree,prices_8,best,20000,34,42,50,169,0,0
time,6,absl_btree,prices_8,sorted_range8,2000,58,62,242,3488,0,0
time,6,absl_btree,prices_8,orders_at,2000,48,65,123,131,0,0
time,6,absl_btree,prices_8,batch64_summary,2000,1786,2029,16369,20402,0,0
time,6,absl_btree,updates_8,index_fill_visible,20000,67,83,163,38016,0,0
time,6,absl_btree,updates_8,index_replace_submit,20000,112,145,244,18880,0,0
time,6,absl_btree,updates_8,index_replace_ack_visible,20000,148,196,326,31500,0,0
time,6,absl_btree,updates_8,index_cancel_submit,20000,67,83,131,18528,0,0
time,6,absl_btree,updates_8,index_terminal_visible,20000,112,154,236,20597,0,0
time,6,absl_btree,updates_8,index_reactivate,20000,126,156,272,30893,0,0
time,6,absl_btree,prices_16,summary_first,20000,46,48,62,19690,0,0
time,6,absl_btree,prices_16,summary_last,20000,50,58,67,14588,0,0
time,6,absl_btree,prices_16,summary_miss,20000,42,44,59,30356,0,0
time,6,absl_btree,prices_16,summary_random,20000,65,86,104,14205,0,0
time,6,absl_btree,prices_16,best,20000,34,41,57,4052,0,0
time,6,absl_btree,prices_16,sorted_range8,2000,59,63,109,3811,0,0
time,6,absl_btree,prices_16,orders_at,2000,51,81,146,271,0,0
time,6,absl_btree,prices_16,batch64_summary,2000,2297,2949,23217,38612,0,0
time,6,absl_btree,updates_16,index_fill_visible,20000,67,95,157,18555,0,0
time,6,absl_btree,updates_16,index_replace_submit,20000,118,198,290,14288,0,0
time,6,absl_btree,updates_16,index_replace_ack_visible,20000,156,244,331,17358,0,0
time,6,absl_btree,updates_16,index_cancel_submit,20000,67,94,153,66559,0,0
time,6,absl_btree,updates_16,index_terminal_visible,20000,118,192,334,38528,0,0
time,6,absl_btree,updates_16,index_reactivate,20000,134,207,289,19675,0,0
time,6,absl_btree,prices_32,summary_first,20000,46,48,70,13530,0,0
time,6,absl_btree,prices_32,summary_last,20000,52,61,71,30793,0,0
time,6,absl_btree,prices_32,summary_miss,20000,42,44,56,12456,0,0
time,6,absl_btree,prices_32,summary_random,20000,72,94,107,3622,0,0
time,6,absl_btree,prices_32,best,20000,34,42,51,20734,0,0
time,6,absl_btree,prices_32,sorted_range8,2000,59,80,112,214,0,0
time,6,absl_btree,prices_32,orders_at,2000,52,89,136,258,0,0
time,6,absl_btree,prices_32,batch64_summary,2000,2553,3135,16080,23442,0,0
time,6,absl_btree,updates_32,index_fill_visible,20000,67,82,142,14986,0,0
time,6,absl_btree,updates_32,index_replace_submit,20000,139,220,385,13355,0,0
time,6,absl_btree,updates_32,index_replace_ack_visible,20000,175,261,3007,23021,0,0
time,6,absl_btree,updates_32,index_cancel_submit,20000,67,81,137,7608,0,0
time,6,absl_btree,updates_32,index_terminal_visible,20000,129,215,346,4970,0,0
time,6,absl_btree,updates_32,index_reactivate,20000,149,215,386,33045,0,0
time,6,absl_btree,prices_128,summary_first,20000,49,58,105,12839,0,0
time,6,absl_btree,prices_128,summary_last,20000,56,65,88,21106,0,0
time,6,absl_btree,prices_128,summary_miss,20000,44,51,68,18871,0,0
time,6,absl_btree,prices_128,summary_random,20000,80,114,219,33067,0,0
time,6,absl_btree,prices_128,best,20000,34,45,61,14338,0,0
time,6,absl_btree,prices_128,sorted_range8,2000,61,67,139,15447,0,0
time,6,absl_btree,prices_128,orders_at,2000,57,114,176,293,0,0
time,6,absl_btree,updates_128,index_fill_visible,20000,70,148,349,66809,0,0
time,6,absl_btree,updates_128,index_replace_submit,20000,210,349,753,18220,0,0
time,6,absl_btree,updates_128,index_replace_ack_visible,20000,282,481,4398,73576,0,0
time,6,absl_btree,updates_128,index_cancel_submit,20000,67,116,233,21283,0,0
time,6,absl_btree,updates_128,index_terminal_visible,20000,200,354,3494,150073,0,0
time,6,absl_btree,updates_128,index_reactivate,20000,256,420,3480,129853,0,0
time,6,absl_btree,prices_1024,summary_first,4000,49,64,129,15896,0,0
time,6,absl_btree,prices_1024,summary_last,4000,54,80,120,356,0,0
time,6,absl_btree,prices_1024,summary_miss,4000,44,62,119,44479,0,0
time,6,absl_btree,prices_1024,summary_random,4000,101,218,378,446,0,0
time,6,absl_btree,prices_1024,best,4000,34,49,63,85,0,0
time,6,absl_btree,prices_1024,sorted_range8,2000,61,121,221,298,0,0
time,6,absl_btree,prices_1024,orders_at,2000,100,236,507,13492,0,0
time,6,absl_btree,updates_1024,index_fill_visible,4000,70,127,242,361,0,0
time,6,absl_btree,updates_1024,index_replace_submit,4000,241,364,4638,36383,0,0
time,6,absl_btree,updates_1024,index_replace_ack_visible,4000,302,519,834,3620,0,0
time,6,absl_btree,updates_1024,index_cancel_submit,4000,67,94,190,2998,0,0
time,6,absl_btree,updates_1024,index_terminal_visible,4000,215,429,971,23909,0,0
time,6,absl_btree,updates_1024,index_reactivate,4000,295,512,12642,31197,0,0
time,6,absl_btree,prices_4096,summary_first,4000,51,74,195,4151,0,0
time,6,absl_btree,prices_4096,summary_last,4000,61,112,237,3355,0,0
time,6,absl_btree,prices_4096,summary_miss,4000,47,76,137,18214,0,0
time,6,absl_btree,prices_4096,summary_random,4000,152,406,597,33484,0,0
time,6,absl_btree,prices_4096,best,4000,34,56,76,86,0,0
time,6,absl_btree,prices_4096,sorted_range8,2000,64,151,314,3998,0,0
time,6,absl_btree,prices_4096,orders_at,2000,146,341,509,3263,0,0
time,6,absl_btree,updates_4096,index_fill_visible,4000,72,237,367,19861,0,0
time,6,absl_btree,updates_4096,index_replace_submit,4000,251,413,980,49980,0,0
time,6,absl_btree,updates_4096,index_replace_ack_visible,4000,263,595,4519,21575,0,0
time,6,absl_btree,updates_4096,index_cancel_submit,4000,67,111,154,17835,0,0
time,6,absl_btree,updates_4096,index_terminal_visible,4000,219,428,550,4454,0,0
time,6,absl_btree,updates_4096,index_reactivate,4000,283,425,628,16733,0,0
time,6,absl_btree,crowded_32,summary_first,4000,44,61,77,18509,0,0
time,6,absl_btree,crowded_32,summary_last,4000,44,59,72,91,0,0
time,6,absl_btree,crowded_32,summary_miss,4000,40,54,73,107,0,0
time,6,absl_btree,crowded_32,summary_random,4000,46,62,75,14183,0,0
time,6,absl_btree,crowded_32,best,4000,34,48,62,3477,0,0
time,6,absl_btree,crowded_32,sorted_range8,2000,41,58,113,4968,0,0
time,6,absl_btree,crowded_32,orders_at,2000,187,206,295,4034,0,0
time,6,absl_btree,crowded_32,batch64_summary,2000,513,1057,4669,20504,0,0
time,6,absl_btree,crowded_4096,summary_first,4000,71,183,352,807,0,0
time,6,absl_btree,crowded_4096,summary_last,4000,55,84,126,25641,0,0
time,6,absl_btree,crowded_4096,summary_miss,4000,48,69,91,194,0,0
time,6,absl_btree,crowded_4096,summary_random,4000,53,74,132,248,0,0
time,6,absl_btree,crowded_4096,best,4000,42,69,84,139,0,0
time,6,absl_btree,crowded_4096,sorted_range8,2000,49,94,196,206,0,0
time,6,absl_btree,crowded_4096,orders_at,2000,25403,56436,148425,488239,0,0
time,6,absl_btree,reprice_random_8,index_replace_submit,20000,183,310,561,48211,0,0
time,6,absl_btree,reprice_random_8,index_replace_ack_visible,20000,243,382,613,32249,0,0
time,6,absl_btree,reprice_random_32,index_replace_submit,20000,168,323,504,24570,0,0
time,6,absl_btree,reprice_random_32,index_replace_ack_visible,20000,251,438,3294,53589,0,0
time,6,absl_btree,reprice_random_128,index_replace_submit,20000,209,335,434,13094,0,0
time,6,absl_btree,reprice_random_128,index_replace_ack_visible,20000,299,438,3459,33942,0,0
time,6,absl_btree,reprice_random_1024,index_replace_submit,4000,297,495,3709,23518,0,0
time,6,absl_btree,reprice_random_1024,index_replace_ack_visible,4000,365,577,3887,16386,0,0
time,6,absl_btree,reprice_random_4096,index_replace_submit,4000,353,743,4592,26988,0,0
time,6,absl_btree,reprice_random_4096,index_replace_ack_visible,4000,418,763,4019,15901,0,0
time,6,absl_btree,mixed_4_q0,fill_plus_queries,20000,67,70,255,15865,0,0
time,6,absl_btree,mixed_4_q1,fill_plus_queries,20000,90,137,247,43375,0,0
time,6,absl_btree,mixed_4_q4,fill_plus_queries,20000,165,226,322,25437,0,0
time,6,absl_btree,mixed_4_q16,fill_plus_queries,20000,471,623,4340,31358,0,0
time,6,absl_btree,mixed_32_q0,fill_plus_queries,20000,67,79,83,17264,0,0
time,6,absl_btree,mixed_32_q1,fill_plus_queries,20000,102,126,145,21475,0,0
time,6,absl_btree,mixed_32_q4,fill_plus_queries,20000,223,291,465,23012,0,0
time,6,absl_btree,mixed_32_q16,fill_plus_queries,20000,677,899,12390,50627,0,0
time,6,absl_btree,mixed_128_q0,fill_plus_queries,20000,67,93,120,25809,0,0
time,6,absl_btree,mixed_128_q1,fill_plus_queries,20000,110,166,265,23905,0,0
time,6,absl_btree,mixed_128_q4,fill_plus_queries,20000,247,334,3517,41619,0,0
time,6,absl_btree,mixed_128_q16,fill_plus_queries,20000,774,1112,14466,48221,0,0
time,6,absl_btree,mixed_4096_q0,fill_plus_queries,4000,68,230,478,5592,0,0
time,6,absl_btree,mixed_4096_q1,fill_plus_queries,4000,156,298,560,7752,0,0
time,6,absl_btree,mixed_4096_q4,fill_plus_queries,4000,382,590,5042,31763,0,0
time,6,absl_btree,mixed_4096_q16,fill_plus_queries,4000,1272,4875,20118,51365,0,0
time,6,absl_btree,growth,new_order_price,20000,352,4912,10634,56097,0,0
time,6,absl_btree,growth,first32_subset,32,299,682,682,5195,0,0
time,6,absl_btree,growth,last_quarter_subset,5000,377,5319,10832,56097,0,0
time,6,absl_btree,growth,every64_subset,313,5336,20474,33983,56097,0,0
time,6,absl_btree,4096books_4near_2far,summary_random,20000,153,567,3257,36074,0,0
time,6,absl_btree,prototype_4,intent_to_command,20000,123,196,2995,42320,0,0
time,6,absl_btree,prototype_4,queued_intent,20000,46,60,84,3475,0,0
time,6,absl_btree,prototype_4,report_visible,20000,160,275,3051,30568,0,0
time,6,absl_btree,prototype_4,ready_to_command,20000,132,225,2949,18892,0,0
time,6,absl_btree,prototype_32,intent_to_command,20000,134,229,3018,38016,0,0
time,6,absl_btree,prototype_32,queued_intent,20000,46,58,122,20560,0,0
time,6,absl_btree,prototype_32,report_visible,20000,185,337,3306,33109,0,0
time,6,absl_btree,prototype_32,ready_to_command,20000,146,286,3440,22252,0,0
time,6,absl_btree,prototype_128,intent_to_command,20000,195,282,3291,35047,0,0
time,6,absl_btree,prototype_128,queued_intent,20000,46,65,74,13860,0,0
time,6,absl_btree,prototype_128,report_visible,20000,297,477,3701,21445,0,0
time,6,absl_btree,prototype_128,ready_to_command,20000,224,367,3593,33574,0,0
time,7,absl_btree,prices_4,summary_first,20000,44,58,89,13657,0,0
time,7,absl_btree,prices_4,summary_last,20000,45,58,98,34743,0,0
time,7,absl_btree,prices_4,summary_miss,20000,40,52,77,2890,0,0
time,7,absl_btree,prices_4,summary_random,20000,57,80,135,17112,0,0
time,7,absl_btree,prices_4,best,20000,34,48,66,2978,0,0
time,7,absl_btree,prices_4,sorted_range8,2000,48,79,90,179,0,0
time,7,absl_btree,prices_4,orders_at,2000,48,71,196,26750,0,0
time,7,absl_btree,prices_4,batch64_summary,2000,1567,4225,16642,47941,0,0
time,7,absl_btree,updates_4,index_fill_visible,20000,67,160,2591,13485,0,0
time,7,absl_btree,updates_4,index_replace_submit,20000,112,204,2899,21078,0,0
time,7,absl_btree,updates_4,index_replace_ack_visible,20000,146,258,2911,24931,0,0
time,7,absl_btree,updates_4,index_cancel_submit,20000,67,112,2652,157457,0,0
time,7,absl_btree,updates_4,index_terminal_visible,20000,109,202,2916,17482,0,0
time,7,absl_btree,updates_4,index_reactivate,20000,124,210,2897,51640,0,0
time,7,absl_btree,prices_8,summary_first,20000,44,46,77,19691,0,0
time,7,absl_btree,prices_8,summary_last,20000,47,55,67,13576,0,0
time,7,absl_btree,prices_8,summary_miss,20000,40,42,60,4002,0,0
time,7,absl_btree,prices_8,summary_random,20000,59,77,100,14816,0,0
time,7,absl_btree,prices_8,best,20000,34,42,58,3773,0,0
time,7,absl_btree,prices_8,sorted_range8,2000,58,63,151,232,0,0
time,7,absl_btree,prices_8,orders_at,2000,48,65,142,3213,0,0
time,7,absl_btree,prices_8,batch64_summary,2000,1781,4467,34149,100139,0,0
time,7,absl_btree,updates_8,index_fill_visible,20000,67,109,249,39658,0,0
time,7,absl_btree,updates_8,index_replace_submit,20000,112,180,516,322344,0,0
time,7,absl_btree,updates_8,index_replace_ack_visible,20000,149,240,2936,48320,0,0
time,7,absl_btree,updates_8,index_cancel_submit,20000,67,96,211,57628,0,0
time,7,absl_btree,updates_8,index_terminal_visible,20000,112,186,2772,14620,0,0
time,7,absl_btree,updates_8,index_reactivate,20000,127,194,463,30648,0,0
time,7,absl_btree,prices_16,summary_first,20000,46,73,125,31229,0,0
time,7,absl_btree,prices_16,summary_last,20000,50,70,114,69348,0,0
time,7,absl_btree,prices_16,summary_miss,20000,42,61,95,14881,0,0
time,7,absl_btree,prices_16,summary_random,20000,66,111,163,62099,0,0
time,7,absl_btree,prices_16,best,20000,34,70,87,62591,0,0
time,7,absl_btree,prices_16,sorted_range8,2000,59,119,4493,41120,0,0
time,7,absl_btree,prices_16,orders_at,2000,52,105,200,49939,0,0
time,7,absl_btree,prices_16,batch64_summary,2000,2298,5220,100577,648778,0,0
time,7,absl_btree,updates_16,index_fill_visible,20000,67,103,174,27160,0,0
time,7,absl_btree,updates_16,index_replace_submit,20000,119,211,371,17106,0,0
time,7,absl_btree,updates_16,index_replace_ack_visible,20000,156,261,398,23763,0,0
time,7,absl_btree,updates_16,index_cancel_submit,20000,67,100,144,4135,0,0
time,7,absl_btree,updates_16,index_terminal_visible,20000,118,207,336,14269,0,0
time,7,absl_btree,updates_16,index_reactivate,20000,134,219,308,13229,0,0
time,7,absl_btree,prices_32,summary_first,20000,46,61,181,13241,0,0
time,7,absl_btree,prices_32,summary_last,20000,52,69,268,14712,0,0
time,7,absl_btree,prices_32,summary_miss,20000,42,57,197,31215,0,0
time,7,absl_btree,prices_32,summary_random,20000,73,108,2933,23563,0,0
time,7,absl_btree,prices_32,best,20000,34,56,87,85635,0,0
time,7,absl_btree,prices_32,sorted_range8,2000,59,93,116,4359,0,0
time,7,absl_btree,prices_32,orders_at,2000,52,91,162,2884,0,0
time,7,absl_btree,prices_32,batch64_summary,2000,2530,5977,20209,52460,0,0
time,7,absl_btree,updates_32,index_fill_visible,20000,67,108,238,16117,0,0
time,7,absl_btree,updates_32,index_replace_submit,20000,141,273,3377,23554,0,0
time,7,absl_btree,updates_32,index_replace_ack_visible,20000,179,326,3442,433831,0,0
time,7,absl_btree,updates_32,index_cancel_submit,20000,67,106,270,13098,0,0
time,7,absl_btree,updates_32,index_terminal_visible,20000,134,261,3223,19015,0,0
time,7,absl_btree,updates_32,index_reactivate,20000,152,267,3434,26194,0,0
time,7,absl_btree,prices_128,summary_first,20000,49,63,92,182446,0,0
time,7,absl_btree,prices_128,summary_last,20000,56,71,145,347369,0,0
time,7,absl_btree,prices_128,summary_miss,20000,44,58,83,3947,0,0
time,7,absl_btree,prices_128,summary_random,20000,80,122,194,132268,0,0
time,7,absl_btree,prices_128,best,20000,34,55,73,4421,0,0
time,7,absl_btree,prices_128,sorted_range8,2000,61,100,132,182,0,0
time,7,absl_btree,prices_128,orders_at,2000,58,113,165,344,0,0
time,7,absl_btree,updates_128,index_fill_visible,20000,70,116,277,31453,0,0
time,7,absl_btree,updates_128,index_replace_submit,20000,207,322,465,729363,0,0
time,7,absl_btree,updates_128,index_replace_ack_visible,20000,278,440,3212,674634,0,0
time,7,absl_btree,updates_128,index_cancel_submit,20000,67,104,152,20145,0,0
time,7,absl_btree,updates_128,index_terminal_visible,20000,196,329,697,530936,0,0
time,7,absl_btree,updates_128,index_reactivate,20000,250,387,649,39200,0,0
time,7,absl_btree,prices_1024,summary_first,4000,49,62,163,4589,0,0
time,7,absl_btree,prices_1024,summary_last,4000,54,76,171,3209,0,0
time,7,absl_btree,prices_1024,summary_miss,4000,44,57,99,265,0,0
time,7,absl_btree,prices_1024,summary_random,4000,102,241,443,3185,0,0
time,7,absl_btree,prices_1024,best,4000,34,52,77,54880,0,0
time,7,absl_btree,prices_1024,sorted_range8,2000,61,113,3318,18290,0,0
time,7,absl_btree,prices_1024,orders_at,2000,100,318,3243,184400,0,0
time,7,absl_btree,updates_1024,index_fill_visible,4000,70,273,432,805,0,0
time,7,absl_btree,updates_1024,index_replace_submit,4000,237,405,610,123629,0,0
time,7,absl_btree,updates_1024,index_replace_ack_visible,4000,297,609,13804,340645,0,0
time,7,absl_btree,updates_1024,index_cancel_submit,4000,67,161,387,203837,0,0
time,7,absl_btree,updates_1024,index_terminal_visible,4000,209,459,3902,22175,0,0
time,7,absl_btree,updates_1024,index_reactivate,4000,278,507,3644,19661,0,0
time,7,absl_btree,prices_4096,summary_first,4000,51,60,93,15857,0,0
time,7,absl_btree,prices_4096,summary_last,4000,67,149,360,3333,0,0
time,7,absl_btree,prices_4096,summary_miss,4000,47,56,109,16127,0,0
time,7,absl_btree,prices_4096,summary_random,4000,129,372,482,3667,0,0
time,7,absl_btree,prices_4096,best,4000,34,42,63,217,0,0
time,7,absl_btree,prices_4096,sorted_range8,2000,64,95,150,298,0,0
time,7,absl_btree,prices_4096,orders_at,2000,127,332,486,565,0,0
time,7,absl_btree,updates_4096,index_fill_visible,4000,70,217,391,18542,0,0
time,7,absl_btree,updates_4096,index_replace_submit,4000,244,383,3752,19127,0,0
time,7,absl_btree,updates_4096,index_replace_ack_visible,4000,251,546,3488,52822,0,0
time,7,absl_btree,updates_4096,index_cancel_submit,4000,67,101,136,166,0,0
time,7,absl_btree,updates_4096,index_terminal_visible,4000,207,362,4311,165371,0,0
time,7,absl_btree,updates_4096,index_reactivate,4000,275,411,3435,177444,0,0
time,7,absl_btree,crowded_32,summary_first,4000,44,58,93,5338,0,0
time,7,absl_btree,crowded_32,summary_last,4000,44,57,101,551,0,0
time,7,absl_btree,crowded_32,summary_miss,4000,40,52,85,299,0,0
time,7,absl_btree,crowded_32,summary_random,4000,46,59,88,204,0,0
time,7,absl_btree,crowded_32,best,4000,34,47,72,202,0,0
time,7,absl_btree,crowded_32,sorted_range8,2000,42,49,82,130,0,0
time,7,absl_btree,crowded_32,orders_at,2000,187,198,3733,16958,0,0
time,7,absl_btree,crowded_32,batch64_summary,2000,516,900,6585,21356,0,0
time,7,absl_btree,crowded_4096,summary_first,4000,71,166,314,818,0,0
time,7,absl_btree,crowded_4096,summary_last,4000,45,83,105,3685,0,0
time,7,absl_btree,crowded_4096,summary_miss,4000,40,69,82,64444,0,0
time,7,absl_btree,crowded_4096,summary_random,4000,46,82,197,20855,0,0
time,7,absl_btree,crowded_4096,best,4000,34,70,81,17888,0,0
time,7,absl_btree,crowded_4096,sorted_range8,2000,49,94,201,231,0,0
time,7,absl_btree,crowded_4096,orders_at,2000,25592,54444,225833,545434,0,0
time,7,absl_btree,reprice_random_8,index_replace_submit,20000,122,201,391,16055,0,0
time,7,absl_btree,reprice_random_8,index_replace_ack_visible,20000,172,264,3023,247020,0,0
time,7,absl_btree,reprice_random_32,index_replace_submit,20000,167,286,440,35537,0,0
time,7,absl_btree,reprice_random_32,index_replace_ack_visible,20000,250,390,2972,21428,0,0
time,7,absl_btree,reprice_random_128,index_replace_submit,20000,209,354,3331,33392,0,0
time,7,absl_btree,reprice_random_128,index_replace_ack_visible,20000,301,479,3513,26681,0,0
time,7,absl_btree,reprice_random_1024,index_replace_submit,4000,301,540,4600,24864,0,0
time,7,absl_btree,reprice_random_1024,index_replace_ack_visible,4000,365,614,3675,25571,0,0
time,7,absl_btree,reprice_random_4096,index_replace_submit,4000,344,642,4158,17716,0,0
time,7,absl_btree,reprice_random_4096,index_replace_ack_visible,4000,417,707,4947,29151,0,0
time,7,absl_btree,mixed_4_q0,fill_plus_queries,20000,67,92,160,4769,0,0
time,7,absl_btree,mixed_4_q1,fill_plus_queries,20000,89,131,194,18874,0,0
time,7,absl_btree,mixed_4_q4,fill_plus_queries,20000,169,253,462,46371,0,0
time,7,absl_btree,mixed_4_q16,fill_plus_queries,20000,474,649,4586,169225,0,0
time,7,absl_btree,mixed_32_q0,fill_plus_queries,20000,67,79,100,22519,0,0
time,7,absl_btree,mixed_32_q1,fill_plus_queries,20000,102,153,261,22674,0,0
time,7,absl_btree,mixed_32_q4,fill_plus_queries,20000,226,330,3288,34395,0,0
time,7,absl_btree,mixed_32_q16,fill_plus_queries,20000,675,883,13552,167342,0,0
time,7,absl_btree,mixed_128_q0,fill_plus_queries,20000,68,97,176,16758,0,0
time,7,absl_btree,mixed_128_q1,fill_plus_queries,20000,113,183,296,22824,0,0
time,7,absl_btree,mixed_128_q4,fill_plus_queries,20000,246,324,3250,39767,0,0
time,7,absl_btree,mixed_128_q16,fill_plus_queries,20000,770,996,13375,498961,0,0
time,7,absl_btree,mixed_4096_q0,fill_plus_queries,4000,67,212,492,5244,0,0
time,7,absl_btree,mixed_4096_q1,fill_plus_queries,4000,157,284,3276,51592,0,0
time,7,absl_btree,mixed_4096_q4,fill_plus_queries,4000,383,616,4724,45032,0,0
time,7,absl_btree,mixed_4096_q16,fill_plus_queries,4000,1320,5417,27628,183073,0,0
time,7,absl_btree,growth,new_order_price,20000,411,6220,23874,63964,0,0
time,7,absl_btree,growth,first32_subset,32,385,4935,4935,5035,0,0
time,7,absl_btree,growth,last_quarter_subset,5000,431,6705,13406,63964,0,0
time,7,absl_btree,growth,every64_subset,313,6471,25332,47974,63964,0,0
time,7,absl_btree,4096books_4near_2far,summary_random,20000,161,578,3121,44860,0,0
time,7,absl_btree,prototype_4,intent_to_command,20000,163,253,3710,43479,0,0
time,7,absl_btree,prototype_4,queued_intent,20000,55,76,184,3625,0,0
time,7,absl_btree,prototype_4,report_visible,20000,213,372,3770,21786,0,0
time,7,absl_btree,prototype_4,ready_to_command,20000,177,325,3995,54499,0,0
time,7,absl_btree,prototype_32,intent_to_command,20000,189,301,407,28151,0,0
time,7,absl_btree,prototype_32,queued_intent,20000,55,73,192,3210,0,0
time,7,absl_btree,prototype_32,report_visible,20000,257,430,3994,46946,0,0
time,7,absl_btree,prototype_32,ready_to_command,20000,218,378,3971,47697,0,0
time,7,absl_btree,prototype_128,intent_to_command,20000,258,435,4207,36982,0,0
time,7,absl_btree,prototype_128,queued_intent,20000,53,84,3215,5590,0,0
time,7,absl_btree,prototype_128,report_visible,20000,370,879,4981,60987,0,0
time,7,absl_btree,prototype_128,ready_to_command,20000,302,566,5565,37500,0,0
time,7,adaptive,prices_4,summary_first,20000,48,64,91,19682,0,0
time,7,adaptive,prices_4,summary_last,20000,50,68,87,13594,0,0
time,7,adaptive,prices_4,summary_miss,20000,40,57,78,13690,0,0
time,7,adaptive,prices_4,summary_random,20000,62,84,105,3574,0,0
time,7,adaptive,prices_4,best,20000,34,51,65,18715,0,0
time,7,adaptive,prices_4,sorted_range8,2000,50,73,2576,28241,0,0
time,7,adaptive,prices_4,orders_at,2000,53,86,149,2736,0,0
time,7,adaptive,prices_4,batch64_summary,2000,1685,2226,17522,62372,0,0
time,7,adaptive,updates_4,index_fill_visible,20000,68,161,2705,39726,0,0
time,7,adaptive,updates_4,index_replace_submit,20000,108,210,2844,98499,0,0
time,7,adaptive,updates_4,index_replace_ack_visible,20000,107,198,2814,311938,0,0
time,7,adaptive,updates_4,index_cancel_submit,20000,68,114,2678,60871,0,0
time,7,adaptive,updates_4,index_terminal_visible,20000,73,144,2763,57653,0,0
time,7,adaptive,updates_4,index_reactivate,20000,123,227,2872,33099,0,0
time,7,adaptive,prices_8,summary_first,20000,48,61,79,26475,0,0
time,7,adaptive,prices_8,summary_last,20000,47,68,93,16058,0,0
time,7,adaptive,prices_8,summary_miss,20000,40,54,74,12850,0,0
time,7,adaptive,prices_8,summary_random,20000,62,84,115,5541,0,0
time,7,adaptive,prices_8,best,20000,34,49,64,17267,0,0
time,7,adaptive,prices_8,sorted_range8,2000,58,60,115,165,0,0
time,7,adaptive,prices_8,orders_at,2000,51,68,96,155,0,0
time,7,adaptive,prices_8,batch64_summary,2000,1767,1902,16680,22566,0,0
time,7,adaptive,updates_8,index_fill_visible,20000,68,124,265,17575,0,0
time,7,adaptive,updates_8,index_replace_submit,20000,106,190,278,11976,0,0
time,7,adaptive,updates_8,index_replace_ack_visible,20000,107,178,282,17149,0,0
time,7,adaptive,updates_8,index_cancel_submit,20000,68,102,141,17251,0,0
time,7,adaptive,updates_8,index_terminal_visible,20000,73,135,241,30905,0,0
time,7,adaptive,updates_8,index_reactivate,20000,126,190,294,17780,0,0
time,7,adaptive,prices_16,summary_first,20000,48,60,85,39372,0,0
time,7,adaptive,prices_16,summary_last,20000,52,78,97,15183,0,0
time,7,adaptive,prices_16,summary_miss,20000,40,53,67,3080,0,0
time,7,adaptive,prices_16,summary_random,20000,64,86,117,19105,0,0
time,7,adaptive,prices_16,best,20000,34,49,61,3849,0,0
time,7,adaptive,prices_16,sorted_range8,2000,57,60,95,337,0,0
time,7,adaptive,prices_16,orders_at,2000,51,70,88,3285,0,0
time,7,adaptive,prices_16,batch64_summary,2000,1995,2122,14860,22409,0,0
time,7,adaptive,updates_16,index_fill_visible,20000,68,104,204,34025,0,0
time,7,adaptive,updates_16,index_replace_submit,20000,114,193,321,47040,0,0
time,7,adaptive,updates_16,index_replace_ack_visible,20000,112,180,253,19404,0,0
time,7,adaptive,updates_16,index_cancel_submit,20000,68,97,135,15395,0,0
time,7,adaptive,updates_16,index_terminal_visible,20000,75,133,209,11792,0,0
time,7,adaptive,updates_16,index_reactivate,20000,136,208,277,22904,0,0
time,7,adaptive,prices_32,summary_first,20000,48,66,87,13675,0,0
time,7,adaptive,prices_32,summary_last,20000,54,66,87,12697,0,0
time,7,adaptive,prices_32,summary_miss,20000,46,61,78,14066,0,0
time,7,adaptive,prices_32,summary_random,20000,83,111,140,16720,0,0
time,7,adaptive,prices_32,best,20000,34,48,62,12673,0,0
time,7,adaptive,prices_32,sorted_range8,2000,59,78,222,273,0,0
time,7,adaptive,prices_32,orders_at,2000,56,92,111,120,0,0
time,7,adaptive,prices_32,batch64_summary,2000,3054,6671,27262,120654,0,0
time,7,adaptive,updates_32,index_fill_visible,20000,68,112,2751,2103090,0,0
time,7,adaptive,updates_32,index_replace_submit,20000,113,219,2944,21868,0,0
time,7,adaptive,updates_32,index_replace_ack_visible,20000,115,211,2916,24458,0,0
time,7,adaptive,updates_32,index_cancel_submit,20000,67,105,2699,1062695,0,0
time,7,adaptive,updates_32,index_terminal_visible,20000,76,155,2874,22223,0,0
time,7,adaptive,updates_32,index_reactivate,20000,133,251,2986,22800,0,0
time,7,adaptive,prices_128,summary_first,20000,51,71,173,13129,0,0
time,7,adaptive,prices_128,summary_last,20000,57,71,117,4274,0,0
time,7,adaptive,prices_128,summary_miss,20000,48,64,168,40039,0,0
time,7,adaptive,prices_128,summary_random,20000,96,157,297,31956,0,0
time,7,adaptive,prices_128,best,20000,34,48,61,32666,0,0
time,7,adaptive,prices_128,sorted_range8,2000,59,78,145,183,0,0
time,7,adaptive,prices_128,orders_at,2000,76,125,157,15683,0,0
time,7,adaptive,updates_128,index_fill_visible,20000,73,110,238,31261,0,0
time,7,adaptive,updates_128,index_replace_submit,20000,143,286,3203,92581,0,0
time,7,adaptive,updates_128,index_replace_ack_visible,20000,137,272,408,25910,0,0
time,7,adaptive,updates_128,index_cancel_submit,20000,68,107,234,30960,0,0
time,7,adaptive,updates_128,index_terminal_visible,20000,94,192,332,33731,0,0
time,7,adaptive,updates_128,index_reactivate,20000,161,334,527,25865,0,0
time,7,adaptive,prices_1024,summary_first,4000,52,77,3253,5063,0,0
time,7,adaptive,prices_1024,summary_last,4000,61,80,216,2359,0,0
time,7,adaptive,prices_1024,summary_miss,4000,51,70,267,29342,0,0
time,7,adaptive,prices_1024,summary_random,4000,123,209,3902,4853,0,0
time,7,adaptive,prices_1024,best,4000,34,47,120,32755,0,0
time,7,adaptive,prices_1024,sorted_range8,2000,62,111,1942,3315,0,0
time,7,adaptive,prices_1024,orders_at,2000,114,219,3385,4689,0,0
time,7,adaptive,updates_1024,index_fill_visible,4000,72,156,339,4291,0,0
time,7,adaptive,updates_1024,index_replace_submit,4000,241,391,4085,117172,0,0
time,7,adaptive,updates_1024,index_replace_ack_visible,4000,290,547,4233,25189,0,0
time,7,adaptive,updates_1024,index_cancel_submit,4000,70,108,261,298,0,0
time,7,adaptive,updates_1024,index_terminal_visible,4000,200,438,3331,18306,0,0
time,7,adaptive,updates_1024,index_reactivate,4000,293,526,4657,29203,0,0
time,7,adaptive,prices_4096,summary_first,4000,55,75,2801,3488,0,0
time,7,adaptive,prices_4096,summary_last,4000,63,176,373,42800,0,0
time,7,adaptive,prices_4096,summary_miss,4000,47,65,3013,3233,0,0
time,7,adaptive,prices_4096,summary_random,4000,155,465,3178,4173,0,0
time,7,adaptive,prices_4096,best,4000,34,48,94,2986,0,0
time,7,adaptive,prices_4096,sorted_range8,2000,66,127,254,3424,0,0
time,7,adaptive,prices_4096,orders_at,2000,150,442,535,3364,0,0
time,7,adaptive,updates_4096,index_fill_visible,4000,73,239,3018,15589,0,0
time,7,adaptive,updates_4096,index_replace_submit,4000,251,424,2926,8075,0,0
time,7,adaptive,updates_4096,index_replace_ack_visible,4000,249,614,3660,477949,0,0
time,7,adaptive,updates_4096,index_cancel_submit,4000,70,112,294,3388,0,0
time,7,adaptive,updates_4096,index_terminal_visible,4000,207,432,4335,19659,0,0
time,7,adaptive,updates_4096,index_reactivate,4000,297,472,3867,34019,0,0
time,7,adaptive,crowded_32,summary_first,4000,48,50,70,163,0,0
time,7,adaptive,crowded_32,summary_last,4000,48,50,60,80,0,0
time,7,adaptive,crowded_32,summary_miss,4000,40,42,84,446,0,0
time,7,adaptive,crowded_32,summary_random,4000,50,52,64,89,0,0
time,7,adaptive,crowded_32,best,4000,34,36,57,222,0,0
time,7,adaptive,crowded_32,sorted_range8,2000,43,45,65,101,0,0
time,7,adaptive,crowded_32,orders_at,2000,189,208,378,6370,0,0
time,7,adaptive,crowded_32,batch64_summary,2000,550,560,701,4150,0,0
time,7,adaptive,crowded_4096,summary_first,4000,73,149,236,5680,0,0
time,7,adaptive,crowded_4096,summary_last,4000,58,72,92,22255,0,0
time,7,adaptive,crowded_4096,summary_miss,4000,56,95,124,38339,0,0
time,7,adaptive,crowded_4096,summary_random,4000,59,77,111,3508,0,0
time,7,adaptive,crowded_4096,best,4000,43,59,85,163,0,0
time,7,adaptive,crowded_4096,sorted_range8,2000,44,74,121,296,0,0
time,7,adaptive,crowded_4096,orders_at,2000,24257,46110,84898,1065297,0,0
time,7,adaptive,reprice_random_8,index_replace_submit,20000,162,255,503,54902,0,0
time,7,adaptive,reprice_random_8,index_replace_ack_visible,20000,185,264,485,39761,0,0
time,7,adaptive,reprice_random_32,index_replace_submit,20000,200,794,4273,35720,0,0
time,7,adaptive,reprice_random_32,index_replace_ack_visible,20000,235,3757,4320,53885,0,0
time,7,adaptive,reprice_random_128,index_replace_submit,20000,189,403,4085,19403,0,0
time,7,adaptive,reprice_random_128,index_replace_ack_visible,20000,232,370,4485,67281,0,0
time,7,adaptive,reprice_random_1024,index_replace_submit,4000,292,545,4158,157864,0,0
time,7,adaptive,reprice_random_1024,index_replace_ack_visible,4000,356,654,4001,19054,0,0
time,7,adaptive,reprice_random_4096,index_replace_submit,4000,357,810,3844,28560,0,0
time,7,adaptive,reprice_random_4096,index_replace_ack_visible,4000,417,853,4558,20423,0,0
time,7,adaptive,mixed_4_q0,fill_plus_queries,20000,67,72,137,24286,0,0
time,7,adaptive,mixed_4_q1,fill_plus_queries,20000,92,136,2719,18625,0,0
time,7,adaptive,mixed_4_q4,fill_plus_queries,20000,173,256,2969,22648,0,0
time,7,adaptive,mixed_4_q16,fill_plus_queries,20000,502,720,11196,144425,0,0
time,7,adaptive,mixed_32_q0,fill_plus_queries,20000,67,97,2703,42647,0,0
time,7,adaptive,mixed_32_q1,fill_plus_queries,20000,107,162,2912,974251,0,0
time,7,adaptive,mixed_32_q4,fill_plus_queries,20000,233,336,3229,154978,0,0
time,7,adaptive,mixed_32_q16,fill_plus_queries,20000,707,1134,14865,139725,0,0
time,7,adaptive,mixed_128_q0,fill_plus_queries,20000,68,102,287,36433,0,0
time,7,adaptive,mixed_128_q1,fill_plus_queries,20000,127,196,3232,32873,0,0
time,7,adaptive,mixed_128_q4,fill_plus_queries,20000,278,410,3632,54248,0,0
time,7,adaptive,mixed_128_q16,fill_plus_queries,20000,910,1440,19965,70596,0,0
time,7,adaptive,mixed_4096_q0,fill_plus_queries,4000,68,234,569,3477,0,0
time,7,adaptive,mixed_4096_q1,fill_plus_queries,4000,168,384,3600,24052,0,0
time,7,adaptive,mixed_4096_q4,fill_plus_queries,4000,408,988,35336,1960090,0,0
time,7,adaptive,mixed_4096_q16,fill_plus_queries,4000,1234,4675,21124,34443,0,0
time,7,adaptive,growth,new_order_price,20000,354,5251,29362,2900792,0,0
time,7,adaptive,growth,first32_subset,32,248,471,471,5567,0,0
time,7,adaptive,growth,last_quarter_subset,5000,366,12929,38717,165702,0,0
time,7,adaptive,growth,every64_subset,313,5837,86407,152853,165702,0,0
time,7,adaptive,4096books_4near_2far,summary_random,20000,175,606,3224,22058,0,0
time,7,adaptive,prototype_4,intent_to_command,20000,110,195,2815,38792,0,0
time,7,adaptive,prototype_4,queued_intent,20000,46,61,92,20378,0,0
time,7,adaptive,prototype_4,report_visible,20000,122,249,3036,364120,0,0
time,7,adaptive,prototype_4,ready_to_command,20000,120,248,2855,42467,0,0
time,7,adaptive,prototype_32,intent_to_command,20000,113,158,3000,23002,0,0
time,7,adaptive,prototype_32,queued_intent,20000,46,50,72,18817,0,0
time,7,adaptive,prototype_32,report_visible,20000,130,204,708,13335,0,0
time,7,adaptive,prototype_32,ready_to_command,20000,123,207,3017,14531,0,0
time,7,adaptive,prototype_128,intent_to_command,20000,138,243,3483,15536,0,0
time,7,adaptive,prototype_128,queued_intent,20000,46,67,93,3227,0,0
time,7,adaptive,prototype_128,report_visible,20000,161,333,3525,30786,0,0
time,7,adaptive,prototype_128,ready_to_command,20000,161,319,3603,375116,0,0
time,7,sorted_deque_soa,prices_4,summary_first,20000,56,68,97,11642,0,0
time,7,sorted_deque_soa,prices_4,summary_last,20000,53,66,93,15695,0,0
time,7,sorted_deque_soa,prices_4,summary_miss,20000,47,59,132,39783,0,0
time,7,sorted_deque_soa,prices_4,summary_random,20000,57,67,144,20139,0,0
time,7,sorted_deque_soa,prices_4,best,20000,34,47,75,4020,0,0
time,7,sorted_deque_soa,prices_4,sorted_range8,2000,58,65,83,126,0,0
time,7,sorted_deque_soa,prices_4,orders_at,2000,57,70,101,109,0,0
time,7,sorted_deque_soa,prices_4,batch64_summary,2000,1227,2180,22612,31458,0,0
time,7,sorted_deque_soa,updates_4,index_fill_visible,20000,68,149,2633,22208,0,0
time,7,sorted_deque_soa,updates_4,index_replace_submit,20000,113,203,2881,16840,0,0
time,7,sorted_deque_soa,updates_4,index_replace_ack_visible,20000,128,202,2832,22911,0,0
time,7,sorted_deque_soa,updates_4,index_cancel_submit,20000,68,110,2681,32082,0,0
time,7,sorted_deque_soa,updates_4,index_terminal_visible,20000,89,147,2792,47245,0,0
time,7,sorted_deque_soa,updates_4,index_reactivate,20000,121,208,2886,33595,0,0
time,7,sorted_deque_soa,prices_8,summary_first,20000,64,80,175,27907,0,0
time,7,sorted_deque_soa,prices_8,summary_last,20000,62,80,141,12436,0,0
time,7,sorted_deque_soa,prices_8,summary_miss,20000,56,72,140,6507,0,0
time,7,sorted_deque_soa,prices_8,summary_random,20000,63,89,257,66561,0,0
time,7,sorted_deque_soa,prices_8,best,20000,40,54,122,25452,0,0
time,7,sorted_deque_soa,prices_8,sorted_range8,2000,80,152,352,26539,0,0
time,7,sorted_deque_soa,prices_8,orders_at,2000,68,92,159,15987,0,0
time,7,sorted_deque_soa,prices_8,batch64_summary,2000,1245,2052,21086,22960,0,0
time,7,sorted_deque_soa,updates_8,index_fill_visible,20000,68,157,330,20210,0,0
time,7,sorted_deque_soa,updates_8,index_replace_submit,20000,117,211,397,41612,0,0
time,7,sorted_deque_soa,updates_8,index_replace_ack_visible,20000,133,210,2630,35916,0,0
time,7,sorted_deque_soa,updates_8,index_cancel_submit,20000,68,107,228,15416,0,0
time,7,sorted_deque_soa,updates_8,index_terminal_visible,20000,91,155,264,24847,0,0
time,7,sorted_deque_soa,updates_8,index_reactivate,20000,128,210,372,20774,0,0
time,7,sorted_deque_soa,prices_16,summary_first,20000,61,72,84,217,0,0
time,7,sorted_deque_soa,prices_16,summary_last,20000,60,71,85,14835,0,0
time,7,sorted_deque_soa,prices_16,summary_miss,20000,54,65,81,181444,0,0
time,7,sorted_deque_soa,prices_16,summary_random,20000,62,74,99,40100,0,0
time,7,sorted_deque_soa,prices_16,best,20000,34,45,58,12481,0,0
time,7,sorted_deque_soa,prices_16,sorted_range8,2000,72,102,201,8366,0,0
time,7,sorted_deque_soa,prices_16,orders_at,2000,65,78,98,109,0,0
time,7,sorted_deque_soa,prices_16,batch64_summary,2000,1363,1797,14486,29669,0,0
time,7,sorted_deque_soa,updates_16,index_fill_visible,20000,68,97,187,6108,0,0
time,7,sorted_deque_soa,updates_16,index_replace_submit,20000,132,180,257,22349,0,0
time,7,sorted_deque_soa,updates_16,index_replace_ack_visible,20000,144,187,345,56921,0,0
time,7,sorted_deque_soa,updates_16,index_cancel_submit,20000,68,92,110,11701,0,0
time,7,sorted_deque_soa,updates_16,index_terminal_visible,20000,97,130,190,13776,0,0
time,7,sorted_deque_soa,updates_16,index_reactivate,20000,146,190,243,19577,0,0
time,7,sorted_deque_soa,prices_32,summary_first,20000,69,82,163,3551,0,0
time,7,sorted_deque_soa,prices_32,summary_last,20000,67,81,169,14527,0,0
time,7,sorted_deque_soa,prices_32,summary_miss,20000,61,75,113,29235,0,0
time,7,sorted_deque_soa,prices_32,summary_random,20000,71,85,161,22673,0,0
time,7,sorted_deque_soa,prices_32,best,20000,34,45,73,3964,0,0
time,7,sorted_deque_soa,prices_32,sorted_range8,2000,80,105,176,187,0,0
time,7,sorted_deque_soa,prices_32,orders_at,2000,72,92,238,3430,0,0
time,7,sorted_deque_soa,prices_32,batch64_summary,2000,1808,2470,16500,26107,0,0
time,7,sorted_deque_soa,updates_32,index_fill_visible,20000,68,99,177,30296,0,0
time,7,sorted_deque_soa,updates_32,index_replace_submit,20000,154,230,352,31837,0,0
time,7,sorted_deque_soa,updates_32,index_replace_ack_visible,20000,159,218,365,33195,0,0
time,7,sorted_deque_soa,updates_32,index_cancel_submit,20000,68,94,136,18775,0,0
time,7,sorted_deque_soa,updates_32,index_terminal_visible,20000,104,150,231,18679,0,0
time,7,sorted_deque_soa,updates_32,index_reactivate,20000,177,246,408,51892,0,0
time,7,sorted_deque_soa,prices_128,summary_first,20000,50,61,87,11085,0,0
time,7,sorted_deque_soa,prices_128,summary_last,20000,53,62,87,2931,0,0
time,7,sorted_deque_soa,prices_128,summary_miss,20000,44,52,79,3540,0,0
time,7,sorted_deque_soa,prices_128,summary_random,20000,89,122,148,18981,0,0
time,7,sorted_deque_soa,prices_128,best,20000,34,49,66,76885,0,0
time,7,sorted_deque_soa,prices_128,sorted_range8,2000,61,63,89,205,0,0
time,7,sorted_deque_soa,prices_128,orders_at,2000,65,118,135,14195,0,0
time,7,sorted_deque_soa,updates_128,index_fill_visible,20000,73,144,316,55850,0,0
time,7,sorted_deque_soa,updates_128,index_replace_submit,20000,149,315,3112,1602026,0,0
time,7,sorted_deque_soa,updates_128,index_replace_ack_visible,20000,145,302,3813,31248,0,0
time,7,sorted_deque_soa,updates_128,index_cancel_submit,20000,68,120,231,34822,0,0
time,7,sorted_deque_soa,updates_128,index_terminal_visible,20000,110,222,3322,24376,0,0
time,7,sorted_deque_soa,updates_128,index_reactivate,20000,154,337,871,315186,0,0
time,7,sorted_deque_soa,prices_1024,summary_first,4000,50,73,96,201,0,0
time,7,sorted_deque_soa,prices_1024,summary_last,4000,55,71,126,13076,0,0
time,7,sorted_deque_soa,prices_1024,summary_miss,4000,46,63,92,19981,0,0
time,7,sorted_deque_soa,prices_1024,summary_random,4000,117,202,431,7541,0,0
time,7,sorted_deque_soa,prices_1024,best,4000,34,48,66,2954,0,0
time,7,sorted_deque_soa,prices_1024,sorted_range8,2000,61,116,191,320,0,0
time,7,sorted_deque_soa,prices_1024,orders_at,2000,115,185,416,15726,0,0
time,7,sorted_deque_soa,updates_1024,index_fill_visible,4000,70,152,328,444,0,0
time,7,sorted_deque_soa,updates_1024,index_replace_submit,4000,141,467,4442,15926,0,0
time,7,sorted_deque_soa,updates_1024,index_replace_ack_visible,4000,146,414,601,26240,0,0
time,7,sorted_deque_soa,updates_1024,index_cancel_submit,4000,68,102,251,24722,0,0
time,7,sorted_deque_soa,updates_1024,index_terminal_visible,4000,102,320,408,15162,0,0
time,7,sorted_deque_soa,updates_1024,index_reactivate,4000,152,494,613,3564,0,0
time,7,sorted_deque_soa,prices_4096,summary_first,4000,51,77,105,192,0,0
time,7,sorted_deque_soa,prices_4096,summary_last,4000,56,79,141,24538,0,0
time,7,sorted_deque_soa,prices_4096,summary_miss,4000,47,65,112,4660,0,0
time,7,sorted_deque_soa,prices_4096,summary_random,4000,155,409,554,48558,0,0
time,7,sorted_deque_soa,prices_4096,best,4000,34,44,59,207,0,0
time,7,sorted_deque_soa,prices_4096,sorted_range8,2000,61,121,214,547,0,0
time,7,sorted_deque_soa,prices_4096,orders_at,2000,153,414,511,7752,0,0
time,7,sorted_deque_soa,updates_4096,index_fill_visible,4000,70,225,505,17538,0,0
time,7,sorted_deque_soa,updates_4096,index_replace_submit,4000,118,217,2040,4204,0,0
time,7,sorted_deque_soa,updates_4096,index_replace_ack_visible,4000,132,218,460,27211,0,0
time,7,sorted_deque_soa,updates_4096,index_cancel_submit,4000,68,116,217,5573,0,0
time,7,sorted_deque_soa,updates_4096,index_terminal_visible,4000,92,174,363,4432,0,0
time,7,sorted_deque_soa,updates_4096,index_reactivate,4000,133,222,2935,27869,0,0
time,7,sorted_deque_soa,crowded_32,summary_first,4000,50,62,157,3033,0,0
time,7,sorted_deque_soa,crowded_32,summary_last,4000,49,62,2597,17652,0,0
time,7,sorted_deque_soa,crowded_32,summary_miss,4000,41,56,251,42735,0,0
time,7,sorted_deque_soa,crowded_32,summary_random,4000,52,64,2371,2587,0,0
time,7,sorted_deque_soa,crowded_32,best,4000,34,46,68,2512,0,0
time,7,sorted_deque_soa,crowded_32,sorted_range8,2000,45,62,124,19572,0,0
time,7,sorted_deque_soa,crowded_32,orders_at,2000,191,267,3135,3719,0,0
time,7,sorted_deque_soa,crowded_32,batch64_summary,2000,528,3016,7050,24482,0,0
time,7,sorted_deque_soa,crowded_4096,summary_first,4000,75,167,202,3579,0,0
time,7,sorted_deque_soa,crowded_4096,summary_last,4000,50,84,109,23648,0,0
time,7,sorted_deque_soa,crowded_4096,summary_miss,4000,42,77,86,229,0,0
time,7,sorted_deque_soa,crowded_4096,summary_random,4000,52,74,97,232,0,0
time,7,sorted_deque_soa,crowded_4096,best,4000,34,62,77,205,0,0
time,7,sorted_deque_soa,crowded_4096,sorted_range8,2000,46,83,108,198,0,0
time,7,sorted_deque_soa,crowded_4096,orders_at,2000,24241,44249,59477,103067,0,0
time,7,sorted_deque_soa,reprice_random_8,index_replace_submit,20000,128,160,359,23064,0,0
time,7,sorted_deque_soa,reprice_random_8,index_replace_ack_visible,20000,150,182,303,131092,0,0
time,7,sorted_deque_soa,reprice_random_32,index_replace_submit,20000,176,287,401,12174,0,0
time,7,sorted_deque_soa,reprice_random_32,index_replace_ack_visible,20000,186,271,423,60777,0,0
time,7,sorted_deque_soa,reprice_random_128,index_replace_submit,20000,179,317,3604,30882,0,0
time,7,sorted_deque_soa,reprice_random_128,index_replace_ack_visible,20000,218,358,3282,20059,0,0
time,7,sorted_deque_soa,reprice_random_1024,index_replace_submit,4000,378,619,4513,22260,0,0
time,7,sorted_deque_soa,reprice_random_1024,index_replace_ack_visible,4000,328,563,3866,50554,0,0
time,7,sorted_deque_soa,reprice_random_4096,index_replace_submit,4000,863,3105,19848,55058,0,0
time,7,sorted_deque_soa,reprice_random_4096,index_replace_ack_visible,4000,790,1712,9098,29893,0,0
time,7,sorted_deque_soa,mixed_4_q0,fill_plus_queries,20000,68,98,261,21438,0,0
time,7,sorted_deque_soa,mixed_4_q1,fill_plus_queries,20000,86,122,260,18052,0,0
time,7,sorted_deque_soa,mixed_4_q4,fill_plus_queries,20000,132,193,2678,36559,0,0
time,7,sorted_deque_soa,mixed_4_q16,fill_plus_queries,20000,384,725,4631,38596,0,0
time,7,sorted_deque_soa,mixed_32_q0,fill_plus_queries,20000,86,150,3559,21038,0,0
time,7,sorted_deque_soa,mixed_32_q1,fill_plus_queries,20000,128,300,4274,38786,0,0
time,7,sorted_deque_soa,mixed_32_q4,fill_plus_queries,20000,223,485,4380,74467,0,0
time,7,sorted_deque_soa,mixed_32_q16,fill_plus_queries,20000,678,1349,7544,41610,0,0
time,7,sorted_deque_soa,mixed_128_q0,fill_plus_queries,20000,90,227,303,26832,0,0
time,7,sorted_deque_soa,mixed_128_q1,fill_plus_queries,20000,153,294,414,47810,0,0
time,7,sorted_deque_soa,mixed_128_q4,fill_plus_queries,20000,303,467,562,19888,0,0
time,7,sorted_deque_soa,mixed_128_q16,fill_plus_queries,20000,942,1280,16556,72695,0,0
time,7,sorted_deque_soa,mixed_4096_q0,fill_plus_queries,4000,83,272,506,33736,0,0
time,7,sorted_deque_soa,mixed_4096_q1,fill_plus_queries,4000,198,368,724,5492,0,0
time,7,sorted_deque_soa,mixed_4096_q4,fill_plus_queries,4000,455,697,879,58940,0,0
time,7,sorted_deque_soa,mixed_4096_q16,fill_plus_queries,4000,1522,2152,24304,41224,0,0
time,7,sorted_deque_soa,growth,new_order_price,20000,218,2870,12210,134896,0,0
time,7,sorted_deque_soa,growth,first32_subset,32,310,872,872,5280,0,0
time,7,sorted_deque_soa,growth,last_quarter_subset,5000,228,5978,12427,105845,0,0
time,7,sorted_deque_soa,growth,every64_subset,313,3107,38041,53015,105845,0,0
time,7,sorted_deque_soa,4096books_4near_2far,summary_random,20000,234,737,3973,115021,0,0
time,7,sorted_deque_soa,prototype_4,intent_to_command,20000,167,267,347,33413,0,0
time,7,sorted_deque_soa,prototype_4,queued_intent,20000,53,76,195,36286,0,0
time,7,sorted_deque_soa,prototype_4,report_visible,20000,183,313,498,32882,0,0
time,7,sorted_deque_soa,prototype_4,ready_to_command,20000,193,327,794,48082,0,0
time,7,sorted_deque_soa,prototype_32,intent_to_command,20000,168,254,360,13566,0,0
time,7,sorted_deque_soa,prototype_32,queued_intent,20000,46,58,67,20552,0,0
time,7,sorted_deque_soa,prototype_32,report_visible,20000,173,259,576,22839,0,0
time,7,sorted_deque_soa,prototype_32,ready_to_command,20000,179,279,1018,19200,0,0
time,7,sorted_deque_soa,prototype_128,intent_to_command,20000,138,236,408,97757,0,0
time,7,sorted_deque_soa,prototype_128,queued_intent,20000,46,65,78,78919,0,0
time,7,sorted_deque_soa,prototype_128,report_visible,20000,154,258,3728,485370,0,0
time,7,sorted_deque_soa,prototype_128,ready_to_command,20000,155,280,470,24650,0,0
time,7,sorted_deque,prices_4,summary_first,20000,46,56,72,16914,0,0
time,7,sorted_deque,prices_4,summary_last,20000,46,55,71,36447,0,0
time,7,sorted_deque,prices_4,summary_miss,20000,39,49,61,13092,0,0
time,7,sorted_deque,prices_4,summary_random,20000,58,72,97,20518,0,0
time,7,sorted_deque,prices_4,best,20000,34,49,63,13323,0,0
time,7,sorted_deque,prices_4,sorted_range8,2000,49,52,109,119,0,0
time,7,sorted_deque,prices_4,orders_at,2000,49,59,100,381,0,0
time,7,sorted_deque,prices_4,batch64_summary,2000,1434,1879,40737,147674,0,0
time,7,sorted_deque,updates_4,index_fill_visible,20000,67,154,274,3589,0,0
time,7,sorted_deque,updates_4,index_replace_submit,20000,106,174,302,36257,0,0
time,7,sorted_deque,updates_4,index_replace_ack_visible,20000,116,173,297,20478,0,0
time,7,sorted_deque,updates_4,index_cancel_submit,20000,67,100,135,28184,0,0
time,7,sorted_deque,updates_4,index_terminal_visible,20000,84,128,224,17479,0,0
time,7,sorted_deque,updates_4,index_reactivate,20000,112,172,368,19213,0,0
time,7,sorted_deque,prices_8,summary_first,20000,46,53,70,25391,0,0
time,7,sorted_deque,prices_8,summary_last,20000,46,56,77,11804,0,0
time,7,sorted_deque,prices_8,summary_miss,20000,39,45,75,16011,0,0
time,7,sorted_deque,prices_8,summary_random,20000,58,71,105,21316,0,0
time,7,sorted_deque,prices_8,best,20000,34,44,63,13222,0,0
time,7,sorted_deque,prices_8,sorted_range8,2000,57,92,109,135,0,0
time,7,sorted_deque,prices_8,orders_at,2000,49,72,111,199,0,0
time,7,sorted_deque,prices_8,batch64_summary,2000,1602,4377,33142,149351,0,0
time,7,sorted_deque,updates_8,index_fill_visible,20000,67,116,267,20677,0,0
time,7,sorted_deque,updates_8,index_replace_submit,20000,105,175,278,16310,0,0
time,7,sorted_deque,updates_8,index_replace_ack_visible,20000,117,174,333,39949,0,0
time,7,sorted_deque,updates_8,index_cancel_submit,20000,67,100,159,4338,0,0
time,7,sorted_deque,updates_8,index_terminal_visible,20000,85,131,191,13666,0,0
time,7,sorted_deque,updates_8,index_reactivate,20000,115,172,446,59516,0,0
time,7,sorted_deque,prices_16,summary_first,20000,46,56,77,14005,0,0
time,7,sorted_deque,prices_16,summary_last,20000,50,69,93,23180,0,0
time,7,sorted_deque,prices_16,summary_miss,20000,39,48,65,16057,0,0
time,7,sorted_deque,prices_16,summary_random,20000,60,81,109,15704,0,0
time,7,sorted_deque,prices_16,best,20000,34,48,67,11965,0,0
time,7,sorted_deque,prices_16,sorted_range8,2000,57,89,174,31708,0,0
time,7,sorted_deque,prices_16,orders_at,2000,49,84,149,226,0,0
time,7,sorted_deque,prices_16,batch64_summary,2000,1818,2249,26340,73213,0,0
time,7,sorted_deque,updates_16,index_fill_visible,20000,67,101,190,11089,0,0
time,7,sorted_deque,updates_16,index_replace_submit,20000,110,178,254,12387,0,0
time,7,sorted_deque,updates_16,index_replace_ack_visible,20000,123,180,239,11752,0,0
time,7,sorted_deque,updates_16,index_cancel_submit,20000,67,98,142,13042,0,0
time,7,sorted_deque,updates_16,index_terminal_visible,20000,86,132,169,54126,0,0
time,7,sorted_deque,updates_16,index_reactivate,20000,122,180,297,19107,0,0
time,7,sorted_deque,prices_32,summary_first,20000,47,67,96,35652,0,0
time,7,sorted_deque,prices_32,summary_last,20000,52,65,85,13507,0,0
time,7,sorted_deque,prices_32,summary_miss,20000,46,62,76,3170,0,0
time,7,sorted_deque,prices_32,summary_random,20000,81,116,179,22815,0,0
time,7,sorted_deque,prices_32,best,20000,34,50,71,3623,0,0
time,7,sorted_deque,prices_32,sorted_range8,2000,67,109,229,4785,0,0
time,7,sorted_deque,prices_32,orders_at,2000,63,107,208,251,0,0
time,7,sorted_deque,prices_32,batch64_summary,2000,2946,5645,23145,40058,0,0
time,7,sorted_deque,updates_32,index_fill_visible,20000,67,98,245,48664,0,0
time,7,sorted_deque,updates_32,index_replace_submit,20000,111,185,303,22765,0,0
time,7,sorted_deque,updates_32,index_replace_ack_visible,20000,124,185,301,8802,0,0
time,7,sorted_deque,updates_32,index_cancel_submit,20000,67,96,133,3892,0,0
time,7,sorted_deque,updates_32,index_terminal_visible,20000,87,135,219,40923,0,0
time,7,sorted_deque,updates_32,index_reactivate,20000,123,197,336,19418,0,0
time,7,sorted_deque,prices_128,summary_first,20000,49,64,83,3915,0,0
time,7,sorted_deque,prices_128,summary_last,20000,53,64,95,12999,0,0
time,7,sorted_deque,prices_128,summary_miss,20000,48,60,85,46583,0,0
time,7,sorted_deque,prices_128,summary_random,20000,94,130,158,12929,0,0
time,7,sorted_deque,prices_128,best,20000,34,49,63,36013,0,0
time,7,sorted_deque,prices_128,sorted_range8,2000,60,68,127,167,0,0
time,7,sorted_deque,prices_128,orders_at,2000,69,125,151,15464,0,0
time,7,sorted_deque,updates_128,index_fill_visible,20000,71,108,221,12283,0,0
time,7,sorted_deque,updates_128,index_replace_submit,20000,126,235,371,14100,0,0
time,7,sorted_deque,updates_128,index_replace_ack_visible,20000,134,227,305,37149,0,0
time,7,sorted_deque,updates_128,index_cancel_submit,20000,67,101,147,25665,0,0
time,7,sorted_deque,updates_128,index_terminal_visible,20000,97,167,255,14122,0,0
time,7,sorted_deque,updates_128,index_reactivate,20000,137,265,443,23145,0,0
time,7,sorted_deque,prices_1024,summary_first,4000,52,66,78,18079,0,0
time,7,sorted_deque,prices_1024,summary_last,4000,58,66,91,133,0,0
time,7,sorted_deque,prices_1024,summary_miss,4000,51,54,65,153,0,0
time,7,sorted_deque,prices_1024,summary_random,4000,120,178,352,25238,0,0
time,7,sorted_deque,prices_1024,best,4000,34,41,50,3090,0,0
time,7,sorted_deque,prices_1024,sorted_range8,2000,61,68,235,15207,0,0
time,7,sorted_deque,prices_1024,orders_at,2000,116,170,234,489,0,0
time,7,sorted_deque,updates_1024,index_fill_visible,4000,70,151,194,2864,0,0
time,7,sorted_deque,updates_1024,index_replace_submit,4000,139,354,2487,20475,0,0
time,7,sorted_deque,updates_1024,index_replace_ack_visible,4000,154,337,392,794,0,0
time,7,sorted_deque,updates_1024,index_cancel_submit,4000,67,82,102,3237,0,0
time,7,sorted_deque,updates_1024,index_terminal_visible,4000,102,243,483,16127,0,0
time,7,sorted_deque,updates_1024,index_reactivate,4000,155,445,512,13642,0,0
time,7,sorted_deque,prices_4096,summary_first,4000,55,69,90,3503,0,0
time,7,sorted_deque,prices_4096,summary_last,4000,63,72,151,14775,0,0
time,7,sorted_deque,prices_4096,summary_miss,4000,54,58,88,3258,0,0
time,7,sorted_deque,prices_4096,summary_random,4000,158,380,567,41488,0,0
time,7,sorted_deque,prices_4096,best,4000,34,41,49,51,0,0
time,7,sorted_deque,prices_4096,sorted_range8,2000,63,76,93,4733,0,0
time,7,sorted_deque,prices_4096,orders_at,2000,148,382,497,520,0,0
time,7,sorted_deque,updates_4096,index_fill_visible,4000,71,220,427,3246,0,0
time,7,sorted_deque,updates_4096,index_replace_submit,4000,126,234,605,7220,0,0
time,7,sorted_deque,updates_4096,index_replace_ack_visible,4000,140,230,3278,4761,0,0
time,7,sorted_deque,updates_4096,index_cancel_submit,4000,67,126,258,23253,0,0
time,7,sorted_deque,updates_4096,index_terminal_visible,4000,93,164,468,3267,0,0
time,7,sorted_deque,updates_4096,index_reactivate,4000,147,243,3092,3504,0,0
time,7,sorted_deque,crowded_32,summary_first,4000,46,48,52,107,0,0
time,7,sorted_deque,crowded_32,summary_last,4000,47,48,60,12317,0,0
time,7,sorted_deque,crowded_32,summary_miss,4000,39,41,51,124,0,0
time,7,sorted_deque,crowded_32,summary_random,4000,48,50,52,71,0,0
time,7,sorted_deque,crowded_32,best,4000,34,35,49,69,0,0
time,7,sorted_deque,crowded_32,sorted_range8,2000,42,44,55,116,0,0
time,7,sorted_deque,crowded_32,orders_at,2000,187,197,213,291,0,0
time,7,sorted_deque,crowded_32,batch64_summary,2000,481,490,5486,22666,0,0
time,7,sorted_deque,crowded_4096,summary_first,4000,69,110,177,248,0,0
time,7,sorted_deque,crowded_4096,summary_last,4000,47,55,80,211,0,0
time,7,sorted_deque,crowded_4096,summary_miss,4000,39,78,98,213,0,0
time,7,sorted_deque,crowded_4096,summary_random,4000,48,61,87,93,0,0
time,7,sorted_deque,crowded_4096,best,4000,34,58,80,3071,0,0
time,7,sorted_deque,crowded_4096,sorted_range8,2000,43,64,91,3110,0,0
time,7,sorted_deque,crowded_4096,orders_at,2000,24204,43106,81461,435863,0,0
time,7,sorted_deque,reprice_random_8,index_replace_submit,20000,116,195,290,18292,0,0
time,7,sorted_deque,reprice_random_8,index_replace_ack_visible,20000,140,218,331,21299,0,0
time,7,sorted_deque,reprice_random_32,index_replace_submit,20000,142,242,367,22921,0,0
time,7,sorted_deque,reprice_random_32,index_replace_ack_visible,20000,181,275,420,25236,0,0
time,7,sorted_deque,reprice_random_128,index_replace_submit,20000,175,288,419,25016,0,0
time,7,sorted_deque,reprice_random_128,index_replace_ack_visible,20000,221,320,444,27568,0,0
time,7,sorted_deque,reprice_random_1024,index_replace_submit,4000,377,615,4721,19681,0,0
time,7,sorted_deque,reprice_random_1024,index_replace_ack_visible,4000,331,555,701,44316,0,0
time,7,sorted_deque,reprice_random_4096,index_replace_submit,4000,847,2698,16508,40406,0,0
time,7,sorted_deque,reprice_random_4096,index_replace_ack_visible,4000,790,1705,14694,29971,0,0
time,7,sorted_deque,mixed_4_q0,fill_plus_queries,20000,67,70,96,14894,0,0
time,7,sorted_deque,mixed_4_q1,fill_plus_queries,20000,87,113,149,14414,0,0
time,7,sorted_deque,mixed_4_q4,fill_plus_queries,20000,160,247,3001,151994,0,0
time,7,sorted_deque,mixed_4_q16,fill_plus_queries,20000,440,601,3974,27734,0,0
time,7,sorted_deque,mixed_32_q0,fill_plus_queries,20000,67,83,90,14762,0,0
time,7,sorted_deque,mixed_32_q1,fill_plus_queries,20000,103,152,258,36527,0,0
time,7,sorted_deque,mixed_32_q4,fill_plus_queries,20000,226,326,3253,29821,0,0
time,7,sorted_deque,mixed_32_q16,fill_plus_queries,20000,676,847,4575,40467,0,0
time,7,sorted_deque,mixed_128_q0,fill_plus_queries,20000,67,80,92,22527,0,0
time,7,sorted_deque,mixed_128_q1,fill_plus_queries,20000,119,182,362,518514,0,0
time,7,sorted_deque,mixed_128_q4,fill_plus_queries,20000,273,368,3367,31981,0,0
time,7,sorted_deque,mixed_128_q16,fill_plus_queries,20000,926,1353,14954,1822425,0,0
time,7,sorted_deque,mixed_4096_q0,fill_plus_queries,4000,88,293,505,650,0,0
time,7,sorted_deque,mixed_4096_q1,fill_plus_queries,4000,240,399,548,9996,0,0
time,7,sorted_deque,mixed_4096_q4,fill_plus_queries,4000,572,806,10030,44240,0,0
time,7,sorted_deque,mixed_4096_q16,fill_plus_queries,4000,1647,2084,20769,53066,0,0
time,7,sorted_deque,growth,new_order_price,20000,232,3200,8513,156053,0,0
time,7,sorted_deque,growth,first32_subset,32,254,532,532,4599,0,0
time,7,sorted_deque,growth,last_quarter_subset,5000,250,6057,9239,54081,0,0
time,7,sorted_deque,growth,every64_subset,313,3498,10796,30918,54081,0,0
time,7,sorted_deque,4096books_4near_2far,summary_random,20000,190,598,1020,31189,0,0
time,7,sorted_deque,prototype_4,intent_to_command,20000,143,235,586,79484,0,0
time,7,sorted_deque,prototype_4,queued_intent,20000,53,73,136,23449,0,0
time,7,sorted_deque,prototype_4,report_visible,20000,157,276,563,40981,0,0
time,7,sorted_deque,prototype_4,ready_to_command,20000,164,286,501,28764,0,0
time,7,sorted_deque,prototype_32,intent_to_command,20000,123,170,263,122918,0,0
time,7,sorted_deque,prototype_32,queued_intent,20000,46,54,72,30229,0,0
time,7,sorted_deque,prototype_32,report_visible,20000,139,194,327,22131,0,0
time,7,sorted_deque,prototype_32,ready_to_command,20000,132,200,319,21381,0,0
time,7,sorted_deque,prototype_128,intent_to_command,20000,141,209,335,43683,0,0
time,7,sorted_deque,prototype_128,queued_intent,20000,46,64,74,22129,0,0
time,7,sorted_deque,prototype_128,report_visible,20000,152,244,384,13647,0,0
time,7,sorted_deque,prototype_128,ready_to_command,20000,146,254,362,22817,0,0
time,7,linear_orders,prices_4,summary_first,20000,46,64,89,15414,0,0
time,7,linear_orders,prices_4,summary_last,20000,47,61,77,3676,0,0
time,7,linear_orders,prices_4,summary_miss,20000,45,63,78,21177,0,0
time,7,linear_orders,prices_4,summary_random,20000,62,81,103,237,0,0
time,7,linear_orders,prices_4,best,20000,40,52,71,15273,0,0
time,7,linear_orders,prices_4,sorted_range8,2000,96,150,220,382,0,0
time,7,linear_orders,prices_4,orders_at,2000,54,71,88,163,0,0
time,7,linear_orders,prices_4,batch64_summary,2000,1914,2580,20061,39884,0,0
time,7,linear_orders,updates_4,index_fill_visible,20000,45,62,90,15739,0,0
time,7,linear_orders,updates_4,index_replace_submit,20000,45,62,90,627,0,0
time,7,linear_orders,updates_4,index_replace_ack_visible,20000,45,63,87,13876,0,0
time,7,linear_orders,updates_4,index_cancel_submit,20000,45,62,91,20131,0,0
time,7,linear_orders,updates_4,index_terminal_visible,20000,50,67,92,3304,0,0
time,7,linear_orders,updates_4,index_reactivate,20000,46,63,157,3519,0,0
time,7,linear_orders,prices_8,summary_first,20000,54,79,115,33553,0,0
time,7,linear_orders,prices_8,summary_last,20000,54,74,97,12447,0,0
time,7,linear_orders,prices_8,summary_miss,20000,54,71,93,342512,0,0
time,7,linear_orders,prices_8,summary_random,20000,68,93,109,33323,0,0
time,7,linear_orders,prices_8,best,20000,44,65,78,4120,0,0
time,7,linear_orders,prices_8,sorted_range8,2000,227,250,3070,15557,0,0
time,7,linear_orders,prices_8,orders_at,2000,61,73,99,345,0,0
time,7,linear_orders,prices_8,batch64_summary,2000,2827,3303,25213,40128,0,0
time,7,linear_orders,updates_8,index_fill_visible,20000,55,145,277,4041,0,0
time,7,linear_orders,updates_8,index_replace_submit,20000,55,148,316,32502,0,0
time,7,linear_orders,updates_8,index_replace_ack_visible,20000,55,140,296,391,0,0
time,7,linear_orders,updates_8,index_cancel_submit,20000,55,77,151,19309,0,0
time,7,linear_orders,updates_8,index_terminal_visible,20000,60,84,158,39812,0,0
time,7,linear_orders,updates_8,index_reactivate,20000,56,113,204,5581,0,0
time,7,linear_orders,prices_16,summary_first,20000,82,128,172,31360,0,0
time,7,linear_orders,prices_16,summary_last,20000,82,155,324,20075,0,0
time,7,linear_orders,prices_16,summary_miss,20000,80,119,164,21791,0,0
time,7,linear_orders,prices_16,summary_random,20000,95,138,183,5549,0,0
time,7,linear_orders,prices_16,best,20000,63,97,130,19706,0,0
time,7,linear_orders,prices_16,sorted_range8,2000,468,632,1060,22660,0,0
time,7,linear_orders,prices_16,orders_at,2000,83,115,161,47992,0,0
time,7,linear_orders,prices_16,batch64_summary,2000,4637,9293,28880,37437,0,0
time,7,linear_orders,updates_16,index_fill_visible,20000,57,140,290,23845,0,0
time,7,linear_orders,updates_16,index_replace_submit,20000,57,83,177,42803,0,0
time,7,linear_orders,updates_16,index_replace_ack_visible,20000,57,111,191,29909,0,0
time,7,linear_orders,updates_16,index_cancel_submit,20000,56,73,106,4360,0,0
time,7,linear_orders,updates_16,index_terminal_visible,20000,62,80,113,18923,0,0
time,7,linear_orders,updates_16,index_reactivate,20000,58,76,140,18538,0,0
time,7,linear_orders,prices_32,summary_first,20000,79,155,209,16259,0,0
time,7,linear_orders,prices_32,summary_last,20000,80,152,218,34900,0,0
time,7,linear_orders,prices_32,summary_miss,20000,78,151,190,19057,0,0
time,7,linear_orders,prices_32,summary_random,20000,107,181,230,31092,0,0
time,7,linear_orders,prices_32,best,20000,63,108,141,17936,0,0
time,7,linear_orders,prices_32,sorted_range8,2000,656,1275,21067,33923,0,0
time,7,linear_orders,prices_32,orders_at,2000,105,185,251,307,0,0
time,7,linear_orders,prices_32,batch64_summary,2000,5508,13857,35962,41175,0,0
time,7,linear_orders,updates_32,index_fill_visible,20000,45,54,74,11361,0,0
time,7,linear_orders,updates_32,index_replace_submit,20000,45,55,79,10713,0,0
time,7,linear_orders,updates_32,index_replace_ack_visible,20000,45,55,71,3252,0,0
time,7,linear_orders,updates_32,index_cancel_submit,20000,45,54,71,11241,0,0
time,7,linear_orders,updates_32,index_terminal_visible,20000,50,60,78,17489,0,0
time,7,linear_orders,updates_32,index_reactivate,20000,46,54,72,11070,0,0
time,7,linear_orders,prices_128,summary_first,20000,221,372,3088,31979,0,0
time,7,linear_orders,prices_128,summary_last,20000,224,368,626,33182,0,0
time,7,linear_orders,prices_128,summary_miss,20000,225,359,558,45666,0,0
time,7,linear_orders,prices_128,summary_random,20000,244,373,579,17346,0,0
time,7,linear_orders,prices_128,best,20000,162,224,325,19194,0,0
time,7,linear_orders,prices_128,sorted_range8,2000,2703,4665,15914,42981,0,0
time,7,linear_orders,prices_128,orders_at,2000,229,354,2337,4226,0,0
time,7,linear_orders,updates_128,index_fill_visible,20000,45,63,102,15540,0,0
time,7,linear_orders,updates_128,index_replace_submit,20000,46,64,97,13701,0,0
time,7,linear_orders,updates_128,index_replace_ack_visible,20000,45,64,83,12353,0,0
time,7,linear_orders,updates_128,index_cancel_submit,20000,45,63,88,13855,0,0
time,7,linear_orders,updates_128,index_terminal_visible,20000,50,66,104,24459,0,0
time,7,linear_orders,updates_128,index_reactivate,20000,46,64,86,22597,0,0
time,7,linear_orders,prices_1024,summary_first,4000,1730,4350,13371,21318,0,0
time,7,linear_orders,prices_1024,summary_last,4000,1685,4293,14780,33133,0,0
time,7,linear_orders,prices_1024,summary_miss,4000,1705,4314,13816,21464,0,0
time,7,linear_orders,prices_1024,summary_random,4000,1737,4366,13864,31993,0,0
time,7,linear_orders,prices_1024,best,4000,1137,2314,12648,16384,0,0
time,7,linear_orders,prices_1024,sorted_range8,2000,20161,54448,84914,103482,0,0
time,7,linear_orders,prices_1024,orders_at,2000,1504,3333,13863,21239,0,0
time,7,linear_orders,updates_1024,index_fill_visible,4000,45,58,61,206,0,0
time,7,linear_orders,updates_1024,index_replace_submit,4000,46,58,64,223,0,0
time,7,linear_orders,updates_1024,index_replace_ack_visible,4000,45,57,69,4146,0,0
time,7,linear_orders,updates_1024,index_cancel_submit,4000,46,58,69,84,0,0
time,7,linear_orders,updates_1024,index_terminal_visible,4000,50,63,79,180,0,0
time,7,linear_orders,updates_1024,index_reactivate,4000,46,59,136,15480,0,0
time,7,linear_orders,prices_4096,summary_first,4000,9947,25357,62516,177472,0,0
time,7,linear_orders,prices_4096,summary_last,4000,10058,24457,58116,154841,0,0
time,7,linear_orders,prices_4096,summary_miss,4000,9932,31080,51290,68831,0,0
time,7,linear_orders,prices_4096,summary_random,4000,10096,29744,64446,3078180,0,0
time,7,linear_orders,prices_4096,best,4000,6410,21381,49931,99839,0,0
time,7,linear_orders,prices_4096,sorted_range8,2000,81551,183828,283463,828014,0,0
time,7,linear_orders,prices_4096,orders_at,2000,6065,18669,43809,56196,0,0
time,7,linear_orders,updates_4096,index_fill_visible,4000,45,58,65,11113,0,0
time,7,linear_orders,updates_4096,index_replace_submit,4000,46,59,157,326,0,0
time,7,linear_orders,updates_4096,index_replace_ack_visible,4000,45,57,59,69,0,0
time,7,linear_orders,updates_4096,index_cancel_submit,4000,45,58,89,224,0,0
time,7,linear_orders,updates_4096,index_terminal_visible,4000,50,63,73,9307,0,0
time,7,linear_orders,updates_4096,index_reactivate,4000,46,58,122,3633,0,0
time,7,linear_orders,crowded_32,summary_first,4000,114,120,159,11451,0,0
time,7,linear_orders,crowded_32,summary_last,4000,114,120,162,11152,0,0
time,7,linear_orders,crowded_32,summary_miss,4000,79,100,125,331,0,0
time,7,linear_orders,crowded_32,summary_random,4000,113,119,135,161,0,0
time,7,linear_orders,crowded_32,best,4000,63,64,82,3295,0,0
time,7,linear_orders,crowded_32,sorted_range8,2000,218,243,334,12204,0,0
time,7,linear_orders,crowded_32,orders_at,2000,74,76,118,270,0,0
time,7,linear_orders,crowded_32,batch64_summary,2000,5272,10007,36065,957681,0,0
time,7,linear_orders,crowded_4096,summary_first,4000,12020,25978,41927,60046,0,0
time,7,linear_orders,crowded_4096,summary_last,4000,12027,25311,49018,1377803,0,0
time,7,linear_orders,crowded_4096,summary_miss,4000,6812,18391,42265,202305,0,0
time,7,linear_orders,crowded_4096,summary_random,4000,12026,25503,82690,586448,0,0
time,7,linear_orders,crowded_4096,best,4000,4496,9069,24319,29442,0,0
time,7,linear_orders,crowded_4096,sorted_range8,2000,18730,43294,272123,709565,0,0
time,7,linear_orders,crowded_4096,orders_at,2000,6865,17043,77110,198214,0,0
time,7,linear_orders,reprice_random_8,index_replace_submit,20000,46,75,160,453039,0,0
time,7,linear_orders,reprice_random_8,index_replace_ack_visible,20000,45,66,165,20577,0,0
time,7,linear_orders,reprice_random_32,index_replace_submit,20000,46,68,116,28838,0,0
time,7,linear_orders,reprice_random_32,index_replace_ack_visible,20000,45,65,88,29773,0,0
time,7,linear_orders,reprice_random_128,index_replace_submit,20000,46,64,103,20855,0,0
time,7,linear_orders,reprice_random_128,index_replace_ack_visible,20000,45,62,88,62612,0,0
time,7,linear_orders,reprice_random_1024,index_replace_submit,4000,47,99,182,20457,0,0
time,7,linear_orders,reprice_random_1024,index_replace_ack_visible,4000,46,77,109,25095,0,0
time,7,linear_orders,reprice_random_4096,index_replace_submit,4000,47,74,119,155,0,0
time,7,linear_orders,reprice_random_4096,index_replace_ack_visible,4000,45,71,121,22192,0,0
time,7,linear_orders,mixed_4_q0,fill_plus_queries,20000,45,64,114,16506,0,0
time,7,linear_orders,mixed_4_q1,fill_plus_queries,20000,74,125,309,143967,0,0
time,7,linear_orders,mixed_4_q4,fill_plus_queries,20000,172,216,272,36743,0,0
time,7,linear_orders,mixed_4_q16,fill_plus_queries,20000,532,750,19771,95628,0,0
time,7,linear_orders,mixed_32_q0,fill_plus_queries,20000,45,60,72,19152,0,0
time,7,linear_orders,mixed_32_q1,fill_plus_queries,20000,114,156,194,35385,0,0
time,7,linear_orders,mixed_32_q4,fill_plus_queries,20000,351,595,3461,448275,0,0
time,7,linear_orders,mixed_32_q16,fill_plus_queries,20000,1258,2237,17018,702336,0,0
time,7,linear_orders,mixed_128_q0,fill_plus_queries,20000,46,65,77,2794,0,0
time,7,linear_orders,mixed_128_q1,fill_plus_queries,20000,249,567,852,25813,0,0
time,7,linear_orders,mixed_128_q4,fill_plus_queries,20000,883,1802,13542,92512,0,0
time,7,linear_orders,mixed_128_q16,fill_plus_queries,20000,3363,7284,39061,1104727,0,0
time,7,linear_orders,mixed_4096_q0,fill_plus_queries,4000,46,80,135,40534,0,0
time,7,linear_orders,mixed_4096_q1,fill_plus_queries,4000,6808,23564,77011,207817,0,0
time,7,linear_orders,mixed_4096_q4,fill_plus_queries,4000,27031,65758,154168,1201012,0,0
time,7,linear_orders,mixed_4096_q16,fill_plus_queries,4000,110872,245207,583281,1148889,0,0
time,7,linear_orders,growth,new_order_price,20000,87,1029,3402,73506,0,0
time,7,linear_orders,growth,first32_subset,32,151,644,644,4595,0,0
time,7,linear_orders,growth,last_quarter_subset,5000,88,635,2532,73506,0,0
time,7,linear_orders,growth,every64_subset,313,1882,6893,40514,73506,0,0
time,7,linear_orders,4096books_4near_2far,summary_random,20000,188,483,735,45366,0,0
time,7,linear_orders,prototype_4,intent_to_command,20000,61,83,111,10203,0,0
time,7,linear_orders,prototype_4,queued_intent,20000,46,60,73,14379,0,0
time,7,linear_orders,prototype_4,report_visible,20000,63,93,189,26163,0,0
time,7,linear_orders,prototype_4,ready_to_command,20000,71,111,188,17029,0,0
time,7,linear_orders,prototype_32,intent_to_command,20000,61,82,107,17717,0,0
time,7,linear_orders,prototype_32,queued_intent,20000,46,58,78,19280,0,0
time,7,linear_orders,prototype_32,report_visible,20000,62,91,179,10210,0,0
time,7,linear_orders,prototype_32,ready_to_command,20000,70,108,187,56411,0,0
time,7,linear_orders,prototype_128,intent_to_command,20000,61,81,123,11557,0,0
time,7,linear_orders,prototype_128,queued_intent,20000,46,59,73,15455,0,0
time,7,linear_orders,prototype_128,report_visible,20000,63,91,187,51857,0,0
time,7,linear_orders,prototype_128,ready_to_command,20000,70,108,165,30034,0,0
time,7,linear_prices,prices_4,summary_first,20000,45,55,63,3574,0,0
time,7,linear_prices,prices_4,summary_last,20000,44,54,70,14492,0,0
time,7,linear_prices,prices_4,summary_miss,20000,39,49,60,2963,0,0
time,7,linear_prices,prices_4,summary_random,20000,55,67,82,14858,0,0
time,7,linear_prices,prices_4,best,20000,34,49,60,12831,0,0
time,7,linear_prices,prices_4,sorted_range8,2000,63,65,202,258,0,0
time,7,linear_prices,prices_4,orders_at,2000,47,50,93,162,0,0
time,7,linear_prices,prices_4,batch64_summary,2000,1381,1758,18534,44723,0,0
time,7,linear_prices,updates_4,index_fill_visible,20000,66,97,192,15389,0,0
time,7,linear_prices,updates_4,index_replace_submit,20000,89,122,170,14828,0,0
time,7,linear_prices,updates_4,index_replace_ack_visible,20000,123,156,217,12139,0,0
time,7,linear_prices,updates_4,index_cancel_submit,20000,66,85,124,56087,0,0
time,7,linear_prices,updates_4,index_terminal_visible,20000,88,100,157,15645,0,0
time,7,linear_prices,updates_4,index_reactivate,20000,107,129,240,174220,0,0
time,7,linear_prices,prices_8,summary_first,20000,45,58,81,28426,0,0
time,7,linear_prices,prices_8,summary_last,20000,44,59,85,3372,0,0
time,7,linear_prices,prices_8,summary_miss,20000,42,54,84,14193,0,0
time,7,linear_prices,prices_8,summary_random,20000,56,80,108,3640,0,0
time,7,linear_prices,prices_8,best,20000,34,56,76,13782,0,0
time,7,linear_prices,prices_8,sorted_range8,2000,116,123,512,16130,0,0
time,7,linear_prices,prices_8,orders_at,2000,48,56,86,106,0,0
time,7,linear_prices,prices_8,batch64_summary,2000,1581,2048,17854,119992,0,0
time,7,linear_prices,updates_8,index_fill_visible,20000,66,93,177,14096,0,0
time,7,linear_prices,updates_8,index_replace_submit,20000,90,131,175,68726,0,0
time,7,linear_prices,updates_8,index_replace_ack_visible,20000,132,173,235,14460,0,0
time,7,linear_prices,updates_8,index_cancel_submit,20000,66,88,125,18968,0,0
time,7,linear_prices,updates_8,index_terminal_visible,20000,96,121,157,18745,0,0
time,7,linear_prices,updates_8,index_reactivate,20000,109,136,205,22966,0,0
time,7,linear_prices,prices_16,summary_first,20000,45,56,79,3657,0,0
time,7,linear_prices,prices_16,summary_last,20000,50,63,87,15818,0,0
time,7,linear_prices,prices_16,summary_miss,20000,48,58,77,16716,0,0
time,7,linear_prices,prices_16,summary_random,20000,58,80,104,18167,0,0
time,7,linear_prices,prices_16,best,20000,34,49,70,4054,0,0
time,7,linear_prices,prices_16,sorted_range8,2000,193,304,540,836,0,0
time,7,linear_prices,prices_16,orders_at,2000,59,78,101,235,0,0
time,7,linear_prices,prices_16,batch64_summary,2000,1813,2166,21326,115357,0,0
time,7,linear_prices,updates_16,index_fill_visible,20000,66,118,215,4055,0,0
time,7,linear_prices,updates_16,index_replace_submit,20000,95,165,229,33403,0,0
time,7,linear_prices,updates_16,index_replace_ack_visible,20000,161,239,362,33949,0,0
time,7,linear_prices,updates_16,index_cancel_submit,20000,66,104,146,18756,0,0
time,7,linear_prices,updates_16,index_terminal_visible,20000,114,167,237,20060,0,0
time,7,linear_prices,updates_16,index_reactivate,20000,120,179,287,17786,0,0
time,7,linear_prices,prices_32,summary_first,20000,45,67,87,27013,0,0
time,7,linear_prices,prices_32,summary_last,20000,60,80,111,12868,0,0
time,7,linear_prices,prices_32,summary_miss,20000,59,79,104,23290,0,0
time,7,linear_prices,prices_32,summary_random,20000,64,101,128,22075,0,0
time,7,linear_prices,prices_32,best,20000,34,64,79,33702,0,0
time,7,linear_prices,prices_32,sorted_range8,2000,348,587,14306,29992,0,0
time,7,linear_prices,prices_32,orders_at,2000,64,93,132,152,0,0
time,7,linear_prices,prices_32,batch64_summary,2000,2267,5795,290763,401451,0,0
time,7,linear_prices,updates_32,index_fill_visible,20000,71,165,325,35768,0,0
time,7,linear_prices,updates_32,index_replace_submit,20000,114,213,345,17158,0,0
time,7,linear_prices,updates_32,index_replace_ack_visible,20000,214,338,577,26765,0,0
time,7,linear_prices,updates_32,index_cancel_submit,20000,68,126,233,30042,0,0
time,7,linear_prices,updates_32,index_terminal_visible,20000,153,248,376,1679734,0,0
time,7,linear_prices,updates_32,index_reactivate,20000,140,237,476,930416,0,0
time,7,linear_prices,prices_128,summary_first,20000,46,60,90,13149,0,0
time,7,linear_prices,prices_128,summary_last,20000,89,144,263,36764,0,0
time,7,linear_prices,prices_128,summary_miss,20000,84,138,235,17021,0,0
time,7,linear_prices,prices_128,summary_random,20000,85,146,249,20346,0,0
time,7,linear_prices,prices_128,best,20000,34,51,68,220,0,0
time,7,linear_prices,prices_128,sorted_range8,2000,1276,2588,21875,256789,0,0
time,7,linear_prices,prices_128,orders_at,2000,88,174,240,471,0,0
time,7,linear_prices,updates_128,index_fill_visible,20000,71,110,230,12760,0,0
time,7,linear_prices,updates_128,index_replace_submit,20000,166,310,428,14842,0,0
time,7,linear_prices,updates_128,index_replace_ack_visible,20000,443,603,4009,48514,0,0
time,7,linear_prices,updates_128,index_cancel_submit,20000,66,102,182,13602,0,0
time,7,linear_prices,updates_128,index_terminal_visible,20000,372,484,4062,34100,0,0
time,7,linear_prices,updates_128,index_reactivate,20000,246,410,556,22891,0,0
time,7,linear_prices,prices_1024,summary_first,4000,46,74,92,200,0,0
time,7,linear_prices,prices_1024,summary_last,4000,416,749,4907,19883,0,0
time,7,linear_prices,prices_1024,summary_miss,4000,423,725,881,4943,0,0
time,7,linear_prices,prices_1024,summary_random,4000,267,649,3328,15307,0,0
time,7,linear_prices,prices_1024,best,4000,34,67,79,183,0,0
time,7,linear_prices,prices_1024,sorted_range8,2000,10102,27092,46325,79120,0,0
time,7,linear_prices,prices_1024,orders_at,2000,298,720,4119,18279,0,0
time,7,linear_prices,updates_1024,index_fill_visible,4000,72,206,427,13142,0,0
time,7,linear_prices,updates_1024,index_replace_submit,4000,823,1543,13678,23423,0,0
time,7,linear_prices,updates_1024,index_replace_ack_visible,4000,2595,3768,21093,37623,0,0
time,7,linear_prices,updates_1024,index_cancel_submit,4000,66,133,187,14222,0,0
time,7,linear_prices,updates_1024,index_terminal_visible,4000,2371,3224,21217,79417,0,0
time,7,linear_prices,updates_1024,index_reactivate,4000,1203,2234,14443,22181,0,0
time,7,linear_prices,prices_4096,summary_first,4000,57,80,137,3278,0,0
time,7,linear_prices,prices_4096,summary_last,4000,1498,2479,15462,19448,0,0
time,7,linear_prices,prices_4096,summary_miss,4000,1512,2516,13778,30935,0,0
time,7,linear_prices,prices_4096,summary_random,4000,888,1723,8101,19449,0,0
time,7,linear_prices,prices_4096,best,4000,46,53,91,12184,0,0
time,7,linear_prices,prices_4096,sorted_range8,2000,39844,65470,83682,87859,0,0
time,7,linear_prices,prices_4096,orders_at,2000,936,1904,17960,21544,0,0
time,7,linear_prices,updates_4096,index_fill_visible,4000,87,488,849,16589,0,0
time,7,linear_prices,updates_4096,index_replace_submit,4000,3005,6917,28061,43509,0,0
time,7,linear_prices,updates_4096,index_replace_ack_visible,4000,10093,22435,60851,350677,0,0
time,7,linear_prices,updates_4096,index_cancel_submit,4000,88,210,329,34611,0,0
time,7,linear_prices,updates_4096,index_terminal_visible,4000,9282,22382,48295,234270,0,0
time,7,linear_prices,updates_4096,index_reactivate,4000,4506,10461,39586,59902,0,0
time,7,linear_prices,crowded_32,summary_first,4000,56,63,84,14659,0,0
time,7,linear_prices,crowded_32,summary_last,4000,57,63,77,103,0,0
time,7,linear_prices,crowded_32,summary_miss,4000,48,55,66,88,0,0
time,7,linear_prices,crowded_32,summary_random,4000,57,68,79,30039,0,0
time,7,linear_prices,crowded_32,best,4000,45,52,71,18187,0,0
time,7,linear_prices,crowded_32,sorted_range8,2000,54,63,92,152,0,0
time,7,linear_prices,crowded_32,orders_at,2000,204,223,348,5341,0,0
time,7,linear_prices,crowded_32,batch64_summary,2000,690,783,996,16964,0,0
time,7,linear_prices,crowded_4096,summary_first,4000,70,163,260,3031,0,0
time,7,linear_prices,crowded_4096,summary_last,4000,46,72,96,13778,0,0
time,7,linear_prices,crowded_4096,summary_miss,4000,39,81,91,210,0,0
time,7,linear_prices,crowded_4096,summary_random,4000,48,83,95,4572,0,0
time,7,linear_prices,crowded_4096,best,4000,35,71,83,112,0,0
time,7,linear_prices,crowded_4096,sorted_range8,2000,57,95,195,303,0,0
time,7,linear_prices,crowded_4096,orders_at,2000,25501,49566,74470,88587,0,0
time,7,linear_prices,reprice_random_8,index_replace_submit,20000,90,161,372,35661,0,0
time,7,linear_prices,reprice_random_8,index_replace_ack_visible,20000,131,222,406,20825,0,0
time,7,linear_prices,reprice_random_32,index_replace_submit,20000,99,164,210,21441,0,0
time,7,linear_prices,reprice_random_32,index_replace_ack_visible,20000,196,260,358,24216,0,0
time,7,linear_prices,reprice_random_128,index_replace_submit,20000,167,199,321,38580,0,0
time,7,linear_prices,reprice_random_128,index_replace_ack_visible,20000,434,515,3899,34501,0,0
time,7,linear_prices,reprice_random_1024,index_replace_submit,4000,822,1129,7946,16281,0,0
time,7,linear_prices,reprice_random_1024,index_replace_ack_visible,4000,2609,3347,16756,33802,0,0
time,7,linear_prices,reprice_random_4096,index_replace_submit,4000,3053,5385,22609,36587,0,0
time,7,linear_prices,reprice_random_4096,index_replace_ack_visible,4000,10110,21723,34880,48649,0,0
time,7,linear_prices,mixed_4_q0,fill_plus_queries,20000,67,71,166,14846,0,0
time,7,linear_prices,mixed_4_q1,fill_plus_queries,20000,84,100,131,20075,0,0
time,7,linear_prices,mixed_4_q4,fill_plus_queries,20000,174,346,39389,2072538,0,0
time,7,linear_prices,mixed_4_q16,fill_plus_queries,20000,398,582,40068,113968,0,0
time,7,linear_prices,mixed_32_q0,fill_plus_queries,20000,66,84,124,46854,0,0
time,7,linear_prices,mixed_32_q1,fill_plus_queries,20000,94,156,289,119850,0,0
time,7,linear_prices,mixed_32_q4,fill_plus_queries,20000,194,256,3538,91424,0,0
time,7,linear_prices,mixed_32_q16,fill_plus_queries,20000,572,759,44890,145175,0,0
time,7,linear_prices,mixed_128_q0,fill_plus_queries,20000,68,89,126,80263,0,0
time,7,linear_prices,mixed_128_q1,fill_plus_queries,20000,114,162,226,178156,0,0
time,7,linear_prices,mixed_128_q4,fill_plus_queries,20000,280,443,12758,188886,0,0
time,7,linear_prices,mixed_128_q16,fill_plus_queries,20000,1068,1536,25733,1470618,0,0
time,7,linear_prices,mixed_4096_q0,fill_plus_queries,4000,67,364,666,16903,0,0
time,7,linear_prices,mixed_4096_q1,fill_plus_queries,4000,1036,1621,5920,24383,0,0
time,7,linear_prices,mixed_4096_q4,fill_plus_queries,4000,3764,7984,24525,67929,0,0
time,7,linear_prices,mixed_4096_q16,fill_plus_queries,4000,14910,59745,166348,842795,0,0
time,7,linear_prices,growth,new_order_price,20000,11453,40874,64433,316814,0,0
time,7,linear_prices,growth,first32_subset,32,230,868,868,7876,0,0
time,7,linear_prices,growth,last_quarter_subset,5000,19547,47325,72690,316814,0,0
time,7,linear_prices,growth,every64_subset,313,17287,51334,77817,192728,0,0
time,7,linear_prices,4096books_4near_2far,summary_random,20000,119,658,917,39129,0,0
time,7,linear_prices,prototype_4,intent_to_command,20000,103,150,190,16470,0,0
time,7,linear_prices,prototype_4,queued_intent,20000,46,59,132,386,0,0
time,7,linear_prices,prototype_4,report_visible,20000,135,221,324,13145,0,0
time,7,linear_prices,prototype_4,ready_to_command,20000,113,203,361,31560,0,0
time,7,linear_prices,prototype_32,intent_to_command,20000,113,186,243,15889,0,0
time,7,linear_prices,prototype_32,queued_intent,20000,46,54,65,237,0,0
time,7,linear_prices,prototype_32,report_visible,20000,220,312,441,59197,0,0
time,7,linear_prices,prototype_32,ready_to_command,20000,124,220,335,18103,0,0
time,7,linear_prices,prototype_128,intent_to_command,20000,186,304,444,29627,0,0
time,7,linear_prices,prototype_128,queued_intent,20000,46,62,66,12354,0,0
time,7,linear_prices,prototype_128,report_visible,20000,467,598,3469,20129,0,0
time,7,linear_prices,prototype_128,ready_to_command,20000,204,334,483,24710,0,0
time,8,linear_prices,prices_4,summary_first,20000,45,51,61,3700,0,0
time,8,linear_prices,prices_4,summary_last,20000,44,53,67,12724,0,0
time,8,linear_prices,prices_4,summary_miss,20000,39,44,60,42895,0,0
time,8,linear_prices,prices_4,summary_random,20000,55,68,86,3466,0,0
time,8,linear_prices,prices_4,best,20000,34,43,59,12142,0,0
time,8,linear_prices,prices_4,sorted_range8,2000,63,65,180,360,0,0
time,8,linear_prices,prices_4,orders_at,2000,47,50,86,105,0,0
time,8,linear_prices,prices_4,batch64_summary,2000,1398,1897,32478,44069,0,0
time,8,linear_prices,updates_4,index_fill_visible,20000,66,131,279,26415,0,0
time,8,linear_prices,updates_4,index_replace_submit,20000,89,136,200,19772,0,0
time,8,linear_prices,updates_4,index_replace_ack_visible,20000,123,174,249,34072,0,0
time,8,linear_prices,updates_4,index_cancel_submit,20000,66,96,147,12614,0,0
time,8,linear_prices,updates_4,index_terminal_visible,20000,88,124,195,62360,0,0
time,8,linear_prices,updates_4,index_reactivate,20000,107,143,263,32984,0,0
time,8,linear_prices,prices_8,summary_first,20000,45,55,87,13704,0,0
time,8,linear_prices,prices_8,summary_last,20000,44,55,79,27079,0,0
time,8,linear_prices,prices_8,summary_miss,20000,42,51,76,12534,0,0
time,8,linear_prices,prices_8,summary_random,20000,56,76,112,40445,0,0
time,8,linear_prices,prices_8,best,20000,34,51,78,66189,0,0
time,8,linear_prices,prices_8,sorted_range8,2000,116,127,330,556,0,0
time,8,linear_prices,prices_8,orders_at,2000,48,57,86,128,0,0
time,8,linear_prices,prices_8,batch64_summary,2000,1574,1967,22635,36160,0,0
time,8,linear_prices,updates_8,index_fill_visible,20000,66,100,190,14482,0,0
time,8,linear_prices,updates_8,index_replace_submit,20000,90,131,197,30305,0,0
time,8,linear_prices,updates_8,index_replace_ack_visible,20000,132,180,265,16669,0,0
time,8,linear_prices,updates_8,index_cancel_submit,20000,66,88,162,12720,0,0
time,8,linear_prices,updates_8,index_terminal_visible,20000,96,125,186,157146,0,0
time,8,linear_prices,updates_8,index_reactivate,20000,109,133,210,454626,0,0
time,8,linear_prices,prices_16,summary_first,20000,45,53,61,11864,0,0
time,8,linear_prices,prices_16,summary_last,20000,50,60,76,28241,0,0
time,8,linear_prices,prices_16,summary_miss,20000,48,57,75,12229,0,0
time,8,linear_prices,prices_16,summary_random,20000,57,78,94,16687,0,0
time,8,linear_prices,prices_16,best,20000,34,45,58,16668,0,0
time,8,linear_prices,prices_16,sorted_range8,2000,193,210,373,758,0,0
time,8,linear_prices,prices_16,orders_at,2000,58,75,95,222,0,0
time,8,linear_prices,prices_16,batch64_summary,2000,1807,1969,13762,24074,0,0
time,8,linear_prices,updates_16,index_fill_visible,20000,66,98,170,3714,0,0
time,8,linear_prices,updates_16,index_replace_submit,20000,95,149,183,19646,0,0
time,8,linear_prices,updates_16,index_replace_ack_visible,20000,160,223,334,18568,0,0
time,8,linear_prices,updates_16,index_cancel_submit,20000,66,94,127,13079,0,0
time,8,linear_prices,updates_16,index_terminal_visible,20000,113,157,211,19655,0,0
time,8,linear_prices,updates_16,index_reactivate,20000,120,165,237,18020,0,0
time,8,linear_prices,prices_32,summary_first,20000,45,52,62,12895,0,0
time,8,linear_prices,prices_32,summary_last,20000,60,70,90,12505,0,0
time,8,linear_prices,prices_32,summary_miss,20000,59,67,86,20363,0,0
time,8,linear_prices,prices_32,summary_random,20000,63,83,98,13564,0,0
time,8,linear_prices,prices_32,best,20000,34,48,58,119,0,0
time,8,linear_prices,prices_32,sorted_range8,2000,348,358,713,13032,0,0
time,8,linear_prices,prices_32,orders_at,2000,65,89,132,194,0,0
time,8,linear_prices,prices_32,batch64_summary,2000,2211,2528,25020,38973,0,0
time,8,linear_prices,updates_32,index_fill_visible,20000,67,89,136,13420,0,0
time,8,linear_prices,updates_32,index_replace_submit,20000,102,138,203,17255,0,0
time,8,linear_prices,updates_32,index_replace_ack_visible,20000,201,241,336,14142,0,0
time,8,linear_prices,updates_32,index_cancel_submit,20000,66,84,108,21451,0,0
time,8,linear_prices,updates_32,index_terminal_visible,20000,148,167,232,18986,0,0
time,8,linear_prices,updates_32,index_reactivate,20000,130,168,235,22562,0,0
time,8,linear_prices,prices_128,summary_first,20000,45,54,66,14140,0,0
time,8,linear_prices,prices_128,summary_last,20000,89,118,146,17955,0,0
time,8,linear_prices,prices_128,summary_miss,20000,84,114,142,19845,0,0
time,8,linear_prices,prices_128,summary_random,20000,82,121,154,12472,0,0
time,8,linear_prices,prices_128,best,20000,34,49,62,30829,0,0
time,8,linear_prices,prices_128,sorted_range8,2000,1275,2400,17597,35430,0,0
time,8,linear_prices,prices_128,orders_at,2000,86,152,248,3905,0,0
time,8,linear_prices,updates_128,index_fill_visible,20000,71,123,274,13917,0,0
time,8,linear_prices,updates_128,index_replace_submit,20000,166,310,411,211185,0,0
time,8,linear_prices,updates_128,index_replace_ack_visible,20000,443,599,3923,29336,0,0
time,8,linear_prices,updates_128,index_cancel_submit,20000,66,104,197,31218,0,0
time,8,linear_prices,updates_128,index_terminal_visible,20000,371,478,3564,130795,0,0
time,8,linear_prices,updates_128,index_reactivate,20000,245,406,529,63502,0,0
time,8,linear_prices,prices_1024,summary_first,4000,46,60,137,11900,0,0
time,8,linear_prices,prices_1024,summary_last,4000,417,639,1109,16029,0,0
time,8,linear_prices,prices_1024,summary_miss,4000,419,639,4257,21841,0,0
time,8,linear_prices,prices_1024,summary_random,4000,273,627,785,15518,0,0
time,8,linear_prices,prices_1024,best,4000,34,51,66,170,0,0
time,8,linear_prices,prices_1024,sorted_range8,2000,10100,24189,84923,193502,0,0
time,8,linear_prices,prices_1024,orders_at,2000,315,708,916,16027,0,0
time,8,linear_prices,updates_1024,index_fill_visible,4000,71,178,437,17426,0,0
time,8,linear_prices,updates_1024,index_replace_submit,4000,821,1126,17498,116855,0,0
time,8,linear_prices,updates_1024,index_replace_ack_visible,4000,2620,2955,17823,27066,0,0
time,8,linear_prices,updates_1024,index_cancel_submit,4000,66,99,167,3190,0,0
time,8,linear_prices,updates_1024,index_terminal_visible,4000,2387,2670,14157,17648,0,0
time,8,linear_prices,updates_1024,index_reactivate,4000,1198,1786,12171,20511,0,0
time,8,linear_prices,prices_4096,summary_first,4000,57,74,161,1474,0,0
time,8,linear_prices,prices_4096,summary_last,4000,1497,2403,17394,34430,0,0
time,8,linear_prices,prices_4096,summary_miss,4000,1512,2285,12998,52317,0,0
time,8,linear_prices,prices_4096,summary_random,4000,888,1759,4706,15975,0,0
time,8,linear_prices,prices_4096,best,4000,46,52,89,143,0,0
time,8,linear_prices,prices_4096,sorted_range8,2000,39863,66072,232722,1997168,0,0
time,8,linear_prices,prices_4096,orders_at,2000,956,1871,17735,649905,0,0
time,8,linear_prices,updates_4096,index_fill_visible,4000,87,552,880,3820,0,0
time,8,linear_prices,updates_4096,index_replace_submit,4000,3005,6123,37412,128662,0,0
time,8,linear_prices,updates_4096,index_replace_ack_visible,4000,10625,25470,58340,543222,0,0
time,8,linear_prices,updates_4096,index_cancel_submit,4000,89,209,457,21241,0,0
time,8,linear_prices,updates_4096,index_terminal_visible,4000,9526,21300,41277,355289,0,0
time,8,linear_prices,updates_4096,index_reactivate,4000,4512,13336,36456,46936,0,0
time,8,linear_prices,crowded_32,summary_first,4000,45,58,91,166,0,0
time,8,linear_prices,crowded_32,summary_last,4000,45,58,69,12209,0,0
time,8,linear_prices,crowded_32,summary_miss,4000,38,51,58,3609,0,0
time,8,linear_prices,crowded_32,summary_random,4000,47,59,66,137,0,0
time,8,linear_prices,crowded_32,best,4000,34,46,53,67,0,0
time,8,linear_prices,crowded_32,sorted_range8,2000,41,43,60,111,0,0
time,8,linear_prices,crowded_32,orders_at,2000,187,195,368,17255,0,0
time,8,linear_prices,crowded_32,batch64_summary,2000,424,484,775,7746,0,0
time,8,linear_prices,crowded_4096,summary_first,4000,65,106,174,346,0,0
time,8,linear_prices,crowded_4096,summary_last,4000,45,73,83,3656,0,0
time,8,linear_prices,crowded_4096,summary_miss,4000,38,66,88,3265,0,0
time,8,linear_prices,crowded_4096,summary_random,4000,47,58,78,131,0,0
time,8,linear_prices,crowded_4096,best,4000,34,58,77,11896,0,0
time,8,linear_prices,crowded_4096,sorted_range8,2000,42,75,89,145,0,0
time,8,linear_prices,crowded_4096,orders_at,2000,24217,44233,73767,96603,0,0
time,8,linear_prices,reprice_random_8,index_replace_submit,20000,90,163,370,23259,0,0
time,8,linear_prices,reprice_random_8,index_replace_ack_visible,20000,132,229,434,19786,0,0
time,8,linear_prices,reprice_random_32,index_replace_submit,20000,100,175,262,15431,0,0
time,8,linear_prices,reprice_random_32,index_replace_ack_visible,20000,198,272,396,18153,0,0
time,8,linear_prices,reprice_random_128,index_replace_submit,20000,167,305,426,17275,0,0
time,8,linear_prices,reprice_random_128,index_replace_ack_visible,20000,438,587,4226,25947,0,0
time,8,linear_prices,reprice_random_1024,index_replace_submit,4000,825,1427,12902,19044,0,0
time,8,linear_prices,reprice_random_1024,index_replace_ack_visible,4000,2615,5446,21925,41720,0,0
time,8,linear_prices,reprice_random_4096,index_replace_submit,4000,3092,7140,33499,245908,0,0
time,8,linear_prices,reprice_random_4096,index_replace_ack_visible,4000,10187,22719,67380,382780,0,0
time,8,linear_prices,mixed_4_q0,fill_plus_queries,20000,100,155,214,31081,0,0
time,8,linear_prices,mixed_4_q1,fill_plus_queries,20000,130,195,308,32333,0,0
time,8,linear_prices,mixed_4_q4,fill_plus_queries,20000,187,270,571,40536,0,0
time,8,linear_prices,mixed_4_q16,fill_plus_queries,20000,478,599,5282,51479,0,0
time,8,linear_prices,mixed_32_q0,fill_plus_queries,20000,94,121,181,33463,0,0
time,8,linear_prices,mixed_32_q1,fill_plus_queries,20000,128,162,214,33477,0,0
time,8,linear_prices,mixed_32_q4,fill_plus_queries,20000,245,303,402,57676,0,0
time,8,linear_prices,mixed_32_q16,fill_plus_queries,20000,566,728,4414,435490,0,0
time,8,linear_prices,mixed_128_q0,fill_plus_queries,20000,68,83,92,23917,0,0
time,8,linear_prices,mixed_128_q1,fill_plus_queries,20000,117,199,226,22512,0,0
time,8,linear_prices,mixed_128_q4,fill_plus_queries,20000,278,384,3294,71685,0,0
time,8,linear_prices,mixed_128_q16,fill_plus_queries,20000,913,1296,12490,70690,0,0
time,8,linear_prices,mixed_4096_q0,fill_plus_queries,4000,68,293,494,17239,0,0
time,8,linear_prices,mixed_4096_q1,fill_plus_queries,4000,1017,1565,12776,32886,0,0
time,8,linear_prices,mixed_4096_q4,fill_plus_queries,4000,3777,9702,34843,362228,0,0
time,8,linear_prices,mixed_4096_q16,fill_plus_queries,4000,15017,37292,229471,2181832,0,0
time,8,linear_prices,growth,new_order_price,20000,13104,31848,50076,1649454,0,0
time,8,linear_prices,growth,first32_subset,32,225,616,616,9173,0,0
time,8,linear_prices,growth,last_quarter_subset,5000,19233,39224,51328,174495,0,0
time,8,linear_prices,growth,every64_subset,313,18981,46840,98017,174495,0,0
time,8,linear_prices,4096books_4near_2far,summary_random,20000,99,674,978,24676,0,0
time,8,linear_prices,prototype_4,intent_to_command,20000,102,142,185,20922,0,0
time,8,linear_prices,prototype_4,queued_intent,20000,46,56,96,16521,0,0
time,8,linear_prices,prototype_4,report_visible,20000,134,212,414,72237,0,0
time,8,linear_prices,prototype_4,ready_to_command,20000,112,190,334,31218,0,0
time,8,linear_prices,prototype_32,intent_to_command,20000,113,169,220,16971,0,0
time,8,linear_prices,prototype_32,queued_intent,20000,46,54,67,12210,0,0
time,8,linear_prices,prototype_32,report_visible,20000,221,280,409,39853,0,0
time,8,linear_prices,prototype_32,ready_to_command,20000,124,200,278,14383,0,0
time,8,linear_prices,prototype_128,intent_to_command,20000,186,310,435,33990,0,0
time,8,linear_prices,prototype_128,queued_intent,20000,46,64,76,13263,0,0
time,8,linear_prices,prototype_128,report_visible,20000,468,605,5350,20446,0,0
time,8,linear_prices,prototype_128,ready_to_command,20000,204,345,523,19955,0,0
time,8,absl_btree,prices_4,summary_first,20000,46,48,61,37479,0,0
time,8,absl_btree,prices_4,summary_last,20000,45,53,63,14752,0,0
time,8,absl_btree,prices_4,summary_miss,20000,40,42,59,3302,0,0
time,8,absl_btree,prices_4,summary_random,20000,58,69,87,14656,0,0
time,8,absl_btree,prices_4,best,20000,34,41,50,42006,0,0
time,8,absl_btree,prices_4,sorted_range8,2000,48,51,60,186,0,0
time,8,absl_btree,prices_4,orders_at,2000,48,56,91,118,0,0
time,8,absl_btree,prices_4,batch64_summary,2000,1566,1997,16429,21134,0,0
time,8,absl_btree,updates_4,index_fill_visible,20000,67,132,287,14433,0,0
time,8,absl_btree,updates_4,index_replace_submit,20000,112,162,232,12863,0,0
time,8,absl_btree,updates_4,index_replace_ack_visible,20000,144,212,389,29806,0,0
time,8,absl_btree,updates_4,index_cancel_submit,20000,67,87,174,20857,0,0
time,8,absl_btree,updates_4,index_terminal_visible,20000,108,164,228,20874,0,0
time,8,absl_btree,updates_4,index_reactivate,20000,124,167,329,21738,0,0
time,8,absl_btree,prices_8,summary_first,20000,46,58,145,4103,0,0
time,8,absl_btree,prices_8,summary_last,20000,47,60,207,3742,0,0
time,8,absl_btree,prices_8,summary_miss,20000,40,51,401,17203,0,0
time,8,absl_btree,prices_8,summary_random,20000,60,81,2360,17238,0,0
time,8,absl_btree,prices_8,best,20000,34,48,77,34023,0,0
time,8,absl_btree,prices_8,sorted_range8,2000,58,91,349,2802,0,0
time,8,absl_btree,prices_8,orders_at,2000,48,88,190,2715,0,0
time,8,absl_btree,prices_8,batch64_summary,2000,1797,4385,17604,22940,0,0
time,8,absl_btree,updates_8,index_fill_visible,20000,67,115,248,24687,0,0
time,8,absl_btree,updates_8,index_replace_submit,20000,113,204,2816,29082,0,0
time,8,absl_btree,updates_8,index_replace_ack_visible,20000,149,264,2981,26680,0,0
time,8,absl_btree,updates_8,index_cancel_submit,20000,67,107,198,13288,0,0
time,8,absl_btree,updates_8,index_terminal_visible,20000,112,207,2822,24175,0,0
time,8,absl_btree,updates_8,index_reactivate,20000,127,208,442,19734,0,0
time,8,absl_btree,prices_16,summary_first,20000,48,58,86,14139,0,0
time,8,absl_btree,prices_16,summary_last,20000,50,60,87,12962,0,0
time,8,absl_btree,prices_16,summary_miss,20000,42,51,65,23102,0,0
time,8,absl_btree,prices_16,summary_random,20000,66,90,115,17669,0,0
time,8,absl_btree,prices_16,best,20000,34,45,60,19131,0,0
time,8,absl_btree,prices_16,sorted_range8,2000,59,92,131,213,0,0
time,8,absl_btree,prices_16,orders_at,2000,51,97,119,237,0,0
time,8,absl_btree,prices_16,batch64_summary,2000,2297,2528,16559,25345,0,0
time,8,absl_btree,updates_16,index_fill_visible,20000,67,103,236,13995,0,0
time,8,absl_btree,updates_16,index_replace_submit,20000,120,210,2951,21705,0,0
time,8,absl_btree,updates_16,index_replace_ack_visible,20000,157,262,3371,26133,0,0
time,8,absl_btree,updates_16,index_cancel_submit,20000,67,99,192,19807,0,0
time,8,absl_btree,updates_16,index_terminal_visible,20000,118,204,425,16949,0,0
time,8,absl_btree,updates_16,index_reactivate,20000,134,216,2743,32919,0,0
time,8,absl_btree,prices_32,summary_first,20000,48,57,125,14453,0,0
time,8,absl_btree,prices_32,summary_last,20000,52,63,152,3115,0,0
time,8,absl_btree,prices_32,summary_miss,20000,42,51,122,20577,0,0
time,8,absl_btree,prices_32,summary_random,20000,72,97,192,4382,0,0
time,8,absl_btree,prices_32,best,20000,34,49,77,18772,0,0
time,8,absl_btree,prices_32,sorted_range8,2000,59,83,297,2966,0,0
time,8,absl_btree,prices_32,orders_at,2000,52,92,181,252,0,0
time,8,absl_btree,prices_32,batch64_summary,2000,2537,5739,21269,43671,0,0
time,8,absl_btree,updates_32,index_fill_visible,20000,67,107,2704,22110,0,0
time,8,absl_btree,updates_32,index_replace_submit,20000,140,275,3187,35533,0,0
time,8,absl_btree,updates_32,index_replace_ack_visible,20000,179,328,3287,50210,0,0
time,8,absl_btree,updates_32,index_cancel_submit,20000,67,102,2732,4053,0,0
time,8,absl_btree,updates_32,index_terminal_visible,20000,132,262,3126,54538,0,0
time,8,absl_btree,updates_32,index_reactivate,20000,152,261,3198,25048,0,0
time,8,absl_btree,prices_128,summary_first,20000,51,62,193,26760,0,0
time,8,absl_btree,prices_128,summary_last,20000,56,69,104,6438,0,0
time,8,absl_btree,prices_128,summary_miss,20000,44,54,147,13735,0,0
time,8,absl_btree,prices_128,summary_random,20000,80,124,2606,23461,0,0
time,8,absl_btree,prices_128,best,20000,34,48,67,3269,0,0
time,8,absl_btree,prices_128,sorted_range8,2000,61,90,194,2735,0,0
time,8,absl_btree,prices_128,orders_at,2000,58,117,370,2826,0,0
time,8,absl_btree,updates_128,index_fill_visible,20000,71,121,3000,28476,0,0
time,8,absl_btree,updates_128,index_replace_submit,20000,206,345,3439,41419,0,0
time,8,absl_btree,updates_128,index_replace_ack_visible,20000,278,464,3591,41186,0,0
time,8,absl_btree,updates_128,index_cancel_submit,20000,67,103,238,4193,0,0
time,8,absl_btree,updates_128,index_terminal_visible,20000,197,353,3603,32221,0,0
time,8,absl_btree,updates_128,index_reactivate,20000,251,433,3676,30998,0,0
time,8,absl_btree,prices_1024,summary_first,4000,51,57,2648,3045,0,0
time,8,absl_btree,prices_1024,summary_last,4000,54,93,347,2871,0,0
time,8,absl_btree,prices_1024,summary_miss,4000,44,53,2765,30127,0,0
time,8,absl_btree,prices_1024,summary_random,4000,104,194,2975,4388,0,0
time,8,absl_btree,prices_1024,best,4000,34,48,97,2828,0,0
time,8,absl_btree,prices_1024,sorted_range8,2000,62,99,2795,3601,0,0
time,8,absl_btree,prices_1024,orders_at,2000,100,177,257,3196,0,0
time,8,absl_btree,updates_1024,index_fill_visible,4000,70,153,382,3039,0,0
time,8,absl_btree,updates_1024,index_replace_submit,4000,240,398,7385,28044,0,0
time,8,absl_btree,updates_1024,index_replace_ack_visible,4000,302,558,3312,4109,0,0
time,8,absl_btree,updates_1024,index_cancel_submit,4000,67,104,208,3324,0,0
time,8,absl_btree,updates_1024,index_terminal_visible,4000,212,447,3260,41522,0,0
time,8,absl_btree,updates_1024,index_reactivate,4000,287,536,3407,14675,0,0
time,8,absl_btree,prices_4096,summary_first,4000,53,66,236,27196,0,0
time,8,absl_btree,prices_4096,summary_last,4000,61,90,149,221,0,0
time,8,absl_btree,prices_4096,summary_miss,4000,47,60,120,3192,0,0
time,8,absl_btree,prices_4096,summary_random,4000,133,390,4017,25137,0,0
time,8,absl_btree,prices_4096,best,4000,34,50,89,213,0,0
time,8,absl_btree,prices_4096,sorted_range8,2000,64,87,160,312,0,0
time,8,absl_btree,prices_4096,orders_at,2000,124,366,490,12088,0,0
time,8,absl_btree,updates_4096,index_fill_visible,4000,70,198,300,23113,0,0
time,8,absl_btree,updates_4096,index_replace_submit,4000,240,381,3334,19767,0,0
time,8,absl_btree,updates_4096,index_replace_ack_visible,4000,251,547,3573,26697,0,0
time,8,absl_btree,updates_4096,index_cancel_submit,4000,67,155,336,2826,0,0
time,8,absl_btree,updates_4096,index_terminal_visible,4000,207,359,3348,15443,0,0
time,8,absl_btree,updates_4096,index_reactivate,4000,273,410,3675,14753,0,0
time,8,absl_btree,crowded_32,summary_first,4000,46,48,122,2743,0,0
time,8,absl_btree,crowded_32,summary_last,4000,46,48,62,2656,0,0
time,8,absl_btree,crowded_32,summary_miss,4000,40,42,53,152,0,0
time,8,absl_btree,crowded_32,summary_random,4000,48,50,62,3483,0,0
time,8,absl_btree,crowded_32,best,4000,34,36,56,2847,0,0
time,8,absl_btree,crowded_32,sorted_range8,2000,41,44,103,2568,0,0
time,8,absl_btree,crowded_32,orders_at,2000,187,221,3213,37537,0,0
time,8,absl_btree,crowded_32,batch64_summary,2000,515,578,4043,14733,0,0
time,8,absl_btree,crowded_4096,summary_first,4000,67,157,230,3778,0,0
time,8,absl_btree,crowded_4096,summary_last,4000,46,79,103,12316,0,0
time,8,absl_btree,crowded_4096,summary_miss,4000,40,73,102,14232,0,0
time,8,absl_btree,crowded_4096,summary_random,4000,48,73,93,3076,0,0
time,8,absl_btree,crowded_4096,best,4000,34,65,80,12406,0,0
time,8,absl_btree,crowded_4096,sorted_range8,2000,42,88,108,2800,0,0
time,8,absl_btree,crowded_4096,orders_at,2000,24242,45101,64773,67943,0,0
time,8,absl_btree,reprice_random_8,index_replace_submit,20000,122,225,2947,33346,0,0
time,8,absl_btree,reprice_random_8,index_replace_ack_visible,20000,173,280,3074,36000,0,0
time,8,absl_btree,reprice_random_32,index_replace_submit,20000,171,339,3344,453339,0,0
time,8,absl_btree,reprice_random_32,index_replace_ack_visible,20000,254,453,3549,1324511,0,0
time,8,absl_btree,reprice_random_128,index_replace_submit,20000,214,368,625,127644,0,0
time,8,absl_btree,reprice_random_128,index_replace_ack_visible,20000,303,484,725,46800,0,0
time,8,absl_btree,reprice_random_1024,index_replace_submit,4000,296,467,3712,18111,0,0
time,8,absl_btree,reprice_random_1024,index_replace_ack_visible,4000,363,560,760,166383,0,0
time,8,absl_btree,reprice_random_4096,index_replace_submit,4000,344,654,4191,18484,0,0
time,8,absl_btree,reprice_random_4096,index_replace_ack_visible,4000,412,709,4011,76038,0,0
time,8,absl_btree,mixed_4_q0,fill_plus_queries,20000,67,95,145,38084,0,0
time,8,absl_btree,mixed_4_q1,fill_plus_queries,20000,89,145,197,27065,0,0
time,8,absl_btree,mixed_4_q4,fill_plus_queries,20000,167,259,2794,35020,0,0
time,8,absl_btree,mixed_4_q16,fill_plus_queries,20000,474,663,4254,29649,0,0
time,8,absl_btree,mixed_32_q0,fill_plus_queries,20000,67,99,146,15620,0,0
time,8,absl_btree,mixed_32_q1,fill_plus_queries,20000,102,171,265,396002,0,0
time,8,absl_btree,mixed_32_q4,fill_plus_queries,20000,225,333,480,332766,0,0
time,8,absl_btree,mixed_32_q16,fill_plus_queries,20000,672,907,12356,1165783,0,0
time,8,absl_btree,mixed_128_q0,fill_plus_queries,20000,68,99,219,36559,0,0
time,8,absl_btree,mixed_128_q1,fill_plus_queries,20000,108,148,307,23145,0,0
time,8,absl_btree,mixed_128_q4,fill_plus_queries,20000,247,383,3723,1003190,0,0
time,8,absl_btree,mixed_128_q16,fill_plus_queries,20000,767,1013,14674,165160,0,0
time,8,absl_btree,mixed_4096_q0,fill_plus_queries,4000,68,170,424,20207,0,0
time,8,absl_btree,mixed_4096_q1,fill_plus_queries,4000,153,249,554,27356,0,0
time,8,absl_btree,mixed_4096_q4,fill_plus_queries,4000,368,498,4306,28542,0,0
time,8,absl_btree,mixed_4096_q16,fill_plus_queries,4000,1207,1626,18311,46885,0,0
time,8,absl_btree,growth,new_order_price,20000,346,3768,10530,165525,0,0
time,8,absl_btree,growth,first32_subset,32,289,630,630,5171,0,0
time,8,absl_btree,growth,last_quarter_subset,5000,363,5267,11804,46946,0,0
time,8,absl_btree,growth,every64_subset,313,4424,10530,18798,46946,0,0
time,8,absl_btree,4096books_4near_2far,summary_random,20000,115,499,762,18603,0,0
time,8,absl_btree,prototype_4,intent_to_command,20000,123,217,578,25574,0,0
time,8,absl_btree,prototype_4,queued_intent,20000,46,63,88,2932,0,0
time,8,absl_btree,prototype_4,report_visible,20000,160,315,3385,53064,0,0
time,8,absl_btree,prototype_4,ready_to_command,20000,133,266,3093,28751,0,0
time,8,absl_btree,prototype_32,intent_to_command,20000,134,241,418,18214,0,0
time,8,absl_btree,prototype_32,queued_intent,20000,46,60,88,17661,0,0
time,8,absl_btree,prototype_32,report_visible,20000,186,343,505,33997,0,0
time,8,absl_btree,prototype_32,ready_to_command,20000,148,290,440,25597,0,0
time,8,absl_btree,prototype_128,intent_to_command,20000,195,287,384,78572,0,0
time,8,absl_btree,prototype_128,queued_intent,20000,46,63,72,14723,0,0
time,8,absl_btree,prototype_128,report_visible,20000,295,449,669,15275,0,0
time,8,absl_btree,prototype_128,ready_to_command,20000,224,343,535,23758,0,0
time,8,adaptive,prices_4,summary_first,20000,48,59,74,31815,0,0
time,8,adaptive,prices_4,summary_last,20000,50,63,77,11679,0,0
time,8,adaptive,prices_4,summary_miss,20000,40,52,60,2782,0,0
time,8,adaptive,prices_4,summary_random,20000,62,79,95,26798,0,0
time,8,adaptive,prices_4,best,20000,34,47,64,11740,0,0
time,8,adaptive,prices_4,sorted_range8,2000,50,62,98,19353,0,0
time,8,adaptive,prices_4,orders_at,2000,52,68,83,13279,0,0
time,8,adaptive,prices_4,batch64_summary,2000,1656,2042,16329,28137,0,0
time,8,adaptive,updates_4,index_fill_visible,20000,68,153,287,20829,0,0
time,8,adaptive,updates_4,index_replace_submit,20000,108,190,296,18440,0,0
time,8,adaptive,updates_4,index_replace_ack_visible,20000,106,181,243,15801,0,0
time,8,adaptive,updates_4,index_cancel_submit,20000,68,108,154,13685,0,0
time,8,adaptive,updates_4,index_terminal_visible,20000,73,137,274,34359,0,0
time,8,adaptive,updates_4,index_reactivate,20000,123,193,377,22616,0,0
time,8,adaptive,prices_8,summary_first,20000,48,63,93,6344,0,0
time,8,adaptive,prices_8,summary_last,20000,47,70,102,39143,0,0
time,8,adaptive,prices_8,summary_miss,20000,40,56,78,3959,0,0
time,8,adaptive,prices_8,summary_random,20000,62,86,115,24335,0,0
time,8,adaptive,prices_8,best,20000,34,50,83,21561,0,0
time,8,adaptive,prices_8,sorted_range8,2000,58,96,143,3654,0,0
time,8,adaptive,prices_8,orders_at,2000,51,84,171,3186,0,0
time,8,adaptive,prices_8,batch64_summary,2000,1780,4335,19968,25844,0,0
time,8,adaptive,updates_8,index_fill_visible,20000,68,131,325,30525,0,0
time,8,adaptive,updates_8,index_replace_submit,20000,106,190,478,20939,0,0
time,8,adaptive,updates_8,index_replace_ack_visible,20000,107,182,318,15250,0,0
time,8,adaptive,updates_8,index_cancel_submit,20000,67,102,145,13800,0,0
time,8,adaptive,updates_8,index_terminal_visible,20000,73,135,197,13291,0,0
time,8,adaptive,updates_8,index_reactivate,20000,125,193,410,156964,0,0
time,8,adaptive,prices_16,summary_first,20000,48,60,80,19144,0,0
time,8,adaptive,prices_16,summary_last,20000,52,67,88,4163,0,0
time,8,adaptive,prices_16,summary_miss,20000,40,52,66,15171,0,0
time,8,adaptive,prices_16,summary_random,20000,64,83,104,37129,0,0
time,8,adaptive,prices_16,best,20000,34,48,67,20711,0,0
time,8,adaptive,prices_16,sorted_range8,2000,57,60,274,3391,0,0
time,8,adaptive,prices_16,orders_at,2000,51,69,82,85,0,0
time,8,adaptive,prices_16,batch64_summary,2000,1987,2112,15651,22400,0,0
time,8,adaptive,updates_16,index_fill_visible,20000,68,127,368,21444,0,0
time,8,adaptive,updates_16,index_replace_submit,20000,114,217,3036,19526,0,0
time,8,adaptive,updates_16,index_replace_ack_visible,20000,112,207,3320,23322,0,0
time,8,adaptive,updates_16,index_cancel_submit,20000,68,108,237,72005,0,0
time,8,adaptive,updates_16,index_terminal_visible,20000,76,153,2802,39518,0,0
time,8,adaptive,updates_16,index_reactivate,20000,136,218,2925,188195,0,0
time,8,adaptive,prices_32,summary_first,20000,50,66,2631,21290,0,0
time,8,adaptive,prices_32,summary_last,20000,54,68,195,21278,0,0
time,8,adaptive,prices_32,summary_miss,20000,46,57,128,20410,0,0
time,8,adaptive,prices_32,summary_random,20000,84,113,2694,21388,0,0
time,8,adaptive,prices_32,best,20000,34,50,86,17995,0,0
time,8,adaptive,prices_32,sorted_range8,2000,59,67,142,263,0,0
time,8,adaptive,prices_32,orders_at,2000,58,95,239,18330,0,0
time,8,adaptive,prices_32,batch64_summary,2000,3055,6531,48669,121606,0,0
time,8,adaptive,updates_32,index_fill_visible,20000,68,128,2839,31808,0,0
time,8,adaptive,updates_32,index_replace_submit,20000,114,227,3121,20222,0,0
time,8,adaptive,updates_32,index_replace_ack_visible,20000,115,213,3224,1313438,0,0
time,8,adaptive,updates_32,index_cancel_submit,20000,68,108,2786,16870,0,0
time,8,adaptive,updates_32,index_terminal_visible,20000,77,152,2928,26291,0,0
time,8,adaptive,updates_32,index_reactivate,20000,133,251,3123,50516,0,0
time,8,adaptive,prices_128,summary_first,20000,49,70,405,14114,0,0
time,8,adaptive,prices_128,summary_last,20000,60,75,2665,13526,0,0
time,8,adaptive,prices_128,summary_miss,20000,48,64,145,12787,0,0
time,8,adaptive,prices_128,summary_random,20000,97,139,2799,34201,0,0
time,8,adaptive,prices_128,best,20000,34,50,117,13934,0,0
time,8,adaptive,prices_128,sorted_range8,2000,60,66,142,3102,0,0
time,8,adaptive,prices_128,orders_at,2000,76,128,210,2853,0,0
time,8,adaptive,updates_128,index_fill_visible,20000,71,131,2689,13472,0,0
time,8,adaptive,updates_128,index_replace_submit,20000,143,267,3276,153954,0,0
time,8,adaptive,updates_128,index_replace_ack_visible,20000,137,251,3075,167087,0,0
time,8,adaptive,updates_128,index_cancel_submit,20000,68,106,2898,136839,0,0
time,8,adaptive,updates_128,index_terminal_visible,20000,95,172,3088,24953,0,0
time,8,adaptive,updates_128,index_reactivate,20000,161,313,3416,206884,0,0
time,8,adaptive,prices_1024,summary_first,4000,52,89,267,17411,0,0
time,8,adaptive,prices_1024,summary_last,4000,61,92,207,29855,0,0
time,8,adaptive,prices_1024,summary_miss,4000,52,79,139,5103,0,0
time,8,adaptive,prices_1024,summary_random,4000,128,377,3061,27704,0,0
time,8,adaptive,prices_1024,best,4000,34,58,76,19589,0,0
time,8,adaptive,prices_1024,sorted_range8,2000,62,120,298,1082,0,0
time,8,adaptive,prices_1024,orders_at,2000,127,423,3533,102800,0,0
time,8,adaptive,updates_1024,index_fill_visible,4000,72,191,440,3635,0,0
time,8,adaptive,updates_1024,index_replace_submit,4000,242,404,3654,114624,0,0
time,8,adaptive,updates_1024,index_replace_ack_visible,4000,293,642,4206,41531,0,0
time,8,adaptive,updates_1024,index_cancel_submit,4000,70,107,263,3253,0,0
time,8,adaptive,updates_1024,index_terminal_visible,4000,202,442,3486,20412,0,0
time,8,adaptive,updates_1024,index_reactivate,4000,298,554,6047,16178,0,0
time,8,adaptive,prices_4096,summary_first,4000,58,79,338,5775,0,0
time,8,adaptive,prices_4096,summary_last,4000,62,113,3034,17793,0,0
time,8,adaptive,prices_4096,summary_miss,4000,48,72,2694,3645,0,0
time,8,adaptive,prices_4096,summary_random,4000,157,469,3177,26700,0,0
time,8,adaptive,prices_4096,best,4000,34,48,216,4192,0,0
time,8,adaptive,prices_4096,sorted_range8,2000,64,101,239,3416,0,0
time,8,adaptive,prices_4096,orders_at,2000,136,406,2779,3117,0,0
time,8,adaptive,updates_4096,index_fill_visible,4000,73,204,567,19494,0,0
time,8,adaptive,updates_4096,index_replace_submit,4000,246,430,3956,4649,0,0
time,8,adaptive,updates_4096,index_replace_ack_visible,4000,246,590,3618,29936,0,0
time,8,adaptive,updates_4096,index_cancel_submit,4000,70,115,2928,30427,0,0
time,8,adaptive,updates_4096,index_terminal_visible,4000,203,438,3792,20299,0,0
time,8,adaptive,updates_4096,index_reactivate,4000,293,476,3577,16903,0,0
time,8,adaptive,crowded_32,summary_first,4000,48,62,129,2657,0,0
time,8,adaptive,crowded_32,summary_last,4000,48,62,143,319,0,0
time,8,adaptive,crowded_32,summary_miss,4000,40,55,82,3184,0,0
time,8,adaptive,crowded_32,summary_random,4000,50,63,2659,5326,0,0
time,8,adaptive,crowded_32,best,4000,34,46,513,17221,0,0
time,8,adaptive,crowded_32,sorted_range8,2000,43,55,118,2610,0,0
time,8,adaptive,crowded_32,orders_at,2000,190,223,2942,14238,0,0
time,8,adaptive,crowded_32,batch64_summary,2000,551,560,3283,4528,0,0
time,8,adaptive,crowded_4096,summary_first,4000,73,207,295,3167,0,0
time,8,adaptive,crowded_4096,summary_last,4000,49,71,188,3183,0,0
time,8,adaptive,crowded_4096,summary_miss,4000,40,94,147,2881,0,0
time,8,adaptive,crowded_4096,summary_random,4000,50,78,174,19969,0,0
time,8,adaptive,crowded_4096,best,4000,34,63,88,3066,0,0
time,8,adaptive,crowded_4096,sorted_range8,2000,45,82,169,3159,0,0
time,8,adaptive,crowded_4096,orders_at,2000,24279,47005,121919,185402,0,0
time,8,adaptive,reprice_random_8,index_replace_submit,20000,108,192,2816,125372,0,0
time,8,adaptive,reprice_random_8,index_replace_ack_visible,20000,134,222,2871,77020,0,0
time,8,adaptive,reprice_random_32,index_replace_submit,20000,139,247,3099,345437,0,0
time,8,adaptive,reprice_random_32,index_replace_ack_visible,20000,177,286,3116,29464,0,0
time,8,adaptive,reprice_random_128,index_replace_submit,20000,169,276,493,19083,0,0
time,8,adaptive,reprice_random_128,index_replace_ack_visible,20000,211,308,3268,47795,0,0
time,8,adaptive,reprice_random_1024,index_replace_submit,4000,297,569,4519,128955,0,0
time,8,adaptive,reprice_random_1024,index_replace_ack_visible,4000,359,670,5018,75343,0,0
time,8,adaptive,reprice_random_4096,index_replace_submit,4000,343,698,6685,38672,0,0
time,8,adaptive,reprice_random_4096,index_replace_ack_visible,4000,411,732,4051,15404,0,0
time,8,adaptive,mixed_4_q0,fill_plus_queries,20000,68,112,280,30131,0,0
time,8,adaptive,mixed_4_q1,fill_plus_queries,20000,93,148,358,22237,0,0
time,8,adaptive,mixed_4_q4,fill_plus_queries,20000,174,252,2914,22840,0,0
time,8,adaptive,mixed_4_q16,fill_plus_queries,20000,491,704,4060,42984,0,0
time,8,adaptive,mixed_32_q0,fill_plus_queries,20000,67,84,88,15782,0,0
time,8,adaptive,mixed_32_q1,fill_plus_queries,20000,109,175,305,81576,0,0
time,8,adaptive,mixed_32_q4,fill_plus_queries,20000,242,349,3740,228483,0,0
time,8,adaptive,mixed_32_q16,fill_plus_queries,20000,705,971,14564,34884,0,0
time,8,adaptive,mixed_128_q0,fill_plus_queries,20000,72,102,146,38166,0,0
time,8,adaptive,mixed_128_q1,fill_plus_queries,20000,120,158,198,24374,0,0
time,8,adaptive,mixed_128_q4,fill_plus_queries,20000,275,366,504,29166,0,0
time,8,adaptive,mixed_128_q16,fill_plus_queries,20000,886,1231,13779,37283,0,0
time,8,adaptive,mixed_4096_q0,fill_plus_queries,4000,69,281,501,674,0,0
time,8,adaptive,mixed_4096_q1,fill_plus_queries,4000,157,326,566,6837,0,0
time,8,adaptive,mixed_4096_q4,fill_plus_queries,4000,368,539,4876,106766,0,0
time,8,adaptive,mixed_4096_q16,fill_plus_queries,4000,1186,1475,15356,64907,0,0
time,8,adaptive,growth,new_order_price,20000,345,3950,8089,137139,0,0
time,8,adaptive,growth,first32_subset,32,277,480,480,4880,0,0
time,8,adaptive,growth,last_quarter_subset,5000,357,5224,8178,49254,0,0
time,8,adaptive,growth,every64_subset,313,4638,22164,49254,137139,0,0
time,8,adaptive,4096books_4near_2far,summary_random,20000,172,659,1078,41948,0,0
time,8,adaptive,prototype_4,intent_to_command,20000,108,184,311,18905,0,0
time,8,adaptive,prototype_4,queued_intent,20000,46,59,83,4931,0,0
time,8,adaptive,prototype_4,report_visible,20000,121,202,387,23210,0,0
time,8,adaptive,prototype_4,ready_to_command,20000,120,227,352,14036,0,0
time,8,adaptive,prototype_32,intent_to_command,20000,114,223,310,27972,0,0
time,8,adaptive,prototype_32,queued_intent,20000,46,62,90,18187,0,0
time,8,adaptive,prototype_32,report_visible,20000,131,252,391,19003,0,0
time,8,adaptive,prototype_32,ready_to_command,20000,125,263,355,36885,0,0
time,8,adaptive,prototype_128,intent_to_command,20000,135,265,370,13430,0,0
time,8,adaptive,prototype_128,queued_intent,20000,46,64,92,3622,0,0
time,8,adaptive,prototype_128,report_visible,20000,159,307,513,102508,0,0
time,8,adaptive,prototype_128,ready_to_command,20000,157,320,440,20617,0,0
time,8,sorted_deque_soa,prices_4,summary_first,20000,56,76,3418,43577,0,0
time,8,sorted_deque_soa,prices_4,summary_last,20000,53,85,203,34557,0,0
time,8,sorted_deque_soa,prices_4,summary_miss,20000,47,71,85,61195,0,0
time,8,sorted_deque_soa,prices_4,summary_random,20000,57,83,250,38745,0,0
time,8,sorted_deque_soa,prices_4,best,20000,34,63,112,59272,0,0
time,8,sorted_deque_soa,prices_4,sorted_range8,2000,58,96,381,30139,0,0
time,8,sorted_deque_soa,prices_4,orders_at,2000,58,91,194,530,0,0
time,8,sorted_deque_soa,prices_4,batch64_summary,2000,993,1386,18870,31760,0,0
time,8,sorted_deque_soa,updates_4,index_fill_visible,20000,68,142,329,40655,0,0
time,8,sorted_deque_soa,updates_4,index_replace_submit,20000,112,199,313,26298,0,0
time,8,sorted_deque_soa,updates_4,index_replace_ack_visible,20000,128,196,341,42250,0,0
time,8,sorted_deque_soa,updates_4,index_cancel_submit,20000,68,106,170,15057,0,0
time,8,sorted_deque_soa,updates_4,index_terminal_visible,20000,88,143,327,34113,0,0
time,8,sorted_deque_soa,updates_4,index_reactivate,20000,120,191,313,36918,0,0
time,8,sorted_deque_soa,prices_8,summary_first,20000,57,69,98,1969683,0,0
time,8,sorted_deque_soa,prices_8,summary_last,20000,55,68,89,13838,0,0
time,8,sorted_deque_soa,prices_8,summary_miss,20000,49,61,82,35379,0,0
time,8,sorted_deque_soa,prices_8,summary_random,20000,58,70,105,12911,0,0
time,8,sorted_deque_soa,prices_8,best,20000,34,46,61,21897,0,0
time,8,sorted_deque_soa,prices_8,sorted_range8,2000,68,104,196,4056,0,0
time,8,sorted_deque_soa,prices_8,orders_at,2000,59,78,164,1244,0,0
time,8,sorted_deque_soa,prices_8,batch64_summary,2000,1477,2313,32754,41179,0,0
time,8,sorted_deque_soa,updates_8,index_fill_visible,20000,68,114,296,17330,0,0
time,8,sorted_deque_soa,updates_8,index_replace_submit,20000,116,185,272,30050,0,0
time,8,sorted_deque_soa,updates_8,index_replace_ack_visible,20000,131,185,256,19653,0,0
time,8,sorted_deque_soa,updates_8,index_cancel_submit,20000,68,96,135,17025,0,0
time,8,sorted_deque_soa,updates_8,index_terminal_visible,20000,90,134,204,96361,0,0
time,8,sorted_deque_soa,updates_8,index_reactivate,20000,127,190,381,18291,0,0
time,8,sorted_deque_soa,prices_16,summary_first,20000,61,63,73,24676,0,0
time,8,sorted_deque_soa,prices_16,summary_last,20000,60,67,72,18275,0,0
time,8,sorted_deque_soa,prices_16,summary_miss,20000,53,55,68,12425,0,0
time,8,sorted_deque_soa,prices_16,summary_random,20000,62,65,75,11507,0,0
time,8,sorted_deque_soa,prices_16,best,20000,34,36,50,2778,0,0
time,8,sorted_deque_soa,prices_16,sorted_range8,2000,72,85,116,14026,0,0
time,8,sorted_deque_soa,prices_16,orders_at,2000,64,74,133,254,0,0
time,8,sorted_deque_soa,prices_16,batch64_summary,2000,1349,1470,14517,15101,0,0
time,8,sorted_deque_soa,updates_16,index_fill_visible,20000,69,175,375,26937,0,0
time,8,sorted_deque_soa,updates_16,index_replace_submit,20000,133,239,368,22130,0,0
time,8,sorted_deque_soa,updates_16,index_replace_ack_visible,20000,148,236,378,21712,0,0
time,8,sorted_deque_soa,updates_16,index_cancel_submit,20000,68,113,219,47215,0,0
time,8,sorted_deque_soa,updates_16,index_terminal_visible,20000,102,169,306,22944,0,0
time,8,sorted_deque_soa,updates_16,index_reactivate,20000,149,243,407,20070,0,0
time,8,sorted_deque_soa,prices_32,summary_first,20000,78,100,220,21672,0,0
time,8,sorted_deque_soa,prices_32,summary_last,20000,76,99,216,5671,0,0
time,8,sorted_deque_soa,prices_32,summary_miss,20000,70,91,193,22858,0,0
time,8,sorted_deque_soa,prices_32,summary_random,20000,79,108,226,27331,0,0
time,8,sorted_deque_soa,prices_32,best,20000,41,54,112,20096,0,0
time,8,sorted_deque_soa,prices_32,sorted_range8,2000,80,122,180,218,0,0
time,8,sorted_deque_soa,prices_32,orders_at,2000,72,100,141,268,0,0
time,8,sorted_deque_soa,prices_32,batch64_summary,2000,2162,5637,24658,35851,0,0
time,8,sorted_deque_soa,updates_32,index_fill_visible,20000,80,186,379,100417,0,0
time,8,sorted_deque_soa,updates_32,index_replace_submit,20000,176,305,852,30128,0,0
time,8,sorted_deque_soa,updates_32,index_replace_ack_visible,20000,181,285,3881,168183,0,0
time,8,sorted_deque_soa,updates_32,index_cancel_submit,20000,74,120,232,18134,0,0
time,8,sorted_deque_soa,updates_32,index_terminal_visible,20000,123,202,391,29476,0,0
time,8,sorted_deque_soa,updates_32,index_reactivate,20000,196,312,2893,50706,0,0
time,8,sorted_deque_soa,prices_128,summary_first,20000,50,63,101,14743,0,0
time,8,sorted_deque_soa,prices_128,summary_last,20000,52,65,87,16155,0,0
time,8,sorted_deque_soa,prices_128,summary_miss,20000,44,55,72,24423,0,0
time,8,sorted_deque_soa,prices_128,summary_random,20000,90,124,188,23651,0,0
time,8,sorted_deque_soa,prices_128,best,20000,34,47,68,14550,0,0
time,8,sorted_deque_soa,prices_128,sorted_range8,2000,61,64,167,189,0,0
time,8,sorted_deque_soa,prices_128,orders_at,2000,65,120,282,2831,0,0
time,8,sorted_deque_soa,updates_128,index_fill_visible,20000,70,123,312,15828,0,0
time,8,sorted_deque_soa,updates_128,index_replace_submit,20000,125,232,3158,18853,0,0
time,8,sorted_deque_soa,updates_128,index_replace_ack_visible,20000,134,216,3181,15479,0,0
time,8,sorted_deque_soa,updates_128,index_cancel_submit,20000,68,93,343,157250,0,0
time,8,sorted_deque_soa,updates_128,index_terminal_visible,20000,96,160,2958,15212,0,0
time,8,sorted_deque_soa,updates_128,index_reactivate,20000,135,242,3197,35334,0,0
time,8,sorted_deque_soa,prices_1024,summary_first,4000,50,68,99,5512,0,0
time,8,sorted_deque_soa,prices_1024,summary_last,4000,55,72,244,10150,0,0
time,8,sorted_deque_soa,prices_1024,summary_miss,4000,46,61,117,2966,0,0
time,8,sorted_deque_soa,prices_1024,summary_random,4000,118,199,273,19336,0,0
time,8,sorted_deque_soa,prices_1024,best,4000,34,46,67,4680,0,0
time,8,sorted_deque_soa,prices_1024,sorted_range8,2000,60,107,219,231,0,0
time,8,sorted_deque_soa,prices_1024,orders_at,2000,115,209,438,17918,0,0
time,8,sorted_deque_soa,updates_1024,index_fill_visible,4000,70,122,190,26141,0,0
time,8,sorted_deque_soa,updates_1024,index_replace_submit,4000,142,385,1029,15279,0,0
time,8,sorted_deque_soa,updates_1024,index_replace_ack_visible,4000,149,325,464,14520,0,0
time,8,sorted_deque_soa,updates_1024,index_cancel_submit,4000,68,85,126,3663,0,0
time,8,sorted_deque_soa,updates_1024,index_terminal_visible,4000,102,243,3417,16157,0,0
time,8,sorted_deque_soa,updates_1024,index_reactivate,4000,155,427,3316,28566,0,0
time,8,sorted_deque_soa,prices_4096,summary_first,4000,51,71,112,4054,0,0
time,8,sorted_deque_soa,prices_4096,summary_last,4000,56,68,143,21550,0,0
time,8,sorted_deque_soa,prices_4096,summary_miss,4000,47,57,91,36287,0,0
time,8,sorted_deque_soa,prices_4096,summary_random,4000,147,404,529,15200,0,0
time,8,sorted_deque_soa,prices_4096,best,4000,34,41,51,125,0,0
time,8,sorted_deque_soa,prices_4096,sorted_range8,2000,61,65,110,3427,0,0
time,8,sorted_deque_soa,prices_4096,orders_at,2000,137,380,489,5910,0,0
time,8,sorted_deque_soa,updates_4096,index_fill_visible,4000,70,187,303,3000,0,0
time,8,sorted_deque_soa,updates_4096,index_replace_submit,4000,119,149,1657,4278,0,0
time,8,sorted_deque_soa,updates_4096,index_replace_ack_visible,4000,131,162,199,11903,0,0
time,8,sorted_deque_soa,updates_4096,index_cancel_submit,4000,68,82,97,35659,0,0
time,8,sorted_deque_soa,updates_4096,index_terminal_visible,4000,91,106,159,4262,0,0
time,8,sorted_deque_soa,updates_4096,index_reactivate,4000,134,159,178,17053,0,0
time,8,sorted_deque_soa,crowded_32,summary_first,4000,50,61,88,38395,0,0
time,8,sorted_deque_soa,crowded_32,summary_last,4000,49,61,89,14360,0,0
time,8,sorted_deque_soa,crowded_32,summary_miss,4000,41,53,158,16202,0,0
time,8,sorted_deque_soa,crowded_32,summary_random,4000,51,62,82,4597,0,0
time,8,sorted_deque_soa,crowded_32,best,4000,34,47,74,2822,0,0
time,8,sorted_deque_soa,crowded_32,sorted_range8,2000,45,52,128,230,0,0
time,8,sorted_deque_soa,crowded_32,orders_at,2000,190,202,2799,2924,0,0
time,8,sorted_deque_soa,crowded_32,batch64_summary,2000,514,534,3649,15292,0,0
time,8,sorted_deque_soa,crowded_4096,summary_first,4000,72,131,188,2990,0,0
time,8,sorted_deque_soa,crowded_4096,summary_last,4000,50,77,99,134,0,0
time,8,sorted_deque_soa,crowded_4096,summary_miss,4000,41,63,85,14237,0,0
time,8,sorted_deque_soa,crowded_4096,summary_random,4000,51,67,116,3871,0,0
time,8,sorted_deque_soa,crowded_4096,best,4000,34,58,76,25716,0,0
time,8,sorted_deque_soa,crowded_4096,sorted_range8,2000,46,77,132,141,0,0
time,8,sorted_deque_soa,crowded_4096,orders_at,2000,24195,42812,57120,136157,0,0
time,8,sorted_deque_soa,reprice_random_8,index_replace_submit,20000,128,179,269,24361,0,0
time,8,sorted_deque_soa,reprice_random_8,index_replace_ack_visible,20000,150,198,316,12217,0,0
time,8,sorted_deque_soa,reprice_random_32,index_replace_submit,20000,175,200,233,36987,0,0
time,8,sorted_deque_soa,reprice_random_32,index_replace_ack_visible,20000,185,213,240,15413,0,0
time,8,sorted_deque_soa,reprice_random_128,index_replace_submit,20000,176,289,490,31310,0,0
time,8,sorted_deque_soa,reprice_random_128,index_replace_ack_visible,20000,216,328,463,201307,0,0
time,8,sorted_deque_soa,reprice_random_1024,index_replace_submit,4000,377,542,4359,23516,0,0
time,8,sorted_deque_soa,reprice_random_1024,index_replace_ack_visible,4000,322,506,3818,25327,0,0
time,8,sorted_deque_soa,reprice_random_4096,index_replace_submit,4000,872,2876,15238,66690,0,0
time,8,sorted_deque_soa,reprice_random_4096,index_replace_ack_visible,4000,792,1677,12653,53890,0,0
time,8,sorted_deque_soa,mixed_4_q0,fill_plus_queries,20000,69,93,157,15183,0,0
time,8,sorted_deque_soa,mixed_4_q1,fill_plus_queries,20000,86,117,146,33512,0,0
time,8,sorted_deque_soa,mixed_4_q4,fill_plus_queries,20000,132,196,268,104522,0,0
time,8,sorted_deque_soa,mixed_4_q16,fill_plus_queries,20000,302,440,575,27651,0,0
time,8,sorted_deque_soa,mixed_32_q0,fill_plus_queries,20000,68,87,110,24830,0,0
time,8,sorted_deque_soa,mixed_32_q1,fill_plus_queries,20000,100,133,202,41747,0,0
time,8,sorted_deque_soa,mixed_32_q4,fill_plus_queries,20000,193,274,3162,18413,0,0
time,8,sorted_deque_soa,mixed_32_q16,fill_plus_queries,20000,561,895,5347,120818,0,0
time,8,sorted_deque_soa,mixed_128_q0,fill_plus_queries,20000,70,124,217,49800,0,0
time,8,sorted_deque_soa,mixed_128_q1,fill_plus_queries,20000,119,193,336,19378,0,0
time,8,sorted_deque_soa,mixed_128_q4,fill_plus_queries,20000,263,371,3364,39687,0,0
time,8,sorted_deque_soa,mixed_128_q16,fill_plus_queries,20000,828,1085,13375,35728,0,0
time,8,sorted_deque_soa,mixed_4096_q0,fill_plus_queries,4000,69,244,444,33069,0,0
time,8,sorted_deque_soa,mixed_4096_q1,fill_plus_queries,4000,169,265,3303,22149,0,0
time,8,sorted_deque_soa,mixed_4096_q4,fill_plus_queries,4000,399,563,8396,44196,0,0
time,8,sorted_deque_soa,mixed_4096_q16,fill_plus_queries,4000,1313,1629,16077,27687,0,0
time,8,sorted_deque_soa,growth,new_order_price,20000,179,2651,6939,115408,0,0
time,8,sorted_deque_soa,growth,first32_subset,32,254,4682,4682,25360,0,0
time,8,sorted_deque_soa,growth,last_quarter_subset,5000,180,4666,7033,47127,0,0
time,8,sorted_deque_soa,growth,every64_subset,313,2833,12856,26876,47127,0,0
time,8,sorted_deque_soa,4096books_4near_2far,summary_random,20000,137,557,855,23620,0,0
time,8,sorted_deque_soa,prototype_4,intent_to_command,20000,122,159,248,13527,0,0
time,8,sorted_deque_soa,prototype_4,queued_intent,20000,46,59,77,29689,0,0
time,8,sorted_deque_soa,prototype_4,report_visible,20000,142,183,443,20291,0,0
time,8,sorted_deque_soa,prototype_4,ready_to_command,20000,133,188,327,45372,0,0
time,8,sorted_deque_soa,prototype_32,intent_to_command,20000,168,223,375,19405,0,0
time,8,sorted_deque_soa,prototype_32,queued_intent,20000,46,55,65,13381,0,0
time,8,sorted_deque_soa,prototype_32,report_visible,20000,173,238,438,23993,0,0
time,8,sorted_deque_soa,prototype_32,ready_to_command,20000,178,242,419,46572,0,0
time,8,sorted_deque_soa,prototype_128,intent_to_command,20000,143,240,335,27612,0,0
time,8,sorted_deque_soa,prototype_128,queued_intent,20000,46,63,68,3431,0,0
time,8,sorted_deque_soa,prototype_128,report_visible,20000,154,270,711,37347,0,0
time,8,sorted_deque_soa,prototype_128,ready_to_command,20000,152,291,407,15519,0,0
time,8,sorted_deque,prices_4,summary_first,20000,46,49,60,13174,0,0
time,8,sorted_deque,prices_4,summary_last,20000,46,54,63,3642,0,0
time,8,sorted_deque,prices_4,summary_miss,20000,39,41,59,13672,0,0
time,8,sorted_deque,prices_4,summary_random,20000,57,68,80,20785,0,0
time,8,sorted_deque,prices_4,best,20000,34,47,57,79,0,0
time,8,sorted_deque,prices_4,sorted_range8,2000,49,51,106,12173,0,0
time,8,sorted_deque,prices_4,orders_at,2000,49,59,88,3107,0,0
time,8,sorted_deque,prices_4,batch64_summary,2000,1434,1723,13814,33773,0,0
time,8,sorted_deque,updates_4,index_fill_visible,20000,67,146,341,18379,0,0
time,8,sorted_deque,updates_4,index_replace_submit,20000,105,166,253,207049,0,0
time,8,sorted_deque,updates_4,index_replace_ack_visible,20000,115,163,298,19267,0,0
time,8,sorted_deque,updates_4,index_cancel_submit,20000,67,95,135,11184,0,0
time,8,sorted_deque,updates_4,index_terminal_visible,20000,84,123,195,14737,0,0
time,8,sorted_deque,updates_4,index_reactivate,20000,111,173,357,21700,0,0
time,8,sorted_deque,prices_8,summary_first,20000,46,51,61,24459,0,0
time,8,sorted_deque,prices_8,summary_last,20000,46,55,69,15114,0,0
time,8,sorted_deque,prices_8,summary_miss,20000,39,43,60,13137,0,0
time,8,sorted_deque,prices_8,summary_random,20000,58,71,84,4324,0,0
time,8,sorted_deque,prices_8,best,20000,34,44,58,17772,0,0
time,8,sorted_deque,prices_8,sorted_range8,2000,57,85,117,3083,0,0
time,8,sorted_deque,prices_8,orders_at,2000,49,71,126,270,0,0
time,8,sorted_deque,prices_8,batch64_summary,2000,1591,2052,19465,28090,0,0
time,8,sorted_deque,updates_8,index_fill_visible,20000,67,107,239,13830,0,0
time,8,sorted_deque,updates_8,index_replace_submit,20000,104,166,239,17725,0,0
time,8,sorted_deque,updates_8,index_replace_ack_visible,20000,116,163,287,25428,0,0
time,8,sorted_deque,updates_8,index_cancel_submit,20000,67,94,133,13722,0,0
time,8,sorted_deque,updates_8,index_terminal_visible,20000,85,122,230,17947,0,0
time,8,sorted_deque,updates_8,index_reactivate,20000,114,159,278,34337,0,0
time,8,sorted_deque,prices_16,summary_first,20000,46,61,90,27443,0,0
time,8,sorted_deque,prices_16,summary_last,20000,50,69,105,19051,0,0
time,8,sorted_deque,prices_16,summary_miss,20000,39,52,82,15398,0,0
time,8,sorted_deque,prices_16,summary_random,20000,60,89,113,46050,0,0
time,8,sorted_deque,prices_16,best,20000,34,58,78,21819,0,0
time,8,sorted_deque,prices_16,sorted_range8,2000,57,116,151,3575,0,0
time,8,sorted_deque,prices_16,orders_at,2000,50,105,4396,19998,0,0
time,8,sorted_deque,prices_16,batch64_summary,2000,1808,1920,14998,40226,0,0
time,8,sorted_deque,updates_16,index_fill_visible,20000,67,102,234,33297,0,0
time,8,sorted_deque,updates_16,index_replace_submit,20000,111,177,276,13092,0,0
time,8,sorted_deque,updates_16,index_replace_ack_visible,20000,122,178,275,23411,0,0
time,8,sorted_deque,updates_16,index_cancel_submit,20000,67,93,143,22439,0,0
time,8,sorted_deque,updates_16,index_terminal_visible,20000,86,130,181,16011,0,0
time,8,sorted_deque,updates_16,index_reactivate,20000,125,180,245,16291,0,0
time,8,sorted_deque,prices_32,summary_first,20000,47,61,78,13075,0,0
time,8,sorted_deque,prices_32,summary_last,20000,52,61,85,16389,0,0
time,8,sorted_deque,prices_32,summary_miss,20000,46,57,83,14199,0,0
time,8,sorted_deque,prices_32,summary_random,20000,80,108,132,11077,0,0
time,8,sorted_deque,prices_32,best,20000,34,47,61,13567,0,0
time,8,sorted_deque,prices_32,sorted_range8,2000,57,62,92,201,0,0
time,8,sorted_deque,prices_32,orders_at,2000,54,98,120,139,0,0
time,8,sorted_deque,prices_32,batch64_summary,2000,2941,5631,17027,24118,0,0
time,8,sorted_deque,updates_32,index_fill_visible,20000,67,111,238,20597,0,0
time,8,sorted_deque,updates_32,index_replace_submit,20000,111,191,305,35637,0,0
time,8,sorted_deque,updates_32,index_replace_ack_visible,20000,124,193,316,18387,0,0
time,8,sorted_deque,updates_32,index_cancel_submit,20000,67,103,152,11655,0,0
time,8,sorted_deque,updates_32,index_terminal_visible,20000,87,138,199,19862,0,0
time,8,sorted_deque,updates_32,index_reactivate,20000,123,193,299,17554,0,0
time,8,sorted_deque,prices_128,summary_first,20000,49,53,69,13972,0,0
time,8,sorted_deque,prices_128,summary_last,20000,53,61,72,12772,0,0
time,8,sorted_deque,prices_128,summary_miss,20000,47,49,65,19427,0,0
time,8,sorted_deque,prices_128,summary_random,20000,93,126,141,13379,0,0
time,8,sorted_deque,prices_128,best,20000,34,42,56,3610,0,0
time,8,sorted_deque,prices_128,sorted_range8,2000,61,64,101,39308,0,0
time,8,sorted_deque,prices_128,orders_at,2000,68,125,155,4534,0,0
time,8,sorted_deque,updates_128,index_fill_visible,20000,70,91,221,13863,0,0
time,8,sorted_deque,updates_128,index_replace_submit,20000,124,198,269,20353,0,0
time,8,sorted_deque,updates_128,index_replace_ack_visible,20000,137,207,258,13202,0,0
time,8,sorted_deque,updates_128,index_cancel_submit,20000,67,85,100,12620,0,0
time,8,sorted_deque,updates_128,index_terminal_visible,20000,98,147,182,17316,0,0
time,8,sorted_deque,updates_128,index_reactivate,20000,133,241,327,34301,0,0
time,8,sorted_deque,prices_1024,summary_first,4000,52,68,106,3234,0,0
time,8,sorted_deque,prices_1024,summary_last,4000,58,69,102,4410,0,0
time,8,sorted_deque,prices_1024,summary_miss,4000,51,58,74,188,0,0
time,8,sorted_deque,prices_1024,summary_random,4000,120,180,355,20544,0,0
time,8,sorted_deque,prices_1024,best,4000,34,42,52,137,0,0
time,8,sorted_deque,prices_1024,sorted_range8,2000,61,98,170,14325,0,0
time,8,sorted_deque,prices_1024,orders_at,2000,118,190,350,4479,0,0
time,8,sorted_deque,updates_1024,index_fill_visible,4000,70,154,313,363,0,0
time,8,sorted_deque,updates_1024,index_replace_submit,4000,172,352,3343,14904,0,0
time,8,sorted_deque,updates_1024,index_replace_ack_visible,4000,191,362,3605,38357,0,0
time,8,sorted_deque,updates_1024,index_cancel_submit,4000,67,109,300,3317,0,0
time,8,sorted_deque,updates_1024,index_terminal_visible,4000,128,249,478,18614,0,0
time,8,sorted_deque,updates_1024,index_reactivate,4000,199,457,3434,19608,0,0
time,8,sorted_deque,prices_4096,summary_first,4000,55,85,231,27465,0,0
time,8,sorted_deque,prices_4096,summary_last,4000,60,80,150,3088,0,0
time,8,sorted_deque,prices_4096,summary_miss,4000,54,72,142,209,0,0
time,8,sorted_deque,prices_4096,summary_random,4000,170,477,576,3231,0,0
time,8,sorted_deque,prices_4096,best,4000,34,46,89,4098,0,0
time,8,sorted_deque,prices_4096,sorted_range8,2000,63,114,222,3585,0,0
time,8,sorted_deque,prices_4096,orders_at,2000,164,455,3230,21092,0,0
time,8,sorted_deque,updates_4096,index_fill_visible,4000,71,220,552,3859,0,0
time,8,sorted_deque,updates_4096,index_replace_submit,4000,126,207,3009,4012,0,0
time,8,sorted_deque,updates_4096,index_replace_ack_visible,4000,140,213,366,14109,0,0
time,8,sorted_deque,updates_4096,index_cancel_submit,4000,67,100,125,13978,0,0
time,8,sorted_deque,updates_4096,index_terminal_visible,4000,93,144,252,3352,0,0
time,8,sorted_deque,updates_4096,index_reactivate,4000,147,225,754,23188,0,0
time,8,sorted_deque,crowded_32,summary_first,4000,46,65,141,3968,0,0
time,8,sorted_deque,crowded_32,summary_last,4000,47,64,81,2966,0,0
time,8,sorted_deque,crowded_32,summary_miss,4000,39,57,71,212,0,0
time,8,sorted_deque,crowded_32,summary_random,4000,48,67,82,10852,0,0
time,8,sorted_deque,crowded_32,best,4000,34,52,78,209,0,0
time,8,sorted_deque,crowded_32,sorted_range8,2000,42,73,122,19002,0,0
time,8,sorted_deque,crowded_32,orders_at,2000,188,256,2782,21086,0,0
time,8,sorted_deque,crowded_32,batch64_summary,2000,482,812,4283,15874,0,0
time,8,sorted_deque,crowded_4096,summary_first,4000,65,133,284,797,0,0
time,8,sorted_deque,crowded_4096,summary_last,4000,47,75,96,3474,0,0
time,8,sorted_deque,crowded_4096,summary_miss,4000,39,60,98,2393,0,0
time,8,sorted_deque,crowded_4096,summary_random,4000,48,62,95,34853,0,0
time,8,sorted_deque,crowded_4096,best,4000,34,57,73,204,0,0
time,8,sorted_deque,crowded_4096,sorted_range8,2000,44,72,109,203,0,0
time,8,sorted_deque,crowded_4096,orders_at,2000,24371,58845,310065,549362,0,0
time,8,sorted_deque,reprice_random_8,index_replace_submit,20000,116,192,306,97512,0,0
time,8,sorted_deque,reprice_random_8,index_replace_ack_visible,20000,138,222,413,40227,0,0
time,8,sorted_deque,reprice_random_32,index_replace_submit,20000,142,217,423,37821,0,0
time,8,sorted_deque,reprice_random_32,index_replace_ack_visible,20000,180,245,379,39940,0,0
time,8,sorted_deque,reprice_random_128,index_replace_submit,20000,173,323,690,158448,0,0
time,8,sorted_deque,reprice_random_128,index_replace_ack_visible,20000,219,326,2348,91814,0,0
time,8,sorted_deque,reprice_random_1024,index_replace_submit,4000,379,639,4498,34875,0,0
time,8,sorted_deque,reprice_random_1024,index_replace_ack_visible,4000,329,522,2300,19338,0,0
time,8,sorted_deque,reprice_random_4096,index_replace_submit,4000,866,2829,27779,53566,0,0
time,8,sorted_deque,reprice_random_4096,index_replace_ack_visible,4000,789,1783,21690,51342,0,0
time,8,sorted_deque,mixed_4_q0,fill_plus_queries,20000,67,109,2304,44321,0,0
time,8,sorted_deque,mixed_4_q1,fill_plus_queries,20000,89,148,216,19989,0,0
time,8,sorted_deque,mixed_4_q4,fill_plus_queries,20000,165,252,433,24230,0,0
time,8,sorted_deque,mixed_4_q16,fill_plus_queries,20000,442,605,3562,35730,0,0
time,8,sorted_deque,mixed_32_q0,fill_plus_queries,20000,67,89,124,28565,0,0
time,8,sorted_deque,mixed_32_q1,fill_plus_queries,20000,103,133,184,15088,0,0
time,8,sorted_deque,mixed_32_q4,fill_plus_queries,20000,226,342,3035,63915,0,0
time,8,sorted_deque,mixed_32_q16,fill_plus_queries,20000,858,1207,28100,95478,0,0
time,8,sorted_deque,mixed_128_q0,fill_plus_queries,20000,94,203,307,40865,0,0
time,8,sorted_deque,mixed_128_q1,fill_plus_queries,20000,163,343,531,50178,0,0
time,8,sorted_deque,mixed_128_q4,fill_plus_queries,20000,362,515,4799,71426,0,0
time,8,sorted_deque,mixed_128_q16,fill_plus_queries,20000,1066,1550,28024,155539,0,0
time,8,sorted_deque,mixed_4096_q0,fill_plus_queries,4000,95,294,611,44500,0,0
time,8,sorted_deque,mixed_4096_q1,fill_plus_queries,4000,189,315,415,28593,0,0
time,8,sorted_deque,mixed_4096_q4,fill_plus_queries,4000,583,913,10087,53125,0,0
time,8,sorted_deque,mixed_4096_q16,fill_plus_queries,4000,1918,3334,39638,106966,0,0
time,8,sorted_deque,growth,new_order_price,20000,257,4690,12174,189642,0,0
time,8,sorted_deque,growth,first32_subset,32,308,656,656,6259,0,0
time,8,sorted_deque,growth,last_quarter_subset,5000,266,6155,8257,54094,0,0
time,8,sorted_deque,growth,every64_subset,313,5066,18584,37882,54094,0,0
time,8,sorted_deque,4096books_4near_2far,summary_random,20000,200,605,3942,123244,0,0
time,8,sorted_deque,prototype_4,intent_to_command,20000,180,223,293,50801,0,0
time,8,sorted_deque,prototype_4,queued_intent,20000,58,77,140,35633,0,0
time,8,sorted_deque,prototype_4,report_visible,20000,197,268,425,22984,0,0
time,8,sorted_deque,prototype_4,ready_to_command,20000,216,280,432,52670,0,0
time,8,sorted_deque,prototype_32,intent_to_command,20000,198,280,434,77423,0,0
time,8,sorted_deque,prototype_32,queued_intent,20000,57,80,144,108303,0,0
time,8,sorted_deque,prototype_32,report_visible,20000,214,317,546,28388,0,0
time,8,sorted_deque,prototype_32,ready_to_command,20000,230,320,4153,33434,0,0
time,8,sorted_deque,prototype_128,intent_to_command,20000,214,358,683,77757,0,0
time,8,sorted_deque,prototype_128,queued_intent,20000,56,80,133,94415,0,0
time,8,sorted_deque,prototype_128,report_visible,20000,237,400,1191,52079,0,0
time,8,sorted_deque,prototype_128,ready_to_command,20000,250,425,4625,87900,0,0
time,8,linear_orders,prices_4,summary_first,20000,46,106,201,3174,0,0
time,8,linear_orders,prices_4,summary_last,20000,47,72,96,15186,0,0
time,8,linear_orders,prices_4,summary_miss,20000,45,67,91,29328,0,0
time,8,linear_orders,prices_4,summary_random,20000,62,88,123,24462,0,0
time,8,linear_orders,prices_4,best,20000,40,59,85,5350,0,0
time,8,linear_orders,prices_4,sorted_range8,2000,126,172,501,31664,0,0
time,8,linear_orders,prices_4,orders_at,2000,63,84,1542,4897,0,0
time,8,linear_orders,prices_4,batch64_summary,2000,1897,4764,36286,84545,0,0
time,8,linear_orders,updates_4,index_fill_visible,20000,45,64,120,3129,0,0
time,8,linear_orders,updates_4,index_replace_submit,20000,45,66,251,22295,0,0
time,8,linear_orders,updates_4,index_replace_ack_visible,20000,45,63,78,30529,0,0
time,8,linear_orders,updates_4,index_cancel_submit,20000,45,63,81,13628,0,0
time,8,linear_orders,updates_4,index_terminal_visible,20000,50,67,92,13057,0,0
time,8,linear_orders,updates_4,index_reactivate,20000,46,68,165,358,0,0
time,8,linear_orders,prices_8,summary_first,20000,54,80,102,17149,0,0
time,8,linear_orders,prices_8,summary_last,20000,54,79,98,56957,0,0
time,8,linear_orders,prices_8,summary_miss,20000,54,74,94,62240,0,0
time,8,linear_orders,prices_8,summary_random,20000,68,95,134,14124,0,0
time,8,linear_orders,prices_8,best,20000,44,68,88,16660,0,0
time,8,linear_orders,prices_8,sorted_range8,2000,204,259,3182,10960,0,0
time,8,linear_orders,prices_8,orders_at,2000,60,74,94,2591,0,0
time,8,linear_orders,prices_8,batch64_summary,2000,2467,2819,13991,24829,0,0
time,8,linear_orders,updates_8,index_fill_visible,20000,45,64,166,3764,0,0
time,8,linear_orders,updates_8,index_replace_submit,20000,45,67,173,15402,0,0
time,8,linear_orders,updates_8,index_replace_ack_visible,20000,45,63,80,15471,0,0
time,8,linear_orders,updates_8,index_cancel_submit,20000,45,62,82,276,0,0
time,8,linear_orders,updates_8,index_terminal_visible,20000,50,66,97,21906,0,0
time,8,linear_orders,updates_8,index_reactivate,20000,46,64,114,16712,0,0
time,8,linear_orders,prices_16,summary_first,20000,62,125,166,14931,0,0
time,8,linear_orders,prices_16,summary_last,20000,63,121,177,25954,0,0
time,8,linear_orders,prices_16,summary_miss,20000,62,117,142,15267,0,0
time,8,linear_orders,prices_16,summary_random,20000,81,135,191,14026,0,0
time,8,linear_orders,prices_16,best,20000,49,83,201,17948,0,0
time,8,linear_orders,prices_16,sorted_range8,2000,538,766,4916,18575,0,0
time,8,linear_orders,prices_16,orders_at,2000,88,125,239,542,0,0
time,8,linear_orders,prices_16,batch64_summary,2000,3828,6828,23890,44819,0,0
time,8,linear_orders,updates_16,index_fill_visible,20000,45,48,70,12843,0,0
time,8,linear_orders,updates_16,index_replace_submit,20000,46,54,93,15226,0,0
time,8,linear_orders,updates_16,index_replace_ack_visible,20000,45,48,70,4119,0,0
time,8,linear_orders,updates_16,index_cancel_submit,20000,45,48,70,66988,0,0
time,8,linear_orders,updates_16,index_terminal_visible,20000,50,53,73,20278,0,0
time,8,linear_orders,updates_16,index_reactivate,20000,46,49,72,12606,0,0
time,8,linear_orders,prices_32,summary_first,20000,80,204,273,17320,0,0
time,8,linear_orders,prices_32,summary_last,20000,82,202,262,48009,0,0
time,8,linear_orders,prices_32,summary_miss,20000,79,195,264,16243,0,0
time,8,linear_orders,prices_32,summary_random,20000,109,221,304,44448,0,0
time,8,linear_orders,prices_32,best,20000,63,155,225,12648,0,0
time,8,linear_orders,prices_32,sorted_range8,2000,656,1135,15250,42709,0,0
time,8,linear_orders,prices_32,orders_at,2000,98,171,210,312,0,0
time,8,linear_orders,prices_32,batch64_summary,2000,5162,10508,25192,42310,0,0
time,8,linear_orders,updates_32,index_fill_visible,20000,45,64,107,34331,0,0
time,8,linear_orders,updates_32,index_replace_submit,20000,45,64,146,141370,0,0
time,8,linear_orders,updates_32,index_replace_ack_visible,20000,45,63,87,20517,0,0
time,8,linear_orders,updates_32,index_cancel_submit,20000,45,64,91,19130,0,0
time,8,linear_orders,updates_32,index_terminal_visible,20000,50,67,101,45647,0,0
time,8,linear_orders,updates_32,index_reactivate,20000,46,65,116,24778,0,0
time,8,linear_orders,prices_128,summary_first,20000,221,326,560,16129,0,0
time,8,linear_orders,prices_128,summary_last,20000,224,324,576,46291,0,0
time,8,linear_orders,prices_128,summary_miss,20000,226,330,3358,60689,0,0
time,8,linear_orders,prices_128,summary_random,20000,244,348,3050,18601,0,0
time,8,linear_orders,prices_128,best,20000,162,190,336,36884,0,0
time,8,linear_orders,prices_128,sorted_range8,2000,2705,5066,24276,35540,0,0
time,8,linear_orders,prices_128,orders_at,2000,228,445,566,22468,0,0
time,8,linear_orders,updates_128,index_fill_visible,20000,46,71,144,18080,0,0
time,8,linear_orders,updates_128,index_replace_submit,20000,47,71,198,15335,0,0
time,8,linear_orders,updates_128,index_replace_ack_visible,20000,46,72,199,17503,0,0
time,8,linear_orders,updates_128,index_cancel_submit,20000,46,69,147,17380,0,0
time,8,linear_orders,updates_128,index_terminal_visible,20000,51,78,203,31941,0,0
time,8,linear_orders,updates_128,index_reactivate,20000,47,71,103,3945,0,0
time,8,linear_orders,prices_1024,summary_first,4000,1724,3050,9198,33484,0,0
time,8,linear_orders,prices_1024,summary_last,4000,1688,3274,20865,23559,0,0
time,8,linear_orders,prices_1024,summary_miss,4000,1750,5035,17761,35513,0,0
time,8,linear_orders,prices_1024,summary_random,4000,1740,4923,15009,17089,0,0
time,8,linear_orders,prices_1024,best,4000,1144,1951,4955,24951,0,0
time,8,linear_orders,prices_1024,sorted_range8,2000,20170,39479,66545,215068,0,0
time,8,linear_orders,prices_1024,orders_at,2000,1507,2820,22243,51697,0,0
time,8,linear_orders,updates_1024,index_fill_visible,4000,45,68,144,163,0,0
time,8,linear_orders,updates_1024,index_replace_submit,4000,46,71,206,16486,0,0
time,8,linear_orders,updates_1024,index_replace_ack_visible,4000,45,69,97,152,0,0
time,8,linear_orders,updates_1024,index_cancel_submit,4000,46,68,164,4415,0,0
time,8,linear_orders,updates_1024,index_terminal_visible,4000,50,72,89,387,0,0
time,8,linear_orders,updates_1024,index_reactivate,4000,46,71,151,327,0,0
time,8,linear_orders,prices_4096,summary_first,4000,7160,21504,58574,120377,0,0
time,8,linear_orders,prices_4096,summary_last,4000,6950,24250,41121,90527,0,0
time,8,linear_orders,prices_4096,summary_miss,4000,7165,24737,44194,62770,0,0
time,8,linear_orders,prices_4096,summary_random,4000,6901,22714,42323,107207,0,0
time,8,linear_orders,prices_4096,best,4000,4464,13566,61108,451420,0,0
time,8,linear_orders,prices_4096,sorted_range8,2000,80798,180111,363357,1039438,0,0
time,8,linear_orders,prices_4096,orders_at,2000,6038,17124,52530,64800,0,0
time,8,linear_orders,updates_4096,index_fill_visible,4000,56,148,357,5225,0,0
time,8,linear_orders,updates_4096,index_replace_submit,4000,56,145,321,499,0,0
time,8,linear_orders,updates_4096,index_replace_ack_visible,4000,56,130,315,1397,0,0
time,8,linear_orders,updates_4096,index_cancel_submit,4000,56,101,169,626,0,0
time,8,linear_orders,updates_4096,index_terminal_visible,4000,61,107,179,587,0,0
time,8,linear_orders,updates_4096,index_reactivate,4000,58,128,201,19525,0,0
time,8,linear_orders,crowded_32,summary_first,4000,156,248,562,28068,0,0
time,8,linear_orders,crowded_32,summary_last,4000,157,271,417,7128,0,0
time,8,linear_orders,crowded_32,summary_miss,4000,125,183,268,24429,0,0
time,8,linear_orders,crowded_32,summary_random,4000,157,233,533,21527,0,0
time,8,linear_orders,crowded_32,best,4000,93,138,243,22335,0,0
time,8,linear_orders,crowded_32,sorted_range8,2000,267,353,548,46613,0,0
time,8,linear_orders,crowded_32,orders_at,2000,104,162,297,582,0,0
time,8,linear_orders,crowded_32,batch64_summary,2000,9351,25417,53811,65814,0,0
time,8,linear_orders,crowded_4096,summary_first,4000,12076,35477,62337,492997,0,0
time,8,linear_orders,crowded_4096,summary_last,4000,12094,35388,83911,105190,0,0
time,8,linear_orders,crowded_4096,summary_miss,4000,7202,22675,54684,439247,0,0
time,8,linear_orders,crowded_4096,summary_random,4000,12085,32202,90908,1405135,0,0
time,8,linear_orders,crowded_4096,best,4000,4527,14974,59624,395460,0,0
time,8,linear_orders,crowded_4096,sorted_range8,2000,20840,52883,105046,177412,0,0
time,8,linear_orders,crowded_4096,orders_at,2000,6897,18857,54731,137595,0,0
time,8,linear_orders,reprice_random_8,index_replace_submit,20000,59,179,379,42154,0,0
time,8,linear_orders,reprice_random_8,index_replace_ack_visible,20000,59,174,354,25588,0,0
time,8,linear_orders,reprice_random_32,index_replace_submit,20000,55,88,203,76197,0,0
time,8,linear_orders,reprice_random_32,index_replace_ack_visible,20000,54,88,208,33715,0,0
time,8,linear_orders,reprice_random_128,index_replace_submit,20000,57,93,190,21372,0,0
time,8,linear_orders,reprice_random_128,index_replace_ack_visible,20000,55,115,277,49277,0,0
time,8,linear_orders,reprice_random_1024,index_replace_submit,4000,62,129,317,46361,0,0
time,8,linear_orders,reprice_random_1024,index_replace_ack_visible,4000,60,153,326,405,0,0
time,8,linear_orders,reprice_random_4096,index_replace_submit,4000,60,153,334,451,0,0
time,8,linear_orders,reprice_random_4096,index_replace_ack_visible,4000,57,241,401,6755,0,0
time,8,linear_orders,mixed_4_q0,fill_plus_queries,20000,59,96,240,42563,0,0
time,8,linear_orders,mixed_4_q1,fill_plus_queries,20000,87,134,217,41457,0,0
time,8,linear_orders,mixed_4_q4,fill_plus_queries,20000,208,306,522,60143,0,0
time,8,linear_orders,mixed_4_q16,fill_plus_queries,20000,540,743,6259,87558,0,0
time,8,linear_orders,mixed_32_q0,fill_plus_queries,20000,45,60,109,23840,0,0
time,8,linear_orders,mixed_32_q1,fill_plus_queries,20000,115,193,335,35202,0,0
time,8,linear_orders,mixed_32_q4,fill_plus_queries,20000,347,567,3301,140511,0,0
time,8,linear_orders,mixed_32_q16,fill_plus_queries,20000,1240,1960,18258,4741697,0,0
time,8,linear_orders,mixed_128_q0,fill_plus_queries,20000,45,63,97,15299,0,0
time,8,linear_orders,mixed_128_q1,fill_plus_queries,20000,246,463,615,391398,0,0
time,8,linear_orders,mixed_128_q4,fill_plus_queries,20000,877,1504,12876,31232,0,0
time,8,linear_orders,mixed_128_q16,fill_plus_queries,20000,3393,8286,37424,700230,0,0
time,8,linear_orders,mixed_4096_q0,fill_plus_queries,4000,45,58,60,182,0,0
time,8,linear_orders,mixed_4096_q1,fill_plus_queries,4000,6609,18526,55384,223668,0,0
time,8,linear_orders,mixed_4096_q4,fill_plus_queries,4000,26707,58937,356785,1731837,0,0
time,8,linear_orders,mixed_4096_q16,fill_plus_queries,4000,115151,253766,458530,2102508,0,0
time,8,linear_orders,growth,new_order_price,20000,107,1860,3538,102040,0,0
time,8,linear_orders,growth,first32_subset,32,126,691,691,6517,0,0
time,8,linear_orders,growth,last_quarter_subset,5000,105,1464,3498,102040,0,0
time,8,linear_orders,growth,every64_subset,313,2365,20706,44644,102040,0,0
time,8,linear_orders,4096books_4near_2far,summary_random,20000,237,559,1519,51761,0,0
time,8,linear_orders,prototype_4,intent_to_command,20000,78,106,165,32378,0,0
time,8,linear_orders,prototype_4,queued_intent,20000,58,69,190,112938,0,0
time,8,linear_orders,prototype_4,report_visible,20000,85,134,271,20262,0,0
time,8,linear_orders,prototype_4,ready_to_command,20000,102,145,252,6128,0,0
time,8,linear_orders,prototype_32,intent_to_command,20000,79,120,160,66487,0,0
time,8,linear_orders,prototype_32,queued_intent,20000,58,73,130,39500,0,0
time,8,linear_orders,prototype_32,report_visible,20000,86,131,227,33313,0,0
time,8,linear_orders,prototype_32,ready_to_command,20000,104,157,213,37837,0,0
time,8,linear_orders,prototype_128,intent_to_command,20000,79,120,165,28984,0,0
time,8,linear_orders,prototype_128,queued_intent,20000,58,74,112,5621,0,0
time,8,linear_orders,prototype_128,report_visible,20000,87,134,197,38531,0,0
time,8,linear_orders,prototype_128,ready_to_command,20000,104,157,215,21092,0,0
time,9,linear_orders,prices_4,summary_first,20000,46,71,106,26726,0,0
time,9,linear_orders,prices_4,summary_last,20000,47,72,103,13528,0,0
time,9,linear_orders,prices_4,summary_miss,20000,45,66,94,12739,0,0
time,9,linear_orders,prices_4,summary_random,20000,62,87,131,129000,0,0
time,9,linear_orders,prices_4,best,20000,40,57,84,15577,0,0
time,9,linear_orders,prices_4,sorted_range8,2000,92,175,227,428,0,0
time,9,linear_orders,prices_4,orders_at,2000,54,80,103,170,0,0
time,9,linear_orders,prices_4,batch64_summary,2000,1906,2454,24900,58171,0,0
time,9,linear_orders,updates_4,index_fill_visible,20000,46,62,77,12422,0,0
time,9,linear_orders,updates_4,index_replace_submit,20000,46,64,101,10936,0,0
time,9,linear_orders,updates_4,index_replace_ack_visible,20000,46,62,85,20676,0,0
time,9,linear_orders,updates_4,index_cancel_submit,20000,46,60,77,15545,0,0
time,9,linear_orders,updates_4,index_terminal_visible,20000,50,67,123,3822,0,0
time,9,linear_orders,updates_4,index_reactivate,20000,46,63,80,13047,0,0
time,9,linear_orders,prices_8,summary_first,20000,54,82,143,15453,0,0
time,9,linear_orders,prices_8,summary_last,20000,54,83,126,1781016,0,0
time,9,linear_orders,prices_8,summary_miss,20000,54,80,153,21359,0,0
time,9,linear_orders,prices_8,summary_random,20000,68,97,236,18440,0,0
time,9,linear_orders,prices_8,best,20000,44,64,120,13490,0,0
time,9,linear_orders,prices_8,sorted_range8,2000,202,400,3281,14797,0,0
time,9,linear_orders,prices_8,orders_at,2000,61,93,176,242,0,0
time,9,linear_orders,prices_8,batch64_summary,2000,2480,3417,16668,123842,0,0
time,9,linear_orders,updates_8,index_fill_visible,20000,45,58,71,20352,0,0
time,9,linear_orders,updates_8,index_replace_submit,20000,46,61,89,13228,0,0
time,9,linear_orders,updates_8,index_replace_ack_visible,20000,46,59,73,19796,0,0
time,9,linear_orders,updates_8,index_cancel_submit,20000,46,59,73,11181,0,0
time,9,linear_orders,updates_8,index_terminal_visible,20000,50,63,80,18307,0,0
time,9,linear_orders,updates_8,index_reactivate,20000,46,62,75,12063,0,0
time,9,linear_orders,prices_16,summary_first,20000,62,95,134,62872,0,0
time,9,linear_orders,prices_16,summary_last,20000,63,95,132,17061,0,0
time,9,linear_orders,prices_16,summary_miss,20000,62,93,126,3656,0,0
time,9,linear_orders,prices_16,summary_random,20000,80,114,160,13703,0,0
time,9,linear_orders,prices_16,best,20000,49,73,102,14938,0,0
time,9,linear_orders,prices_16,sorted_range8,2000,360,427,4754,33307,0,0
time,9,linear_orders,prices_16,orders_at,2000,71,96,196,12382,0,0
time,9,linear_orders,prices_16,batch64_summary,2000,3905,7458,38018,81069,0,0
time,9,linear_orders,updates_16,index_fill_visible,20000,45,62,91,27659,0,0
time,9,linear_orders,updates_16,index_replace_submit,20000,46,63,99,12273,0,0
time,9,linear_orders,updates_16,index_replace_ack_visible,20000,46,62,88,14692,0,0
time,9,linear_orders,updates_16,index_cancel_submit,20000,46,61,98,119208,0,0
time,9,linear_orders,updates_16,index_terminal_visible,20000,50,65,98,3766,0,0
time,9,linear_orders,updates_16,index_reactivate,20000,46,64,100,16951,0,0
time,9,linear_orders,prices_32,summary_first,20000,80,167,238,34057,0,0
time,9,linear_orders,prices_32,summary_last,20000,80,161,228,30016,0,0
time,9,linear_orders,prices_32,summary_miss,20000,79,159,230,26484,0,0
time,9,linear_orders,prices_32,summary_random,20000,108,189,281,20328,0,0
time,9,linear_orders,prices_32,best,20000,63,115,160,45374,0,0
time,9,linear_orders,prices_32,sorted_range8,2000,654,812,12569,23694,0,0
time,9,linear_orders,prices_32,orders_at,2000,97,156,250,38002,0,0
time,9,linear_orders,prices_32,batch64_summary,2000,5268,18124,50515,99329,0,0
time,9,linear_orders,updates_32,index_fill_visible,20000,45,59,84,15357,0,0
time,9,linear_orders,updates_32,index_replace_submit,20000,46,61,130,41466,0,0
time,9,linear_orders,updates_32,index_replace_ack_visible,20000,46,59,77,11052,0,0
time,9,linear_orders,updates_32,index_cancel_submit,20000,46,60,81,18358,0,0
time,9,linear_orders,updates_32,index_terminal_visible,20000,50,67,102,25882,0,0
time,9,linear_orders,updates_32,index_reactivate,20000,46,60,81,23558,0,0
time,9,linear_orders,prices_128,summary_first,20000,224,425,3073,53169,0,0
time,9,linear_orders,prices_128,summary_last,20000,225,424,594,38511,0,0
time,9,linear_orders,prices_128,summary_miss,20000,227,416,3239,235085,0,0
time,9,linear_orders,prices_128,summary_random,20000,251,444,771,147274,0,0
time,9,linear_orders,prices_128,best,20000,162,276,406,791490,0,0
time,9,linear_orders,prices_128,sorted_range8,2000,2702,8633,125641,866294,0,0
time,9,linear_orders,prices_128,orders_at,2000,229,479,4647,38488,0,0
time,9,linear_orders,updates_128,index_fill_visible,20000,46,104,18468,76228,0,0
time,9,linear_orders,updates_128,index_replace_submit,20000,46,86,19547,266722,0,0
time,9,linear_orders,updates_128,index_replace_ack_visible,20000,46,101,30979,281206,0,0
time,9,linear_orders,updates_128,index_cancel_submit,20000,46,100,18954,53513,0,0
time,9,linear_orders,updates_128,index_terminal_visible,20000,50,104,19828,72884,0,0
time,9,linear_orders,updates_128,index_reactivate,20000,46,103,26132,121943,0,0
time,9,linear_orders,prices_1024,summary_first,4000,1733,3537,21097,618372,0,0
time,9,linear_orders,prices_1024,summary_last,4000,1698,3541,23083,63570,0,0
time,9,linear_orders,prices_1024,summary_miss,4000,1740,4352,36870,138861,0,0
time,9,linear_orders,prices_1024,summary_random,4000,1733,3408,20990,45162,0,0
time,9,linear_orders,prices_1024,best,4000,1131,2099,17856,57607,0,0
time,9,linear_orders,prices_1024,sorted_range8,2000,20184,58695,150392,167811,0,0
time,9,linear_orders,prices_1024,orders_at,2000,1511,3181,128684,373452,0,0
time,9,linear_orders,updates_1024,index_fill_visible,4000,45,62,107,14674,0,0
time,9,linear_orders,updates_1024,index_replace_submit,4000,46,75,247,3930,0,0
time,9,linear_orders,updates_1024,index_replace_ack_visible,4000,45,63,84,131,0,0
time,9,linear_orders,updates_1024,index_cancel_submit,4000,46,65,123,5786,0,0
time,9,linear_orders,updates_1024,index_terminal_visible,4000,50,72,155,3240,0,0
time,9,linear_orders,updates_1024,index_reactivate,4000,46,65,167,25120,0,0
time,9,linear_orders,prices_4096,summary_first,4000,8600,30146,86681,130113,0,0
time,9,linear_orders,prices_4096,summary_last,4000,8571,31366,108820,3480123,0,0
time,9,linear_orders,prices_4096,summary_miss,4000,8567,25730,68849,294814,0,0
time,9,linear_orders,prices_4096,summary_random,4000,8190,26149,55282,2105890,0,0
time,9,linear_orders,prices_4096,best,4000,4619,16041,46730,57508,0,0
time,9,linear_orders,prices_4096,sorted_range8,2000,89928,217100,1436153,4723939,0,0
time,9,linear_orders,prices_4096,orders_at,2000,8066,35910,70981,141017,0,0
time,9,linear_orders,updates_4096,index_fill_visible,4000,45,58,99,3117,0,0
time,9,linear_orders,updates_4096,index_replace_submit,4000,46,60,151,202,0,0
time,9,linear_orders,updates_4096,index_replace_ack_visible,4000,45,58,70,13943,0,0
time,9,linear_orders,updates_4096,index_cancel_submit,4000,46,58,72,165,0,0
time,9,linear_orders,updates_4096,index_terminal_visible,4000,50,63,78,228,0,0
time,9,linear_orders,updates_4096,index_reactivate,4000,46,59,67,3835,0,0
time,9,linear_orders,crowded_32,summary_first,4000,114,192,248,3632,0,0
time,9,linear_orders,crowded_32,summary_last,4000,114,180,248,16445,0,0
time,9,linear_orders,crowded_32,summary_miss,4000,85,154,197,17063,0,0
time,9,linear_orders,crowded_32,summary_random,4000,115,171,268,32992,0,0
time,9,linear_orders,crowded_32,best,4000,63,104,123,196,0,0
time,9,linear_orders,crowded_32,sorted_range8,2000,181,378,4779,50206,0,0
time,9,linear_orders,crowded_32,orders_at,2000,74,151,240,60000,0,0
time,9,linear_orders,crowded_32,batch64_summary,2000,5286,10738,39588,193240,0,0
time,9,linear_orders,crowded_4096,summary_first,4000,12034,29258,67117,191617,0,0
time,9,linear_orders,crowded_4096,summary_last,4000,12040,29997,181924,1546607,0,0
time,9,linear_orders,crowded_4096,summary_miss,4000,6996,21281,47315,188258,0,0
time,9,linear_orders,crowded_4096,summary_random,4000,12037,31325,58985,233729,0,0
time,9,linear_orders,crowded_4096,best,4000,4485,12856,37427,602640,0,0
time,9,linear_orders,crowded_4096,sorted_range8,2000,18473,39562,106489,195714,0,0
time,9,linear_orders,crowded_4096,orders_at,2000,6865,20391,44870,145530,0,0
time,9,linear_orders,reprice_random_8,index_replace_submit,20000,46,142,303,17594,0,0
time,9,linear_orders,reprice_random_8,index_replace_ack_visible,20000,46,76,184,18467,0,0
time,9,linear_orders,reprice_random_32,index_replace_submit,20000,45,58,70,42751,0,0
time,9,linear_orders,reprice_random_32,index_replace_ack_visible,20000,45,57,71,281,0,0
time,9,linear_orders,reprice_random_128,index_replace_submit,20000,46,64,80,10924,0,0
time,9,linear_orders,reprice_random_128,index_replace_ack_visible,20000,45,63,80,6827,0,0
time,9,linear_orders,reprice_random_1024,index_replace_submit,4000,47,71,141,2348972,0,0
time,9,linear_orders,reprice_random_1024,index_replace_ack_visible,4000,45,64,81,995,0,0
time,9,linear_orders,reprice_random_4096,index_replace_submit,4000,47,114,288,968,0,0
time,9,linear_orders,reprice_random_4096,index_replace_ack_visible,4000,45,70,254,21280,0,0
time,9,linear_orders,mixed_4_q0,fill_plus_queries,20000,46,102,236,447183,0,0
time,9,linear_orders,mixed_4_q1,fill_plus_queries,20000,74,96,133,37298,0,0
time,9,linear_orders,mixed_4_q4,fill_plus_queries,20000,174,249,455,104609,0,0
time,9,linear_orders,mixed_4_q16,fill_plus_queries,20000,528,709,4925,336121,0,0
time,9,linear_orders,mixed_32_q0,fill_plus_queries,20000,46,59,72,19795,0,0
time,9,linear_orders,mixed_32_q1,fill_plus_queries,20000,116,167,265,15396,0,0
time,9,linear_orders,mixed_32_q4,fill_plus_queries,20000,360,624,3757,23786,0,0
time,9,linear_orders,mixed_32_q16,fill_plus_queries,20000,1252,2199,15090,163171,0,0
time,9,linear_orders,mixed_128_q0,fill_plus_queries,20000,45,66,80,15685,0,0
time,9,linear_orders,mixed_128_q1,fill_plus_queries,20000,246,498,3342,135273,0,0
time,9,linear_orders,mixed_128_q4,fill_plus_queries,20000,881,2402,14873,131519,0,0
time,9,linear_orders,mixed_128_q16,fill_plus_queries,20000,3373,7935,32596,162698,0,0
time,9,linear_orders,mixed_4096_q0,fill_plus_queries,4000,45,58,130,3292,0,0
time,9,linear_orders,mixed_4096_q1,fill_plus_queries,4000,6689,21031,53432,127260,0,0
time,9,linear_orders,mixed_4096_q4,fill_plus_queries,4000,27281,73920,633110,2007462,0,0
time,9,linear_orders,mixed_4096_q16,fill_plus_queries,4000,114640,239901,556539,1495263,0,0
time,9,linear_orders,growth,new_order_price,20000,86,1129,3278,73855,0,0
time,9,linear_orders,growth,first32_subset,32,133,723,723,4651,0,0
time,9,linear_orders,growth,last_quarter_subset,5000,88,873,3280,73855,0,0
time,9,linear_orders,growth,every64_subset,313,1927,4651,35403,73855,0,0
time,9,linear_orders,4096books_4near_2far,summary_random,20000,170,433,595,44072,0,0
time,9,linear_orders,prototype_4,intent_to_command,20000,61,63,83,24700,0,0
time,9,linear_orders,prototype_4,queued_intent,20000,46,47,55,18886,0,0
time,9,linear_orders,prototype_4,report_visible,20000,62,65,151,13348,0,0
time,9,linear_orders,prototype_4,ready_to_command,20000,71,99,132,229,0,0
time,9,linear_orders,prototype_32,intent_to_command,20000,61,77,104,12986,0,0
time,9,linear_orders,prototype_32,queued_intent,20000,46,55,64,17235,0,0
time,9,linear_orders,prototype_32,report_visible,20000,62,84,159,13002,0,0
time,9,linear_orders,prototype_32,ready_to_command,20000,70,100,164,30966,0,0
time,9,linear_orders,prototype_128,intent_to_command,20000,61,70,85,3399,0,0
time,9,linear_orders,prototype_128,queued_intent,20000,46,48,62,12707,0,0
time,9,linear_orders,prototype_128,report_visible,20000,63,72,149,3506,0,0
time,9,linear_orders,prototype_128,ready_to_command,20000,70,100,136,11909,0,0
time,9,linear_prices,prices_4,summary_first,20000,46,74,104,20103,0,0
time,9,linear_prices,prices_4,summary_last,20000,45,75,126,15686,0,0
time,9,linear_prices,prices_4,summary_miss,20000,39,72,110,56461,0,0
time,9,linear_prices,prices_4,summary_random,20000,55,94,167,45174,0,0
time,9,linear_prices,prices_4,best,20000,34,73,82,14392,0,0
time,9,linear_prices,prices_4,sorted_range8,2000,63,101,206,243,0,0
time,9,linear_prices,prices_4,orders_at,2000,48,64,96,3138,0,0
time,9,linear_prices,prices_4,batch64_summary,2000,1380,1702,5691,19532,0,0
time,9,linear_prices,updates_4,index_fill_visible,20000,66,109,193,17096,0,0
time,9,linear_prices,updates_4,index_replace_submit,20000,89,131,205,24460,0,0
time,9,linear_prices,updates_4,index_replace_ack_visible,20000,123,166,252,18865,0,0
time,9,linear_prices,updates_4,index_cancel_submit,20000,66,91,135,41874,0,0
time,9,linear_prices,updates_4,index_terminal_visible,20000,87,116,190,7204,0,0
time,9,linear_prices,updates_4,index_reactivate,20000,107,133,217,18017,0,0
time,9,linear_prices,prices_8,summary_first,20000,45,52,63,17678,0,0
time,9,linear_prices,prices_8,summary_last,20000,44,54,69,12917,0,0
time,9,linear_prices,prices_8,summary_miss,20000,42,49,63,349,0,0
time,9,linear_prices,prices_8,summary_random,20000,56,71,94,23244,0,0
time,9,linear_prices,prices_8,best,20000,34,48,58,36400,0,0
time,9,linear_prices,prices_8,sorted_range8,2000,116,190,437,5239,0,0
time,9,linear_prices,prices_8,orders_at,2000,48,64,84,110,0,0
time,9,linear_prices,prices_8,batch64_summary,2000,1570,1737,14765,15446,0,0
time,9,linear_prices,updates_8,index_fill_visible,20000,66,90,181,47379,0,0
time,9,linear_prices,updates_8,index_replace_submit,20000,90,131,172,6320,0,0
time,9,linear_prices,updates_8,index_replace_ack_visible,20000,132,174,241,21483,0,0
time,9,linear_prices,updates_8,index_cancel_submit,20000,66,88,120,13158,0,0
time,9,linear_prices,updates_8,index_terminal_visible,20000,96,123,173,50828,0,0
time,9,linear_prices,updates_8,index_reactivate,20000,108,134,186,18733,0,0
time,9,linear_prices,prices_16,summary_first,20000,45,53,74,189,0,0
time,9,linear_prices,prices_16,summary_last,20000,50,59,77,11726,0,0
time,9,linear_prices,prices_16,summary_miss,20000,48,55,75,22072,0,0
time,9,linear_prices,prices_16,summary_random,20000,57,80,101,146194,0,0
time,9,linear_prices,prices_16,best,20000,34,44,62,101103,0,0
time,9,linear_prices,prices_16,sorted_range8,2000,193,217,337,712,0,0
time,9,linear_prices,prices_16,orders_at,2000,59,75,102,3047,0,0
time,9,linear_prices,prices_16,batch64_summary,2000,1803,2143,16540,25576,0,0
time,9,linear_prices,updates_16,index_fill_visible,20000,66,99,322,19394,0,0
time,9,linear_prices,updates_16,index_replace_submit,20000,95,152,220,3621,0,0
time,9,linear_prices,updates_16,index_replace_ack_visible,20000,160,218,2848,23670,0,0
time,9,linear_prices,updates_16,index_cancel_submit,20000,66,95,131,31882,0,0
time,9,linear_prices,updates_16,index_terminal_visible,20000,114,153,287,17149,0,0
time,9,linear_prices,updates_16,index_reactivate,20000,120,170,251,52471,0,0
time,9,linear_prices,prices_32,summary_first,20000,45,47,61,11862,0,0
time,9,linear_prices,prices_32,summary_last,20000,60,68,87,15770,0,0
time,9,linear_prices,prices_32,summary_miss,20000,59,61,85,32648,0,0
time,9,linear_prices,prices_32,summary_random,20000,63,82,96,3438,0,0
time,9,linear_prices,prices_32,best,20000,34,42,57,11768,0,0
time,9,linear_prices,prices_32,sorted_range8,2000,348,352,972,12897,0,0
time,9,linear_prices,prices_32,orders_at,2000,64,83,104,134,0,0
time,9,linear_prices,prices_32,batch64_summary,2000,2214,2531,22209,1787157,0,0
time,9,linear_prices,updates_32,index_fill_visible,20000,67,155,276,49463,0,0
time,9,linear_prices,updates_32,index_replace_submit,20000,103,206,354,12036,0,0
time,9,linear_prices,updates_32,index_replace_ack_visible,20000,205,324,3501,3083607,0,0
time,9,linear_prices,updates_32,index_cancel_submit,20000,67,120,235,33017,0,0
time,9,linear_prices,updates_32,index_terminal_visible,20000,149,235,395,23752,0,0
time,9,linear_prices,updates_32,index_reactivate,20000,132,229,401,1982620,0,0
time,9,linear_prices,prices_128,summary_first,20000,46,78,144,32131,0,0
time,9,linear_prices,prices_128,summary_last,20000,90,160,328,41404,0,0
time,9,linear_prices,prices_128,summary_miss,20000,84,157,312,39221,0,0
time,9,linear_prices,prices_128,summary_random,20000,89,155,272,29790,0,0
time,9,linear_prices,prices_128,best,20000,34,74,84,12703,0,0
time,9,linear_prices,prices_128,sorted_range8,2000,1275,2387,27064,145072,0,0
time,9,linear_prices,prices_128,orders_at,2000,85,150,238,3781,0,0
time,9,linear_prices,updates_128,index_fill_visible,20000,71,152,387,23730,0,0
time,9,linear_prices,updates_128,index_replace_submit,20000,166,337,3362,46496,0,0
time,9,linear_prices,updates_128,index_replace_ack_visible,20000,448,637,4730,28869,0,0
time,9,linear_prices,updates_128,index_cancel_submit,20000,66,118,221,19195,0,0
time,9,linear_prices,updates_128,index_terminal_visible,20000,375,489,12516,40622,0,0
time,9,linear_prices,updates_128,index_reactivate,20000,246,444,2072,41345,0,0
time,9,linear_prices,prices_1024,summary_first,4000,46,133,3168,291244,0,0
time,9,linear_prices,prices_1024,summary_last,4000,426,3375,7522,36242,0,0
time,9,linear_prices,prices_1024,summary_miss,4000,424,3408,8317,18543,0,0
time,9,linear_prices,prices_1024,summary_random,4000,296,3251,4531,18974,0,0
time,9,linear_prices,prices_1024,best,4000,34,80,2547,3022,0,0
time,9,linear_prices,prices_1024,sorted_range8,2000,13006,39232,154831,8494011,0,0
time,9,linear_prices,prices_1024,orders_at,2000,380,3432,4495,39455,0,0
time,9,linear_prices,updates_1024,index_fill_visible,4000,74,260,402,3319,0,0
time,9,linear_prices,updates_1024,index_replace_submit,4000,832,1596,16428,83473,0,0
time,9,linear_prices,updates_1024,index_replace_ack_visible,4000,2628,6250,21417,63165,0,0
time,9,linear_prices,updates_1024,index_cancel_submit,4000,67,176,295,21100,0,0
time,9,linear_prices,updates_1024,index_terminal_visible,4000,2387,3085,24550,57444,0,0
time,9,linear_prices,updates_1024,index_reactivate,4000,1205,2297,24430,54605,0,0
time,9,linear_prices,prices_4096,summary_first,4000,57,77,113,389,0,0
time,9,linear_prices,prices_4096,summary_last,4000,1504,2778,25290,67905,0,0
time,9,linear_prices,prices_4096,summary_miss,4000,1513,2896,20788,38813,0,0
time,9,linear_prices,prices_4096,summary_random,4000,926,2202,5706,51136,0,0
time,9,linear_prices,prices_4096,best,4000,46,58,90,107,0,0
time,9,linear_prices,prices_4096,sorted_range8,2000,39865,73154,116622,195505,0,0
time,9,linear_prices,prices_4096,orders_at,2000,969,2180,16184,19700,0,0
time,9,linear_prices,updates_4096,index_fill_visible,4000,85,453,2946,14441,0,0
time,9,linear_prices,updates_4096,index_replace_submit,4000,2999,5946,22423,34128,0,0
time,9,linear_prices,updates_4096,index_replace_ack_visible,4000,10146,23314,33973,1453904,0,0
time,9,linear_prices,updates_4096,index_cancel_submit,4000,88,177,698,18536,0,0
time,9,linear_prices,updates_4096,index_terminal_visible,4000,9295,22066,40178,85336,0,0
time,9,linear_prices,updates_4096,index_reactivate,4000,4496,8370,27531,2148534,0,0
time,9,linear_prices,crowded_32,summary_first,4000,45,47,52,215,0,0
time,9,linear_prices,crowded_32,summary_last,4000,45,47,57,86,0,0
time,9,linear_prices,crowded_32,summary_miss,4000,38,40,52,130,0,0
time,9,linear_prices,crowded_32,summary_random,4000,47,49,55,73,0,0
time,9,linear_prices,crowded_32,best,4000,34,36,48,51,0,0
time,9,linear_prices,crowded_32,sorted_range8,2000,41,43,64,228,0,0
time,9,linear_prices,crowded_32,orders_at,2000,187,195,235,245,0,0
time,9,linear_prices,crowded_32,batch64_summary,2000,425,560,788,13611,0,0
time,9,linear_prices,crowded_4096,summary_first,4000,70,135,188,3353,0,0
time,9,linear_prices,crowded_4096,summary_last,4000,46,67,78,112,0,0
time,9,linear_prices,crowded_4096,summary_miss,4000,38,58,80,22669,0,0
time,9,linear_prices,crowded_4096,summary_random,4000,47,55,78,3222,0,0
time,9,linear_prices,crowded_4096,best,4000,34,57,74,84,0,0
time,9,linear_prices,crowded_4096,sorted_range8,2000,41,70,87,106,0,0
time,9,linear_prices,crowded_4096,orders_at,2000,24269,42173,63148,81837,0,0
time,9,linear_prices,reprice_random_8,index_replace_submit,20000,90,112,148,14228,0,0
time,9,linear_prices,reprice_random_8,index_replace_ack_visible,20000,131,166,342,13786,0,0
time,9,linear_prices,reprice_random_32,index_replace_submit,20000,100,161,223,13756,0,0
time,9,linear_prices,reprice_random_32,index_replace_ack_visible,20000,197,254,350,18149,0,0
time,9,linear_prices,reprice_random_128,index_replace_submit,20000,167,304,421,24039,0,0
time,9,linear_prices,reprice_random_128,index_replace_ack_visible,20000,436,579,3620,35336,0,0
time,9,linear_prices,reprice_random_1024,index_replace_submit,4000,823,969,13815,22400,0,0
time,9,linear_prices,reprice_random_1024,index_replace_ack_visible,4000,2613,3248,19029,59684,0,0
time,9,linear_prices,reprice_random_4096,index_replace_submit,4000,3078,5531,22451,52482,0,0
time,9,linear_prices,reprice_random_4096,index_replace_ack_visible,4000,10135,23203,31536,45151,0,0
time,9,linear_prices,mixed_4_q0,fill_plus_queries,20000,67,92,145,22940,0,0
time,9,linear_prices,mixed_4_q1,fill_plus_queries,20000,84,109,153,15332,0,0
time,9,linear_prices,mixed_4_q4,fill_plus_queries,20000,148,226,362,20052,0,0
time,9,linear_prices,mixed_4_q16,fill_plus_queries,20000,394,526,3583,33655,0,0
time,9,linear_prices,mixed_32_q0,fill_plus_queries,20000,67,83,85,15680,0,0
time,9,linear_prices,mixed_32_q1,fill_plus_queries,20000,90,118,140,13777,0,0
time,9,linear_prices,mixed_32_q4,fill_plus_queries,20000,192,235,271,25523,0,0
time,9,linear_prices,mixed_32_q16,fill_plus_queries,20000,569,724,4607,42422,0,0
time,9,linear_prices,mixed_128_q0,fill_plus_queries,20000,67,99,120,13882,0,0
time,9,linear_prices,mixed_128_q1,fill_plus_queries,20000,115,153,229,23256,0,0
time,9,linear_prices,mixed_128_q4,fill_plus_queries,20000,279,360,541,30316,0,0
time,9,linear_prices,mixed_128_q16,fill_plus_queries,20000,912,1194,12738,35569,0,0
time,9,linear_prices,mixed_4096_q0,fill_plus_queries,4000,68,211,342,453,0,0
time,9,linear_prices,mixed_4096_q1,fill_plus_queries,4000,1022,1949,12781,19715,0,0
time,9,linear_prices,mixed_4096_q4,fill_plus_queries,4000,3767,7917,26333,41731,0,0
time,9,linear_prices,mixed_4096_q16,fill_plus_queries,4000,14780,30785,42451,61878,0,0
time,9,linear_prices,growth,new_order_price,20000,10988,29102,42900,184499,0,0
time,9,linear_prices,growth,first32_subset,32,232,1050,1050,6403,0,0
time,9,linear_prices,growth,last_quarter_subset,5000,18828,34408,46562,184499,0,0
time,9,linear_prices,growth,every64_subset,313,16881,35056,84565,174487,0,0
time,9,linear_prices,4096books_4near_2far,summary_random,20000,119,640,901,72425,0,0
time,9,linear_prices,prototype_4,intent_to_command,20000,102,155,349,25052,0,0
time,9,linear_prices,prototype_4,queued_intent,20000,46,57,118,18234,0,0
time,9,linear_prices,prototype_4,report_visible,20000,133,233,389,33896,0,0
time,9,linear_prices,prototype_4,ready_to_command,20000,112,211,383,16486,0,0
time,9,linear_prices,prototype_32,intent_to_command,20000,114,204,348,113964,0,0
time,9,linear_prices,prototype_32,queued_intent,20000,46,59,91,13022,0,0
time,9,linear_prices,prototype_32,report_visible,20000,220,344,552,133907,0,0
time,9,linear_prices,prototype_32,ready_to_command,20000,124,242,369,55114,0,0
time,9,linear_prices,prototype_128,intent_to_command,20000,186,337,479,322637,0,0
time,9,linear_prices,prototype_128,queued_intent,20000,46,64,103,59483,0,0
time,9,linear_prices,prototype_128,report_visible,20000,470,637,5663,193812,0,0
time,9,linear_prices,prototype_128,ready_to_command,20000,204,374,543,20373,0,0
time,9,absl_btree,prices_4,summary_first,20000,46,52,62,21290,0,0
time,9,absl_btree,prices_4,summary_last,20000,45,53,63,196,0,0
time,9,absl_btree,prices_4,summary_miss,20000,40,42,59,13538,0,0
time,9,absl_btree,prices_4,summary_random,20000,58,72,86,3929,0,0
time,9,absl_btree,prices_4,best,20000,34,49,57,12448,0,0
time,9,absl_btree,prices_4,sorted_range8,2000,48,51,77,4025,0,0
time,9,absl_btree,prices_4,orders_at,2000,48,56,95,169,0,0
time,9,absl_btree,prices_4,batch64_summary,2000,1577,1745,13957,14908,0,0
time,9,absl_btree,updates_4,index_fill_visible,20000,67,145,299,398650,0,0
time,9,absl_btree,updates_4,index_replace_submit,20000,112,156,251,28475,0,0
time,9,absl_btree,updates_4,index_replace_ack_visible,20000,144,206,323,79954,0,0
time,9,absl_btree,updates_4,index_cancel_submit,20000,67,88,165,19513,0,0
time,9,absl_btree,updates_4,index_terminal_visible,20000,109,160,245,18736,0,0
time,9,absl_btree,updates_4,index_reactivate,20000,124,181,342,25483,0,0
time,9,absl_btree,prices_8,summary_first,20000,46,57,80,21926,0,0
time,9,absl_btree,prices_8,summary_last,20000,47,60,85,24853,0,0
time,9,absl_btree,prices_8,summary_miss,20000,40,51,71,41086,0,0
time,9,absl_btree,prices_8,summary_random,20000,60,81,110,15057,0,0
time,9,absl_btree,prices_8,best,20000,34,50,71,7348,0,0
time,9,absl_btree,prices_8,sorted_range8,2000,58,60,74,193,0,0
time,9,absl_btree,prices_8,orders_at,2000,48,60,87,118,0,0
time,9,absl_btree,prices_8,batch64_summary,2000,1793,2251,15758,26740,0,0
time,9,absl_btree,updates_8,index_fill_visible,20000,67,120,222,90251,0,0
time,9,absl_btree,updates_8,index_replace_submit,20000,112,198,379,25370,0,0
time,9,absl_btree,updates_8,index_replace_ack_visible,20000,150,260,466,42210,0,0
time,9,absl_btree,updates_8,index_cancel_submit,20000,67,105,177,28494,0,0
time,9,absl_btree,updates_8,index_terminal_visible,20000,113,200,271,63015,0,0
time,9,absl_btree,updates_8,index_reactivate,20000,127,205,369,24625,0,0
time,9,absl_btree,prices_16,summary_first,20000,48,51,62,11487,0,0
time,9,absl_btree,prices_16,summary_last,20000,50,59,68,15752,0,0
time,9,absl_btree,prices_16,summary_miss,20000,42,45,60,19101,0,0
time,9,absl_btree,prices_16,summary_random,20000,65,87,105,17549,0,0
time,9,absl_btree,prices_16,best,20000,34,42,50,222,0,0
time,9,absl_btree,prices_16,sorted_range8,2000,59,62,77,242,0,0
time,9,absl_btree,prices_16,orders_at,2000,52,81,127,13220,0,0
time,9,absl_btree,prices_16,batch64_summary,2000,2326,3008,49426,62717,0,0
time,9,absl_btree,updates_16,index_fill_visible,20000,67,103,206,19559,0,0
time,9,absl_btree,updates_16,index_replace_submit,20000,119,206,314,27080,0,0
time,9,absl_btree,updates_16,index_replace_ack_visible,20000,157,258,376,17189,0,0
time,9,absl_btree,updates_16,index_cancel_submit,20000,67,98,176,18247,0,0
time,9,absl_btree,updates_16,index_terminal_visible,20000,119,204,377,34940,0,0
time,9,absl_btree,updates_16,index_reactivate,20000,134,215,326,52713,0,0
time,9,absl_btree,prices_32,summary_first,20000,48,52,72,15778,0,0
time,9,absl_btree,prices_32,summary_last,20000,52,61,91,25652,0,0
time,9,absl_btree,prices_32,summary_miss,20000,42,45,63,13748,0,0
time,9,absl_btree,prices_32,summary_random,20000,72,95,178,13900,0,0
time,9,absl_btree,prices_32,best,20000,34,44,57,53896,0,0
time,9,absl_btree,prices_32,sorted_range8,2000,59,64,208,262,0,0
time,9,absl_btree,prices_32,orders_at,2000,52,90,164,243,0,0
time,9,absl_btree,prices_32,batch64_summary,2000,2534,3110,23710,57260,0,0
time,9,absl_btree,updates_32,index_fill_visible,20000,67,105,190,5720,0,0
time,9,absl_btree,updates_32,index_replace_submit,20000,139,255,432,24707,0,0
time,9,absl_btree,updates_32,index_replace_ack_visible,20000,180,312,516,93862,0,0
time,9,absl_btree,updates_32,index_cancel_submit,20000,67,101,145,192723,0,0
time,9,absl_btree,updates_32,index_terminal_visible,20000,133,243,380,22783,0,0
time,9,absl_btree,updates_32,index_reactivate,20000,152,254,414,35573,0,0
time,9,absl_btree,prices_128,summary_first,20000,51,78,196,17046,0,0
time,9,absl_btree,prices_128,summary_last,20000,56,89,207,19783,0,0
time,9,absl_btree,prices_128,summary_miss,20000,45,69,191,31962,0,0
time,9,absl_btree,prices_128,summary_random,20000,84,131,244,18071,0,0
time,9,absl_btree,prices_128,best,20000,34,56,130,38122,0,0
time,9,absl_btree,prices_128,sorted_range8,2000,61,100,263,30351,0,0
time,9,absl_btree,prices_128,orders_at,2000,58,112,155,233,0,0
time,9,absl_btree,updates_128,index_fill_visible,20000,96,225,338,96548,0,0
time,9,absl_btree,updates_128,index_replace_submit,20000,287,445,4625,74118,0,0
time,9,absl_btree,updates_128,index_replace_ack_visible,20000,380,594,3927,99820,0,0
time,9,absl_btree,updates_128,index_cancel_submit,20000,94,169,250,18384,0,0
time,9,absl_btree,updates_128,index_terminal_visible,20000,276,457,3494,50075,0,0
time,9,absl_btree,updates_128,index_reactivate,20000,338,528,3531,43509,0,0
time,9,absl_btree,prices_1024,summary_first,4000,54,72,194,743,0,0
time,9,absl_btree,prices_1024,summary_last,4000,59,91,117,197,0,0
time,9,absl_btree,prices_1024,summary_miss,4000,47,67,196,332,0,0
time,9,absl_btree,prices_1024,summary_random,4000,109,225,411,16276,0,0
time,9,absl_btree,prices_1024,best,4000,36,53,76,209,0,0
time,9,absl_btree,prices_1024,sorted_range8,2000,87,172,277,362,0,0
time,9,absl_btree,prices_1024,orders_at,2000,115,235,436,479,0,0
time,9,absl_btree,updates_1024,index_fill_visible,4000,71,186,338,5472,0,0
time,9,absl_btree,updates_1024,index_replace_submit,4000,239,405,4308,20609,0,0
time,9,absl_btree,updates_1024,index_replace_ack_visible,4000,297,578,4083,46001,0,0
time,9,absl_btree,updates_1024,index_cancel_submit,4000,67,118,237,3196,0,0
time,9,absl_btree,updates_1024,index_terminal_visible,4000,209,446,700,27909,0,0
time,9,absl_btree,updates_1024,index_reactivate,4000,282,512,3917,49448,0,0
time,9,absl_btree,prices_4096,summary_first,4000,53,63,106,281,0,0
time,9,absl_btree,prices_4096,summary_last,4000,61,74,93,214,0,0
time,9,absl_btree,prices_4096,summary_miss,4000,47,57,64,184,0,0
time,9,absl_btree,prices_4096,summary_random,4000,125,266,448,13153,0,0
time,9,absl_btree,prices_4096,best,4000,34,44,58,136,0,0
time,9,absl_btree,prices_4096,sorted_range8,2000,64,68,108,4141,0,0
time,9,absl_btree,prices_4096,orders_at,2000,121,335,465,19411,0,0
time,9,absl_btree,updates_4096,index_fill_visible,4000,70,206,372,4315,0,0
time,9,absl_btree,updates_4096,index_replace_submit,4000,241,356,3503,15011,0,0
time,9,absl_btree,updates_4096,index_replace_ack_visible,4000,251,526,3351,18179,0,0
time,9,absl_btree,updates_4096,index_cancel_submit,4000,67,86,163,18463,0,0
time,9,absl_btree,updates_4096,index_terminal_visible,4000,205,356,918,31809,0,0
time,9,absl_btree,updates_4096,index_reactivate,4000,279,385,594,18185,0,0
time,9,absl_btree,crowded_32,summary_first,4000,46,48,58,4348,0,0
time,9,absl_btree,crowded_32,summary_last,4000,46,48,62,133,0,0
time,9,absl_btree,crowded_32,summary_miss,4000,40,42,71,3483,0,0
time,9,absl_btree,crowded_32,summary_random,4000,48,50,60,12543,0,0
time,9,absl_btree,crowded_32,best,4000,34,36,58,12313,0,0
time,9,absl_btree,crowded_32,sorted_range8,2000,41,44,63,160,0,0
time,9,absl_btree,crowded_32,orders_at,2000,187,196,234,392,0,0
time,9,absl_btree,crowded_32,batch64_summary,2000,515,530,4660,38302,0,0
time,9,absl_btree,crowded_4096,summary_first,4000,68,137,168,256,0,0
time,9,absl_btree,crowded_4096,summary_last,4000,46,78,100,12295,0,0
time,9,absl_btree,crowded_4096,summary_miss,4000,40,72,90,260,0,0
time,9,absl_btree,crowded_4096,summary_random,4000,48,63,85,234,0,0
time,9,absl_btree,crowded_4096,best,4000,34,58,75,3178,0,0
time,9,absl_btree,crowded_4096,sorted_range8,2000,42,78,94,3220,0,0
time,9,absl_btree,crowded_4096,orders_at,2000,24278,42812,65156,130678,0,0
time,9,absl_btree,reprice_random_8,index_replace_submit,20000,125,154,335,21483,0,0
time,9,absl_btree,reprice_random_8,index_replace_ack_visible,20000,172,216,443,32894,0,0
time,9,absl_btree,reprice_random_32,index_replace_submit,20000,166,281,424,78655,0,0
time,9,absl_btree,reprice_random_32,index_replace_ack_visible,20000,250,383,568,77084,0,0
time,9,absl_btree,reprice_random_128,index_replace_submit,20000,208,351,1861,41311,0,0
time,9,absl_btree,reprice_random_128,index_replace_ack_visible,20000,301,457,653,36468,0,0
time,9,absl_btree,reprice_random_1024,index_replace_submit,4000,295,566,4572,41461,0,0
time,9,absl_btree,reprice_random_1024,index_replace_ack_visible,4000,364,635,3844,27095,0,0
time,9,absl_btree,reprice_random_4096,index_replace_submit,4000,340,630,4240,18354,0,0
time,9,absl_btree,reprice_random_4096,index_replace_ack_visible,4000,413,675,4066,34274,0,0
time,9,absl_btree,mixed_4_q0,fill_plus_queries,20000,67,79,174,14103,0,0
time,9,absl_btree,mixed_4_q1,fill_plus_queries,20000,89,124,163,32422,0,0
time,9,absl_btree,mixed_4_q4,fill_plus_queries,20000,168,281,3047,2992411,0,0
time,9,absl_btree,mixed_4_q16,fill_plus_queries,20000,471,649,4388,488670,0,0
time,9,absl_btree,mixed_32_q0,fill_plus_queries,20000,67,84,148,17228,0,0
time,9,absl_btree,mixed_32_q1,fill_plus_queries,20000,102,151,261,19794,0,0
time,9,absl_btree,mixed_32_q4,fill_plus_queries,20000,223,339,466,348207,0,0
time,9,absl_btree,mixed_32_q16,fill_plus_queries,20000,671,902,5586,30714,0,0
time,9,absl_btree,mixed_128_q0,fill_plus_queries,20000,67,87,117,21420,0,0
time,9,absl_btree,mixed_128_q1,fill_plus_queries,20000,108,146,215,20434,0,0
time,9,absl_btree,mixed_128_q4,fill_plus_queries,20000,248,345,462,21721,0,0
time,9,absl_btree,mixed_128_q16,fill_plus_queries,20000,767,1012,14365,118564,0,0
time,9,absl_btree,mixed_4096_q0,fill_plus_queries,4000,67,232,426,5005,0,0
time,9,absl_btree,mixed_4096_q1,fill_plus_queries,4000,152,249,386,50687,0,0
time,9,absl_btree,mixed_4096_q4,fill_plus_queries,4000,373,534,779,15449,0,0
time,9,absl_btree,mixed_4096_q16,fill_plus_queries,4000,1218,1594,17452,28756,0,0
time,9,absl_btree,growth,new_order_price,20000,344,3005,8179,340499,0,0
time,9,absl_btree,growth,first32_subset,32,282,769,769,19988,0,0
time,9,absl_btree,growth,last_quarter_subset,5000,366,5440,9370,285474,0,0
time,9,absl_btree,growth,every64_subset,313,4230,14968,25046,47725,0,0
time,9,absl_btree,4096books_4near_2far,summary_random,20000,120,720,1355,185301,0,0
time,9,absl_btree,prototype_4,intent_to_command,20000,123,200,273,75523,0,0
time,9,absl_btree,prototype_4,queued_intent,20000,46,60,74,39817,0,0
time,9,absl_btree,prototype_4,report_visible,20000,160,276,422,15879,0,0
time,9,absl_btree,prototype_4,ready_to_command,20000,133,236,463,19748,0,0
time,9,absl_btree,prototype_32,intent_to_command,20000,136,244,3224,59948,0,0
time,9,absl_btree,prototype_32,queued_intent,20000,46,60,83,30094,0,0
time,9,absl_btree,prototype_32,report_visible,20000,188,349,3425,19989,0,0
time,9,absl_btree,prototype_32,ready_to_command,20000,147,294,3585,22485,0,0
time,9,absl_btree,prototype_128,intent_to_command,20000,196,294,3479,35360,0,0
time,9,absl_btree,prototype_128,queued_intent,20000,46,66,89,15005,0,0
time,9,absl_btree,prototype_128,report_visible,20000,295,465,3959,32258,0,0
time,9,absl_btree,prototype_128,ready_to_command,20000,225,363,3285,28134,0,0
time,9,adaptive,prices_4,summary_first,20000,48,59,84,3888,0,0
time,9,adaptive,prices_4,summary_last,20000,47,60,82,17811,0,0
time,9,adaptive,prices_4,summary_miss,20000,40,51,79,21230,0,0
time,9,adaptive,prices_4,summary_random,20000,61,79,125,22088,0,0
time,9,adaptive,prices_4,best,20000,34,46,62,19776,0,0
time,9,adaptive,prices_4,sorted_range8,2000,50,72,128,3157,0,0
time,9,adaptive,prices_4,orders_at,2000,51,70,205,18496,0,0
time,9,adaptive,prices_4,batch64_summary,2000,1675,2002,14985,42901,0,0
time,9,adaptive,updates_4,index_fill_visible,20000,68,161,305,143601,0,0
time,9,adaptive,updates_4,index_replace_submit,20000,110,185,323,482337,0,0
time,9,adaptive,updates_4,index_replace_ack_visible,20000,106,180,255,16894,0,0
time,9,adaptive,updates_4,index_cancel_submit,20000,68,105,160,472448,0,0
time,9,adaptive,updates_4,index_terminal_visible,20000,73,130,193,9965,0,0
time,9,adaptive,updates_4,index_reactivate,20000,123,184,307,34559,0,0
time,9,adaptive,prices_8,summary_first,20000,57,71,200,326476,0,0
time,9,adaptive,prices_8,summary_last,20000,56,78,177,36635,0,0
time,9,adaptive,prices_8,summary_miss,20000,46,62,185,4855,0,0
time,9,adaptive,prices_8,summary_random,20000,67,94,180,17675,0,0
time,9,adaptive,prices_8,best,20000,39,55,90,401,0,0
time,9,adaptive,prices_8,sorted_range8,2000,58,87,193,220033,0,0
time,9,adaptive,prices_8,orders_at,2000,53,88,177,1052,0,0
time,9,adaptive,prices_8,batch64_summary,2000,2054,2581,24229,52509,0,0
time,9,adaptive,updates_8,index_fill_visible,20000,85,197,348,5865,0,0
time,9,adaptive,updates_8,index_replace_submit,20000,147,237,375,26152,0,0
time,9,adaptive,updates_8,index_replace_ack_visible,20000,143,219,330,50547,0,0
time,9,adaptive,updates_8,index_cancel_submit,20000,84,127,236,87914,0,0
time,9,adaptive,updates_8,index_terminal_visible,20000,101,164,262,61858,0,0
time,9,adaptive,updates_8,index_reactivate,20000,158,249,409,35114,0,0
time,9,adaptive,prices_16,summary_first,20000,48,71,134,21702,0,0
time,9,adaptive,prices_16,summary_last,20000,52,85,135,16716,0,0
time,9,adaptive,prices_16,summary_miss,20000,40,60,81,29392,0,0
time,9,adaptive,prices_16,summary_random,20000,65,103,186,21648,0,0
time,9,adaptive,prices_16,best,20000,34,53,67,67770,0,0
time,9,adaptive,prices_16,sorted_range8,2000,58,84,179,3929,0,0
time,9,adaptive,prices_16,orders_at,2000,51,83,162,263,0,0
time,9,adaptive,prices_16,batch64_summary,2000,2007,2565,19090,26652,0,0
time,9,adaptive,updates_16,index_fill_visible,20000,68,97,255,16283,0,0
time,9,adaptive,updates_16,index_replace_submit,20000,113,172,236,36625,0,0
time,9,adaptive,updates_16,index_replace_ack_visible,20000,112,165,241,27445,0,0
time,9,adaptive,updates_16,index_cancel_submit,20000,68,94,121,18626,0,0
time,9,adaptive,updates_16,index_terminal_visible,20000,75,120,192,58606,0,0
time,9,adaptive,updates_16,index_reactivate,20000,136,183,250,21629,0,0
time,9,adaptive,prices_32,summary_first,20000,48,73,120,20036,0,0
time,9,adaptive,prices_32,summary_last,20000,54,73,95,24137,0,0
time,9,adaptive,prices_32,summary_miss,20000,46,67,98,18503,0,0
time,9,adaptive,prices_32,summary_random,20000,84,120,192,13909,0,0
time,9,adaptive,prices_32,best,20000,34,51,72,2798,0,0
time,9,adaptive,prices_32,sorted_range8,2000,59,77,168,271,0,0
time,9,adaptive,prices_32,orders_at,2000,56,93,103,108,0,0
time,9,adaptive,prices_32,batch64_summary,2000,3044,6114,19036,25347,0,0
time,9,adaptive,updates_32,index_fill_visible,20000,68,104,235,146222,0,0
time,9,adaptive,updates_32,index_replace_submit,20000,112,200,2979,35990,0,0
time,9,adaptive,updates_32,index_replace_ack_visible,20000,115,192,507,10866,0,0
time,9,adaptive,updates_32,index_cancel_submit,20000,68,100,180,15703,0,0
time,9,adaptive,updates_32,index_terminal_visible,20000,76,137,283,57022,0,0
time,9,adaptive,updates_32,index_reactivate,20000,133,209,3074,152678,0,0
time,9,adaptive,prices_128,summary_first,20000,49,70,106,23405,0,0
time,9,adaptive,prices_128,summary_last,20000,60,72,168,38419,0,0
time,9,adaptive,prices_128,summary_miss,20000,48,65,125,66356,0,0
time,9,adaptive,prices_128,summary_random,20000,97,138,517,26552,0,0
time,9,adaptive,prices_128,best,20000,34,51,72,5078,0,0
time,9,adaptive,prices_128,sorted_range8,2000,59,75,140,3153,0,0
time,9,adaptive,prices_128,orders_at,2000,75,126,3107,4044,0,0
time,9,adaptive,updates_128,index_fill_visible,20000,73,110,194,28865,0,0
time,9,adaptive,updates_128,index_replace_submit,20000,138,249,361,21794,0,0
time,9,adaptive,updates_128,index_replace_ack_visible,20000,134,238,418,37473,0,0
time,9,adaptive,updates_128,index_cancel_submit,20000,68,101,134,19358,0,0
time,9,adaptive,updates_128,index_terminal_visible,20000,93,168,317,53854,0,0
time,9,adaptive,updates_128,index_reactivate,20000,158,301,498,37999,0,0
time,9,adaptive,prices_1024,summary_first,4000,52,76,101,295,0,0
time,9,adaptive,prices_1024,summary_last,4000,61,76,97,177,0,0
time,9,adaptive,prices_1024,summary_miss,4000,51,70,102,145,0,0
time,9,adaptive,prices_1024,summary_random,4000,122,191,386,16850,0,0
time,9,adaptive,prices_1024,best,4000,34,46,60,185,0,0
time,9,adaptive,prices_1024,sorted_range8,2000,62,86,128,25474,0,0
time,9,adaptive,prices_1024,orders_at,2000,114,167,308,15675,0,0
time,9,adaptive,updates_1024,index_fill_visible,4000,72,156,322,3146,0,0
time,9,adaptive,updates_1024,index_replace_submit,4000,242,373,587,120410,0,0
time,9,adaptive,updates_1024,index_replace_ack_visible,4000,291,504,3568,18321,0,0
time,9,adaptive,updates_1024,index_cancel_submit,4000,70,102,183,3287,0,0
time,9,adaptive,updates_1024,index_terminal_visible,4000,204,399,726,20089,0,0
time,9,adaptive,updates_1024,index_reactivate,4000,300,504,929,35828,0,0
time,9,adaptive,prices_4096,summary_first,4000,58,71,90,432,0,0
time,9,adaptive,prices_4096,summary_last,4000,63,99,168,27677,0,0
time,9,adaptive,prices_4096,summary_miss,4000,47,72,3447,14611,0,0
time,9,adaptive,prices_4096,summary_random,4000,136,435,672,4460,0,0
time,9,adaptive,prices_4096,best,4000,34,46,61,68,0,0
time,9,adaptive,prices_4096,sorted_range8,2000,64,129,240,11482,0,0
time,9,adaptive,prices_4096,orders_at,2000,138,423,490,22953,0,0
time,9,adaptive,updates_4096,index_fill_visible,4000,87,280,493,7977,0,0
time,9,adaptive,updates_4096,index_replace_submit,4000,274,483,1233,18733,0,0
time,9,adaptive,updates_4096,index_replace_ack_visible,4000,280,629,1392,14438,0,0
time,9,adaptive,updates_4096,index_cancel_submit,4000,78,179,291,3305,0,0
time,9,adaptive,updates_4096,index_terminal_visible,4000,231,460,5931,31968,0,0
time,9,adaptive,updates_4096,index_reactivate,4000,319,531,6594,30787,0,0
time,9,adaptive,crowded_32,summary_first,4000,48,62,80,204,0,0
time,9,adaptive,crowded_32,summary_last,4000,48,61,75,3130,0,0
time,9,adaptive,crowded_32,summary_miss,4000,40,53,82,14701,0,0
time,9,adaptive,crowded_32,summary_random,4000,50,62,90,241,0,0
time,9,adaptive,crowded_32,best,4000,34,46,56,4295,0,0
time,9,adaptive,crowded_32,sorted_range8,2000,43,62,188,231,0,0
time,9,adaptive,crowded_32,orders_at,2000,190,218,287,303,0,0
time,9,adaptive,crowded_32,batch64_summary,2000,551,711,3775,18902,0,0
time,9,adaptive,crowded_4096,summary_first,4000,70,145,196,241,0,0
time,9,adaptive,crowded_4096,summary_last,4000,49,63,82,90,0,0
time,9,adaptive,crowded_4096,summary_miss,4000,41,92,109,122,0,0
time,9,adaptive,crowded_4096,summary_random,4000,50,62,81,3944,0,0
time,9,adaptive,crowded_4096,best,4000,34,58,80,17125,0,0
time,9,adaptive,crowded_4096,sorted_range8,2000,44,73,129,3792,0,0
time,9,adaptive,crowded_4096,orders_at,2000,24259,45716,79549,222438,0,0
time,9,adaptive,reprice_random_8,index_replace_submit,20000,109,187,342,26039,0,0
time,9,adaptive,reprice_random_8,index_replace_ack_visible,20000,135,205,348,35875,0,0
time,9,adaptive,reprice_random_32,index_replace_submit,20000,136,206,325,205057,0,0
time,9,adaptive,reprice_random_32,index_replace_ack_visible,20000,175,248,345,16857,0,0
time,9,adaptive,reprice_random_128,index_replace_submit,20000,171,301,457,80678,0,0
time,9,adaptive,reprice_random_128,index_replace_ack_visible,20000,214,335,1119,169808,0,0
time,9,adaptive,reprice_random_1024,index_replace_submit,4000,302,552,13742,147475,0,0
time,9,adaptive,reprice_random_1024,index_replace_ack_visible,4000,365,609,4055,15668,0,0
time,9,adaptive,reprice_random_4096,index_replace_submit,4000,337,616,4329,30288,0,0
time,9,adaptive,reprice_random_4096,index_replace_ack_visible,4000,406,683,4034,15478,0,0
time,9,adaptive,mixed_4_q0,fill_plus_queries,20000,67,71,165,24174,0,0
time,9,adaptive,mixed_4_q1,fill_plus_queries,20000,91,108,126,14585,0,0
time,9,adaptive,mixed_4_q4,fill_plus_queries,20000,174,247,394,18436,0,0
time,9,adaptive,mixed_4_q16,fill_plus_queries,20000,490,681,4323,39753,0,0
time,9,adaptive,mixed_32_q0,fill_plus_queries,20000,68,104,179,17441,0,0
time,9,adaptive,mixed_32_q1,fill_plus_queries,20000,107,152,234,24754,0,0
time,9,adaptive,mixed_32_q4,fill_plus_queries,20000,232,325,480,142772,0,0
time,9,adaptive,mixed_32_q16,fill_plus_queries,20000,822,1029,19976,96263,0,0
time,9,adaptive,mixed_128_q0,fill_plus_queries,20000,90,114,150,19549,0,0
time,9,adaptive,mixed_128_q1,fill_plus_queries,20000,122,194,330,45885,0,0
time,9,adaptive,mixed_128_q4,fill_plus_queries,20000,277,406,648,24874,0,0
time,9,adaptive,mixed_128_q16,fill_plus_queries,20000,924,1328,19493,2059378,0,0
time,9,adaptive,mixed_4096_q0,fill_plus_queries,4000,68,250,2390,3077,0,0
time,9,adaptive,mixed_4096_q1,fill_plus_queries,4000,158,331,2757,30804,0,0
time,9,adaptive,mixed_4096_q4,fill_plus_queries,4000,375,504,4513,16228,0,0
time,9,adaptive,mixed_4096_q16,fill_plus_queries,4000,1213,3773,22031,140168,0,0
time,9,adaptive,growth,new_order_price,20000,342,3395,11487,279128,0,0
time,9,adaptive,growth,first32_subset,32,246,410,410,4760,0,0
time,9,adaptive,growth,last_quarter_subset,5000,362,5170,9462,52435,0,0
time,9,adaptive,growth,every64_subset,313,4671,39437,78106,154591,0,0
time,9,adaptive,4096books_4near_2far,summary_random,20000,140,594,2820,469646,0,0
time,9,adaptive,prototype_4,intent_to_command,20000,108,192,2420,126362,0,0
time,9,adaptive,prototype_4,queued_intent,20000,46,60,122,17729,0,0
time,9,adaptive,prototype_4,report_visible,20000,121,219,2512,16583,0,0
time,9,adaptive,prototype_4,ready_to_command,20000,120,232,2531,51086,0,0
time,9,adaptive,prototype_32,intent_to_command,20000,114,242,3109,460118,0,0
time,9,adaptive,prototype_32,queued_intent,20000,46,62,80,29385,0,0
time,9,adaptive,prototype_32,report_visible,20000,131,276,2394,22913,0,0
time,9,adaptive,prototype_32,ready_to_command,20000,126,287,784,63048,0,0
time,9,adaptive,prototype_128,intent_to_command,20000,136,257,370,31801,0,0
time,9,adaptive,prototype_128,queued_intent,20000,46,66,83,885613,0,0
time,9,adaptive,prototype_128,report_visible,20000,156,296,450,33437,0,0
time,9,adaptive,prototype_128,ready_to_command,20000,156,321,477,42009,0,0
time,9,sorted_deque_soa,prices_4,summary_first,20000,56,69,90,14846,0,0
time,9,sorted_deque_soa,prices_4,summary_last,20000,53,67,87,35626,0,0
time,9,sorted_deque_soa,prices_4,summary_miss,20000,47,61,79,28963,0,0
time,9,sorted_deque_soa,prices_4,summary_random,20000,57,70,92,33630,0,0
time,9,sorted_deque_soa,prices_4,best,20000,34,48,58,3323,0,0
time,9,sorted_deque_soa,prices_4,sorted_range8,2000,58,77,86,129,0,0
time,9,sorted_deque_soa,prices_4,orders_at,2000,58,73,121,3604,0,0
time,9,sorted_deque_soa,prices_4,batch64_summary,2000,995,1446,17986,187072,0,0
time,9,sorted_deque_soa,updates_4,index_fill_visible,20000,68,152,359,37371,0,0
time,9,sorted_deque_soa,updates_4,index_replace_submit,20000,112,206,280,16924,0,0
time,9,sorted_deque_soa,updates_4,index_replace_ack_visible,20000,127,209,315,13203,0,0
time,9,sorted_deque_soa,updates_4,index_cancel_submit,20000,68,115,176,130025,0,0
time,9,sorted_deque_soa,updates_4,index_terminal_visible,20000,88,153,234,24737,0,0
time,9,sorted_deque_soa,updates_4,index_reactivate,20000,120,187,307,116965,0,0
time,9,sorted_deque_soa,prices_8,summary_first,20000,57,68,85,16683,0,0
time,9,sorted_deque_soa,prices_8,summary_last,20000,55,66,93,32483,0,0
time,9,sorted_deque_soa,prices_8,summary_miss,20000,49,60,81,11730,0,0
time,9,sorted_deque_soa,prices_8,summary_random,20000,58,68,91,30419,0,0
time,9,sorted_deque_soa,prices_8,best,20000,34,44,55,3825,0,0
time,9,sorted_deque_soa,prices_8,sorted_range8,2000,68,71,117,314,0,0
time,9,sorted_deque_soa,prices_8,orders_at,2000,59,68,122,3997,0,0
time,9,sorted_deque_soa,prices_8,batch64_summary,2000,1047,1800,18452,44480,0,0
time,9,sorted_deque_soa,updates_8,index_fill_visible,20000,69,166,331,25829,0,0
time,9,sorted_deque_soa,updates_8,index_replace_submit,20000,119,226,332,149997,0,0
time,9,sorted_deque_soa,updates_8,index_replace_ack_visible,20000,135,225,328,49522,0,0
time,9,sorted_deque_soa,updates_8,index_cancel_submit,20000,69,117,158,29875,0,0
time,9,sorted_deque_soa,updates_8,index_terminal_visible,20000,94,170,277,117541,0,0
time,9,sorted_deque_soa,updates_8,index_reactivate,20000,130,219,301,29191,0,0
time,9,sorted_deque_soa,prices_16,summary_first,20000,62,74,103,28117,0,0
time,9,sorted_deque_soa,prices_16,summary_last,20000,60,73,110,4851,0,0
time,9,sorted_deque_soa,prices_16,summary_miss,20000,54,67,99,15095,0,0
time,9,sorted_deque_soa,prices_16,summary_random,20000,62,76,111,26575,0,0
time,9,sorted_deque_soa,prices_16,best,20000,34,46,69,11888,0,0
time,9,sorted_deque_soa,prices_16,sorted_range8,2000,72,111,170,221,0,0
time,9,sorted_deque_soa,prices_16,orders_at,2000,65,88,115,275,0,0
time,9,sorted_deque_soa,prices_16,batch64_summary,2000,1368,1842,6099,17344,0,0
time,9,sorted_deque_soa,updates_16,index_fill_visible,20000,68,101,246,12849,0,0
time,9,sorted_deque_soa,updates_16,index_replace_submit,20000,127,170,267,16946,0,0
time,9,sorted_deque_soa,updates_16,index_replace_ack_visible,20000,141,177,276,21904,0,0
time,9,sorted_deque_soa,updates_16,index_cancel_submit,20000,68,84,140,4943,0,0
time,9,sorted_deque_soa,updates_16,index_terminal_visible,20000,96,124,189,37714,0,0
time,9,sorted_deque_soa,updates_16,index_reactivate,20000,144,174,303,18731,0,0
time,9,sorted_deque_soa,prices_32,summary_first,20000,69,73,105,40479,0,0
time,9,sorted_deque_soa,prices_32,summary_last,20000,67,76,104,15930,0,0
time,9,sorted_deque_soa,prices_32,summary_miss,20000,61,65,99,116266,0,0
time,9,sorted_deque_soa,prices_32,summary_random,20000,71,77,103,11379,0,0
time,9,sorted_deque_soa,prices_32,best,20000,34,36,57,3683,0,0
time,9,sorted_deque_soa,prices_32,sorted_range8,2000,80,83,210,14923,0,0
time,9,sorted_deque_soa,prices_32,orders_at,2000,72,82,126,157,0,0
time,9,sorted_deque_soa,prices_32,batch64_summary,2000,1806,2644,32071,1120636,0,0
time,9,sorted_deque_soa,updates_32,index_fill_visible,20000,94,224,364,17087,0,0
time,9,sorted_deque_soa,updates_32,index_replace_submit,20000,217,390,482,18244,0,0
time,9,sorted_deque_soa,updates_32,index_replace_ack_visible,20000,211,370,449,36210,0,0
time,9,sorted_deque_soa,updates_32,index_cancel_submit,20000,91,154,249,18880,0,0
time,9,sorted_deque_soa,updates_32,index_terminal_visible,20000,145,272,352,19180,0,0
time,9,sorted_deque_soa,updates_32,index_reactivate,20000,237,427,544,17304,0,0
time,9,sorted_deque_soa,prices_128,summary_first,20000,57,84,202,7136,0,0
time,9,sorted_deque_soa,prices_128,summary_last,20000,60,86,203,32303,0,0
time,9,sorted_deque_soa,prices_128,summary_miss,20000,51,72,187,249,0,0
time,9,sorted_deque_soa,prices_128,summary_random,20000,104,177,271,27299,0,0
time,9,sorted_deque_soa,prices_128,best,20000,41,62,179,38889,0,0
time,9,sorted_deque_soa,prices_128,sorted_range8,2000,82,145,228,388,0,0
time,9,sorted_deque_soa,prices_128,orders_at,2000,83,200,248,269,0,0
time,9,sorted_deque_soa,updates_128,index_fill_visible,20000,72,117,2385,24591,0,0
time,9,sorted_deque_soa,updates_128,index_replace_submit,20000,132,258,2774,46727,0,0
time,9,sorted_deque_soa,updates_128,index_replace_ack_visible,20000,137,253,2515,51834,0,0
time,9,sorted_deque_soa,updates_128,index_cancel_submit,20000,68,106,198,37575,0,0
time,9,sorted_deque_soa,updates_128,index_terminal_visible,20000,100,177,2433,40550,0,0
time,9,sorted_deque_soa,updates_128,index_reactivate,20000,140,263,2739,32241,0,0
time,9,sorted_deque_soa,prices_1024,summary_first,4000,50,69,159,18222,0,0
time,9,sorted_deque_soa,prices_1024,summary_last,4000,55,72,2282,4169,0,0
time,9,sorted_deque_soa,prices_1024,summary_miss,4000,46,67,2349,14042,0,0
time,9,sorted_deque_soa,prices_1024,summary_random,4000,119,190,2229,2412,0,0
time,9,sorted_deque_soa,prices_1024,best,4000,34,47,2189,3160,0,0
time,9,sorted_deque_soa,prices_1024,sorted_range8,2000,61,119,219,259,0,0
time,9,sorted_deque_soa,prices_1024,orders_at,2000,116,202,2433,2763,0,0
time,9,sorted_deque_soa,updates_1024,index_fill_visible,4000,71,178,360,2780,0,0
time,9,sorted_deque_soa,updates_1024,index_replace_submit,4000,189,413,2764,17184,0,0
time,9,sorted_deque_soa,updates_1024,index_replace_ack_visible,4000,190,362,2864,25121,0,0
time,9,sorted_deque_soa,updates_1024,index_cancel_submit,4000,68,116,284,3690,0,0
time,9,sorted_deque_soa,updates_1024,index_terminal_visible,4000,134,260,2600,21475,0,0
time,9,sorted_deque_soa,updates_1024,index_reactivate,4000,195,435,3190,4466,0,0
time,9,sorted_deque_soa,prices_4096,summary_first,4000,51,76,186,2415,0,0
time,9,sorted_deque_soa,prices_4096,summary_last,4000,56,72,108,2254,0,0
time,9,sorted_deque_soa,prices_4096,summary_miss,4000,47,62,94,3672,0,0
time,9,sorted_deque_soa,prices_4096,summary_random,4000,148,398,2619,123176,0,0
time,9,sorted_deque_soa,prices_4096,best,4000,34,45,74,2777,0,0
time,9,sorted_deque_soa,prices_4096,sorted_range8,2000,61,85,138,2480,0,0
time,9,sorted_deque_soa,prices_4096,orders_at,2000,140,402,2416,13373,0,0
time,9,sorted_deque_soa,updates_4096,index_fill_visible,4000,74,257,593,9758,0,0
time,9,sorted_deque_soa,updates_4096,index_replace_submit,4000,120,304,4083,15522,0,0
time,9,sorted_deque_soa,updates_4096,index_replace_ack_visible,4000,133,279,2810,24725,0,0
time,9,sorted_deque_soa,updates_4096,index_cancel_submit,4000,68,154,2622,3536,0,0
time,9,sorted_deque_soa,updates_4096,index_terminal_visible,4000,92,189,2765,17768,0,0
time,9,sorted_deque_soa,updates_4096,index_reactivate,4000,135,274,2935,3267,0,0
time,9,sorted_deque_soa,crowded_32,summary_first,4000,50,63,85,2409,0,0
time,9,sorted_deque_soa,crowded_32,summary_last,4000,50,63,87,3799,0,0
time,9,sorted_deque_soa,crowded_32,summary_miss,4000,41,56,82,3808,0,0
time,9,sorted_deque_soa,crowded_32,summary_random,4000,52,63,85,3799,0,0
time,9,sorted_deque_soa,crowded_32,best,4000,34,51,2188,16171,0,0
time,9,sorted_deque_soa,crowded_32,sorted_range8,2000,45,58,76,100,0,0
time,9,sorted_deque_soa,crowded_32,orders_at,2000,191,221,3110,14024,0,0
time,9,sorted_deque_soa,crowded_32,batch64_summary,2000,514,523,3151,15497,0,0
time,9,sorted_deque_soa,crowded_4096,summary_first,4000,74,99,2565,13402,0,0
time,9,sorted_deque_soa,crowded_4096,summary_last,4000,50,64,233,3009,0,0
time,9,sorted_deque_soa,crowded_4096,summary_miss,4000,42,81,107,38356,0,0
time,9,sorted_deque_soa,crowded_4096,summary_random,4000,52,68,2389,3463,0,0
time,9,sorted_deque_soa,crowded_4096,best,4000,34,60,85,2960,0,0
time,9,sorted_deque_soa,crowded_4096,sorted_range8,2000,46,87,103,3638,0,0
time,9,sorted_deque_soa,crowded_4096,orders_at,2000,24290,43533,101503,200136,0,0
time,9,sorted_deque_soa,reprice_random_8,index_replace_submit,20000,128,164,2322,16882,0,0
time,9,sorted_deque_soa,reprice_random_8,index_replace_ack_visible,20000,149,184,2496,19790,0,0
time,9,sorted_deque_soa,reprice_random_32,index_replace_submit,20000,177,284,2593,38926,0,0
time,9,sorted_deque_soa,reprice_random_32,index_replace_ack_visible,20000,187,270,2701,18750,0,0
time,9,sorted_deque_soa,reprice_random_128,index_replace_submit,20000,177,290,2750,54312,0,0
time,9,sorted_deque_soa,reprice_random_128,index_replace_ack_visible,20000,216,328,2884,25076,0,0
time,9,sorted_deque_soa,reprice_random_1024,index_replace_submit,4000,375,548,4023,13832,0,0
time,9,sorted_deque_soa,reprice_random_1024,index_replace_ack_visible,4000,323,499,4846,35981,0,0
time,9,sorted_deque_soa,reprice_random_4096,index_replace_submit,4000,857,3627,13834,46533,0,0
time,9,sorted_deque_soa,reprice_random_4096,index_replace_ack_visible,4000,786,3442,14446,28075,0,0
time,9,sorted_deque_soa,mixed_4_q0,fill_plus_queries,20000,69,96,312,19750,0,0
time,9,sorted_deque_soa,mixed_4_q1,fill_plus_queries,20000,86,94,2285,11620,0,0
time,9,sorted_deque_soa,mixed_4_q4,fill_plus_queries,20000,132,195,2444,22457,0,0
time,9,sorted_deque_soa,mixed_4_q16,fill_plus_queries,20000,312,573,3766,120024,0,0
time,9,sorted_deque_soa,mixed_32_q0,fill_plus_queries,20000,69,106,2269,27993,0,0
time,9,sorted_deque_soa,mixed_32_q1,fill_plus_queries,20000,100,113,2307,35037,0,0
time,9,sorted_deque_soa,mixed_32_q4,fill_plus_queries,20000,193,259,2563,17563,0,0
time,9,sorted_deque_soa,mixed_32_q16,fill_plus_queries,20000,556,823,13494,47201,0,0
time,9,sorted_deque_soa,mixed_128_q0,fill_plus_queries,20000,68,84,2367,26742,0,0
time,9,sorted_deque_soa,mixed_128_q1,fill_plus_queries,20000,117,181,2518,35631,0,0
time,9,sorted_deque_soa,mixed_128_q4,fill_plus_queries,20000,272,416,2925,26460,0,0
time,9,sorted_deque_soa,mixed_128_q16,fill_plus_queries,20000,831,1191,6891,29113,0,0
time,9,sorted_deque_soa,mixed_4096_q0,fill_plus_queries,4000,69,148,429,2821,0,0
time,9,sorted_deque_soa,mixed_4096_q1,fill_plus_queries,4000,175,313,3045,15541,0,0
time,9,sorted_deque_soa,mixed_4096_q4,fill_plus_queries,4000,392,543,5481,66269,0,0
time,9,sorted_deque_soa,mixed_4096_q16,fill_plus_queries,4000,1340,4007,22869,31223,0,0
time,9,sorted_deque_soa,growth,new_order_price,20000,179,2770,8268,110919,0,0
time,9,sorted_deque_soa,growth,first32_subset,32,253,579,579,4303,0,0
time,9,sorted_deque_soa,growth,last_quarter_subset,5000,180,4556,8503,54280,0,0
time,9,sorted_deque_soa,growth,every64_subset,313,3103,10061,26457,54280,0,0
time,9,sorted_deque_soa,4096books_4near_2far,summary_random,20000,122,567,2818,27192,0,0
time,9,sorted_deque_soa,prototype_4,intent_to_command,20000,122,169,2620,29241,0,0
time,9,sorted_deque_soa,prototype_4,queued_intent,20000,46,59,78,11459,0,0
time,9,sorted_deque_soa,prototype_4,report_visible,20000,142,193,2562,29103,0,0
time,9,sorted_deque_soa,prototype_4,ready_to_command,20000,134,202,2496,13017,0,0
time,9,sorted_deque_soa,prototype_32,intent_to_command,20000,165,266,355,20186,0,0
time,9,sorted_deque_soa,prototype_32,queued_intent,20000,45,59,84,11190,0,0
time,9,sorted_deque_soa,prototype_32,report_visible,20000,172,271,421,33346,0,0
time,9,sorted_deque_soa,prototype_32,ready_to_command,20000,175,300,479,173534,0,0
time,9,sorted_deque_soa,prototype_128,intent_to_command,20000,152,281,437,24751,0,0
time,9,sorted_deque_soa,prototype_128,queued_intent,20000,46,66,90,17131,0,0
time,9,sorted_deque_soa,prototype_128,report_visible,20000,159,317,462,100138,0,0
time,9,sorted_deque_soa,prototype_128,ready_to_command,20000,159,341,473,32349,0,0
time,9,sorted_deque,prices_4,summary_first,20000,46,58,74,18931,0,0
time,9,sorted_deque,prices_4,summary_last,20000,46,57,78,11671,0,0
time,9,sorted_deque,prices_4,summary_miss,20000,39,50,68,4195,0,0
time,9,sorted_deque,prices_4,summary_random,20000,58,74,94,22145,0,0
time,9,sorted_deque,prices_4,best,20000,34,47,66,3338,0,0
time,9,sorted_deque,prices_4,sorted_range8,2000,49,75,124,248,0,0
time,9,sorted_deque,prices_4,orders_at,2000,49,73,248,441,0,0
time,9,sorted_deque,prices_4,batch64_summary,2000,1438,1907,15764,39372,0,0
time,9,sorted_deque,updates_4,index_fill_visible,20000,67,109,264,83678,0,0
time,9,sorted_deque,updates_4,index_replace_submit,20000,103,158,224,15603,0,0
time,9,sorted_deque,updates_4,index_replace_ack_visible,20000,115,157,214,12939,0,0
time,9,sorted_deque,updates_4,index_cancel_submit,20000,67,92,139,19050,0,0
time,9,sorted_deque,updates_4,index_terminal_visible,20000,83,118,175,21824,0,0
time,9,sorted_deque,updates_4,index_reactivate,20000,111,146,227,70697,0,0
time,9,sorted_deque,prices_8,summary_first,20000,47,63,83,31500,0,0
time,9,sorted_deque,prices_8,summary_last,20000,46,69,98,3641,0,0
time,9,sorted_deque,prices_8,summary_miss,20000,39,55,89,25113,0,0
time,9,sorted_deque,prices_8,summary_random,20000,59,81,108,30500,0,0
time,9,sorted_deque,prices_8,best,20000,34,55,78,12245,0,0
time,9,sorted_deque,prices_8,sorted_range8,2000,57,59,72,139,0,0
time,9,sorted_deque,prices_8,orders_at,2000,49,59,87,111,0,0
time,9,sorted_deque,prices_8,batch64_summary,2000,1957,2528,28710,71906,0,0
time,9,sorted_deque,updates_8,index_fill_visible,20000,94,201,384,38550,0,0
time,9,sorted_deque,updates_8,index_replace_submit,20000,159,238,378,26874,0,0
time,9,sorted_deque,updates_8,index_replace_ack_visible,20000,162,243,440,35394,0,0
time,9,sorted_deque,updates_8,index_cancel_submit,20000,93,136,238,30017,0,0
time,9,sorted_deque,updates_8,index_terminal_visible,20000,121,180,284,25674,0,0
time,9,sorted_deque,updates_8,index_reactivate,20000,154,222,348,39847,0,0
time,9,sorted_deque,prices_16,summary_first,20000,49,67,186,29302,0,0
time,9,sorted_deque,prices_16,summary_last,20000,55,84,180,23607,0,0
time,9,sorted_deque,prices_16,summary_miss,20000,41,65,91,9609,0,0
time,9,sorted_deque,prices_16,summary_random,20000,64,96,192,43554,0,0
time,9,sorted_deque,prices_16,best,20000,36,56,84,7885,0,0
time,9,sorted_deque,prices_16,sorted_range8,2000,65,103,225,318,0,0
time,9,sorted_deque,prices_16,orders_at,2000,57,117,183,481,0,0
time,9,sorted_deque,prices_16,batch64_summary,2000,2123,2543,30106,58778,0,0
time,9,sorted_deque,updates_16,index_fill_visible,20000,67,107,186,17068,0,0
time,9,sorted_deque,updates_16,index_replace_submit,20000,108,197,292,42415,0,0
time,9,sorted_deque,updates_16,index_replace_ack_visible,20000,122,197,344,19824,0,0
time,9,sorted_deque,updates_16,index_cancel_submit,20000,67,103,151,18632,0,0
time,9,sorted_deque,updates_16,index_terminal_visible,20000,86,147,207,12571,0,0
time,9,sorted_deque,updates_16,index_reactivate,20000,122,193,277,16698,0,0
time,9,sorted_deque,prices_32,summary_first,20000,49,79,201,11472,0,0
time,9,sorted_deque,prices_32,summary_last,20000,53,80,190,23681,0,0
time,9,sorted_deque,prices_32,summary_miss,20000,47,73,193,5217,0,0
time,9,sorted_deque,prices_32,summary_random,20000,83,134,241,5011,0,0
time,9,sorted_deque,prices_32,best,20000,35,57,92,6980,0,0
time,9,sorted_deque,prices_32,sorted_range8,2000,56,88,148,269,0,0
time,9,sorted_deque,prices_32,orders_at,2000,52,95,112,134,0,0
time,9,sorted_deque,prices_32,batch64_summary,2000,3373,6781,28400,47807,0,0
time,9,sorted_deque,updates_32,index_fill_visible,20000,96,202,344,19910,0,0
time,9,sorted_deque,updates_32,index_replace_submit,20000,172,273,406,36694,0,0
time,9,sorted_deque,updates_32,index_replace_ack_visible,20000,174,276,360,20665,0,0
time,9,sorted_deque,updates_32,index_cancel_submit,20000,94,139,240,22920,0,0
time,9,sorted_deque,updates_32,index_terminal_visible,20000,126,202,284,42123,0,0
time,9,sorted_deque,updates_32,index_reactivate,20000,173,271,377,18222,0,0
time,9,sorted_deque,prices_128,summary_first,20000,60,86,206,32250,0,0
time,9,sorted_deque,prices_128,summary_last,20000,61,90,203,33202,0,0
time,9,sorted_deque,prices_128,summary_miss,20000,56,77,197,21158,0,0
time,9,sorted_deque,prices_128,summary_random,20000,108,171,281,50661,0,0
time,9,sorted_deque,prices_128,best,20000,41,60,87,80610,0,0
time,9,sorted_deque,prices_128,sorted_range8,2000,86,156,2941,4407,0,0
time,9,sorted_deque,prices_128,orders_at,2000,88,158,245,378,0,0
time,9,sorted_deque,updates_128,index_fill_visible,20000,91,178,331,23863,0,0
time,9,sorted_deque,updates_128,index_replace_submit,20000,178,324,455,39496,0,0
time,9,sorted_deque,updates_128,index_replace_ack_visible,20000,182,326,439,125143,0,0
time,9,sorted_deque,updates_128,index_cancel_submit,20000,87,127,241,49484,0,0
time,9,sorted_deque,updates_128,index_terminal_visible,20000,127,225,345,24610,0,0
time,9,sorted_deque,updates_128,index_reactivate,20000,190,384,530,28138,0,0
time,9,sorted_deque,prices_1024,summary_first,4000,52,67,90,15535,0,0
time,9,sorted_deque,prices_1024,summary_last,4000,57,74,106,13468,0,0
time,9,sorted_deque,prices_1024,summary_miss,4000,50,53,78,105,0,0
time,9,sorted_deque,prices_1024,summary_random,4000,118,176,407,12312,0,0
time,9,sorted_deque,prices_1024,best,4000,33,41,49,519,0,0
time,9,sorted_deque,prices_1024,sorted_range8,2000,61,73,208,27228,0,0
time,9,sorted_deque,prices_1024,orders_at,2000,116,167,269,12846,0,0
time,9,sorted_deque,updates_1024,index_fill_visible,4000,71,151,272,13862,0,0
time,9,sorted_deque,updates_1024,index_replace_submit,4000,143,319,882,13921,0,0
time,9,sorted_deque,updates_1024,index_replace_ack_visible,4000,153,330,436,16233,0,0
time,9,sorted_deque,updates_1024,index_cancel_submit,4000,67,82,94,145,0,0
time,9,sorted_deque,updates_1024,index_terminal_visible,4000,102,240,269,14514,0,0
time,9,sorted_deque,updates_1024,index_reactivate,4000,151,418,507,14285,0,0
time,9,sorted_deque,prices_4096,summary_first,4000,55,77,105,342,0,0
time,9,sorted_deque,prices_4096,summary_last,4000,63,79,118,250,0,0
time,9,sorted_deque,prices_4096,summary_miss,4000,54,70,92,508,0,0
time,9,sorted_deque,prices_4096,summary_random,4000,157,415,554,16363,0,0
time,9,sorted_deque,prices_4096,best,4000,34,43,66,6362,0,0
time,9,sorted_deque,prices_4096,sorted_range8,2000,65,72,102,364,0,0
time,9,sorted_deque,prices_4096,orders_at,2000,151,390,523,5082,0,0
time,9,sorted_deque,updates_4096,index_fill_visible,4000,71,193,348,4211,0,0
time,9,sorted_deque,updates_4096,index_replace_submit,4000,126,158,477,26526,0,0
time,9,sorted_deque,updates_4096,index_replace_ack_visible,4000,140,175,266,8841,0,0
time,9,sorted_deque,updates_4096,index_cancel_submit,4000,67,83,183,14425,0,0
time,9,sorted_deque,updates_4096,index_terminal_visible,4000,93,108,199,3700,0,0
time,9,sorted_deque,updates_4096,index_reactivate,4000,147,171,291,22379,0,0
time,9,sorted_deque,crowded_32,summary_first,4000,46,48,61,3529,0,0
time,9,sorted_deque,crowded_32,summary_last,4000,47,49,74,3610,0,0
time,9,sorted_deque,crowded_32,summary_miss,4000,39,41,51,80,0,0
time,9,sorted_deque,crowded_32,summary_random,4000,48,50,60,2757,0,0
time,9,sorted_deque,crowded_32,best,4000,34,36,57,3573,0,0
time,9,sorted_deque,crowded_32,sorted_range8,2000,42,45,62,120,0,0
time,9,sorted_deque,crowded_32,orders_at,2000,187,197,384,12802,0,0
time,9,sorted_deque,crowded_32,batch64_summary,2000,482,493,9721,23977,0,0
time,9,sorted_deque,crowded_4096,summary_first,4000,70,154,208,13221,0,0
time,9,sorted_deque,crowded_4096,summary_last,4000,47,61,71,83,0,0
time,9,sorted_deque,crowded_4096,summary_miss,4000,39,75,79,17111,0,0
time,9,sorted_deque,crowded_4096,summary_random,4000,48,61,79,176,0,0
time,9,sorted_deque,crowded_4096,best,4000,34,58,66,6787,0,0
time,9,sorted_deque,crowded_4096,sorted_range8,2000,43,62,79,141,0,0
time,9,sorted_deque,crowded_4096,orders_at,2000,24202,42868,84230,363189,0,0
time,9,sorted_deque,reprice_random_8,index_replace_submit,20000,115,152,235,17606,0,0
time,9,sorted_deque,reprice_random_8,index_replace_ack_visible,20000,137,166,254,29637,0,0
time,9,sorted_deque,reprice_random_32,index_replace_submit,20000,142,238,321,155044,0,0
time,9,sorted_deque,reprice_random_32,index_replace_ack_visible,20000,180,269,353,51141,0,0
time,9,sorted_deque,reprice_random_128,index_replace_submit,20000,169,261,340,37690,0,0
time,9,sorted_deque,reprice_random_128,index_replace_ack_visible,20000,216,279,378,50718,0,0
time,9,sorted_deque,reprice_random_1024,index_replace_submit,4000,368,535,791,18016,0,0
time,9,sorted_deque,reprice_random_1024,index_replace_ack_visible,4000,323,454,793,18267,0,0
time,9,sorted_deque,reprice_random_4096,index_replace_submit,4000,833,2644,14384,32150,0,0
time,9,sorted_deque,reprice_random_4096,index_replace_ack_visible,4000,779,1693,14621,48920,0,0
time,9,sorted_deque,mixed_4_q0,fill_plus_queries,20000,67,70,108,17376,0,0
time,9,sorted_deque,mixed_4_q1,fill_plus_queries,20000,87,104,116,18047,0,0
time,9,sorted_deque,mixed_4_q4,fill_plus_queries,20000,160,224,310,17226,0,0
time,9,sorted_deque,mixed_4_q16,fill_plus_queries,20000,443,635,4511,99240,0,0
time,9,sorted_deque,mixed_32_q0,fill_plus_queries,20000,67,83,102,14793,0,0
time,9,sorted_deque,mixed_32_q1,fill_plus_queries,20000,103,132,149,31773,0,0
time,9,sorted_deque,mixed_32_q4,fill_plus_queries,20000,223,291,347,20119,0,0
time,9,sorted_deque,mixed_32_q16,fill_plus_queries,20000,681,945,8493,109313,0,0
time,9,sorted_deque,mixed_128_q0,fill_plus_queries,20000,66,97,153,41046,0,0
time,9,sorted_deque,mixed_128_q1,fill_plus_queries,20000,118,155,181,16599,0,0
time,9,sorted_deque,mixed_128_q4,fill_plus_queries,20000,275,401,574,61538,0,0
time,9,sorted_deque,mixed_128_q16,fill_plus_queries,20000,875,1195,13590,35809,0,0
time,9,sorted_deque,mixed_4096_q0,fill_plus_queries,4000,67,218,456,5778,0,0
time,9,sorted_deque,mixed_4096_q1,fill_plus_queries,4000,184,326,684,33309,0,0
time,9,sorted_deque,mixed_4096_q4,fill_plus_queries,4000,442,611,4321,18772,0,0
time,9,sorted_deque,mixed_4096_q16,fill_plus_queries,4000,1541,2140,20729,89065,0,0
time,9,sorted_deque,growth,new_order_price,20000,196,2627,6972,110863,0,0
time,9,sorted_deque,growth,first32_subset,32,253,538,538,4487,0,0
time,9,sorted_deque,growth,last_quarter_subset,5000,200,4670,8323,48597,0,0
time,9,sorted_deque,growth,every64_subset,313,3130,15074,37149,48597,0,0
time,9,sorted_deque,4096books_4near_2far,summary_random,20000,104,455,682,28270,0,0
time,9,sorted_deque,prototype_4,intent_to_command,20000,115,165,257,138340,0,0
time,9,sorted_deque,prototype_4,queued_intent,20000,46,55,73,3612,0,0
time,9,sorted_deque,prototype_4,report_visible,20000,131,184,312,130852,0,0
time,9,sorted_deque,prototype_4,ready_to_command,20000,126,195,299,11884,0,0
time,9,sorted_deque,prototype_32,intent_to_command,20000,127,238,352,11656,0,0
time,9,sorted_deque,prototype_32,queued_intent,20000,46,67,98,364,0,0
time,9,sorted_deque,prototype_32,report_visible,20000,143,268,416,35690,0,0
time,9,sorted_deque,prototype_32,ready_to_command,20000,137,277,395,30655,0,0
time,9,sorted_deque,prototype_128,intent_to_command,20000,144,239,347,28631,0,0
time,9,sorted_deque,prototype_128,queued_intent,20000,46,62,78,3891,0,0
time,9,sorted_deque,prototype_128,report_visible,20000,152,259,394,31058,0,0
time,9,sorted_deque,prototype_128,ready_to_command,20000,148,274,384,24906,0,0
time,10,sorted_deque,prices_4,summary_first,20000,46,57,76,13322,0,0
time,10,sorted_deque,prices_4,summary_last,20000,46,57,84,15126,0,0
time,10,sorted_deque,prices_4,summary_miss,20000,39,50,72,3655,0,0
time,10,sorted_deque,prices_4,summary_random,20000,58,74,99,29108,0,0
time,10,sorted_deque,prices_4,best,20000,34,49,68,22492,0,0
time,10,sorted_deque,prices_4,sorted_range8,2000,49,73,82,115,0,0
time,10,sorted_deque,prices_4,orders_at,2000,49,68,126,238,0,0
time,10,sorted_deque,prices_4,batch64_summary,2000,1433,1569,13749,18063,0,0
time,10,sorted_deque,updates_4,index_fill_visible,20000,67,181,364,27923,0,0
time,10,sorted_deque,updates_4,index_replace_submit,20000,106,197,299,13480,0,0
time,10,sorted_deque,updates_4,index_replace_ack_visible,20000,116,193,284,43502,0,0
time,10,sorted_deque,updates_4,index_cancel_submit,20000,68,118,191,6551,0,0
time,10,sorted_deque,updates_4,index_terminal_visible,20000,84,152,266,17654,0,0
time,10,sorted_deque,updates_4,index_reactivate,20000,112,212,364,29478,0,0
time,10,sorted_deque,prices_8,summary_first,20000,46,48,61,3905,0,0
time,10,sorted_deque,prices_8,summary_last,20000,46,55,66,235,0,0
time,10,sorted_deque,prices_8,summary_miss,20000,39,41,55,20849,0,0
time,10,sorted_deque,prices_8,summary_random,20000,58,71,85,14189,0,0
time,10,sorted_deque,prices_8,best,20000,34,45,58,13001,0,0
time,10,sorted_deque,prices_8,sorted_range8,2000,57,83,94,122,0,0
time,10,sorted_deque,prices_8,orders_at,2000,49,69,91,102,0,0
time,10,sorted_deque,prices_8,batch64_summary,2000,1600,1980,14846,33643,0,0
time,10,sorted_deque,updates_8,index_fill_visible,20000,67,137,292,3608,0,0
time,10,sorted_deque,updates_8,index_replace_submit,20000,105,196,272,21464,0,0
time,10,sorted_deque,updates_8,index_replace_ack_visible,20000,117,195,386,21087,0,0
time,10,sorted_deque,updates_8,index_cancel_submit,20000,67,108,164,22188,0,0
time,10,sorted_deque,updates_8,index_terminal_visible,20000,85,147,214,18305,0,0
time,10,sorted_deque,updates_8,index_reactivate,20000,115,183,289,16122,0,0
time,10,sorted_deque,prices_16,summary_first,20000,46,58,72,2820,0,0
time,10,sorted_deque,prices_16,summary_last,20000,50,72,85,3874,0,0
time,10,sorted_deque,prices_16,summary_miss,20000,39,50,61,12501,0,0
time,10,sorted_deque,prices_16,summary_random,20000,60,80,109,12882,0,0
time,10,sorted_deque,prices_16,best,20000,34,49,71,12417,0,0
time,10,sorted_deque,prices_16,sorted_range8,2000,57,60,92,122,0,0
time,10,sorted_deque,prices_16,orders_at,2000,49,65,87,96,0,0
time,10,sorted_deque,prices_16,batch64_summary,2000,1825,2311,20529,52642,0,0
time,10,sorted_deque,updates_16,index_fill_visible,20000,94,198,369,18457,0,0
time,10,sorted_deque,updates_16,index_replace_submit,20000,170,232,313,25541,0,0
time,10,sorted_deque,updates_16,index_replace_ack_visible,20000,173,226,306,18977,0,0
time,10,sorted_deque,updates_16,index_cancel_submit,20000,94,125,192,36941,0,0
time,10,sorted_deque,updates_16,index_terminal_visible,20000,127,170,284,40366,0,0
time,10,sorted_deque,updates_16,index_reactivate,20000,172,233,388,20165,0,0
time,10,sorted_deque,prices_32,summary_first,20000,62,94,121,5212,0,0
time,10,sorted_deque,prices_32,summary_last,20000,62,99,121,36891,0,0
time,10,sorted_deque,prices_32,summary_miss,20000,57,86,109,24093,0,0
time,10,sorted_deque,prices_32,summary_random,20000,96,151,201,62493,0,0
time,10,sorted_deque,prices_32,best,20000,44,71,94,24040,0,0
time,10,sorted_deque,prices_32,sorted_range8,2000,89,111,158,219,0,0
time,10,sorted_deque,prices_32,orders_at,2000,71,123,196,263,0,0
time,10,sorted_deque,prices_32,batch64_summary,2000,3572,3976,23860,51641,0,0
time,10,sorted_deque,updates_32,index_fill_visible,20000,99,191,309,40845,0,0
time,10,sorted_deque,updates_32,index_replace_submit,20000,176,242,384,30222,0,0
time,10,sorted_deque,updates_32,index_replace_ack_visible,20000,180,234,325,19680,0,0
time,10,sorted_deque,updates_32,index_cancel_submit,20000,97,122,166,17242,0,0
time,10,sorted_deque,updates_32,index_terminal_visible,20000,129,171,245,18011,0,0
time,10,sorted_deque,updates_32,index_reactivate,20000,179,232,358,34997,0,0
time,10,sorted_deque,prices_128,summary_first,20000,49,53,67,17383,0,0
time,10,sorted_deque,prices_128,summary_last,20000,53,61,70,11577,0,0
time,10,sorted_deque,prices_128,summary_miss,20000,47,49,67,7169,0,0
time,10,sorted_deque,prices_128,summary_random,20000,93,127,144,13284,0,0
time,10,sorted_deque,prices_128,best,20000,34,43,57,11713,0,0
time,10,sorted_deque,prices_128,sorted_range8,2000,60,93,115,180,0,0
time,10,sorted_deque,prices_128,orders_at,2000,68,125,273,2634,0,0
time,10,sorted_deque,updates_128,index_fill_visible,20000,71,112,238,12620,0,0
time,10,sorted_deque,updates_128,index_replace_submit,20000,126,228,325,30913,0,0
time,10,sorted_deque,updates_128,index_replace_ack_visible,20000,134,232,315,20182,0,0
time,10,sorted_deque,updates_128,index_cancel_submit,20000,67,95,118,18017,0,0
time,10,sorted_deque,updates_128,index_terminal_visible,20000,95,159,209,13395,0,0
time,10,sorted_deque,updates_128,index_reactivate,20000,137,280,411,437030,0,0
time,10,sorted_deque,prices_1024,summary_first,4000,53,64,75,260,0,0
time,10,sorted_deque,prices_1024,summary_last,4000,58,66,81,158,0,0
time,10,sorted_deque,prices_1024,summary_miss,4000,51,53,65,113,0,0
time,10,sorted_deque,prices_1024,summary_random,4000,119,168,233,12945,0,0
time,10,sorted_deque,prices_1024,best,4000,34,41,52,121,0,0
time,10,sorted_deque,prices_1024,sorted_range8,2000,61,77,144,304,0,0
time,10,sorted_deque,prices_1024,orders_at,2000,117,162,252,4194,0,0
time,10,sorted_deque,updates_1024,index_fill_visible,4000,71,165,315,364,0,0
time,10,sorted_deque,updates_1024,index_replace_submit,4000,150,366,3155,132359,0,0
time,10,sorted_deque,updates_1024,index_replace_ack_visible,4000,177,353,543,12255,0,0
time,10,sorted_deque,updates_1024,index_cancel_submit,4000,67,87,171,3877,0,0
time,10,sorted_deque,updates_1024,index_terminal_visible,4000,110,248,306,14713,0,0
time,10,sorted_deque,updates_1024,index_reactivate,4000,168,434,554,18552,0,0
time,10,sorted_deque,prices_4096,summary_first,4000,55,82,181,36480,0,0
time,10,sorted_deque,prices_4096,summary_last,4000,60,79,139,274,0,0
time,10,sorted_deque,prices_4096,summary_miss,4000,54,76,106,269,0,0
time,10,sorted_deque,prices_4096,summary_random,4000,162,393,526,17207,0,0
time,10,sorted_deque,prices_4096,best,4000,34,44,56,63,0,0
time,10,sorted_deque,prices_4096,sorted_range8,2000,64,125,280,365,0,0
time,10,sorted_deque,prices_4096,orders_at,2000,153,416,527,5093,0,0
time,10,sorted_deque,updates_4096,index_fill_visible,4000,71,139,402,3462,0,0
time,10,sorted_deque,updates_4096,index_replace_submit,4000,126,148,228,12370,0,0
time,10,sorted_deque,updates_4096,index_replace_ack_visible,4000,140,164,280,23509,0,0
time,10,sorted_deque,updates_4096,index_cancel_submit,4000,67,80,93,287,0,0
time,10,sorted_deque,updates_4096,index_terminal_visible,4000,93,107,169,15122,0,0
time,10,sorted_deque,updates_4096,index_reactivate,4000,147,169,247,11370,0,0
time,10,sorted_deque,crowded_32,summary_first,4000,46,48,58,171,0,0
time,10,sorted_deque,crowded_32,summary_last,4000,47,49,58,13448,0,0
time,10,sorted_deque,crowded_32,summary_miss,4000,39,41,42,78,0,0
time,10,sorted_deque,crowded_32,summary_random,4000,48,50,60,3323,0,0
time,10,sorted_deque,crowded_32,best,4000,34,35,42,57,0,0
time,10,sorted_deque,crowded_32,sorted_range8,2000,42,44,57,95,0,0
time,10,sorted_deque,crowded_32,orders_at,2000,187,197,243,268,0,0
time,10,sorted_deque,crowded_32,batch64_summary,2000,481,568,822,12192,0,0
time,10,sorted_deque,crowded_4096,summary_first,4000,69,91,157,449,0,0
time,10,sorted_deque,crowded_4096,summary_last,4000,47,63,96,3691,0,0
time,10,sorted_deque,crowded_4096,summary_miss,4000,39,68,80,193,0,0
time,10,sorted_deque,crowded_4096,summary_random,4000,48,62,92,11070,0,0
time,10,sorted_deque,crowded_4096,best,4000,34,58,76,3634,0,0
time,10,sorted_deque,crowded_4096,sorted_range8,2000,43,75,106,12543,0,0
time,10,sorted_deque,crowded_4096,orders_at,2000,24210,41850,60403,74546,0,0
time,10,sorted_deque,reprice_random_8,index_replace_submit,20000,116,171,235,15921,0,0
time,10,sorted_deque,reprice_random_8,index_replace_ack_visible,20000,139,189,263,13231,0,0
time,10,sorted_deque,reprice_random_32,index_replace_submit,20000,144,245,352,247966,0,0
time,10,sorted_deque,reprice_random_32,index_replace_ack_visible,20000,184,283,3032,79441,0,0
time,10,sorted_deque,reprice_random_128,index_replace_submit,20000,172,299,2960,819954,0,0
time,10,sorted_deque,reprice_random_128,index_replace_ack_visible,20000,217,334,3387,113909,0,0
time,10,sorted_deque,reprice_random_1024,index_replace_submit,4000,371,642,3955,17149,0,0
time,10,sorted_deque,reprice_random_1024,index_replace_ack_visible,4000,325,571,3888,41749,0,0
time,10,sorted_deque,reprice_random_4096,index_replace_submit,4000,894,4946,19024,36416,0,0
time,10,sorted_deque,reprice_random_4096,index_replace_ack_visible,4000,815,4849,17670,27172,0,0
time,10,sorted_deque,mixed_4_q0,fill_plus_queries,20000,67,93,2616,285199,0,0
time,10,sorted_deque,mixed_4_q1,fill_plus_queries,20000,89,155,2939,1389907,0,0
time,10,sorted_deque,mixed_4_q4,fill_plus_queries,20000,165,265,3531,28544,0,0
time,10,sorted_deque,mixed_4_q16,fill_plus_queries,20000,449,673,18850,514980,0,0
time,10,sorted_deque,mixed_32_q0,fill_plus_queries,20000,67,110,193,731039,0,0
time,10,sorted_deque,mixed_32_q1,fill_plus_queries,20000,103,159,274,292482,0,0
time,10,sorted_deque,mixed_32_q4,fill_plus_queries,20000,229,366,4150,167432,0,0
time,10,sorted_deque,mixed_32_q16,fill_plus_queries,20000,676,893,10085,75710,0,0
time,10,sorted_deque,mixed_128_q0,fill_plus_queries,20000,67,101,144,15480,0,0
time,10,sorted_deque,mixed_128_q1,fill_plus_queries,20000,118,168,310,688566,0,0
time,10,sorted_deque,mixed_128_q4,fill_plus_queries,20000,276,390,3277,27384,0,0
time,10,sorted_deque,mixed_128_q16,fill_plus_queries,20000,871,1092,12602,37573,0,0
time,10,sorted_deque,mixed_4096_q0,fill_plus_queries,4000,67,249,547,14613,0,0
time,10,sorted_deque,mixed_4096_q1,fill_plus_queries,4000,174,242,269,15522,0,0
time,10,sorted_deque,mixed_4096_q4,fill_plus_queries,4000,445,603,4946,40906,0,0
time,10,sorted_deque,mixed_4096_q16,fill_plus_queries,4000,1534,1938,15906,72886,0,0
time,10,sorted_deque,growth,new_order_price,20000,194,2338,6366,107648,0,0
time,10,sorted_deque,growth,first32_subset,32,241,706,706,3969,0,0
time,10,sorted_deque,growth,last_quarter_subset,5000,200,4769,6668,47455,0,0
time,10,sorted_deque,growth,every64_subset,313,2600,9014,14727,47455,0,0
time,10,sorted_deque,4096books_4near_2far,summary_random,20000,108,459,961,24533,0,0
time,10,sorted_deque,prototype_4,intent_to_command,20000,115,170,2849,36166,0,0
time,10,sorted_deque,prototype_4,queued_intent,20000,46,60,78,13874,0,0
time,10,sorted_deque,prototype_4,report_visible,20000,131,202,2990,19413,0,0
time,10,sorted_deque,prototype_4,ready_to_command,20000,126,212,2939,34026,0,0
time,10,sorted_deque,prototype_32,intent_to_command,20000,122,158,218,18147,0,0
time,10,sorted_deque,prototype_32,queued_intent,20000,46,49,63,21443,0,0
time,10,sorted_deque,prototype_32,report_visible,20000,139,180,280,13300,0,0
time,10,sorted_deque,prototype_32,ready_to_command,20000,132,182,288,18728,0,0
time,10,sorted_deque,prototype_128,intent_to_command,20000,147,239,406,56371,0,0
time,10,sorted_deque,prototype_128,queued_intent,20000,46,62,72,18263,0,0
time,10,sorted_deque,prototype_128,report_visible,20000,155,276,3277,19836,0,0
time,10,sorted_deque,prototype_128,ready_to_command,20000,154,295,559,122813,0,0
time,10,linear_orders,prices_4,summary_first,20000,46,48,73,3089,0,0
time,10,linear_orders,prices_4,summary_last,20000,47,55,72,2764,0,0
time,10,linear_orders,prices_4,summary_miss,20000,45,47,72,3314,0,0
time,10,linear_orders,prices_4,summary_random,20000,62,72,91,13527,0,0
time,10,linear_orders,prices_4,best,20000,40,42,64,19458,0,0
time,10,linear_orders,prices_4,sorted_range8,2000,88,113,151,387,0,0
time,10,linear_orders,prices_4,orders_at,2000,54,65,97,4004,0,0
time,10,linear_orders,prices_4,batch64_summary,2000,1903,2103,14714,22228,0,0
time,10,linear_orders,updates_4,index_fill_visible,20000,45,47,63,3981,0,0
time,10,linear_orders,updates_4,index_replace_submit,20000,45,51,82,3161,0,0
time,10,linear_orders,updates_4,index_replace_ack_visible,20000,45,47,71,12992,0,0
time,10,linear_orders,updates_4,index_cancel_submit,20000,45,47,70,27155,0,0
time,10,linear_orders,updates_4,index_terminal_visible,20000,50,52,73,13724,0,0
time,10,linear_orders,updates_4,index_reactivate,20000,46,48,70,21447,0,0
time,10,linear_orders,prices_8,summary_first,20000,54,69,82,188,0,0
time,10,linear_orders,prices_8,summary_last,20000,54,63,82,20859,0,0
time,10,linear_orders,prices_8,summary_miss,20000,53,55,104,13475,0,0
time,10,linear_orders,prices_8,summary_random,20000,68,87,105,19272,0,0
time,10,linear_orders,prices_8,best,20000,44,60,71,3104,0,0
time,10,linear_orders,prices_8,sorted_range8,2000,204,252,3039,3560,0,0
time,10,linear_orders,prices_8,orders_at,2000,60,72,111,2577,0,0
time,10,linear_orders,prices_8,batch64_summary,2000,2479,2930,15942,32556,0,0
time,10,linear_orders,updates_8,index_fill_visible,20000,45,48,63,249,0,0
time,10,linear_orders,updates_8,index_replace_submit,20000,46,51,71,3846,0,0
time,10,linear_orders,updates_8,index_replace_ack_visible,20000,45,48,71,30158,0,0
time,10,linear_orders,updates_8,index_cancel_submit,20000,45,48,70,11998,0,0
time,10,linear_orders,updates_8,index_terminal_visible,20000,50,53,71,17020,0,0
time,10,linear_orders,updates_8,index_reactivate,20000,46,48,70,11688,0,0
time,10,linear_orders,prices_16,summary_first,20000,62,96,135,14846,0,0
time,10,linear_orders,prices_16,summary_last,20000,63,97,133,21818,0,0
time,10,linear_orders,prices_16,summary_miss,20000,62,92,129,12606,0,0
time,10,linear_orders,prices_16,summary_random,20000,80,122,157,22820,0,0
time,10,linear_orders,prices_16,best,20000,49,75,102,79030,0,0
time,10,linear_orders,prices_16,sorted_range8,2000,351,426,793,18064,0,0
time,10,linear_orders,prices_16,orders_at,2000,71,92,111,186,0,0
time,10,linear_orders,prices_16,batch64_summary,2000,3858,6895,23513,58322,0,0
time,10,linear_orders,updates_16,index_fill_visible,20000,45,58,73,19056,0,0
time,10,linear_orders,updates_16,index_replace_submit,20000,45,59,93,13351,0,0
time,10,linear_orders,updates_16,index_replace_ack_visible,20000,45,58,77,3087,0,0
time,10,linear_orders,updates_16,index_cancel_submit,20000,45,58,71,3645,0,0
time,10,linear_orders,updates_16,index_terminal_visible,20000,51,68,90,13127,0,0
time,10,linear_orders,updates_16,index_reactivate,20000,46,58,71,3065,0,0
time,10,linear_orders,prices_32,summary_first,20000,80,91,165,11752,0,0
time,10,linear_orders,prices_32,summary_last,20000,80,100,161,20508,0,0
time,10,linear_orders,prices_32,summary_miss,20000,79,92,151,18203,0,0
time,10,linear_orders,prices_32,summary_random,20000,107,165,197,3545,0,0
time,10,linear_orders,prices_32,best,20000,63,81,104,26081,0,0
time,10,linear_orders,prices_32,sorted_range8,2000,758,792,3916,14487,0,0
time,10,linear_orders,prices_32,orders_at,2000,97,153,201,226,0,0
time,10,linear_orders,prices_32,batch64_summary,2000,5354,8676,21182,24690,0,0
time,10,linear_orders,updates_32,index_fill_visible,20000,44,57,69,27869,0,0
time,10,linear_orders,updates_32,index_replace_submit,20000,45,57,68,12673,0,0
time,10,linear_orders,updates_32,index_replace_ack_visible,20000,44,56,68,11164,0,0
time,10,linear_orders,updates_32,index_cancel_submit,20000,44,57,70,11452,0,0
time,10,linear_orders,updates_32,index_terminal_visible,20000,49,67,71,50910,0,0
time,10,linear_orders,updates_32,index_reactivate,20000,45,57,70,3689,0,0
time,10,linear_orders,prices_128,summary_first,20000,221,307,2692,22045,0,0
time,10,linear_orders,prices_128,summary_last,20000,224,310,3052,32393,0,0
time,10,linear_orders,prices_128,summary_miss,20000,226,311,2961,14239,0,0
time,10,linear_orders,prices_128,summary_random,20000,246,319,3182,30726,0,0
time,10,linear_orders,prices_128,best,20000,162,189,321,20734,0,0
time,10,linear_orders,prices_128,sorted_range8,2000,2696,2925,14360,15760,0,0
time,10,linear_orders,prices_128,orders_at,2000,228,329,3221,15403,0,0
time,10,linear_orders,updates_128,index_fill_visible,20000,45,57,71,13288,0,0
time,10,linear_orders,updates_128,index_replace_submit,20000,45,58,70,10872,0,0
time,10,linear_orders,updates_128,index_replace_ack_visible,20000,45,57,71,19107,0,0
time,10,linear_orders,updates_128,index_cancel_submit,20000,45,57,70,15104,0,0
time,10,linear_orders,updates_128,index_terminal_visible,20000,50,67,79,19613,0,0
time,10,linear_orders,updates_128,index_reactivate,20000,46,57,71,15859,0,0
time,10,linear_orders,prices_1024,summary_first,4000,1725,3020,20048,31027,0,0
time,10,linear_orders,prices_1024,summary_last,4000,1695,2582,15181,45704,0,0
time,10,linear_orders,prices_1024,summary_miss,4000,1728,2405,15231,19871,0,0
time,10,linear_orders,prices_1024,summary_random,4000,1738,2763,15456,22332,0,0
time,10,linear_orders,prices_1024,best,4000,1142,1693,13055,15433,0,0
time,10,linear_orders,prices_1024,sorted_range8,2000,20174,38419,63059,167580,0,0
time,10,linear_orders,prices_1024,orders_at,2000,1506,2418,15097,65503,0,0
time,10,linear_orders,updates_1024,index_fill_visible,4000,45,58,61,4134,0,0
time,10,linear_orders,updates_1024,index_replace_submit,4000,46,58,63,192,0,0
time,10,linear_orders,updates_1024,index_replace_ack_visible,4000,45,57,62,11774,0,0
time,10,linear_orders,updates_1024,index_cancel_submit,4000,45,57,59,12806,0,0
time,10,linear_orders,updates_1024,index_terminal_visible,4000,50,67,69,90,0,0
time,10,linear_orders,updates_1024,index_reactivate,4000,46,59,61,77,0,0
time,10,linear_orders,prices_4096,summary_first,4000,6915,16149,35508,91713,0,0
time,10,linear_orders,prices_4096,summary_last,4000,6752,17600,27462,65570,0,0
time,10,linear_orders,prices_4096,summary_miss,4000,6920,17582,34068,120953,0,0
time,10,linear_orders,prices_4096,summary_random,4000,6757,13042,40460,104720,0,0
time,10,linear_orders,prices_4096,best,4000,4448,8265,21461,24755,0,0
time,10,linear_orders,prices_4096,sorted_range8,2000,79609,111292,139353,183449,0,0
time,10,linear_orders,prices_4096,orders_at,2000,5969,18496,27681,38768,0,0
time,10,linear_orders,updates_4096,index_fill_visible,4000,45,58,67,153,0,0
time,10,linear_orders,updates_4096,index_replace_submit,4000,46,60,199,4079,0,0
time,10,linear_orders,updates_4096,index_replace_ack_visible,4000,45,58,63,82,0,0
time,10,linear_orders,updates_4096,index_cancel_submit,4000,46,58,65,22476,0,0
time,10,linear_orders,updates_4096,index_terminal_visible,4000,50,63,72,98,0,0
time,10,linear_orders,updates_4096,index_reactivate,4000,46,59,103,11916,0,0
time,10,linear_orders,crowded_32,summary_first,4000,113,121,208,11916,0,0
time,10,linear_orders,crowded_32,summary_last,4000,113,124,171,3870,0,0
time,10,linear_orders,crowded_32,summary_miss,4000,78,99,158,199,0,0
time,10,linear_orders,crowded_32,summary_random,4000,114,121,173,13531,0,0
time,10,linear_orders,crowded_32,best,4000,63,65,110,4076,0,0
time,10,linear_orders,crowded_32,sorted_range8,2000,218,243,278,512,0,0
time,10,linear_orders,crowded_32,orders_at,2000,74,77,95,253,0,0
time,10,linear_orders,crowded_32,batch64_summary,2000,5338,9816,32496,156037,0,0
time,10,linear_orders,crowded_4096,summary_first,4000,12009,26590,96624,1002761,0,0
time,10,linear_orders,crowded_4096,summary_last,4000,12013,25235,46939,2239528,0,0
time,10,linear_orders,crowded_4096,summary_miss,4000,6781,18348,39671,326849,0,0
time,10,linear_orders,crowded_4096,summary_random,4000,12014,25000,57805,397592,0,0
time,10,linear_orders,crowded_4096,best,4000,4492,9322,24248,373325,0,0
time,10,linear_orders,crowded_4096,sorted_range8,2000,18483,35070,54200,93382,0,0
time,10,linear_orders,crowded_4096,orders_at,2000,6829,12370,27242,55302,0,0
time,10,linear_orders,reprice_random_8,index_replace_submit,20000,46,70,199,26714,0,0
time,10,linear_orders,reprice_random_8,index_replace_ack_visible,20000,45,65,90,22041,0,0
time,10,linear_orders,reprice_random_32,index_replace_submit,20000,46,73,184,824596,0,0
time,10,linear_orders,reprice_random_32,index_replace_ack_visible,20000,45,66,97,2980,0,0
time,10,linear_orders,reprice_random_128,index_replace_submit,20000,46,59,71,12602,0,0
time,10,linear_orders,reprice_random_128,index_replace_ack_visible,20000,45,57,67,22522,0,0
time,10,linear_orders,reprice_random_1024,index_replace_submit,4000,48,113,359,77352,0,0
time,10,linear_orders,reprice_random_1024,index_replace_ack_visible,4000,46,135,322,2893,0,0
time,10,linear_orders,reprice_random_4096,index_replace_submit,4000,47,72,165,228,0,0
time,10,linear_orders,reprice_random_4096,index_replace_ack_visible,4000,45,61,115,5973,0,0
time,10,linear_orders,mixed_4_q0,fill_plus_queries,20000,45,66,83,87614,0,0
time,10,linear_orders,mixed_4_q1,fill_plus_queries,20000,73,98,123,75690,0,0
time,10,linear_orders,mixed_4_q4,fill_plus_queries,20000,173,254,371,67697,0,0
time,10,linear_orders,mixed_4_q16,fill_plus_queries,20000,524,807,6254,25714,0,0
time,10,linear_orders,mixed_32_q0,fill_plus_queries,20000,45,57,64,40388,0,0
time,10,linear_orders,mixed_32_q1,fill_plus_queries,20000,116,158,2725,17900,0,0
time,10,linear_orders,mixed_32_q4,fill_plus_queries,20000,369,694,4668,33096,0,0
time,10,linear_orders,mixed_32_q16,fill_plus_queries,20000,1297,4090,20382,2750068,0,0
time,10,linear_orders,mixed_128_q0,fill_plus_queries,20000,45,57,69,16770,0,0
time,10,linear_orders,mixed_128_q1,fill_plus_queries,20000,245,496,3303,80440,0,0
time,10,linear_orders,mixed_128_q4,fill_plus_queries,20000,884,1847,18064,63995,0,0
time,10,linear_orders,mixed_128_q16,fill_plus_queries,20000,3368,10271,31617,111520,0,0
time,10,linear_orders,mixed_4096_q0,fill_plus_queries,4000,46,70,157,32945,0,0
time,10,linear_orders,mixed_4096_q1,fill_plus_queries,4000,6622,23965,38658,61879,0,0
time,10,linear_orders,mixed_4096_q4,fill_plus_queries,4000,26652,71616,388221,2109252,0,0
time,10,linear_orders,mixed_4096_q16,fill_plus_queries,4000,111036,236391,975932,3420363,0,0
time,10,linear_orders,growth,new_order_price,20000,87,1604,3250,77689,0,0
time,10,linear_orders,growth,first32_subset,32,99,636,636,4906,0,0
time,10,linear_orders,growth,last_quarter_subset,5000,87,631,2725,77689,0,0
time,10,linear_orders,growth,every64_subset,313,1925,14788,36104,77689,0,0
time,10,linear_orders,4096books_4near_2far,summary_random,20000,194,547,796,129947,0,0
time,10,linear_orders,prototype_4,intent_to_command,20000,61,84,114,22032,0,0
time,10,linear_orders,prototype_4,queued_intent,20000,46,58,82,81249,0,0
time,10,linear_orders,prototype_4,report_visible,20000,62,96,177,16667,0,0
time,10,linear_orders,prototype_4,ready_to_command,20000,71,116,187,17394,0,0
time,10,linear_orders,prototype_32,intent_to_command,20000,61,83,117,19569,0,0
time,10,linear_orders,prototype_32,queued_intent,20000,46,57,73,23913,0,0
time,10,linear_orders,prototype_32,report_visible,20000,62,96,154,21622,0,0
time,10,linear_orders,prototype_32,ready_to_command,20000,70,115,177,18443,0,0
time,10,linear_orders,prototype_128,intent_to_command,20000,61,65,84,3551,0,0
time,10,linear_orders,prototype_128,queued_intent,20000,46,47,61,13710,0,0
time,10,linear_orders,prototype_128,report_visible,20000,63,66,128,12521,0,0
time,10,linear_orders,prototype_128,ready_to_command,20000,70,99,131,30321,0,0
time,10,linear_prices,prices_4,summary_first,20000,46,67,89,26270,0,0
time,10,linear_prices,prices_4,summary_last,20000,45,71,92,198782,0,0
time,10,linear_prices,prices_4,summary_miss,20000,39,68,100,13683,0,0
time,10,linear_prices,prices_4,summary_random,20000,55,93,111,16361,0,0
time,10,linear_prices,prices_4,best,20000,34,71,82,39494,0,0
time,10,linear_prices,prices_4,sorted_range8,2000,63,65,197,226,0,0
time,10,linear_prices,prices_4,orders_at,2000,47,51,73,92,0,0
time,10,linear_prices,prices_4,batch64_summary,2000,1375,1739,19364,38171,0,0
time,10,linear_prices,updates_4,index_fill_visible,20000,66,97,191,14756,0,0
time,10,linear_prices,updates_4,index_replace_submit,20000,89,132,183,27554,0,0
time,10,linear_prices,updates_4,index_replace_ack_visible,20000,123,168,236,12693,0,0
time,10,linear_prices,updates_4,index_cancel_submit,20000,66,94,131,3588,0,0
time,10,linear_prices,updates_4,index_terminal_visible,20000,87,119,166,24299,0,0
time,10,linear_prices,updates_4,index_reactivate,20000,107,134,180,21757,0,0
time,10,linear_prices,prices_8,summary_first,20000,46,79,124,19078,0,0
time,10,linear_prices,prices_8,summary_last,20000,45,82,109,15058,0,0
time,10,linear_prices,prices_8,summary_miss,20000,42,72,98,14050,0,0
time,10,linear_prices,prices_8,summary_random,20000,56,99,183,24418,0,0
time,10,linear_prices,prices_8,best,20000,34,73,80,13865,0,0
time,10,linear_prices,prices_8,sorted_range8,2000,116,189,450,19048,0,0
time,10,linear_prices,prices_8,orders_at,2000,48,59,93,107,0,0
time,10,linear_prices,prices_8,batch64_summary,2000,1578,1961,18480,23946,0,0
time,10,linear_prices,updates_8,index_fill_visible,20000,66,105,2217,202395,0,0
time,10,linear_prices,updates_8,index_replace_submit,20000,90,152,664,23679,0,0
time,10,linear_prices,updates_8,index_replace_ack_visible,20000,132,206,2387,2102969,0,0
time,10,linear_prices,updates_8,index_cancel_submit,20000,66,102,165,3620,0,0
time,10,linear_prices,updates_8,index_terminal_visible,20000,96,146,2292,18644,0,0
time,10,linear_prices,updates_8,index_reactivate,20000,109,153,2295,308460,0,0
time,10,linear_prices,prices_16,summary_first,20000,46,63,192,207139,0,0
time,10,linear_prices,prices_16,summary_last,20000,50,71,101,4276,0,0
time,10,linear_prices,prices_16,summary_miss,20000,48,66,116,35564,0,0
time,10,linear_prices,prices_16,summary_random,20000,59,91,249,63159,0,0
time,10,linear_prices,prices_16,best,20000,34,56,86,2938,0,0
time,10,linear_prices,prices_16,sorted_range8,2000,299,424,3697,3865,0,0
time,10,linear_prices,prices_16,orders_at,2000,75,109,237,3113,0,0
time,10,linear_prices,prices_16,batch64_summary,2000,1810,4148,18275,57740,0,0
time,10,linear_prices,updates_16,index_fill_visible,20000,67,125,373,31041,0,0
time,10,linear_prices,updates_16,index_replace_submit,20000,96,178,2408,878048,0,0
time,10,linear_prices,updates_16,index_replace_ack_visible,20000,163,270,4138,2100886,0,0
time,10,linear_prices,updates_16,index_cancel_submit,20000,66,119,2342,60503,0,0
time,10,linear_prices,updates_16,index_terminal_visible,20000,114,193,3012,856615,0,0
time,10,linear_prices,updates_16,index_reactivate,20000,121,197,3341,110480,0,0
time,10,linear_prices,prices_32,summary_first,20000,45,58,75,11296,0,0
time,10,linear_prices,prices_32,summary_last,20000,60,76,164,13714,0,0
time,10,linear_prices,prices_32,summary_miss,20000,59,70,145,12076,0,0
time,10,linear_prices,prices_32,summary_random,20000,64,89,225,21246,0,0
time,10,linear_prices,prices_32,best,20000,34,49,66,214,0,0
time,10,linear_prices,prices_32,sorted_range8,2000,348,684,16493,27695,0,0
time,10,linear_prices,prices_32,orders_at,2000,67,113,2801,4597,0,0
time,10,linear_prices,prices_32,batch64_summary,2000,2225,2593,32269,317778,0,0
time,10,linear_prices,updates_32,index_fill_visible,20000,67,95,180,20406,0,0
time,10,linear_prices,updates_32,index_replace_submit,20000,104,156,218,23884,0,0
time,10,linear_prices,updates_32,index_replace_ack_visible,20000,201,250,419,32272,0,0
time,10,linear_prices,updates_32,index_cancel_submit,20000,66,90,121,24311,0,0
time,10,linear_prices,updates_32,index_terminal_visible,20000,148,179,259,19561,0,0
time,10,linear_prices,updates_32,index_reactivate,20000,130,181,248,12171,0,0
time,10,linear_prices,prices_128,summary_first,20000,45,56,76,12299,0,0
time,10,linear_prices,prices_128,summary_last,20000,89,131,158,16358,0,0
time,10,linear_prices,prices_128,summary_miss,20000,84,127,173,41296,0,0
time,10,linear_prices,prices_128,summary_random,20000,82,126,167,14719,0,0
time,10,linear_prices,prices_128,best,20000,34,56,76,23396,0,0
time,10,linear_prices,prices_128,sorted_range8,2000,1275,2240,17013,22964,0,0
time,10,linear_prices,prices_128,orders_at,2000,85,149,204,255,0,0
time,10,linear_prices,updates_128,index_fill_visible,20000,71,108,191,17369,0,0
time,10,linear_prices,updates_128,index_replace_submit,20000,166,304,416,104504,0,0
time,10,linear_prices,updates_128,index_replace_ack_visible,20000,442,602,4689,30697,0,0
time,10,linear_prices,updates_128,index_cancel_submit,20000,66,104,140,23772,0,0
time,10,linear_prices,updates_128,index_terminal_visible,20000,371,462,750,33985,0,0
time,10,linear_prices,updates_128,index_reactivate,20000,245,403,559,191919,0,0
time,10,linear_prices,prices_1024,summary_first,4000,45,65,110,530,0,0
time,10,linear_prices,prices_1024,summary_last,4000,416,675,3982,16292,0,0
time,10,linear_prices,prices_1024,summary_miss,4000,422,640,4359,17114,0,0
time,10,linear_prices,prices_1024,summary_random,4000,265,569,3679,41058,0,0
time,10,linear_prices,prices_1024,best,4000,34,55,70,18811,0,0
time,10,linear_prices,prices_1024,sorted_range8,2000,10099,28182,49921,185867,0,0
time,10,linear_prices,prices_1024,orders_at,2000,296,645,3481,13356,0,0
time,10,linear_prices,updates_1024,index_fill_visible,4000,73,233,459,3044,0,0
time,10,linear_prices,updates_1024,index_replace_submit,4000,830,3912,6180,18098,0,0
time,10,linear_prices,updates_1024,index_replace_ack_visible,4000,2602,6076,24525,979932,0,0
time,10,linear_prices,updates_1024,index_cancel_submit,4000,67,161,3027,12928,0,0
time,10,linear_prices,updates_1024,index_terminal_visible,4000,2367,5628,22574,33047,0,0
time,10,linear_prices,updates_1024,index_reactivate,4000,1205,4353,19450,53579,0,0
time,10,linear_prices,prices_4096,summary_first,4000,69,158,3185,3763,0,0
time,10,linear_prices,prices_4096,summary_last,4000,2246,6335,30534,61621,0,0
time,10,linear_prices,prices_4096,summary_miss,4000,2256,6306,37599,49973,0,0
time,10,linear_prices,prices_4096,summary_random,4000,1225,5291,29585,41340,0,0
time,10,linear_prices,prices_4096,best,4000,51,96,286,3705,0,0
time,10,linear_prices,prices_4096,sorted_range8,2000,57630,92936,141316,8038737,0,0
time,10,linear_prices,prices_4096,orders_at,2000,1150,4939,13916,25251,0,0
time,10,linear_prices,updates_4096,index_fill_visible,4000,144,583,3756,13657,0,0
time,10,linear_prices,updates_4096,index_replace_submit,4000,4235,10572,49969,96543,0,0
time,10,linear_prices,updates_4096,index_replace_ack_visible,4000,10642,32806,49664,85183,0,0
time,10,linear_prices,updates_4096,index_cancel_submit,4000,106,291,3362,28495,0,0
time,10,linear_prices,updates_4096,index_terminal_visible,4000,9590,22448,59319,186493,0,0
time,10,linear_prices,updates_4096,index_reactivate,4000,6443,25720,59384,441325,0,0
time,10,linear_prices,crowded_32,summary_first,4000,45,49,215,12693,0,0
time,10,linear_prices,crowded_32,summary_last,4000,45,49,69,13846,0,0
time,10,linear_prices,crowded_32,summary_miss,4000,38,41,53,62,0,0
time,10,linear_prices,crowded_32,summary_random,4000,47,50,60,49647,0,0
time,10,linear_prices,crowded_32,best,4000,34,39,49,216,0,0
time,10,linear_prices,crowded_32,sorted_range8,2000,41,49,66,109,0,0
time,10,linear_prices,crowded_32,orders_at,2000,187,204,307,19212,0,0
time,10,linear_prices,crowded_32,batch64_summary,2000,425,497,3637,14825,0,0
time,10,linear_prices,crowded_4096,summary_first,4000,71,171,259,3082,0,0
time,10,linear_prices,crowded_4096,summary_last,4000,46,70,159,3590,0,0
time,10,linear_prices,crowded_4096,summary_miss,4000,38,57,77,118,0,0
time,10,linear_prices,crowded_4096,summary_random,4000,47,65,503,3567,0,0
time,10,linear_prices,crowded_4096,best,4000,34,59,81,3110,0,0
time,10,linear_prices,crowded_4096,sorted_range8,2000,42,81,155,19590,0,0
time,10,linear_prices,crowded_4096,orders_at,2000,24537,49932,72236,103972,0,0
time,10,linear_prices,reprice_random_8,index_replace_submit,20000,90,146,382,32449,0,0
time,10,linear_prices,reprice_random_8,index_replace_ack_visible,20000,131,200,2916,50312,0,0
time,10,linear_prices,reprice_random_32,index_replace_submit,20000,103,195,2923,48309,0,0
time,10,linear_prices,reprice_random_32,index_replace_ack_visible,20000,198,292,3169,126798,0,0
time,10,linear_prices,reprice_random_128,index_replace_submit,20000,167,273,368,19717,0,0
time,10,linear_prices,reprice_random_128,index_replace_ack_visible,20000,434,525,3606,32469,0,0
time,10,linear_prices,reprice_random_1024,index_replace_submit,4000,836,1424,13104,114461,0,0
time,10,linear_prices,reprice_random_1024,index_replace_ack_visible,4000,2618,3413,126486,220131,0,0
time,10,linear_prices,reprice_random_4096,index_replace_submit,4000,3091,6721,69725,267793,0,0
time,10,linear_prices,reprice_random_4096,index_replace_ack_visible,4000,10121,23474,69405,203236,0,0
time,10,linear_prices,mixed_4_q0,fill_plus_queries,20000,67,96,158,59611,0,0
time,10,linear_prices,mixed_4_q1,fill_plus_queries,20000,84,125,153,11733,0,0
time,10,linear_prices,mixed_4_q4,fill_plus_queries,20000,151,224,360,57936,0,0
time,10,linear_prices,mixed_4_q16,fill_plus_queries,20000,400,597,12546,394698,0,0
time,10,linear_prices,mixed_32_q0,fill_plus_queries,20000,67,84,173,24437,0,0
time,10,linear_prices,mixed_32_q1,fill_plus_queries,20000,90,126,2783,16904,0,0
time,10,linear_prices,mixed_32_q4,fill_plus_queries,20000,195,272,3121,37998,0,0
time,10,linear_prices,mixed_32_q16,fill_plus_queries,20000,566,719,4333,32285,0,0
time,10,linear_prices,mixed_128_q0,fill_plus_queries,20000,70,88,98,20764,0,0
time,10,linear_prices,mixed_128_q1,fill_plus_queries,20000,114,150,174,11632,0,0
time,10,linear_prices,mixed_128_q4,fill_plus_queries,20000,306,540,23851,395205,0,0
time,10,linear_prices,mixed_128_q16,fill_plus_queries,20000,914,1247,13140,622033,0,0
time,10,linear_prices,mixed_4096_q0,fill_plus_queries,4000,67,304,619,13495,0,0
time,10,linear_prices,mixed_4096_q1,fill_plus_queries,4000,1041,2487,13502,45113,0,0
time,10,linear_prices,mixed_4096_q4,fill_plus_queries,4000,3729,7988,23775,48969,0,0
time,10,linear_prices,mixed_4096_q16,fill_plus_queries,4000,14817,32224,62688,164591,0,0
time,10,linear_prices,growth,new_order_price,20000,11428,34280,59019,1896397,0,0
time,10,linear_prices,growth,first32_subset,32,261,707,707,5707,0,0
time,10,linear_prices,growth,last_quarter_subset,5000,19212,41162,69089,1896397,0,0
time,10,linear_prices,growth,every64_subset,313,16828,45960,80104,187009,0,0
time,10,linear_prices,4096books_4near_2far,summary_random,20000,110,648,1017,25256,0,0
time,10,linear_prices,prototype_4,intent_to_command,20000,102,160,225,19689,0,0
time,10,linear_prices,prototype_4,queued_intent,20000,46,60,105,34826,0,0
time,10,linear_prices,prototype_4,report_visible,20000,134,241,376,30602,0,0
time,10,linear_prices,prototype_4,ready_to_command,20000,112,214,380,29397,0,0
time,10,linear_prices,prototype_32,intent_to_command,20000,113,169,233,13399,0,0
time,10,linear_prices,prototype_32,queued_intent,20000,46,55,67,13249,0,0
time,10,linear_prices,prototype_32,report_visible,20000,219,283,463,26856,0,0
time,10,linear_prices,prototype_32,ready_to_command,20000,125,202,275,30798,0,0
time,10,linear_prices,prototype_128,intent_to_command,20000,186,326,475,21520,0,0
time,10,linear_prices,prototype_128,queued_intent,20000,46,66,89,12799,0,0
time,10,linear_prices,prototype_128,report_visible,20000,467,631,3970,31380,0,0
time,10,linear_prices,prototype_128,ready_to_command,20000,205,362,564,209751,0,0
time,10,absl_btree,prices_4,summary_first,20000,46,54,66,3810,0,0
time,10,absl_btree,prices_4,summary_last,20000,45,54,74,27674,0,0
time,10,absl_btree,prices_4,summary_miss,20000,40,48,71,12677,0,0
time,10,absl_btree,prices_4,summary_random,20000,58,76,96,34525,0,0
time,10,absl_btree,prices_4,best,20000,34,48,62,11765,0,0
time,10,absl_btree,prices_4,sorted_range8,2000,48,75,122,3680,0,0
time,10,absl_btree,prices_4,orders_at,2000,48,62,119,308,0,0
time,10,absl_btree,prices_4,batch64_summary,2000,1570,1898,12862,24690,0,0
time,10,absl_btree,updates_4,index_fill_visible,20000,67,127,257,18423,0,0
time,10,absl_btree,updates_4,index_replace_submit,20000,112,176,256,17427,0,0
time,10,absl_btree,updates_4,index_replace_ack_visible,20000,144,230,453,50359,0,0
time,10,absl_btree,updates_4,index_cancel_submit,20000,67,99,126,4850,0,0
time,10,absl_btree,updates_4,index_terminal_visible,20000,108,180,254,12173,0,0
time,10,absl_btree,updates_4,index_reactivate,20000,124,184,296,33207,0,0
time,10,absl_btree,prices_8,summary_first,20000,46,56,86,17114,0,0
time,10,absl_btree,prices_8,summary_last,20000,47,59,87,15488,0,0
time,10,absl_btree,prices_8,summary_miss,20000,40,49,65,2749,0,0
time,10,absl_btree,prices_8,summary_random,20000,60,78,115,4462,0,0
time,10,absl_btree,prices_8,best,20000,34,46,75,18342,0,0
time,10,absl_btree,prices_8,sorted_range8,2000,58,95,201,3815,0,0
time,10,absl_btree,prices_8,orders_at,2000,48,81,156,50759,0,0
time,10,absl_btree,prices_8,batch64_summary,2000,1792,4548,26527,36058,0,0
time,10,absl_btree,updates_8,index_fill_visible,20000,67,130,298,12480,0,0
time,10,absl_btree,updates_8,index_replace_submit,20000,113,202,638,17894,0,0
time,10,absl_btree,updates_8,index_replace_ack_visible,20000,149,264,3037,25577,0,0
time,10,absl_btree,updates_8,index_cancel_submit,20000,67,107,189,21091,0,0
time,10,absl_btree,updates_8,index_terminal_visible,20000,112,202,363,184546,0,0
time,10,absl_btree,updates_8,index_reactivate,20000,127,216,2863,19739,0,0
time,10,absl_btree,prices_16,summary_first,20000,48,61,94,16574,0,0
time,10,absl_btree,prices_16,summary_last,20000,50,63,109,28708,0,0
time,10,absl_btree,prices_16,summary_miss,20000,42,53,111,4258,0,0
time,10,absl_btree,prices_16,summary_random,20000,65,97,201,22538,0,0
time,10,absl_btree,prices_16,best,20000,34,50,81,3342,0,0
time,10,absl_btree,prices_16,sorted_range8,2000,59,79,138,14022,0,0
time,10,absl_btree,prices_16,orders_at,2000,52,92,126,145,0,0
time,10,absl_btree,prices_16,batch64_summary,2000,2297,5138,23559,43214,0,0
time,10,absl_btree,updates_16,index_fill_visible,20000,67,110,271,21128,0,0
time,10,absl_btree,updates_16,index_replace_submit,20000,119,215,349,18367,0,0
time,10,absl_btree,updates_16,index_replace_ack_visible,20000,157,269,2958,18386,0,0
time,10,absl_btree,updates_16,index_cancel_submit,20000,67,104,169,21375,0,0
time,10,absl_btree,updates_16,index_terminal_visible,20000,119,213,2933,33542,0,0
time,10,absl_btree,updates_16,index_reactivate,20000,134,226,413,21312,0,0
time,10,absl_btree,prices_32,summary_first,20000,48,61,88,13948,0,0
time,10,absl_btree,prices_32,summary_last,20000,52,68,91,40209,0,0
time,10,absl_btree,prices_32,summary_miss,20000,42,55,80,49957,0,0
time,10,absl_btree,prices_32,summary_random,20000,72,102,138,14330,0,0
time,10,absl_btree,prices_32,best,20000,34,45,59,21499,0,0
time,10,absl_btree,prices_32,sorted_range8,2000,59,65,169,238,0,0
time,10,absl_btree,prices_32,orders_at,2000,52,87,152,225,0,0
time,10,absl_btree,prices_32,batch64_summary,2000,2530,3206,20703,26694,0,0
time,10,absl_btree,updates_32,index_fill_visible,20000,67,103,177,17731,0,0
time,10,absl_btree,updates_32,index_replace_submit,20000,139,254,393,31026,0,0
time,10,absl_btree,updates_32,index_replace_ack_visible,20000,178,301,523,36329,0,0
time,10,absl_btree,updates_32,index_cancel_submit,20000,67,101,146,23107,0,0
time,10,absl_btree,updates_32,index_terminal_visible,20000,132,241,431,17936,0,0
time,10,absl_btree,updates_32,index_reactivate,20000,152,248,435,26317,0,0
time,10,absl_btree,prices_128,summary_first,20000,51,64,138,14482,0,0
time,10,absl_btree,prices_128,summary_last,20000,56,71,208,22423,0,0
time,10,absl_btree,prices_128,summary_miss,20000,44,58,128,22807,0,0
time,10,absl_btree,prices_128,summary_random,20000,80,122,255,35403,0,0
time,10,absl_btree,prices_128,best,20000,34,49,80,17688,0,0
time,10,absl_btree,prices_128,sorted_range8,2000,61,93,200,284,0,0
time,10,absl_btree,prices_128,orders_at,2000,57,110,173,3332,0,0
time,10,absl_btree,updates_128,index_fill_visible,20000,71,123,219,23347,0,0
time,10,absl_btree,updates_128,index_replace_submit,20000,207,345,3178,24660,0,0
time,10,absl_btree,updates_128,index_replace_ack_visible,20000,278,453,3526,47647,0,0
time,10,absl_btree,updates_128,index_cancel_submit,20000,67,108,149,24490,0,0
time,10,absl_btree,updates_128,index_terminal_visible,20000,197,341,3172,33103,0,0
time,10,absl_btree,updates_128,index_reactivate,20000,253,415,3441,31417,0,0
time,10,absl_btree,prices_1024,summary_first,4000,51,61,80,3446,0,0
time,10,absl_btree,prices_1024,summary_last,4000,54,71,174,3435,0,0
time,10,absl_btree,prices_1024,summary_miss,4000,44,55,87,15419,0,0
time,10,absl_btree,prices_1024,summary_random,4000,99,183,247,15324,0,0
time,10,absl_btree,prices_1024,best,4000,34,45,77,2912,0,0
time,10,absl_btree,prices_1024,sorted_range8,2000,62,96,202,3196,0,0
time,10,absl_btree,prices_1024,orders_at,2000,96,181,366,76201,0,0
time,10,absl_btree,updates_1024,index_fill_visible,4000,70,247,426,757,0,0
time,10,absl_btree,updates_1024,index_replace_submit,4000,238,419,3537,20837,0,0
time,10,absl_btree,updates_1024,index_replace_ack_visible,4000,304,567,1268,22275,0,0
time,10,absl_btree,updates_1024,index_cancel_submit,4000,67,120,236,4814,0,0
time,10,absl_btree,updates_1024,index_terminal_visible,4000,212,429,4970,38538,0,0
time,10,absl_btree,updates_1024,index_reactivate,4000,289,527,3543,21783,0,0
time,10,absl_btree,prices_4096,summary_first,4000,53,66,212,13643,0,0
time,10,absl_btree,prices_4096,summary_last,4000,61,71,122,219,0,0
time,10,absl_btree,prices_4096,summary_miss,4000,47,62,118,4397,0,0
time,10,absl_btree,prices_4096,summary_random,4000,130,316,451,4834,0,0
time,10,absl_btree,prices_4096,best,4000,34,40,57,64557,0,0
time,10,absl_btree,prices_4096,sorted_range8,2000,64,77,210,18604,0,0
time,10,absl_btree,prices_4096,orders_at,2000,126,300,478,3925,0,0
time,10,absl_btree,updates_4096,index_fill_visible,4000,70,226,345,14325,0,0
time,10,absl_btree,updates_4096,index_replace_submit,4000,243,413,643,35381,0,0
time,10,absl_btree,updates_4096,index_replace_ack_visible,4000,254,576,856,15487,0,0
time,10,absl_btree,updates_4096,index_cancel_submit,4000,67,112,363,18173,0,0
time,10,absl_btree,updates_4096,index_terminal_visible,4000,208,415,963,13226,0,0
time,10,absl_btree,updates_4096,index_reactivate,4000,276,450,617,14078,0,0
time,10,absl_btree,crowded_32,summary_first,4000,46,48,68,143,0,0
time,10,absl_btree,crowded_32,summary_last,4000,46,48,58,104,0,0
time,10,absl_btree,crowded_32,summary_miss,4000,40,42,59,225,0,0
time,10,absl_btree,crowded_32,summary_random,4000,48,50,67,89,0,0
time,10,absl_btree,crowded_32,best,4000,34,36,57,40352,0,0
time,10,absl_btree,crowded_32,sorted_range8,2000,41,53,91,177,0,0
time,10,absl_btree,crowded_32,orders_at,2000,187,201,286,19751,0,0
time,10,absl_btree,crowded_32,batch64_summary,2000,517,525,766,13131,0,0
time,10,absl_btree,crowded_4096,summary_first,4000,71,154,231,874,0,0
time,10,absl_btree,crowded_4096,summary_last,4000,46,67,92,4030,0,0
time,10,absl_btree,crowded_4096,summary_miss,4000,40,68,91,14920,0,0
time,10,absl_btree,crowded_4096,summary_random,4000,48,61,92,231,0,0
time,10,absl_btree,crowded_4096,best,4000,34,57,76,22542,0,0
time,10,absl_btree,crowded_4096,sorted_range8,2000,42,79,107,178,0,0
time,10,absl_btree,crowded_4096,orders_at,2000,24350,44796,292415,973689,0,0
time,10,absl_btree,reprice_random_8,index_replace_submit,20000,123,220,372,19514,0,0
time,10,absl_btree,reprice_random_8,index_replace_ack_visible,20000,172,285,642,74830,0,0
time,10,absl_btree,reprice_random_32,index_replace_submit,20000,166,282,427,15570,0,0
time,10,absl_btree,reprice_random_32,index_replace_ack_visible,20000,250,367,541,23058,0,0
time,10,absl_btree,reprice_random_128,index_replace_submit,20000,214,416,4279,620742,0,0
time,10,absl_btree,reprice_random_128,index_replace_ack_visible,20000,303,517,4067,241448,0,0
time,10,absl_btree,reprice_random_1024,index_replace_submit,4000,292,479,700,25202,0,0
time,10,absl_btree,reprice_random_1024,index_replace_ack_visible,4000,361,579,4800,19891,0,0
time,10,absl_btree,reprice_random_4096,index_replace_submit,4000,340,661,4590,21190,0,0
time,10,absl_btree,reprice_random_4096,index_replace_ack_visible,4000,409,658,1151,28718,0,0
time,10,absl_btree,mixed_4_q0,fill_plus_queries,20000,67,82,168,20615,0,0
time,10,absl_btree,mixed_4_q1,fill_plus_queries,20000,89,126,162,16808,0,0
time,10,absl_btree,mixed_4_q4,fill_plus_queries,20000,165,230,414,22903,0,0
time,10,absl_btree,mixed_4_q16,fill_plus_queries,20000,471,613,4287,43024,0,0
time,10,absl_btree,mixed_32_q0,fill_plus_queries,20000,67,83,2691,21146,0,0
time,10,absl_btree,mixed_32_q1,fill_plus_queries,20000,101,128,224,20190,0,0
time,10,absl_btree,mixed_32_q4,fill_plus_queries,20000,222,278,2987,33707,0,0
time,10,absl_btree,mixed_32_q16,fill_plus_queries,20000,678,979,26831,199439,0,0
time,10,absl_btree,mixed_128_q0,fill_plus_queries,20000,68,112,3005,35377,0,0
time,10,absl_btree,mixed_128_q1,fill_plus_queries,20000,114,201,3285,128718,0,0
time,10,absl_btree,mixed_128_q4,fill_plus_queries,20000,312,417,4496,50729,0,0
time,10,absl_btree,mixed_128_q16,fill_plus_queries,20000,934,1116,18173,36860,0,0
time,10,absl_btree,mixed_4096_q0,fill_plus_queries,4000,92,282,477,27790,0,0
time,10,absl_btree,mixed_4096_q1,fill_plus_queries,4000,206,359,4111,25375,0,0
time,10,absl_btree,mixed_4096_q4,fill_plus_queries,4000,461,695,7702,48518,0,0
time,10,absl_btree,mixed_4096_q16,fill_plus_queries,4000,1210,1526,14361,43433,0,0
time,10,absl_btree,growth,new_order_price,20000,342,3219,7686,49959,0,0
time,10,absl_btree,growth,first32_subset,32,308,591,591,4612,0,0
time,10,absl_btree,growth,last_quarter_subset,5000,358,5354,8220,49959,0,0
time,10,absl_btree,growth,every64_subset,313,4064,15252,19248,49959,0,0
time,10,absl_btree,4096books_4near_2far,summary_random,20000,109,505,817,40979,0,0
time,10,absl_btree,prototype_4,intent_to_command,20000,123,201,324,50389,0,0
time,10,absl_btree,prototype_4,queued_intent,20000,46,59,74,3773,0,0
time,10,absl_btree,prototype_4,report_visible,20000,160,273,533,61100,0,0
time,10,absl_btree,prototype_4,ready_to_command,20000,133,235,380,180015,0,0
time,10,absl_btree,prototype_32,intent_to_command,20000,135,276,20620,44693,0,0
time,10,absl_btree,prototype_32,queued_intent,20000,46,82,144,38862,0,0
time,10,absl_btree,prototype_32,report_visible,20000,189,417,21691,60167,0,0
time,10,absl_btree,prototype_32,ready_to_command,20000,149,357,22021,30986,0,0
time,10,absl_btree,prototype_128,intent_to_command,20000,198,372,21591,76094,0,0
time,10,absl_btree,prototype_128,queued_intent,20000,46,86,106,22192,0,0
time,10,absl_btree,prototype_128,report_visible,20000,307,590,21970,1702779,0,0
time,10,absl_btree,prototype_128,ready_to_command,20000,233,474,23229,144228,0,0
time,10,adaptive,prices_4,summary_first,20000,48,59,86,21094,0,0
time,10,adaptive,prices_4,summary_last,20000,47,58,74,20743,0,0
time,10,adaptive,prices_4,summary_miss,20000,40,51,82,31861,0,0
time,10,adaptive,prices_4,summary_random,20000,61,81,115,17912,0,0
time,10,adaptive,prices_4,best,20000,34,49,73,20555,0,0
time,10,adaptive,prices_4,sorted_range8,2000,50,67,93,16451,0,0
time,10,adaptive,prices_4,orders_at,2000,50,69,105,247,0,0
time,10,adaptive,prices_4,batch64_summary,2000,1722,14932,58773,269480,0,0
time,10,adaptive,updates_4,index_fill_visible,20000,68,154,351,110132,0,0
time,10,adaptive,updates_4,index_replace_submit,20000,108,202,396,155877,0,0
time,10,adaptive,updates_4,index_replace_ack_visible,20000,106,195,412,17237,0,0
time,10,adaptive,updates_4,index_cancel_submit,20000,68,123,164,19396,0,0
time,10,adaptive,updates_4,index_terminal_visible,20000,73,149,231,368925,0,0
time,10,adaptive,updates_4,index_reactivate,20000,123,234,1227,349814,0,0
time,10,adaptive,prices_8,summary_first,20000,48,63,93,17114,0,0
time,10,adaptive,prices_8,summary_last,20000,47,71,103,14453,0,0
time,10,adaptive,prices_8,summary_miss,20000,40,57,83,16044,0,0
time,10,adaptive,prices_8,summary_random,20000,62,84,147,17229,0,0
time,10,adaptive,prices_8,best,20000,34,50,78,3883,0,0
time,10,adaptive,prices_8,sorted_range8,2000,58,85,112,270,0,0
time,10,adaptive,prices_8,orders_at,2000,51,73,227,14927,0,0
time,10,adaptive,prices_8,batch64_summary,2000,1771,2148,15328,24885,0,0
time,10,adaptive,updates_8,index_fill_visible,20000,68,107,280,60327,0,0
time,10,adaptive,updates_8,index_replace_submit,20000,106,174,316,19202,0,0
time,10,adaptive,updates_8,index_replace_ack_visible,20000,107,164,258,27771,0,0
time,10,adaptive,updates_8,index_cancel_submit,20000,67,93,144,20636,0,0
time,10,adaptive,updates_8,index_terminal_visible,20000,73,122,195,37486,0,0
time,10,adaptive,updates_8,index_reactivate,20000,125,178,2546,27220,0,0
time,10,adaptive,prices_16,summary_first,20000,48,61,81,16225,0,0
time,10,adaptive,prices_16,summary_last,20000,52,81,118,76106,0,0
time,10,adaptive,prices_16,summary_miss,20000,40,55,84,57087,0,0
time,10,adaptive,prices_16,summary_random,20000,64,89,150,12151,0,0
time,10,adaptive,prices_16,best,20000,34,48,71,11972,0,0
time,10,adaptive,prices_16,sorted_range8,2000,56,59,83,131,0,0
time,10,adaptive,prices_16,orders_at,2000,52,73,81,100,0,0
time,10,adaptive,prices_16,batch64_summary,2000,1980,2462,14950,26079,0,0
time,10,adaptive,updates_16,index_fill_visible,20000,68,100,186,19008,0,0
time,10,adaptive,updates_16,index_replace_submit,20000,118,185,268,13389,0,0
time,10,adaptive,updates_16,index_replace_ack_visible,20000,112,178,240,29204,0,0
time,10,adaptive,updates_16,index_cancel_submit,20000,68,96,128,21483,0,0
time,10,adaptive,updates_16,index_terminal_visible,20000,76,130,171,478,0,0
time,10,adaptive,updates_16,index_reactivate,20000,138,199,272,13286,0,0
time,10,adaptive,prices_32,summary_first,20000,48,74,140,24580,0,0
time,10,adaptive,prices_32,summary_last,20000,54,74,120,24879,0,0
time,10,adaptive,prices_32,summary_miss,20000,46,69,112,24591,0,0
time,10,adaptive,prices_32,summary_random,20000,84,136,186,74488,0,0
time,10,adaptive,prices_32,best,20000,34,63,77,44937,0,0
time,10,adaptive,prices_32,sorted_range8,2000,58,87,126,184,0,0
time,10,adaptive,prices_32,orders_at,2000,56,95,120,151,0,0
time,10,adaptive,prices_32,batch64_summary,2000,3056,5927,18218,27872,0,0
time,10,adaptive,updates_32,index_fill_visible,20000,68,140,2468,29037,0,0
time,10,adaptive,updates_32,index_replace_submit,20000,114,233,3105,143495,0,0
time,10,adaptive,updates_32,index_replace_ack_visible,20000,116,224,3136,25977,0,0
time,10,adaptive,updates_32,index_cancel_submit,20000,68,112,2767,157507,0,0
time,10,adaptive,updates_32,index_terminal_visible,20000,77,164,2840,196595,0,0
time,10,adaptive,updates_32,index_reactivate,20000,133,244,3136,20837,0,0
time,10,adaptive,prices_128,summary_first,20000,49,71,122,13095,0,0
time,10,adaptive,prices_128,summary_last,20000,60,74,150,69736,0,0
time,10,adaptive,prices_128,summary_miss,20000,48,66,113,6176,0,0
time,10,adaptive,prices_128,summary_random,20000,97,142,2837,41200,0,0
time,10,adaptive,prices_128,best,20000,34,53,87,26978,0,0
time,10,adaptive,prices_128,sorted_range8,2000,59,87,118,182,0,0
time,10,adaptive,prices_128,orders_at,2000,76,124,246,3205,0,0
time,10,adaptive,updates_128,index_fill_visible,20000,74,134,381,39318,0,0
time,10,adaptive,updates_128,index_replace_submit,20000,149,279,3371,42833,0,0
time,10,adaptive,updates_128,index_replace_ack_visible,20000,144,268,3230,24729,0,0
time,10,adaptive,updates_128,index_cancel_submit,20000,68,109,2697,23836,0,0
time,10,adaptive,updates_128,index_terminal_visible,20000,99,191,512,19184,0,0
time,10,adaptive,updates_128,index_reactivate,20000,170,328,3312,21851,0,0
time,10,adaptive,prices_1024,summary_first,4000,52,82,189,3023,0,0
time,10,adaptive,prices_1024,summary_last,4000,61,89,3007,3134,0,0
time,10,adaptive,prices_1024,summary_miss,4000,52,73,176,3081,0,0
time,10,adaptive,prices_1024,summary_random,4000,128,205,3232,14943,0,0
time,10,adaptive,prices_1024,best,4000,34,53,87,3014,0,0
time,10,adaptive,prices_1024,sorted_range8,2000,62,98,2708,3322,0,0
time,10,adaptive,prices_1024,orders_at,2000,119,180,2897,3012,0,0
time,10,adaptive,updates_1024,index_fill_visible,4000,72,174,440,2892,0,0
time,10,adaptive,updates_1024,index_replace_submit,4000,245,416,3874,150886,0,0
time,10,adaptive,updates_1024,index_replace_ack_visible,4000,296,563,3816,34581,0,0
time,10,adaptive,updates_1024,index_cancel_submit,4000,70,107,232,11082,0,0
time,10,adaptive,updates_1024,index_terminal_visible,4000,204,433,3217,3515,0,0
time,10,adaptive,updates_1024,index_reactivate,4000,301,570,3884,41206,0,0
time,10,adaptive,prices_4096,summary_first,4000,55,73,2698,14675,0,0
time,10,adaptive,prices_4096,summary_last,4000,62,92,2760,6230,0,0
time,10,adaptive,prices_4096,summary_miss,4000,47,63,2898,3365,0,0
time,10,adaptive,prices_4096,summary_random,4000,147,414,3070,3136,0,0
time,10,adaptive,prices_4096,best,4000,34,40,84,4559,0,0
time,10,adaptive,prices_4096,sorted_range8,2000,64,73,283,3208,0,0
time,10,adaptive,prices_4096,orders_at,2000,133,407,3056,16253,0,0
time,10,adaptive,updates_4096,index_fill_visible,4000,73,228,421,3299,0,0
time,10,adaptive,updates_4096,index_replace_submit,4000,247,435,3438,14508,0,0
time,10,adaptive,updates_4096,index_replace_ack_visible,4000,245,650,4115,361787,0,0
time,10,adaptive,updates_4096,index_cancel_submit,4000,70,113,2838,3088,0,0
time,10,adaptive,updates_4096,index_terminal_visible,4000,200,434,3155,4118,0,0
time,10,adaptive,updates_4096,index_reactivate,4000,295,442,13597,119163,0,0
time,10,adaptive,crowded_32,summary_first,4000,48,60,85,2745,0,0
time,10,adaptive,crowded_32,summary_last,4000,49,61,154,2968,0,0
time,10,adaptive,crowded_32,summary_miss,4000,40,51,77,2746,0,0
time,10,adaptive,crowded_32,summary_random,4000,50,60,93,4464,0,0
time,10,adaptive,crowded_32,best,4000,34,45,73,2722,0,0
time,10,adaptive,crowded_32,sorted_range8,2000,43,56,117,191,0,0
time,10,adaptive,crowded_32,orders_at,2000,190,211,347,14791,0,0
time,10,adaptive,crowded_32,batch64_summary,2000,551,977,5857,16652,0,0
time,10,adaptive,crowded_4096,summary_first,4000,73,166,250,5226,0,0
time,10,adaptive,crowded_4096,summary_last,4000,49,67,99,264,0,0
time,10,adaptive,crowded_4096,summary_miss,4000,41,92,208,4883,0,0
time,10,adaptive,crowded_4096,summary_random,4000,50,70,154,14072,0,0
time,10,adaptive,crowded_4096,best,4000,34,58,73,213,0,0
time,10,adaptive,crowded_4096,sorted_range8,2000,44,81,137,5002,0,0
time,10,adaptive,crowded_4096,orders_at,2000,24261,51789,170513,626697,0,0
time,10,adaptive,reprice_random_8,index_replace_submit,20000,108,187,422,26327,0,0
time,10,adaptive,reprice_random_8,index_replace_ack_visible,20000,134,208,447,41169,0,0
time,10,adaptive,reprice_random_32,index_replace_submit,20000,138,247,3150,34497,0,0
time,10,adaptive,reprice_random_32,index_replace_ack_visible,20000,176,276,509,127751,0,0
time,10,adaptive,reprice_random_128,index_replace_submit,20000,165,255,461,25235,0,0
time,10,adaptive,reprice_random_128,index_replace_ack_visible,20000,208,277,3506,39921,0,0
time,10,adaptive,reprice_random_1024,index_replace_submit,4000,293,504,1329,141876,0,0
time,10,adaptive,reprice_random_1024,index_replace_ack_visible,4000,355,579,4806,15290,0,0
time,10,adaptive,reprice_random_4096,index_replace_submit,4000,350,715,4699,35166,0,0
time,10,adaptive,reprice_random_4096,index_replace_ack_visible,4000,417,744,4036,80088,0,0
time,10,adaptive,mixed_4_q0,fill_plus_queries,20000,67,71,91,46115,0,0
time,10,adaptive,mixed_4_q1,fill_plus_queries,20000,93,116,219,19768,0,0
time,10,adaptive,mixed_4_q4,fill_plus_queries,20000,175,256,417,19981,0,0
time,10,adaptive,mixed_4_q16,fill_plus_queries,20000,493,683,6082,504225,0,0
time,10,adaptive,mixed_32_q0,fill_plus_queries,20000,67,95,167,25305,0,0
time,10,adaptive,mixed_32_q1,fill_plus_queries,20000,109,169,284,31844,0,0
time,10,adaptive,mixed_32_q4,fill_plus_queries,20000,236,356,3705,34747,0,0
time,10,adaptive,mixed_32_q16,fill_plus_queries,20000,706,956,6057,39260,0,0
time,10,adaptive,mixed_128_q0,fill_plus_queries,20000,69,98,141,16218,0,0
time,10,adaptive,mixed_128_q1,fill_plus_queries,20000,121,168,267,24211,0,0
time,10,adaptive,mixed_128_q4,fill_plus_queries,20000,276,373,521,22404,0,0
time,10,adaptive,mixed_128_q16,fill_plus_queries,20000,907,1299,16742,83369,0,0
time,10,adaptive,mixed_4096_q0,fill_plus_queries,4000,68,185,417,530,0,0
time,10,adaptive,mixed_4096_q1,fill_plus_queries,4000,153,253,514,49330,0,0
time,10,adaptive,mixed_4096_q4,fill_plus_queries,4000,367,510,5515,17986,0,0
time,10,adaptive,mixed_4096_q16,fill_plus_queries,4000,1214,1555,15201,26856,0,0
time,10,adaptive,growth,new_order_price,20000,346,3848,10266,113765,0,0
time,10,adaptive,growth,first32_subset,32,239,462,462,4683,0,0
time,10,adaptive,growth,last_quarter_subset,5000,361,5463,11756,53758,0,0
time,10,adaptive,growth,every64_subset,313,4649,15277,46389,113765,0,0
time,10,adaptive,4096books_4near_2far,summary_random,20000,127,546,981,32191,0,0
time,10,adaptive,prototype_4,intent_to_command,20000,114,208,324,23044,0,0
time,10,adaptive,prototype_4,queued_intent,20000,46,65,90,5614,0,0
time,10,adaptive,prototype_4,report_visible,20000,122,245,406,19035,0,0
time,10,adaptive,prototype_4,ready_to_command,20000,121,260,371,20289,0,0
time,10,adaptive,prototype_32,intent_to_command,20000,114,211,360,18958,0,0
time,10,adaptive,prototype_32,queued_intent,20000,46,62,82,15249,0,0
time,10,adaptive,prototype_32,report_visible,20000,131,247,561,18263,0,0
time,10,adaptive,prototype_32,ready_to_command,20000,125,256,437,46334,0,0
time,10,adaptive,prototype_128,intent_to_command,20000,142,273,417,142985,0,0
time,10,adaptive,prototype_128,queued_intent,20000,46,64,89,17305,0,0
time,10,adaptive,prototype_128,report_visible,20000,165,325,496,20689,0,0
time,10,adaptive,prototype_128,ready_to_command,20000,166,351,535,37446,0,0
time,10,sorted_deque_soa,prices_4,summary_first,20000,55,62,72,13049,0,0
time,10,sorted_deque_soa,prices_4,summary_last,20000,53,61,70,8255,0,0
time,10,sorted_deque_soa,prices_4,summary_miss,20000,47,54,62,19048,0,0
time,10,sorted_deque_soa,prices_4,summary_random,20000,56,62,72,12386,0,0
time,10,sorted_deque_soa,prices_4,best,20000,34,41,50,13219,0,0
time,10,sorted_deque_soa,prices_4,sorted_range8,2000,58,72,108,121,0,0
time,10,sorted_deque_soa,prices_4,orders_at,2000,57,69,88,108,0,0
time,10,sorted_deque_soa,prices_4,batch64_summary,2000,1017,2140,18520,30758,0,0
time,10,sorted_deque_soa,updates_4,index_fill_visible,20000,68,134,323,19058,0,0
time,10,sorted_deque_soa,updates_4,index_replace_submit,20000,117,205,359,21301,0,0
time,10,sorted_deque_soa,updates_4,index_replace_ack_visible,20000,127,197,412,24481,0,0
time,10,sorted_deque_soa,updates_4,index_cancel_submit,20000,68,106,161,31721,0,0
time,10,sorted_deque_soa,updates_4,index_terminal_visible,20000,88,144,269,23813,0,0
time,10,sorted_deque_soa,updates_4,index_reactivate,20000,120,185,373,23470,0,0
time,10,sorted_deque_soa,prices_8,summary_first,20000,57,69,144,14255,0,0
time,10,sorted_deque_soa,prices_8,summary_last,20000,55,68,144,68013,0,0
time,10,sorted_deque_soa,prices_8,summary_miss,20000,49,62,200,25035,0,0
time,10,sorted_deque_soa,prices_8,summary_random,20000,58,70,145,42087,0,0
time,10,sorted_deque_soa,prices_8,best,20000,34,48,76,9089,0,0
time,10,sorted_deque_soa,prices_8,sorted_range8,2000,68,108,175,265,0,0
time,10,sorted_deque_soa,prices_8,orders_at,2000,59,79,98,151,0,0
time,10,sorted_deque_soa,prices_8,batch64_summary,2000,1035,1578,16554,27198,0,0
time,10,sorted_deque_soa,updates_8,index_fill_visible,20000,68,98,255,16541,0,0
time,10,sorted_deque_soa,updates_8,index_replace_submit,20000,116,183,312,14529,0,0
time,10,sorted_deque_soa,updates_8,index_replace_ack_visible,20000,131,183,2633,17562,0,0
time,10,sorted_deque_soa,updates_8,index_cancel_submit,20000,68,94,135,6438,0,0
time,10,sorted_deque_soa,updates_8,index_terminal_visible,20000,90,130,215,32538,0,0
time,10,sorted_deque_soa,updates_8,index_reactivate,20000,127,182,2761,18844,0,0
time,10,sorted_deque_soa,prices_16,summary_first,20000,62,71,90,16854,0,0
time,10,sorted_deque_soa,prices_16,summary_last,20000,60,70,83,15170,0,0
time,10,sorted_deque_soa,prices_16,summary_miss,20000,54,64,86,4186,0,0
time,10,sorted_deque_soa,prices_16,summary_random,20000,62,72,88,13877,0,0
time,10,sorted_deque_soa,prices_16,best,20000,34,44,64,14059,0,0
time,10,sorted_deque_soa,prices_16,sorted_range8,2000,72,98,154,3689,0,0
time,10,sorted_deque_soa,prices_16,orders_at,2000,64,78,95,151,0,0
time,10,sorted_deque_soa,prices_16,batch64_summary,2000,1354,3873,14380,22365,0,0
time,10,sorted_deque_soa,updates_16,index_fill_visible,20000,68,132,246,17293,0,0
time,10,sorted_deque_soa,updates_16,index_replace_submit,20000,132,239,371,19300,0,0
time,10,sorted_deque_soa,updates_16,index_replace_ack_visible,20000,144,237,358,31613,0,0
time,10,sorted_deque_soa,updates_16,index_cancel_submit,20000,68,111,169,19712,0,0
time,10,sorted_deque_soa,updates_16,index_terminal_visible,20000,99,168,282,102319,0,0
time,10,sorted_deque_soa,updates_16,index_reactivate,20000,146,239,597,38059,0,0
time,10,sorted_deque_soa,prices_32,summary_first,20000,69,80,114,11958,0,0
time,10,sorted_deque_soa,prices_32,summary_last,20000,67,78,106,40856,0,0
time,10,sorted_deque_soa,prices_32,summary_miss,20000,61,74,98,4161,0,0
time,10,sorted_deque_soa,prices_32,summary_random,20000,71,82,98,14057,0,0
time,10,sorted_deque_soa,prices_32,best,20000,34,44,58,3170,0,0
time,10,sorted_deque_soa,prices_32,sorted_range8,2000,80,108,152,2853,0,0
time,10,sorted_deque_soa,prices_32,orders_at,2000,72,95,271,3095,0,0
time,10,sorted_deque_soa,prices_32,batch64_summary,2000,1805,4499,21742,42235,0,0
time,10,sorted_deque_soa,updates_32,index_fill_visible,20000,69,123,280,13211,0,0
time,10,sorted_deque_soa,updates_32,index_replace_submit,20000,157,287,3286,121702,0,0
time,10,sorted_deque_soa,updates_32,index_replace_ack_visible,20000,165,275,3186,18430,0,0
time,10,sorted_deque_soa,updates_32,index_cancel_submit,20000,68,120,2709,24260,0,0
time,10,sorted_deque_soa,updates_32,index_terminal_visible,20000,112,198,2950,16047,0,0
time,10,sorted_deque_soa,updates_32,index_reactivate,20000,178,303,3213,53368,0,0
time,10,sorted_deque_soa,prices_128,summary_first,20000,50,65,160,20629,0,0
time,10,sorted_deque_soa,prices_128,summary_last,20000,53,68,146,22869,0,0
time,10,sorted_deque_soa,prices_128,summary_miss,20000,44,57,82,33295,0,0
time,10,sorted_deque_soa,prices_128,summary_random,20000,90,129,232,53162,0,0
time,10,sorted_deque_soa,prices_128,best,20000,34,49,63,3694,0,0
time,10,sorted_deque_soa,prices_128,sorted_range8,2000,61,63,95,215,0,0
time,10,sorted_deque_soa,prices_128,orders_at,2000,67,118,229,2957,0,0
time,10,sorted_deque_soa,updates_128,index_fill_visible,20000,87,158,255,19895,0,0
time,10,sorted_deque_soa,updates_128,index_replace_submit,20000,166,306,3198,25192,0,0
time,10,sorted_deque_soa,updates_128,index_replace_ack_visible,20000,169,292,584,34754,0,0
time,10,sorted_deque_soa,updates_128,index_cancel_submit,20000,82,125,266,23114,0,0
time,10,sorted_deque_soa,updates_128,index_terminal_visible,20000,126,237,477,44050,0,0
time,10,sorted_deque_soa,updates_128,index_reactivate,20000,172,314,523,28961,0,0
time,10,sorted_deque_soa,prices_1024,summary_first,4000,51,87,236,29182,0,0
time,10,sorted_deque_soa,prices_1024,summary_last,4000,56,94,263,3639,0,0
time,10,sorted_deque_soa,prices_1024,summary_miss,4000,47,74,198,156695,0,0
time,10,sorted_deque_soa,prices_1024,summary_random,4000,136,433,910,11180,0,0
time,10,sorted_deque_soa,prices_1024,best,4000,35,52,227,7506,0,0
time,10,sorted_deque_soa,prices_1024,sorted_range8,2000,81,207,2947,3454,0,0
time,10,sorted_deque_soa,prices_1024,orders_at,2000,152,385,509,633,0,0
time,10,sorted_deque_soa,updates_1024,index_fill_visible,4000,91,236,442,23925,0,0
time,10,sorted_deque_soa,updates_1024,index_replace_submit,4000,211,510,3087,19240,0,0
time,10,sorted_deque_soa,updates_1024,index_replace_ack_visible,4000,209,453,4141,6785,0,0
time,10,sorted_deque_soa,updates_1024,index_cancel_submit,4000,86,185,328,45252,0,0
time,10,sorted_deque_soa,updates_1024,index_terminal_visible,4000,147,365,490,19908,0,0
time,10,sorted_deque_soa,updates_1024,index_reactivate,4000,212,540,682,24931,0,0
time,10,sorted_deque_soa,prices_4096,summary_first,4000,62,95,321,31573,0,0
time,10,sorted_deque_soa,prices_4096,summary_last,4000,67,105,252,5539,0,0
time,10,sorted_deque_soa,prices_4096,summary_miss,4000,57,86,195,4788,0,0
time,10,sorted_deque_soa,prices_4096,summary_random,4000,185,388,562,675,0,0
time,10,sorted_deque_soa,prices_4096,best,4000,42,63,186,3362,0,0
time,10,sorted_deque_soa,prices_4096,sorted_range8,2000,83,226,400,20634,0,0
time,10,sorted_deque_soa,prices_4096,orders_at,2000,172,338,596,3627,0,0
time,10,sorted_deque_soa,updates_4096,index_fill_visible,4000,93,266,422,17589,0,0
time,10,sorted_deque_soa,updates_4096,index_replace_submit,4000,167,300,4873,20328,0,0
time,10,sorted_deque_soa,updates_4096,index_replace_ack_visible,4000,170,293,549,26680,0,0
time,10,sorted_deque_soa,updates_4096,index_cancel_submit,4000,86,142,240,5489,0,0
time,10,sorted_deque_soa,updates_4096,index_terminal_visible,4000,122,202,276,460,0,0
time,10,sorted_deque_soa,updates_4096,index_reactivate,4000,183,291,357,29199,0,0
time,10,sorted_deque_soa,crowded_32,summary_first,4000,58,71,197,205,0,0
time,10,sorted_deque_soa,crowded_32,summary_last,4000,58,71,199,19701,0,0
time,10,sorted_deque_soa,crowded_32,summary_miss,4000,50,62,142,193,0,0
time,10,sorted_deque_soa,crowded_32,summary_random,4000,58,72,192,197,0,0
time,10,sorted_deque_soa,crowded_32,best,4000,42,54,175,3314,0,0
time,10,sorted_deque_soa,crowded_32,sorted_range8,2000,54,72,195,20322,0,0
time,10,sorted_deque_soa,crowded_32,orders_at,2000,202,338,354,5574,0,0
time,10,sorted_deque_soa,crowded_32,batch64_summary,2000,802,1667,18327,47802,0,0
time,10,sorted_deque_soa,crowded_4096,summary_first,4000,76,166,236,7259,0,0
time,10,sorted_deque_soa,crowded_4096,summary_last,4000,63,94,192,284,0,0
time,10,sorted_deque_soa,crowded_4096,summary_miss,4000,50,77,194,19647,0,0
time,10,sorted_deque_soa,crowded_4096,summary_random,4000,59,79,199,3479,0,0
time,10,sorted_deque_soa,crowded_4096,best,4000,42,69,176,214,0,0
time,10,sorted_deque_soa,crowded_4096,sorted_range8,2000,56,90,268,440,0,0
time,10,sorted_deque_soa,crowded_4096,orders_at,2000,25836,50118,59129,68749,0,0
time,10,sorted_deque_soa,reprice_random_8,index_replace_submit,20000,177,298,3240,46895,0,0
time,10,sorted_deque_soa,reprice_random_8,index_replace_ack_visible,20000,189,309,434,18743,0,0
time,10,sorted_deque_soa,reprice_random_32,index_replace_submit,20000,176,282,450,16883,0,0
time,10,sorted_deque_soa,reprice_random_32,index_replace_ack_visible,20000,186,274,427,35411,0,0
time,10,sorted_deque_soa,reprice_random_128,index_replace_submit,20000,178,335,506,37082,0,0
time,10,sorted_deque_soa,reprice_random_128,index_replace_ack_visible,20000,217,350,632,26447,0,0
time,10,sorted_deque_soa,reprice_random_1024,index_replace_submit,4000,378,576,4562,24469,0,0
time,10,sorted_deque_soa,reprice_random_1024,index_replace_ack_visible,4000,327,501,707,17270,0,0
time,10,sorted_deque_soa,reprice_random_4096,index_replace_submit,4000,865,2850,15327,28223,0,0
time,10,sorted_deque_soa,reprice_random_4096,index_replace_ack_visible,4000,798,1723,5486,26902,0,0
time,10,sorted_deque_soa,mixed_4_q0,fill_plus_queries,20000,69,97,183,19380,0,0
time,10,sorted_deque_soa,mixed_4_q1,fill_plus_queries,20000,87,148,260,17383,0,0
time,10,sorted_deque_soa,mixed_4_q4,fill_plus_queries,20000,132,198,352,15317,0,0
time,10,sorted_deque_soa,mixed_4_q16,fill_plus_queries,20000,302,456,3299,22902,0,0
time,10,sorted_deque_soa,mixed_32_q0,fill_plus_queries,20000,69,107,246,25501,0,0
time,10,sorted_deque_soa,mixed_32_q1,fill_plus_queries,20000,128,224,288,17535,0,0
time,10,sorted_deque_soa,mixed_32_q4,fill_plus_queries,20000,194,286,3108,38240,0,0
time,10,sorted_deque_soa,mixed_32_q16,fill_plus_queries,20000,551,751,4353,37015,0,0
time,10,sorted_deque_soa,mixed_128_q0,fill_plus_queries,20000,69,95,196,33525,0,0
time,10,sorted_deque_soa,mixed_128_q1,fill_plus_queries,20000,116,162,310,32434,0,0
time,10,sorted_deque_soa,mixed_128_q4,fill_plus_queries,20000,267,395,2320,23057,0,0
time,10,sorted_deque_soa,mixed_128_q16,fill_plus_queries,20000,831,1122,14053,38484,0,0
time,10,sorted_deque_soa,mixed_4096_q0,fill_plus_queries,4000,69,209,367,3494,0,0
time,10,sorted_deque_soa,mixed_4096_q1,fill_plus_queries,4000,166,274,521,27407,0,0
time,10,sorted_deque_soa,mixed_4096_q4,fill_plus_queries,4000,402,606,5265,44903,0,0
time,10,sorted_deque_soa,mixed_4096_q16,fill_plus_queries,4000,1325,1807,15526,28656,0,0
time,10,sorted_deque_soa,growth,new_order_price,20000,180,2383,6391,106542,0,0
time,10,sorted_deque_soa,growth,first32_subset,32,257,583,583,4813,0,0
time,10,sorted_deque_soa,growth,last_quarter_subset,5000,184,4566,6391,45587,0,0
time,10,sorted_deque_soa,growth,every64_subset,313,3054,7924,21869,45587,0,0
time,10,sorted_deque_soa,4096books_4near_2far,summary_random,20000,146,609,955,29755,0,0
time,10,sorted_deque_soa,prototype_4,intent_to_command,20000,122,223,383,27450,0,0
time,10,sorted_deque_soa,prototype_4,queued_intent,20000,46,63,203,25431,0,0
time,10,sorted_deque_soa,prototype_4,report_visible,20000,143,269,464,17354,0,0
time,10,sorted_deque_soa,prototype_4,ready_to_command,20000,133,273,448,26175,0,0
time,10,sorted_deque_soa,prototype_32,intent_to_command,20000,171,295,3637,39235,0,0
time,10,sorted_deque_soa,prototype_32,queued_intent,20000,46,61,208,13626,0,0
time,10,sorted_deque_soa,prototype_32,report_visible,20000,177,308,508,15164,0,0
time,10,sorted_deque_soa,prototype_32,ready_to_command,20000,181,320,526,157646,0,0
time,10,sorted_deque_soa,prototype_128,intent_to_command,20000,147,260,433,22741,0,0
time,10,sorted_deque_soa,prototype_128,queued_intent,20000,46,64,150,4233,0,0
time,10,sorted_deque_soa,prototype_128,report_visible,20000,155,284,549,20071,0,0
time,10,sorted_deque_soa,prototype_128,ready_to_command,20000,153,300,481,18192,0,0
time,11,sorted_deque_soa,prices_4,summary_first,20000,55,67,164,13824,0,0
time,11,sorted_deque_soa,prices_4,summary_last,20000,53,66,208,3803,0,0
time,11,sorted_deque_soa,prices_4,summary_miss,20000,47,59,141,13608,0,0
time,11,sorted_deque_soa,prices_4,summary_random,20000,57,67,211,21039,0,0
time,11,sorted_deque_soa,prices_4,best,20000,34,49,133,15643,0,0
time,11,sorted_deque_soa,prices_4,sorted_range8,2000,58,71,118,4833,0,0
time,11,sorted_deque_soa,prices_4,orders_at,2000,57,69,85,147,0,0
time,11,sorted_deque_soa,prices_4,batch64_summary,2000,1004,1483,20913,410903,0,0
time,11,sorted_deque_soa,updates_4,index_fill_visible,20000,83,225,422,913842,0,0
time,11,sorted_deque_soa,updates_4,index_replace_submit,20000,150,239,2410,440454,0,0
time,11,sorted_deque_soa,updates_4,index_replace_ack_visible,20000,157,244,2528,502984,0,0
time,11,sorted_deque_soa,updates_4,index_cancel_submit,20000,82,129,300,21126,0,0
time,11,sorted_deque_soa,updates_4,index_terminal_visible,20000,110,179,286,25123,0,0
time,11,sorted_deque_soa,updates_4,index_reactivate,20000,146,264,2405,61480,0,0
time,11,sorted_deque_soa,prices_8,summary_first,20000,66,86,205,23914,0,0
time,11,sorted_deque_soa,prices_8,summary_last,20000,64,87,204,30363,0,0
time,11,sorted_deque_soa,prices_8,summary_miss,20000,58,77,193,24564,0,0
time,11,sorted_deque_soa,prices_8,summary_random,20000,65,89,208,38799,0,0
time,11,sorted_deque_soa,prices_8,best,20000,42,56,140,3321,0,0
time,11,sorted_deque_soa,prices_8,sorted_range8,2000,83,148,230,286,0,0
time,11,sorted_deque_soa,prices_8,orders_at,2000,69,93,209,547,0,0
time,11,sorted_deque_soa,prices_8,batch64_summary,2000,1420,2424,24593,52917,0,0
time,11,sorted_deque_soa,updates_8,index_fill_visible,20000,96,231,423,37010,0,0
time,11,sorted_deque_soa,updates_8,index_replace_submit,20000,176,277,463,21743,0,0
time,11,sorted_deque_soa,updates_8,index_replace_ack_visible,20000,182,280,403,36940,0,0
time,11,sorted_deque_soa,updates_8,index_cancel_submit,20000,94,144,238,40809,0,0
time,11,sorted_deque_soa,updates_8,index_terminal_visible,20000,129,206,290,52386,0,0
time,11,sorted_deque_soa,updates_8,index_reactivate,20000,180,278,490,33941,0,0
time,11,sorted_deque_soa,prices_16,summary_first,20000,71,98,140,29673,0,0
time,11,sorted_deque_soa,prices_16,summary_last,20000,69,98,144,51816,0,0
time,11,sorted_deque_soa,prices_16,summary_miss,20000,62,87,107,30463,0,0
time,11,sorted_deque_soa,prices_16,summary_random,20000,72,99,130,40356,0,0
time,11,sorted_deque_soa,prices_16,best,20000,41,55,74,7408,0,0
time,11,sorted_deque_soa,prices_16,sorted_range8,2000,86,149,381,7775,0,0
time,11,sorted_deque_soa,prices_16,orders_at,2000,75,110,141,183,0,0
time,11,sorted_deque_soa,prices_16,batch64_summary,2000,1718,2751,29297,41565,0,0
time,11,sorted_deque_soa,updates_16,index_fill_visible,20000,94,235,434,48237,0,0
time,11,sorted_deque_soa,updates_16,index_replace_submit,20000,188,314,493,24638,0,0
time,11,sorted_deque_soa,updates_16,index_replace_ack_visible,20000,192,309,496,50479,0,0
time,11,sorted_deque_soa,updates_16,index_cancel_submit,20000,92,146,251,39279,0,0
time,11,sorted_deque_soa,updates_16,index_terminal_visible,20000,134,221,294,25601,0,0
time,11,sorted_deque_soa,updates_16,index_reactivate,20000,198,311,554,38406,0,0
time,11,sorted_deque_soa,prices_32,summary_first,20000,81,122,222,43932,0,0
time,11,sorted_deque_soa,prices_32,summary_last,20000,79,119,219,38396,0,0
time,11,sorted_deque_soa,prices_32,summary_miss,20000,72,109,212,38475,0,0
time,11,sorted_deque_soa,prices_32,summary_random,20000,83,130,227,38687,0,0
time,11,sorted_deque_soa,prices_32,best,20000,43,57,175,4756,0,0
time,11,sorted_deque_soa,prices_32,sorted_range8,2000,100,170,248,25581,0,0
time,11,sorted_deque_soa,prices_32,orders_at,2000,86,128,179,228,0,0
time,11,sorted_deque_soa,prices_32,batch64_summary,2000,1823,4776,28947,55803,0,0
time,11,sorted_deque_soa,updates_32,index_fill_visible,20000,68,124,240,12631,0,0
time,11,sorted_deque_soa,updates_32,index_replace_submit,20000,156,295,388,40505,0,0
time,11,sorted_deque_soa,updates_32,index_replace_ack_visible,20000,164,270,409,22947,0,0
time,11,sorted_deque_soa,updates_32,index_cancel_submit,20000,68,109,160,63507,0,0
time,11,sorted_deque_soa,updates_32,index_terminal_visible,20000,106,187,264,18757,0,0
time,11,sorted_deque_soa,updates_32,index_reactivate,20000,177,319,475,20268,0,0
time,11,sorted_deque_soa,prices_128,summary_first,20000,50,58,76,13280,0,0
time,11,sorted_deque_soa,prices_128,summary_last,20000,52,61,79,14264,0,0
time,11,sorted_deque_soa,prices_128,summary_miss,20000,44,52,62,3270,0,0
time,11,sorted_deque_soa,prices_128,summary_random,20000,89,119,137,21291,0,0
time,11,sorted_deque_soa,prices_128,best,20000,34,48,59,23552,0,0
time,11,sorted_deque_soa,prices_128,sorted_range8,2000,61,63,92,184,0,0
time,11,sorted_deque_soa,prices_128,orders_at,2000,62,116,130,277,0,0
time,11,sorted_deque_soa,updates_128,index_fill_visible,20000,71,125,331,48150,0,0
time,11,sorted_deque_soa,updates_128,index_replace_submit,20000,132,276,674,53775,0,0
time,11,sorted_deque_soa,updates_128,index_replace_ack_visible,20000,138,271,401,825383,0,0
time,11,sorted_deque_soa,updates_128,index_cancel_submit,20000,68,102,145,33066,0,0
time,11,sorted_deque_soa,updates_128,index_terminal_visible,20000,101,194,272,27401,0,0
time,11,sorted_deque_soa,updates_128,index_reactivate,20000,140,283,419,679448,0,0
time,11,sorted_deque_soa,prices_1024,summary_first,4000,50,84,231,16002,0,0
time,11,sorted_deque_soa,prices_1024,summary_last,4000,55,87,128,13618,0,0
time,11,sorted_deque_soa,prices_1024,summary_miss,4000,47,68,77,242,0,0
time,11,sorted_deque_soa,prices_1024,summary_random,4000,119,187,280,28204,0,0
time,11,sorted_deque_soa,prices_1024,best,4000,34,56,65,3210,0,0
time,11,sorted_deque_soa,prices_1024,sorted_range8,2000,61,121,224,320,0,0
time,11,sorted_deque_soa,prices_1024,orders_at,2000,121,213,3265,23463,0,0
time,11,sorted_deque_soa,updates_1024,index_fill_visible,4000,71,340,477,24155,0,0
time,11,sorted_deque_soa,updates_1024,index_replace_submit,4000,186,473,1102,12759,0,0
time,11,sorted_deque_soa,updates_1024,index_replace_ack_visible,4000,186,460,13138,649489,0,0
time,11,sorted_deque_soa,updates_1024,index_cancel_submit,4000,68,147,303,12784,0,0
time,11,sorted_deque_soa,updates_1024,index_terminal_visible,4000,133,360,13140,24991,0,0
time,11,sorted_deque_soa,updates_1024,index_reactivate,4000,192,494,12785,33422,0,0
time,11,sorted_deque_soa,prices_4096,summary_first,4000,51,56,90,363,0,0
time,11,sorted_deque_soa,prices_4096,summary_last,4000,56,66,109,3352,0,0
time,11,sorted_deque_soa,prices_4096,summary_miss,4000,47,50,83,4700,0,0
time,11,sorted_deque_soa,prices_4096,summary_random,4000,143,305,478,13733,0,0
time,11,sorted_deque_soa,prices_4096,best,4000,34,42,57,62,0,0
time,11,sorted_deque_soa,prices_4096,sorted_range8,2000,60,66,90,202,0,0
time,11,sorted_deque_soa,prices_4096,orders_at,2000,136,299,437,582,0,0
time,11,sorted_deque_soa,updates_4096,index_fill_visible,4000,70,196,347,44488,0,0
time,11,sorted_deque_soa,updates_4096,index_replace_submit,4000,117,147,285,4130,0,0
time,11,sorted_deque_soa,updates_4096,index_replace_ack_visible,4000,132,163,242,4463,0,0
time,11,sorted_deque_soa,updates_4096,index_cancel_submit,4000,68,82,159,274,0,0
time,11,sorted_deque_soa,updates_4096,index_terminal_visible,4000,92,107,237,4573,0,0
time,11,sorted_deque_soa,updates_4096,index_reactivate,4000,134,163,375,13095,0,0
time,11,sorted_deque_soa,crowded_32,summary_first,4000,50,63,102,36391,0,0
time,11,sorted_deque_soa,crowded_32,summary_last,4000,49,63,72,184,0,0
time,11,sorted_deque_soa,crowded_32,summary_miss,4000,42,54,68,92,0,0
time,11,sorted_deque_soa,crowded_32,summary_random,4000,51,64,141,5833,0,0
time,11,sorted_deque_soa,crowded_32,best,4000,34,50,74,120,0,0
time,11,sorted_deque_soa,crowded_32,sorted_range8,2000,46,69,137,198,0,0
time,11,sorted_deque_soa,crowded_32,orders_at,2000,191,247,377,3456,0,0
time,11,sorted_deque_soa,crowded_32,batch64_summary,2000,527,845,983,16326,0,0
time,11,sorted_deque_soa,crowded_4096,summary_first,4000,79,160,286,73226,0,0
time,11,sorted_deque_soa,crowded_4096,summary_last,4000,50,64,86,3043,0,0
time,11,sorted_deque_soa,crowded_4096,summary_miss,4000,42,65,78,145,0,0
time,11,sorted_deque_soa,crowded_4096,summary_random,4000,51,61,76,95,0,0
time,11,sorted_deque_soa,crowded_4096,best,4000,34,58,76,136,0,0
time,11,sorted_deque_soa,crowded_4096,sorted_range8,2000,46,72,137,12721,0,0
time,11,sorted_deque_soa,crowded_4096,orders_at,2000,24188,41833,53109,55590,0,0
time,11,sorted_deque_soa,reprice_random_8,index_replace_submit,20000,127,152,218,13785,0,0
time,11,sorted_deque_soa,reprice_random_8,index_replace_ack_visible,20000,150,177,248,30244,0,0
time,11,sorted_deque_soa,reprice_random_32,index_replace_submit,20000,175,201,245,22561,0,0
time,11,sorted_deque_soa,reprice_random_32,index_replace_ack_visible,20000,185,215,270,19421,0,0
time,11,sorted_deque_soa,reprice_random_128,index_replace_submit,20000,176,242,319,30445,0,0
time,11,sorted_deque_soa,reprice_random_128,index_replace_ack_visible,20000,215,264,320,14500,0,0
time,11,sorted_deque_soa,reprice_random_1024,index_replace_submit,4000,383,637,3624,21940,0,0
time,11,sorted_deque_soa,reprice_random_1024,index_replace_ack_visible,4000,334,553,4468,26006,0,0
time,11,sorted_deque_soa,reprice_random_4096,index_replace_submit,4000,849,2855,16554,44256,0,0
time,11,sorted_deque_soa,reprice_random_4096,index_replace_ack_visible,4000,775,1660,4441,17263,0,0
time,11,sorted_deque_soa,mixed_4_q0,fill_plus_queries,20000,68,71,91,26014,0,0
time,11,sorted_deque_soa,mixed_4_q1,fill_plus_queries,20000,86,94,118,19065,0,0
time,11,sorted_deque_soa,mixed_4_q4,fill_plus_queries,20000,130,175,204,21468,0,0
time,11,sorted_deque_soa,mixed_4_q16,fill_plus_queries,20000,316,549,3594,47749,0,0
time,11,sorted_deque_soa,mixed_32_q0,fill_plus_queries,20000,68,93,121,4177,0,0
time,11,sorted_deque_soa,mixed_32_q1,fill_plus_queries,20000,100,115,156,22239,0,0
time,11,sorted_deque_soa,mixed_32_q4,fill_plus_queries,20000,192,245,319,30202,0,0
time,11,sorted_deque_soa,mixed_32_q16,fill_plus_queries,20000,550,686,4128,26912,0,0
time,11,sorted_deque_soa,mixed_128_q0,fill_plus_queries,20000,68,93,143,15554,0,0
time,11,sorted_deque_soa,mixed_128_q1,fill_plus_queries,20000,115,160,198,31687,0,0
time,11,sorted_deque_soa,mixed_128_q4,fill_plus_queries,20000,264,373,507,27528,0,0
time,11,sorted_deque_soa,mixed_128_q16,fill_plus_queries,20000,826,1070,11956,38989,0,0
time,11,sorted_deque_soa,mixed_4096_q0,fill_plus_queries,4000,69,234,477,550,0,0
time,11,sorted_deque_soa,mixed_4096_q1,fill_plus_queries,4000,167,263,384,5775,0,0
time,11,sorted_deque_soa,mixed_4096_q4,fill_plus_queries,4000,392,528,693,22241,0,0
time,11,sorted_deque_soa,mixed_4096_q16,fill_plus_queries,4000,1313,1652,16208,40141,0,0
time,11,sorted_deque_soa,growth,new_order_price,20000,178,2448,6628,109037,0,0
time,11,sorted_deque_soa,growth,first32_subset,32,251,618,618,4507,0,0
time,11,sorted_deque_soa,growth,last_quarter_subset,5000,180,4629,6590,54371,0,0
time,11,sorted_deque_soa,growth,every64_subset,313,2822,15326,25457,54371,0,0
time,11,sorted_deque_soa,4096books_4near_2far,summary_random,20000,117,558,901,24288,0,0
time,11,sorted_deque_soa,prototype_4,intent_to_command,20000,122,170,258,13219,0,0
time,11,sorted_deque_soa,prototype_4,queued_intent,20000,46,55,63,3619,0,0
time,11,sorted_deque_soa,prototype_4,report_visible,20000,142,187,374,19155,0,0
time,11,sorted_deque_soa,prototype_4,ready_to_command,20000,133,198,342,23855,0,0
time,11,sorted_deque_soa,prototype_32,intent_to_command,20000,168,228,318,30965,0,0
time,11,sorted_deque_soa,prototype_32,queued_intent,20000,46,56,70,33841,0,0
time,11,sorted_deque_soa,prototype_32,report_visible,20000,175,242,397,43387,0,0
time,11,sorted_deque_soa,prototype_32,ready_to_command,20000,179,261,486,13565,0,0
time,11,sorted_deque_soa,prototype_128,intent_to_command,20000,142,216,285,12415,0,0
time,11,sorted_deque_soa,prototype_128,queued_intent,20000,46,63,68,3217,0,0
time,11,sorted_deque_soa,prototype_128,report_visible,20000,152,240,370,34510,0,0
time,11,sorted_deque_soa,prototype_128,ready_to_command,20000,147,262,451,13569,0,0
time,11,sorted_deque,prices_4,summary_first,20000,46,55,65,20380,0,0
time,11,sorted_deque,prices_4,summary_last,20000,46,55,65,299,0,0
time,11,sorted_deque,prices_4,summary_miss,20000,39,48,60,12094,0,0
time,11,sorted_deque,prices_4,summary_random,20000,58,71,94,42473,0,0
time,11,sorted_deque,prices_4,best,20000,34,44,59,3941,0,0
time,11,sorted_deque,prices_4,sorted_range8,2000,49,64,101,176,0,0
time,11,sorted_deque,prices_4,orders_at,2000,49,65,124,3960,0,0
time,11,sorted_deque,prices_4,batch64_summary,2000,1409,1732,13156,19735,0,0
time,11,sorted_deque,updates_4,index_fill_visible,20000,67,83,230,6160,0,0
time,11,sorted_deque,updates_4,index_replace_submit,20000,105,129,192,18159,0,0
time,11,sorted_deque,updates_4,index_replace_ack_visible,20000,116,138,183,13396,0,0
time,11,sorted_deque,updates_4,index_cancel_submit,20000,67,75,87,13435,0,0
time,11,sorted_deque,updates_4,index_terminal_visible,20000,84,93,137,13502,0,0
time,11,sorted_deque,updates_4,index_reactivate,20000,111,134,170,13577,0,0
time,11,sorted_deque,prices_8,summary_first,20000,46,53,62,18352,0,0
time,11,sorted_deque,prices_8,summary_last,20000,46,56,71,11869,0,0
time,11,sorted_deque,prices_8,summary_miss,20000,39,45,58,14250,0,0
time,11,sorted_deque,prices_8,summary_random,20000,58,72,91,29721,0,0
time,11,sorted_deque,prices_8,best,20000,34,46,58,3077,0,0
time,11,sorted_deque,prices_8,sorted_range8,2000,57,91,123,146,0,0
time,11,sorted_deque,prices_8,orders_at,2000,49,79,104,4199,0,0
time,11,sorted_deque,prices_8,batch64_summary,2000,1594,1716,14088,33979,0,0
time,11,sorted_deque,updates_8,index_fill_visible,20000,67,84,180,11990,0,0
time,11,sorted_deque,updates_8,index_replace_submit,20000,104,138,204,18633,0,0
time,11,sorted_deque,updates_8,index_replace_ack_visible,20000,116,143,226,19322,0,0
time,11,sorted_deque,updates_8,index_cancel_submit,20000,67,82,104,12365,0,0
time,11,sorted_deque,updates_8,index_terminal_visible,20000,85,108,145,13235,0,0
time,11,sorted_deque,updates_8,index_reactivate,20000,114,140,204,4031,0,0
time,11,sorted_deque,prices_16,summary_first,20000,46,48,60,14144,0,0
time,11,sorted_deque,prices_16,summary_last,20000,50,60,77,14248,0,0
time,11,sorted_deque,prices_16,summary_miss,20000,39,41,58,202,0,0
time,11,sorted_deque,prices_16,summary_random,20000,60,74,86,14800,0,0
time,11,sorted_deque,prices_16,best,20000,34,42,57,18613,0,0
time,11,sorted_deque,prices_16,sorted_range8,2000,57,61,82,14587,0,0
time,11,sorted_deque,prices_16,orders_at,2000,49,72,104,3288,0,0
time,11,sorted_deque,prices_16,batch64_summary,2000,1817,1940,15351,19509,0,0
time,11,sorted_deque,updates_16,index_fill_visible,20000,67,83,147,19861,0,0
time,11,sorted_deque,updates_16,index_replace_submit,20000,109,153,216,20922,0,0
time,11,sorted_deque,updates_16,index_replace_ack_visible,20000,122,154,205,12831,0,0
time,11,sorted_deque,updates_16,index_cancel_submit,20000,67,83,105,27607,0,0
time,11,sorted_deque,updates_16,index_terminal_visible,20000,86,112,156,19518,0,0
time,11,sorted_deque,updates_16,index_reactivate,20000,122,152,219,13336,0,0
time,11,sorted_deque,prices_32,summary_first,20000,47,50,66,3984,0,0
time,11,sorted_deque,prices_32,summary_last,20000,52,58,64,12884,0,0
time,11,sorted_deque,prices_32,summary_miss,20000,46,49,63,20223,0,0
time,11,sorted_deque,prices_32,summary_random,20000,80,103,120,27233,0,0
time,11,sorted_deque,prices_32,best,20000,34,42,56,12307,0,0
time,11,sorted_deque,prices_32,sorted_range8,2000,58,61,68,169,0,0
time,11,sorted_deque,prices_32,orders_at,2000,54,93,122,239,0,0
time,11,sorted_deque,prices_32,batch64_summary,2000,2936,3234,15900,38542,0,0
time,11,sorted_deque,updates_32,index_fill_visible,20000,67,87,119,13612,0,0
time,11,sorted_deque,updates_32,index_replace_submit,20000,111,159,225,19117,0,0
time,11,sorted_deque,updates_32,index_replace_ack_visible,20000,123,161,215,17027,0,0
time,11,sorted_deque,updates_32,index_cancel_submit,20000,67,85,110,33393,0,0
time,11,sorted_deque,updates_32,index_terminal_visible,20000,87,118,164,16640,0,0
time,11,sorted_deque,updates_32,index_reactivate,20000,123,167,269,20667,0,0
time,11,sorted_deque,prices_128,summary_first,20000,49,60,75,5022,0,0
time,11,sorted_deque,prices_128,summary_last,20000,53,61,72,2938,0,0
time,11,sorted_deque,prices_128,summary_miss,20000,48,54,69,17036,0,0
time,11,sorted_deque,prices_128,summary_random,20000,93,128,147,12258,0,0
time,11,sorted_deque,prices_128,best,20000,34,47,57,20843,0,0
time,11,sorted_deque,prices_128,sorted_range8,2000,61,99,114,3529,0,0
time,11,sorted_deque,prices_128,orders_at,2000,70,139,169,372,0,0
time,11,sorted_deque,updates_128,index_fill_visible,20000,70,90,138,3705,0,0
time,11,sorted_deque,updates_128,index_replace_submit,20000,123,194,273,14241,0,0
time,11,sorted_deque,updates_128,index_replace_ack_visible,20000,134,204,265,14517,0,0
time,11,sorted_deque,updates_128,index_cancel_submit,20000,67,82,100,19965,0,0
time,11,sorted_deque,updates_128,index_terminal_visible,20000,95,146,193,20358,0,0
time,11,sorted_deque,updates_128,index_reactivate,20000,134,237,2972,14640,0,0
time,11,sorted_deque,prices_1024,summary_first,4000,53,68,81,3192,0,0
time,11,sorted_deque,prices_1024,summary_last,4000,58,69,175,13825,0,0
time,11,sorted_deque,prices_1024,summary_miss,4000,51,57,79,15479,0,0
time,11,sorted_deque,prices_1024,summary_random,4000,120,189,387,4268,0,0
time,11,sorted_deque,prices_1024,best,4000,34,43,57,21749,0,0
time,11,sorted_deque,prices_1024,sorted_range8,2000,62,69,107,4963,0,0
time,11,sorted_deque,prices_1024,orders_at,2000,118,182,275,2702,0,0
time,11,sorted_deque,updates_1024,index_fill_visible,4000,70,127,178,357,0,0
time,11,sorted_deque,updates_1024,index_replace_submit,4000,141,376,3240,15379,0,0
time,11,sorted_deque,updates_1024,index_replace_ack_visible,4000,151,357,469,22687,0,0
time,11,sorted_deque,updates_1024,index_cancel_submit,4000,67,81,98,211,0,0
time,11,sorted_deque,updates_1024,index_terminal_visible,4000,102,249,340,15435,0,0
time,11,sorted_deque,updates_1024,index_reactivate,4000,153,454,521,4318,0,0
time,11,sorted_deque,prices_4096,summary_first,4000,55,67,88,642,0,0
time,11,sorted_deque,prices_4096,summary_last,4000,59,67,86,478,0,0
time,11,sorted_deque,prices_4096,summary_miss,4000,53,56,70,13223,0,0
time,11,sorted_deque,prices_4096,summary_random,4000,152,362,502,14935,0,0
time,11,sorted_deque,prices_4096,best,4000,33,40,43,64,0,0
time,11,sorted_deque,prices_4096,sorted_range8,2000,65,72,93,182,0,0
time,11,sorted_deque,prices_4096,orders_at,2000,143,397,526,3981,0,0
time,11,sorted_deque,updates_4096,index_fill_visible,4000,70,224,331,430,0,0
time,11,sorted_deque,updates_4096,index_replace_submit,4000,126,155,3382,13478,0,0
time,11,sorted_deque,updates_4096,index_replace_ack_visible,4000,140,175,4545,36181,0,0
time,11,sorted_deque,updates_4096,index_cancel_submit,4000,67,83,158,291,0,0
time,11,sorted_deque,updates_4096,index_terminal_visible,4000,93,109,217,3393,0,0
time,11,sorted_deque,updates_4096,index_reactivate,4000,146,170,228,306,0,0
time,11,sorted_deque,crowded_32,summary_first,4000,46,48,54,151,0,0
time,11,sorted_deque,crowded_32,summary_last,4000,47,48,60,3912,0,0
time,11,sorted_deque,crowded_32,summary_miss,4000,39,41,57,13570,0,0
time,11,sorted_deque,crowded_32,summary_random,4000,48,50,56,179,0,0
time,11,sorted_deque,crowded_32,best,4000,34,36,42,62,0,0
time,11,sorted_deque,crowded_32,sorted_range8,2000,42,45,69,3063,0,0
time,11,sorted_deque,crowded_32,orders_at,2000,187,198,296,14265,0,0
time,11,sorted_deque,crowded_32,batch64_summary,2000,481,491,12609,19704,0,0
time,11,sorted_deque,crowded_4096,summary_first,4000,73,171,180,343,0,0
time,11,sorted_deque,crowded_4096,summary_last,4000,47,61,64,78,0,0
time,11,sorted_deque,crowded_4096,summary_miss,4000,39,77,79,97,0,0
time,11,sorted_deque,crowded_4096,summary_random,4000,48,61,66,73,0,0
time,11,sorted_deque,crowded_4096,best,4000,34,57,59,79,0,0
time,11,sorted_deque,crowded_4096,sorted_range8,2000,44,65,73,99,0,0
time,11,sorted_deque,crowded_4096,orders_at,2000,24219,40868,62927,87910,0,0
time,11,sorted_deque,reprice_random_8,index_replace_submit,20000,114,148,198,23322,0,0
time,11,sorted_deque,reprice_random_8,index_replace_ack_visible,20000,137,163,214,14744,0,0
time,11,sorted_deque,reprice_random_32,index_replace_submit,20000,143,185,258,17420,0,0
time,11,sorted_deque,reprice_random_32,index_replace_ack_visible,20000,183,226,261,12895,0,0
time,11,sorted_deque,reprice_random_128,index_replace_submit,20000,174,264,358,34783,0,0
time,11,sorted_deque,reprice_random_128,index_replace_ack_visible,20000,220,302,388,14304,0,0
time,11,sorted_deque,reprice_random_1024,index_replace_submit,4000,367,495,3847,27388,0,0
time,11,sorted_deque,reprice_random_1024,index_replace_ack_visible,4000,320,427,4403,16640,0,0
time,11,sorted_deque,reprice_random_4096,index_replace_submit,4000,833,2664,15872,27868,0,0
time,11,sorted_deque,reprice_random_4096,index_replace_ack_visible,4000,780,1698,14799,24274,0,0
time,11,sorted_deque,mixed_4_q0,fill_plus_queries,20000,67,69,74,14883,0,0
time,11,sorted_deque,mixed_4_q1,fill_plus_queries,20000,87,104,121,16253,0,0
time,11,sorted_deque,mixed_4_q4,fill_plus_queries,20000,159,197,244,15106,0,0
time,11,sorted_deque,mixed_4_q16,fill_plus_queries,20000,439,573,3907,35416,0,0
time,11,sorted_deque,mixed_32_q0,fill_plus_queries,20000,67,83,95,21163,0,0
time,11,sorted_deque,mixed_32_q1,fill_plus_queries,20000,103,148,186,12560,0,0
time,11,sorted_deque,mixed_32_q4,fill_plus_queries,20000,224,305,435,25320,0,0
time,11,sorted_deque,mixed_32_q16,fill_plus_queries,20000,672,824,5916,155331,0,0
time,11,sorted_deque,mixed_128_q0,fill_plus_queries,20000,67,85,120,15098,0,0
time,11,sorted_deque,mixed_128_q1,fill_plus_queries,20000,118,156,235,16394,0,0
time,11,sorted_deque,mixed_128_q4,fill_plus_queries,20000,272,359,3298,20850,0,0
time,11,sorted_deque,mixed_128_q16,fill_plus_queries,20000,875,1180,13713,1090537,0,0
time,11,sorted_deque,mixed_4096_q0,fill_plus_queries,4000,67,216,424,26044,0,0
time,11,sorted_deque,mixed_4096_q1,fill_plus_queries,4000,173,248,285,4945,0,0
time,11,sorted_deque,mixed_4096_q4,fill_plus_queries,4000,449,613,4365,39370,0,0
time,11,sorted_deque,mixed_4096_q16,fill_plus_queries,4000,1540,2005,21912,32356,0,0
time,11,sorted_deque,growth,new_order_price,20000,193,2420,16388,625464,0,0
time,11,sorted_deque,growth,first32_subset,32,232,464,464,4937,0,0
time,11,sorted_deque,growth,last_quarter_subset,5000,198,11510,18840,179934,0,0
time,11,sorted_deque,growth,every64_subset,313,3115,41328,140249,179934,0,0
time,11,sorted_deque,4096books_4near_2far,summary_random,20000,114,458,735,24109,0,0
time,11,sorted_deque,prototype_4,intent_to_command,20000,115,143,169,20485,0,0
time,11,sorted_deque,prototype_4,queued_intent,20000,46,53,56,12328,0,0
time,11,sorted_deque,prototype_4,report_visible,20000,131,160,243,69195,0,0
time,11,sorted_deque,prototype_4,ready_to_command,20000,125,162,224,29250,0,0
time,11,sorted_deque,prototype_32,intent_to_command,20000,122,180,241,17949,0,0
time,11,sorted_deque,prototype_32,queued_intent,20000,46,56,71,17943,0,0
time,11,sorted_deque,prototype_32,report_visible,20000,142,203,277,34548,0,0
time,11,sorted_deque,prototype_32,ready_to_command,20000,133,211,301,18385,0,0
time,11,sorted_deque,prototype_128,intent_to_command,20000,144,221,296,20189,0,0
time,11,sorted_deque,prototype_128,queued_intent,20000,46,64,78,151,0,0
time,11,sorted_deque,prototype_128,report_visible,20000,156,247,325,14561,0,0
time,11,sorted_deque,prototype_128,ready_to_command,20000,149,259,361,17994,0,0
time,11,linear_orders,prices_4,summary_first,20000,46,59,73,13390,0,0
time,11,linear_orders,prices_4,summary_last,20000,47,57,68,20972,0,0
time,11,linear_orders,prices_4,summary_miss,20000,45,58,73,22858,0,0
time,11,linear_orders,prices_4,summary_random,20000,62,77,101,13988,0,0
time,11,linear_orders,prices_4,best,20000,40,50,63,19558,0,0
time,11,linear_orders,prices_4,sorted_range8,2000,90,145,174,414,0,0
time,11,linear_orders,prices_4,orders_at,2000,54,72,155,205,0,0
time,11,linear_orders,prices_4,batch64_summary,2000,1895,2097,15963,20480,0,0
time,11,linear_orders,updates_4,index_fill_visible,20000,45,60,81,3468,0,0
time,11,linear_orders,updates_4,index_replace_submit,20000,46,61,110,12516,0,0
time,11,linear_orders,updates_4,index_replace_ack_visible,20000,45,60,75,13573,0,0
time,11,linear_orders,updates_4,index_cancel_submit,20000,45,59,78,66146,0,0
time,11,linear_orders,updates_4,index_terminal_visible,20000,50,63,82,13510,0,0
time,11,linear_orders,updates_4,index_reactivate,20000,46,61,110,13898,0,0
time,11,linear_orders,prices_8,summary_first,20000,54,76,101,20217,0,0
time,11,linear_orders,prices_8,summary_last,20000,54,73,93,14044,0,0
time,11,linear_orders,prices_8,summary_miss,20000,54,69,82,4157,0,0
time,11,linear_orders,prices_8,summary_random,20000,68,93,119,3307,0,0
time,11,linear_orders,prices_8,best,20000,44,63,82,34319,0,0
time,11,linear_orders,prices_8,sorted_range8,2000,226,251,629,15289,0,0
time,11,linear_orders,prices_8,orders_at,2000,60,70,87,186,0,0
time,11,linear_orders,prices_8,batch64_summary,2000,2486,2892,16526,24926,0,0
time,11,linear_orders,updates_8,index_fill_visible,20000,45,54,78,18627,0,0
time,11,linear_orders,updates_8,index_replace_submit,20000,45,55,83,12370,0,0
time,11,linear_orders,updates_8,index_replace_ack_visible,20000,45,54,71,3429,0,0
time,11,linear_orders,updates_8,index_cancel_submit,20000,45,53,70,17769,0,0
time,11,linear_orders,updates_8,index_terminal_visible,20000,50,58,76,13144,0,0
time,11,linear_orders,updates_8,index_reactivate,20000,46,54,78,11769,0,0
time,11,linear_orders,prices_16,summary_first,20000,62,71,92,12578,0,0
time,11,linear_orders,prices_16,summary_last,20000,63,71,90,39192,0,0
time,11,linear_orders,prices_16,summary_miss,20000,62,64,88,12591,0,0
time,11,linear_orders,prices_16,summary_random,20000,79,106,127,16782,0,0
time,11,linear_orders,prices_16,best,20000,48,58,75,16688,0,0
time,11,linear_orders,prices_16,sorted_range8,2000,403,427,3530,13470,0,0
time,11,linear_orders,prices_16,orders_at,2000,71,87,114,164,0,0
time,11,linear_orders,prices_16,batch64_summary,2000,3870,5447,22496,23989,0,0
time,11,linear_orders,updates_16,index_fill_visible,20000,45,47,71,3639,0,0
time,11,linear_orders,updates_16,index_replace_submit,20000,45,51,72,33182,0,0
time,11,linear_orders,updates_16,index_replace_ack_visible,20000,45,47,73,23370,0,0
time,11,linear_orders,updates_16,index_cancel_submit,20000,45,48,71,4240,0,0
time,11,linear_orders,updates_16,index_terminal_visible,20000,50,53,72,20512,0,0
time,11,linear_orders,updates_16,index_reactivate,20000,46,48,71,17051,0,0
time,11,linear_orders,prices_32,summary_first,20000,80,117,174,24000,0,0
time,11,linear_orders,prices_32,summary_last,20000,80,110,165,15645,0,0
time,11,linear_orders,prices_32,summary_miss,20000,79,113,156,12214,0,0
time,11,linear_orders,prices_32,summary_random,20000,107,167,222,37709,0,0
time,11,linear_orders,prices_32,best,20000,63,82,113,12557,0,0
time,11,linear_orders,prices_32,sorted_range8,2000,756,1079,4455,25161,0,0
time,11,linear_orders,prices_32,orders_at,2000,98,171,240,298,0,0
time,11,linear_orders,prices_32,batch64_summary,2000,5348,8459,21702,24556,0,0
time,11,linear_orders,updates_32,index_fill_visible,20000,45,58,71,13879,0,0
time,11,linear_orders,updates_32,index_replace_submit,20000,45,57,73,3483,0,0
time,11,linear_orders,updates_32,index_replace_ack_visible,20000,45,58,72,13386,0,0
time,11,linear_orders,updates_32,index_cancel_submit,20000,45,58,72,12312,0,0
time,11,linear_orders,updates_32,index_terminal_visible,20000,50,63,83,28198,0,0
time,11,linear_orders,updates_32,index_reactivate,20000,46,59,70,14756,0,0
time,11,linear_orders,prices_128,summary_first,20000,221,281,455,17430,0,0
time,11,linear_orders,prices_128,summary_last,20000,224,280,395,46133,0,0
time,11,linear_orders,prices_128,summary_miss,20000,226,277,3094,31671,0,0
time,11,linear_orders,prices_128,summary_random,20000,244,302,431,14305,0,0
time,11,linear_orders,prices_128,best,20000,162,188,215,23778,0,0
time,11,linear_orders,prices_128,sorted_range8,2000,2700,4547,16857,29600,0,0
time,11,linear_orders,prices_128,orders_at,2000,229,332,430,4082,0,0
time,11,linear_orders,updates_128,index_fill_visible,20000,45,58,69,3085,0,0
time,11,linear_orders,updates_128,index_replace_submit,20000,46,58,63,17432,0,0
time,11,linear_orders,updates_128,index_replace_ack_visible,20000,45,58,70,15350,0,0
time,11,linear_orders,updates_128,index_cancel_submit,20000,46,58,63,15099,0,0
time,11,linear_orders,updates_128,index_terminal_visible,20000,50,62,70,13070,0,0
time,11,linear_orders,updates_128,index_reactivate,20000,46,58,71,28435,0,0
time,11,linear_orders,prices_1024,summary_first,4000,1725,5140,30112,751862,0,0
time,11,linear_orders,prices_1024,summary_last,4000,1686,3497,21348,26422,0,0
time,11,linear_orders,prices_1024,summary_miss,4000,1716,3471,20252,54849,0,0
time,11,linear_orders,prices_1024,summary_random,4000,1728,3693,21280,34834,0,0
time,11,linear_orders,prices_1024,best,4000,1149,2122,16947,26180,0,0
time,11,linear_orders,prices_1024,sorted_range8,2000,20187,54012,116791,896763,0,0
time,11,linear_orders,prices_1024,orders_at,2000,1522,2833,24205,214679,0,0
time,11,linear_orders,updates_1024,index_fill_visible,4000,45,58,62,4076,0,0
time,11,linear_orders,updates_1024,index_replace_submit,4000,46,58,94,265,0,0
time,11,linear_orders,updates_1024,index_replace_ack_visible,4000,45,57,59,71,0,0
time,11,linear_orders,updates_1024,index_cancel_submit,4000,45,58,89,14123,0,0
time,11,linear_orders,updates_1024,index_terminal_visible,4000,50,63,76,3971,0,0
time,11,linear_orders,updates_1024,index_reactivate,4000,46,58,63,5289,0,0
time,11,linear_orders,prices_4096,summary_first,4000,6992,21696,63123,761612,0,0
time,11,linear_orders,prices_4096,summary_last,4000,6751,22003,65869,114070,0,0
time,11,linear_orders,prices_4096,summary_miss,4000,7104,18416,37971,807976,0,0
time,11,linear_orders,prices_4096,summary_random,4000,6754,14869,58908,799598,0,0
time,11,linear_orders,prices_4096,best,4000,4449,9958,42674,160723,0,0
time,11,linear_orders,prices_4096,sorted_range8,2000,79593,150047,488742,849241,0,0
time,11,linear_orders,prices_4096,orders_at,2000,5911,17906,55988,321140,0,0
time,11,linear_orders,updates_4096,index_fill_visible,4000,45,66,139,428,0,0
time,11,linear_orders,updates_4096,index_replace_submit,4000,46,81,253,332,0,0
time,11,linear_orders,updates_4096,index_replace_ack_visible,4000,45,67,133,4609,0,0
time,11,linear_orders,updates_4096,index_cancel_submit,4000,46,66,180,18952,0,0
time,11,linear_orders,updates_4096,index_terminal_visible,4000,50,73,167,18575,0,0
time,11,linear_orders,updates_4096,index_reactivate,4000,46,70,135,201,0,0
time,11,linear_orders,crowded_32,summary_first,4000,113,173,3032,28509,0,0
time,11,linear_orders,crowded_32,summary_last,4000,114,170,218,4153,0,0
time,11,linear_orders,crowded_32,summary_miss,4000,85,140,199,707016,0,0
time,11,linear_orders,crowded_32,summary_random,4000,114,160,303,14467,0,0
time,11,linear_orders,crowded_32,best,4000,63,99,178,5455,0,0
time,11,linear_orders,crowded_32,sorted_range8,2000,180,353,3382,12662,0,0
time,11,linear_orders,crowded_32,orders_at,2000,74,136,165,4922,0,0
time,11,linear_orders,crowded_32,batch64_summary,2000,5263,9747,26482,27537,0,0
time,11,linear_orders,crowded_4096,summary_first,4000,12011,29014,71023,365174,0,0
time,11,linear_orders,crowded_4096,summary_last,4000,12013,27038,128144,826199,0,0
time,11,linear_orders,crowded_4096,summary_miss,4000,6794,21035,62675,569726,0,0
time,11,linear_orders,crowded_4096,summary_random,4000,12015,28219,74348,420473,0,0
time,11,linear_orders,crowded_4096,best,4000,4498,13124,43496,1012684,0,0
time,11,linear_orders,crowded_4096,sorted_range8,2000,19869,39382,61800,97816,0,0
time,11,linear_orders,crowded_4096,orders_at,2000,6838,12815,30000,148498,0,0
time,11,linear_orders,reprice_random_8,index_replace_submit,20000,46,133,281,13326,0,0
time,11,linear_orders,reprice_random_8,index_replace_ack_visible,20000,45,47,69,11272,0,0
time,11,linear_orders,reprice_random_32,index_replace_submit,20000,46,70,106,75106,0,0
time,11,linear_orders,reprice_random_32,index_replace_ack_visible,20000,45,65,105,31812,0,0
time,11,linear_orders,reprice_random_128,index_replace_submit,20000,47,81,163,30422,0,0
time,11,linear_orders,reprice_random_128,index_replace_ack_visible,20000,46,77,147,19160,0,0
time,11,linear_orders,reprice_random_1024,index_replace_submit,4000,60,95,3590,14840,0,0
time,11,linear_orders,reprice_random_1024,index_replace_ack_visible,4000,57,86,227,13370,0,0
time,11,linear_orders,reprice_random_4096,index_replace_submit,4000,59,136,2887,20806,0,0
time,11,linear_orders,reprice_random_4096,index_replace_ack_visible,4000,57,170,363,220157,0,0
time,11,linear_orders,mixed_4_q0,fill_plus_queries,20000,50,75,316,55433,0,0
time,11,linear_orders,mixed_4_q1,fill_plus_queries,20000,74,109,169,29531,0,0
time,11,linear_orders,mixed_4_q4,fill_plus_queries,20000,173,235,406,30735,0,0
time,11,linear_orders,mixed_4_q16,fill_plus_queries,20000,531,704,4750,111622,0,0
time,11,linear_orders,mixed_32_q0,fill_plus_queries,20000,46,65,101,4027,0,0
time,11,linear_orders,mixed_32_q1,fill_plus_queries,20000,116,199,308,17699,0,0
time,11,linear_orders,mixed_32_q4,fill_plus_queries,20000,348,567,4034,106886,0,0
time,11,linear_orders,mixed_32_q16,fill_plus_queries,20000,1263,2112,17156,381503,0,0
time,11,linear_orders,mixed_128_q0,fill_plus_queries,20000,46,65,85,27560,0,0
time,11,linear_orders,mixed_128_q1,fill_plus_queries,20000,245,480,3440,66461,0,0
time,11,linear_orders,mixed_128_q4,fill_plus_queries,20000,880,1733,13566,50025,0,0
time,11,linear_orders,mixed_128_q16,fill_plus_queries,20000,3365,7586,33675,2129277,0,0
time,11,linear_orders,mixed_4096_q0,fill_plus_queries,4000,46,58,64,176,0,0
time,11,linear_orders,mixed_4096_q1,fill_plus_queries,4000,6582,20636,104543,2270144,0,0
time,11,linear_orders,mixed_4096_q4,fill_plus_queries,4000,26682,59048,292571,1609291,0,0
time,11,linear_orders,mixed_4096_q16,fill_plus_queries,4000,114340,251093,1083925,1991977,0,0
time,11,linear_orders,growth,new_order_price,20000,87,1395,5908,78751,0,0
time,11,linear_orders,growth,first32_subset,32,132,592,592,6043,0,0
time,11,linear_orders,growth,last_quarter_subset,5000,87,714,2886,78751,0,0
time,11,linear_orders,growth,every64_subset,313,1963,9532,34398,78751,0,0
time,11,linear_orders,4096books_4near_2far,summary_random,20000,197,582,7248,117868,0,0
time,11,linear_orders,prototype_4,intent_to_command,20000,61,94,152,15773,0,0
time,11,linear_orders,prototype_4,queued_intent,20000,46,60,93,25883,0,0
time,11,linear_orders,prototype_4,report_visible,20000,63,112,194,1367905,0,0
time,11,linear_orders,prototype_4,ready_to_command,20000,71,124,265,161668,0,0
time,11,linear_orders,prototype_32,intent_to_command,20000,61,82,115,25901,0,0
time,11,linear_orders,prototype_32,queued_intent,20000,46,60,78,16254,0,0
time,11,linear_orders,prototype_32,report_visible,20000,62,92,195,126268,0,0
time,11,linear_orders,prototype_32,ready_to_command,20000,70,109,183,36037,0,0
time,11,linear_orders,prototype_128,intent_to_command,20000,61,88,170,41279,0,0
time,11,linear_orders,prototype_128,queued_intent,20000,46,61,138,303239,0,0
time,11,linear_orders,prototype_128,report_visible,20000,63,107,295,984030,0,0
time,11,linear_orders,prototype_128,ready_to_command,20000,71,121,261,460159,0,0
time,11,linear_prices,prices_4,summary_first,20000,45,57,77,313126,0,0
time,11,linear_prices,prices_4,summary_last,20000,44,56,84,13442,0,0
time,11,linear_prices,prices_4,summary_miss,20000,39,53,83,181646,0,0
time,11,linear_prices,prices_4,summary_random,20000,55,75,103,33186,0,0
time,11,linear_prices,prices_4,best,20000,34,57,80,16680,0,0
time,11,linear_prices,prices_4,sorted_range8,2000,63,105,242,307,0,0
time,11,linear_prices,prices_4,orders_at,2000,48,62,107,32147,0,0
time,11,linear_prices,prices_4,batch64_summary,2000,1404,4316,27412,163039,0,0
time,11,linear_prices,updates_4,index_fill_visible,20000,80,194,3363,22910,0,0
time,11,linear_prices,updates_4,index_replace_submit,20000,109,197,3208,1048752,0,0
time,11,linear_prices,updates_4,index_replace_ack_visible,20000,144,244,3502,22719,0,0
time,11,linear_prices,updates_4,index_cancel_submit,20000,79,132,2992,92236,0,0
time,11,linear_prices,updates_4,index_terminal_visible,20000,101,175,3360,33672,0,0
time,11,linear_prices,updates_4,index_reactivate,20000,120,220,3437,47543,0,0
time,11,linear_prices,prices_8,summary_first,20000,54,67,191,4027,0,0
time,11,linear_prices,prices_8,summary_last,20000,53,74,197,27822,0,0
time,11,linear_prices,prices_8,summary_miss,20000,50,65,189,21690,0,0
time,11,linear_prices,prices_8,summary_random,20000,64,91,206,20401,0,0
time,11,linear_prices,prices_8,best,20000,42,61,180,19115,0,0
time,11,linear_prices,prices_8,sorted_range8,2000,166,240,432,3745,0,0
time,11,linear_prices,prices_8,orders_at,2000,57,86,190,3899,0,0
time,11,linear_prices,prices_8,batch64_summary,2000,1840,4802,20839,30955,0,0
time,11,linear_prices,updates_8,index_fill_visible,20000,87,177,478,20280,0,0
time,11,linear_prices,updates_8,index_replace_submit,20000,125,196,3286,33592,0,0
time,11,linear_prices,updates_8,index_replace_ack_visible,20000,169,254,3419,39868,0,0
time,11,linear_prices,updates_8,index_cancel_submit,20000,86,132,324,17896,0,0
time,11,linear_prices,updates_8,index_terminal_visible,20000,119,183,3249,26809,0,0
time,11,linear_prices,updates_8,index_reactivate,20000,133,207,3279,34201,0,0
time,11,linear_prices,prices_16,summary_first,20000,54,71,401,19728,0,0
time,11,linear_prices,prices_16,summary_last,20000,57,83,198,3417,0,0
time,11,linear_prices,prices_16,summary_miss,20000,55,72,199,18627,0,0
time,11,linear_prices,prices_16,summary_random,20000,67,100,2550,18299,0,0
time,11,linear_prices,prices_16,best,20000,42,65,178,12486,0,0
time,11,linear_prices,prices_16,sorted_range8,2000,302,470,4071,4240,0,0
time,11,linear_prices,prices_16,orders_at,2000,75,155,243,3585,0,0
time,11,linear_prices,prices_16,batch64_summary,2000,1812,4565,17664,55198,0,0
time,11,linear_prices,updates_16,index_fill_visible,20000,67,98,2800,21881,0,0
time,11,linear_prices,updates_16,index_replace_submit,20000,95,134,2808,29144,0,0
time,11,linear_prices,updates_16,index_replace_ack_visible,20000,161,200,2972,13841,0,0
time,11,linear_prices,updates_16,index_cancel_submit,20000,66,91,452,17618,0,0
time,11,linear_prices,updates_16,index_terminal_visible,20000,114,137,2909,14997,0,0
time,11,linear_prices,updates_16,index_reactivate,20000,120,152,2851,15390,0,0
time,11,linear_prices,prices_32,summary_first,20000,45,53,158,14449,0,0
time,11,linear_prices,prices_32,summary_last,20000,60,69,257,17064,0,0
time,11,linear_prices,prices_32,summary_miss,20000,59,65,150,3201,0,0
time,11,linear_prices,prices_32,summary_random,20000,63,85,225,24530,0,0
time,11,linear_prices,prices_32,best,20000,34,48,62,3401,0,0
time,11,linear_prices,prices_32,sorted_range8,2000,348,505,3487,15378,0,0
time,11,linear_prices,prices_32,orders_at,2000,65,96,172,2602,0,0
time,11,linear_prices,prices_32,batch64_summary,2000,2217,5061,42716,219731,0,0
time,11,linear_prices,updates_32,index_fill_visible,20000,67,98,366,17178,0,0
time,11,linear_prices,updates_32,index_replace_submit,20000,103,159,2859,31946,0,0
time,11,linear_prices,updates_32,index_replace_ack_visible,20000,202,266,3192,47258,0,0
time,11,linear_prices,updates_32,index_cancel_submit,20000,66,93,2653,20227,0,0
time,11,linear_prices,updates_32,index_terminal_visible,20000,148,186,2925,19697,0,0
time,11,linear_prices,updates_32,index_reactivate,20000,131,191,2909,77179,0,0
time,11,linear_prices,prices_128,summary_first,20000,45,51,104,22148,0,0
time,11,linear_prices,prices_128,summary_last,20000,89,111,2713,16587,0,0
time,11,linear_prices,prices_128,summary_miss,20000,84,98,2684,22730,0,0
time,11,linear_prices,prices_128,summary_random,20000,83,123,309,17489,0,0
time,11,linear_prices,prices_128,best,20000,34,50,78,16295,0,0
time,11,linear_prices,prices_128,sorted_range8,2000,1275,3917,5120,16997,0,0
time,11,linear_prices,prices_128,orders_at,2000,85,160,212,2733,0,0
time,11,linear_prices,updates_128,index_fill_visible,20000,75,204,3068,24342,0,0
time,11,linear_prices,updates_128,index_replace_submit,20000,172,344,3862,30823,0,0
time,11,linear_prices,updates_128,index_replace_ack_visible,20000,467,660,4556,105205,0,0
time,11,linear_prices,updates_128,index_cancel_submit,20000,68,141,697,27524,0,0
time,11,linear_prices,updates_128,index_terminal_visible,20000,387,508,5799,47877,0,0
time,11,linear_prices,updates_128,index_reactivate,20000,253,470,4427,79811,0,0
time,11,linear_prices,prices_1024,summary_first,4000,46,61,154,2741,0,0
time,11,linear_prices,prices_1024,summary_last,4000,416,491,3529,4854,0,0
time,11,linear_prices,prices_1024,summary_miss,4000,422,509,3441,19845,0,0
time,11,linear_prices,prices_1024,summary_random,4000,255,428,3587,14649,0,0
time,11,linear_prices,prices_1024,best,4000,34,58,87,162,0,0
time,11,linear_prices,prices_1024,sorted_range8,2000,10104,23216,35241,43657,0,0
time,11,linear_prices,prices_1024,orders_at,2000,285,536,3407,4755,0,0
time,11,linear_prices,updates_1024,index_fill_visible,4000,72,194,421,11078,0,0
time,11,linear_prices,updates_1024,index_replace_submit,4000,826,1228,14198,31262,0,0
time,11,linear_prices,updates_1024,index_replace_ack_visible,4000,2595,5884,16511,23377,0,0
time,11,linear_prices,updates_1024,index_cancel_submit,4000,67,119,192,3107,0,0
time,11,linear_prices,updates_1024,index_terminal_visible,4000,2369,5531,16212,42817,0,0
time,11,linear_prices,updates_1024,index_reactivate,4000,1197,2007,15493,179107,0,0
time,11,linear_prices,prices_4096,summary_first,4000,57,95,245,12001,0,0
time,11,linear_prices,prices_4096,summary_last,4000,1504,2938,23099,1832742,0,0
time,11,linear_prices,prices_4096,summary_miss,4000,1509,4834,28700,2077479,0,0
time,11,linear_prices,prices_4096,summary_random,4000,945,2857,21203,121303,0,0
time,11,linear_prices,prices_4096,best,4000,46,69,131,278,0,0
time,11,linear_prices,prices_4096,sorted_range8,2000,39901,88247,584372,1547760,0,0
time,11,linear_prices,prices_4096,orders_at,2000,1005,3760,13857,19413,0,0
time,11,linear_prices,updates_4096,index_fill_visible,4000,88,519,967,225579,0,0
time,11,linear_prices,updates_4096,index_replace_submit,4000,3005,9774,56732,226273,0,0
time,11,linear_prices,updates_4096,index_replace_ack_visible,4000,10196,29984,131179,2123086,0,0
time,11,linear_prices,updates_4096,index_cancel_submit,4000,89,200,1000,31190,0,0
time,11,linear_prices,updates_4096,index_terminal_visible,4000,9328,24925,95839,2088148,0,0
time,11,linear_prices,updates_4096,index_reactivate,4000,4502,15766,96030,2061658,0,0
time,11,linear_prices,crowded_32,summary_first,4000,45,47,149,4179,0,0
time,11,linear_prices,crowded_32,summary_last,4000,45,48,70,13459,0,0
time,11,linear_prices,crowded_32,summary_miss,4000,38,40,48,61,0,0
time,11,linear_prices,crowded_32,summary_random,4000,47,49,66,3228,0,0
time,11,linear_prices,crowded_32,best,4000,34,38,44,70,0,0
time,11,linear_prices,crowded_32,sorted_range8,2000,41,44,65,110,0,0
time,11,linear_prices,crowded_32,orders_at,2000,187,196,3111,78264,0,0
time,11,linear_prices,crowded_32,batch64_summary,2000,424,445,3664,17187,0,0
time,11,linear_prices,crowded_4096,summary_first,4000,75,180,215,18962,0,0
time,11,linear_prices,crowded_4096,summary_last,4000,45,64,83,168,0,0
time,11,linear_prices,crowded_4096,summary_miss,4000,38,57,66,112,0,0
time,11,linear_prices,crowded_4096,summary_random,4000,47,60,85,3194,0,0
time,11,linear_prices,crowded_4096,best,4000,34,43,63,3145,0,0
time,11,linear_prices,crowded_4096,sorted_range8,2000,42,71,106,3066,0,0
time,11,linear_prices,crowded_4096,orders_at,2000,24210,56093,174486,845933,0,0
time,11,linear_prices,reprice_random_8,index_replace_submit,20000,90,140,214,16422,0,0
time,11,linear_prices,reprice_random_8,index_replace_ack_visible,20000,132,195,399,14152,0,0
time,11,linear_prices,reprice_random_32,index_replace_submit,20000,106,238,410,611013,0,0
time,11,linear_prices,reprice_random_32,index_replace_ack_visible,20000,205,389,4359,79757,0,0
time,11,linear_prices,reprice_random_128,index_replace_submit,20000,167,311,447,17239,0,0
time,11,linear_prices,reprice_random_128,index_replace_ack_visible,20000,438,588,4415,46952,0,0
time,11,linear_prices,reprice_random_1024,index_replace_submit,4000,840,1551,4703,14021,0,0
time,11,linear_prices,reprice_random_1024,index_replace_ack_visible,4000,2628,5894,22946,139465,0,0
time,11,linear_prices,reprice_random_4096,index_replace_submit,4000,3098,8048,38895,121460,0,0
time,11,linear_prices,reprice_random_4096,index_replace_ack_visible,4000,10265,22337,45915,3044447,0,0
time,11,linear_prices,mixed_4_q0,fill_plus_queries,20000,67,84,173,16375,0,0
time,11,linear_prices,mixed_4_q1,fill_plus_queries,20000,84,100,118,21152,0,0
time,11,linear_prices,mixed_4_q4,fill_plus_queries,20000,146,196,382,33773,0,0
time,11,linear_prices,mixed_4_q16,fill_plus_queries,20000,395,549,4031,34564,0,0
time,11,linear_prices,mixed_32_q0,fill_plus_queries,20000,67,94,128,21520,0,0
time,11,linear_prices,mixed_32_q1,fill_plus_queries,20000,90,111,128,32361,0,0
time,11,linear_prices,mixed_32_q4,fill_plus_queries,20000,193,277,3018,114408,0,0
time,11,linear_prices,mixed_32_q16,fill_plus_queries,20000,566,705,4554,34837,0,0
time,11,linear_prices,mixed_128_q0,fill_plus_queries,20000,67,104,159,117946,0,0
time,11,linear_prices,mixed_128_q1,fill_plus_queries,20000,114,148,164,27384,0,0
time,11,linear_prices,mixed_128_q4,fill_plus_queries,20000,277,353,589,23122,0,0
time,11,linear_prices,mixed_128_q16,fill_plus_queries,20000,914,1348,17854,448122,0,0
time,11,linear_prices,mixed_4096_q0,fill_plus_queries,4000,67,331,629,18925,0,0
time,11,linear_prices,mixed_4096_q1,fill_plus_queries,4000,1022,1576,11758,28423,0,0
time,11,linear_prices,mixed_4096_q4,fill_plus_queries,4000,3780,8445,78554,1289130,0,0
time,11,linear_prices,mixed_4096_q16,fill_plus_queries,4000,15121,44289,283418,547245,0,0
time,11,linear_prices,growth,new_order_price,20000,11571,38704,165337,1289068,0,0
time,11,linear_prices,growth,first32_subset,32,245,677,677,5843,0,0
time,11,linear_prices,growth,last_quarter_subset,5000,20030,50096,436624,865272,0,0
time,11,linear_prices,growth,every64_subset,313,18261,68643,484822,865272,0,0
time,11,linear_prices,4096books_4near_2far,summary_random,20000,167,715,3811,25776,0,0
time,11,linear_prices,prototype_4,intent_to_command,20000,102,151,2878,27825,0,0
time,11,linear_prices,prototype_4,queued_intent,20000,46,59,128,16725,0,0
time,11,linear_prices,prototype_4,report_visible,20000,133,256,3176,35448,0,0
time,11,linear_prices,prototype_4,ready_to_command,20000,112,216,445,19342,0,0
time,11,linear_prices,prototype_32,intent_to_command,20000,114,210,3149,89682,0,0
time,11,linear_prices,prototype_32,queued_intent,20000,46,59,133,170364,0,0
time,11,linear_prices,prototype_32,report_visible,20000,220,356,3458,18909,0,0
time,11,linear_prices,prototype_32,ready_to_command,20000,124,249,642,22961,0,0
time,11,linear_prices,prototype_128,intent_to_command,20000,187,325,2593,20367,0,0
time,11,linear_prices,prototype_128,queued_intent,20000,46,63,77,12004,0,0
time,11,linear_prices,prototype_128,report_visible,20000,470,630,5045,504388,0,0
time,11,linear_prices,prototype_128,ready_to_command,20000,204,365,2800,577854,0,0
time,11,absl_btree,prices_4,summary_first,20000,46,58,103,65056,0,0
time,11,absl_btree,prices_4,summary_last,20000,45,57,91,19866,0,0
time,11,absl_btree,prices_4,summary_miss,20000,40,51,81,3210,0,0
time,11,absl_btree,prices_4,summary_random,20000,58,78,2173,13836,0,0
time,11,absl_btree,prices_4,best,20000,34,50,84,15913,0,0
time,11,absl_btree,prices_4,sorted_range8,2000,48,52,2248,4128,0,0
time,11,absl_btree,prices_4,orders_at,2000,48,66,85,127,0,0
time,11,absl_btree,prices_4,batch64_summary,2000,1566,3873,13662,23993,0,0
time,11,absl_btree,updates_4,index_fill_visible,20000,67,92,326,55720,0,0
time,11,absl_btree,updates_4,index_replace_submit,20000,112,146,2341,18236,0,0
time,11,absl_btree,updates_4,index_replace_ack_visible,20000,145,200,2588,16783,0,0
time,11,absl_btree,updates_4,index_cancel_submit,20000,67,83,212,18794,0,0
time,11,absl_btree,updates_4,index_terminal_visible,20000,109,152,2352,18838,0,0
time,11,absl_btree,updates_4,index_reactivate,20000,124,163,2454,91681,0,0
time,11,absl_btree,prices_8,summary_first,20000,46,59,78,22349,0,0
time,11,absl_btree,prices_8,summary_last,20000,47,62,109,23552,0,0
time,11,absl_btree,prices_8,summary_miss,20000,40,53,92,2930,0,0
time,11,absl_btree,prices_8,summary_random,20000,60,81,126,29717,0,0
time,11,absl_btree,prices_8,best,20000,34,47,59,5413,0,0
time,11,absl_btree,prices_8,sorted_range8,2000,58,102,230,2279,0,0
time,11,absl_btree,prices_8,orders_at,2000,48,73,116,2494,0,0
time,11,absl_btree,prices_8,batch64_summary,2000,1787,4218,27247,113631,0,0
time,11,absl_btree,updates_8,index_fill_visible,20000,67,83,333,13995,0,0
time,11,absl_btree,updates_8,index_replace_submit,20000,117,148,2298,3318,0,0
time,11,absl_btree,updates_8,index_replace_ack_visible,20000,149,194,2553,29410,0,0
time,11,absl_btree,updates_8,index_cancel_submit,20000,67,82,105,12645,0,0
time,11,absl_btree,updates_8,index_terminal_visible,20000,112,153,2528,56559,0,0
time,11,absl_btree,updates_8,index_reactivate,20000,127,155,2481,13931,0,0
time,11,absl_btree,prices_16,summary_first,20000,48,57,96,34460,0,0
time,11,absl_btree,prices_16,summary_last,20000,50,59,106,2810,0,0
time,11,absl_btree,prices_16,summary_miss,20000,42,50,76,11441,0,0
time,11,absl_btree,prices_16,summary_random,20000,65,91,134,33230,0,0
time,11,absl_btree,prices_16,best,20000,34,49,74,16963,0,0
time,11,absl_btree,prices_16,sorted_range8,2000,59,95,195,2287,0,0
time,11,absl_btree,prices_16,orders_at,2000,52,91,152,12122,0,0
time,11,absl_btree,prices_16,batch64_summary,2000,2295,4838,19078,25006,0,0
time,11,absl_btree,updates_16,index_fill_visible,20000,67,102,224,29038,0,0
time,11,absl_btree,updates_16,index_replace_submit,20000,121,205,439,756245,0,0
time,11,absl_btree,updates_16,index_replace_ack_visible,20000,156,261,2508,20116,0,0
time,11,absl_btree,updates_16,index_cancel_submit,20000,67,96,163,18150,0,0
time,11,absl_btree,updates_16,index_terminal_visible,20000,118,201,354,28980,0,0
time,11,absl_btree,updates_16,index_reactivate,20000,135,222,2444,42690,0,0
time,11,absl_btree,prices_32,summary_first,20000,48,62,88,38304,0,0
time,11,absl_btree,prices_32,summary_last,20000,52,67,94,71305,0,0
time,11,absl_btree,prices_32,summary_miss,20000,42,55,74,35700,0,0
time,11,absl_btree,prices_32,summary_random,20000,72,102,136,23204,0,0
time,11,absl_btree,prices_32,best,20000,34,55,73,4391,0,0
time,11,absl_btree,prices_32,sorted_range8,2000,59,94,112,247,0,0
time,11,absl_btree,prices_32,orders_at,2000,52,85,137,182,0,0
time,11,absl_btree,prices_32,batch64_summary,2000,2524,2741,17515,27030,0,0
time,11,absl_btree,updates_32,index_fill_visible,20000,67,119,227,42482,0,0
time,11,absl_btree,updates_32,index_replace_submit,20000,141,296,450,21781,0,0
time,11,absl_btree,updates_32,index_replace_ack_visible,20000,181,358,611,217344,0,0
time,11,absl_btree,updates_32,index_cancel_submit,20000,67,111,173,30731,0,0
time,11,absl_btree,updates_32,index_terminal_visible,20000,137,285,481,177892,0,0
time,11,absl_btree,updates_32,index_reactivate,20000,153,295,453,64326,0,0
time,11,absl_btree,prices_128,summary_first,20000,51,70,98,16597,0,0
time,11,absl_btree,prices_128,summary_last,20000,56,77,156,93129,0,0
time,11,absl_btree,prices_128,summary_miss,20000,45,62,107,18446,0,0
time,11,absl_btree,prices_128,summary_random,20000,83,134,235,47175,0,0
time,11,absl_btree,prices_128,best,20000,34,57,82,37043,0,0
time,11,absl_btree,prices_128,sorted_range8,2000,62,112,194,306,0,0
time,11,absl_btree,prices_128,orders_at,2000,59,109,172,255,0,0
time,11,absl_btree,updates_128,index_fill_visible,20000,73,128,238,35539,0,0
time,11,absl_btree,updates_128,index_replace_submit,20000,218,378,741,21326,0,0
time,11,absl_btree,updates_128,index_replace_ack_visible,20000,294,516,1088,22765,0,0
time,11,absl_btree,updates_128,index_cancel_submit,20000,68,124,238,38649,0,0
time,11,absl_btree,updates_128,index_terminal_visible,20000,207,398,3469,39697,0,0
time,11,absl_btree,updates_128,index_reactivate,20000,267,470,3419,70198,0,0
time,11,absl_btree,prices_1024,summary_first,4000,51,66,92,5698,0,0
time,11,absl_btree,prices_1024,summary_last,4000,54,81,226,18058,0,0
time,11,absl_btree,prices_1024,summary_miss,4000,45,59,96,251,0,0
time,11,absl_btree,prices_1024,summary_random,4000,100,217,403,4636,0,0
time,11,absl_btree,prices_1024,best,4000,34,47,66,104,0,0
time,11,absl_btree,prices_1024,sorted_range8,2000,61,139,362,21217,0,0
time,11,absl_btree,prices_1024,orders_at,2000,99,211,302,415,0,0
time,11,absl_btree,updates_1024,index_fill_visible,4000,70,131,352,4249,0,0
time,11,absl_btree,updates_1024,index_replace_submit,4000,236,375,3416,31325,0,0
time,11,absl_btree,updates_1024,index_replace_ack_visible,4000,295,534,3660,17432,0,0
time,11,absl_btree,updates_1024,index_cancel_submit,4000,67,100,237,15103,0,0
time,11,absl_btree,updates_1024,index_terminal_visible,4000,208,413,3158,3907,0,0
time,11,absl_btree,updates_1024,index_reactivate,4000,281,503,5682,16902,0,0
time,11,absl_btree,prices_4096,summary_first,4000,53,61,214,15176,0,0
time,11,absl_btree,prices_4096,summary_last,4000,61,75,127,2997,0,0
time,11,absl_btree,prices_4096,summary_miss,4000,47,60,99,3323,0,0
time,11,absl_btree,prices_4096,summary_random,4000,130,278,535,14964,0,0
time,11,absl_btree,prices_4096,best,4000,34,48,58,81,0,0
time,11,absl_btree,prices_4096,sorted_range8,2000,64,70,213,276,0,0
time,11,absl_btree,prices_4096,orders_at,2000,125,284,438,3068,0,0
time,11,absl_btree,updates_4096,index_fill_visible,4000,71,186,281,6320,0,0
time,11,absl_btree,updates_4096,index_replace_submit,4000,243,389,568,4960,0,0
time,11,absl_btree,updates_4096,index_replace_ack_visible,4000,253,515,3705,16237,0,0
time,11,absl_btree,updates_4096,index_cancel_submit,4000,67,107,198,3299,0,0
time,11,absl_btree,updates_4096,index_terminal_visible,4000,209,379,3338,28796,0,0
time,11,absl_btree,updates_4096,index_reactivate,4000,276,397,3378,19616,0,0
time,11,absl_btree,crowded_32,summary_first,4000,46,57,65,2610,0,0
time,11,absl_btree,crowded_32,summary_last,4000,46,57,82,146,0,0
time,11,absl_btree,crowded_32,summary_miss,4000,40,50,68,13760,0,0
time,11,absl_btree,crowded_32,summary_random,4000,48,58,78,6360,0,0
time,11,absl_btree,crowded_32,best,4000,34,43,77,3413,0,0
time,11,absl_btree,crowded_32,sorted_range8,2000,41,63,125,235,0,0
time,11,absl_btree,crowded_32,orders_at,2000,187,209,413,19545,0,0
time,11,absl_btree,crowded_32,batch64_summary,2000,516,524,705,23920,0,0
time,11,absl_btree,crowded_4096,summary_first,4000,73,211,419,3906,0,0
time,11,absl_btree,crowded_4096,summary_last,4000,53,83,167,28398,0,0
time,11,absl_btree,crowded_4096,summary_miss,4000,43,77,132,257,0,0
time,11,absl_btree,crowded_4096,summary_random,4000,49,71,125,159,0,0
time,11,absl_btree,crowded_4096,best,4000,36,73,124,184,0,0
time,11,absl_btree,crowded_4096,sorted_range8,2000,43,95,148,178,0,0
time,11,absl_btree,crowded_4096,orders_at,2000,24364,51510,114120,394342,0,0
time,11,absl_btree,reprice_random_8,index_replace_submit,20000,167,277,491,20659,0,0
time,11,absl_btree,reprice_random_8,index_replace_ack_visible,20000,220,351,504,39343,0,0
time,11,absl_btree,reprice_random_32,index_replace_submit,20000,217,405,620,40759,0,0
time,11,absl_btree,reprice_random_32,index_replace_ack_visible,20000,314,514,4132,44746,0,0
time,11,absl_btree,reprice_random_128,index_replace_submit,20000,252,476,772,40382,0,0
time,11,absl_btree,reprice_random_128,index_replace_ack_visible,20000,348,618,900,29200,0,0
time,11,absl_btree,reprice_random_1024,index_replace_submit,4000,360,742,4872,35239,0,0
time,11,absl_btree,reprice_random_1024,index_replace_ack_visible,4000,448,815,4474,22788,0,0
time,11,absl_btree,reprice_random_4096,index_replace_submit,4000,394,777,4091,32173,0,0
time,11,absl_btree,reprice_random_4096,index_replace_ack_visible,4000,466,858,5155,24534,0,0
time,11,absl_btree,mixed_4_q0,fill_plus_queries,20000,70,112,231,25896,0,0
time,11,absl_btree,mixed_4_q1,fill_plus_queries,20000,91,150,276,169884,0,0
time,11,absl_btree,mixed_4_q4,fill_plus_queries,20000,164,203,256,22387,0,0
time,11,absl_btree,mixed_4_q16,fill_plus_queries,20000,481,689,4818,177816,0,0
time,11,absl_btree,mixed_32_q0,fill_plus_queries,20000,67,83,86,14824,0,0
time,11,absl_btree,mixed_32_q1,fill_plus_queries,20000,100,124,142,10710,0,0
time,11,absl_btree,mixed_32_q4,fill_plus_queries,20000,222,290,454,36336,0,0
time,11,absl_btree,mixed_32_q16,fill_plus_queries,20000,672,851,10609,27532,0,0
time,11,absl_btree,mixed_128_q0,fill_plus_queries,20000,67,81,88,23507,0,0
time,11,absl_btree,mixed_128_q1,fill_plus_queries,20000,108,153,193,58994,0,0
time,11,absl_btree,mixed_128_q4,fill_plus_queries,20000,254,384,576,27140,0,0
time,11,absl_btree,mixed_128_q16,fill_plus_queries,20000,771,1051,16767,279321,0,0
time,11,absl_btree,mixed_4096_q0,fill_plus_queries,4000,67,180,412,4074,0,0
time,11,absl_btree,mixed_4096_q1,fill_plus_queries,4000,165,315,3264,22721,0,0
time,11,absl_btree,mixed_4096_q4,fill_plus_queries,4000,386,636,4510,31712,0,0
time,11,absl_btree,mixed_4096_q16,fill_plus_queries,4000,1264,2195,26700,41125,0,0
time,11,absl_btree,growth,new_order_price,20000,393,4700,9786,63800,0,0
time,11,absl_btree,growth,first32_subset,32,404,893,893,6167,0,0
time,11,absl_btree,growth,last_quarter_subset,5000,383,5317,19978,50006,0,0
time,11,absl_btree,growth,every64_subset,313,5099,21066,50006,63460,0,0
time,11,absl_btree,4096books_4near_2far,summary_random,20000,142,685,1176,35907,0,0
time,11,absl_btree,prototype_4,intent_to_command,20000,181,278,371,37050,0,0
time,11,absl_btree,prototype_4,queued_intent,20000,55,82,193,22973,0,0
time,11,absl_btree,prototype_4,report_visible,20000,240,386,3492,52285,0,0
time,11,absl_btree,prototype_4,ready_to_command,20000,205,325,509,127006,0,0
time,11,absl_btree,prototype_32,intent_to_command,20000,145,297,446,113707,0,0
time,11,absl_btree,prototype_32,queued_intent,20000,46,71,193,25830,0,0
time,11,absl_btree,prototype_32,report_visible,20000,206,437,3325,56741,0,0
time,11,absl_btree,prototype_32,ready_to_command,20000,167,365,3467,45935,0,0
time,11,absl_btree,prototype_128,intent_to_command,20000,196,320,1495,18129,0,0
time,11,absl_btree,prototype_128,queued_intent,20000,46,66,104,4426,0,0
time,11,absl_btree,prototype_128,report_visible,20000,297,486,3776,25971,0,0
time,11,absl_btree,prototype_128,ready_to_command,20000,225,375,3513,23022,0,0
time,11,adaptive,prices_4,summary_first,20000,48,57,76,11506,0,0
time,11,adaptive,prices_4,summary_last,20000,47,59,82,4839,0,0
time,11,adaptive,prices_4,summary_miss,20000,40,51,70,16655,0,0
time,11,adaptive,prices_4,summary_random,20000,61,80,105,3587,0,0
time,11,adaptive,prices_4,best,20000,34,42,57,36558,0,0
time,11,adaptive,prices_4,sorted_range8,2000,50,52,74,136,0,0
time,11,adaptive,prices_4,orders_at,2000,50,69,100,254,0,0
time,11,adaptive,prices_4,batch64_summary,2000,1677,4341,19226,27246,0,0
time,11,adaptive,updates_4,index_fill_visible,20000,68,122,370,14540,0,0
time,11,adaptive,updates_4,index_replace_submit,20000,107,177,359,12933,0,0
time,11,adaptive,updates_4,index_replace_ack_visible,20000,106,169,352,13900,0,0
time,11,adaptive,updates_4,index_cancel_submit,20000,68,99,178,3867,0,0
time,11,adaptive,updates_4,index_terminal_visible,20000,73,126,277,19793,0,0
time,11,adaptive,updates_4,index_reactivate,20000,123,173,378,32940,0,0
time,11,adaptive,prices_8,summary_first,20000,48,61,89,3967,0,0
time,11,adaptive,prices_8,summary_last,20000,47,67,89,112754,0,0
time,11,adaptive,prices_8,summary_miss,20000,40,54,75,18029,0,0
time,11,adaptive,prices_8,summary_random,20000,62,82,118,17920,0,0
time,11,adaptive,prices_8,best,20000,34,47,73,13935,0,0
time,11,adaptive,prices_8,sorted_range8,2000,56,83,2827,35799,0,0
time,11,adaptive,prices_8,orders_at,2000,50,70,97,159,0,0
time,11,adaptive,prices_8,batch64_summary,2000,1768,4464,16694,25965,0,0
time,11,adaptive,updates_8,index_fill_visible,20000,67,146,325,27246,0,0
time,11,adaptive,updates_8,index_replace_submit,20000,106,200,440,964181,0,0
time,11,adaptive,updates_8,index_replace_ack_visible,20000,106,196,418,26460,0,0
time,11,adaptive,updates_8,index_cancel_submit,20000,67,109,204,11762,0,0
time,11,adaptive,updates_8,index_terminal_visible,20000,73,147,500,14707,0,0
time,11,adaptive,updates_8,index_reactivate,20000,124,204,2787,23364,0,0
time,11,adaptive,prices_16,summary_first,20000,48,68,141,28488,0,0
time,11,adaptive,prices_16,summary_last,20000,52,87,178,25106,0,0
time,11,adaptive,prices_16,summary_miss,20000,40,60,117,18737,0,0
time,11,adaptive,prices_16,summary_random,20000,66,105,185,27098,0,0
time,11,adaptive,prices_16,best,20000,34,58,82,17393,0,0
time,11,adaptive,prices_16,sorted_range8,2000,58,99,168,200,0,0
time,11,adaptive,prices_16,orders_at,2000,52,102,182,14845,0,0
time,11,adaptive,prices_16,batch64_summary,2000,1999,5006,22391,32177,0,0
time,11,adaptive,updates_16,index_fill_visible,20000,68,170,293,36811,0,0
time,11,adaptive,updates_16,index_replace_submit,20000,115,242,395,26481,0,0
time,11,adaptive,updates_16,index_replace_ack_visible,20000,114,222,378,20803,0,0
time,11,adaptive,updates_16,index_cancel_submit,20000,68,119,240,18902,0,0
time,11,adaptive,updates_16,index_terminal_visible,20000,77,165,281,226942,0,0
time,11,adaptive,updates_16,index_reactivate,20000,137,242,373,37597,0,0
time,11,adaptive,prices_32,summary_first,20000,50,74,157,24565,0,0
time,11,adaptive,prices_32,summary_last,20000,54,73,126,3564,0,0
time,11,adaptive,prices_32,summary_miss,20000,46,67,96,405864,0,0
time,11,adaptive,prices_32,summary_random,20000,85,136,246,19081,0,0
time,11,adaptive,prices_32,best,20000,34,55,74,18548,0,0
time,11,adaptive,prices_32,sorted_range8,2000,59,108,203,286,0,0
time,11,adaptive,prices_32,orders_at,2000,59,121,196,4747,0,0
time,11,adaptive,prices_32,batch64_summary,2000,3073,6303,29140,55977,0,0
time,11,adaptive,updates_32,index_fill_visible,20000,68,140,274,64561,0,0
time,11,adaptive,updates_32,index_replace_submit,20000,113,220,375,38341,0,0
time,11,adaptive,updates_32,index_replace_ack_visible,20000,115,211,370,28445,0,0
time,11,adaptive,updates_32,index_cancel_submit,20000,68,111,192,18030,0,0
time,11,adaptive,updates_32,index_terminal_visible,20000,77,153,258,21200,0,0
time,11,adaptive,updates_32,index_reactivate,20000,133,222,394,26233,0,0
time,11,adaptive,prices_128,summary_first,20000,51,75,141,4806,0,0
time,11,adaptive,prices_128,summary_last,20000,58,76,173,17760,0,0
time,11,adaptive,prices_128,summary_miss,20000,48,69,105,7833,0,0
time,11,adaptive,prices_128,summary_random,20000,97,159,310,21681,0,0
time,11,adaptive,prices_128,best,20000,34,53,63,215,0,0
time,11,adaptive,prices_128,sorted_range8,2000,60,98,122,183,0,0
time,11,adaptive,prices_128,orders_at,2000,77,129,165,27283,0,0
time,11,adaptive,updates_128,index_fill_visible,20000,73,124,293,60768,0,0
time,11,adaptive,updates_128,index_replace_submit,20000,145,282,396,18712,0,0
time,11,adaptive,updates_128,index_replace_ack_visible,20000,139,270,416,18733,0,0
time,11,adaptive,updates_128,index_cancel_submit,20000,68,113,192,20620,0,0
time,11,adaptive,updates_128,index_terminal_visible,20000,97,193,288,38882,0,0
time,11,adaptive,updates_128,index_reactivate,20000,166,325,552,25354,0,0
time,11,adaptive,prices_1024,summary_first,4000,52,68,80,172,0,0
time,11,adaptive,prices_1024,summary_last,4000,61,71,152,11223,0,0
time,11,adaptive,prices_1024,summary_miss,4000,51,63,77,190,0,0
time,11,adaptive,prices_1024,summary_random,4000,121,168,223,21266,0,0
time,11,adaptive,prices_1024,best,4000,34,41,44,317,0,0
time,11,adaptive,prices_1024,sorted_range8,2000,62,65,103,192,0,0
time,11,adaptive,prices_1024,orders_at,2000,113,158,191,23817,0,0
time,11,adaptive,updates_1024,index_fill_visible,4000,72,150,333,18328,0,0
time,11,adaptive,updates_1024,index_replace_submit,4000,239,397,3239,157797,0,0
time,11,adaptive,updates_1024,index_replace_ack_visible,4000,290,544,4313,26914,0,0
time,11,adaptive,updates_1024,index_cancel_submit,4000,70,113,196,424,0,0
time,11,adaptive,updates_1024,index_terminal_visible,4000,199,400,737,19356,0,0
time,11,adaptive,updates_1024,index_reactivate,4000,291,511,4158,33131,0,0
time,11,adaptive,prices_4096,summary_first,4000,55,72,112,279,0,0
time,11,adaptive,prices_4096,summary_last,4000,63,96,195,445,0,0
time,11,adaptive,prices_4096,summary_miss,4000,47,66,84,298,0,0
time,11,adaptive,prices_4096,summary_random,4000,145,430,536,5321,0,0
time,11,adaptive,prices_4096,best,4000,34,48,121,15299,0,0
time,11,adaptive,prices_4096,sorted_range8,2000,64,118,198,276,0,0
time,11,adaptive,prices_4096,orders_at,2000,140,415,507,29818,0,0
time,11,adaptive,updates_4096,index_fill_visible,4000,73,235,414,3313,0,0
time,11,adaptive,updates_4096,index_replace_submit,4000,248,397,3586,6853,0,0
time,11,adaptive,updates_4096,index_replace_ack_visible,4000,248,560,3914,35565,0,0
time,11,adaptive,updates_4096,index_cancel_submit,4000,70,113,188,322,0,0
time,11,adaptive,updates_4096,index_terminal_visible,4000,203,409,574,5959,0,0
time,11,adaptive,updates_4096,index_reactivate,4000,294,434,6005,25419,0,0
time,11,adaptive,crowded_32,summary_first,4000,50,63,82,199,0,0
time,11,adaptive,crowded_32,summary_last,4000,51,64,88,31685,0,0
time,11,adaptive,crowded_32,summary_miss,4000,40,54,73,17742,0,0
time,11,adaptive,crowded_32,summary_random,4000,52,64,74,4568,0,0
time,11,adaptive,crowded_32,best,4000,34,46,59,227,0,0
time,11,adaptive,crowded_32,sorted_range8,2000,43,59,79,187,0,0
time,11,adaptive,crowded_32,orders_at,2000,192,215,1592,4765,0,0
time,11,adaptive,crowded_32,batch64_summary,2000,586,1096,3683,14377,0,0
time,11,adaptive,crowded_4096,summary_first,4000,72,163,322,3495,0,0
time,11,adaptive,crowded_4096,summary_last,4000,51,77,227,3948,0,0
time,11,adaptive,crowded_4096,summary_miss,4000,41,93,117,483,0,0
time,11,adaptive,crowded_4096,summary_random,4000,52,74,131,4176,0,0
time,11,adaptive,crowded_4096,best,4000,34,63,90,2749,0,0
time,11,adaptive,crowded_4096,sorted_range8,2000,44,78,100,20608,0,0
time,11,adaptive,crowded_4096,orders_at,2000,24273,52560,240515,1324784,0,0
time,11,adaptive,reprice_random_8,index_replace_submit,20000,110,226,394,20937,0,0
time,11,adaptive,reprice_random_8,index_replace_ack_visible,20000,135,237,410,29321,0,0
time,11,adaptive,reprice_random_32,index_replace_submit,20000,139,267,3158,45695,0,0
time,11,adaptive,reprice_random_32,index_replace_ack_visible,20000,179,302,3355,386199,0,0
time,11,adaptive,reprice_random_128,index_replace_submit,20000,168,298,3310,813745,0,0
time,11,adaptive,reprice_random_128,index_replace_ack_visible,20000,210,325,3228,34519,0,0
time,11,adaptive,reprice_random_1024,index_replace_submit,4000,304,602,3741,163059,0,0
time,11,adaptive,reprice_random_1024,index_replace_ack_visible,4000,368,692,5021,24486,0,0
time,11,adaptive,reprice_random_4096,index_replace_submit,4000,338,663,4738,30489,0,0
time,11,adaptive,reprice_random_4096,index_replace_ack_visible,4000,406,675,5252,29293,0,0
time,11,adaptive,mixed_4_q0,fill_plus_queries,20000,68,102,193,28861,0,0
time,11,adaptive,mixed_4_q1,fill_plus_queries,20000,95,155,272,19895,0,0
time,11,adaptive,mixed_4_q4,fill_plus_queries,20000,174,241,392,22130,0,0
time,11,adaptive,mixed_4_q16,fill_plus_queries,20000,490,669,4563,85288,0,0
time,11,adaptive,mixed_32_q0,fill_plus_queries,20000,67,86,120,34831,0,0
time,11,adaptive,mixed_32_q1,fill_plus_queries,20000,108,137,162,23748,0,0
time,11,adaptive,mixed_32_q4,fill_plus_queries,20000,234,334,464,27916,0,0
time,11,adaptive,mixed_32_q16,fill_plus_queries,20000,704,938,7028,73062,0,0
time,11,adaptive,mixed_128_q0,fill_plus_queries,20000,68,99,189,3997,0,0
time,11,adaptive,mixed_128_q1,fill_plus_queries,20000,125,224,366,30596,0,0
time,11,adaptive,mixed_128_q4,fill_plus_queries,20000,288,454,3507,37973,0,0
time,11,adaptive,mixed_128_q16,fill_plus_queries,20000,906,1308,16613,115209,0,0
time,11,adaptive,mixed_4096_q0,fill_plus_queries,4000,68,195,310,4734,0,0
time,11,adaptive,mixed_4096_q1,fill_plus_queries,4000,158,277,588,30963,0,0
time,11,adaptive,mixed_4096_q4,fill_plus_queries,4000,363,483,728,17188,0,0
time,11,adaptive,mixed_4096_q16,fill_plus_queries,4000,1194,1651,16505,30845,0,0
time,11,adaptive,growth,new_order_price,20000,381,4854,22073,133036,0,0
time,11,adaptive,growth,first32_subset,32,225,432,432,4904,0,0
time,11,adaptive,growth,last_quarter_subset,5000,392,13379,23044,129363,0,0
time,11,adaptive,growth,every64_subset,313,6100,53196,129363,133036,0,0
time,11,adaptive,4096books_4near_2far,summary_random,20000,145,639,1076,46611,0,0
time,11,adaptive,prototype_4,intent_to_command,20000,108,205,343,15918,0,0
time,11,adaptive,prototype_4,queued_intent,20000,46,63,91,21714,0,0
time,11,adaptive,prototype_4,report_visible,20000,121,241,414,25545,0,0
time,11,adaptive,prototype_4,ready_to_command,20000,120,257,409,14000,0,0
time,11,adaptive,prototype_32,intent_to_command,20000,115,225,383,64520,0,0
time,11,adaptive,prototype_32,queued_intent,20000,46,62,96,60599,0,0
time,11,adaptive,prototype_32,report_visible,20000,131,260,440,46995,0,0
time,11,adaptive,prototype_32,ready_to_command,20000,126,271,461,27965,0,0
time,11,adaptive,prototype_128,intent_to_command,20000,206,341,3277,61031,0,0
time,11,adaptive,prototype_128,queued_intent,20000,56,79,127,43256,0,0
time,11,adaptive,prototype_128,report_visible,20000,223,399,4610,61434,0,0
time,11,adaptive,prototype_128,ready_to_command,20000,243,451,1308,37401,0,0
time,0,timer,baseline,timer,20000,29,31,32,4403,0,0
